"file","host_col_rate","para_col_rate","host_SOR","para_SOR","diff_SOR"
"LocalData1001N0.txt",0.65,0.2,0.363202086654082,NA,NA
"LocalData1002N0.txt",0.65,0.25,0.354324640296817,1,0.645675359703183
"LocalData1003N0.txt",0.65,0.3,0.356883949328867,0.971497584541063,0.614613635212196
"LocalData1004N0.txt",0.65,0.35,0.355395266871891,0.974538423153693,0.619143156281802
"LocalData1005N0.txt",0.65,0.4,0.358786615288579,0.954232682740146,0.595446067451566
"LocalData1006N0.txt",0.65,0.45,0.350951554707632,0.939723204297672,0.588771649590041
"LocalData1007N0.txt",0.65,0.5,0.338561093231969,0.908644204062933,0.570083110830964
"LocalData1008N0.txt",0.65,0.55,0.342221450263766,0.910664374578193,0.568442924314427
"LocalData1009N0.txt",0.65,0.6,0.325552216792862,0.87429541624415,0.548743199451288
"LocalData1010N0.txt",0.65,0.65,0.334809966127662,0.853687971567847,0.518878005440185
"LocalData1011N0.txt",0.65,0.7,0.319087880023181,0.826243061804428,0.507155181781247
"LocalData1012N0.txt",0.65,0.75,0.346330258372819,0.822199669179503,0.475869410806684
"LocalData1013N0.txt",0.65,0.8,0.336869465172398,0.809088514703459,0.47221904953106
"LocalData1014N0.txt",0.65,0.85,0.331630205357732,0.790321001423158,0.458690796065426
"LocalData1015N0.txt",0.65,0.9,0.342649182153657,0.7803642098121,0.437715027658443
"LocalData1016N0.txt",0.65,0.95,0.33143139835707,0.77064838441614,0.439216986059069
"LocalData1017N0.txt",0.65,1,0.333910220955648,0.75730855830875,0.423398337353102
"LocalData1018N0.txt",0.65,1.05,0.374381286635292,0.752228638152574,0.377847351517281
"LocalData1019N0.txt",0.65,1.1,0.325900260702799,0.734404276783012,0.408504016080213
"LocalData101N0.txt",0.2,0.2,0.939419825297688,NA,NA
"LocalData1020N0.txt",0.65,1.15,0.343104445202355,0.726009733128057,0.382905287925702
"LocalData1021N0.txt",0.65,1.2,0.342852019027624,0.712165398335345,0.369313379307721
"LocalData1022N0.txt",0.65,1.25,0.350900215215399,0.709973609452404,0.359073394237005
"LocalData1023N0.txt",0.65,1.3,0.34295026522555,0.685920950485764,0.342970685260214
"LocalData1024N0.txt",0.65,1.35,0.32349688043538,0.697136571112338,0.373639690676957
"LocalData1025N0.txt",0.65,1.4,0.340525990904117,0.67871685050103,0.338190859596912
"LocalData1026N0.txt",0.65,1.45,0.347131909576879,0.678731313116642,0.331599403539763
"LocalData1027N0.txt",0.65,1.5,0.35613826410758,0.664461633555156,0.308323369447575
"LocalData1028N0.txt",0.65,1.55,0.342290241619733,0.662033348780402,0.319743107160669
"LocalData1029N0.txt",0.65,1.6,0.356299082730883,0.653109477516438,0.296810394785555
"LocalData102N0.txt",0.2,0.25,0.935448343045046,NA,NA
"LocalData1030N0.txt",0.65,1.65,0.351924849551204,0.643808263412059,0.291883413860855
"LocalData1031N0.txt",0.65,1.7,0.3416385104837,0.63172160238544,0.29008309190174
"LocalData1032N0.txt",0.65,1.75,0.339411146152321,0.633023468798415,0.293612322646094
"LocalData1033N0.txt",0.65,1.8,0.341157164001571,0.622171217023852,0.281014053022281
"LocalData1034N0.txt",0.65,1.85,0.338788189976979,0.611092683140123,0.272304493163144
"LocalData1035N0.txt",0.65,1.9,0.33425848853918,0.609901092287959,0.275642603748778
"LocalData1036N0.txt",0.65,1.95,0.354445982442254,0.597416710550877,0.242970728108623
"LocalData1037N0.txt",0.65,2,0.351295900364111,0.599449682428954,0.248153782064843
"LocalData1038N0.txt",0.65,2.05,0.361358013066585,0.597338940710424,0.235980927643838
"LocalData1039N0.txt",0.65,2.1,0.337290069822925,0.578643126298968,0.241353056476043
"LocalData103N0.txt",0.2,0.3,0.962289360188519,NA,NA
"LocalData1040N0.txt",0.65,2.15,0.339220268184888,0.571757866967196,0.232537598782309
"LocalData1041N0.txt",0.65,2.2,0.362553365832354,0.577038356380011,0.214484990547658
"LocalData1042N0.txt",0.65,2.25,0.359357223139374,0.576484312294932,0.217127089155558
"LocalData1043N0.txt",0.65,2.3,0.335073769611616,0.550183304415651,0.215109534804035
"LocalData1044N0.txt",0.65,2.35,0.351458181194671,0.557696976534948,0.206238795340277
"LocalData1045N0.txt",0.65,2.4,0.353116094926917,0.550082223374184,0.196966128447267
"LocalData1046N0.txt",0.65,2.45,0.345105115365959,0.542664338304852,0.197559222938893
"LocalData1047N0.txt",0.65,2.5,0.355259398956136,0.552879242507974,0.197619843551839
"LocalData104N0.txt",0.2,0.35,0.961109395904086,NA,NA
"LocalData105N0.txt",0.2,0.4,0.928871996017151,NA,NA
"LocalData106N0.txt",0.2,0.45,0.92976818545164,NA,NA
"LocalData107N0.txt",0.2,0.5,0.966934303253916,NA,NA
"LocalData108N0.txt",0.2,0.55,0.933743771826609,NA,NA
"LocalData109N0.txt",0.2,0.6,0.952612262084133,NA,NA
"LocalData1101N0.txt",0.7,0.2,0.32468168027404,1,0.67531831972596
"LocalData1102N0.txt",0.7,0.25,0.329174559080486,NA,NA
"LocalData1103N0.txt",0.7,0.3,0.283688154948276,0.979012749264466,0.695324594316189
"LocalData1104N0.txt",0.7,0.35,0.326125762982824,0.962197491609256,0.636071728626432
"LocalData1105N0.txt",0.7,0.4,0.331999597403622,0.95159974595899,0.619600148555367
"LocalData1106N0.txt",0.7,0.45,0.330434866741725,0.937190446318887,0.606755579577162
"LocalData1107N0.txt",0.7,0.5,0.309372821358086,0.909707226416862,0.600334405058776
"LocalData1108N0.txt",0.7,0.55,0.323067987813735,0.897465589295745,0.57439760148201
"LocalData1109N0.txt",0.7,0.6,0.35297717915434,0.891908812580561,0.538931633426221
"LocalData110N0.txt",0.2,0.65,0.929529357032319,NA,NA
"LocalData1110N0.txt",0.7,0.65,0.31878855043027,0.84889494645044,0.53010639602017
"LocalData1111N0.txt",0.7,0.7,0.334294793117656,0.849948934073346,0.51565414095569
"LocalData1112N0.txt",0.7,0.75,0.310521149896126,0.818362751594929,0.507841601698803
"LocalData1113N0.txt",0.7,0.8,0.314324069386355,0.808339846873841,0.494015777487487
"LocalData1114N0.txt",0.7,0.85,0.311378379484354,0.798988438328658,0.487610058844304
"LocalData1115N0.txt",0.7,0.9,0.338066391518454,0.782489832776475,0.44442344125802
"LocalData1116N0.txt",0.7,0.95,0.307955461403928,0.773977131415261,0.466021670011333
"LocalData1117N0.txt",0.7,1,0.324616861693913,0.756461632038919,0.431844770345006
"LocalData1118N0.txt",0.7,1.05,0.324453318726359,0.739660055687417,0.415206736961058
"LocalData1119N0.txt",0.7,1.1,0.321920297620564,0.734372013533858,0.412451715913293
"LocalData111N0.txt",0.2,0.7,0.912305081775463,NA,NA
"LocalData1120N0.txt",0.7,1.15,0.321549532272463,0.717879435262896,0.396329902990433
"LocalData1121N0.txt",0.7,1.2,0.321249269174522,0.709996846823611,0.388747577649088
"LocalData1122N0.txt",0.7,1.25,0.325102252161789,0.708643370546698,0.383541118384908
"LocalData1123N0.txt",0.7,1.3,0.313591261091057,0.687226016026619,0.373634754935562
"LocalData1124N0.txt",0.7,1.35,0.305138553384581,0.684208473992809,0.379069920608228
"LocalData1125N0.txt",0.7,1.4,0.314894554036067,0.67606215854887,0.361167604512803
"LocalData1126N0.txt",0.7,1.45,0.300851621685194,0.668717777329401,0.367866155644207
"LocalData1127N0.txt",0.7,1.5,0.312972252565914,0.664827874699589,0.351855622133675
"LocalData1128N0.txt",0.7,1.55,0.326180956057641,0.65616103799945,0.329980081941809
"LocalData1129N0.txt",0.7,1.6,0.324636373179332,0.651123447513689,0.326487074334357
"LocalData112N0.txt",0.2,0.75,0.929632070841964,NA,NA
"LocalData1130N0.txt",0.7,1.65,0.324350956919372,0.640388019691453,0.316037062772081
"LocalData1131N0.txt",0.7,1.7,0.323421882273597,0.621785262977874,0.298363380704276
"LocalData1132N0.txt",0.7,1.75,0.317302652408387,0.625054710826835,0.307752058418447
"LocalData1133N0.txt",0.7,1.8,0.323243578756738,0.617989166402151,0.294745587645413
"LocalData1134N0.txt",0.7,1.85,0.316513512018469,0.613372863997735,0.296859351979266
"LocalData1135N0.txt",0.7,1.9,0.325628742393304,0.602911359396265,0.277282617002961
"LocalData1136N0.txt",0.7,1.95,0.294908315127333,0.597101042569837,0.302192727442504
"LocalData1137N0.txt",0.7,2,0.321143258018596,0.589779881014254,0.268636622995658
"LocalData1138N0.txt",0.7,2.05,0.304279081583754,0.578266672450562,0.273987590866808
"LocalData1139N0.txt",0.7,2.1,0.3388070075445,0.587097851805798,0.248290844261298
"LocalData113N0.txt",0.2,0.8,0.921873852819954,0.979381443298969,0.0575075904790147
"LocalData1140N0.txt",0.7,2.15,0.323405504200363,0.571222698913632,0.247817194713269
"LocalData1141N0.txt",0.7,2.2,0.329023243798988,0.572699314129808,0.24367607033082
"LocalData1142N0.txt",0.7,2.25,0.321194319500289,0.558728748271927,0.237534428771638
"LocalData1143N0.txt",0.7,2.3,0.338574205038286,0.554380840792593,0.215806635754306
"LocalData1144N0.txt",0.7,2.35,0.32548120366714,0.559848334276487,0.234367130609347
"LocalData1145N0.txt",0.7,2.4,0.312325564979412,0.543294613360028,0.230969048380616
"LocalData1146N0.txt",0.7,2.45,0.322869799107625,0.544595081757248,0.221725282649624
"LocalData1147N0.txt",0.7,2.5,0.337255403779838,0.532284157354332,0.195028753574494
"LocalData114N0.txt",0.2,0.85,0.941714301076581,NA,NA
"LocalData115N0.txt",0.2,0.9,0.935232090860766,NA,NA
"LocalData116N0.txt",0.2,0.95,0.94828702835608,NA,NA
"LocalData117N0.txt",0.2,1,0.945093960997187,NA,NA
"LocalData118N0.txt",0.2,1.05,0.939357343829394,NA,NA
"LocalData119N0.txt",0.2,1.1,0.952004690765195,NA,NA
"LocalData1201N0.txt",0.75,0.2,0.297886801971963,1,0.702113198028037
"LocalData1202N0.txt",0.75,0.25,0.305522514005659,0.990378006872852,0.684855492867193
"LocalData1203N0.txt",0.75,0.3,0.300925316707158,0.98466202960585,0.683736712898692
"LocalData1204N0.txt",0.75,0.35,0.301275378028407,0.961854210898797,0.66057883287039
"LocalData1205N0.txt",0.75,0.4,0.297380743773901,0.945609818623097,0.648229074849196
"LocalData1206N0.txt",0.75,0.45,0.29419091061986,0.921058887243149,0.626867976623289
"LocalData1207N0.txt",0.75,0.5,0.296526521294879,0.900686867446883,0.604160346152004
"LocalData1208N0.txt",0.75,0.55,0.300808558458415,0.8934944192625,0.592685860804085
"LocalData1209N0.txt",0.75,0.6,0.321985130008322,0.8792533326672,0.557268202658878
"LocalData120N0.txt",0.2,1.15,0.949643073770619,0.974093264248705,0.0244501904780862
"LocalData1210N0.txt",0.75,0.65,0.298634303944115,0.846804668398315,0.5481703644542
"LocalData1211N0.txt",0.75,0.7,0.304937310802901,0.839855188712183,0.534917877909281
"LocalData1212N0.txt",0.75,0.75,0.28938066418625,0.815685833241114,0.526305169054864
"LocalData1213N0.txt",0.75,0.8,0.29405551144009,0.790431363115706,0.496375851675616
"LocalData1214N0.txt",0.75,0.85,0.28910727555914,0.790435937575835,0.501328662016695
"LocalData1215N0.txt",0.75,0.9,0.306078159571534,0.778850943970529,0.472772784398995
"LocalData1216N0.txt",0.75,0.95,0.279249094461112,0.763282955467527,0.484033861006415
"LocalData1217N0.txt",0.75,1,0.305056107072947,0.745513425557718,0.44045731848477
"LocalData1218N0.txt",0.75,1.05,0.286987433606637,0.733830359063905,0.446842925457268
"LocalData1219N0.txt",0.75,1.1,0.297647050872181,0.731103781484233,0.433456730612053
"LocalData121N0.txt",0.2,1.2,0.933366224055645,0.984615384615385,0.0512491605597398
"LocalData1220N0.txt",0.75,1.15,0.299505820303995,0.711938920479312,0.412433100175317
"LocalData1221N0.txt",0.75,1.2,0.295752995440572,0.698613636361713,0.402860640921141
"LocalData1222N0.txt",0.75,1.25,0.29725980643259,0.701078302929088,0.403818496496498
"LocalData1223N0.txt",0.75,1.3,0.310849146637969,0.692363973941947,0.381514827303978
"LocalData1224N0.txt",0.75,1.35,0.322827821515411,0.693804377933952,0.370976556418541
"LocalData1225N0.txt",0.75,1.4,0.327358018134784,0.686842076839732,0.359484058704948
"LocalData1226N0.txt",0.75,1.45,0.308558371039152,0.663621602988492,0.35506323194934
"LocalData1227N0.txt",0.75,1.5,0.28527545950872,0.659659118130035,0.374383658621314
"LocalData1228N0.txt",0.75,1.55,0.304798939270032,0.651121586859183,0.346322647589151
"LocalData1229N0.txt",0.75,1.6,0.307938270655957,0.64563833263205,0.337700061976093
"LocalData122N0.txt",0.2,1.25,0.948529357352887,NA,NA
"LocalData1230N0.txt",0.75,1.65,0.288032087155699,0.629514826197122,0.341482739041423
"LocalData1231N0.txt",0.75,1.7,0.294387833702613,0.618774264185286,0.324386430482673
"LocalData1232N0.txt",0.75,1.75,0.297247198424525,0.631695697154489,0.334448498729964
"LocalData1233N0.txt",0.75,1.8,0.292851500266254,0.606228215714006,0.313376715447752
"LocalData1234N0.txt",0.75,1.85,0.283525563657936,0.613094018241139,0.329568454583202
"LocalData1235N0.txt",0.75,1.9,0.29759293891978,0.604843525917711,0.307250586997931
"LocalData1236N0.txt",0.75,1.95,0.30656606766782,0.592475600950741,0.28590953328292
"LocalData1237N0.txt",0.75,2,0.294835400833713,0.585033368783234,0.290197967949521
"LocalData1238N0.txt",0.75,2.05,0.299132088431358,0.589527711562472,0.290395623131113
"LocalData1239N0.txt",0.75,2.1,0.278399154581272,0.580280325718299,0.301881171137026
"LocalData123N0.txt",0.2,1.3,0.949937127247782,NA,NA
"LocalData1240N0.txt",0.75,2.15,0.312757314777666,0.585749933625368,0.272992618847702
"LocalData1241N0.txt",0.75,2.2,0.301998780381976,0.563153854041624,0.261155073659649
"LocalData1242N0.txt",0.75,2.25,0.279154678840701,0.561784744932768,0.282630066092067
"LocalData1243N0.txt",0.75,2.3,0.306084139991665,0.563507726263053,0.257423586271388
"LocalData1244N0.txt",0.75,2.35,0.290702803408146,0.544461696029223,0.253758892621078
"LocalData1245N0.txt",0.75,2.4,0.301799022335461,0.5331722293472,0.231373207011739
"LocalData1246N0.txt",0.75,2.45,0.291163361542814,0.534312234063586,0.243148872520773
"LocalData1247N0.txt",0.75,2.5,0.297716719147424,0.52779498952282,0.230078270375396
"LocalData124N0.txt",0.2,1.35,0.956660739632246,1,0.0433392603677544
"LocalData125N0.txt",0.2,1.4,0.980634920634921,NA,NA
"LocalData126N0.txt",0.2,1.45,0.953481648943055,0.977678571428572,0.0241969224855171
"LocalData127N0.txt",0.2,1.5,0.915615878151457,0.990058479532164,0.0744426013807065
"LocalData128N0.txt",0.2,1.55,0.943149482403684,NA,NA
"LocalData129N0.txt",0.2,1.6,0.932377587398596,0.988485895221647,0.0561083078230503
"LocalData1301N0.txt",0.8,0.2,0.286712127437673,NA,NA
"LocalData1302N0.txt",0.8,0.25,0.26649001000575,0.987910189982729,0.721420179976979
"LocalData1303N0.txt",0.8,0.3,0.291532934966298,0.996598639455782,0.705065704489484
"LocalData1304N0.txt",0.8,0.35,0.27064357637228,0.973805031446541,0.70316145507426
"LocalData1305N0.txt",0.8,0.4,0.27640349480972,0.955956466751921,0.679552971942201
"LocalData1306N0.txt",0.8,0.45,0.260385986404121,0.931015633455223,0.670629647051102
"LocalData1307N0.txt",0.8,0.5,0.278980869584043,0.901754936841839,0.622774067257797
"LocalData1308N0.txt",0.8,0.55,0.280154594830804,0.888324132958229,0.608169538127425
"LocalData1309N0.txt",0.8,0.6,0.297330706598545,0.870873138891074,0.573542432292529
"LocalData130N0.txt",0.2,1.65,0.9476840996841,0.984615384615385,0.0369312849312851
"LocalData1310N0.txt",0.8,0.65,0.293714674366303,0.860246028259345,0.566531353893043
"LocalData1311N0.txt",0.8,0.7,0.286628347390305,0.842845409154999,0.556217061764694
"LocalData1312N0.txt",0.8,0.75,0.280756734250602,0.814870596317701,0.534113862067099
"LocalData1313N0.txt",0.8,0.8,0.276368940466789,0.803980246011052,0.527611305544263
"LocalData1314N0.txt",0.8,0.85,0.272937228854388,0.783913530776854,0.510976301922466
"LocalData1315N0.txt",0.8,0.9,0.270893326221298,0.773480743296825,0.502587417075526
"LocalData1316N0.txt",0.8,0.95,0.271781862555862,0.752417119544291,0.480635256988429
"LocalData1317N0.txt",0.8,1,0.255603130794609,0.744278691304032,0.488675560509423
"LocalData1318N0.txt",0.8,1.05,0.285091149869524,0.740812718968235,0.45572156909871
"LocalData1319N0.txt",0.8,1.1,0.263818707383968,0.723987821887429,0.460169114503461
"LocalData131N0.txt",0.2,1.7,0.964421847442681,NA,NA
"LocalData1320N0.txt",0.8,1.15,0.279001794387923,0.71400562300653,0.435003828618606
"LocalData1321N0.txt",0.8,1.2,0.271174783486897,0.702599070852865,0.431424287365968
"LocalData1322N0.txt",0.8,1.25,0.258660228076517,0.701917513026749,0.443257284950231
"LocalData1323N0.txt",0.8,1.3,0.268168591574549,0.689000441122502,0.420831849547953
"LocalData1324N0.txt",0.8,1.35,0.278948285400674,0.675437084275216,0.396488798874542
"LocalData1325N0.txt",0.8,1.4,0.293782047484105,0.670091693133702,0.376309645649596
"LocalData1326N0.txt",0.8,1.45,0.284848459082895,0.661639004067919,0.376790544985024
"LocalData1327N0.txt",0.8,1.5,0.283752708027956,0.64887027400857,0.365117565980614
"LocalData1328N0.txt",0.8,1.55,0.275415172673426,0.647512389436165,0.372097216762739
"LocalData1329N0.txt",0.8,1.6,0.274758932570077,0.645508361250975,0.370749428680899
"LocalData132N0.txt",0.2,1.75,0.934819137039275,0.97635009310987,0.0415309560705951
"LocalData1330N0.txt",0.8,1.65,0.257219101225587,0.635769535490108,0.378550434264522
"LocalData1331N0.txt",0.8,1.7,0.267984350162638,0.627315390167933,0.359331040005295
"LocalData1332N0.txt",0.8,1.75,0.262944796778373,0.618611676630189,0.355666879851816
"LocalData1333N0.txt",0.8,1.8,0.284917438462221,0.614316929739359,0.329399491277138
"LocalData1334N0.txt",0.8,1.85,0.289435468523592,0.611842299506435,0.322406830982842
"LocalData1335N0.txt",0.8,1.9,0.281400888909266,0.594421500096546,0.31302061118728
"LocalData1336N0.txt",0.8,1.95,0.289633706995879,0.595212435204235,0.305578728208356
"LocalData1337N0.txt",0.8,2,0.268110704788995,0.577684411865187,0.309573707076192
"LocalData1338N0.txt",0.8,2.05,0.277763458190644,0.57687879157142,0.299115333380776
"LocalData1339N0.txt",0.8,2.1,0.277172064330048,0.578531837158628,0.30135977282858
"LocalData133N0.txt",0.2,1.8,0.950288485834822,0.985964912280702,0.0356764264458798
"LocalData1340N0.txt",0.8,2.15,0.279187003307139,0.56606272786668,0.28687572455954
"LocalData1341N0.txt",0.8,2.2,0.273068425823149,0.558092573108823,0.285024147285675
"LocalData1342N0.txt",0.8,2.25,0.285956448072492,0.565204232724544,0.279247784652052
"LocalData1343N0.txt",0.8,2.3,0.285950569980092,0.546245825089353,0.260295255109261
"LocalData1344N0.txt",0.8,2.35,0.271615439287649,0.535487594587782,0.263872155300134
"LocalData1345N0.txt",0.8,2.4,0.295725005875165,0.537488531267326,0.241763525392161
"LocalData1346N0.txt",0.8,2.45,0.268687505568732,0.536243406221666,0.267555900652935
"LocalData1347N0.txt",0.8,2.5,0.271913802482588,0.530403124091173,0.258489321608585
"LocalData134N0.txt",0.2,1.85,0.947367778711062,0.974131274131274,0.0267634954202117
"LocalData135N0.txt",0.2,1.9,0.946157016378804,0.976232917409388,0.0300759010305842
"LocalData136N0.txt",0.2,1.95,0.939971355197039,0.969832402234637,0.0298610470375983
"LocalData137N0.txt",0.2,2,0.960056123767677,NA,NA
"LocalData138N0.txt",0.2,2.05,0.968998015873016,0.966721808657293,-0.0022762072157233
"LocalData139N0.txt",0.2,2.1,0.931369823560702,0.967254724662132,0.0358849011014301
"LocalData1401N0.txt",0.85,0.2,0.27411230670057,NA,NA
"LocalData1402N0.txt",0.85,0.25,0.265252751918495,0.984615384615385,0.71936263269689
"LocalData1403N0.txt",0.85,0.3,0.271610703173518,0.977777777777778,0.706167074604259
"LocalData1404N0.txt",0.85,0.35,0.251182508632578,0.952358655836917,0.701176147204339
"LocalData1405N0.txt",0.85,0.4,0.244751588159908,0.948705142188931,0.703953554029023
"LocalData1406N0.txt",0.85,0.45,0.273093324415571,0.915161164861176,0.642067840445604
"LocalData1407N0.txt",0.85,0.5,0.253181328901159,0.904446182028661,0.651264853127502
"LocalData1408N0.txt",0.85,0.55,0.263065666738563,0.878942812265622,0.615877145527059
"LocalData1409N0.txt",0.85,0.6,0.259152138949676,0.869821777584978,0.610669638635302
"LocalData140N0.txt",0.2,2.15,0.898269754689454,0.961618895359903,0.063349140670449
"LocalData1410N0.txt",0.85,0.65,0.267220205514812,0.841741542593629,0.574521337078817
"LocalData1411N0.txt",0.85,0.7,0.265130385014054,0.822089358709762,0.556958973695708
"LocalData1412N0.txt",0.85,0.75,0.240088018157969,0.808538445627342,0.568450427469373
"LocalData1413N0.txt",0.85,0.8,0.260273757457239,0.797746637724974,0.537472880267734
"LocalData1414N0.txt",0.85,0.85,0.27201699700693,0.785537970113648,0.513520973106719
"LocalData1415N0.txt",0.85,0.9,0.246535265641609,0.771640218034527,0.525104952392918
"LocalData1416N0.txt",0.85,0.95,0.273313697086551,0.756118024248169,0.482804327161617
"LocalData1417N0.txt",0.85,1,0.268097880476096,0.754344901605146,0.48624702112905
"LocalData1418N0.txt",0.85,1.05,0.273369129909071,0.742221634398349,0.468852504489278
"LocalData1419N0.txt",0.85,1.1,0.261520761632513,0.72506668529451,0.463545923661997
"LocalData141N0.txt",0.2,2.2,0.957757164983871,1,0.0422428350161292
"LocalData1420N0.txt",0.85,1.15,0.252317132792733,0.712861854422788,0.460544721630055
"LocalData1421N0.txt",0.85,1.2,0.256459539547797,0.706507966452221,0.450048426904424
"LocalData1422N0.txt",0.85,1.25,0.266747461487433,0.69915403785223,0.432406576364796
"LocalData1423N0.txt",0.85,1.3,0.264398784094901,0.697685942230936,0.433287158136035
"LocalData1424N0.txt",0.85,1.35,0.264700124645791,0.682355038421768,0.417654913775978
"LocalData1425N0.txt",0.85,1.4,0.257898325135215,0.683554289343761,0.425655964208546
"LocalData1426N0.txt",0.85,1.45,0.258987106809272,0.661304289154837,0.402317182345565
"LocalData1427N0.txt",0.85,1.5,0.250846782916867,0.655528875655562,0.404682092738694
"LocalData1428N0.txt",0.85,1.55,0.263451392982817,0.647897047025884,0.384445654043067
"LocalData1429N0.txt",0.85,1.6,0.260672695691439,0.64276375442093,0.38209105872949
"LocalData142N0.txt",0.2,2.25,0.921237674330542,0.952764929147692,0.0315272548171499
"LocalData1430N0.txt",0.85,1.65,0.262883404565713,0.631911410432939,0.369028005867226
"LocalData1431N0.txt",0.85,1.7,0.259274934811079,0.622776908544424,0.363501973733345
"LocalData1432N0.txt",0.85,1.75,0.257544717053055,0.613350348314396,0.355805631261341
"LocalData1433N0.txt",0.85,1.8,0.255682098064592,0.610547635189787,0.354865537125195
"LocalData1434N0.txt",0.85,1.85,0.264443247930361,0.605456685712521,0.34101343778216
"LocalData1435N0.txt",0.85,1.9,0.253172068440709,0.590284882768485,0.337112814327776
"LocalData1436N0.txt",0.85,1.95,0.269940177519776,0.591122440370874,0.321182262851098
"LocalData1437N0.txt",0.85,2,0.256408606783226,0.58799691148415,0.331588304700924
"LocalData1438N0.txt",0.85,2.05,0.275050232618194,0.580646838760891,0.305596606142696
"LocalData1439N0.txt",0.85,2.1,0.273285131965633,0.580079892953537,0.306794760987904
"LocalData143N0.txt",0.2,2.3,0.973127085228996,NA,NA
"LocalData1440N0.txt",0.85,2.15,0.271214887069245,0.558852174584709,0.287637287515465
"LocalData1441N0.txt",0.85,2.2,0.271633622261106,0.56674256748172,0.295108945220613
"LocalData1442N0.txt",0.85,2.25,0.267547269880735,0.551464920355561,0.283917650474826
"LocalData1443N0.txt",0.85,2.3,0.262228791335449,0.55092119347055,0.2886924021351
"LocalData1444N0.txt",0.85,2.35,0.270868654906252,0.539472760446658,0.268604105540406
"LocalData1445N0.txt",0.85,2.4,0.253974135554721,0.534924410626623,0.280950275071902
"LocalData1446N0.txt",0.85,2.45,0.259067198534799,0.527077536859913,0.268010338325114
"LocalData1447N0.txt",0.85,2.5,0.284632667949869,0.533360195849731,0.248727527899862
"LocalData144N0.txt",0.2,2.35,0.913629215723087,0.941784140108866,0.0281549243857785
"LocalData145N0.txt",0.2,2.4,0.966516991706386,0.974603174603174,0.00808618289678864
"LocalData146N0.txt",0.2,2.45,0.960350161669606,NA,NA
"LocalData147N0.txt",0.2,2.5,0.955845102695497,0.976787439613526,0.0209423369180298
"LocalData1501N0.txt",0.9,0.2,0.260096398560922,NA,NA
"LocalData1502N0.txt",0.9,0.25,0.254102290857561,0.989087301587302,0.734985010729741
"LocalData1503N0.txt",0.9,0.3,0.251364344273274,NA,NA
"LocalData1504N0.txt",0.9,0.35,0.256897301460884,0.980809393821223,0.723912092360339
"LocalData1505N0.txt",0.9,0.4,0.249244203921333,0.9426268822719,0.693382678350568
"LocalData1506N0.txt",0.9,0.45,0.24210103107254,0.917937264684082,0.675836233611542
"LocalData1507N0.txt",0.9,0.5,0.253632144889518,0.910795712730838,0.65716356784132
"LocalData1508N0.txt",0.9,0.55,0.237464158701703,0.881577437327839,0.644113278626136
"LocalData1509N0.txt",0.9,0.6,0.228674504611078,0.869606246694172,0.640931742083094
"LocalData1510N0.txt",0.9,0.65,0.254948693016292,0.851698679502837,0.596749986486545
"LocalData1511N0.txt",0.9,0.7,0.260411691519976,0.829528586675326,0.56911689515535
"LocalData1512N0.txt",0.9,0.75,0.251784978876822,0.814714613495271,0.562929634618449
"LocalData1513N0.txt",0.9,0.8,0.260806139953365,0.809775606110671,0.548969466157307
"LocalData1514N0.txt",0.9,0.85,0.245138192245906,0.780650302900339,0.535512110654434
"LocalData1515N0.txt",0.9,0.9,0.258218516928489,0.777681680229081,0.519463163300593
"LocalData1516N0.txt",0.9,0.95,0.255464461652143,0.762573491399985,0.507109029747842
"LocalData1517N0.txt",0.9,1,0.241221701581861,0.75374910783672,0.512527406254859
"LocalData1518N0.txt",0.9,1.05,0.254254999165162,0.735518081180107,0.481263082014945
"LocalData1519N0.txt",0.9,1.1,0.251654519637649,0.719338051599355,0.467683531961706
"LocalData1520N0.txt",0.9,1.15,0.260812667133375,0.71778602881226,0.456973361678885
"LocalData1521N0.txt",0.9,1.2,0.246970962583385,0.71026383888494,0.463292876301555
"LocalData1522N0.txt",0.9,1.25,0.249072923829031,0.692387658899017,0.443314735069987
"LocalData1523N0.txt",0.9,1.3,0.253298972081917,0.689089333577805,0.435790361495888
"LocalData1524N0.txt",0.9,1.35,0.229630348211399,0.677421316005045,0.447790967793646
"LocalData1525N0.txt",0.9,1.4,0.251480053029632,0.66535886506869,0.413878812039058
"LocalData1526N0.txt",0.9,1.45,0.245302437638007,0.664765827466055,0.419463389828048
"LocalData1527N0.txt",0.9,1.5,0.253752762554212,0.661862093204084,0.408109330649871
"LocalData1528N0.txt",0.9,1.55,0.238622554233532,0.650095827913022,0.411473273679489
"LocalData1529N0.txt",0.9,1.6,0.258420516474511,0.640722200569195,0.382301684094684
"LocalData1530N0.txt",0.9,1.65,0.249967813330742,0.631422318150771,0.381454504820029
"LocalData1531N0.txt",0.9,1.7,0.258992892598174,0.625314773006979,0.366321880408805
"LocalData1532N0.txt",0.9,1.75,0.257437209687217,0.610257592963335,0.352820383276118
"LocalData1533N0.txt",0.9,1.8,0.256108910676251,0.607911962550995,0.351803051874744
"LocalData1534N0.txt",0.9,1.85,0.240756700970768,0.594825966074508,0.35406926510374
"LocalData1535N0.txt",0.9,1.9,0.241498950681554,0.596411299089311,0.354912348407756
"LocalData1536N0.txt",0.9,1.95,0.270628038299831,0.591425297564626,0.320797259264795
"LocalData1537N0.txt",0.9,2,0.247534839264138,0.583660870090927,0.336126030826789
"LocalData1538N0.txt",0.9,2.05,0.260816514286099,0.58460372559939,0.323787211313292
"LocalData1539N0.txt",0.9,2.1,0.243774841172335,0.575527023089336,0.331752181917001
"LocalData1540N0.txt",0.9,2.15,0.245389071405695,0.567110539751054,0.32172146834536
"LocalData1541N0.txt",0.9,2.2,0.263908889101954,0.560192031325434,0.29628314222348
"LocalData1542N0.txt",0.9,2.25,0.246916319562421,0.561185714184987,0.314269394622566
"LocalData1543N0.txt",0.9,2.3,0.24421914549206,0.545088382854837,0.300869237362777
"LocalData1544N0.txt",0.9,2.35,0.245427472338233,0.533048442144467,0.287620969806235
"LocalData1545N0.txt",0.9,2.4,0.243933124022296,0.536920135444591,0.292987011422295
"LocalData1546N0.txt",0.9,2.45,0.251389369358622,0.525125228783758,0.273735859425136
"LocalData1547N0.txt",0.9,2.5,0.245623469772794,0.52865207140774,0.283028601634946
"LocalData1601N0.txt",0.95,0.2,0.25405691565413,NA,NA
"LocalData1602N0.txt",0.95,0.25,0.231017966319732,1,0.768982033680268
"LocalData1603N0.txt",0.95,0.3,0.242247977068018,0.98014888337469,0.737900906306671
"LocalData1604N0.txt",0.95,0.35,0.237853957654348,0.965265354800238,0.72741139714589
"LocalData1605N0.txt",0.95,0.4,0.242140089505762,0.95891031779992,0.716770228294157
"LocalData1606N0.txt",0.95,0.45,0.239902512124556,0.930916095283525,0.69101358315897
"LocalData1607N0.txt",0.95,0.5,0.230752370603868,0.910566643439713,0.679814272835846
"LocalData1608N0.txt",0.95,0.55,0.235278267563688,0.890081146896981,0.654802879333293
"LocalData1609N0.txt",0.95,0.6,0.229680848192616,0.848225155465891,0.618544307273275
"LocalData1610N0.txt",0.95,0.65,0.236899795402025,0.848184178522403,0.611284383120378
"LocalData1611N0.txt",0.95,0.7,0.241040732897622,0.828478661314612,0.58743792841699
"LocalData1612N0.txt",0.95,0.75,0.227414456989178,0.808644307431974,0.581229850442796
"LocalData1613N0.txt",0.95,0.8,0.242158824105369,0.797187627477232,0.555028803371863
"LocalData1614N0.txt",0.95,0.85,0.232013865018281,0.778612479467801,0.54659861444952
"LocalData1615N0.txt",0.95,0.9,0.225710569834365,0.765364621135101,0.539654051300737
"LocalData1616N0.txt",0.95,0.95,0.229380789948712,0.76141509227338,0.532034302324667
"LocalData1617N0.txt",0.95,1,0.226093142884627,0.750401484873523,0.524308341988896
"LocalData1618N0.txt",0.95,1.05,0.234309159815283,0.74343981282062,0.509130653005337
"LocalData1619N0.txt",0.95,1.1,0.239685817772398,0.722116931546825,0.482431113774427
"LocalData1620N0.txt",0.95,1.15,0.236315475961297,0.711300403125397,0.4749849271641
"LocalData1621N0.txt",0.95,1.2,0.233409528645449,0.697329720175549,0.463920191530101
"LocalData1622N0.txt",0.95,1.25,0.24008433555608,0.692798293130482,0.452713957574402
"LocalData1623N0.txt",0.95,1.3,0.225458027694336,0.69362228059934,0.468164252905004
"LocalData1624N0.txt",0.95,1.35,0.226622107712438,0.669308876183024,0.442686768470585
"LocalData1625N0.txt",0.95,1.4,0.247491195375758,0.664344871601845,0.416853676226086
"LocalData1626N0.txt",0.95,1.45,0.240335800183377,0.66798642070243,0.427650620519053
"LocalData1627N0.txt",0.95,1.5,0.245043191721717,0.65915118033866,0.414107988616942
"LocalData1628N0.txt",0.95,1.55,0.223075321489982,0.642807090494052,0.41973176900407
"LocalData1629N0.txt",0.95,1.6,0.217248065045063,0.632782810179511,0.415534745134449
"LocalData1630N0.txt",0.95,1.65,0.23756888542783,0.634491626301909,0.396922740874079
"LocalData1631N0.txt",0.95,1.7,0.219526787254429,0.625806416240356,0.406279628985927
"LocalData1632N0.txt",0.95,1.75,0.237859561205624,0.618136993291497,0.380277432085873
"LocalData1633N0.txt",0.95,1.8,0.240673610778504,0.618419339153966,0.377745728375462
"LocalData1634N0.txt",0.95,1.85,0.233010642346129,0.602495940815045,0.369485298468917
"LocalData1635N0.txt",0.95,1.9,0.245666113897888,0.601016498494165,0.355350384596277
"LocalData1636N0.txt",0.95,1.95,0.235663773568797,0.58739668003723,0.351732906468433
"LocalData1637N0.txt",0.95,2,0.248927757705109,0.591624276711972,0.342696519006863
"LocalData1638N0.txt",0.95,2.05,0.245001846539106,0.579645750652839,0.334643904113732
"LocalData1639N0.txt",0.95,2.1,0.23276324237796,0.572633388409983,0.339870146032023
"LocalData1640N0.txt",0.95,2.15,0.240098380938293,0.561253656415956,0.321155275477663
"LocalData1641N0.txt",0.95,2.2,0.228941713815413,0.559451168312147,0.330509454496734
"LocalData1642N0.txt",0.95,2.25,0.232884009049725,0.559654330316611,0.326770321266886
"LocalData1643N0.txt",0.95,2.3,0.235972736829633,0.540411729963215,0.304438993133582
"LocalData1644N0.txt",0.95,2.35,0.230504041028153,0.541474489083751,0.310970448055599
"LocalData1645N0.txt",0.95,2.4,0.241124816290022,0.536320684816543,0.295195868526521
"LocalData1646N0.txt",0.95,2.45,0.225234312853953,0.527282287544706,0.302047974690752
"LocalData1647N0.txt",0.95,2.5,0.232841342969272,0.527173920450483,0.294332577481212
"LocalData1701N0.txt",1,0.2,0.216619365155652,NA,NA
"LocalData1702N0.txt",1,0.25,0.224535005094425,0.983630952380952,0.759095947286527
"LocalData1703N0.txt",1,0.3,0.214830682639986,0.98069193224232,0.765861249602334
"LocalData1704N0.txt",1,0.35,0.207470414935888,0.971439995189995,0.763969580254107
"LocalData1705N0.txt",1,0.4,0.22386932169398,0.940666533338947,0.716797211644967
"LocalData1706N0.txt",1,0.45,0.213719891027757,0.921863763513279,0.708143872485522
"LocalData1707N0.txt",1,0.5,0.201803119653341,0.892390092864068,0.690586973210727
"LocalData1708N0.txt",1,0.55,0.218916262854904,0.883802066801646,0.664885803946742
"LocalData1709N0.txt",1,0.6,0.239938182510434,0.864031666330508,0.624093483820074
"LocalData1710N0.txt",1,0.65,0.225423567828016,0.854113099925711,0.628689532097695
"LocalData1711N0.txt",1,0.7,0.209716429674762,0.823466108026515,0.613749678351752
"LocalData1712N0.txt",1,0.75,0.225217884853598,0.808076919216284,0.582859034362686
"LocalData1713N0.txt",1,0.8,0.233289022866159,0.790318357896099,0.55702933502994
"LocalData1714N0.txt",1,0.85,0.222530602064178,0.78578116071618,0.563250558652002
"LocalData1715N0.txt",1,0.9,0.219939529006204,0.77600634411545,0.556066815109246
"LocalData1716N0.txt",1,0.95,0.232929091971758,0.763531853755193,0.530602761783434
"LocalData1717N0.txt",1,1,0.219749429792462,0.749637223006147,0.529887793213685
"LocalData1718N0.txt",1,1.05,0.22743983388292,0.736874029286572,0.509434195403653
"LocalData1719N0.txt",1,1.1,0.218603350370414,0.728328211552306,0.509724861181892
"LocalData1720N0.txt",1,1.15,0.223739275060124,0.717320272970649,0.493580997910525
"LocalData1721N0.txt",1,1.2,0.225502223945518,0.704663730488798,0.47916150654328
"LocalData1722N0.txt",1,1.25,0.225449793365561,0.697002041932992,0.471552248567431
"LocalData1723N0.txt",1,1.3,0.236713167459818,0.691878694757769,0.455165527297951
"LocalData1724N0.txt",1,1.35,0.222512754854939,0.676419774297432,0.453907019442493
"LocalData1725N0.txt",1,1.4,0.217207942175275,0.666047143121087,0.448839200945812
"LocalData1726N0.txt",1,1.45,0.228936061224231,0.666816089299858,0.437880028075627
"LocalData1727N0.txt",1,1.5,0.230725494138877,0.644486732593234,0.413761238454357
"LocalData1728N0.txt",1,1.55,0.218356666096697,0.634997637523273,0.416640971426576
"LocalData1729N0.txt",1,1.6,0.218744414029324,0.638761246324683,0.420016832295359
"LocalData1730N0.txt",1,1.65,0.212318394352457,0.630354588628339,0.418036194275881
"LocalData1731N0.txt",1,1.7,0.219131616777549,0.614376644597994,0.395245027820444
"LocalData1732N0.txt",1,1.75,0.221569083655749,0.605840621827807,0.384271538172058
"LocalData1733N0.txt",1,1.8,0.217706179990053,0.607151027448564,0.389444847458511
"LocalData1734N0.txt",1,1.85,0.229234876283648,0.601885559399341,0.372650683115693
"LocalData1735N0.txt",1,1.9,0.210396984040807,0.592006723430889,0.381609739390082
"LocalData1736N0.txt",1,1.95,0.231768993400054,0.577526766112661,0.345757772712607
"LocalData1737N0.txt",1,2,0.208489202417235,0.584363474614127,0.375874272196893
"LocalData1738N0.txt",1,2.05,0.221864055200517,0.570870076577148,0.349006021376631
"LocalData1739N0.txt",1,2.1,0.220365483726763,0.558943605314884,0.338578121588121
"LocalData1740N0.txt",1,2.15,0.211374544401802,0.559325972790918,0.347951428389116
"LocalData1741N0.txt",1,2.2,0.222264733254931,0.546636387695531,0.3243716544406
"LocalData1742N0.txt",1,2.25,0.220755580532042,0.551119784152723,0.330364203620681
"LocalData1743N0.txt",1,2.3,0.225694158938679,0.549219699888593,0.323525540949914
"LocalData1744N0.txt",1,2.35,0.224529597841364,0.545391544688996,0.320861946847631
"LocalData1745N0.txt",1,2.4,0.222375278033814,0.535355062279741,0.312979784245927
"LocalData1746N0.txt",1,2.45,0.209495941635676,0.531471601920451,0.321975660284775
"LocalData1747N0.txt",1,2.5,0.21285505286634,0.520415988709594,0.307560935843255
"LocalData1801N0.txt",1.05,0.2,0.215233101077738,NA,NA
"LocalData1802N0.txt",1.05,0.25,0.20877570728955,0.994871794871795,0.786096087582245
"LocalData1803N0.txt",1.05,0.3,0.215204854004985,0.981384015594542,0.766179161589557
"LocalData1804N0.txt",1.05,0.35,0.225672204246499,0.979962951528249,0.75429074728175
"LocalData1805N0.txt",1.05,0.4,0.214809266705257,0.947532010606577,0.73272274390132
"LocalData1806N0.txt",1.05,0.45,0.225054970921066,0.930437669521346,0.70538269860028
"LocalData1807N0.txt",1.05,0.5,0.215340972388672,0.902938511406573,0.6875975390179
"LocalData1808N0.txt",1.05,0.55,0.205195997296871,0.885369402286855,0.680173404989984
"LocalData1809N0.txt",1.05,0.6,0.219303520057702,0.867599317930016,0.648295797872314
"LocalData1810N0.txt",1.05,0.65,0.211245462262085,0.846944124158511,0.635698661896426
"LocalData1811N0.txt",1.05,0.7,0.207027007243035,0.819026739101356,0.611999731858321
"LocalData1812N0.txt",1.05,0.75,0.22088716597643,0.817749668412086,0.596862502435655
"LocalData1813N0.txt",1.05,0.8,0.202862683405548,0.785399182506558,0.58253649910101
"LocalData1814N0.txt",1.05,0.85,0.211505083495628,0.791548408793977,0.580043325298349
"LocalData1815N0.txt",1.05,0.9,0.209710032419003,0.769085022425358,0.559374990006355
"LocalData1816N0.txt",1.05,0.95,0.212111624077787,0.75326972059743,0.541158096519643
"LocalData1817N0.txt",1.05,1,0.208531167704996,0.748250630114208,0.539719462409213
"LocalData1818N0.txt",1.05,1.05,0.20921450096355,0.735965242380484,0.526750741416934
"LocalData1819N0.txt",1.05,1.1,0.207804510109422,0.714677425945876,0.506872915836454
"LocalData1820N0.txt",1.05,1.15,0.202440986617379,0.725909037797328,0.523468051179949
"LocalData1821N0.txt",1.05,1.2,0.207656398368489,0.705622580517551,0.497966182149062
"LocalData1822N0.txt",1.05,1.25,0.22165276126663,0.692069627257218,0.470416865990588
"LocalData1823N0.txt",1.05,1.3,0.211988718853548,0.688275937136676,0.476287218283128
"LocalData1824N0.txt",1.05,1.35,0.212042924851821,0.674834434535632,0.46279150968381
"LocalData1825N0.txt",1.05,1.4,0.203446819363022,0.664146853554773,0.460700034191751
"LocalData1826N0.txt",1.05,1.45,0.214444879244806,0.66441317250514,0.449968293260333
"LocalData1827N0.txt",1.05,1.5,0.212531085497016,0.649585784041652,0.437054698544636
"LocalData1828N0.txt",1.05,1.55,0.218827414691901,0.640546054755915,0.421718640064014
"LocalData1829N0.txt",1.05,1.6,0.213821684531841,0.638986921978002,0.425165237446161
"LocalData1830N0.txt",1.05,1.65,0.214915376157679,0.624417267194601,0.409501891036922
"LocalData1831N0.txt",1.05,1.7,0.208980228176458,0.617539378773034,0.408559150596576
"LocalData1832N0.txt",1.05,1.75,0.197922936091157,0.60530059462588,0.407377658534723
"LocalData1833N0.txt",1.05,1.8,0.223037072822322,0.607228686352217,0.384191613529895
"LocalData1834N0.txt",1.05,1.85,0.209668965871821,0.598061298633789,0.388392332761968
"LocalData1835N0.txt",1.05,1.9,0.214334886123512,0.604937676684442,0.39060279056093
"LocalData1836N0.txt",1.05,1.95,0.220815127578021,0.585760035327955,0.364944907749934
"LocalData1837N0.txt",1.05,2,0.209179475027117,0.584078173829516,0.374898698802399
"LocalData1838N0.txt",1.05,2.05,0.219789105649766,0.579162716854184,0.359373611204418
"LocalData1839N0.txt",1.05,2.1,0.225435421437057,0.579195062447851,0.353759641010794
"LocalData1840N0.txt",1.05,2.15,0.20799707105213,0.560384441789887,0.352387370737757
"LocalData1841N0.txt",1.05,2.2,0.207960526708593,0.550694711207211,0.342734184498618
"LocalData1842N0.txt",1.05,2.25,0.211695300164849,0.543289247367025,0.331593947202176
"LocalData1843N0.txt",1.05,2.3,0.218421255997002,0.547234365193048,0.328813109196047
"LocalData1844N0.txt",1.05,2.35,0.205518700212915,0.526579608034094,0.321060907821179
"LocalData1845N0.txt",1.05,2.4,0.198815795197893,0.528735111884898,0.329919316687005
"LocalData1846N0.txt",1.05,2.45,0.217314167667776,0.528476740922555,0.311162573254779
"LocalData1847N0.txt",1.05,2.5,0.204751129137246,0.521887487873513,0.317136358736266
"LocalData1901N0.txt",1.1,0.2,0.196956328520873,NA,NA
"LocalData1902N0.txt",1.1,0.25,0.212278166735488,0.987644787644788,0.7753666209093
"LocalData1903N0.txt",1.1,0.3,0.193161442223881,0.979175118323191,0.78601367609931
"LocalData1904N0.txt",1.1,0.35,0.20988971795224,0.97455122833326,0.764661510381019
"LocalData1905N0.txt",1.1,0.4,0.203904806780182,0.947131670486101,0.743226863705918
"LocalData1906N0.txt",1.1,0.45,0.205087429079453,0.919371844836115,0.714284415756662
"LocalData1907N0.txt",1.1,0.5,0.19606336276081,0.897888596496969,0.701825233736159
"LocalData1908N0.txt",1.1,0.55,0.196324427050914,0.872932595594707,0.676608168543793
"LocalData1909N0.txt",1.1,0.6,0.204374879232829,0.855334002803569,0.65095912357074
"LocalData1910N0.txt",1.1,0.65,0.188591991357603,0.843537638459546,0.654945647101943
"LocalData1911N0.txt",1.1,0.7,0.195499475514699,0.823839959934615,0.628340484419916
"LocalData1912N0.txt",1.1,0.75,0.200671833062916,0.809223871719073,0.608552038656157
"LocalData1913N0.txt",1.1,0.8,0.197752767813583,0.795554396581884,0.597801628768302
"LocalData1914N0.txt",1.1,0.85,0.20894761034613,0.793667446649576,0.584719836303446
"LocalData1915N0.txt",1.1,0.9,0.201962402674528,0.768735781310978,0.56677337863645
"LocalData1916N0.txt",1.1,0.95,0.200205601073219,0.763557750597444,0.563352149524226
"LocalData1917N0.txt",1.1,1,0.198537633798825,0.747197254911429,0.548659621112604
"LocalData1918N0.txt",1.1,1.05,0.209371033851235,0.732785279165668,0.523414245314433
"LocalData1919N0.txt",1.1,1.1,0.196213304506933,0.726538762499457,0.530325457992524
"LocalData1920N0.txt",1.1,1.15,0.195462035102017,0.713027716929736,0.517565681827719
"LocalData1921N0.txt",1.1,1.2,0.206166128719313,0.711466670070446,0.505300541351132
"LocalData1922N0.txt",1.1,1.25,0.207792889886531,0.692830347488886,0.485037457602355
"LocalData1923N0.txt",1.1,1.3,0.203926198395388,0.685947845792151,0.482021647396762
"LocalData1924N0.txt",1.1,1.35,0.202656978997809,0.677727780238205,0.475070801240396
"LocalData1925N0.txt",1.1,1.4,0.192875474758555,0.658805409599865,0.465929934841309
"LocalData1926N0.txt",1.1,1.45,0.187932750581927,0.657607767610593,0.469675017028666
"LocalData1927N0.txt",1.1,1.5,0.215759105673476,0.657491594005053,0.441732488331577
"LocalData1928N0.txt",1.1,1.55,0.195947011776987,0.643610438103064,0.447663426326077
"LocalData1929N0.txt",1.1,1.6,0.209046958998564,0.643350412225222,0.434303453226658
"LocalData1930N0.txt",1.1,1.65,0.19104756685356,0.626825910495668,0.435778343642109
"LocalData1931N0.txt",1.1,1.7,0.20200484807042,0.617828451285228,0.415823603214807
"LocalData1932N0.txt",1.1,1.75,0.199975382482075,0.611628926794767,0.411653544312692
"LocalData1933N0.txt",1.1,1.8,0.19734821617778,0.609936692629311,0.412588476451532
"LocalData1934N0.txt",1.1,1.85,0.208723830943804,0.602534828926445,0.393810997982641
"LocalData1935N0.txt",1.1,1.9,0.182269068184857,0.588999762940748,0.406730694755891
"LocalData1936N0.txt",1.1,1.95,0.198916260209545,0.576764438153148,0.377848177943602
"LocalData1937N0.txt",1.1,2,0.200270709365258,0.574361050816485,0.374090341451228
"LocalData1938N0.txt",1.1,2.05,0.203149525301744,0.561309119056442,0.358159593754697
"LocalData1939N0.txt",1.1,2.1,0.189879263843289,0.565025866349258,0.375146602505969
"LocalData1940N0.txt",1.1,2.15,0.201595851541331,0.56611019790545,0.364514346364119
"LocalData1941N0.txt",1.1,2.2,0.211320285858347,0.54826262237649,0.336942336518143
"LocalData1942N0.txt",1.1,2.25,0.192188518131643,0.553310877382693,0.36112235925105
"LocalData1943N0.txt",1.1,2.3,0.200845418537354,0.537026208433292,0.336180789895938
"LocalData1944N0.txt",1.1,2.35,0.19683947730159,0.539317206882089,0.3424777295805
"LocalData1945N0.txt",1.1,2.4,0.212570354237897,0.533152203884313,0.320581849646415
"LocalData1946N0.txt",1.1,2.45,0.198217314697248,0.522975805021729,0.324758490324481
"LocalData1947N0.txt",1.1,2.5,0.203513949161039,0.515916559542057,0.312402610381018
"LocalData2001N0.txt",1.15,0.2,0.195642839449633,NA,NA
"LocalData2002N0.txt",1.15,0.25,0.206239002885669,1,0.793760997114331
"LocalData2003N0.txt",1.15,0.3,0.193991998622735,0.989583333333333,0.795591334710598
"LocalData2004N0.txt",1.15,0.35,0.194413761939448,0.960419693301049,0.766005931361601
"LocalData2005N0.txt",1.15,0.4,0.198130512983862,0.947152678970861,0.749022165987
"LocalData2006N0.txt",1.15,0.45,0.188898441897138,0.928889874207376,0.739991432310238
"LocalData2007N0.txt",1.15,0.5,0.187971383010257,0.89790625943882,0.709934876428563
"LocalData2008N0.txt",1.15,0.55,0.195155398683382,0.886238187815099,0.691082789131716
"LocalData2009N0.txt",1.15,0.6,0.186652936626917,0.865759783063834,0.679106846436917
"LocalData2010N0.txt",1.15,0.65,0.189070225747572,0.849448082309145,0.660377856561573
"LocalData2011N0.txt",1.15,0.7,0.198252577305263,0.830765530255941,0.632512952950678
"LocalData2012N0.txt",1.15,0.75,0.198455075707256,0.809907649485533,0.611452573778277
"LocalData2013N0.txt",1.15,0.8,0.192136355735852,0.788746961095272,0.59661060535942
"LocalData2014N0.txt",1.15,0.85,0.185672234751187,0.780234465582391,0.594562230831204
"LocalData2015N0.txt",1.15,0.9,0.191683860958109,0.768238781499393,0.576554920541284
"LocalData2016N0.txt",1.15,0.95,0.189180132923448,0.754052711273558,0.56487257835011
"LocalData2017N0.txt",1.15,1,0.186100012706117,0.749931662690078,0.563831649983961
"LocalData2018N0.txt",1.15,1.05,0.186588804113978,0.73336842757832,0.546779623464342
"LocalData2019N0.txt",1.15,1.1,0.182081140995802,0.736658055967834,0.554576914972032
"LocalData201N0.txt",0.25,0.2,0.831603320866331,NA,NA
"LocalData2020N0.txt",1.15,1.15,0.20167930257522,0.706931537826624,0.505252235251404
"LocalData2021N0.txt",1.15,1.2,0.18628615052538,0.702173651298173,0.515887500772793
"LocalData2022N0.txt",1.15,1.25,0.195758282063789,0.695228216982563,0.499469934918774
"LocalData2023N0.txt",1.15,1.3,0.200329893465481,0.686163064258536,0.485833170793055
"LocalData2024N0.txt",1.15,1.35,0.20177631125625,0.676676476911678,0.474900165655427
"LocalData2025N0.txt",1.15,1.4,0.20026332187619,0.664874117857682,0.464610795981492
"LocalData2026N0.txt",1.15,1.45,0.193673704512196,0.65968282580727,0.466009121295073
"LocalData2027N0.txt",1.15,1.5,0.188306942825093,0.652243598877268,0.463936656052175
"LocalData2028N0.txt",1.15,1.55,0.199288958359298,0.65078563195313,0.451496673593833
"LocalData2029N0.txt",1.15,1.6,0.204438051005924,0.636142306695982,0.431704255690059
"LocalData202N0.txt",0.25,0.25,0.834836999098926,NA,NA
"LocalData2030N0.txt",1.15,1.65,0.194419762094856,0.627798299448624,0.433378537353768
"LocalData2031N0.txt",1.15,1.7,0.184639345839467,0.614878324831648,0.430238978992181
"LocalData2032N0.txt",1.15,1.75,0.198995189581927,0.620703203932658,0.421708014350731
"LocalData2033N0.txt",1.15,1.8,0.189555221343204,0.601116222861626,0.411561001518422
"LocalData2034N0.txt",1.15,1.85,0.19241271786151,0.599030905451903,0.406618187590393
"LocalData2035N0.txt",1.15,1.9,0.200152265915359,0.592079704238901,0.391927438323542
"LocalData2036N0.txt",1.15,1.95,0.185574677147297,0.589928363990197,0.4043536868429
"LocalData2037N0.txt",1.15,2,0.196570085717232,0.573554245044759,0.376984159327527
"LocalData2038N0.txt",1.15,2.05,0.197505370101732,0.580290047504136,0.382784677402404
"LocalData2039N0.txt",1.15,2.1,0.181637067571698,0.552266056703003,0.370628989131306
"LocalData203N0.txt",0.25,0.3,0.850572551289619,NA,NA
"LocalData2040N0.txt",1.15,2.15,0.196404552643602,0.571519036213001,0.375114483569399
"LocalData2041N0.txt",1.15,2.2,0.188529445300323,0.544100449162805,0.355571003862483
"LocalData2042N0.txt",1.15,2.25,0.187129349476998,0.55518055184234,0.368051202365341
"LocalData2043N0.txt",1.15,2.3,0.190352928255713,0.544267213871939,0.353914285616227
"LocalData2044N0.txt",1.15,2.35,0.205081155818103,0.539484228007621,0.334403072189518
"LocalData2045N0.txt",1.15,2.4,0.200372231549149,0.534208916908511,0.333836685359363
"LocalData2046N0.txt",1.15,2.45,0.188423138693148,0.535173850188938,0.34675071149579
"LocalData2047N0.txt",1.15,2.5,0.206694166948735,0.531398378179487,0.324704211230752
"LocalData204N0.txt",0.25,0.35,0.842823735065819,NA,NA
"LocalData205N0.txt",0.25,0.4,0.837399240637993,NA,NA
"LocalData206N0.txt",0.25,0.45,0.870251096677675,NA,NA
"LocalData207N0.txt",0.25,0.5,0.87793181674563,NA,NA
"LocalData208N0.txt",0.25,0.55,0.879608348076612,NA,NA
"LocalData209N0.txt",0.25,0.6,0.841182452394936,NA,NA
"LocalData2101N0.txt",1.2,0.2,0.18176485529385,NA,NA
"LocalData2102N0.txt",1.2,0.25,0.185705768871711,0.989637305699482,0.80393153682777
"LocalData2103N0.txt",1.2,0.3,0.187939872860951,0.987730907085746,0.799791034224795
"LocalData2104N0.txt",1.2,0.35,0.167678434456707,0.967815656565656,0.80013722210895
"LocalData2105N0.txt",1.2,0.4,0.199507297751886,0.944168365843243,0.744661068091357
"LocalData2106N0.txt",1.2,0.45,0.185737220572015,0.931635149419194,0.745897928847179
"LocalData2107N0.txt",1.2,0.5,0.189522548250713,0.915519715985077,0.725997167734364
"LocalData2108N0.txt",1.2,0.55,0.189404591057167,0.890220565644689,0.700815974587522
"LocalData2109N0.txt",1.2,0.6,0.184560241566244,0.86987779357478,0.685317552008535
"LocalData210N0.txt",0.25,0.65,0.873474033629983,NA,NA
"LocalData2110N0.txt",1.2,0.65,0.185091607214603,0.832523954693174,0.647432347478571
"LocalData2111N0.txt",1.2,0.7,0.201692345165115,0.826024468372784,0.624332123207669
"LocalData2112N0.txt",1.2,0.75,0.186255064269334,0.823517548569925,0.637262484300591
"LocalData2113N0.txt",1.2,0.8,0.18702511953135,0.798222374015989,0.611197254484639
"LocalData2114N0.txt",1.2,0.85,0.191060281448318,0.781892199849674,0.590831918401356
"LocalData2115N0.txt",1.2,0.9,0.184542657840361,0.765567135053694,0.581024477213333
"LocalData2116N0.txt",1.2,0.95,0.198128003210373,0.754071817952303,0.55594381474193
"LocalData2117N0.txt",1.2,1,0.177178543546009,0.740248396212136,0.563069852666127
"LocalData2118N0.txt",1.2,1.05,0.182071062868764,0.734311220681052,0.552240157812289
"LocalData2119N0.txt",1.2,1.1,0.169773180790216,0.719911336816988,0.550138156026772
"LocalData211N0.txt",0.25,0.7,0.827618973773592,NA,NA
"LocalData2120N0.txt",1.2,1.15,0.179127462764839,0.715022455125914,0.535894992361075
"LocalData2121N0.txt",1.2,1.2,0.188873652148845,0.697948850778144,0.509075198629299
"LocalData2122N0.txt",1.2,1.25,0.17835595653255,0.690613489133062,0.512257532600512
"LocalData2123N0.txt",1.2,1.3,0.196740612890769,0.685986289208455,0.489245676317686
"LocalData2124N0.txt",1.2,1.35,0.176760806627696,0.673964427480353,0.497203620852657
"LocalData2125N0.txt",1.2,1.4,0.176276548915073,0.676973190095368,0.500696641180295
"LocalData2126N0.txt",1.2,1.45,0.188990505843471,0.663665231749105,0.474674725905634
"LocalData2127N0.txt",1.2,1.5,0.180835996552952,0.647880455816408,0.467044459263457
"LocalData2128N0.txt",1.2,1.55,0.176961725722712,0.641668855862804,0.464707130140091
"LocalData2129N0.txt",1.2,1.6,0.180831350557231,0.63635522486486,0.455523874307628
"LocalData212N0.txt",0.25,0.75,0.876505537724936,0.996598639455782,0.120093101730846
"LocalData2130N0.txt",1.2,1.65,0.178579747990481,0.625706362294151,0.44712661430367
"LocalData2131N0.txt",1.2,1.7,0.184313143719141,0.61841930459713,0.434106160877989
"LocalData2132N0.txt",1.2,1.75,0.180418541265706,0.610268812700566,0.42985027143486
"LocalData2133N0.txt",1.2,1.8,0.196876737556015,0.607626201425216,0.410749463869201
"LocalData2134N0.txt",1.2,1.85,0.186461961163259,0.594195783344652,0.407733822181393
"LocalData2135N0.txt",1.2,1.9,0.186346948780609,0.593963921722639,0.40761697294203
"LocalData2136N0.txt",1.2,1.95,0.179173802099008,0.583382652653999,0.404208850554991
"LocalData2137N0.txt",1.2,2,0.176010028250221,0.590025968274031,0.41401594002381
"LocalData2138N0.txt",1.2,2.05,0.192403010734032,0.565780248975219,0.373377238241188
"LocalData2139N0.txt",1.2,2.1,0.190176748322141,0.577632831379018,0.387456083056877
"LocalData213N0.txt",0.25,0.8,0.851068793029113,0.988304093567251,0.137235300538138
"LocalData2140N0.txt",1.2,2.15,0.19446911040232,0.560926885692474,0.366457775290153
"LocalData2141N0.txt",1.2,2.2,0.187835214593672,0.555103141643686,0.367267927050014
"LocalData2142N0.txt",1.2,2.25,0.187407595198052,0.540772191112695,0.353364595914643
"LocalData2143N0.txt",1.2,2.3,0.180996121659035,0.536799697676026,0.355803576016991
"LocalData2144N0.txt",1.2,2.35,0.191216641835262,0.534761564243971,0.343544922408709
"LocalData2145N0.txt",1.2,2.4,0.1934036239824,0.530307109105595,0.336903485123195
"LocalData2146N0.txt",1.2,2.45,0.182538231194992,0.521492810860013,0.338954579665021
"LocalData2147N0.txt",1.2,2.5,0.181125928486573,0.524663561659309,0.343537633172736
"LocalData214N0.txt",0.25,0.85,0.834259304448607,0.991534391534391,0.157275087085785
"LocalData215N0.txt",0.25,0.9,0.885079831801036,0.97601323407775,0.0909334022767142
"LocalData216N0.txt",0.25,0.95,0.84856536676504,0.970808383233533,0.122243016468493
"LocalData217N0.txt",0.25,1,0.801243773986539,0.932083814189824,0.130840040203285
"LocalData218N0.txt",0.25,1.05,0.887342324010749,0.984615384615385,0.0972730606046356
"LocalData219N0.txt",0.25,1.1,0.830352030720912,0.937679314985737,0.107327284264825
"LocalData2201N0.txt",1.25,0.2,0.173859281152288,NA,NA
"LocalData2202N0.txt",1.25,0.25,0.192622614467527,0.968431210366694,0.775808595899167
"LocalData2203N0.txt",1.25,0.3,0.17628481366094,0.979520938435667,0.803236124774727
"LocalData2204N0.txt",1.25,0.35,0.181587426869906,0.952605735767501,0.771018308897595
"LocalData2205N0.txt",1.25,0.4,0.171612417835894,0.952167409749462,0.780554991913568
"LocalData2206N0.txt",1.25,0.45,0.179458558886045,0.92495574742056,0.745497188534516
"LocalData2207N0.txt",1.25,0.5,0.181892178552703,0.903433741446215,0.721541562893512
"LocalData2208N0.txt",1.25,0.55,0.176628759386089,0.884386951791395,0.707758192405306
"LocalData2209N0.txt",1.25,0.6,0.164668482384064,0.850310908958498,0.685642426574434
"LocalData220N0.txt",0.25,1.15,0.849150870798278,0.960867175152889,0.111716304354611
"LocalData2210N0.txt",1.25,0.65,0.178483927924214,0.841254706891559,0.662770778967345
"LocalData2211N0.txt",1.25,0.7,0.165080880989732,0.82233855013933,0.657257669149599
"LocalData2212N0.txt",1.25,0.75,0.175713012657612,0.804440470159226,0.628727457501614
"LocalData2213N0.txt",1.25,0.8,0.192856878771002,0.800768638420972,0.60791175964997
"LocalData2214N0.txt",1.25,0.85,0.171115610714738,0.780857778449826,0.609742167735088
"LocalData2215N0.txt",1.25,0.9,0.188375811099011,0.776038115167523,0.587662304068512
"LocalData2216N0.txt",1.25,0.95,0.171263228055905,0.746536681447636,0.575273453391731
"LocalData2217N0.txt",1.25,1,0.187817148879414,0.745149496759243,0.557332347879828
"LocalData2218N0.txt",1.25,1.05,0.177850332092653,0.729762614163985,0.551912282071332
"LocalData2219N0.txt",1.25,1.1,0.172888571165822,0.729085346429844,0.556196775264022
"LocalData221N0.txt",0.25,1.2,0.839117901087042,0.929138028481385,0.0900201273943431
"LocalData2220N0.txt",1.25,1.15,0.18054177352842,0.705285807790327,0.524744034261907
"LocalData2221N0.txt",1.25,1.2,0.174710615232847,0.698381978145254,0.523671362912406
"LocalData2222N0.txt",1.25,1.25,0.174343743621898,0.691339019881943,0.516995276260045
"LocalData2223N0.txt",1.25,1.3,0.17793625938279,0.684438730043483,0.506502470660693
"LocalData2224N0.txt",1.25,1.35,0.18546494735315,0.676695043404132,0.491230096050982
"LocalData2225N0.txt",1.25,1.4,0.165637269087155,0.663764781247322,0.498127512160167
"LocalData2226N0.txt",1.25,1.45,0.180392852052466,0.65312555223107,0.472732700178604
"LocalData2227N0.txt",1.25,1.5,0.186162928354632,0.648546311153907,0.462383382799275
"LocalData2228N0.txt",1.25,1.55,0.181903462381237,0.645810976558844,0.463907514177606
"LocalData2229N0.txt",1.25,1.6,0.167391356230398,0.630864117420386,0.463472761189989
"LocalData222N0.txt",0.25,1.25,0.827087846651567,0.922585906179759,0.095498059528192
"LocalData2230N0.txt",1.25,1.65,0.178198733730869,0.625683835768585,0.447485102037716
"LocalData2231N0.txt",1.25,1.7,0.169105858994089,0.613456894650248,0.444351035656159
"LocalData2232N0.txt",1.25,1.75,0.177389807587022,0.61139678514978,0.434006977562758
"LocalData2233N0.txt",1.25,1.8,0.187152371980484,0.600328908426636,0.413176536446151
"LocalData2234N0.txt",1.25,1.85,0.190577484068389,0.603485031309559,0.412907547241169
"LocalData2235N0.txt",1.25,1.9,0.171320221405098,0.590853816929794,0.419533595524695
"LocalData2236N0.txt",1.25,1.95,0.174879976436912,0.591872324483427,0.416992348046515
"LocalData2237N0.txt",1.25,2,0.170346494416701,0.578351674382495,0.408005179965795
"LocalData2238N0.txt",1.25,2.05,0.170033180615512,0.572885114604244,0.402851933988732
"LocalData2239N0.txt",1.25,2.1,0.170437046671064,0.553824402337999,0.383387355666935
"LocalData223N0.txt",0.25,1.3,0.893527850185039,1,0.106472149814961
"LocalData2240N0.txt",1.25,2.15,0.176508418145169,0.566716830139574,0.390208411994405
"LocalData2241N0.txt",1.25,2.2,0.174010846959732,0.548384309879211,0.374373462919479
"LocalData2242N0.txt",1.25,2.25,0.176899930615662,0.548656497445237,0.371756566829575
"LocalData2243N0.txt",1.25,2.3,0.173490846880671,0.542931744892355,0.369440898011683
"LocalData2244N0.txt",1.25,2.35,0.17835140292724,0.549941073852978,0.371589670925738
"LocalData2245N0.txt",1.25,2.4,0.171895346904512,0.536786051752322,0.36489070484781
"LocalData2246N0.txt",1.25,2.45,0.17285197494859,0.525491620309239,0.352639645360649
"LocalData2247N0.txt",1.25,2.5,0.182854889384186,0.52800247218527,0.345147582801085
"LocalData224N0.txt",0.25,1.35,0.837487907935328,0.936622384537753,0.0991344766024248
"LocalData225N0.txt",0.25,1.4,0.823269900593379,0.919777455823159,0.0965075552297795
"LocalData226N0.txt",0.25,1.45,0.864983432113838,0.949138407888408,0.0841549757745694
"LocalData227N0.txt",0.25,1.5,0.847654445676111,0.927519429322037,0.0798649836459262
"LocalData228N0.txt",0.25,1.55,0.883350264331492,0.960565735634604,0.0772154713031118
"LocalData229N0.txt",0.25,1.6,0.789714836364226,0.856804422743996,0.0670895863797699
"LocalData2301N0.txt",1.3,0.2,0.174912412678084,NA,NA
"LocalData2302N0.txt",1.3,0.25,0.164861284775481,0.983068783068783,0.818207498293302
"LocalData2303N0.txt",1.3,0.3,0.172554047137556,0.983948635634029,0.811394588496473
"LocalData2304N0.txt",1.3,0.35,0.171050218845075,0.961157222059478,0.790107003214402
"LocalData2305N0.txt",1.3,0.4,0.17115653183701,0.941532524717013,0.770375992880003
"LocalData2306N0.txt",1.3,0.45,0.17881280598284,0.92045413970421,0.74164133372137
"LocalData2307N0.txt",1.3,0.5,0.170763863517351,0.903692145687995,0.732928282170644
"LocalData2308N0.txt",1.3,0.55,0.159779265348444,0.87329726520144,0.713517999852997
"LocalData2309N0.txt",1.3,0.6,0.17394818102238,0.849394168601766,0.675445987579386
"LocalData230N0.txt",0.25,1.65,0.821508791145636,0.891973368320315,0.0704645771746787
"LocalData2310N0.txt",1.3,0.65,0.170908493820338,0.842169652759923,0.671261158939584
"LocalData2311N0.txt",1.3,0.7,0.169947355430481,0.822383183602599,0.652435828172118
"LocalData2312N0.txt",1.3,0.75,0.175190488530742,0.801204778517558,0.626014289986817
"LocalData2313N0.txt",1.3,0.8,0.175655260813243,0.796278493247272,0.620623232434029
"LocalData2314N0.txt",1.3,0.85,0.179885868283823,0.777514965192021,0.597629096908198
"LocalData2315N0.txt",1.3,0.9,0.171551129545355,0.771297254840578,0.599746125295223
"LocalData2316N0.txt",1.3,0.95,0.171418623769962,0.749030838358269,0.577612214588307
"LocalData2317N0.txt",1.3,1,0.175693528398715,0.734787158352202,0.559093629953487
"LocalData2318N0.txt",1.3,1.05,0.170023548475205,0.723740583302602,0.553717034827397
"LocalData2319N0.txt",1.3,1.1,0.173133332897485,0.72333738627576,0.550204053378275
"LocalData231N0.txt",0.25,1.7,0.854686659218553,0.932726684589489,0.0780400253709352
"LocalData2320N0.txt",1.3,1.15,0.166047538894441,0.717977940268579,0.551930401374139
"LocalData2321N0.txt",1.3,1.2,0.166919475082687,0.712053176398737,0.54513370131605
"LocalData2322N0.txt",1.3,1.25,0.172454061713435,0.692095124991889,0.519641063278453
"LocalData2323N0.txt",1.3,1.3,0.171034530882631,0.695443050727421,0.52440851984479
"LocalData2324N0.txt",1.3,1.35,0.168564147534081,0.677457936556319,0.508893789022238
"LocalData2325N0.txt",1.3,1.4,0.175129349500703,0.670586220346061,0.495456870845358
"LocalData2326N0.txt",1.3,1.45,0.166788861148618,0.654349098243545,0.487560237094927
"LocalData2327N0.txt",1.3,1.5,0.179298337370865,0.650812479407215,0.47151414203635
"LocalData2328N0.txt",1.3,1.55,0.177877336594939,0.63860622561237,0.460728889017431
"LocalData2329N0.txt",1.3,1.6,0.174597847839538,0.632568838703542,0.457970990864004
"LocalData232N0.txt",0.25,1.75,0.851996393560784,0.917898013329682,0.0659016197688977
"LocalData2330N0.txt",1.3,1.65,0.183130451592648,0.633936440522357,0.450805988929708
"LocalData2331N0.txt",1.3,1.7,0.166709589223998,0.624746457100228,0.45803686787623
"LocalData2332N0.txt",1.3,1.75,0.171733646586131,0.609037939301465,0.437304292715334
"LocalData2333N0.txt",1.3,1.8,0.165042406289721,0.606251788086891,0.44120938179717
"LocalData2334N0.txt",1.3,1.85,0.17351144272293,0.600935663686192,0.427424220963262
"LocalData2335N0.txt",1.3,1.9,0.173596239510121,0.59710433413265,0.423508094622529
"LocalData2336N0.txt",1.3,1.95,0.165661223666255,0.576710860347349,0.411049636681094
"LocalData2337N0.txt",1.3,2,0.184872577261918,0.577237439893182,0.392364862631264
"LocalData2338N0.txt",1.3,2.05,0.163059465136955,0.581970497469263,0.418911032332308
"LocalData2339N0.txt",1.3,2.1,0.173739613173072,0.569757718914311,0.396018105741239
"LocalData233N0.txt",0.25,1.8,0.874060154477134,0.948453970469626,0.0743938159924918
"LocalData2340N0.txt",1.3,2.15,0.17571697741841,0.560497197525379,0.384780220106969
"LocalData2341N0.txt",1.3,2.2,0.173624478328345,0.559020311293376,0.385395832965031
"LocalData2342N0.txt",1.3,2.25,0.178748846296738,0.558657812250067,0.379908965953328
"LocalData2343N0.txt",1.3,2.3,0.168284080816911,0.541642093508363,0.373358012691452
"LocalData2344N0.txt",1.3,2.35,0.158058357310667,0.534712112066702,0.376653754756035
"LocalData2345N0.txt",1.3,2.4,0.168632415795668,0.531591134509447,0.362958718713779
"LocalData2346N0.txt",1.3,2.45,0.164616682409792,0.522665026703694,0.358048344293902
"LocalData2347N0.txt",1.3,2.5,0.165553572488539,0.523351173075553,0.357797600587014
"LocalData234N0.txt",0.25,1.85,0.840953759719628,0.890882562358288,0.0499288026386602
"LocalData235N0.txt",0.25,1.9,0.896014051715243,0.946221309895537,0.0502072581802939
"LocalData236N0.txt",0.25,1.95,0.891131313004406,0.957017842894585,0.0658865298901792
"LocalData237N0.txt",0.25,2,0.872010212120263,0.924872239263725,0.0528620271434626
"LocalData238N0.txt",0.25,2.05,0.893618320458288,0.945697369028172,0.0520790485698837
"LocalData239N0.txt",0.25,2.1,0.865488678308607,0.92236490155349,0.056876223244883
"LocalData2401N0.txt",1.35,0.2,0.167097553023359,NA,NA
"LocalData2402N0.txt",1.35,0.25,0.164089200517513,NA,NA
"LocalData2403N0.txt",1.35,0.3,0.162388080460504,0.979947589098533,0.817559508638029
"LocalData2404N0.txt",1.35,0.35,0.170607709614704,0.96344664547159,0.792838935856886
"LocalData2405N0.txt",1.35,0.4,0.164226347406784,0.943812843873894,0.77958649646711
"LocalData2406N0.txt",1.35,0.45,0.168866014667464,0.910226367799672,0.741360353132208
"LocalData2407N0.txt",1.35,0.5,0.161574986168806,0.897532199189547,0.73595721302074
"LocalData2408N0.txt",1.35,0.55,0.158826198086084,0.87456625166988,0.715740053583796
"LocalData2409N0.txt",1.35,0.6,0.171931625579066,0.863065835836371,0.691134210257304
"LocalData240N0.txt",0.25,2.15,0.854978167573772,0.914036558984441,0.0590583914106688
"LocalData2410N0.txt",1.35,0.65,0.174485180076685,0.848742488879885,0.674257308803201
"LocalData2411N0.txt",1.35,0.7,0.182061873423907,0.830639864489588,0.648577991065681
"LocalData2412N0.txt",1.35,0.75,0.162399402327959,0.804625025805732,0.642225623477772
"LocalData2413N0.txt",1.35,0.8,0.166083218620646,0.808306710752689,0.642223492132043
"LocalData2414N0.txt",1.35,0.85,0.162939172942955,0.779283850846857,0.616344677903902
"LocalData2415N0.txt",1.35,0.9,0.168107585822447,0.764560415361782,0.596452829539335
"LocalData2416N0.txt",1.35,0.95,0.168087167323536,0.756388845352118,0.588301678028583
"LocalData2417N0.txt",1.35,1,0.16226903379507,0.739772764661207,0.577503730866137
"LocalData2418N0.txt",1.35,1.05,0.164239499928294,0.733742763416866,0.569503263488571
"LocalData2419N0.txt",1.35,1.1,0.170922117064347,0.735010827663047,0.5640887105987
"LocalData241N0.txt",0.25,2.2,0.85742437667809,0.903086221965653,0.0456618452875632
"LocalData2420N0.txt",1.35,1.15,0.159244779347489,0.709190418656686,0.549945639309197
"LocalData2421N0.txt",1.35,1.2,0.159041692275912,0.700852204074419,0.541810511798506
"LocalData2422N0.txt",1.35,1.25,0.166950110830125,0.690678653092937,0.523728542262812
"LocalData2423N0.txt",1.35,1.3,0.154167809528538,0.674008727238263,0.519840917709725
"LocalData2424N0.txt",1.35,1.35,0.163649686210615,0.673172976518581,0.509523290307966
"LocalData2425N0.txt",1.35,1.4,0.166556504955023,0.664764665684305,0.498208160729282
"LocalData2426N0.txt",1.35,1.45,0.163561374093476,0.653717934995254,0.490156560901778
"LocalData2427N0.txt",1.35,1.5,0.164729211858623,0.647954182936087,0.483224971077463
"LocalData2428N0.txt",1.35,1.55,0.163549786315041,0.649405187775267,0.485855401460226
"LocalData2429N0.txt",1.35,1.6,0.163062288993983,0.628907022624362,0.465844733630379
"LocalData242N0.txt",0.25,2.25,0.864341968797276,0.9085318493086,0.0441898805113238
"LocalData2430N0.txt",1.35,1.65,0.16572129679571,0.626803163150398,0.461081866354687
"LocalData2431N0.txt",1.35,1.7,0.176396660707133,0.613986959179634,0.437590298472501
"LocalData2432N0.txt",1.35,1.75,0.168114727889822,0.616190797646484,0.448076069756662
"LocalData2433N0.txt",1.35,1.8,0.163192994598254,0.604508890482997,0.441315895884742
"LocalData2434N0.txt",1.35,1.85,0.159119784101134,0.592967971553813,0.433848187452679
"LocalData2435N0.txt",1.35,1.9,0.170477673698272,0.595155008679134,0.424677334980863
"LocalData2436N0.txt",1.35,1.95,0.169992509582462,0.583068411873207,0.413075902290745
"LocalData2437N0.txt",1.35,2,0.149631303114186,0.57305590540349,0.423424602289304
"LocalData2438N0.txt",1.35,2.05,0.178010222178097,0.578049461433303,0.400039239255206
"LocalData2439N0.txt",1.35,2.1,0.149360591869772,0.560875053200334,0.411514461330563
"LocalData243N0.txt",0.25,2.3,0.83597797126674,0.868960460081556,0.0329824888148167
"LocalData2440N0.txt",1.35,2.15,0.16888372271317,0.563130787815155,0.394247065101985
"LocalData2441N0.txt",1.35,2.2,0.155181611435243,0.561898273308917,0.406716661873673
"LocalData2442N0.txt",1.35,2.25,0.163594394664309,0.54954333788549,0.385948943221181
"LocalData2443N0.txt",1.35,2.3,0.164143345339313,0.54117301635417,0.377029671014857
"LocalData2444N0.txt",1.35,2.35,0.164198445276158,0.534089265933635,0.369890820657477
"LocalData2445N0.txt",1.35,2.4,0.16403923099252,0.533347993370448,0.369308762377928
"LocalData2446N0.txt",1.35,2.45,0.160335340571285,0.52817897486044,0.367843634289155
"LocalData2447N0.txt",1.35,2.5,0.172898380973678,0.512215588525156,0.339317207551477
"LocalData244N0.txt",0.25,2.35,0.818018884350994,0.846289356826741,0.0282704724757471
"LocalData245N0.txt",0.25,2.4,0.885264368948701,0.932237777508738,0.0469734085600368
"LocalData246N0.txt",0.25,2.45,0.83279019547042,0.843354982700584,0.0105647872301639
"LocalData247N0.txt",0.25,2.5,0.851570768205183,0.901043921978503,0.0494731537733197
"LocalData2501N0.txt",1.4,0.2,0.148290593535381,0.974269005847953,0.825978412312572
"LocalData2502N0.txt",1.4,0.25,0.170259581082493,0.988304093567251,0.818044512484758
"LocalData2503N0.txt",1.4,0.3,0.156192770697859,0.98768115942029,0.831488388722431
"LocalData2504N0.txt",1.4,0.35,0.169423891146674,0.963945384917252,0.794521493770578
"LocalData2505N0.txt",1.4,0.4,0.140751442511752,0.939596489749115,0.798845047237362
"LocalData2506N0.txt",1.4,0.45,0.147844347959887,0.912609949254666,0.764765601294779
"LocalData2507N0.txt",1.4,0.5,0.157944819954822,0.900316432247003,0.742371612292182
"LocalData2508N0.txt",1.4,0.55,0.148741697677077,0.86695752557083,0.718215827893753
"LocalData2509N0.txt",1.4,0.6,0.159326976718526,0.865945826647973,0.706618849929447
"LocalData2510N0.txt",1.4,0.65,0.155166119246759,0.846277404773421,0.691111285526662
"LocalData2511N0.txt",1.4,0.7,0.144547019872618,0.828111719066539,0.683564699193921
"LocalData2512N0.txt",1.4,0.75,0.147012064894371,0.801820941810385,0.654808876916014
"LocalData2513N0.txt",1.4,0.8,0.162817617894222,0.793113761758782,0.63029614386456
"LocalData2514N0.txt",1.4,0.85,0.156542142781829,0.777318557257986,0.620776414476157
"LocalData2515N0.txt",1.4,0.9,0.171454263241937,0.773420992243994,0.601966729002057
"LocalData2516N0.txt",1.4,0.95,0.147414789415161,0.753549395965559,0.606134606550398
"LocalData2517N0.txt",1.4,1,0.153429442818517,0.738478962304222,0.585049519485705
"LocalData2518N0.txt",1.4,1.05,0.154499904023061,0.726936939209669,0.572437035186607
"LocalData2519N0.txt",1.4,1.1,0.156405718640189,0.719380152394313,0.562974433754124
"LocalData2520N0.txt",1.4,1.15,0.166635895852364,0.711947353172455,0.545311457320091
"LocalData2521N0.txt",1.4,1.2,0.158960351511333,0.695065434660241,0.536105083148908
"LocalData2522N0.txt",1.4,1.25,0.161634572437681,0.682347914202093,0.520713341764412
"LocalData2523N0.txt",1.4,1.3,0.166864625247475,0.681869190989318,0.515004565741843
"LocalData2524N0.txt",1.4,1.35,0.160058678708572,0.679847495722914,0.519788817014342
"LocalData2525N0.txt",1.4,1.4,0.165752550002797,0.659949015228157,0.494196465225361
"LocalData2526N0.txt",1.4,1.45,0.162283440889595,0.640695123868666,0.478411682979071
"LocalData2527N0.txt",1.4,1.5,0.15418522194543,0.644524177753372,0.490338955807942
"LocalData2528N0.txt",1.4,1.55,0.1563999591816,0.645550544930876,0.489150585749277
"LocalData2529N0.txt",1.4,1.6,0.151585888034794,0.629841503065058,0.478255615030264
"LocalData2530N0.txt",1.4,1.65,0.166925820404961,0.629851028756487,0.462925208351526
"LocalData2531N0.txt",1.4,1.7,0.149870580567956,0.618541870424517,0.468671289856561
"LocalData2532N0.txt",1.4,1.75,0.158751538688931,0.61412022481879,0.455368686129859
"LocalData2533N0.txt",1.4,1.8,0.166539354819348,0.608747145990381,0.442207791171033
"LocalData2534N0.txt",1.4,1.85,0.147587233264189,0.5949279582695,0.447340725005311
"LocalData2535N0.txt",1.4,1.9,0.164990168299932,0.600846949361518,0.435856781061586
"LocalData2536N0.txt",1.4,1.95,0.163729840962067,0.581784411551301,0.418054570589234
"LocalData2537N0.txt",1.4,2,0.1547650803405,0.580438025907634,0.425672945567134
"LocalData2538N0.txt",1.4,2.05,0.172743390079686,0.573182586576643,0.400439196496957
"LocalData2539N0.txt",1.4,2.1,0.165134890261652,0.564146410267485,0.399011520005833
"LocalData2540N0.txt",1.4,2.15,0.161138059086746,0.557997516012435,0.39685945692569
"LocalData2541N0.txt",1.4,2.2,0.155473107160518,0.559288038127912,0.403814930967395
"LocalData2542N0.txt",1.4,2.25,0.156853763510606,0.544490045069064,0.387636281558458
"LocalData2543N0.txt",1.4,2.3,0.160911836667405,0.552422839768728,0.391511003101323
"LocalData2544N0.txt",1.4,2.35,0.170175521700697,0.536332667108982,0.366157145408285
"LocalData2545N0.txt",1.4,2.4,0.163741258570285,0.535828771445908,0.372087512875623
"LocalData2546N0.txt",1.4,2.45,0.152209918550453,0.528514779418388,0.376304860867935
"LocalData2547N0.txt",1.4,2.5,0.145497438621525,0.511950399392156,0.366452960770631
"LocalData2601N0.txt",1.45,0.2,0.14581551190835,0.99492385786802,0.84910834595967
"LocalData2602N0.txt",1.45,0.25,0.154104233981124,1,0.845895766018876
"LocalData2603N0.txt",1.45,0.3,0.149738782031563,0.991618310767247,0.841879528735684
"LocalData2604N0.txt",1.45,0.35,0.159332226323754,0.966607662058872,0.807275435735118
"LocalData2605N0.txt",1.45,0.4,0.152680395401477,0.934125785497179,0.781445390095703
"LocalData2606N0.txt",1.45,0.45,0.165512031432964,0.933289547014561,0.767777515581597
"LocalData2607N0.txt",1.45,0.5,0.15802372297373,0.891858990671639,0.733835267697909
"LocalData2608N0.txt",1.45,0.55,0.152287474935769,0.877063452794395,0.724775977858627
"LocalData2609N0.txt",1.45,0.6,0.157413134078773,0.866342754776015,0.708929620697243
"LocalData2610N0.txt",1.45,0.65,0.154651844758918,0.848167465415946,0.693515620657029
"LocalData2611N0.txt",1.45,0.7,0.158891714436974,0.82548951794346,0.666597803506486
"LocalData2612N0.txt",1.45,0.75,0.16081051600232,0.796484684981329,0.635674168979009
"LocalData2613N0.txt",1.45,0.8,0.144838939819891,0.783410776577191,0.6385718367573
"LocalData2614N0.txt",1.45,0.85,0.149433559204945,0.791649126687113,0.642215567482168
"LocalData2615N0.txt",1.45,0.9,0.153024867310486,0.773684309955272,0.620659442644787
"LocalData2616N0.txt",1.45,0.95,0.153773866001786,0.754340240124799,0.600566374123013
"LocalData2617N0.txt",1.45,1,0.163526058300411,0.750631330695466,0.587105272395054
"LocalData2618N0.txt",1.45,1.05,0.15027510568098,0.728656918939646,0.578381813258666
"LocalData2619N0.txt",1.45,1.1,0.147002565823791,0.720647522032374,0.573644956208584
"LocalData2620N0.txt",1.45,1.15,0.158667029442037,0.713977730575509,0.555310701133472
"LocalData2621N0.txt",1.45,1.2,0.149569198147609,0.69670772016495,0.547138522017341
"LocalData2622N0.txt",1.45,1.25,0.150399277258532,0.694045354270389,0.543646077011857
"LocalData2623N0.txt",1.45,1.3,0.15576639533469,0.679219367192681,0.52345297185799
"LocalData2624N0.txt",1.45,1.35,0.146435720743229,0.676051665728703,0.529615944985474
"LocalData2625N0.txt",1.45,1.4,0.154926386269265,0.661200986341476,0.506274600072211
"LocalData2626N0.txt",1.45,1.45,0.137808817050992,0.655139005874606,0.517330188823614
"LocalData2627N0.txt",1.45,1.5,0.146712269117395,0.645483674491262,0.498771405373867
"LocalData2628N0.txt",1.45,1.55,0.15972464976052,0.632504469025326,0.472779819264806
"LocalData2629N0.txt",1.45,1.6,0.152621287246155,0.632047404684847,0.479426117438691
"LocalData2630N0.txt",1.45,1.65,0.145260848755657,0.613115228290096,0.467854379534439
"LocalData2631N0.txt",1.45,1.7,0.152700184638427,0.618289944177435,0.465589759539008
"LocalData2632N0.txt",1.45,1.75,0.153045635539431,0.608607060809546,0.455561425270114
"LocalData2633N0.txt",1.45,1.8,0.161158573716865,0.605972456806148,0.444813883089283
"LocalData2634N0.txt",1.45,1.85,0.153789046900562,0.595653687195118,0.441864640294555
"LocalData2635N0.txt",1.45,1.9,0.158806515225784,0.583094665691077,0.424288150465294
"LocalData2636N0.txt",1.45,1.95,0.144411390212459,0.571272542336354,0.426861152123895
"LocalData2637N0.txt",1.45,2,0.151751937839735,0.584629068180942,0.432877130341208
"LocalData2638N0.txt",1.45,2.05,0.157305602613743,0.568530880424099,0.411225277810356
"LocalData2639N0.txt",1.45,2.1,0.148968828264122,0.569858928077342,0.42089009981322
"LocalData2640N0.txt",1.45,2.15,0.15365560045088,0.554734719000375,0.401079118549496
"LocalData2641N0.txt",1.45,2.2,0.154131050023833,0.554308264422134,0.400177214398301
"LocalData2642N0.txt",1.45,2.25,0.153969427180502,0.552533800575025,0.398564373394523
"LocalData2643N0.txt",1.45,2.3,0.148244278052027,0.53637983125582,0.388135553203792
"LocalData2644N0.txt",1.45,2.35,0.141743334855115,0.544182282146992,0.402438947291877
"LocalData2645N0.txt",1.45,2.4,0.154086031139982,0.53430896376741,0.380222932627428
"LocalData2646N0.txt",1.45,2.45,0.153925320363988,0.51030079190535,0.356375471541362
"LocalData2647N0.txt",1.45,2.5,0.157257355475463,0.521370540698094,0.364113185222631
"LocalData2701N0.txt",1.5,0.2,0.156463454377684,0.99492385786802,0.838460403490336
"LocalData2702N0.txt",1.5,0.25,0.149387670109054,NA,NA
"LocalData2703N0.txt",1.5,0.3,0.146966962499474,0.977401129943503,0.830434167444028
"LocalData2704N0.txt",1.5,0.35,0.153996907662189,0.958680944461415,0.804684036799226
"LocalData2705N0.txt",1.5,0.4,0.142935983597676,0.942513775766055,0.799577792168379
"LocalData2706N0.txt",1.5,0.45,0.152564151207704,0.912971816638412,0.760407665430708
"LocalData2707N0.txt",1.5,0.5,0.158751822737332,0.901851594429168,0.743099771691835
"LocalData2708N0.txt",1.5,0.55,0.15352567880219,0.890504114018825,0.736978435216635
"LocalData2709N0.txt",1.5,0.6,0.155959846408355,0.862040581993891,0.706080735585537
"LocalData2710N0.txt",1.5,0.65,0.139480387423825,0.84527472558076,0.705794338156935
"LocalData2711N0.txt",1.5,0.7,0.141491630287989,0.815252017087155,0.673760386799166
"LocalData2712N0.txt",1.5,0.75,0.138762426217296,0.801974050066281,0.663211623848986
"LocalData2713N0.txt",1.5,0.8,0.149752073342493,0.791783184386867,0.642031111044375
"LocalData2714N0.txt",1.5,0.85,0.153183117665714,0.779452184097262,0.626269066431548
"LocalData2715N0.txt",1.5,0.9,0.148563778375693,0.761868582612709,0.613304804237016
"LocalData2716N0.txt",1.5,0.95,0.151318854474189,0.752246267561156,0.600927413086968
"LocalData2717N0.txt",1.5,1,0.152228141592987,0.740065996842022,0.587837855249035
"LocalData2718N0.txt",1.5,1.05,0.138550960654042,0.732139469598075,0.593588508944032
"LocalData2719N0.txt",1.5,1.1,0.145545899901311,0.727078143170471,0.58153224326916
"LocalData2720N0.txt",1.5,1.15,0.146612038619788,0.70585670025979,0.559244661640002
"LocalData2721N0.txt",1.5,1.2,0.14206428773326,0.691423093257944,0.549358805524685
"LocalData2722N0.txt",1.5,1.25,0.142024070866486,0.693430000898343,0.551405930031857
"LocalData2723N0.txt",1.5,1.3,0.147507158569468,0.689301235495498,0.541794076926029
"LocalData2724N0.txt",1.5,1.35,0.148569680659192,0.67166510527458,0.523095424615388
"LocalData2725N0.txt",1.5,1.4,0.14375285764133,0.657900353314896,0.514147495673566
"LocalData2726N0.txt",1.5,1.45,0.148376866063075,0.659236899465171,0.510860033402096
"LocalData2727N0.txt",1.5,1.5,0.143029248911236,0.638576376962336,0.4955471280511
"LocalData2728N0.txt",1.5,1.55,0.148791989507882,0.630486332773869,0.481694343265987
"LocalData2729N0.txt",1.5,1.6,0.142633517956237,0.632897338909099,0.490263820952862
"LocalData2730N0.txt",1.5,1.65,0.159458135457258,0.628782444790026,0.469324309332768
"LocalData2731N0.txt",1.5,1.7,0.149319704012317,0.617496672789464,0.468176968777146
"LocalData2732N0.txt",1.5,1.75,0.14916634396182,0.60314675632051,0.45398041235869
"LocalData2733N0.txt",1.5,1.8,0.140776494641791,0.60778364641838,0.467007151776589
"LocalData2734N0.txt",1.5,1.85,0.145566605134526,0.603440459251028,0.457873854116502
"LocalData2735N0.txt",1.5,1.9,0.146267605169008,0.59843026281696,0.452162657647951
"LocalData2736N0.txt",1.5,1.95,0.152952011195689,0.578161359276479,0.42520934808079
"LocalData2737N0.txt",1.5,2,0.140464620639588,0.577915575473012,0.437450954833424
"LocalData2738N0.txt",1.5,2.05,0.148535962147019,0.56802278988381,0.419486827736791
"LocalData2739N0.txt",1.5,2.1,0.147998841995256,0.563465866855499,0.415467024860243
"LocalData2740N0.txt",1.5,2.15,0.154752770654263,0.557599359054256,0.402846588399993
"LocalData2741N0.txt",1.5,2.2,0.14534638232957,0.555928035476295,0.410581653146725
"LocalData2742N0.txt",1.5,2.25,0.155666563242061,0.541863124378705,0.386196561136644
"LocalData2743N0.txt",1.5,2.3,0.144649396894805,0.53205262961773,0.387403232722925
"LocalData2744N0.txt",1.5,2.35,0.147100234147865,0.528684210917222,0.381583976769357
"LocalData2745N0.txt",1.5,2.4,0.146489115632682,0.526047259783435,0.379558144150753
"LocalData2746N0.txt",1.5,2.45,0.152853077225153,0.528652567030426,0.375799489805273
"LocalData2747N0.txt",1.5,2.5,0.155759124535873,0.518811046243237,0.363051921707365
"LocalData2801N0.txt",1.55,0.2,0.147241843278976,NA,NA
"LocalData2802N0.txt",1.55,0.25,0.135859748989754,0.987628865979381,0.851769116989627
"LocalData2803N0.txt",1.55,0.3,0.141837110965736,0.974065598779557,0.832228487813821
"LocalData2804N0.txt",1.55,0.35,0.143049840804113,0.962977967306325,0.819928126502212
"LocalData2805N0.txt",1.55,0.4,0.136003194586042,0.939337782332245,0.803334587746204
"LocalData2806N0.txt",1.55,0.45,0.139520598265921,0.924248550921269,0.784727952655348
"LocalData2807N0.txt",1.55,0.5,0.143972720034328,0.89347830969935,0.749505589665022
"LocalData2808N0.txt",1.55,0.55,0.137402108822764,0.880227544341012,0.742825435518248
"LocalData2809N0.txt",1.55,0.6,0.148425578031277,0.853511432787769,0.705085854756491
"LocalData2810N0.txt",1.55,0.65,0.144311242690185,0.839373812868074,0.695062570177889
"LocalData2811N0.txt",1.55,0.7,0.155239900890857,0.835692922195534,0.680453021304677
"LocalData2812N0.txt",1.55,0.75,0.141977985612848,0.814011688899204,0.672033703286356
"LocalData2813N0.txt",1.55,0.8,0.145779245663168,0.794477578158091,0.648698332494922
"LocalData2814N0.txt",1.55,0.85,0.153931252664211,0.791875752461642,0.637944499797431
"LocalData2815N0.txt",1.55,0.9,0.142210014195679,0.770507446343639,0.628297432147961
"LocalData2816N0.txt",1.55,0.95,0.143957523235381,0.755194837411688,0.611237314176307
"LocalData2817N0.txt",1.55,1,0.139568608129503,0.741328653466647,0.601760045337144
"LocalData2818N0.txt",1.55,1.05,0.146641258432495,0.729743386935474,0.583102128502979
"LocalData2819N0.txt",1.55,1.1,0.149544038080587,0.713943512962183,0.564399474881596
"LocalData2820N0.txt",1.55,1.15,0.143735192663588,0.709054747122085,0.565319554458497
"LocalData2821N0.txt",1.55,1.2,0.147583900173702,0.696858908946429,0.549275008772727
"LocalData2822N0.txt",1.55,1.25,0.141103821121911,0.686171329759505,0.545067508637594
"LocalData2823N0.txt",1.55,1.3,0.141360312554364,0.67915546516918,0.537795152614815
"LocalData2824N0.txt",1.55,1.35,0.143669294364337,0.687018166834153,0.543348872469817
"LocalData2825N0.txt",1.55,1.4,0.142031219922225,0.666753358351215,0.52472213842899
"LocalData2826N0.txt",1.55,1.45,0.150135304907466,0.655736051067328,0.505600746159862
"LocalData2827N0.txt",1.55,1.5,0.137994244163531,0.651237587019056,0.513243342855525
"LocalData2828N0.txt",1.55,1.55,0.145495860902082,0.632883972437492,0.48738811153541
"LocalData2829N0.txt",1.55,1.6,0.146655097296869,0.632114689070831,0.485459591773961
"LocalData2830N0.txt",1.55,1.65,0.136333607664915,0.627712970513506,0.491379362848591
"LocalData2831N0.txt",1.55,1.7,0.149738950845988,0.619991126093477,0.470252175247489
"LocalData2832N0.txt",1.55,1.75,0.142333368274767,0.603895050054865,0.461561681780098
"LocalData2833N0.txt",1.55,1.8,0.143049084469593,0.608296262438317,0.465247177968724
"LocalData2834N0.txt",1.55,1.85,0.14507984451563,0.592840852397952,0.447761007882323
"LocalData2835N0.txt",1.55,1.9,0.146959682942346,0.58219203956695,0.435232356624605
"LocalData2836N0.txt",1.55,1.95,0.149908322994203,0.586832805793719,0.436924482799516
"LocalData2837N0.txt",1.55,2,0.143862833867279,0.580508283449201,0.436645449581922
"LocalData2838N0.txt",1.55,2.05,0.139472783583562,0.574512149901729,0.435039366318167
"LocalData2839N0.txt",1.55,2.1,0.133608176747562,0.569716673162143,0.436108496414581
"LocalData2840N0.txt",1.55,2.15,0.149771076880743,0.555122324221204,0.405351247340461
"LocalData2841N0.txt",1.55,2.2,0.138418429560524,0.552542511321112,0.414124081760588
"LocalData2842N0.txt",1.55,2.25,0.135649323314432,0.544826413163164,0.409177089848733
"LocalData2843N0.txt",1.55,2.3,0.143197180148058,0.535851981710427,0.392654801562369
"LocalData2844N0.txt",1.55,2.35,0.144386606796183,0.539085421030001,0.394698814233817
"LocalData2845N0.txt",1.55,2.4,0.151166756093528,0.52327521941576,0.372108463322233
"LocalData2846N0.txt",1.55,2.45,0.141714511467037,0.512945154563415,0.371230643096378
"LocalData2847N0.txt",1.55,2.5,0.142319557724736,0.52038350789924,0.378063950174504
"LocalData2901N0.txt",1.6,0.2,0.13543501452976,NA,NA
"LocalData2902N0.txt",1.6,0.25,0.133631598459603,0.991752577319588,0.858120978859985
"LocalData2903N0.txt",1.6,0.3,0.142002324321189,0.982023626091423,0.840021301770234
"LocalData2904N0.txt",1.6,0.35,0.136072574267384,0.957352945561901,0.821280371294516
"LocalData2905N0.txt",1.6,0.4,0.140605633606623,0.944153184426741,0.803547550820118
"LocalData2906N0.txt",1.6,0.45,0.14491287211875,0.926798344924717,0.781885472805967
"LocalData2907N0.txt",1.6,0.5,0.144063644180117,0.901582812210158,0.757519168030041
"LocalData2908N0.txt",1.6,0.55,0.145333790830741,0.892990982151503,0.747657191320762
"LocalData2909N0.txt",1.6,0.6,0.132062200737648,0.861247488572784,0.729185287835137
"LocalData2910N0.txt",1.6,0.65,0.145970795573216,0.843768407460795,0.697797611887578
"LocalData2911N0.txt",1.6,0.7,0.149746709435818,0.83398048498577,0.684233775549951
"LocalData2912N0.txt",1.6,0.75,0.129164230971917,0.814185711713717,0.6850214807418
"LocalData2913N0.txt",1.6,0.8,0.134448297199684,0.784761060873795,0.65031276367411
"LocalData2914N0.txt",1.6,0.85,0.138534587601598,0.78418666739324,0.645652079791642
"LocalData2915N0.txt",1.6,0.9,0.145826800242504,0.767860947494975,0.622034147252472
"LocalData2916N0.txt",1.6,0.95,0.135047869307026,0.74863818456598,0.613590315258953
"LocalData2917N0.txt",1.6,1,0.145553492056391,0.756677044804826,0.611123552748435
"LocalData2918N0.txt",1.6,1.05,0.139768050028822,0.732343340599531,0.592575290570709
"LocalData2919N0.txt",1.6,1.1,0.139709902659964,0.71555202891847,0.575842126258505
"LocalData2920N0.txt",1.6,1.15,0.135485079099191,0.710102834355893,0.574617755256702
"LocalData2921N0.txt",1.6,1.2,0.148976807228385,0.709128475771758,0.560151668543373
"LocalData2922N0.txt",1.6,1.25,0.126081524797409,0.692345018243923,0.566263493446513
"LocalData2923N0.txt",1.6,1.3,0.144047941586872,0.689305615586149,0.545257673999277
"LocalData2924N0.txt",1.6,1.35,0.139784410481161,0.667647144589315,0.527862734108154
"LocalData2925N0.txt",1.6,1.4,0.137032216171603,0.657680651009665,0.520648434838062
"LocalData2926N0.txt",1.6,1.45,0.128812699036855,0.654006498031033,0.525193798994178
"LocalData2927N0.txt",1.6,1.5,0.139311467666954,0.645157567497465,0.505846099830511
"LocalData2928N0.txt",1.6,1.55,0.13064506881286,0.639039489380598,0.508394420567737
"LocalData2929N0.txt",1.6,1.6,0.141088618451733,0.637802860831487,0.496714242379753
"LocalData2930N0.txt",1.6,1.65,0.134499015225449,0.620747698554715,0.486248683329266
"LocalData2931N0.txt",1.6,1.7,0.140357700632523,0.607679827987174,0.46732212735465
"LocalData2932N0.txt",1.6,1.75,0.142424013198735,0.610590489955917,0.468166476757182
"LocalData2933N0.txt",1.6,1.8,0.131871848949347,0.591533387538924,0.459661538589577
"LocalData2934N0.txt",1.6,1.85,0.14620199665651,0.589194487702676,0.442992491046166
"LocalData2935N0.txt",1.6,1.9,0.134242526258833,0.580959898859416,0.446717372600583
"LocalData2936N0.txt",1.6,1.95,0.137850714399991,0.580252375335635,0.442401660935643
"LocalData2937N0.txt",1.6,2,0.134473715689665,0.575776716899999,0.441303001210334
"LocalData2938N0.txt",1.6,2.05,0.132382125954578,0.570972764119494,0.438590638164917
"LocalData2939N0.txt",1.6,2.1,0.137141996935543,0.562998404365144,0.425856407429601
"LocalData2940N0.txt",1.6,2.15,0.135887239160048,0.557320847022504,0.421433607862456
"LocalData2941N0.txt",1.6,2.2,0.128924507823615,0.548465678987858,0.419541171164243
"LocalData2942N0.txt",1.6,2.25,0.151307279778861,0.541119373724851,0.38981209394599
"LocalData2943N0.txt",1.6,2.3,0.131055763759545,0.546616148849869,0.415560385090324
"LocalData2944N0.txt",1.6,2.35,0.129010020375273,0.536939828895502,0.407929808520229
"LocalData2945N0.txt",1.6,2.4,0.130855813738492,0.527127269589624,0.396271455851133
"LocalData2946N0.txt",1.6,2.45,0.143356595687206,0.530045070715947,0.386688475028742
"LocalData2947N0.txt",1.6,2.5,0.130258219656776,0.513439260904835,0.383181041248059
"LocalData3001N0.txt",1.65,0.2,0.130176083153679,NA,NA
"LocalData3002N0.txt",1.65,0.25,0.133420310634566,0.96875,0.835329689365434
"LocalData3003N0.txt",1.65,0.3,0.130499649009218,0.986357786357786,0.855858137348569
"LocalData3004N0.txt",1.65,0.35,0.135418134917267,0.959850109535339,0.824431974618072
"LocalData3005N0.txt",1.65,0.4,0.128148065105952,0.953653237754905,0.825505172648953
"LocalData3006N0.txt",1.65,0.45,0.134009125177141,0.923532708565771,0.78952358338863
"LocalData3007N0.txt",1.65,0.5,0.13299367633875,0.891737492399306,0.758743816060556
"LocalData3008N0.txt",1.65,0.55,0.131615145137414,0.879520729651954,0.74790558451454
"LocalData3009N0.txt",1.65,0.6,0.136346854974631,0.863706214593731,0.7273593596191
"LocalData3010N0.txt",1.65,0.65,0.127907762528174,0.835068330124489,0.707160567596315
"LocalData3011N0.txt",1.65,0.7,0.128818350547806,0.826226214127345,0.697407863579539
"LocalData3012N0.txt",1.65,0.75,0.131555036415155,0.809496572977933,0.677941536562778
"LocalData3013N0.txt",1.65,0.8,0.142232845289922,0.80098709323749,0.658754247947568
"LocalData3014N0.txt",1.65,0.85,0.134829249978943,0.780452864604935,0.645623614625992
"LocalData3015N0.txt",1.65,0.9,0.130467758464678,0.765041039672941,0.634573281208263
"LocalData3016N0.txt",1.65,0.95,0.140994911187175,0.763354780473977,0.622359869286802
"LocalData3017N0.txt",1.65,1,0.139614343892296,0.754099705924433,0.614485362032137
"LocalData3018N0.txt",1.65,1.05,0.13722097146063,0.74019278606098,0.60297181460035
"LocalData3019N0.txt",1.65,1.1,0.135302517177687,0.71710848634403,0.581805969166343
"LocalData301N0.txt",0.3,0.2,0.755176424375713,NA,NA
"LocalData3020N0.txt",1.65,1.15,0.135719780782358,0.708824843023446,0.573105062241088
"LocalData3021N0.txt",1.65,1.2,0.137610718446601,0.701299193253923,0.563688474807322
"LocalData3022N0.txt",1.65,1.25,0.121774954026932,0.683060991828285,0.561286037801353
"LocalData3023N0.txt",1.65,1.3,0.140936639138862,0.669985287867435,0.529048648728573
"LocalData3024N0.txt",1.65,1.35,0.128733170350865,0.67174482987375,0.543011659522885
"LocalData3025N0.txt",1.65,1.4,0.139441225029205,0.66574063725471,0.526299412225505
"LocalData3026N0.txt",1.65,1.45,0.134012216370716,0.655855971262977,0.521843754892261
"LocalData3027N0.txt",1.65,1.5,0.142611643687204,0.649659407218848,0.507047763531643
"LocalData3028N0.txt",1.65,1.55,0.13660228222291,0.639685023359614,0.503082741136704
"LocalData3029N0.txt",1.65,1.6,0.138693669656478,0.629650306436408,0.49095663677993
"LocalData302N0.txt",0.3,0.25,0.709170682019658,NA,NA
"LocalData3030N0.txt",1.65,1.65,0.14539498939175,0.620129702039187,0.474734712647437
"LocalData3031N0.txt",1.65,1.7,0.123969594482462,0.61832184594453,0.494352251462069
"LocalData3032N0.txt",1.65,1.75,0.141804789202234,0.609934664363731,0.468129875161497
"LocalData3033N0.txt",1.65,1.8,0.122497512852863,0.599541324980762,0.477043812127899
"LocalData3034N0.txt",1.65,1.85,0.139892455307947,0.597469150149747,0.457576694841801
"LocalData3035N0.txt",1.65,1.9,0.143767968242361,0.583881271788988,0.440113303546627
"LocalData3036N0.txt",1.65,1.95,0.137933663546426,0.588586005188776,0.45065234164235
"LocalData3037N0.txt",1.65,2,0.138071755235165,0.57241456508634,0.434342809851175
"LocalData3038N0.txt",1.65,2.05,0.134009374956259,0.561660519417632,0.427651144461373
"LocalData3039N0.txt",1.65,2.1,0.131951949915628,0.556355895489894,0.424403945574266
"LocalData303N0.txt",0.3,0.3,0.800729379548366,NA,NA
"LocalData3040N0.txt",1.65,2.15,0.136539982807962,0.556794694598433,0.420254711790471
"LocalData3041N0.txt",1.65,2.2,0.132521664806836,0.55394931857791,0.421427653771073
"LocalData3042N0.txt",1.65,2.25,0.148716411700683,0.55875841950558,0.410042007804897
"LocalData3043N0.txt",1.65,2.3,0.136068161972161,0.543285570048267,0.407217408076106
"LocalData3044N0.txt",1.65,2.35,0.134081073979224,0.534950011896987,0.400868937917763
"LocalData3045N0.txt",1.65,2.4,0.136846082676863,0.525506559125189,0.388660476448326
"LocalData3046N0.txt",1.65,2.45,0.134311362224758,0.52650897506683,0.392197612842073
"LocalData3047N0.txt",1.65,2.5,0.125825396562398,0.51304303997135,0.387217643408953
"LocalData304N0.txt",0.3,0.35,0.761028810103687,NA,NA
"LocalData305N0.txt",0.3,0.4,0.774543895725148,NA,NA
"LocalData306N0.txt",0.3,0.45,0.770590114942592,NA,NA
"LocalData307N0.txt",0.3,0.5,0.773169676712805,NA,NA
"LocalData308N0.txt",0.3,0.55,0.738741623185665,0.980555555555556,0.24181393236989
"LocalData309N0.txt",0.3,0.6,0.775286353981067,0.978134284016637,0.20284793003557
"LocalData3101N0.txt",1.7,0.2,0.132120900669259,NA,NA
"LocalData3102N0.txt",1.7,0.25,0.127659743204006,0.976070763500931,0.848411020296925
"LocalData3103N0.txt",1.7,0.3,0.139620031252157,0.96316425120773,0.823544219955573
"LocalData3104N0.txt",1.7,0.35,0.126592850695413,0.97813772852136,0.851544877825947
"LocalData3105N0.txt",1.7,0.4,0.129642600893163,0.943172975751696,0.813530374858532
"LocalData3106N0.txt",1.7,0.45,0.137760096968128,0.918713737211908,0.78095364024378
"LocalData3107N0.txt",1.7,0.5,0.132191111961505,0.887852072497167,0.755660960535661
"LocalData3108N0.txt",1.7,0.55,0.132915955695553,0.890326466147193,0.75741051045164
"LocalData3109N0.txt",1.7,0.6,0.126689210640138,0.853221826201074,0.726532615560936
"LocalData310N0.txt",0.3,0.65,0.746102546947643,0.951694995496936,0.205592448549293
"LocalData3110N0.txt",1.7,0.65,0.130051076654292,0.842912504548755,0.712861427894463
"LocalData3111N0.txt",1.7,0.7,0.125111661489703,0.825820318505741,0.700708657016038
"LocalData3112N0.txt",1.7,0.75,0.131968386089406,0.805705358509462,0.673736972420056
"LocalData3113N0.txt",1.7,0.8,0.130754489963504,0.798831902866194,0.66807741290269
"LocalData3114N0.txt",1.7,0.85,0.138372369068725,0.777125857285583,0.638753488216858
"LocalData3115N0.txt",1.7,0.9,0.127795900841674,0.766873264698563,0.639077363856889
"LocalData3116N0.txt",1.7,0.95,0.127763108233641,0.749034679492067,0.621271571258426
"LocalData3117N0.txt",1.7,1,0.127779950868493,0.746623641965276,0.618843691096783
"LocalData3118N0.txt",1.7,1.05,0.132607756699684,0.717347270816662,0.584739514116978
"LocalData3119N0.txt",1.7,1.1,0.136495062917794,0.716102798804502,0.579607735886708
"LocalData311N0.txt",0.3,0.7,0.796554383198357,0.974487895716946,0.177933512518589
"LocalData3120N0.txt",1.7,1.15,0.139559026496447,0.720621097148606,0.581062070652159
"LocalData3121N0.txt",1.7,1.2,0.133989753756906,0.70187981310546,0.567890059348554
"LocalData3122N0.txt",1.7,1.25,0.127486427890967,0.694969000828939,0.567482572937972
"LocalData3123N0.txt",1.7,1.3,0.141888470341339,0.68472258923902,0.54283411889768
"LocalData3124N0.txt",1.7,1.35,0.126857490895354,0.669423298445786,0.542565807550432
"LocalData3125N0.txt",1.7,1.4,0.137524526416371,0.663745022605467,0.526220496189096
"LocalData3126N0.txt",1.7,1.45,0.13657723812993,0.648591215549296,0.512013977419366
"LocalData3127N0.txt",1.7,1.5,0.130113183115611,0.650597745069647,0.520484561954035
"LocalData3128N0.txt",1.7,1.55,0.131878229598082,0.634486751788127,0.502608522190045
"LocalData3129N0.txt",1.7,1.6,0.12918807530283,0.633043930670716,0.503855855367886
"LocalData312N0.txt",0.3,0.75,0.778245909942789,0.967830462902405,0.189584552959616
"LocalData3130N0.txt",1.7,1.65,0.131950846470652,0.625608729140924,0.493657882670272
"LocalData3131N0.txt",1.7,1.7,0.134531563714772,0.605817039863295,0.471285476148523
"LocalData3132N0.txt",1.7,1.75,0.137766018830617,0.605683243589676,0.46791722475906
"LocalData3133N0.txt",1.7,1.8,0.129699937403385,0.607878129447741,0.478178192044356
"LocalData3134N0.txt",1.7,1.85,0.129126955671202,0.601315281464091,0.472188325792888
"LocalData3135N0.txt",1.7,1.9,0.127475106745311,0.590780066252105,0.463304959506795
"LocalData3136N0.txt",1.7,1.95,0.126805179901749,0.577694790594252,0.450889610692502
"LocalData3137N0.txt",1.7,2,0.137087884765615,0.568116769703951,0.431028884938336
"LocalData3138N0.txt",1.7,2.05,0.125356505980583,0.578121530871962,0.452765024891378
"LocalData3139N0.txt",1.7,2.1,0.131552732518182,0.558838831745203,0.427286099227021
"LocalData313N0.txt",0.3,0.8,0.758086237913902,0.942806995353884,0.184720757439982
"LocalData3140N0.txt",1.7,2.15,0.134239653905968,0.552843433991065,0.418603780085097
"LocalData3141N0.txt",1.7,2.2,0.126598890618693,0.562248703238966,0.435649812620273
"LocalData3142N0.txt",1.7,2.25,0.126835422271132,0.544686326307193,0.417850904036061
"LocalData3143N0.txt",1.7,2.3,0.13567088766399,0.549180524033366,0.413509636369376
"LocalData3144N0.txt",1.7,2.35,0.133240422370487,0.531698435725052,0.398458013354565
"LocalData3145N0.txt",1.7,2.4,0.132650561751892,0.534560875964582,0.40191031421269
"LocalData3146N0.txt",1.7,2.45,0.13459510771061,0.523992155623689,0.38939704791308
"LocalData3147N0.txt",1.7,2.5,0.141695338303919,0.51379680376506,0.372101465461141
"LocalData314N0.txt",0.3,0.85,0.748318247870986,0.92722554349168,0.178907295620694
"LocalData315N0.txt",0.3,0.9,0.760537051370746,0.939172614831434,0.178635563460687
"LocalData316N0.txt",0.3,0.95,0.738843798110783,0.90882292436377,0.169979126252987
"LocalData317N0.txt",0.3,1,0.720078238836233,0.891834422230323,0.17175618339409
"LocalData318N0.txt",0.3,1.05,0.748566584180168,0.907261476214268,0.1586948920341
"LocalData319N0.txt",0.3,1.1,0.769731312563186,0.908001851039195,0.138270538476008
"LocalData3201N0.txt",1.75,0.2,0.122549296173013,NA,NA
"LocalData3202N0.txt",1.75,0.25,0.122437054245632,0.987910189982729,0.865473135737097
"LocalData3203N0.txt",1.75,0.3,0.123097218569907,0.960849738627516,0.837752520057609
"LocalData3204N0.txt",1.75,0.35,0.133329277360834,0.960378086419753,0.827048809058919
"LocalData3205N0.txt",1.75,0.4,0.129158988323369,0.941140569703261,0.811981581379892
"LocalData3206N0.txt",1.75,0.45,0.131755402701616,0.938211694476865,0.806456291775248
"LocalData3207N0.txt",1.75,0.5,0.12665101059887,0.900574675429508,0.773923664830639
"LocalData3208N0.txt",1.75,0.55,0.129868185755548,0.886238611618878,0.75637042586333
"LocalData3209N0.txt",1.75,0.6,0.133252320622153,0.849949144664114,0.716696824041961
"LocalData320N0.txt",0.3,1.15,0.737214279881312,0.87976470884102,0.142550428959709
"LocalData3210N0.txt",1.75,0.65,0.12383851137968,0.844267261532707,0.720428750153027
"LocalData3211N0.txt",1.75,0.7,0.132039843983596,0.821446574926167,0.689406730942571
"LocalData3212N0.txt",1.75,0.75,0.125779737980003,0.823122391450579,0.697342653470576
"LocalData3213N0.txt",1.75,0.8,0.129346718922467,0.791650117422475,0.662303398500008
"LocalData3214N0.txt",1.75,0.85,0.124625844332686,0.793082923517309,0.668457079184623
"LocalData3215N0.txt",1.75,0.9,0.117893924180699,0.76648307114767,0.648589146966971
"LocalData3216N0.txt",1.75,0.95,0.120457898717683,0.754281072822129,0.633823174104447
"LocalData3217N0.txt",1.75,1,0.135686700225122,0.747707364625415,0.612020664400294
"LocalData3218N0.txt",1.75,1.05,0.129619102294646,0.738061229461035,0.608442127166389
"LocalData3219N0.txt",1.75,1.1,0.123236039880717,0.723116578661345,0.599880538780628
"LocalData321N0.txt",0.3,1.2,0.754882647490281,0.874598147416334,0.119715499926053
"LocalData3220N0.txt",1.75,1.15,0.120031459458799,0.710684715372328,0.590653255913529
"LocalData3221N0.txt",1.75,1.2,0.123101577108916,0.706299193838266,0.58319761672935
"LocalData3222N0.txt",1.75,1.25,0.135861968771925,0.689996694415425,0.5541347256435
"LocalData3223N0.txt",1.75,1.3,0.134883308801492,0.692334048261124,0.557450739459632
"LocalData3224N0.txt",1.75,1.35,0.131479301800095,0.66835022616408,0.536870924363984
"LocalData3225N0.txt",1.75,1.4,0.123082090557114,0.668436641057879,0.545354550500765
"LocalData3226N0.txt",1.75,1.45,0.130176415780584,0.657006236182413,0.526829820401829
"LocalData3227N0.txt",1.75,1.5,0.128090138976476,0.63760555604582,0.509515417069344
"LocalData3228N0.txt",1.75,1.55,0.124190271037763,0.644425723003813,0.52023545196605
"LocalData3229N0.txt",1.75,1.6,0.132903844433605,0.627350443400688,0.494446598967084
"LocalData322N0.txt",0.3,1.25,0.736671422083257,0.874059771932861,0.137388349849604
"LocalData3230N0.txt",1.75,1.65,0.12482465855954,0.627813407615264,0.502988749055724
"LocalData3231N0.txt",1.75,1.7,0.11704783862574,0.621643597832453,0.504595759206713
"LocalData3232N0.txt",1.75,1.75,0.128957539542465,0.614700614852616,0.485743075310151
"LocalData3233N0.txt",1.75,1.8,0.124334307071552,0.599699340674062,0.475365033602509
"LocalData3234N0.txt",1.75,1.85,0.116874326783103,0.602035491574336,0.485161164791233
"LocalData3235N0.txt",1.75,1.9,0.132453679378425,0.586298670398357,0.453844991019932
"LocalData3236N0.txt",1.75,1.95,0.133424209275211,0.574199283688262,0.44077507441305
"LocalData3237N0.txt",1.75,2,0.130551464977284,0.578047692423979,0.447496227446695
"LocalData3238N0.txt",1.75,2.05,0.124465320258048,0.571988074092355,0.447522753834307
"LocalData3239N0.txt",1.75,2.1,0.128133706197649,0.564444124898823,0.436310418701173
"LocalData323N0.txt",0.3,1.3,0.799051250828231,0.901189363215323,0.102138112387092
"LocalData3240N0.txt",1.75,2.15,0.129768441397085,0.56300725910353,0.433238817706445
"LocalData3241N0.txt",1.75,2.2,0.127410921573323,0.547437249405893,0.420026327832571
"LocalData3242N0.txt",1.75,2.25,0.126066032320235,0.543595617523692,0.417529585203457
"LocalData3243N0.txt",1.75,2.3,0.12649684086219,0.537094884119985,0.410598043257796
"LocalData3244N0.txt",1.75,2.35,0.12132113977624,0.534952775869183,0.413631636092943
"LocalData3245N0.txt",1.75,2.4,0.129711802993974,0.524814881350593,0.395103078356619
"LocalData3246N0.txt",1.75,2.45,0.120075608824707,0.52041390558242,0.400338296757713
"LocalData3247N0.txt",1.75,2.5,0.124546453565842,0.526988444258147,0.402441990692305
"LocalData324N0.txt",0.3,1.35,0.702471226110255,0.816013238786366,0.113542012676111
"LocalData325N0.txt",0.3,1.4,0.687289206759138,0.810215328532816,0.122926121773677
"LocalData326N0.txt",0.3,1.45,0.747752251953236,0.852681155966244,0.104928904013008
"LocalData327N0.txt",0.3,1.5,0.80336361060195,0.897168027289688,0.0938044166877384
"LocalData328N0.txt",0.3,1.55,0.798846142869314,0.885575508284997,0.086729365415683
"LocalData329N0.txt",0.3,1.6,0.760712421641109,0.859238019647878,0.0985255980067699
"LocalData3301N0.txt",1.8,0.2,0.124634046670412,0.989795918367347,0.865161871696935
"LocalData3302N0.txt",1.8,0.25,0.122476996535072,0.993091537132988,0.870614540597915
"LocalData3303N0.txt",1.8,0.3,0.126670079962228,0.974210406725744,0.847540326763517
"LocalData3304N0.txt",1.8,0.35,0.124279317785664,0.9641248606466,0.839845542860936
"LocalData3305N0.txt",1.8,0.4,0.137464278041924,0.939215021061831,0.801750743019908
"LocalData3306N0.txt",1.8,0.45,0.123048223603713,0.915438121737259,0.792389898133546
"LocalData3307N0.txt",1.8,0.5,0.119384458505116,0.901091719289634,0.781707260784518
"LocalData3308N0.txt",1.8,0.55,0.13288373910605,0.879657873096532,0.746774133990482
"LocalData3309N0.txt",1.8,0.6,0.1202235218723,0.85419128073566,0.73396775886336
"LocalData330N0.txt",0.3,1.65,0.763154934421748,0.837461419779443,0.0743064853576947
"LocalData3310N0.txt",1.8,0.65,0.117450300333843,0.836144950324524,0.71869464999068
"LocalData3311N0.txt",1.8,0.7,0.125999548867816,0.827776872582174,0.701777323714357
"LocalData3312N0.txt",1.8,0.75,0.123242564283663,0.802240209173343,0.67899764488968
"LocalData3313N0.txt",1.8,0.8,0.12892989546987,0.797365231854967,0.668435336385097
"LocalData3314N0.txt",1.8,0.85,0.130209355090974,0.782004647761911,0.651795292670937
"LocalData3315N0.txt",1.8,0.9,0.133094729732044,0.76482229093153,0.631727561199486
"LocalData3316N0.txt",1.8,0.95,0.121057818915071,0.752266790971379,0.631208972056308
"LocalData3317N0.txt",1.8,1,0.12348761511751,0.740465801658554,0.616978186541044
"LocalData3318N0.txt",1.8,1.05,0.124495077019404,0.730508247498466,0.606013170479063
"LocalData3319N0.txt",1.8,1.1,0.113453292254848,0.7191857013655,0.605732409110652
"LocalData331N0.txt",0.3,1.7,0.722683565984121,0.792620388152181,0.0699368221680592
"LocalData3320N0.txt",1.8,1.15,0.123775254938605,0.708727772790526,0.584952517851921
"LocalData3321N0.txt",1.8,1.2,0.117018662676224,0.700244592114656,0.583225929438432
"LocalData3322N0.txt",1.8,1.25,0.128250144142114,0.694600612460807,0.566350468318692
"LocalData3323N0.txt",1.8,1.3,0.124910902849055,0.67281763328388,0.547906730434825
"LocalData3324N0.txt",1.8,1.35,0.115290504685226,0.671517814498646,0.55622730981342
"LocalData3325N0.txt",1.8,1.4,0.124445412515131,0.662843739367749,0.538398326852618
"LocalData3326N0.txt",1.8,1.45,0.123242868482185,0.653378266108728,0.530135397626543
"LocalData3327N0.txt",1.8,1.5,0.122743227339693,0.641707778666421,0.518964551326728
"LocalData3328N0.txt",1.8,1.55,0.122736995852557,0.641146261462623,0.518409265610067
"LocalData3329N0.txt",1.8,1.6,0.122645309948903,0.630585490954183,0.50794018100528
"LocalData332N0.txt",0.3,1.75,0.768576961082754,0.838857152563892,0.0702801914811382
"LocalData3330N0.txt",1.8,1.65,0.126115716764641,0.625063710464579,0.498947993699938
"LocalData3331N0.txt",1.8,1.7,0.126292073821404,0.615332882174365,0.489040808352961
"LocalData3332N0.txt",1.8,1.75,0.124384341846495,0.6185463157657,0.494161973919205
"LocalData3333N0.txt",1.8,1.8,0.125601016558668,0.595267163383964,0.469666146825296
"LocalData3334N0.txt",1.8,1.85,0.124047583288008,0.596204074955305,0.472156491667297
"LocalData3335N0.txt",1.8,1.9,0.118022256843776,0.592221595391734,0.474199338547958
"LocalData3336N0.txt",1.8,1.95,0.118808570289414,0.581872530829642,0.463063960540228
"LocalData3337N0.txt",1.8,2,0.116560525089232,0.587333819645456,0.470773294556224
"LocalData3338N0.txt",1.8,2.05,0.126929775186443,0.573248143102357,0.446318367915914
"LocalData3339N0.txt",1.8,2.1,0.122767511108472,0.566341428760018,0.443573917651546
"LocalData333N0.txt",0.3,1.8,0.724732092096067,0.792041814042983,0.0673097219469154
"LocalData3340N0.txt",1.8,2.15,0.118210415289609,0.559556646857368,0.441346231567759
"LocalData3341N0.txt",1.8,2.2,0.118545312005591,0.558293922191122,0.439748610185531
"LocalData3342N0.txt",1.8,2.25,0.122124214091175,0.536671226209602,0.414547012118428
"LocalData3343N0.txt",1.8,2.3,0.12630574852805,0.544874112073734,0.418568363545684
"LocalData3344N0.txt",1.8,2.35,0.127445021555099,0.5375221735999,0.410077152044802
"LocalData3345N0.txt",1.8,2.4,0.121898981347087,0.530372074201912,0.408473092854825
"LocalData3346N0.txt",1.8,2.45,0.123998128608603,0.52272028989915,0.398722161290547
"LocalData3347N0.txt",1.8,2.5,0.117264131982166,0.515940829998571,0.398676698016404
"LocalData334N0.txt",0.3,1.85,0.757902030511636,0.820953986358953,0.0630519558473168
"LocalData335N0.txt",0.3,1.9,0.779699058378888,0.845805321097998,0.0661062627191107
"LocalData336N0.txt",0.3,1.95,0.742909081413462,0.784571429794933,0.0416623483814702
"LocalData337N0.txt",0.3,2,0.713377853143954,0.756366729922813,0.0429888767788592
"LocalData338N0.txt",0.3,2.05,0.729067532156117,0.772282153997984,0.0432146218418665
"LocalData339N0.txt",0.3,2.1,0.710003413154354,0.750768626273993,0.0407652131196395
"LocalData3401N0.txt",1.85,0.2,0.121034622026787,NA,NA
"LocalData3402N0.txt",1.85,0.25,0.116147241825938,0.996598639455782,0.880451397629844
"LocalData3403N0.txt",1.85,0.3,0.124413848852637,0.97542242703533,0.851008578182693
"LocalData3404N0.txt",1.85,0.35,0.119307958816227,0.962704295951146,0.843396337134919
"LocalData3405N0.txt",1.85,0.4,0.120125521974035,0.946188511441676,0.826062989467641
"LocalData3406N0.txt",1.85,0.45,0.131080166191018,0.9320091762341,0.800929010043082
"LocalData3407N0.txt",1.85,0.5,0.123642546994782,0.902699096920687,0.779056549925904
"LocalData3408N0.txt",1.85,0.55,0.134125423777046,0.881052803271011,0.746927379493965
"LocalData3409N0.txt",1.85,0.6,0.118839069737849,0.852489593414521,0.733650523676673
"LocalData340N0.txt",0.3,2.15,0.757139023214663,0.782555953220404,0.0254169300057415
"LocalData3410N0.txt",1.85,0.65,0.121007394484924,0.848374768437428,0.727367373952504
"LocalData3411N0.txt",1.85,0.7,0.122031612324698,0.821615428426553,0.699583816101855
"LocalData3412N0.txt",1.85,0.75,0.121281975733377,0.809314580282677,0.6880326045493
"LocalData3413N0.txt",1.85,0.8,0.113932388599288,0.782502189862744,0.668569801263456
"LocalData3414N0.txt",1.85,0.85,0.12080603338359,0.777596177217001,0.656790143833411
"LocalData3415N0.txt",1.85,0.9,0.120136802271543,0.764176375696289,0.644039573424746
"LocalData3416N0.txt",1.85,0.95,0.114163148772475,0.751604147582608,0.637440998810133
"LocalData3417N0.txt",1.85,1,0.124659087714385,0.755401221349626,0.630742133635241
"LocalData3418N0.txt",1.85,1.05,0.120450289683893,0.738020075650764,0.61756978596687
"LocalData3419N0.txt",1.85,1.1,0.119113200200477,0.719450483105049,0.600337282904573
"LocalData341N0.txt",0.3,2.2,0.734245652681319,0.766506120525081,0.0322604678437618
"LocalData3420N0.txt",1.85,1.15,0.121016219741168,0.712141316206104,0.591125096464935
"LocalData3421N0.txt",1.85,1.2,0.12621044438928,0.701325587223022,0.575115142833742
"LocalData3422N0.txt",1.85,1.25,0.125832258559896,0.696703405423786,0.57087114686389
"LocalData3423N0.txt",1.85,1.3,0.124728002188971,0.680924218689955,0.556196216500984
"LocalData3424N0.txt",1.85,1.35,0.115953228210093,0.672146627078392,0.556193398868299
"LocalData3425N0.txt",1.85,1.4,0.119821956017396,0.669954228180482,0.550132272163085
"LocalData3426N0.txt",1.85,1.45,0.120426531823469,0.645032461621092,0.524605929797623
"LocalData3427N0.txt",1.85,1.5,0.126098910587998,0.64804475961481,0.521945849026812
"LocalData3428N0.txt",1.85,1.55,0.116728667500051,0.642017205021501,0.52528853752145
"LocalData3429N0.txt",1.85,1.6,0.11360345929525,0.635982722394946,0.522379263099696
"LocalData342N0.txt",0.3,2.25,0.734578287920792,0.763267275806831,0.028688987886039
"LocalData3430N0.txt",1.85,1.65,0.117860779915237,0.625734668278874,0.507873888363637
"LocalData3431N0.txt",1.85,1.7,0.117559527992375,0.617291942186071,0.499732414193696
"LocalData3432N0.txt",1.85,1.75,0.116597533883233,0.601321962506824,0.484724428623591
"LocalData3433N0.txt",1.85,1.8,0.120873162331211,0.606299172437611,0.4854260101064
"LocalData3434N0.txt",1.85,1.85,0.12147630573886,0.594243724287983,0.472767418549124
"LocalData3435N0.txt",1.85,1.9,0.12661242515329,0.583205955059352,0.456593529906062
"LocalData3436N0.txt",1.85,1.95,0.127540224026454,0.581570297878732,0.454030073852278
"LocalData3437N0.txt",1.85,2,0.11049967861862,0.569089625269492,0.458589946650872
"LocalData3438N0.txt",1.85,2.05,0.121056951851973,0.564361431921442,0.443304480069469
"LocalData3439N0.txt",1.85,2.1,0.121997933598914,0.561761329107874,0.43976339550896
"LocalData343N0.txt",0.3,2.3,0.76600175819797,0.782968618008914,0.016966859810944
"LocalData3440N0.txt",1.85,2.15,0.118428847005646,0.563307577952871,0.444878730947224
"LocalData3441N0.txt",1.85,2.2,0.119422536477672,0.547836196727207,0.428413660249535
"LocalData3442N0.txt",1.85,2.25,0.12722898908194,0.548401983770688,0.421172994688747
"LocalData3443N0.txt",1.85,2.3,0.126014707852356,0.542996732803759,0.416982024951403
"LocalData3444N0.txt",1.85,2.35,0.11552146983755,0.536138524786025,0.420617054948475
"LocalData3445N0.txt",1.85,2.4,0.115690970143329,0.529464939912401,0.413773969769072
"LocalData3446N0.txt",1.85,2.45,0.125810288198575,0.522821423801761,0.397011135603187
"LocalData3447N0.txt",1.85,2.5,0.11602088177789,0.52074290982529,0.4047220280474
"LocalData344N0.txt",0.3,2.35,0.759390364404424,0.779786124867978,0.0203957604635543
"LocalData345N0.txt",0.3,2.4,0.710252207680641,0.731831688822679,0.0215794811420379
"LocalData346N0.txt",0.3,2.45,0.778628338806621,0.777289550759021,-0.00133878804760001
"LocalData347N0.txt",0.3,2.5,0.73974725308864,0.73987553575824,0.000128282669599744
"LocalData3501N0.txt",1.9,0.2,0.1154889347011,1,0.8845110652989
"LocalData3502N0.txt",1.9,0.25,0.117231614992221,0.980366492146597,0.863134877154376
"LocalData3503N0.txt",1.9,0.3,0.115426667414438,0.966921543392131,0.851494875977694
"LocalData3504N0.txt",1.9,0.35,0.107589450613431,0.958522615358302,0.850933164744871
"LocalData3505N0.txt",1.9,0.4,0.115056117853449,0.956572629051621,0.841516511198172
"LocalData3506N0.txt",1.9,0.45,0.117936498276983,0.931057470320688,0.813120972043704
"LocalData3507N0.txt",1.9,0.5,0.114193676878907,0.89720455292181,0.783010876042904
"LocalData3508N0.txt",1.9,0.55,0.122785731052945,0.89032461851073,0.767538887457785
"LocalData3509N0.txt",1.9,0.6,0.110601769284666,0.85321055707106,0.742608787786394
"LocalData3510N0.txt",1.9,0.65,0.122250423583941,0.831551648572544,0.709301224988603
"LocalData3511N0.txt",1.9,0.7,0.122676347797223,0.834240502729637,0.711564154932414
"LocalData3512N0.txt",1.9,0.75,0.119328592178164,0.808655677850639,0.689327085672475
"LocalData3513N0.txt",1.9,0.8,0.121361173266143,0.795792772755099,0.674431599488955
"LocalData3514N0.txt",1.9,0.85,0.118353919700498,0.774985310436089,0.656631390735592
"LocalData3515N0.txt",1.9,0.9,0.123770156412974,0.773207968376739,0.649437811963764
"LocalData3516N0.txt",1.9,0.95,0.121463210275101,0.753094963286121,0.631631753011021
"LocalData3517N0.txt",1.9,1,0.111006542518486,0.743895243552348,0.632888701033862
"LocalData3518N0.txt",1.9,1.05,0.109126397058357,0.732088444009435,0.622962046951078
"LocalData3519N0.txt",1.9,1.1,0.110810658691227,0.723441926109942,0.612631267418715
"LocalData3520N0.txt",1.9,1.15,0.124995441993773,0.719930146226721,0.594934704232949
"LocalData3521N0.txt",1.9,1.2,0.116240746782027,0.705783050975179,0.589542304193152
"LocalData3522N0.txt",1.9,1.25,0.120143504047284,0.689067973975554,0.56892446992827
"LocalData3523N0.txt",1.9,1.3,0.116058671254847,0.681126597083901,0.565067925829054
"LocalData3524N0.txt",1.9,1.35,0.119369031303394,0.672709763774895,0.553340732471501
"LocalData3525N0.txt",1.9,1.4,0.127293984369066,0.664222063567696,0.53692807919863
"LocalData3526N0.txt",1.9,1.45,0.115469147291724,0.660114342420933,0.544645195129209
"LocalData3527N0.txt",1.9,1.5,0.10868677562181,0.638646774508111,0.529959998886301
"LocalData3528N0.txt",1.9,1.55,0.116344893643111,0.639364859761983,0.523019966118872
"LocalData3529N0.txt",1.9,1.6,0.114466185058232,0.63586523451671,0.521399049458477
"LocalData3530N0.txt",1.9,1.65,0.122153594914428,0.628487205757259,0.506333610842831
"LocalData3531N0.txt",1.9,1.7,0.122770638526787,0.625164227711402,0.502393589184615
"LocalData3532N0.txt",1.9,1.75,0.11423349947468,0.611808581074104,0.497575081599423
"LocalData3533N0.txt",1.9,1.8,0.117819956797275,0.592828946478558,0.475008989681283
"LocalData3534N0.txt",1.9,1.85,0.121285431418323,0.59080468727112,0.469519255852798
"LocalData3535N0.txt",1.9,1.9,0.122280435348515,0.587633541081183,0.465353105732668
"LocalData3536N0.txt",1.9,1.95,0.11394727372944,0.575508432563697,0.461561158834257
"LocalData3537N0.txt",1.9,2,0.126653736047478,0.568786376639093,0.442132640591615
"LocalData3538N0.txt",1.9,2.05,0.113500108388073,0.568245971176312,0.454745862788239
"LocalData3539N0.txt",1.9,2.1,0.115710098366732,0.561455662016615,0.445745563649883
"LocalData3540N0.txt",1.9,2.15,0.111071978255733,0.551785056180806,0.440713077925074
"LocalData3541N0.txt",1.9,2.2,0.120089486736274,0.547788076760092,0.427698590023818
"LocalData3542N0.txt",1.9,2.25,0.116188900896236,0.541173761988501,0.424984861092265
"LocalData3543N0.txt",1.9,2.3,0.111173601991914,0.537771409692206,0.426597807700291
"LocalData3544N0.txt",1.9,2.35,0.117728137167159,0.532297690868034,0.414569553700874
"LocalData3545N0.txt",1.9,2.4,0.113352260309091,0.537743516374017,0.424391256064927
"LocalData3546N0.txt",1.9,2.45,0.113197976707491,0.520600605211719,0.407402628504227
"LocalData3547N0.txt",1.9,2.5,0.10967907333322,0.519573463386847,0.409894390053628
"LocalData3601N0.txt",1.95,0.2,0.111306091467006,0.99492385786802,0.883617766401014
"LocalData3602N0.txt",1.95,0.25,0.114431380524459,0.99492385786802,0.880492477343562
"LocalData3603N0.txt",1.95,0.3,0.121060516244213,0.970724191063174,0.849663674818961
"LocalData3604N0.txt",1.95,0.35,0.112559139223915,0.949380360839988,0.836821221616074
"LocalData3605N0.txt",1.95,0.4,0.113981380833494,0.927551528847323,0.813570148013829
"LocalData3606N0.txt",1.95,0.45,0.117660706078255,0.918293843404548,0.800633137326293
"LocalData3607N0.txt",1.95,0.5,0.119156625665458,0.89354225684008,0.774385631174622
"LocalData3608N0.txt",1.95,0.55,0.114266168098184,0.876151673050742,0.761885504952558
"LocalData3609N0.txt",1.95,0.6,0.111218364955662,0.855346537484991,0.744128172529329
"LocalData3610N0.txt",1.95,0.65,0.108970980041322,0.836657088929215,0.727686108887892
"LocalData3611N0.txt",1.95,0.7,0.115782966668061,0.819170303971236,0.703387337303174
"LocalData3612N0.txt",1.95,0.75,0.120663794843696,0.80236139440861,0.681697599564913
"LocalData3613N0.txt",1.95,0.8,0.114379480943112,0.792843389985811,0.6784639090427
"LocalData3614N0.txt",1.95,0.85,0.116468371805596,0.783994323185907,0.667525951380311
"LocalData3615N0.txt",1.95,0.9,0.113659568531382,0.761614340886319,0.647954772354937
"LocalData3616N0.txt",1.95,0.95,0.111989426219752,0.748191445292988,0.636202019073235
"LocalData3617N0.txt",1.95,1,0.113750388793887,0.742511378861034,0.628760990067147
"LocalData3618N0.txt",1.95,1.05,0.111827171528282,0.73335511296596,0.621527941437678
"LocalData3619N0.txt",1.95,1.1,0.112187526998972,0.71527005899435,0.603082531995377
"LocalData3620N0.txt",1.95,1.15,0.136973874691798,0.715422455513682,0.578448580821884
"LocalData3621N0.txt",1.95,1.2,0.112130246209977,0.704600979155867,0.59247073294589
"LocalData3622N0.txt",1.95,1.25,0.119408120799734,0.690791056771809,0.571382935972075
"LocalData3623N0.txt",1.95,1.3,0.114841543436906,0.682376989013093,0.567535445576188
"LocalData3624N0.txt",1.95,1.35,0.115449070350996,0.679180184894076,0.56373111454308
"LocalData3625N0.txt",1.95,1.4,0.114649954363229,0.657614811797102,0.542964857433874
"LocalData3626N0.txt",1.95,1.45,0.112255911984398,0.652151410509058,0.53989549852466
"LocalData3627N0.txt",1.95,1.5,0.109928999717669,0.641371240926648,0.531442241208979
"LocalData3628N0.txt",1.95,1.55,0.109416058563368,0.638909921784114,0.529493863220746
"LocalData3629N0.txt",1.95,1.6,0.114359309821988,0.627994467868085,0.513635158046098
"LocalData3630N0.txt",1.95,1.65,0.106878678072145,0.63063871956002,0.523760041487874
"LocalData3631N0.txt",1.95,1.7,0.110986425229484,0.608054363926823,0.497067938697339
"LocalData3632N0.txt",1.95,1.75,0.110325540397241,0.605241578262052,0.494916037864811
"LocalData3633N0.txt",1.95,1.8,0.121559450857816,0.611280731354636,0.48972128049682
"LocalData3634N0.txt",1.95,1.85,0.115817168475473,0.594089887818136,0.478272719342664
"LocalData3635N0.txt",1.95,1.9,0.105926783891662,0.582299063927038,0.476372280035376
"LocalData3636N0.txt",1.95,1.95,0.115991216009697,0.584225054023561,0.468233838013864
"LocalData3637N0.txt",1.95,2,0.116010988255237,0.586351340615463,0.470340352360226
"LocalData3638N0.txt",1.95,2.05,0.112228685580401,0.571183403535214,0.458954717954812
"LocalData3639N0.txt",1.95,2.1,0.109097841284419,0.565412890026088,0.456315048741669
"LocalData3640N0.txt",1.95,2.15,0.116060256342967,0.561162505188665,0.445102248845699
"LocalData3641N0.txt",1.95,2.2,0.110108382562182,0.54371836216478,0.433609979602598
"LocalData3642N0.txt",1.95,2.25,0.11068376061997,0.54362922268552,0.43294546206555
"LocalData3643N0.txt",1.95,2.3,0.109522565166076,0.53832861003052,0.428806044864444
"LocalData3644N0.txt",1.95,2.35,0.115287530053273,0.532414618680661,0.417127088627388
"LocalData3645N0.txt",1.95,2.4,0.109129916046639,0.529926141038842,0.420796224992203
"LocalData3646N0.txt",1.95,2.45,0.110087370608846,0.518418828203204,0.408331457594358
"LocalData3647N0.txt",1.95,2.5,0.105564238098865,0.516432817067689,0.410868578968823
"LocalData3701N0.txt",2,0.2,0.117943647694709,0.979381443298969,0.86143779560426
"LocalData3702N0.txt",2,0.25,0.104275415019981,0.985748792270531,0.881473377250551
"LocalData3703N0.txt",2,0.3,0.112171409726672,0.979494278331488,0.867322868604815
"LocalData3704N0.txt",2,0.35,0.106611399378342,0.968105576841209,0.861494177462867
"LocalData3705N0.txt",2,0.4,0.110304831850962,0.932160462654968,0.821855630804006
"LocalData3706N0.txt",2,0.45,0.115368479246514,0.917336264207237,0.801967784960723
"LocalData3707N0.txt",2,0.5,0.107773698210081,0.897332644536225,0.789558946326144
"LocalData3708N0.txt",2,0.55,0.108384778613279,0.870897694149144,0.762512915535865
"LocalData3709N0.txt",2,0.6,0.10952478541154,0.864385006405881,0.754860220994341
"LocalData3710N0.txt",2,0.65,0.116576131654227,0.84899827132182,0.732422139667593
"LocalData3711N0.txt",2,0.7,0.114901779302027,0.812432322324131,0.697530543022105
"LocalData3712N0.txt",2,0.75,0.112091012389182,0.808004593644474,0.695913581255291
"LocalData3713N0.txt",2,0.8,0.107050788325387,0.783990650959792,0.676939862634405
"LocalData3714N0.txt",2,0.85,0.112918400245891,0.77874406654098,0.665825666295089
"LocalData3715N0.txt",2,0.9,0.108978811310807,0.770854431297788,0.661875619986981
"LocalData3716N0.txt",2,0.95,0.117953883898503,0.757589795117588,0.639635911219084
"LocalData3717N0.txt",2,1,0.102935090332062,0.740727315454145,0.637792225122083
"LocalData3718N0.txt",2,1.05,0.108271871953232,0.727543113980344,0.619271242027112
"LocalData3719N0.txt",2,1.1,0.111414914941788,0.709868410915894,0.598453495974107
"LocalData3720N0.txt",2,1.15,0.101292028848312,0.713176674938675,0.611884646090363
"LocalData3721N0.txt",2,1.2,0.110216998463916,0.708714529040771,0.598497530576855
"LocalData3722N0.txt",2,1.25,0.110676148991396,0.706967287262278,0.596291138270883
"LocalData3723N0.txt",2,1.3,0.114923478781034,0.684296987375161,0.569373508594127
"LocalData3724N0.txt",2,1.35,0.112036487139031,0.666237110227235,0.554200623088204
"LocalData3725N0.txt",2,1.4,0.111579297126703,0.658398434589125,0.546819137462421
"LocalData3726N0.txt",2,1.45,0.117807805156198,0.661182764463377,0.543374959307178
"LocalData3727N0.txt",2,1.5,0.108612093785303,0.6542646447541,0.545652550968797
"LocalData3728N0.txt",2,1.55,0.110299369269487,0.645356252679729,0.535056883410242
"LocalData3729N0.txt",2,1.6,0.106801868801639,0.627922891180278,0.521121022378639
"LocalData3730N0.txt",2,1.65,0.10763952958182,0.626149019205379,0.518509489623559
"LocalData3731N0.txt",2,1.7,0.113227074468109,0.616975577701605,0.503748503233495
"LocalData3732N0.txt",2,1.75,0.106224112627267,0.606078256776594,0.499854144149326
"LocalData3733N0.txt",2,1.8,0.107787168528949,0.60043113165024,0.492643963121291
"LocalData3734N0.txt",2,1.85,0.10720510961254,0.603790414617084,0.496585305004543
"LocalData3735N0.txt",2,1.9,0.107532851224016,0.59166209675639,0.484129245532374
"LocalData3736N0.txt",2,1.95,0.116029042776073,0.578572097717949,0.462543054941876
"LocalData3737N0.txt",2,2,0.108957059850233,0.572624675335156,0.463667615484923
"LocalData3738N0.txt",2,2.05,0.107593173381627,0.567415505429596,0.459822332047969
"LocalData3739N0.txt",2,2.1,0.112809831497269,0.556928506624073,0.444118675126804
"LocalData3740N0.txt",2,2.15,0.112119679183459,0.559057718811684,0.446938039628225
"LocalData3741N0.txt",2,2.2,0.107536180459813,0.546871151327482,0.439334970867669
"LocalData3742N0.txt",2,2.25,0.112059284805104,0.547241170989684,0.435181886184579
"LocalData3743N0.txt",2,2.3,0.116741761506076,0.539859654828827,0.423117893322751
"LocalData3744N0.txt",2,2.35,0.105860102718288,0.538015169674858,0.43215506695657
"LocalData3745N0.txt",2,2.4,0.104762738542238,0.523195433773228,0.41843269523099
"LocalData3746N0.txt",2,2.45,0.10783086322963,0.528221473594391,0.420390610364762
"LocalData3747N0.txt",2,2.5,0.116082657290783,0.513528255715013,0.397445598424229
"LocalData3801N0.txt",2.05,0.2,0.1040711369221,0.992307692307692,0.888236555385593
"LocalData3802N0.txt",2.05,0.25,0.107272038892349,0.996598639455782,0.889326600563433
"LocalData3803N0.txt",2.05,0.3,0.111749398972625,0.982363315696649,0.870613916724024
"LocalData3804N0.txt",2.05,0.35,0.106805177645453,0.966727756327756,0.859922578682304
"LocalData3805N0.txt",2.05,0.4,0.106712309802479,0.937442222454433,0.830729912651953
"LocalData3806N0.txt",2.05,0.45,0.109314515036121,0.94435429541942,0.835039780383299
"LocalData3807N0.txt",2.05,0.5,0.102185899495526,0.893490748208359,0.791304848712833
"LocalData3808N0.txt",2.05,0.55,0.112386447995339,0.872425603408909,0.76003915541357
"LocalData3809N0.txt",2.05,0.6,0.109125309610522,0.856711469870306,0.747586160259784
"LocalData3810N0.txt",2.05,0.65,0.11383406354553,0.842171087013901,0.728337023468371
"LocalData3811N0.txt",2.05,0.7,0.10970873560847,0.830212517292222,0.720503781683752
"LocalData3812N0.txt",2.05,0.75,0.109690308596079,0.813508884627931,0.703818576031852
"LocalData3813N0.txt",2.05,0.8,0.0952664935329716,0.790272272042199,0.695005778509228
"LocalData3814N0.txt",2.05,0.85,0.112499181843869,0.781265916904436,0.668766735060567
"LocalData3815N0.txt",2.05,0.9,0.105300167616987,0.769774924802941,0.664474757185955
"LocalData3816N0.txt",2.05,0.95,0.112326446252158,0.753297830639706,0.640971384387547
"LocalData3817N0.txt",2.05,1,0.10708089120529,0.737013395540596,0.629932504335307
"LocalData3818N0.txt",2.05,1.05,0.11794906644498,0.720585191896766,0.602636125451786
"LocalData3819N0.txt",2.05,1.1,0.109604789942539,0.719391560581015,0.609786770638476
"LocalData3820N0.txt",2.05,1.15,0.117401545650826,0.704479534218035,0.587077988567209
"LocalData3821N0.txt",2.05,1.2,0.107338482032458,0.701788941634112,0.594450459601654
"LocalData3822N0.txt",2.05,1.25,0.102015131013774,0.696381680805764,0.59436654979199
"LocalData3823N0.txt",2.05,1.3,0.106363404630602,0.680496931114508,0.574133526483907
"LocalData3824N0.txt",2.05,1.35,0.103924438050276,0.669280497557617,0.565356059507341
"LocalData3825N0.txt",2.05,1.4,0.103028679258632,0.665459219842249,0.562430540583617
"LocalData3826N0.txt",2.05,1.45,0.10320786768975,0.651964564175647,0.548756696485898
"LocalData3827N0.txt",2.05,1.5,0.108859407435977,0.64650704199339,0.537647634557413
"LocalData3828N0.txt",2.05,1.55,0.113187842881524,0.636954927126814,0.523767084245289
"LocalData3829N0.txt",2.05,1.6,0.110393632453312,0.634443571791138,0.524049939337826
"LocalData3830N0.txt",2.05,1.65,0.109607176963545,0.628958766427538,0.519351589463993
"LocalData3831N0.txt",2.05,1.7,0.105029566270997,0.614558936752277,0.509529370481281
"LocalData3832N0.txt",2.05,1.75,0.102989352741336,0.611101253537216,0.50811190079588
"LocalData3833N0.txt",2.05,1.8,0.109865697229018,0.608647272920882,0.498781575691864
"LocalData3834N0.txt",2.05,1.85,0.114603893951873,0.592926148566913,0.478322254615039
"LocalData3835N0.txt",2.05,1.9,0.10913069976051,0.593611557078348,0.484480857317838
"LocalData3836N0.txt",2.05,1.95,0.10140048754554,0.576631098280206,0.475230610734666
"LocalData3837N0.txt",2.05,2,0.108220780425864,0.577096655991563,0.468875875565699
"LocalData3838N0.txt",2.05,2.05,0.112435307053848,0.572137437288945,0.459702130235097
"LocalData3839N0.txt",2.05,2.1,0.109748278676764,0.575172941264108,0.465424662587344
"LocalData3840N0.txt",2.05,2.15,0.105452759735591,0.563888722661413,0.458435962925822
"LocalData3841N0.txt",2.05,2.2,0.103418616310777,0.549328845890277,0.4459102295795
"LocalData3842N0.txt",2.05,2.25,0.109710873221374,0.553942384914008,0.444231511692633
"LocalData3843N0.txt",2.05,2.3,0.109149147374312,0.536941740626724,0.427792593252411
"LocalData3844N0.txt",2.05,2.35,0.108871526095557,0.535779976361628,0.426908450266071
"LocalData3845N0.txt",2.05,2.4,0.105456335602004,0.530323331474496,0.424866995872492
"LocalData3846N0.txt",2.05,2.45,0.108821337592205,0.521051804109207,0.412230466517002
"LocalData3847N0.txt",2.05,2.5,0.109411738422649,0.522971439412486,0.413559700989837
"LocalData3901N0.txt",2.1,0.2,0.102120268915875,NA,NA
"LocalData3902N0.txt",2.1,0.25,0.0990746224996144,0.983068783068783,0.883994160569169
"LocalData3903N0.txt",2.1,0.3,0.103272159574857,0.966630005865728,0.863357846290871
"LocalData3904N0.txt",2.1,0.35,0.103665009305494,0.967866834657879,0.864201825352386
"LocalData3905N0.txt",2.1,0.4,0.106846342036271,0.931326317689954,0.824479975653683
"LocalData3906N0.txt",2.1,0.45,0.113567813964423,0.925214138956086,0.811646324991663
"LocalData3907N0.txt",2.1,0.5,0.0968818698907449,0.909169087850206,0.812287217959461
"LocalData3908N0.txt",2.1,0.55,0.104805623058024,0.869765240997026,0.764959617939003
"LocalData3909N0.txt",2.1,0.6,0.10685992111051,0.866443935510557,0.759584014400048
"LocalData3910N0.txt",2.1,0.65,0.103173941895213,0.845528856000499,0.742354914105286
"LocalData3911N0.txt",2.1,0.7,0.106279706184986,0.829290231142472,0.723010524957487
"LocalData3912N0.txt",2.1,0.75,0.105964889332162,0.807307991700547,0.701343102368385
"LocalData3913N0.txt",2.1,0.8,0.110010361324058,0.785321426266888,0.67531106494283
"LocalData3914N0.txt",2.1,0.85,0.114079586927447,0.78308018783569,0.669000600908242
"LocalData3915N0.txt",2.1,0.9,0.104674630364751,0.761594617502257,0.656919987137506
"LocalData3916N0.txt",2.1,0.95,0.109127071433007,0.75343867675555,0.644311605322543
"LocalData3917N0.txt",2.1,1,0.100978973444775,0.741768935444075,0.6407899619993
"LocalData3918N0.txt",2.1,1.05,0.107406048013821,0.734953985269383,0.627547937255562
"LocalData3919N0.txt",2.1,1.1,0.104949437931035,0.710925913301748,0.605976475370714
"LocalData3920N0.txt",2.1,1.15,0.103159644548455,0.71186640681221,0.608706762263755
"LocalData3921N0.txt",2.1,1.2,0.101484612838551,0.692840634623839,0.591356021785288
"LocalData3922N0.txt",2.1,1.25,0.110266649455164,0.695206700992171,0.584940051537007
"LocalData3923N0.txt",2.1,1.3,0.113630087991269,0.693497975229884,0.579867887238615
"LocalData3924N0.txt",2.1,1.35,0.101434736053733,0.666217071128941,0.564782335075208
"LocalData3925N0.txt",2.1,1.4,0.103385270776887,0.655947899608857,0.55256262883197
"LocalData3926N0.txt",2.1,1.45,0.104834187632912,0.649466562403578,0.544632374770666
"LocalData3927N0.txt",2.1,1.5,0.108758659619025,0.654126207797694,0.545367548178669
"LocalData3928N0.txt",2.1,1.55,0.11028882674113,0.631265932530711,0.520977105789581
"LocalData3929N0.txt",2.1,1.6,0.102847119656816,0.633433877869992,0.530586758213176
"LocalData3930N0.txt",2.1,1.65,0.104661989892741,0.620322563931103,0.515660574038363
"LocalData3931N0.txt",2.1,1.7,0.0998643555674422,0.614977899312267,0.515113543744825
"LocalData3932N0.txt",2.1,1.75,0.105086933416542,0.602947591546017,0.497860658129475
"LocalData3933N0.txt",2.1,1.8,0.0925722897195073,0.601080167595447,0.50850787787594
"LocalData3934N0.txt",2.1,1.85,0.103106947503099,0.59087378721856,0.48776683971546
"LocalData3935N0.txt",2.1,1.9,0.108725546750042,0.578233515126651,0.469507968376609
"LocalData3936N0.txt",2.1,1.95,0.110023088089338,0.582813623581268,0.472790535491929
"LocalData3937N0.txt",2.1,2,0.104174307624879,0.580952983153059,0.476778675528179
"LocalData3938N0.txt",2.1,2.05,0.112612744073525,0.573704854393328,0.461092110319802
"LocalData3939N0.txt",2.1,2.1,0.105201857949778,0.562409142847987,0.457207284898209
"LocalData3940N0.txt",2.1,2.15,0.106570541024405,0.556945207059226,0.450374666034821
"LocalData3941N0.txt",2.1,2.2,0.107041456075198,0.55692246517139,0.449881009096192
"LocalData3942N0.txt",2.1,2.25,0.109809161280602,0.54148356863581,0.431674407355208
"LocalData3943N0.txt",2.1,2.3,0.101985548444203,0.544489367846084,0.442503819401881
"LocalData3944N0.txt",2.1,2.35,0.100226034291883,0.533503315098876,0.433277280806992
"LocalData3945N0.txt",2.1,2.4,0.106417134470214,0.527577451051503,0.421160316581289
"LocalData3946N0.txt",2.1,2.45,0.100567383364949,0.533188199375002,0.432620816010053
"LocalData3947N0.txt",2.1,2.5,0.107279811683158,0.519983878022454,0.412704066339295
"LocalData4001N0.txt",2.15,0.2,0.101027374265249,NA,NA
"LocalData4002N0.txt",2.15,0.25,0.102003234663209,NA,NA
"LocalData4003N0.txt",2.15,0.3,0.0999101613738052,0.980832420591457,0.880922259217652
"LocalData4004N0.txt",2.15,0.35,0.101455633047184,0.960747585747586,0.859291952700401
"LocalData4005N0.txt",2.15,0.4,0.108437993361426,0.953513358559798,0.845075365198372
"LocalData4006N0.txt",2.15,0.45,0.104351826228775,0.918484444174162,0.814132617945388
"LocalData4007N0.txt",2.15,0.5,0.0978134353068118,0.907802117549067,0.809988682242255
"LocalData4008N0.txt",2.15,0.55,0.101861743998814,0.868908502525498,0.767046758526684
"LocalData4009N0.txt",2.15,0.6,0.103779701197543,0.860929842485397,0.757150141287854
"LocalData4010N0.txt",2.15,0.65,0.107222269625591,0.844766927664393,0.737544658038802
"LocalData4011N0.txt",2.15,0.7,0.106106471005938,0.81988931329363,0.713782842287692
"LocalData4012N0.txt",2.15,0.75,0.115557427293421,0.817431406519863,0.701873979226442
"LocalData4013N0.txt",2.15,0.8,0.0949114695706751,0.790568161068633,0.695656691497958
"LocalData4014N0.txt",2.15,0.85,0.111169723931383,0.784024488040813,0.672854764109431
"LocalData4015N0.txt",2.15,0.9,0.10256877107119,0.764451718616082,0.661882947544891
"LocalData4016N0.txt",2.15,0.95,0.103848030384471,0.74787421762288,0.644026187238409
"LocalData4017N0.txt",2.15,1,0.107021956439163,0.738601526645904,0.631579570206741
"LocalData4018N0.txt",2.15,1.05,0.103680208683907,0.730911288108589,0.627231079424681
"LocalData4019N0.txt",2.15,1.1,0.0990330759415026,0.72251473235391,0.623481656412408
"LocalData401N0.txt",0.35,0.2,0.620418204127884,NA,NA
"LocalData4020N0.txt",2.15,1.15,0.103769671716625,0.706379366631252,0.602609694914627
"LocalData4021N0.txt",2.15,1.2,0.103275698582473,0.69548778970853,0.592212091126057
"LocalData4022N0.txt",2.15,1.25,0.102087962157097,0.681732893198867,0.57964493104177
"LocalData4023N0.txt",2.15,1.3,0.103967592872238,0.683531795717133,0.579564202844895
"LocalData4024N0.txt",2.15,1.35,0.106816071714166,0.670381628115042,0.563565556400876
"LocalData4025N0.txt",2.15,1.4,0.100001603042933,0.654678001259865,0.554676398216932
"LocalData4026N0.txt",2.15,1.45,0.101601264960491,0.660722464389472,0.559121199428982
"LocalData4027N0.txt",2.15,1.5,0.101364822772658,0.648620213505429,0.547255390732771
"LocalData4028N0.txt",2.15,1.55,0.101201627813324,0.643595390503306,0.542393762689982
"LocalData4029N0.txt",2.15,1.6,0.106893051516187,0.623389140999094,0.516496089482908
"LocalData402N0.txt",0.35,0.25,0.621248331562015,NA,NA
"LocalData4030N0.txt",2.15,1.65,0.103239074735344,0.624840408607162,0.521601333871818
"LocalData4031N0.txt",2.15,1.7,0.0926882105823496,0.625039254257843,0.532351043675493
"LocalData4032N0.txt",2.15,1.75,0.100271444452412,0.611651219025289,0.511379774572877
"LocalData4033N0.txt",2.15,1.8,0.103417641179732,0.59961841369605,0.496200772516318
"LocalData4034N0.txt",2.15,1.85,0.103136120535176,0.599023904284994,0.495887783749819
"LocalData4035N0.txt",2.15,1.9,0.103475169341198,0.588545412332395,0.485070242991197
"LocalData4036N0.txt",2.15,1.95,0.106588716433279,0.581806944459621,0.475218228026342
"LocalData4037N0.txt",2.15,2,0.100189872111883,0.565304844043884,0.465114971932002
"LocalData4038N0.txt",2.15,2.05,0.105011573755116,0.563616733813749,0.458605160058633
"LocalData4039N0.txt",2.15,2.1,0.105985107803205,0.565817170358725,0.459832062555521
"LocalData403N0.txt",0.35,0.3,0.667507062084312,NA,NA
"LocalData4040N0.txt",2.15,2.15,0.10845308020287,0.549900452031448,0.441447371828578
"LocalData4041N0.txt",2.15,2.2,0.0937372884757623,0.550889588416897,0.457152299941134
"LocalData4042N0.txt",2.15,2.25,0.105833007901692,0.548715359723829,0.442882351822138
"LocalData4043N0.txt",2.15,2.3,0.106391156853666,0.540625304946283,0.434234148092617
"LocalData4044N0.txt",2.15,2.35,0.106530009964983,0.531878714615447,0.425348704650464
"LocalData4045N0.txt",2.15,2.4,0.0980965259819171,0.523897531420657,0.42580100543874
"LocalData4046N0.txt",2.15,2.45,0.105408017705423,0.523645312046726,0.418237294341303
"LocalData4047N0.txt",2.15,2.5,0.100826679033341,0.522455427399062,0.42162874836572
"LocalData404N0.txt",0.35,0.35,0.668589440144556,0.984615384615385,0.316025944470829
"LocalData405N0.txt",0.35,0.4,0.655482171914639,1,0.344517828085361
"LocalData406N0.txt",0.35,0.45,0.677709176805754,0.982010582010582,0.304301405204828
"LocalData407N0.txt",0.35,0.5,0.644392961771025,0.970398217766639,0.326005255995614
"LocalData408N0.txt",0.35,0.55,0.633126486385246,0.953669034903212,0.320542548517966
"LocalData409N0.txt",0.35,0.6,0.675273470557103,0.936774981402311,0.261501510845208
"LocalData4101N0.txt",2.2,0.2,0.103539475081672,NA,NA
"LocalData4102N0.txt",2.2,0.25,0.106619129648653,0.989583333333333,0.88296420368468
"LocalData4103N0.txt",2.2,0.3,0.100084407677275,0.970926301555105,0.87084189387783
"LocalData4104N0.txt",2.2,0.35,0.0951462507093024,0.96264495620131,0.867498705492008
"LocalData4105N0.txt",2.2,0.4,0.101034209529483,0.947314259036948,0.846280049507465
"LocalData4106N0.txt",2.2,0.45,0.105159791148262,0.918653018792194,0.813493227643932
"LocalData4107N0.txt",2.2,0.5,0.0930962069817271,0.878364263580736,0.785268056599008
"LocalData4108N0.txt",2.2,0.55,0.095574797930376,0.872960385580824,0.777385587650448
"LocalData4109N0.txt",2.2,0.6,0.097167903646608,0.855998512807981,0.758830609161373
"LocalData410N0.txt",0.35,0.65,0.62806933075382,0.918714471628451,0.290645140874631
"LocalData4110N0.txt",2.2,0.65,0.0980409860508095,0.8340654326741,0.736024446623291
"LocalData4111N0.txt",2.2,0.7,0.104287234413729,0.83442905469625,0.730141820282521
"LocalData4112N0.txt",2.2,0.75,0.103477144707208,0.810296222136904,0.706819077429696
"LocalData4113N0.txt",2.2,0.8,0.102653623371493,0.787611669420211,0.684958046048717
"LocalData4114N0.txt",2.2,0.85,0.102195405159,0.771068455822763,0.668873050663763
"LocalData4115N0.txt",2.2,0.9,0.101556687009538,0.768159822286487,0.666603135276949
"LocalData4116N0.txt",2.2,0.95,0.101723594019563,0.747529710335244,0.64580611631568
"LocalData4117N0.txt",2.2,1,0.101473152281719,0.740171972377096,0.638698820095377
"LocalData4118N0.txt",2.2,1.05,0.105276411729739,0.737119754447481,0.631843342717742
"LocalData4119N0.txt",2.2,1.1,0.10178467616791,0.719445097860832,0.617660421692921
"LocalData411N0.txt",0.35,0.7,0.665133428207888,0.939521461240012,0.274388033032124
"LocalData4120N0.txt",2.2,1.15,0.0957855637137805,0.719141671246962,0.623356107533181
"LocalData4121N0.txt",2.2,1.2,0.102023927471568,0.694261193042363,0.592237265570795
"LocalData4122N0.txt",2.2,1.25,0.102138366335828,0.693009793319434,0.590871426983606
"LocalData4123N0.txt",2.2,1.3,0.10124084374857,0.675943035366333,0.574702191617763
"LocalData4124N0.txt",2.2,1.35,0.0982650890851648,0.662286041623288,0.564020952538123
"LocalData4125N0.txt",2.2,1.4,0.10065650015279,0.671927316524195,0.571270816371406
"LocalData4126N0.txt",2.2,1.45,0.104156204407379,0.655529685131295,0.551373480723916
"LocalData4127N0.txt",2.2,1.5,0.099818195374734,0.651621288059815,0.551803092685081
"LocalData4128N0.txt",2.2,1.55,0.0990539934663605,0.636440828090536,0.537386834624175
"LocalData4129N0.txt",2.2,1.6,0.102901840811957,0.635603169054152,0.532701328242195
"LocalData412N0.txt",0.35,0.75,0.628146781406963,0.901986819476352,0.273840038069389
"LocalData4130N0.txt",2.2,1.65,0.0983842077626234,0.627176305237662,0.528792097475039
"LocalData4131N0.txt",2.2,1.7,0.0981654317840619,0.610189776196187,0.512024344412125
"LocalData4132N0.txt",2.2,1.75,0.100144169945191,0.613259913890426,0.513115743945235
"LocalData4133N0.txt",2.2,1.8,0.0902136632046298,0.606726823185347,0.516513159980718
"LocalData4134N0.txt",2.2,1.85,0.0967886056023863,0.593853817256006,0.497065211653619
"LocalData4135N0.txt",2.2,1.9,0.09082784751292,0.583519244673593,0.492691397160673
"LocalData4136N0.txt",2.2,1.95,0.104202750187615,0.58487241838088,0.480669668193265
"LocalData4137N0.txt",2.2,2,0.104910579013111,0.572856897754273,0.467946318741162
"LocalData4138N0.txt",2.2,2.05,0.100127852692,0.568027221290553,0.467899368598553
"LocalData4139N0.txt",2.2,2.1,0.0974210281126136,0.564768563132853,0.467347535020239
"LocalData413N0.txt",0.35,0.8,0.661795587845639,0.91063234376375,0.248836755918112
"LocalData4140N0.txt",2.2,2.15,0.10562281975914,0.560355193565817,0.454732373806677
"LocalData4141N0.txt",2.2,2.2,0.102156299262369,0.54972360399434,0.447567304731971
"LocalData4142N0.txt",2.2,2.25,0.105231388174917,0.543921736929259,0.438690348754342
"LocalData4143N0.txt",2.2,2.3,0.110550575167959,0.544638300464071,0.434087725296111
"LocalData4144N0.txt",2.2,2.35,0.0968094221804055,0.53978879879917,0.442979376618765
"LocalData4145N0.txt",2.2,2.4,0.111679569033293,0.530088796484874,0.418409227451582
"LocalData4146N0.txt",2.2,2.45,0.104439483228422,0.528551771783595,0.424112288555173
"LocalData4147N0.txt",2.2,2.5,0.101728276196776,0.513003274636401,0.411274998439625
"LocalData414N0.txt",0.35,0.85,0.66013217740115,0.884016352321617,0.223884174920467
"LocalData415N0.txt",0.35,0.9,0.648154193324315,0.875963043415581,0.227808850091266
"LocalData416N0.txt",0.35,0.95,0.614619651498667,0.85826071684764,0.243641065348973
"LocalData417N0.txt",0.35,1,0.572721762387551,0.820215998705574,0.247494236318023
"LocalData418N0.txt",0.35,1.05,0.650965591125547,0.84023581695817,0.189270225832623
"LocalData419N0.txt",0.35,1.1,0.647820834685312,0.837437104452225,0.189616269766912
"LocalData4201N0.txt",2.25,0.2,0.10094131042685,0.996598639455782,0.895657329028933
"LocalData4202N0.txt",2.25,0.25,0.097330403480931,1,0.902669596519069
"LocalData4203N0.txt",2.25,0.3,0.0953770750338309,0.972851153039832,0.877474078006002
"LocalData4204N0.txt",2.25,0.35,0.0949751836377271,0.949962795938951,0.854987612301224
"LocalData4205N0.txt",2.25,0.4,0.103842718287728,0.945203290657836,0.841360572370108
"LocalData4206N0.txt",2.25,0.45,0.0976373119025819,0.926820156616194,0.829182844713612
"LocalData4207N0.txt",2.25,0.5,0.102133495405296,0.906100131002734,0.803966635597438
"LocalData4208N0.txt",2.25,0.55,0.102049856716668,0.877164305029703,0.775114448313035
"LocalData4209N0.txt",2.25,0.6,0.0963704458637308,0.855150844746802,0.758780398883071
"LocalData420N0.txt",0.35,1.15,0.610748990702205,0.802315454984552,0.191566464282347
"LocalData4210N0.txt",2.25,0.65,0.0984608631024446,0.842603827772865,0.74414296467042
"LocalData4211N0.txt",2.25,0.7,0.0958953784535442,0.824601212169185,0.728705833715641
"LocalData4212N0.txt",2.25,0.75,0.0959546155588053,0.79978530510274,0.703830689543934
"LocalData4213N0.txt",2.25,0.8,0.103540197314471,0.79303821915679,0.689498021842319
"LocalData4214N0.txt",2.25,0.85,0.0889304417892055,0.771552588526063,0.682622146736857
"LocalData4215N0.txt",2.25,0.9,0.0989329173300774,0.769662310577336,0.670729393247258
"LocalData4216N0.txt",2.25,0.95,0.0975177218573352,0.750345892630655,0.65282817077332
"LocalData4217N0.txt",2.25,1,0.0966647535170529,0.744348125864349,0.647683372347296
"LocalData4218N0.txt",2.25,1.05,0.101712670095497,0.731963422882588,0.630250752787091
"LocalData4219N0.txt",2.25,1.1,0.097464348192696,0.715679276667694,0.618214928474998
"LocalData421N0.txt",0.35,1.2,0.661290606091595,0.824810700211792,0.163520094120197
"LocalData4220N0.txt",2.25,1.15,0.0977828633723973,0.70096326994264,0.603180406570242
"LocalData4221N0.txt",2.25,1.2,0.0928664629721687,0.7062426742996,0.613376211327432
"LocalData4222N0.txt",2.25,1.25,0.098699604226954,0.69229056040157,0.593590956174615
"LocalData4223N0.txt",2.25,1.3,0.101526759162441,0.676453850224468,0.574927091062027
"LocalData4224N0.txt",2.25,1.35,0.0979912393694066,0.67026499908539,0.572273759715983
"LocalData4225N0.txt",2.25,1.4,0.101692602484353,0.667236915741906,0.565544313257553
"LocalData4226N0.txt",2.25,1.45,0.0983040933862637,0.65433074275093,0.556026649364667
"LocalData4227N0.txt",2.25,1.5,0.0988092185963051,0.652341351704283,0.553532133107978
"LocalData4228N0.txt",2.25,1.55,0.090813611745128,0.624131556064432,0.533317944319304
"LocalData4229N0.txt",2.25,1.6,0.099247527669503,0.63676739372665,0.537519866057147
"LocalData422N0.txt",0.35,1.25,0.638879309796548,0.807571199504052,0.168691889707504
"LocalData4230N0.txt",2.25,1.65,0.0958504852192506,0.628827434455087,0.532976949235836
"LocalData4231N0.txt",2.25,1.7,0.0921175213428861,0.610167326333379,0.518049804990493
"LocalData4232N0.txt",2.25,1.75,0.10128604512866,0.611228556788636,0.509942511659977
"LocalData4233N0.txt",2.25,1.8,0.0983641476107183,0.602861448529826,0.504497300919108
"LocalData4234N0.txt",2.25,1.85,0.0992437447215939,0.592648647012555,0.493404902290961
"LocalData4235N0.txt",2.25,1.9,0.0956905697630883,0.59122937013836,0.495538800375272
"LocalData4236N0.txt",2.25,1.95,0.104580062200558,0.580020661772606,0.475440599572047
"LocalData4237N0.txt",2.25,2,0.0919335616508042,0.579248755817005,0.4873151941662
"LocalData4238N0.txt",2.25,2.05,0.100345526890203,0.583078091423795,0.482732564533592
"LocalData4239N0.txt",2.25,2.1,0.0985966228440828,0.561483322623632,0.46288669977955
"LocalData423N0.txt",0.35,1.3,0.643064100313527,0.806143218141813,0.163079117828286
"LocalData4240N0.txt",2.25,2.15,0.0946845497507794,0.570583069769293,0.475898520018513
"LocalData4241N0.txt",2.25,2.2,0.1012344075225,0.550033057392442,0.448798649869942
"LocalData4242N0.txt",2.25,2.25,0.0929686036526154,0.553128146769158,0.460159543116542
"LocalData4243N0.txt",2.25,2.3,0.101731591086866,0.541772801778629,0.440041210691762
"LocalData4244N0.txt",2.25,2.35,0.0951394858339213,0.537308437375647,0.442168951541726
"LocalData4245N0.txt",2.25,2.4,0.0945723762684663,0.523727797758051,0.429155421489585
"LocalData4246N0.txt",2.25,2.45,0.0964907889960652,0.52242110007671,0.425930311080645
"LocalData4247N0.txt",2.25,2.5,0.0983895351205028,0.525420295859952,0.427030760739449
"LocalData424N0.txt",0.35,1.35,0.710449569562382,0.844702672984973,0.134253103422591
"LocalData425N0.txt",0.35,1.4,0.64526258850488,0.785833701170086,0.140571112665206
"LocalData426N0.txt",0.35,1.45,0.651101654177288,0.791453402518286,0.140351748340998
"LocalData427N0.txt",0.35,1.5,0.631161870341742,0.753473337382153,0.122311467040411
"LocalData428N0.txt",0.35,1.55,0.659289099045997,0.767630470462988,0.108341371416991
"LocalData429N0.txt",0.35,1.6,0.687259950906533,0.786347916680198,0.0990879657736654
"LocalData4301N0.txt",2.3,0.2,0.0968913224381156,NA,NA
"LocalData4302N0.txt",2.3,0.25,0.0888359116044241,1,0.911164088395576
"LocalData4303N0.txt",2.3,0.3,0.0999530133428994,0.970620313565099,0.870667300222199
"LocalData4304N0.txt",2.3,0.35,0.0969283095448,0.962641895141895,0.865713585597095
"LocalData4305N0.txt",2.3,0.4,0.0938133873842951,0.937791051957064,0.843977664572769
"LocalData4306N0.txt",2.3,0.45,0.0952897480674773,0.932748643795509,0.837458895728032
"LocalData4307N0.txt",2.3,0.5,0.099809438319887,0.901960497435433,0.802151059115546
"LocalData4308N0.txt",2.3,0.55,0.0996970896155218,0.879306831416827,0.779609741801305
"LocalData4309N0.txt",2.3,0.6,0.0966406897635676,0.856135083778947,0.759494394015379
"LocalData430N0.txt",0.35,1.65,0.645585289694081,0.745426524390985,0.0998412346969041
"LocalData4310N0.txt",2.3,0.65,0.0978078685989628,0.839697245366599,0.741889376767636
"LocalData4311N0.txt",2.3,0.7,0.103804307306674,0.839340716567039,0.735536409260365
"LocalData4312N0.txt",2.3,0.75,0.0975231915774488,0.809869700392806,0.712346508815357
"LocalData4313N0.txt",2.3,0.8,0.0949832380727155,0.794266302104641,0.699283064031926
"LocalData4314N0.txt",2.3,0.85,0.0968772035234588,0.774332392828646,0.677455189305187
"LocalData4315N0.txt",2.3,0.9,0.0982638654868844,0.770643139381083,0.672379273894198
"LocalData4316N0.txt",2.3,0.95,0.0880966095405229,0.759456868297076,0.671360258756553
"LocalData4317N0.txt",2.3,1,0.092201011060027,0.741401142130767,0.64920013107074
"LocalData4318N0.txt",2.3,1.05,0.0937467865158389,0.723954399466004,0.630207612950165
"LocalData4319N0.txt",2.3,1.1,0.0969342968505551,0.710872778962167,0.613938482111612
"LocalData431N0.txt",0.35,1.7,0.64074364555562,0.741802388028947,0.101058742473327
"LocalData4320N0.txt",2.3,1.15,0.0995690737922493,0.709264825474986,0.609695751682737
"LocalData4321N0.txt",2.3,1.2,0.0980670705087887,0.68828231309361,0.590215242584822
"LocalData4322N0.txt",2.3,1.25,0.0992065163599317,0.690684611201797,0.591478094841866
"LocalData4323N0.txt",2.3,1.3,0.0950525860680889,0.684003603956741,0.588951017888652
"LocalData4324N0.txt",2.3,1.35,0.0824754264220693,0.66154355930088,0.579068132878811
"LocalData4325N0.txt",2.3,1.4,0.0968069313388412,0.664547061785698,0.567740130446857
"LocalData4326N0.txt",2.3,1.45,0.0975139133504026,0.672506745225077,0.574992831874675
"LocalData4327N0.txt",2.3,1.5,0.0903822069852874,0.646541068899048,0.55615886191376
"LocalData4328N0.txt",2.3,1.55,0.0938539173252596,0.641649293144231,0.547795375818971
"LocalData4329N0.txt",2.3,1.6,0.101114599665407,0.636600134013471,0.535485534348065
"LocalData432N0.txt",0.35,1.75,0.648658276388246,0.738438150099422,0.0897798737111768
"LocalData4330N0.txt",2.3,1.65,0.0909765622033166,0.616174808984771,0.525198246781454
"LocalData4331N0.txt",2.3,1.7,0.101686554542994,0.61337885744276,0.511692302899765
"LocalData4332N0.txt",2.3,1.75,0.0894962568583726,0.614723883288829,0.525227626430456
"LocalData4333N0.txt",2.3,1.8,0.0951438705959212,0.600040157304397,0.504896286708475
"LocalData4334N0.txt",2.3,1.85,0.0951659000108745,0.593455780361711,0.498289880350837
"LocalData4335N0.txt",2.3,1.9,0.096590030518833,0.5820287408889,0.485438710370067
"LocalData4336N0.txt",2.3,1.95,0.0950989416716214,0.583402002960158,0.488303061288536
"LocalData4337N0.txt",2.3,2,0.0920334065471786,0.569814743821881,0.477781337274702
"LocalData4338N0.txt",2.3,2.05,0.0984360875761197,0.571884310217816,0.473448222641697
"LocalData4339N0.txt",2.3,2.1,0.0941982854415628,0.560081540988469,0.465883255546906
"LocalData433N0.txt",0.35,1.8,0.654223154423685,0.73310591527312,0.0788827608494356
"LocalData4340N0.txt",2.3,2.15,0.0929394939262704,0.554234474256969,0.461294980330698
"LocalData4341N0.txt",2.3,2.2,0.0978782034886202,0.551067655229822,0.453189451741202
"LocalData4342N0.txt",2.3,2.25,0.0951625371049943,0.544367755897493,0.449205218792499
"LocalData4343N0.txt",2.3,2.3,0.0960791753073414,0.540247030607322,0.44416785529998
"LocalData4344N0.txt",2.3,2.35,0.0977155618820814,0.536924861802112,0.439209299920031
"LocalData4345N0.txt",2.3,2.4,0.0960560667477612,0.527717561958423,0.431661495210662
"LocalData4346N0.txt",2.3,2.45,0.0980673306409764,0.527478821638914,0.429411490997937
"LocalData4347N0.txt",2.3,2.5,0.0921636514715011,0.515823529274723,0.423659877803222
"LocalData434N0.txt",0.35,1.85,0.677495695567438,0.750108019775002,0.0726123242075642
"LocalData435N0.txt",0.35,1.9,0.658878433558073,0.722042433370521,0.0631639998124476
"LocalData436N0.txt",0.35,1.95,0.685353562475746,0.765252945035306,0.0798993825595604
"LocalData437N0.txt",0.35,2,0.640421126829071,0.705299344221026,0.0648782173919547
"LocalData438N0.txt",0.35,2.05,0.663186314861082,0.72145321114138,0.058266896280298
"LocalData439N0.txt",0.35,2.1,0.614459217560303,0.678047375648915,0.0635881580886113
"LocalData4401N0.txt",2.35,0.2,0.0964514622295637,NA,NA
"LocalData4402N0.txt",2.35,0.25,0.0988124160971945,0.990328820116054,0.89151640401886
"LocalData4403N0.txt",2.35,0.3,0.0894402912665303,0.976147012291591,0.88670672102506
"LocalData4404N0.txt",2.35,0.35,0.0904307643672792,0.953377682743328,0.862946918376049
"LocalData4405N0.txt",2.35,0.4,0.0998485365533555,0.957730344923893,0.857881808370538
"LocalData4406N0.txt",2.35,0.45,0.0897806938833922,0.930959426144311,0.841178732260919
"LocalData4407N0.txt",2.35,0.5,0.0981500837757135,0.922263060720214,0.824112976944501
"LocalData4408N0.txt",2.35,0.55,0.0967985412021733,0.883157646859256,0.786359105657083
"LocalData4409N0.txt",2.35,0.6,0.0962041873644792,0.854957139222507,0.758752951858028
"LocalData440N0.txt",0.35,2.15,0.702100732375338,0.745077766584535,0.0429770342091969
"LocalData4410N0.txt",2.35,0.65,0.0927787034679921,0.843823518001936,0.751044814533944
"LocalData4411N0.txt",2.35,0.7,0.100980487727434,0.826202957924253,0.725222470196819
"LocalData4412N0.txt",2.35,0.75,0.0938994957866523,0.816728705352096,0.722829209565444
"LocalData4413N0.txt",2.35,0.8,0.0969607384350826,0.792751574862865,0.695790836427782
"LocalData4414N0.txt",2.35,0.85,0.0986738578501027,0.780943877652458,0.682270019802356
"LocalData4415N0.txt",2.35,0.9,0.101104483243224,0.765630010434454,0.664525527191231
"LocalData4416N0.txt",2.35,0.95,0.0899107268341325,0.748204110640743,0.65829338380661
"LocalData4417N0.txt",2.35,1,0.0893405924174558,0.741460776607067,0.652120184189612
"LocalData4418N0.txt",2.35,1.05,0.0960556553724941,0.724293762731592,0.628238107359098
"LocalData4419N0.txt",2.35,1.1,0.0917397580306261,0.713928488515022,0.622188730484396
"LocalData441N0.txt",0.35,2.2,0.664070928842349,0.693320672730228,0.0292497438878787
"LocalData4420N0.txt",2.35,1.15,0.0930613902571978,0.704093344082264,0.611031953825066
"LocalData4421N0.txt",2.35,1.2,0.094446974629713,0.70118979212872,0.606742817499007
"LocalData4422N0.txt",2.35,1.25,0.0974083524300492,0.683383976094936,0.585975623664887
"LocalData4423N0.txt",2.35,1.3,0.090086322985489,0.676536945061115,0.586450622075626
"LocalData4424N0.txt",2.35,1.35,0.0893395532896594,0.665670028851156,0.576330475561497
"LocalData4425N0.txt",2.35,1.4,0.0981375330797661,0.669660602886552,0.571523069806786
"LocalData4426N0.txt",2.35,1.45,0.0924031993253419,0.646970192766507,0.554566993441165
"LocalData4427N0.txt",2.35,1.5,0.0951315329650986,0.642146000876027,0.547014467910928
"LocalData4428N0.txt",2.35,1.55,0.0959742379766678,0.637390772800804,0.541416534824136
"LocalData4429N0.txt",2.35,1.6,0.0919909545384782,0.630000390870726,0.538009436332248
"LocalData442N0.txt",0.35,2.25,0.648317142364509,0.688440127218774,0.0401229848542649
"LocalData4430N0.txt",2.35,1.65,0.0891151816336505,0.621559703754108,0.532444522120457
"LocalData4431N0.txt",2.35,1.7,0.0916515978096238,0.614016149730612,0.522364551920989
"LocalData4432N0.txt",2.35,1.75,0.0945977441523342,0.604430792052813,0.509833047900479
"LocalData4433N0.txt",2.35,1.8,0.0882173265561652,0.598370742794546,0.510153416238381
"LocalData4434N0.txt",2.35,1.85,0.0943363316343649,0.599994249173851,0.505657917539486
"LocalData4435N0.txt",2.35,1.9,0.0886766952148327,0.581917636761925,0.493240941547092
"LocalData4436N0.txt",2.35,1.95,0.0898165090801216,0.577153525456489,0.487337016376367
"LocalData4437N0.txt",2.35,2,0.0952315728839314,0.584115601522476,0.488884028638545
"LocalData4438N0.txt",2.35,2.05,0.0995243874455907,0.573840444128843,0.474316056683253
"LocalData4439N0.txt",2.35,2.1,0.100264373955548,0.55639946956251,0.456135095606962
"LocalData443N0.txt",0.35,2.3,0.657189975469401,0.690792003236999,0.0336020277675982
"LocalData4440N0.txt",2.35,2.15,0.0935952885464143,0.548274515874828,0.454679227328414
"LocalData4441N0.txt",2.35,2.2,0.0933402559958425,0.555377060053438,0.462036804057596
"LocalData4442N0.txt",2.35,2.25,0.0964832407066217,0.546776469667846,0.450293228961224
"LocalData4443N0.txt",2.35,2.3,0.101675720038744,0.538532171767389,0.436856451728645
"LocalData4444N0.txt",2.35,2.35,0.0919087674093459,0.5302760695422,0.438367302132854
"LocalData4445N0.txt",2.35,2.4,0.0880806996652218,0.533159607621477,0.445078907956255
"LocalData4446N0.txt",2.35,2.45,0.0971155393732514,0.534802858515322,0.437687319142071
"LocalData4447N0.txt",2.35,2.5,0.0925300198314699,0.51835726834456,0.42582724851309
"LocalData444N0.txt",0.35,2.35,0.605449212265311,0.638696427956278,0.0332472156909669
"LocalData445N0.txt",0.35,2.4,0.627470946865343,0.67546053229829,0.0479895854329474
"LocalData446N0.txt",0.35,2.45,0.662437479065543,0.672338981213496,0.00990150214795293
"LocalData447N0.txt",0.35,2.5,0.649984529188444,0.659815768380985,0.00983123919254092
"LocalData4501N0.txt",2.4,0.2,0.0936741742232903,1,0.90632582577671
"LocalData4502N0.txt",2.4,0.25,0.0904546773832399,0.989795918367347,0.899341240984107
"LocalData4503N0.txt",2.4,0.3,0.0906659701827045,0.973639846743295,0.882973876560591
"LocalData4504N0.txt",2.4,0.35,0.0962291367733536,0.972699091515913,0.876469954742559
"LocalData4505N0.txt",2.4,0.4,0.0868256012495863,0.945982918341218,0.859157317091632
"LocalData4506N0.txt",2.4,0.45,0.0956753042776894,0.924843651136301,0.829168346858611
"LocalData4507N0.txt",2.4,0.5,0.0928807594720311,0.898550709993138,0.805669950521107
"LocalData4508N0.txt",2.4,0.55,0.100263458944214,0.896472506146954,0.79620904720274
"LocalData4509N0.txt",2.4,0.6,0.0876627446927117,0.864427981886256,0.776765237193545
"LocalData4510N0.txt",2.4,0.65,0.0987471746003697,0.832575218662437,0.733828044062067
"LocalData4511N0.txt",2.4,0.7,0.0954899483826776,0.814709556287059,0.719219607904381
"LocalData4512N0.txt",2.4,0.75,0.0944018463481333,0.803674277082582,0.709272430734448
"LocalData4513N0.txt",2.4,0.8,0.0909131845958328,0.782282831203861,0.691369646608028
"LocalData4514N0.txt",2.4,0.85,0.0941166854050494,0.779369753728355,0.685253068323305
"LocalData4515N0.txt",2.4,0.9,0.0947890943035564,0.769629540027,0.674840445723443
"LocalData4516N0.txt",2.4,0.95,0.0851309522491287,0.755833678027681,0.670702725778553
"LocalData4517N0.txt",2.4,1,0.0960127963674791,0.740353278098126,0.644340481730647
"LocalData4518N0.txt",2.4,1.05,0.0884367757456241,0.72198042392483,0.633543648179206
"LocalData4519N0.txt",2.4,1.1,0.0983222038813981,0.722465928721804,0.624143724840406
"LocalData4520N0.txt",2.4,1.15,0.0901710740938493,0.710566711962979,0.62039563786913
"LocalData4521N0.txt",2.4,1.2,0.0945235132469979,0.692845929866507,0.598322416619509
"LocalData4522N0.txt",2.4,1.25,0.0892587683879956,0.682768631908013,0.593509863520017
"LocalData4523N0.txt",2.4,1.3,0.0836377914668845,0.677232498250883,0.593594706783999
"LocalData4524N0.txt",2.4,1.35,0.0927655903017341,0.673108052715792,0.580342462414058
"LocalData4525N0.txt",2.4,1.4,0.0926493815691045,0.659525652143888,0.566876270574784
"LocalData4526N0.txt",2.4,1.45,0.0964510728657378,0.650996083900093,0.554545011034355
"LocalData4527N0.txt",2.4,1.5,0.0934336615605287,0.642256782306199,0.54882312074567
"LocalData4528N0.txt",2.4,1.55,0.0892898343036096,0.637674733190589,0.548384898886979
"LocalData4529N0.txt",2.4,1.6,0.0943133769314108,0.641073799363581,0.54676042243217
"LocalData4530N0.txt",2.4,1.65,0.0907254948484031,0.61893375564845,0.528208260800047
"LocalData4531N0.txt",2.4,1.7,0.0885544565354736,0.617096176742666,0.528541720207193
"LocalData4532N0.txt",2.4,1.75,0.09362949664968,0.610130351990493,0.516500855340813
"LocalData4533N0.txt",2.4,1.8,0.101163986891191,0.599814210932307,0.498650224041116
"LocalData4534N0.txt",2.4,1.85,0.0848374479070542,0.589536846932914,0.50469939902586
"LocalData4535N0.txt",2.4,1.9,0.0944666227739363,0.584382809736617,0.489916186962681
"LocalData4536N0.txt",2.4,1.95,0.0901596858523061,0.575082096430797,0.484922410578491
"LocalData4537N0.txt",2.4,2,0.0897072557544157,0.571459589919571,0.481752334165156
"LocalData4538N0.txt",2.4,2.05,0.087514522908097,0.570770404476104,0.483255881568007
"LocalData4539N0.txt",2.4,2.1,0.104338500452174,0.567504676893752,0.463166176441578
"LocalData4540N0.txt",2.4,2.15,0.0951055557244976,0.553640491144454,0.458534935419956
"LocalData4541N0.txt",2.4,2.2,0.0930037752884707,0.54357030552195,0.450566530233479
"LocalData4542N0.txt",2.4,2.25,0.0899611120682993,0.546338130727856,0.456377018659557
"LocalData4543N0.txt",2.4,2.3,0.0938463055309304,0.542614874787956,0.448768569257026
"LocalData4544N0.txt",2.4,2.35,0.090791345963543,0.535438226389761,0.444646880426218
"LocalData4545N0.txt",2.4,2.4,0.087673290616707,0.531182689904528,0.443509399287821
"LocalData4546N0.txt",2.4,2.45,0.0902059813758296,0.528388960451273,0.438182979075443
"LocalData4547N0.txt",2.4,2.5,0.0944954184388415,0.514093120327805,0.419597701888964
"LocalData4601N0.txt",2.45,0.2,0.0935914349776091,NA,NA
"LocalData4602N0.txt",2.45,0.25,0.0896176383879719,0.988656195462478,0.899038557074506
"LocalData4603N0.txt",2.45,0.3,0.0903196451741587,0.938558713752512,0.848239068578354
"LocalData4604N0.txt",2.45,0.35,0.0887244003216141,0.959308841208713,0.870584440887099
"LocalData4605N0.txt",2.45,0.4,0.0972631399346089,0.951027811972152,0.853764672037543
"LocalData4606N0.txt",2.45,0.45,0.0910124502283869,0.925204027638871,0.834191577410484
"LocalData4607N0.txt",2.45,0.5,0.0869794601633218,0.896520177882038,0.809540717718716
"LocalData4608N0.txt",2.45,0.55,0.0872734292213484,0.903406007824153,0.816132578602805
"LocalData4609N0.txt",2.45,0.6,0.0950685020717205,0.846267808359307,0.751199306287586
"LocalData4610N0.txt",2.45,0.65,0.0901183567729207,0.837698248492497,0.747579891719576
"LocalData4611N0.txt",2.45,0.7,0.093902521704987,0.821141209062053,0.727238687357066
"LocalData4612N0.txt",2.45,0.75,0.0851123702121225,0.80535590843268,0.720243538220557
"LocalData4613N0.txt",2.45,0.8,0.0919290021960842,0.788040599154055,0.696111596957971
"LocalData4614N0.txt",2.45,0.85,0.0939513422484318,0.776138512082503,0.682187169834071
"LocalData4615N0.txt",2.45,0.9,0.0892429850962983,0.763223985168292,0.673981000071994
"LocalData4616N0.txt",2.45,0.95,0.0883673129265157,0.749884711191483,0.661517398264968
"LocalData4617N0.txt",2.45,1,0.0848801373041334,0.741996367354823,0.657116230050689
"LocalData4618N0.txt",2.45,1.05,0.0864244142104387,0.722882924090151,0.636458509879712
"LocalData4619N0.txt",2.45,1.1,0.0885097775689411,0.717057971745249,0.628548194176308
"LocalData4620N0.txt",2.45,1.15,0.0988444418652808,0.709412403762493,0.610567961897212
"LocalData4621N0.txt",2.45,1.2,0.0854049391547216,0.69826947064351,0.612864531488788
"LocalData4622N0.txt",2.45,1.25,0.0924786913474796,0.687715885579048,0.595237194231569
"LocalData4623N0.txt",2.45,1.3,0.0885159290525478,0.679655236742569,0.591139307690021
"LocalData4624N0.txt",2.45,1.35,0.090740966427768,0.670884109712831,0.580143143285063
"LocalData4625N0.txt",2.45,1.4,0.0899251728512894,0.664827425047307,0.574902252196017
"LocalData4626N0.txt",2.45,1.45,0.0904722758706473,0.648296264533022,0.557823988662375
"LocalData4627N0.txt",2.45,1.5,0.0945553416533501,0.64762909415395,0.5530737525006
"LocalData4628N0.txt",2.45,1.55,0.087185122779153,0.641111665030976,0.553926542251823
"LocalData4629N0.txt",2.45,1.6,0.0831455944835044,0.639826780612457,0.556681186128953
"LocalData4630N0.txt",2.45,1.65,0.0870609525214421,0.624711898605717,0.537650946084275
"LocalData4631N0.txt",2.45,1.7,0.0911110425708299,0.616416223516569,0.525305180945739
"LocalData4632N0.txt",2.45,1.75,0.0968549783618028,0.604039675725487,0.507184697363684
"LocalData4633N0.txt",2.45,1.8,0.0919074201498511,0.599074123264215,0.507166703114364
"LocalData4634N0.txt",2.45,1.85,0.088757862621331,0.599284999877144,0.510527137255813
"LocalData4635N0.txt",2.45,1.9,0.0860607932693342,0.589100267469498,0.503039474200164
"LocalData4636N0.txt",2.45,1.95,0.0909722582522024,0.57843779587399,0.487465537621787
"LocalData4637N0.txt",2.45,2,0.0932484396798218,0.57177708591341,0.478528646233588
"LocalData4638N0.txt",2.45,2.05,0.0947310109633146,0.566941375766715,0.4722103648034
"LocalData4639N0.txt",2.45,2.1,0.0933784822011092,0.563970015468891,0.470591533267781
"LocalData4640N0.txt",2.45,2.15,0.0911810634715171,0.560175833827977,0.46899477035646
"LocalData4641N0.txt",2.45,2.2,0.0880547651681336,0.550834757637862,0.462779992469729
"LocalData4642N0.txt",2.45,2.25,0.0870533732526462,0.552706060198093,0.465652686945447
"LocalData4643N0.txt",2.45,2.3,0.0958731263650692,0.534469565036836,0.438596438671766
"LocalData4644N0.txt",2.45,2.35,0.0934610364519954,0.533418221822251,0.439957185370255
"LocalData4645N0.txt",2.45,2.4,0.090822764945063,0.519647829178975,0.428825064233912
"LocalData4646N0.txt",2.45,2.45,0.0825519009256132,0.527535874641811,0.444983973716198
"LocalData4647N0.txt",2.45,2.5,0.0885326263185891,0.52288784187615,0.434355215557561
"LocalData4701N0.txt",2.5,0.2,0.0920699890194647,NA,NA
"LocalData4702N0.txt",2.5,0.25,0.0909817811183143,0.985815602836879,0.894833821718565
"LocalData4703N0.txt",2.5,0.3,0.0890244849903952,0.977142857142857,0.888118372152462
"LocalData4704N0.txt",2.5,0.35,0.0912753273621079,0.96191840221691,0.870643074854802
"LocalData4705N0.txt",2.5,0.4,0.0886790159276898,0.942803612013339,0.854124596085649
"LocalData4706N0.txt",2.5,0.45,0.0928646988002419,0.92687746573233,0.834012766932088
"LocalData4707N0.txt",2.5,0.5,0.0887990027044267,0.901979473604968,0.813180470900541
"LocalData4708N0.txt",2.5,0.55,0.0910293183415394,0.876004330291886,0.784975011950347
"LocalData4709N0.txt",2.5,0.6,0.0853558406315161,0.85988072387607,0.774524883244554
"LocalData4710N0.txt",2.5,0.65,0.0841358649571538,0.837344683915548,0.753208818958394
"LocalData4711N0.txt",2.5,0.7,0.09156263994511,0.83234692078295,0.74078428083784
"LocalData4712N0.txt",2.5,0.75,0.0894013569484067,0.80987838176347,0.720477024815063
"LocalData4713N0.txt",2.5,0.8,0.0902471543328341,0.789822646117022,0.699575491784188
"LocalData4714N0.txt",2.5,0.85,0.0931439551749503,0.78587101638341,0.69272706120846
"LocalData4715N0.txt",2.5,0.9,0.0822266836898437,0.765800323786419,0.683573640096576
"LocalData4716N0.txt",2.5,0.95,0.0805177429180672,0.756507568476283,0.675989825558216
"LocalData4717N0.txt",2.5,1,0.0873062535013956,0.740914088640299,0.653607835138904
"LocalData4718N0.txt",2.5,1.05,0.088404811852426,0.740528118299094,0.652123306446668
"LocalData4719N0.txt",2.5,1.1,0.086722193253205,0.728230454261327,0.641508261008122
"LocalData4720N0.txt",2.5,1.15,0.0904203373170138,0.705896236923624,0.615475899606611
"LocalData4721N0.txt",2.5,1.2,0.092809416375771,0.703741608724427,0.610932192348656
"LocalData4722N0.txt",2.5,1.25,0.0869485437426715,0.687528200248667,0.600579656505996
"LocalData4723N0.txt",2.5,1.3,0.0900838868185371,0.686112353465221,0.596028466646684
"LocalData4724N0.txt",2.5,1.35,0.0943276018177283,0.671758169491256,0.577430567673528
"LocalData4725N0.txt",2.5,1.4,0.0905155379199317,0.66089323230384,0.570377694383908
"LocalData4726N0.txt",2.5,1.45,0.0814191024382174,0.648550710494076,0.567131608055858
"LocalData4727N0.txt",2.5,1.5,0.0834227504642003,0.647194618318152,0.563771867853951
"LocalData4728N0.txt",2.5,1.55,0.0905890642015676,0.631452211179972,0.540863146978405
"LocalData4729N0.txt",2.5,1.6,0.0912888662224507,0.632651276226128,0.541362410003678
"LocalData4730N0.txt",2.5,1.65,0.0898385617702581,0.616655219040535,0.526816657270277
"LocalData4731N0.txt",2.5,1.7,0.0924150683141515,0.613097252555107,0.520682184240956
"LocalData4732N0.txt",2.5,1.75,0.0858469086290772,0.609746591415338,0.523899682786261
"LocalData4733N0.txt",2.5,1.8,0.0814730337904777,0.596927108057503,0.515454074267025
"LocalData4734N0.txt",2.5,1.85,0.0838289923590797,0.600125643966327,0.516296651607247
"LocalData4735N0.txt",2.5,1.9,0.0903168700422638,0.587773688698254,0.49745681865599
"LocalData4736N0.txt",2.5,1.95,0.082866531186092,0.579257492749126,0.496390961563034
"LocalData4737N0.txt",2.5,2,0.0874364546852815,0.573503867456219,0.486067412770937
"LocalData4738N0.txt",2.5,2.05,0.0824021073974642,0.571085822988289,0.488683715590825
"LocalData4739N0.txt",2.5,2.1,0.0845313095941185,0.561191404868633,0.476660095274514
"LocalData4740N0.txt",2.5,2.15,0.0841959779194762,0.553513634204036,0.46931765628456
"LocalData4741N0.txt",2.5,2.2,0.0943284668756227,0.555757518009598,0.461429051133976
"LocalData4742N0.txt",2.5,2.25,0.0848070591526312,0.544126075890261,0.45931901673763
"LocalData4743N0.txt",2.5,2.3,0.0875949436644089,0.537306051250213,0.449711107585804
"LocalData4744N0.txt",2.5,2.35,0.0890455495513384,0.532079342847287,0.443033793295949
"LocalData4745N0.txt",2.5,2.4,0.0796644946905187,0.52783654086833,0.448172046177811
"LocalData4746N0.txt",2.5,2.45,0.0836977075720353,0.512419259633152,0.428721552061117
"LocalData4747N0.txt",2.5,2.5,0.0925005643980011,0.522489028842211,0.42998846444421
"LocalData501N0.txt",0.4,0.2,0.566668510519167,NA,NA
"LocalData502N0.txt",0.4,0.25,0.607618410421068,NA,NA
"LocalData503N0.txt",0.4,0.3,0.537365245055339,0.982984293193717,0.445619048138379
"LocalData504N0.txt",0.4,0.35,0.547455242320167,0.981719367588933,0.434264125268765
"LocalData505N0.txt",0.4,0.4,0.591667739470467,0.994152046783626,0.402484307313158
"LocalData506N0.txt",0.4,0.45,0.585939101572128,0.961640996073909,0.375701894501781
"LocalData507N0.txt",0.4,0.5,0.562803681867248,0.952837826437826,0.390034144570579
"LocalData508N0.txt",0.4,0.55,0.573201794265152,0.947708704913674,0.374506910648522
"LocalData509N0.txt",0.4,0.6,0.566690486642831,0.916180423033945,0.349489936391113
"LocalData510N0.txt",0.4,0.65,0.562439580214133,0.898422157939502,0.335982577725368
"LocalData511N0.txt",0.4,0.7,0.576671868456356,0.893799303964565,0.317127435508209
"LocalData512N0.txt",0.4,0.75,0.605096903027907,0.888603663276638,0.283506760248731
"LocalData513N0.txt",0.4,0.8,0.578912573744674,0.86720580587165,0.288293232126977
"LocalData514N0.txt",0.4,0.85,0.552787126443653,0.842325665666054,0.289538539222401
"LocalData515N0.txt",0.4,0.9,0.586610272403767,0.858424464037059,0.271814191633292
"LocalData516N0.txt",0.4,0.95,0.549012727490615,0.814955793310214,0.265943065819598
"LocalData517N0.txt",0.4,1,0.577819475631227,0.839443585965217,0.261624110333991
"LocalData518N0.txt",0.4,1.05,0.562103826978821,0.806412774058433,0.244308947079612
"LocalData519N0.txt",0.4,1.1,0.575507281757227,0.795971095335079,0.220463813577851
"LocalData520N0.txt",0.4,1.15,0.542381415702921,0.771354970633545,0.228973554930624
"LocalData521N0.txt",0.4,1.2,0.570242533924927,0.777073644783111,0.206831110858185
"LocalData522N0.txt",0.4,1.25,0.599594254451739,0.784611044837189,0.18501679038545
"LocalData523N0.txt",0.4,1.3,0.595666331645184,0.789783009810184,0.194116678165
"LocalData524N0.txt",0.4,1.35,0.561223260448787,0.747888127001672,0.186664866552885
"LocalData525N0.txt",0.4,1.4,0.59602220597003,0.761640318521969,0.165618112551939
"LocalData526N0.txt",0.4,1.45,0.574952671874861,0.748331737584448,0.173379065709587
"LocalData527N0.txt",0.4,1.5,0.596614892584779,0.735766584177369,0.13915169159259
"LocalData528N0.txt",0.4,1.55,0.552927716136776,0.712981055584835,0.160053339448059
"LocalData529N0.txt",0.4,1.6,0.601057271265831,0.737948840788175,0.136891569522344
"LocalData530N0.txt",0.4,1.65,0.538726940244049,0.705751098679512,0.167024158435463
"LocalData531N0.txt",0.4,1.7,0.575715633096755,0.70052286897757,0.124807235880815
"LocalData532N0.txt",0.4,1.75,0.57685878090397,0.694520046573643,0.117661265669673
"LocalData533N0.txt",0.4,1.8,0.580577448011039,0.698247431517076,0.117669983506037
"LocalData534N0.txt",0.4,1.85,0.58763724489072,0.692960060664505,0.105322815773785
"LocalData535N0.txt",0.4,1.9,0.571367837020291,0.673476591288443,0.102108754268152
"LocalData536N0.txt",0.4,1.95,0.570254517288721,0.676644093670522,0.106389576381801
"LocalData537N0.txt",0.4,2,0.558165282026039,0.663644594908484,0.105479312882445
"LocalData538N0.txt",0.4,2.05,0.549069159364558,0.651908137076267,0.102838977711709
"LocalData539N0.txt",0.4,2.1,0.561713133400233,0.653482178826812,0.091769045426579
"LocalData540N0.txt",0.4,2.15,0.584410343636565,0.650555894346142,0.0661455507095772
"LocalData541N0.txt",0.4,2.2,0.554163396413735,0.635419336486682,0.081255940072947
"LocalData542N0.txt",0.4,2.25,0.535294413801784,0.62943395354454,0.0941395397427565
"LocalData543N0.txt",0.4,2.3,0.559705730786693,0.630179298951816,0.0704735681651231
"LocalData544N0.txt",0.4,2.35,0.573047625865978,0.630258485514891,0.0572108596489135
"LocalData545N0.txt",0.4,2.4,0.555612778490153,0.621930523832977,0.0663177453428244
"LocalData546N0.txt",0.4,2.45,0.575369336414357,0.628174286512927,0.05280495009857
"LocalData547N0.txt",0.4,2.5,0.58974167746719,0.612826608011142,0.0230849305439522
"LocalData601N0.txt",0.45,0.2,0.527057973218606,1,0.472942026781394
"LocalData602N0.txt",0.45,0.25,0.514756395171267,NA,NA
"LocalData603N0.txt",0.45,0.3,0.495289887906627,0.985185185185185,0.489895297278559
"LocalData604N0.txt",0.45,0.35,0.507438804280909,0.987502693385046,0.480063889104138
"LocalData605N0.txt",0.45,0.4,0.516310916898164,0.978278278278278,0.461967361380115
"LocalData606N0.txt",0.45,0.45,0.497422471825217,0.949359724121326,0.451937252296109
"LocalData607N0.txt",0.45,0.5,0.467210806885753,0.929911547559498,0.462700740673746
"LocalData608N0.txt",0.45,0.55,0.499344688712375,0.918394257657945,0.41904956894557
"LocalData609N0.txt",0.45,0.6,0.50101949312142,0.905260033288502,0.404240540167082
"LocalData610N0.txt",0.45,0.65,0.504007273128027,0.890900263186144,0.386892990058117
"LocalData611N0.txt",0.45,0.7,0.492561164123022,0.868311717835443,0.375750553712421
"LocalData612N0.txt",0.45,0.75,0.482078337489227,0.850687491710073,0.368609154220846
"LocalData613N0.txt",0.45,0.8,0.517388061140199,0.855396712709833,0.338008651569633
"LocalData614N0.txt",0.45,0.85,0.509857063149387,0.839876008586738,0.330018945437352
"LocalData615N0.txt",0.45,0.9,0.491186760905274,0.815615684619565,0.324428923714291
"LocalData616N0.txt",0.45,0.95,0.489718345365696,0.802459463510493,0.312741118144797
"LocalData617N0.txt",0.45,1,0.507073299365345,0.792460519877116,0.28538722051177
"LocalData618N0.txt",0.45,1.05,0.505290121933056,0.790120944234704,0.284830822301648
"LocalData619N0.txt",0.45,1.1,0.50912359173941,0.765785062865818,0.256661471126407
"LocalData620N0.txt",0.45,1.15,0.490435431666325,0.763526233189133,0.273090801522808
"LocalData621N0.txt",0.45,1.2,0.515260731205061,0.755553479127813,0.240292747922752
"LocalData622N0.txt",0.45,1.25,0.494056890151226,0.741972049842608,0.247915159691382
"LocalData623N0.txt",0.45,1.3,0.527280286811696,0.739861902596282,0.212581615784585
"LocalData624N0.txt",0.45,1.35,0.494502536808863,0.722974303225806,0.228471766416943
"LocalData625N0.txt",0.45,1.4,0.504768990380777,0.724792097843346,0.220023107462569
"LocalData626N0.txt",0.45,1.45,0.512716449742059,0.701024498331772,0.188308048589713
"LocalData627N0.txt",0.45,1.5,0.520284349991735,0.724072875483458,0.203788525491723
"LocalData628N0.txt",0.45,1.55,0.525132051378565,0.702569142506409,0.177437091127844
"LocalData629N0.txt",0.45,1.6,0.483895936110235,0.688097917729875,0.20420198161964
"LocalData630N0.txt",0.45,1.65,0.519020693901436,0.692998344453872,0.173977650552436
"LocalData631N0.txt",0.45,1.7,0.481901000820113,0.662339848597865,0.180438847777753
"LocalData632N0.txt",0.45,1.75,0.505684418193534,0.670094239778109,0.164409821584575
"LocalData633N0.txt",0.45,1.8,0.492981390285301,0.669691337930022,0.176709947644721
"LocalData634N0.txt",0.45,1.85,0.501701217779612,0.665410664129371,0.16370944634976
"LocalData635N0.txt",0.45,1.9,0.486961115810316,0.651564098858952,0.164602983048636
"LocalData636N0.txt",0.45,1.95,0.505782829741349,0.643428572793862,0.137645743052513
"LocalData637N0.txt",0.45,2,0.507248512412056,0.638625979165721,0.131377466753665
"LocalData638N0.txt",0.45,2.05,0.488375771296023,0.623156468636386,0.134780697340363
"LocalData639N0.txt",0.45,2.1,0.485304264260186,0.621605360947844,0.136301096687658
"LocalData640N0.txt",0.45,2.15,0.492875331349275,0.611056462991959,0.118181131642684
"LocalData641N0.txt",0.45,2.2,0.497377247231233,0.612003595253327,0.114626348022094
"LocalData642N0.txt",0.45,2.25,0.492260533825338,0.608755870600797,0.116495336775459
"LocalData643N0.txt",0.45,2.3,0.517964732491873,0.620659258948573,0.1026945264567
"LocalData644N0.txt",0.45,2.35,0.51525695135067,0.597328074806892,0.0820711234562221
"LocalData645N0.txt",0.45,2.4,0.507417154254158,0.604088882602516,0.0966717283483576
"LocalData646N0.txt",0.45,2.45,0.514932857425782,0.594206193539085,0.079273336113303
"LocalData647N0.txt",0.45,2.5,0.512700899967705,0.583183211155581,0.0704823111878761
"LocalData701N0.txt",0.5,0.2,0.470981520527267,NA,NA
"LocalData702N0.txt",0.5,0.25,0.439403167582682,0.99492385786802,0.555520690285338
"LocalData703N0.txt",0.5,0.3,0.43168542459408,0.987910189982729,0.556224765388649
"LocalData704N0.txt",0.5,0.35,0.438076729187359,0.964767986377182,0.526691257189823
"LocalData705N0.txt",0.5,0.4,0.446257051175594,0.957429058741395,0.511172007565801
"LocalData706N0.txt",0.5,0.45,0.443246275386931,0.946417922107401,0.50317164672047
"LocalData707N0.txt",0.5,0.5,0.453642075440799,0.939502819632848,0.485860744192048
"LocalData708N0.txt",0.5,0.55,0.441257003534305,0.910469343309588,0.469212339775282
"LocalData709N0.txt",0.5,0.6,0.440806882360829,0.88750419817256,0.446697315811731
"LocalData710N0.txt",0.5,0.65,0.452406365784952,0.879123179481044,0.426716813696091
"LocalData711N0.txt",0.5,0.7,0.454631977680296,0.864507818223339,0.409875840543043
"LocalData712N0.txt",0.5,0.75,0.433278244489921,0.844339842458982,0.411061597969061
"LocalData713N0.txt",0.5,0.8,0.433097207163653,0.825663657616712,0.39256645045306
"LocalData714N0.txt",0.5,0.85,0.433447973664051,0.810021323550318,0.376573349886268
"LocalData715N0.txt",0.5,0.9,0.446680048666235,0.801058929680973,0.354378881014738
"LocalData716N0.txt",0.5,0.95,0.459513326988231,0.793746238383941,0.334232911395709
"LocalData717N0.txt",0.5,1,0.43661776009545,0.77819581988099,0.34157805978554
"LocalData718N0.txt",0.5,1.05,0.465934881496304,0.787958944783377,0.322024063287073
"LocalData719N0.txt",0.5,1.1,0.43740612466794,0.755436488192012,0.318030363524072
"LocalData720N0.txt",0.5,1.15,0.424138946842418,0.752343299219144,0.328204352376727
"LocalData721N0.txt",0.5,1.2,0.442210381204737,0.737695313962352,0.295484932757614
"LocalData722N0.txt",0.5,1.25,0.438863167597513,0.72995399552263,0.291090827925117
"LocalData723N0.txt",0.5,1.3,0.44708202892155,0.72669941841965,0.2796173894981
"LocalData724N0.txt",0.5,1.35,0.472168373977164,0.724356360777479,0.252187986800315
"LocalData725N0.txt",0.5,1.4,0.451279574304618,0.713747053469694,0.262467479165076
"LocalData726N0.txt",0.5,1.45,0.461731918100464,0.702102250386115,0.240370332285652
"LocalData727N0.txt",0.5,1.5,0.455007078933846,0.692285690374911,0.237278611441065
"LocalData728N0.txt",0.5,1.55,0.445002344194751,0.671322865618247,0.226320521423496
"LocalData729N0.txt",0.5,1.6,0.448182337186547,0.676705743238061,0.228523406051515
"LocalData730N0.txt",0.5,1.65,0.487933120340956,0.686271813760031,0.198338693419075
"LocalData731N0.txt",0.5,1.7,0.448576461295606,0.665996805791706,0.2174203444961
"LocalData732N0.txt",0.5,1.75,0.452209024931668,0.65529457010322,0.203085545171551
"LocalData733N0.txt",0.5,1.8,0.485902466089043,0.649865316517323,0.163962850428279
"LocalData734N0.txt",0.5,1.85,0.462889795563824,0.6478990502457,0.185009254681876
"LocalData735N0.txt",0.5,1.9,0.479319618983553,0.647166989817054,0.167847370833501
"LocalData736N0.txt",0.5,1.95,0.460340553923393,0.642657433650182,0.18231687972679
"LocalData737N0.txt",0.5,2,0.463453570434425,0.632639598966719,0.169186028532295
"LocalData738N0.txt",0.5,2.05,0.460083911371597,0.609828189135897,0.1497442777643
"LocalData739N0.txt",0.5,2.1,0.460926411339832,0.629282874353634,0.168356463013802
"LocalData740N0.txt",0.5,2.15,0.467747041953778,0.609302999610534,0.141555957656756
"LocalData741N0.txt",0.5,2.2,0.458122873226266,0.60274540199309,0.144622528766824
"LocalData742N0.txt",0.5,2.25,0.440952023599978,0.592184683377001,0.151232659777023
"LocalData743N0.txt",0.5,2.3,0.45123201700408,0.595945171248563,0.144713154244484
"LocalData744N0.txt",0.5,2.35,0.4277415649859,0.577031681474071,0.149290116488171
"LocalData745N0.txt",0.5,2.4,0.470390841415158,0.583518520934276,0.113127679519118
"LocalData746N0.txt",0.5,2.45,0.450731178601261,0.57352766202469,0.122796483423429
"LocalData747N0.txt",0.5,2.5,0.455957962660479,0.569385768231021,0.113427805570542
"LocalData801N0.txt",0.55,0.2,0.425047347016,NA,NA
"LocalData802N0.txt",0.55,0.25,0.387815756202338,1,0.612184243797662
"LocalData803N0.txt",0.55,0.3,0.400572953962667,0.986338797814208,0.585765843851541
"LocalData804N0.txt",0.55,0.35,0.429256702505434,0.979172985542412,0.549916283036978
"LocalData805N0.txt",0.55,0.4,0.414522895191826,0.947294422398589,0.532771527206763
"LocalData806N0.txt",0.55,0.45,0.417202278530509,0.946762060979006,0.529559782448497
"LocalData807N0.txt",0.55,0.5,0.417951252006348,0.920218216798014,0.502266964791666
"LocalData808N0.txt",0.55,0.55,0.422578696207799,0.906797438007605,0.484218741799806
"LocalData809N0.txt",0.55,0.6,0.403698941974848,0.873812239067449,0.470113297092601
"LocalData810N0.txt",0.55,0.65,0.418120109172269,0.863200173353877,0.445080064181608
"LocalData811N0.txt",0.55,0.7,0.420312033073663,0.852123949516164,0.431811916442502
"LocalData812N0.txt",0.55,0.75,0.414741287357316,0.83970337418717,0.424962086829854
"LocalData813N0.txt",0.55,0.8,0.428927805394163,0.82745108627975,0.398523280885587
"LocalData814N0.txt",0.55,0.85,0.416569260651207,0.813082704146382,0.396513443495175
"LocalData815N0.txt",0.55,0.9,0.422393676826267,0.806343886534486,0.383950209708218
"LocalData816N0.txt",0.55,0.95,0.411731953721806,0.776493043572449,0.364761089850643
"LocalData817N0.txt",0.55,1,0.416261361229549,0.765984819378273,0.349723458148724
"LocalData818N0.txt",0.55,1.05,0.415741672654589,0.761377275461952,0.345635602807364
"LocalData819N0.txt",0.55,1.1,0.402739149807582,0.759797908173213,0.357058758365631
"LocalData820N0.txt",0.55,1.15,0.419441629507509,0.744242801509013,0.324801172001504
"LocalData821N0.txt",0.55,1.2,0.413585848477063,0.732777194047704,0.319191345570641
"LocalData822N0.txt",0.55,1.25,0.422094831837292,0.726098354902731,0.304003523065439
"LocalData823N0.txt",0.55,1.3,0.409011427097551,0.709448593769125,0.300437166671575
"LocalData824N0.txt",0.55,1.35,0.403849885089036,0.68623623214469,0.282386347055655
"LocalData825N0.txt",0.55,1.4,0.40912990786465,0.68903585901876,0.27990595115411
"LocalData826N0.txt",0.55,1.45,0.436080798377538,0.677037927715247,0.240957129337709
"LocalData827N0.txt",0.55,1.5,0.395089972828646,0.675909283813953,0.280819310985307
"LocalData828N0.txt",0.55,1.55,0.399262863356134,0.672400378370614,0.27313751501448
"LocalData829N0.txt",0.55,1.6,0.402925635190258,0.661744703790271,0.258819068600013
"LocalData830N0.txt",0.55,1.65,0.423961348136014,0.662777924966433,0.238816576830419
"LocalData831N0.txt",0.55,1.7,0.417757184906531,0.655058626162416,0.237301441255885
"LocalData832N0.txt",0.55,1.75,0.410336000889286,0.633885835725279,0.223549834835994
"LocalData833N0.txt",0.55,1.8,0.396961656376743,0.639445161461834,0.242483505085091
"LocalData834N0.txt",0.55,1.85,0.399125778610993,0.627244993814944,0.228119215203951
"LocalData835N0.txt",0.55,1.9,0.412812254165996,0.618926899624167,0.206114645458171
"LocalData836N0.txt",0.55,1.95,0.429004948409547,0.61731141197846,0.188306463568912
"LocalData837N0.txt",0.55,2,0.420837827472773,0.601223025712687,0.180385198239914
"LocalData838N0.txt",0.55,2.05,0.385087756048582,0.588933345810084,0.203845589761502
"LocalData839N0.txt",0.55,2.1,0.424652922817063,0.603356785460756,0.178703862643693
"LocalData840N0.txt",0.55,2.15,0.408552195111552,0.586214132450367,0.177661937338814
"LocalData841N0.txt",0.55,2.2,0.402974073081943,0.59788857474342,0.194914501661476
"LocalData842N0.txt",0.55,2.25,0.409086405581183,0.569545085593613,0.160458680012431
"LocalData843N0.txt",0.55,2.3,0.396469834345352,0.571720907781789,0.175251073436437
"LocalData844N0.txt",0.55,2.35,0.387402559724304,0.569737347202339,0.182334787478035
"LocalData845N0.txt",0.55,2.4,0.417351920030334,0.56942118471826,0.152069264687925
"LocalData846N0.txt",0.55,2.45,0.393499137220079,0.561310375334108,0.167811238114029
"LocalData847N0.txt",0.55,2.5,0.419419022735497,0.547605075797673,0.128186053062176
"LocalData901N0.txt",0.6,0.2,0.381069868954326,NA,NA
"LocalData902N0.txt",0.6,0.25,0.356887196492488,1,0.643112803507512
"LocalData903N0.txt",0.6,0.3,0.340018174227876,0.97601323407775,0.635995059849874
"LocalData904N0.txt",0.6,0.35,0.372992499662744,0.986734279918864,0.61374178025612
"LocalData905N0.txt",0.6,0.4,0.367464721471007,0.959298679599431,0.591833958128424
"LocalData906N0.txt",0.6,0.45,0.35862081283009,0.939598775145173,0.580977962315083
"LocalData907N0.txt",0.6,0.5,0.36462247114319,0.915345254660166,0.550722783516977
"LocalData908N0.txt",0.6,0.55,0.374364262515354,0.907597585809427,0.533233323294072
"LocalData909N0.txt",0.6,0.6,0.350809463233072,0.881814670757273,0.531005207524202
"LocalData910N0.txt",0.6,0.65,0.381662766633177,0.865091288900531,0.483428522267354
"LocalData911N0.txt",0.6,0.7,0.399756579951238,0.864731856519534,0.464975276568297
"LocalData912N0.txt",0.6,0.75,0.37764066846001,0.831603157591767,0.453962489131757
"LocalData913N0.txt",0.6,0.8,0.371225767035569,0.818007418140934,0.446781651105365
"LocalData914N0.txt",0.6,0.85,0.36689353728239,0.803457162235084,0.436563624952694
"LocalData915N0.txt",0.6,0.9,0.385969428498137,0.793347144004991,0.407377715506854
"LocalData916N0.txt",0.6,0.95,0.370013976694559,0.777645703722058,0.407631727027499
"LocalData917N0.txt",0.6,1,0.38016371477072,0.758882395864582,0.378718681093861
"LocalData918N0.txt",0.6,1.05,0.371481701048373,0.747968361079572,0.3764866600312
"LocalData919N0.txt",0.6,1.1,0.373084945392102,0.749085008241251,0.376000062849149
"LocalData920N0.txt",0.6,1.15,0.377966862622106,0.7348109260358,0.356844063413694
"LocalData921N0.txt",0.6,1.2,0.36411263323662,0.722237689784526,0.358125056547906
"LocalData922N0.txt",0.6,1.25,0.389682743260101,0.720442957915099,0.330760214654997
"LocalData923N0.txt",0.6,1.3,0.372388872400145,0.702597837072478,0.330208964672333
"LocalData924N0.txt",0.6,1.35,0.383937367151241,0.700485363014141,0.3165479958629
"LocalData925N0.txt",0.6,1.4,0.372637629896946,0.683288990175305,0.31065136027836
"LocalData926N0.txt",0.6,1.45,0.375637387372174,0.683460177339163,0.307822789966988
"LocalData927N0.txt",0.6,1.5,0.366288673599635,0.667227456225547,0.300938782625912
"LocalData928N0.txt",0.6,1.55,0.362312049212075,0.662031473225562,0.299719424013486
"LocalData929N0.txt",0.6,1.6,0.347304476106243,0.657485654491839,0.310181178385596
"LocalData930N0.txt",0.6,1.65,0.370710201578036,0.645615875266454,0.274905673688418
"LocalData931N0.txt",0.6,1.7,0.378341074864534,0.634982656670037,0.256641581805504
"LocalData932N0.txt",0.6,1.75,0.367573275305993,0.635486138115184,0.267912862809191
"LocalData933N0.txt",0.6,1.8,0.3568878865204,0.632255547641458,0.275367661121058
"LocalData934N0.txt",0.6,1.85,0.399612184416065,0.625973869538142,0.226361685122077
"LocalData935N0.txt",0.6,1.9,0.37178124503441,0.622278976192666,0.250497731158256
"LocalData936N0.txt",0.6,1.95,0.390965309831143,0.623396743154666,0.232431433323523
"LocalData937N0.txt",0.6,2,0.376669846126916,0.60289485906014,0.226225012933224
"LocalData938N0.txt",0.6,2.05,0.359072315928126,0.58923212074696,0.230159804818835
"LocalData939N0.txt",0.6,2.1,0.395994538398225,0.602836095774904,0.20684155737668
"LocalData940N0.txt",0.6,2.15,0.356617973565565,0.593259421910553,0.236641448344988
"LocalData941N0.txt",0.6,2.2,0.376103673197745,0.581473090862529,0.205369417664783
"LocalData942N0.txt",0.6,2.25,0.373035085391649,0.569481353617438,0.196446268225789
"LocalData943N0.txt",0.6,2.3,0.369994561919727,0.560377203455972,0.190382641536245
"LocalData944N0.txt",0.6,2.35,0.352752670962343,0.566710827821769,0.213958156859426
"LocalData945N0.txt",0.6,2.4,0.380107408772558,0.554677605387004,0.174570196614446
"LocalData946N0.txt",0.6,2.45,0.365384841599724,0.5539278333949,0.188542991795176
"LocalData947N0.txt",0.6,2.5,0.381482496907822,0.550965359226891,0.169482862319069
