"file","host_col_rate","para_col_rate","host_SOR_temp","para_SOR_temp","diff_SOR_temp"
"LocalData1001N0.txt",0.65,0.2,0.352909026543348,1,0.647090973456651
"LocalData1002N0.txt",0.65,0.25,0.36018088847312,1,0.63981911152688
"LocalData1003N0.txt",0.65,0.3,0.35099272295461,1,0.64900727704539
"LocalData1004N0.txt",0.65,0.35,0.348331775841303,0.976142017186793,0.627810241345491
"LocalData1005N0.txt",0.65,0.4,0.362668608179576,0.970291005291005,0.60762239711143
"LocalData1006N0.txt",0.65,0.45,0.347196544451372,0.93985458985459,0.592658045403218
"LocalData1007N0.txt",0.65,0.5,0.325604723118762,0.920970324858432,0.595365601739671
"LocalData1008N0.txt",0.65,0.55,0.343115962469879,0.911479218530985,0.568363256061106
"LocalData1009N0.txt",0.65,0.6,0.329578230953822,0.868542300856569,0.538964069902747
"LocalData1010N0.txt",0.65,0.65,0.331754658020452,0.872844935844786,0.541090277824334
"LocalData1011N0.txt",0.65,0.7,0.316020934815779,0.825327600879981,0.509306666064202
"LocalData1012N0.txt",0.65,0.75,0.347650738145552,0.834882230671653,0.4872314925261
"LocalData1013N0.txt",0.65,0.8,0.335589074471675,0.810029655644584,0.474440581172909
"LocalData1014N0.txt",0.65,0.85,0.330459618780893,0.796780053288458,0.466320434507565
"LocalData1015N0.txt",0.65,0.9,0.344742290262489,0.792267037727004,0.447524747464515
"LocalData1016N0.txt",0.65,0.95,0.336760573585816,0.760634856939112,0.423874283353295
"LocalData1017N0.txt",0.65,1,0.336764950542602,0.77243165203474,0.435666701492138
"LocalData1018N0.txt",0.65,1.05,0.371854852739066,0.760878236550593,0.389023383811527
"LocalData1019N0.txt",0.65,1.1,0.324394013233521,0.728072923891032,0.403678910657511
"LocalData101N0.txt",0.2,0.2,0.97429218581432,NA,NA
"LocalData1020N0.txt",0.65,1.15,0.335918459785246,0.734446736468457,0.398528276683211
"LocalData1021N0.txt",0.65,1.2,0.348334964800662,0.723430111167867,0.375095146367206
"LocalData1022N0.txt",0.65,1.25,0.345044803382015,0.714652525259432,0.369607721877417
"LocalData1023N0.txt",0.65,1.3,0.346487887048955,0.690266738258668,0.343778851209713
"LocalData1024N0.txt",0.65,1.35,0.339049195892993,0.701426490200919,0.362377294307926
"LocalData1025N0.txt",0.65,1.4,0.342786298379272,0.673165073723904,0.330378775344633
"LocalData1026N0.txt",0.65,1.45,0.338369693821559,0.675859460809541,0.337489766987983
"LocalData1027N0.txt",0.65,1.5,0.340627116357492,0.661138595831859,0.320511479474367
"LocalData1028N0.txt",0.65,1.55,0.344127730316263,0.668148558820219,0.324020828503956
"LocalData1029N0.txt",0.65,1.6,0.349840050347322,0.64713998081363,0.297299930466307
"LocalData102N0.txt",0.2,0.25,0.935173169146885,NA,NA
"LocalData1030N0.txt",0.65,1.65,0.333883397349834,0.638464883276456,0.304581485926621
"LocalData1031N0.txt",0.65,1.7,0.339114586720215,0.618044014981793,0.278929428261577
"LocalData1032N0.txt",0.65,1.75,0.34182125174893,0.616740485605901,0.274919233856971
"LocalData1033N0.txt",0.65,1.8,0.344443649550142,0.621499589195056,0.277055939644914
"LocalData1034N0.txt",0.65,1.85,0.339755724900187,0.614122005019416,0.27436628011923
"LocalData1035N0.txt",0.65,1.9,0.329945380762879,0.610570577505077,0.280625196742199
"LocalData1036N0.txt",0.65,1.95,0.347059925980976,0.595794546903402,0.248734620922426
"LocalData1037N0.txt",0.65,2,0.347195667631962,0.602795861463077,0.255600193831115
"LocalData1038N0.txt",0.65,2.05,0.356496225508204,0.586847794592456,0.230351569084252
"LocalData1039N0.txt",0.65,2.1,0.331687979270649,0.576977138088236,0.245289158817587
"LocalData103N0.txt",0.2,0.3,0.970775144993895,NA,NA
"LocalData1040N0.txt",0.65,2.15,0.330052834175935,0.584431863608437,0.254379029432503
"LocalData1041N0.txt",0.65,2.2,0.358761866680979,0.575918017545823,0.217156150864844
"LocalData1042N0.txt",0.65,2.25,0.358925407593894,0.576978344467923,0.218052936874029
"LocalData1043N0.txt",0.65,2.3,0.335225365629201,0.554202756947453,0.218977391318252
"LocalData1044N0.txt",0.65,2.35,0.327749035455116,0.542206868845166,0.21445783339005
"LocalData1045N0.txt",0.65,2.4,0.345899195878791,0.553866516610965,0.207967320732174
"LocalData1046N0.txt",0.65,2.45,0.345247050074971,0.545791783417527,0.200544733342556
"LocalData1047N0.txt",0.65,2.5,0.362647384308477,0.544070194908345,0.181422810599868
"LocalData104N0.txt",0.2,0.35,0.980516505258773,NA,NA
"LocalData105N0.txt",0.2,0.4,0.935416819655786,1,0.0645831803442144
"LocalData106N0.txt",0.2,0.45,0.970996700893608,NA,NA
"LocalData107N0.txt",0.2,0.5,0.94500552791109,NA,NA
"LocalData108N0.txt",0.2,0.55,0.924659207235373,NA,NA
"LocalData109N0.txt",0.2,0.6,0.96257306523264,1,0.0374269347673603
"LocalData1101N0.txt",0.7,0.2,0.314450443816445,1,0.685549556183555
"LocalData1102N0.txt",0.7,0.25,0.321207095113982,1,0.678792904886018
"LocalData1103N0.txt",0.7,0.3,0.281536115334282,0.986111111111111,0.704574995776829
"LocalData1104N0.txt",0.7,0.35,0.321637523865343,0.97409069803436,0.652453174169017
"LocalData1105N0.txt",0.7,0.4,0.324916648446118,0.96329645662979,0.638379808183672
"LocalData1106N0.txt",0.7,0.45,0.323300608387307,0.951618190632897,0.62831758224559
"LocalData1107N0.txt",0.7,0.5,0.30793339070667,0.916427149087546,0.608493758380877
"LocalData1108N0.txt",0.7,0.55,0.320203788261515,0.892095489493986,0.571891701232471
"LocalData1109N0.txt",0.7,0.6,0.34857927207255,0.900962900603249,0.552383628530699
"LocalData110N0.txt",0.2,0.65,0.935594576417351,1,0.0644054235826489
"LocalData1110N0.txt",0.7,0.65,0.313663104691647,0.853018554607118,0.539355449915471
"LocalData1111N0.txt",0.7,0.7,0.331914013226509,0.833039121820974,0.501125108594465
"LocalData1112N0.txt",0.7,0.75,0.312427030984896,0.840768475320387,0.528341444335491
"LocalData1113N0.txt",0.7,0.8,0.323939177339434,0.809356182664506,0.485417005325072
"LocalData1114N0.txt",0.7,0.85,0.301427262179679,0.788258773944031,0.486831511764352
"LocalData1115N0.txt",0.7,0.9,0.321073345950536,0.774159594820967,0.453086248870431
"LocalData1116N0.txt",0.7,0.95,0.303220452189013,0.768756904358442,0.465536452169429
"LocalData1117N0.txt",0.7,1,0.317857992742982,0.759589057037876,0.441731064294894
"LocalData1118N0.txt",0.7,1.05,0.316513749322964,0.747613103853676,0.431099354530713
"LocalData1119N0.txt",0.7,1.1,0.319643101962488,0.721721871294102,0.402078769331615
"LocalData111N0.txt",0.2,0.7,0.918641781927131,1,0.0813582180728689
"LocalData1120N0.txt",0.7,1.15,0.311896421329111,0.722985319538568,0.411088898209456
"LocalData1121N0.txt",0.7,1.2,0.323515507514664,0.694795165203514,0.37127965768885
"LocalData1122N0.txt",0.7,1.25,0.30728262609375,0.70998618267867,0.40270355658492
"LocalData1123N0.txt",0.7,1.3,0.318760204905254,0.67995118984478,0.361190984939527
"LocalData1124N0.txt",0.7,1.35,0.299201822034296,0.691615697045419,0.392413875011123
"LocalData1125N0.txt",0.7,1.4,0.305475048709195,0.67881702744954,0.373341978740345
"LocalData1126N0.txt",0.7,1.45,0.289878448570018,0.667786399134115,0.377907950564097
"LocalData1127N0.txt",0.7,1.5,0.310836611903692,0.659058182729885,0.348221570826194
"LocalData1128N0.txt",0.7,1.55,0.323956798907349,0.655614854645959,0.331658055738611
"LocalData1129N0.txt",0.7,1.6,0.320310821694821,0.654210172657538,0.333899350962717
"LocalData112N0.txt",0.2,0.75,0.951565782760925,1,0.048434217239075
"LocalData1130N0.txt",0.7,1.65,0.32324138591961,0.639278157191752,0.316036771272142
"LocalData1131N0.txt",0.7,1.7,0.315975236812373,0.617520754806703,0.301545517994329
"LocalData1132N0.txt",0.7,1.75,0.320069437338929,0.618381059527238,0.29831162218831
"LocalData1133N0.txt",0.7,1.8,0.316376046207796,0.619158278942644,0.302782232734849
"LocalData1134N0.txt",0.7,1.85,0.315769980519412,0.621392245814377,0.305622265294965
"LocalData1135N0.txt",0.7,1.9,0.335068422421696,0.607656564447156,0.27258814202546
"LocalData1136N0.txt",0.7,1.95,0.297686454351663,0.597661382674151,0.299974928322488
"LocalData1137N0.txt",0.7,2,0.313673711744826,0.586494283675617,0.272820571930791
"LocalData1138N0.txt",0.7,2.05,0.300639697462578,0.584736648595779,0.284096951133201
"LocalData1139N0.txt",0.7,2.1,0.33962259079076,0.592330512144249,0.252707921353489
"LocalData113N0.txt",0.2,0.8,0.90111095224978,0.952380952380952,0.0512700001311726
"LocalData1140N0.txt",0.7,2.15,0.321870239302693,0.580164126266035,0.258293886963343
"LocalData1141N0.txt",0.7,2.2,0.324979518332176,0.571906699876861,0.246927181544685
"LocalData1142N0.txt",0.7,2.25,0.312435347566962,0.557974716510413,0.245539368943451
"LocalData1143N0.txt",0.7,2.3,0.337952175373897,0.55067754743058,0.212725372056683
"LocalData1144N0.txt",0.7,2.35,0.318259470110144,0.549365826386983,0.231106356276839
"LocalData1145N0.txt",0.7,2.4,0.313774234388798,0.557888711503548,0.24411447711475
"LocalData1146N0.txt",0.7,2.45,0.31192136331609,0.541751710994183,0.229830347678093
"LocalData1147N0.txt",0.7,2.5,0.335557626942081,0.543199440730758,0.207641813788677
"LocalData114N0.txt",0.2,0.85,0.919974922019331,1,0.0800250779806693
"LocalData115N0.txt",0.2,0.9,0.929398821194194,1,0.0706011788058061
"LocalData116N0.txt",0.2,0.95,0.966253922977607,1,0.0337460770223929
"LocalData117N0.txt",0.2,1,0.951928457404663,1,0.048071542595337
"LocalData118N0.txt",0.2,1.05,0.945099911380703,1,0.0549000886192971
"LocalData119N0.txt",0.2,1.1,0.966422466422466,1,0.0335775335775336
"LocalData1201N0.txt",0.75,0.2,0.293135280123575,1,0.706864719876425
"LocalData1202N0.txt",0.75,0.25,0.292889750368114,1,0.707110249631886
"LocalData1203N0.txt",0.75,0.3,0.298890668027894,0.981286549707602,0.682395881679708
"LocalData1204N0.txt",0.75,0.35,0.295570393538609,0.981123166566205,0.685552773027596
"LocalData1205N0.txt",0.75,0.4,0.293352563999777,0.943949291624813,0.650596727625037
"LocalData1206N0.txt",0.75,0.45,0.291216986039877,0.929502837547729,0.638285851507852
"LocalData1207N0.txt",0.75,0.5,0.283222442132876,0.903514269916679,0.620291827783803
"LocalData1208N0.txt",0.75,0.55,0.293232553348822,0.912463617492157,0.619231064143334
"LocalData1209N0.txt",0.75,0.6,0.315224809417478,0.886782038358394,0.571557228940916
"LocalData120N0.txt",0.2,1.15,0.949485423832066,1,0.0505145761679338
"LocalData1210N0.txt",0.75,0.65,0.29328670578596,0.845457056601755,0.552170350815796
"LocalData1211N0.txt",0.75,0.7,0.295718048300072,0.846481042230144,0.550762993930072
"LocalData1212N0.txt",0.75,0.75,0.283611352981321,0.836395123209501,0.552783770228179
"LocalData1213N0.txt",0.75,0.8,0.302394993725138,0.797382911506502,0.494987917781364
"LocalData1214N0.txt",0.75,0.85,0.282682623748813,0.788559256521466,0.505876632772652
"LocalData1215N0.txt",0.75,0.9,0.309893749426285,0.789046574831339,0.479152825405055
"LocalData1216N0.txt",0.75,0.95,0.278205564160662,0.765068241861079,0.486862677700417
"LocalData1217N0.txt",0.75,1,0.300998369930914,0.754626084409477,0.453627714478563
"LocalData1218N0.txt",0.75,1.05,0.280525539413079,0.738568392898703,0.458042853485623
"LocalData1219N0.txt",0.75,1.1,0.296370830894906,0.736903391466979,0.440532560572072
"LocalData121N0.txt",0.2,1.2,0.945928023288637,0.985294117647059,0.0393660943584218
"LocalData1220N0.txt",0.75,1.15,0.304820218232022,0.71600598781356,0.411185769581537
"LocalData1221N0.txt",0.75,1.2,0.295461657761402,0.7066231412761,0.411161483514699
"LocalData1222N0.txt",0.75,1.25,0.29865152267104,0.699758507303504,0.401106984632464
"LocalData1223N0.txt",0.75,1.3,0.306661433473741,0.696709514996031,0.39004808152229
"LocalData1224N0.txt",0.75,1.35,0.320786709562792,0.694492039875536,0.373705330312744
"LocalData1225N0.txt",0.75,1.4,0.324098240386337,0.678521290891148,0.35442305050481
"LocalData1226N0.txt",0.75,1.45,0.314986710165966,0.668019574576435,0.35303286441047
"LocalData1227N0.txt",0.75,1.5,0.284799668220913,0.64614595745129,0.361346289230377
"LocalData1228N0.txt",0.75,1.55,0.303271228750578,0.648508537037066,0.345237308286488
"LocalData1229N0.txt",0.75,1.6,0.304389431383349,0.642301837100833,0.337912405717484
"LocalData122N0.txt",0.2,1.25,0.934128540753768,1,0.0658714592462318
"LocalData1230N0.txt",0.75,1.65,0.284505501557198,0.626133234821893,0.341627733264696
"LocalData1231N0.txt",0.75,1.7,0.28977557616286,0.622406974816087,0.332631398653227
"LocalData1232N0.txt",0.75,1.75,0.290123264063473,0.625634909341741,0.335511645278268
"LocalData1233N0.txt",0.75,1.8,0.286756704082797,0.611301860751274,0.324545156668477
"LocalData1234N0.txt",0.75,1.85,0.276981863963537,0.611023611187647,0.33404174722411
"LocalData1235N0.txt",0.75,1.9,0.292503511182336,0.591360317829266,0.29885680664693
"LocalData1236N0.txt",0.75,1.95,0.299284028137771,0.605642366108952,0.306358337971181
"LocalData1237N0.txt",0.75,2,0.289612684285438,0.586269632745551,0.296656948460113
"LocalData1238N0.txt",0.75,2.05,0.293430448149109,0.5825849813303,0.289154533181191
"LocalData1239N0.txt",0.75,2.1,0.274309299742617,0.576033696996731,0.301724397254115
"LocalData123N0.txt",0.2,1.3,0.968520073136077,1,0.0314799268639225
"LocalData1240N0.txt",0.75,2.15,0.30599024716688,0.57900375827913,0.27301351111225
"LocalData1241N0.txt",0.75,2.2,0.300114626323702,0.57203533048639,0.271920704162687
"LocalData1242N0.txt",0.75,2.25,0.273597393965635,0.555634452713127,0.282037058747492
"LocalData1243N0.txt",0.75,2.3,0.29910081470416,0.562918988716012,0.263818174011852
"LocalData1244N0.txt",0.75,2.35,0.285760671953524,0.549172676434561,0.263412004481038
"LocalData1245N0.txt",0.75,2.4,0.301901540722926,0.541582136293964,0.239680595571038
"LocalData1246N0.txt",0.75,2.45,0.284134126218224,0.547147859099757,0.263013732881532
"LocalData1247N0.txt",0.75,2.5,0.29824114470373,0.539647670950846,0.241406526247116
"LocalData124N0.txt",0.2,1.35,0.950890240558905,1,0.0491097594410946
"LocalData125N0.txt",0.2,1.4,0.986507125832969,1,0.0134928741670315
"LocalData126N0.txt",0.2,1.45,0.935431965416832,1,0.0645680345831675
"LocalData127N0.txt",0.2,1.5,0.926152973873707,0.987028657616893,0.0608756837431862
"LocalData128N0.txt",0.2,1.55,0.909430048123008,1,0.0905699518769919
"LocalData129N0.txt",0.2,1.6,0.929390762191169,1,0.0706092378088314
"LocalData1301N0.txt",0.8,0.2,0.284662160406505,1,0.715337839593495
"LocalData1302N0.txt",0.8,0.25,0.263233439875278,1,0.736766560124722
"LocalData1303N0.txt",0.8,0.3,0.28608790049676,0.987179487179487,0.701091586682727
"LocalData1304N0.txt",0.8,0.35,0.27581338804256,0.988414522897281,0.712601134854721
"LocalData1305N0.txt",0.8,0.4,0.276046177245434,0.962013200851436,0.685967023606002
"LocalData1306N0.txt",0.8,0.45,0.255169815715937,0.93284419828911,0.677674382573173
"LocalData1307N0.txt",0.8,0.5,0.280847204401971,0.931375533049682,0.65052832864771
"LocalData1308N0.txt",0.8,0.55,0.276777592950172,0.895831352644702,0.61905375969453
"LocalData1309N0.txt",0.8,0.6,0.290057094223431,0.901634370619315,0.611577276395884
"LocalData130N0.txt",0.2,1.65,0.970135391819065,1,0.0298646081809347
"LocalData1310N0.txt",0.8,0.65,0.29320988591882,0.853396880123252,0.560186994204432
"LocalData1311N0.txt",0.8,0.7,0.278992897130893,0.846357912904182,0.567365015773289
"LocalData1312N0.txt",0.8,0.75,0.281733490066693,0.816264538135076,0.534531048068383
"LocalData1313N0.txt",0.8,0.8,0.275428486306311,0.801744445714155,0.526315959407844
"LocalData1314N0.txt",0.8,0.85,0.272332021016611,0.771744185122781,0.499412164106171
"LocalData1315N0.txt",0.8,0.9,0.271846667838033,0.777596043127201,0.505749375289168
"LocalData1316N0.txt",0.8,0.95,0.267962713290773,0.762821073692103,0.49485836040133
"LocalData1317N0.txt",0.8,1,0.250410420660674,0.748504636170102,0.498094215509428
"LocalData1318N0.txt",0.8,1.05,0.282144439888942,0.743816609539954,0.461672169651011
"LocalData1319N0.txt",0.8,1.1,0.258502041027525,0.726331876580413,0.467829835552888
"LocalData131N0.txt",0.2,1.7,0.936566967779453,1,0.0634330322205472
"LocalData1320N0.txt",0.8,1.15,0.265215941946158,0.72756881925422,0.462352877308063
"LocalData1321N0.txt",0.8,1.2,0.270030477883765,0.693837530196126,0.42380705231236
"LocalData1322N0.txt",0.8,1.25,0.262699176757992,0.705855227187589,0.443156050429597
"LocalData1323N0.txt",0.8,1.3,0.267445623684111,0.704931197812942,0.437485574128831
"LocalData1324N0.txt",0.8,1.35,0.278093538962272,0.68125281754034,0.403159278578068
"LocalData1325N0.txt",0.8,1.4,0.286398074336378,0.679284550597518,0.392886476261141
"LocalData1326N0.txt",0.8,1.45,0.281575039154621,0.668277149315046,0.386702110160425
"LocalData1327N0.txt",0.8,1.5,0.276523920559433,0.65339680117578,0.376872880616347
"LocalData1328N0.txt",0.8,1.55,0.274636555098491,0.654765702108019,0.380129147009528
"LocalData1329N0.txt",0.8,1.6,0.268771496613525,0.633549334610164,0.364777837996638
"LocalData132N0.txt",0.2,1.75,0.948781241206369,0.992969821673525,0.0441885804671562
"LocalData1330N0.txt",0.8,1.65,0.258736287339163,0.635440496692307,0.376704209353145
"LocalData1331N0.txt",0.8,1.7,0.268509199121609,0.626339976088839,0.35783077696723
"LocalData1332N0.txt",0.8,1.75,0.264530850965213,0.614802474169666,0.350271623204453
"LocalData1333N0.txt",0.8,1.8,0.28285809857767,0.605215759774935,0.322357661197265
"LocalData1334N0.txt",0.8,1.85,0.28317664813207,0.606201192493164,0.323024544361093
"LocalData1335N0.txt",0.8,1.9,0.28145717260515,0.59178054603449,0.31032337342934
"LocalData1336N0.txt",0.8,1.95,0.284246869840886,0.582698586606759,0.298451716765873
"LocalData1337N0.txt",0.8,2,0.270029755243991,0.587978319157255,0.317948563913264
"LocalData1338N0.txt",0.8,2.05,0.271764986368291,0.567004215672312,0.29523922930402
"LocalData1339N0.txt",0.8,2.1,0.27471573212726,0.590592147743773,0.315876415616513
"LocalData133N0.txt",0.2,1.8,0.94698008405297,0.993448637316562,0.0464685532635923
"LocalData1340N0.txt",0.8,2.15,0.276639963591398,0.567049220474727,0.290409256883329
"LocalData1341N0.txt",0.8,2.2,0.286375268596186,0.561247566666361,0.274872298070175
"LocalData1342N0.txt",0.8,2.25,0.287711528034567,0.558763035071541,0.271051507036974
"LocalData1343N0.txt",0.8,2.3,0.280767674884869,0.54581187606824,0.265044201183371
"LocalData1344N0.txt",0.8,2.35,0.269133726794125,0.553681107470098,0.284547380675974
"LocalData1345N0.txt",0.8,2.4,0.297742473770058,0.526975694543739,0.229233220773681
"LocalData1346N0.txt",0.8,2.45,0.265024133759429,0.538890062511026,0.273865928751597
"LocalData1347N0.txt",0.8,2.5,0.265707644616326,0.52698837437631,0.261280729759984
"LocalData134N0.txt",0.2,1.85,0.971443607177679,1,0.0285563928223208
"LocalData135N0.txt",0.2,1.9,0.959577563296099,0.987615884876159,0.02803832158006
"LocalData136N0.txt",0.2,1.95,0.958528345725497,0.9943961352657,0.0358677895402038
"LocalData137N0.txt",0.2,2,0.969300911854103,1,0.0306990881458966
"LocalData138N0.txt",0.2,2.05,0.976235941653399,0.988398692810458,0.0121627511570586
"LocalData139N0.txt",0.2,2.1,0.936753514269983,0.97179965787828,0.0350461436082977
"LocalData1401N0.txt",0.85,0.2,0.265772499100657,1,0.734227500899343
"LocalData1402N0.txt",0.85,0.25,0.260333141850063,1,0.739666858149937
"LocalData1403N0.txt",0.85,0.3,0.271612577013717,1,0.728387422986283
"LocalData1404N0.txt",0.85,0.35,0.250086288541858,0.969761904761905,0.719675616220047
"LocalData1405N0.txt",0.85,0.4,0.24892032545224,0.952588534031833,0.703668208579593
"LocalData1406N0.txt",0.85,0.45,0.268128374322728,0.924507837137005,0.656379462814277
"LocalData1407N0.txt",0.85,0.5,0.252021394207341,0.926189270057254,0.674167875849913
"LocalData1408N0.txt",0.85,0.55,0.26054974993415,0.924541085956838,0.663991336022688
"LocalData1409N0.txt",0.85,0.6,0.259069564858029,0.871691719166907,0.612622154308879
"LocalData140N0.txt",0.2,2.15,0.928609095649705,0.967371456928915,0.0387623612792095
"LocalData1410N0.txt",0.85,0.65,0.258245445789864,0.855145258441116,0.596899812651252
"LocalData1411N0.txt",0.85,0.7,0.257864322038188,0.834601666834641,0.576737344796453
"LocalData1412N0.txt",0.85,0.75,0.243917395515971,0.821719635125151,0.57780223960918
"LocalData1413N0.txt",0.85,0.8,0.250018952588691,0.790945467418296,0.540926514829605
"LocalData1414N0.txt",0.85,0.85,0.259134902699375,0.784096117068455,0.52496121436908
"LocalData1415N0.txt",0.85,0.9,0.252581681535994,0.770732951308888,0.518151269772894
"LocalData1416N0.txt",0.85,0.95,0.275827869785156,0.764264601027541,0.488436731242385
"LocalData1417N0.txt",0.85,1,0.26418207571381,0.736667574846251,0.472485499132441
"LocalData1418N0.txt",0.85,1.05,0.271568216784401,0.749590586176586,0.478022369392185
"LocalData1419N0.txt",0.85,1.1,0.26421691404059,0.717125535536939,0.452908621496349
"LocalData141N0.txt",0.2,2.2,0.973649240784791,1,0.0263507592152094
"LocalData1420N0.txt",0.85,1.15,0.252743397419724,0.715314389016439,0.462570991596715
"LocalData1421N0.txt",0.85,1.2,0.257964732721432,0.717556187927411,0.459591455205978
"LocalData1422N0.txt",0.85,1.25,0.260766797335145,0.697977686775332,0.437210889440187
"LocalData1423N0.txt",0.85,1.3,0.259167456549383,0.703072909634476,0.443905453085093
"LocalData1424N0.txt",0.85,1.35,0.265319065365952,0.683518447602389,0.418199382236437
"LocalData1425N0.txt",0.85,1.4,0.258004450569439,0.673040252310069,0.415035801740631
"LocalData1426N0.txt",0.85,1.45,0.256668282601628,0.654708367200144,0.398040084598516
"LocalData1427N0.txt",0.85,1.5,0.253262415615018,0.644070818665084,0.390808403050066
"LocalData1428N0.txt",0.85,1.55,0.263705891154169,0.63646819641557,0.372762305261401
"LocalData1429N0.txt",0.85,1.6,0.259271726126916,0.645658690677464,0.386386964550548
"LocalData142N0.txt",0.2,2.25,0.919086712292101,0.937107989102564,0.0180212768104628
"LocalData1430N0.txt",0.85,1.65,0.256453222609003,0.63539795201078,0.378944729401778
"LocalData1431N0.txt",0.85,1.7,0.255458089560723,0.616265923218328,0.360807833657606
"LocalData1432N0.txt",0.85,1.75,0.255573379068768,0.610371564179966,0.354798185111198
"LocalData1433N0.txt",0.85,1.8,0.249311049420359,0.609243861459598,0.35993281203924
"LocalData1434N0.txt",0.85,1.85,0.262196301965313,0.608315340945028,0.346119038979715
"LocalData1435N0.txt",0.85,1.9,0.252287721975714,0.592357281066439,0.340069559090725
"LocalData1436N0.txt",0.85,1.95,0.266784354683191,0.577254597376604,0.310470242693414
"LocalData1437N0.txt",0.85,2,0.252614406399636,0.582007568978981,0.329393162579345
"LocalData1438N0.txt",0.85,2.05,0.269648347842765,0.580305683749049,0.310657335906284
"LocalData1439N0.txt",0.85,2.1,0.2686575419116,0.576798536865243,0.308140994953643
"LocalData143N0.txt",0.2,2.3,0.977986633249791,1,0.0220133667502088
"LocalData1440N0.txt",0.85,2.15,0.264232960916224,0.557219821747365,0.292986860831141
"LocalData1441N0.txt",0.85,2.2,0.269745813611772,0.548857319569687,0.279111505957915
"LocalData1442N0.txt",0.85,2.25,0.2596875233528,0.549743664029705,0.290056140676906
"LocalData1443N0.txt",0.85,2.3,0.259220284165629,0.551312351622825,0.292092067457196
"LocalData1444N0.txt",0.85,2.35,0.271280454806028,0.547437708941982,0.276157254135954
"LocalData1445N0.txt",0.85,2.4,0.250941623801133,0.542303387097101,0.291361763295967
"LocalData1446N0.txt",0.85,2.45,0.25976685526742,0.531294210638424,0.271527355371004
"LocalData1447N0.txt",0.85,2.5,0.274495204686812,0.531213756118334,0.256718551431523
"LocalData144N0.txt",0.2,2.35,0.906627192247471,0.928684056324035,0.0220568640765634
"LocalData145N0.txt",0.2,2.4,0.96913140622818,1,0.0308685937718196
"LocalData146N0.txt",0.2,2.45,0.978544651225064,1,0.0214553487749364
"LocalData147N0.txt",0.2,2.5,0.967842295994638,0.996381667113374,0.0285393711187363
"LocalData1501N0.txt",0.9,0.2,0.257910300106555,1,0.742089699893445
"LocalData1502N0.txt",0.9,0.25,0.255461799722224,1,0.744538200277776
"LocalData1503N0.txt",0.9,0.3,0.249959916872975,1,0.750040083127025
"LocalData1504N0.txt",0.9,0.35,0.254185000329275,0.995397008055236,0.741212007725961
"LocalData1505N0.txt",0.9,0.4,0.250447530737763,0.951149827668593,0.70070229693083
"LocalData1506N0.txt",0.9,0.45,0.238604464618086,0.936361593741456,0.697757129123371
"LocalData1507N0.txt",0.9,0.5,0.254686199227276,0.919403846303261,0.664717647075985
"LocalData1508N0.txt",0.9,0.55,0.239563939794391,0.874576118383439,0.635012178589048
"LocalData1509N0.txt",0.9,0.6,0.238871276818444,0.874137384014188,0.635266107195744
"LocalData1510N0.txt",0.9,0.65,0.251343559315762,0.850464613346638,0.599121054030877
"LocalData1511N0.txt",0.9,0.7,0.256415469809029,0.842482643844728,0.586067174035699
"LocalData1512N0.txt",0.9,0.75,0.248985220967066,0.820766023486956,0.57178080251989
"LocalData1513N0.txt",0.9,0.8,0.258481524981321,0.814649056548894,0.556167531567573
"LocalData1514N0.txt",0.9,0.85,0.247151978462339,0.789383082613061,0.542231104150721
"LocalData1515N0.txt",0.9,0.9,0.257809890759405,0.769233488982745,0.511423598223341
"LocalData1516N0.txt",0.9,0.95,0.24812610375895,0.751620451488502,0.503494347729551
"LocalData1517N0.txt",0.9,1,0.232722122395442,0.749768522216785,0.517046399821343
"LocalData1518N0.txt",0.9,1.05,0.252272538274163,0.723817160779425,0.471544622505262
"LocalData1519N0.txt",0.9,1.1,0.247256612329008,0.722988024862351,0.475731412533343
"LocalData1520N0.txt",0.9,1.15,0.257330595385147,0.71434870871237,0.457018113327223
"LocalData1521N0.txt",0.9,1.2,0.242864510078328,0.702763421347076,0.459898911268748
"LocalData1522N0.txt",0.9,1.25,0.252976855486712,0.694276916041279,0.441300060554567
"LocalData1523N0.txt",0.9,1.3,0.245875573378577,0.690871485335653,0.444995911957076
"LocalData1524N0.txt",0.9,1.35,0.229782491394152,0.666896107068056,0.437113615673903
"LocalData1525N0.txt",0.9,1.4,0.254601278393251,0.682454462432252,0.427853184039001
"LocalData1526N0.txt",0.9,1.45,0.24006591959527,0.652608594554635,0.412542674959366
"LocalData1527N0.txt",0.9,1.5,0.252603497638151,0.653493260488566,0.400889762850415
"LocalData1528N0.txt",0.9,1.55,0.242151135288187,0.650076123043204,0.407924987755017
"LocalData1529N0.txt",0.9,1.6,0.255666176587058,0.629158349234236,0.373492172647178
"LocalData1530N0.txt",0.9,1.65,0.248215764973805,0.631476021676943,0.383260256703139
"LocalData1531N0.txt",0.9,1.7,0.257878422034672,0.621021381870745,0.363142959836073
"LocalData1532N0.txt",0.9,1.75,0.262297211562739,0.60889192340753,0.346594711844791
"LocalData1533N0.txt",0.9,1.8,0.258785898977063,0.612623575275749,0.353837676298686
"LocalData1534N0.txt",0.9,1.85,0.249219885386116,0.60579964947705,0.356579764090934
"LocalData1535N0.txt",0.9,1.9,0.232372316379595,0.590127606563969,0.357755290184374
"LocalData1536N0.txt",0.9,1.95,0.2615607297764,0.600795876597248,0.339235146820848
"LocalData1537N0.txt",0.9,2,0.247603428190867,0.577282667197913,0.329679239007047
"LocalData1538N0.txt",0.9,2.05,0.25570966688552,0.570932486063216,0.315222819177696
"LocalData1539N0.txt",0.9,2.1,0.237396122901613,0.569663546190594,0.332267423288981
"LocalData1540N0.txt",0.9,2.15,0.242323803211288,0.561873254029907,0.31954945081862
"LocalData1541N0.txt",0.9,2.2,0.252697042979248,0.572802665605688,0.320105622626441
"LocalData1542N0.txt",0.9,2.25,0.246909627244628,0.56505332318067,0.318143695936042
"LocalData1543N0.txt",0.9,2.3,0.241831976749649,0.552762969955519,0.31093099320587
"LocalData1544N0.txt",0.9,2.35,0.246171677341413,0.545333218485053,0.29916154114364
"LocalData1545N0.txt",0.9,2.4,0.242968534812053,0.541399534167188,0.298430999355136
"LocalData1546N0.txt",0.9,2.45,0.249410378505127,0.524561804983305,0.275151426478177
"LocalData1547N0.txt",0.9,2.5,0.237021943010581,0.522052784585167,0.285030841574586
"LocalData1601N0.txt",0.95,0.2,0.251671772806418,1,0.748328227193582
"LocalData1602N0.txt",0.95,0.25,0.223634925686613,1,0.776365074313387
"LocalData1603N0.txt",0.95,0.3,0.237736522525085,1,0.762263477474915
"LocalData1604N0.txt",0.95,0.35,0.239069610867006,0.971301587301587,0.732231976434582
"LocalData1605N0.txt",0.95,0.4,0.238740549167667,0.969815716690717,0.73107516752305
"LocalData1606N0.txt",0.95,0.45,0.23985152038681,0.929139642551104,0.689288122164295
"LocalData1607N0.txt",0.95,0.5,0.231897921205915,0.91636137558368,0.684463454377765
"LocalData1608N0.txt",0.95,0.55,0.235336837190861,0.871412799315978,0.636075962125117
"LocalData1609N0.txt",0.95,0.6,0.231654667102768,0.854384038648593,0.622729371545825
"LocalData1610N0.txt",0.95,0.65,0.240127474945494,0.848309110203685,0.608181635258191
"LocalData1611N0.txt",0.95,0.7,0.235897915278454,0.824790362130554,0.5888924468521
"LocalData1612N0.txt",0.95,0.75,0.231861373268617,0.808710752536033,0.576849379267416
"LocalData1613N0.txt",0.95,0.8,0.232053522268501,0.819228061248243,0.587174538979742
"LocalData1614N0.txt",0.95,0.85,0.234330427320048,0.779454055076406,0.545123627756358
"LocalData1615N0.txt",0.95,0.9,0.218937667121073,0.766709078902941,0.547771411781868
"LocalData1616N0.txt",0.95,0.95,0.23029083390154,0.762242885599516,0.531952051697976
"LocalData1617N0.txt",0.95,1,0.231031556784403,0.750176121964939,0.519144565180535
"LocalData1618N0.txt",0.95,1.05,0.239539115680442,0.723846241134055,0.484307125453613
"LocalData1619N0.txt",0.95,1.1,0.228953839946571,0.722838838536696,0.493884998590124
"LocalData1620N0.txt",0.95,1.15,0.234618378112182,0.711885080278878,0.477266702166697
"LocalData1621N0.txt",0.95,1.2,0.229420672106124,0.700134014510857,0.470713342404733
"LocalData1622N0.txt",0.95,1.25,0.245451393475165,0.698717424638404,0.453266031163239
"LocalData1623N0.txt",0.95,1.3,0.2281988086824,0.712384383958607,0.484185575276207
"LocalData1624N0.txt",0.95,1.35,0.226459550147733,0.665777706322917,0.439318156175184
"LocalData1625N0.txt",0.95,1.4,0.240954176810737,0.679601971835172,0.438647795024436
"LocalData1626N0.txt",0.95,1.45,0.242827519219881,0.656162307887683,0.413334788667802
"LocalData1627N0.txt",0.95,1.5,0.24040280002142,0.668461377006251,0.428058576984831
"LocalData1628N0.txt",0.95,1.55,0.223591999934196,0.634371900570682,0.410779900636486
"LocalData1629N0.txt",0.95,1.6,0.22530042437357,0.626149784266818,0.400849359893248
"LocalData1630N0.txt",0.95,1.65,0.241789636670362,0.64500140871622,0.403211772045858
"LocalData1631N0.txt",0.95,1.7,0.213302970762589,0.626577812107704,0.413274841345115
"LocalData1632N0.txt",0.95,1.75,0.236990002048867,0.620345554537626,0.383355552488759
"LocalData1633N0.txt",0.95,1.8,0.23357951123221,0.627609490674357,0.394029979442147
"LocalData1634N0.txt",0.95,1.85,0.228648782429913,0.59803770637637,0.369388923946457
"LocalData1635N0.txt",0.95,1.9,0.236481339860692,0.596599262109781,0.360117922249089
"LocalData1636N0.txt",0.95,1.95,0.23159569396826,0.590767605204178,0.359171911235918
"LocalData1637N0.txt",0.95,2,0.23988614198782,0.586854397686118,0.346968255698297
"LocalData1638N0.txt",0.95,2.05,0.249629972170932,0.5739486540376,0.324318681866668
"LocalData1639N0.txt",0.95,2.1,0.22252646002685,0.576680845762975,0.354154385736125
"LocalData1640N0.txt",0.95,2.15,0.23887869494943,0.559180077869096,0.320301382919666
"LocalData1641N0.txt",0.95,2.2,0.22727872402681,0.560539697739949,0.33326097371314
"LocalData1642N0.txt",0.95,2.25,0.222008579529941,0.555419347063146,0.333410767533205
"LocalData1643N0.txt",0.95,2.3,0.238146190072818,0.536729159035588,0.298582968962769
"LocalData1644N0.txt",0.95,2.35,0.228206773835494,0.538835328627468,0.310628554791974
"LocalData1645N0.txt",0.95,2.4,0.239265669505057,0.540554252736971,0.301288583231914
"LocalData1646N0.txt",0.95,2.45,0.225147744646352,0.53335510445037,0.308207359804018
"LocalData1647N0.txt",0.95,2.5,0.234078881108855,0.516196447368676,0.282117566259822
"LocalData1701N0.txt",1,0.2,0.21861445444211,1,0.78138554555789
"LocalData1702N0.txt",1,0.25,0.218203331250325,1,0.781796668749675
"LocalData1703N0.txt",1,0.3,0.209021088306277,0.965555555555556,0.756534467249279
"LocalData1704N0.txt",1,0.35,0.2097028448913,0.972510822510823,0.762807977619522
"LocalData1705N0.txt",1,0.4,0.218468514274094,0.968375210127787,0.749906695853693
"LocalData1706N0.txt",1,0.45,0.218627681809605,0.922853652315289,0.704225970505684
"LocalData1707N0.txt",1,0.5,0.203506413026441,0.904548896152195,0.701042483125754
"LocalData1708N0.txt",1,0.55,0.221562529061966,0.89965207014752,0.678089541085553
"LocalData1709N0.txt",1,0.6,0.234625742201906,0.866285455829819,0.631659713627913
"LocalData1710N0.txt",1,0.65,0.220971928122122,0.856232102203532,0.63526017408141
"LocalData1711N0.txt",1,0.7,0.204943030010696,0.81781535874566,0.612872328734964
"LocalData1712N0.txt",1,0.75,0.221220714586716,0.826110083310188,0.604889368723471
"LocalData1713N0.txt",1,0.8,0.22808041760457,0.795106908446611,0.567026490842041
"LocalData1714N0.txt",1,0.85,0.216562285142483,0.786656169865136,0.570093884722653
"LocalData1715N0.txt",1,0.9,0.22079332932144,0.780847261110704,0.560053931789264
"LocalData1716N0.txt",1,0.95,0.22617135414908,0.762191190190272,0.536019836041193
"LocalData1717N0.txt",1,1,0.221842847535648,0.748087106482205,0.526244258946558
"LocalData1718N0.txt",1,1.05,0.224301108962407,0.743506087751583,0.519204978789176
"LocalData1719N0.txt",1,1.1,0.215794503379661,0.72959752878979,0.513803025410129
"LocalData1720N0.txt",1,1.15,0.219256423129245,0.726597783250709,0.507341360121463
"LocalData1721N0.txt",1,1.2,0.224416262135531,0.705751411118391,0.48133514898286
"LocalData1722N0.txt",1,1.25,0.217713385127224,0.699719309572101,0.482005924444876
"LocalData1723N0.txt",1,1.3,0.238300537879996,0.682147822873505,0.44384728499351
"LocalData1724N0.txt",1,1.35,0.226148984580073,0.674991140403587,0.448842155823514
"LocalData1725N0.txt",1,1.4,0.214545031422461,0.668079578882369,0.453534547459907
"LocalData1726N0.txt",1,1.45,0.229364211363788,0.654010126232048,0.42464591486826
"LocalData1727N0.txt",1,1.5,0.234516938587122,0.654951859526509,0.420434920939388
"LocalData1728N0.txt",1,1.55,0.223756003567868,0.64216844376239,0.418412440194522
"LocalData1729N0.txt",1,1.6,0.222564769431013,0.620535813987784,0.39797104455677
"LocalData1730N0.txt",1,1.65,0.211358184985301,0.633370079409782,0.422011894424481
"LocalData1731N0.txt",1,1.7,0.223384435534907,0.617528178355012,0.394143742820104
"LocalData1732N0.txt",1,1.75,0.221601798963202,0.59728208325735,0.375680284294147
"LocalData1733N0.txt",1,1.8,0.214653732278852,0.61200953184971,0.397355799570858
"LocalData1734N0.txt",1,1.85,0.230544365417697,0.595583740529913,0.365039375112216
"LocalData1735N0.txt",1,1.9,0.20649978350468,0.594914203055459,0.38841441955078
"LocalData1736N0.txt",1,1.95,0.229956302536211,0.578010317219113,0.348054014682902
"LocalData1737N0.txt",1,2,0.213044834549422,0.585438684785112,0.372393850235691
"LocalData1738N0.txt",1,2.05,0.21474686325849,0.563473510808526,0.348726647550036
"LocalData1739N0.txt",1,2.1,0.21634879983821,0.571724443148001,0.35537564330979
"LocalData1740N0.txt",1,2.15,0.212639346205686,0.552139270302327,0.339499924096641
"LocalData1741N0.txt",1,2.2,0.222426684204322,0.557450945865903,0.335024261661582
"LocalData1742N0.txt",1,2.25,0.227056444559146,0.5474630654788,0.320406620919654
"LocalData1743N0.txt",1,2.3,0.22471886848369,0.546416349869132,0.321697481385442
"LocalData1744N0.txt",1,2.35,0.22246984334992,0.544323502252247,0.321853658902327
"LocalData1745N0.txt",1,2.4,0.219404534865603,0.529859172005062,0.310454637139459
"LocalData1746N0.txt",1,2.45,0.208718093178794,0.525713049965704,0.31699495678691
"LocalData1747N0.txt",1,2.5,0.212631260343539,0.522571027022487,0.309939766678948
"LocalData1801N0.txt",1.05,0.2,0.215832831226314,1,0.784167168773686
"LocalData1802N0.txt",1.05,0.25,0.205869905545614,1,0.794130094454386
"LocalData1803N0.txt",1.05,0.3,0.21836227157174,1,0.78163772842826
"LocalData1804N0.txt",1.05,0.35,0.216673427758997,0.964781746031746,0.748108318272749
"LocalData1805N0.txt",1.05,0.4,0.209785475661738,0.948764294125119,0.738978818463381
"LocalData1806N0.txt",1.05,0.45,0.226969678749653,0.948927984504982,0.721958305755329
"LocalData1807N0.txt",1.05,0.5,0.214710847423746,0.928531644375028,0.713820796951283
"LocalData1808N0.txt",1.05,0.55,0.210834864639295,0.876142301439968,0.665307436800673
"LocalData1809N0.txt",1.05,0.6,0.218760843821399,0.879369139478672,0.660608295657273
"LocalData1810N0.txt",1.05,0.65,0.210268482143403,0.845577640693628,0.635309158550226
"LocalData1811N0.txt",1.05,0.7,0.207900440571994,0.822906664509964,0.61500622393797
"LocalData1812N0.txt",1.05,0.75,0.212879747754703,0.798473562496139,0.585593814741435
"LocalData1813N0.txt",1.05,0.8,0.202325488013309,0.797483848313868,0.595158360300559
"LocalData1814N0.txt",1.05,0.85,0.220566267771386,0.80583570111556,0.585269433344174
"LocalData1815N0.txt",1.05,0.9,0.206767414300647,0.765607310679142,0.558839896378496
"LocalData1816N0.txt",1.05,0.95,0.212941399395921,0.751424376032856,0.538482976636935
"LocalData1817N0.txt",1.05,1,0.209829398641968,0.75271005544707,0.542880656805102
"LocalData1818N0.txt",1.05,1.05,0.206576257128216,0.722084087526625,0.515507830398409
"LocalData1819N0.txt",1.05,1.1,0.210005724272202,0.728203254279362,0.51819753000716
"LocalData1820N0.txt",1.05,1.15,0.206749775770183,0.713079958548655,0.506330182778471
"LocalData1821N0.txt",1.05,1.2,0.202683578338286,0.706497305285717,0.503813726947431
"LocalData1822N0.txt",1.05,1.25,0.218268915876151,0.697388008006782,0.479119092130632
"LocalData1823N0.txt",1.05,1.3,0.213097817555974,0.695242686163058,0.482144868607084
"LocalData1824N0.txt",1.05,1.35,0.215729094279569,0.668734222163585,0.453005127884017
"LocalData1825N0.txt",1.05,1.4,0.20543066419507,0.657756880312903,0.452326216117833
"LocalData1826N0.txt",1.05,1.45,0.210718419759127,0.664243850123538,0.453525430364411
"LocalData1827N0.txt",1.05,1.5,0.217888761239731,0.65572474357406,0.437835982334329
"LocalData1828N0.txt",1.05,1.55,0.218725237901268,0.639190472444649,0.420465234543381
"LocalData1829N0.txt",1.05,1.6,0.208908329398172,0.630704004118691,0.421795674720519
"LocalData1830N0.txt",1.05,1.65,0.211277954078568,0.625156257229238,0.41387830315067
"LocalData1831N0.txt",1.05,1.7,0.204102377798053,0.614545233336482,0.410442855538429
"LocalData1832N0.txt",1.05,1.75,0.195341528655081,0.606700530597783,0.411359001942702
"LocalData1833N0.txt",1.05,1.8,0.210439317704405,0.610473289267652,0.400033971563247
"LocalData1834N0.txt",1.05,1.85,0.207870109447766,0.591793532634968,0.383923423187201
"LocalData1835N0.txt",1.05,1.9,0.208715194433544,0.599994155488131,0.391278961054587
"LocalData1836N0.txt",1.05,1.95,0.215005645957638,0.584337909869075,0.369332263911437
"LocalData1837N0.txt",1.05,2,0.211241595875447,0.586144256033476,0.374902660158029
"LocalData1838N0.txt",1.05,2.05,0.206794854466233,0.567503620452988,0.360708765986755
"LocalData1839N0.txt",1.05,2.1,0.218709542634916,0.568118530903795,0.349408988268878
"LocalData1840N0.txt",1.05,2.15,0.21055182870374,0.553727095325831,0.343175266622091
"LocalData1841N0.txt",1.05,2.2,0.206911325929544,0.557971418172188,0.351060092242644
"LocalData1842N0.txt",1.05,2.25,0.209937548440122,0.549670116448932,0.33973256800881
"LocalData1843N0.txt",1.05,2.3,0.216194188634855,0.551407461336391,0.335213272701536
"LocalData1844N0.txt",1.05,2.35,0.206592221160999,0.527949197442008,0.321356976281009
"LocalData1845N0.txt",1.05,2.4,0.199063034136186,0.531343501319716,0.332280467183529
"LocalData1846N0.txt",1.05,2.45,0.214048474040922,0.515648702420463,0.30160022837954
"LocalData1847N0.txt",1.05,2.5,0.208550011811114,0.530792304705635,0.322242292894521
"LocalData1901N0.txt",1.1,0.2,0.199067448151581,1,0.800932551848419
"LocalData1902N0.txt",1.1,0.25,0.209749972616361,0.96236559139785,0.752615618781489
"LocalData1903N0.txt",1.1,0.3,0.19977670183929,0.983068783068783,0.783292081229493
"LocalData1904N0.txt",1.1,0.35,0.208849362369149,1,0.791150637630851
"LocalData1905N0.txt",1.1,0.4,0.204998487598538,0.951319393167219,0.746320905568681
"LocalData1906N0.txt",1.1,0.45,0.192666754598189,0.933505262430993,0.740838507832804
"LocalData1907N0.txt",1.1,0.5,0.197438653647053,0.914060716769857,0.716622063122804
"LocalData1908N0.txt",1.1,0.55,0.193302464496814,0.872268444232382,0.678965979735568
"LocalData1909N0.txt",1.1,0.6,0.202832884336832,0.869641853478928,0.666808969142095
"LocalData1910N0.txt",1.1,0.65,0.195134935592502,0.852531357373188,0.657396421780686
"LocalData1911N0.txt",1.1,0.7,0.196210018147397,0.815807416347031,0.619597398199634
"LocalData1912N0.txt",1.1,0.75,0.195384168467643,0.806473957320273,0.61108978885263
"LocalData1913N0.txt",1.1,0.8,0.19779290973931,0.798859020498222,0.601066110758912
"LocalData1914N0.txt",1.1,0.85,0.204832357705668,0.795092511748099,0.590260154042431
"LocalData1915N0.txt",1.1,0.9,0.19495075408493,0.758016622501737,0.563065868416807
"LocalData1916N0.txt",1.1,0.95,0.202051030215233,0.778669469368259,0.576618439153026
"LocalData1917N0.txt",1.1,1,0.195773408998784,0.758374211968034,0.56260080296925
"LocalData1918N0.txt",1.1,1.05,0.207084497600933,0.747403460145897,0.540318962544964
"LocalData1919N0.txt",1.1,1.1,0.199036515469678,0.72294021763965,0.523903702169971
"LocalData1920N0.txt",1.1,1.15,0.196617942497425,0.710609106984791,0.513991164487366
"LocalData1921N0.txt",1.1,1.2,0.206823401429998,0.720566795088758,0.513743393658759
"LocalData1922N0.txt",1.1,1.25,0.213664153822227,0.68274812255854,0.469083968736313
"LocalData1923N0.txt",1.1,1.3,0.199677783113307,0.686768092281096,0.487090309167788
"LocalData1924N0.txt",1.1,1.35,0.202027673039331,0.672416137917964,0.470388464878634
"LocalData1925N0.txt",1.1,1.4,0.192456802922349,0.661777838868139,0.46932103594579
"LocalData1926N0.txt",1.1,1.45,0.187008949296616,0.665068854411416,0.4780599051148
"LocalData1927N0.txt",1.1,1.5,0.209918117904912,0.644321537940602,0.43440342003569
"LocalData1928N0.txt",1.1,1.55,0.196127462508021,0.649440161353762,0.453312698845741
"LocalData1929N0.txt",1.1,1.6,0.207086003122198,0.635506728313338,0.42842072519114
"LocalData1930N0.txt",1.1,1.65,0.191111931027693,0.635994238657298,0.444882307629606
"LocalData1931N0.txt",1.1,1.7,0.196706665994824,0.622142241472348,0.425435575477525
"LocalData1932N0.txt",1.1,1.75,0.201771258435357,0.604888223523741,0.403116965088384
"LocalData1933N0.txt",1.1,1.8,0.194100362411404,0.617079374509277,0.422979012097873
"LocalData1934N0.txt",1.1,1.85,0.202082027386671,0.599918769506411,0.397836742119739
"LocalData1935N0.txt",1.1,1.9,0.186580098796419,0.584772840119495,0.398192741323076
"LocalData1936N0.txt",1.1,1.95,0.193913107605297,0.581672829196351,0.387759721591055
"LocalData1937N0.txt",1.1,2,0.198061312936962,0.574193418542978,0.376132105606016
"LocalData1938N0.txt",1.1,2.05,0.199138501155564,0.569114564998742,0.369976063843178
"LocalData1939N0.txt",1.1,2.1,0.189562935929542,0.571357150118612,0.381794214189069
"LocalData1940N0.txt",1.1,2.15,0.205270713434101,0.566540013497157,0.361269300063056
"LocalData1941N0.txt",1.1,2.2,0.207531913873309,0.549326567685488,0.341794653812179
"LocalData1942N0.txt",1.1,2.25,0.191701126825189,0.540856708097745,0.349155581272556
"LocalData1943N0.txt",1.1,2.3,0.199448799349144,0.544859366998029,0.345410567648886
"LocalData1944N0.txt",1.1,2.35,0.203082776392354,0.543473790816597,0.340391014424243
"LocalData1945N0.txt",1.1,2.4,0.207575650200775,0.537420308008652,0.329844657807877
"LocalData1946N0.txt",1.1,2.45,0.198004374279825,0.527288205919009,0.329283831639184
"LocalData1947N0.txt",1.1,2.5,0.202505841874547,0.530987574741719,0.328481732867173
"LocalData2001N0.txt",1.15,0.2,0.192251737403635,NA,NA
"LocalData2002N0.txt",1.15,0.25,0.198312159660375,1,0.801687840339625
"LocalData2003N0.txt",1.15,0.3,0.192284422917968,0.9875,0.795215577082032
"LocalData2004N0.txt",1.15,0.35,0.196434182076535,0.971613141380583,0.775178959304048
"LocalData2005N0.txt",1.15,0.4,0.195479335505718,0.974426078971534,0.778946743465816
"LocalData2006N0.txt",1.15,0.45,0.189728672636195,0.94011334495667,0.750384672320475
"LocalData2007N0.txt",1.15,0.5,0.186637409417998,0.903186176954662,0.716548767536664
"LocalData2008N0.txt",1.15,0.55,0.192753419638965,0.894207036589928,0.701453616950963
"LocalData2009N0.txt",1.15,0.6,0.184104527133009,0.876875328092709,0.692770800959699
"LocalData2010N0.txt",1.15,0.65,0.18836278994122,0.840968650878147,0.652605860936927
"LocalData2011N0.txt",1.15,0.7,0.191171788265151,0.833749649480117,0.642577861214966
"LocalData2012N0.txt",1.15,0.75,0.193343376853684,0.820397253169787,0.627053876316103
"LocalData2013N0.txt",1.15,0.8,0.193899232903945,0.796741024912418,0.602841792008473
"LocalData2014N0.txt",1.15,0.85,0.184018658805786,0.781813883787782,0.597795224981996
"LocalData2015N0.txt",1.15,0.9,0.189809335564803,0.772942169583784,0.58313283401898
"LocalData2016N0.txt",1.15,0.95,0.185058955999195,0.74785878395939,0.562799827960196
"LocalData2017N0.txt",1.15,1,0.182716674439088,0.742777650578309,0.560060976139221
"LocalData2018N0.txt",1.15,1.05,0.186649905676079,0.732328688452061,0.545678782775982
"LocalData2019N0.txt",1.15,1.1,0.172279442232009,0.731204765470075,0.558925323238066
"LocalData201N0.txt",0.25,0.2,0.794998190279917,NA,NA
"LocalData2020N0.txt",1.15,1.15,0.19391329926067,0.715898581961125,0.521985282700455
"LocalData2021N0.txt",1.15,1.2,0.186646568441696,0.705762736681051,0.519116168239355
"LocalData2022N0.txt",1.15,1.25,0.18727247122032,0.682267516825826,0.494995045605506
"LocalData2023N0.txt",1.15,1.3,0.194481817785742,0.687358703817568,0.492876886031825
"LocalData2024N0.txt",1.15,1.35,0.200805159728684,0.676455936880455,0.475650777151771
"LocalData2025N0.txt",1.15,1.4,0.199083995069476,0.669299638671165,0.47021564360169
"LocalData2026N0.txt",1.15,1.45,0.195469890903632,0.657928118519635,0.462458227616003
"LocalData2027N0.txt",1.15,1.5,0.196010579884025,0.646682975434251,0.450672395550226
"LocalData2028N0.txt",1.15,1.55,0.192447002426555,0.639088955426793,0.446641953000238
"LocalData2029N0.txt",1.15,1.6,0.201032487101127,0.640677602667848,0.439645115566721
"LocalData202N0.txt",0.25,0.25,0.799400141501687,1,0.200599858498313
"LocalData2030N0.txt",1.15,1.65,0.193689521326326,0.625748680904856,0.43205915957853
"LocalData2031N0.txt",1.15,1.7,0.186569153379957,0.622981639471273,0.436412486091316
"LocalData2032N0.txt",1.15,1.75,0.190717470521515,0.614320769579743,0.423603299058227
"LocalData2033N0.txt",1.15,1.8,0.191060563756306,0.601681934287826,0.41062137053152
"LocalData2034N0.txt",1.15,1.85,0.188230801301348,0.598924955261855,0.410694153960507
"LocalData2035N0.txt",1.15,1.9,0.19309075449577,0.583853233537176,0.390762479041405
"LocalData2036N0.txt",1.15,1.95,0.18381688333578,0.587307506755586,0.403490623419806
"LocalData2037N0.txt",1.15,2,0.193452498952616,0.581375279338441,0.387922780385825
"LocalData2038N0.txt",1.15,2.05,0.197505520749677,0.581061406717039,0.383555885967363
"LocalData2039N0.txt",1.15,2.1,0.183843895674538,0.562255836017457,0.37841194034292
"LocalData203N0.txt",0.25,0.3,0.870800431685435,NA,NA
"LocalData2040N0.txt",1.15,2.15,0.192079249131914,0.578916631522451,0.386837382390537
"LocalData2041N0.txt",1.15,2.2,0.189959936611762,0.543787993166784,0.353828056555022
"LocalData2042N0.txt",1.15,2.25,0.190066132939356,0.552328843302576,0.362262710363221
"LocalData2043N0.txt",1.15,2.3,0.192000116968053,0.545729168801979,0.353729051833926
"LocalData2044N0.txt",1.15,2.35,0.197326095554271,0.540179510604594,0.342853415050323
"LocalData2045N0.txt",1.15,2.4,0.199500973087734,0.546276434010819,0.346775460923085
"LocalData2046N0.txt",1.15,2.45,0.184880978711886,0.532026509121243,0.347145530409357
"LocalData2047N0.txt",1.15,2.5,0.194374444781663,0.529698106326463,0.335323661544799
"LocalData204N0.txt",0.25,0.35,0.835192108478541,NA,NA
"LocalData205N0.txt",0.25,0.4,0.869227278714831,1,0.130772721285169
"LocalData206N0.txt",0.25,0.45,0.884560161761642,NA,NA
"LocalData207N0.txt",0.25,0.5,0.891742702594419,1,0.108257297405581
"LocalData208N0.txt",0.25,0.55,0.868242752166702,1,0.131757247833298
"LocalData209N0.txt",0.25,0.6,0.832215549246543,1,0.167784450753457
"LocalData2101N0.txt",1.2,0.2,0.181418519025298,1,0.818581480974702
"LocalData2102N0.txt",1.2,0.25,0.184116709994069,1,0.815883290005931
"LocalData2103N0.txt",1.2,0.3,0.186337478953622,0.995670995670996,0.809333516717374
"LocalData2104N0.txt",1.2,0.35,0.169602624879879,0.978266888150609,0.80866426327073
"LocalData2105N0.txt",1.2,0.4,0.194135841549857,0.954974568968876,0.76083872741902
"LocalData2106N0.txt",1.2,0.45,0.18636752229756,0.95021098759958,0.763843465302019
"LocalData2107N0.txt",1.2,0.5,0.188738090689873,0.925563984764356,0.736825894074483
"LocalData2108N0.txt",1.2,0.55,0.189855331204748,0.886911267333878,0.69705593612913
"LocalData2109N0.txt",1.2,0.6,0.180774677389799,0.884129534832683,0.703354857442885
"LocalData210N0.txt",0.25,0.65,0.898243746937795,1,0.101756253062205
"LocalData2110N0.txt",1.2,0.65,0.181265904548529,0.841738094910713,0.660472190362184
"LocalData2111N0.txt",1.2,0.7,0.196095602267705,0.825935744387881,0.629840142120176
"LocalData2112N0.txt",1.2,0.75,0.181592212715558,0.841537853434431,0.659945640718873
"LocalData2113N0.txt",1.2,0.8,0.188777680210176,0.804819201380702,0.616041521170527
"LocalData2114N0.txt",1.2,0.85,0.18046656256697,0.797685986187371,0.617219423620401
"LocalData2115N0.txt",1.2,0.9,0.184455519931365,0.769169296506458,0.584713776575093
"LocalData2116N0.txt",1.2,0.95,0.193064176975054,0.756665411938894,0.56360123496384
"LocalData2117N0.txt",1.2,1,0.173845965810644,0.749458036056046,0.575612070245402
"LocalData2118N0.txt",1.2,1.05,0.180722000928632,0.748997439626804,0.568275438698173
"LocalData2119N0.txt",1.2,1.1,0.170638677596809,0.720377326711563,0.549738649114754
"LocalData211N0.txt",0.25,0.7,0.842854440673748,1,0.157145559326252
"LocalData2120N0.txt",1.2,1.15,0.181622471279689,0.726023081967762,0.544400610688073
"LocalData2121N0.txt",1.2,1.2,0.185174973412865,0.694864930345906,0.50968995693304
"LocalData2122N0.txt",1.2,1.25,0.17117469883881,0.696110355529402,0.524935656690593
"LocalData2123N0.txt",1.2,1.3,0.191952125978277,0.670346626181471,0.478394500203194
"LocalData2124N0.txt",1.2,1.35,0.176987436591926,0.689230796460606,0.51224335986868
"LocalData2125N0.txt",1.2,1.4,0.174404146319361,0.667876908712986,0.493472762393624
"LocalData2126N0.txt",1.2,1.45,0.188156358261696,0.65463371059386,0.466477352332164
"LocalData2127N0.txt",1.2,1.5,0.179022434987403,0.650753340510203,0.4717309055228
"LocalData2128N0.txt",1.2,1.55,0.178295668780397,0.640900569434045,0.462604900653648
"LocalData2129N0.txt",1.2,1.6,0.182996851853977,0.636840241936178,0.453843390082201
"LocalData212N0.txt",0.25,0.75,0.883342704249819,1,0.116657295750181
"LocalData2130N0.txt",1.2,1.65,0.183841293981828,0.624241400180782,0.440400106198953
"LocalData2131N0.txt",1.2,1.7,0.174266121827888,0.62271379585454,0.448447674026652
"LocalData2132N0.txt",1.2,1.75,0.184356398075527,0.605678677555169,0.421322279479642
"LocalData2133N0.txt",1.2,1.8,0.192370137520876,0.60764043444881,0.415270296927934
"LocalData2134N0.txt",1.2,1.85,0.181895490982079,0.596880209093214,0.414984718111136
"LocalData2135N0.txt",1.2,1.9,0.187200083274952,0.590059768457897,0.402859685182945
"LocalData2136N0.txt",1.2,1.95,0.178130792051198,0.586213584237752,0.408082792186554
"LocalData2137N0.txt",1.2,2,0.174446842898418,0.582955392997176,0.408508550098757
"LocalData2138N0.txt",1.2,2.05,0.188112049857167,0.558977624254567,0.370865574397401
"LocalData2139N0.txt",1.2,2.1,0.185968354928125,0.567967035138887,0.381998680210762
"LocalData213N0.txt",0.25,0.8,0.84372296283745,0.991379310344828,0.147656347507378
"LocalData2140N0.txt",1.2,2.15,0.185961139421829,0.55617933303198,0.370218193610151
"LocalData2141N0.txt",1.2,2.2,0.183961152431135,0.556161624258082,0.372200471826947
"LocalData2142N0.txt",1.2,2.25,0.192815583940016,0.543153707853304,0.350338123913288
"LocalData2143N0.txt",1.2,2.3,0.181602470621243,0.538872422628091,0.357269952006848
"LocalData2144N0.txt",1.2,2.35,0.190255472672577,0.535655117693384,0.345399645020807
"LocalData2145N0.txt",1.2,2.4,0.186586276962818,0.528421917536204,0.341835640573386
"LocalData2146N0.txt",1.2,2.45,0.18082614338408,0.522674317009449,0.341848173625369
"LocalData2147N0.txt",1.2,2.5,0.184698756210585,0.521301334035921,0.336602577825336
"LocalData214N0.txt",0.25,0.85,0.83369127081025,1,0.166308729189749
"LocalData215N0.txt",0.25,0.9,0.89844410285652,0.986223420185684,0.0877793173291642
"LocalData216N0.txt",0.25,0.95,0.845821996465674,0.9926614481409,0.146839451675226
"LocalData217N0.txt",0.25,1,0.7990315153007,0.928074576587462,0.129043061286762
"LocalData218N0.txt",0.25,1.05,0.887989074811635,1,0.112010925188365
"LocalData219N0.txt",0.25,1.1,0.813970280297733,0.925974426175889,0.112004145878156
"LocalData2201N0.txt",1.25,0.2,0.175009826446404,1,0.824990173553596
"LocalData2202N0.txt",1.25,0.25,0.190712231620872,1,0.809287768379128
"LocalData2203N0.txt",1.25,0.3,0.1703522995853,0.991812865497076,0.821460565911776
"LocalData2204N0.txt",1.25,0.35,0.17643956865953,0.945112788446122,0.768673219786592
"LocalData2205N0.txt",1.25,0.4,0.173237450641822,0.954141635008982,0.78090418436716
"LocalData2206N0.txt",1.25,0.45,0.175938134098921,0.920721897718351,0.74478376361943
"LocalData2207N0.txt",1.25,0.5,0.177358638102587,0.912865044143549,0.735506406040961
"LocalData2208N0.txt",1.25,0.55,0.169611563222189,0.882279488667046,0.712667925444857
"LocalData2209N0.txt",1.25,0.6,0.169182748154165,0.855522220198255,0.68633947204409
"LocalData220N0.txt",0.25,1.15,0.897326039608766,0.97238455988456,0.0750585202757943
"LocalData2210N0.txt",1.25,0.65,0.176247128272664,0.847237984142486,0.670990855869822
"LocalData2211N0.txt",1.25,0.7,0.166803538414328,0.820071640182222,0.653268101767894
"LocalData2212N0.txt",1.25,0.75,0.168527715835306,0.789233417733722,0.620705701898416
"LocalData2213N0.txt",1.25,0.8,0.185573943485727,0.804918151580809,0.619344208095082
"LocalData2214N0.txt",1.25,0.85,0.175118551238527,0.791881299152959,0.616762747914431
"LocalData2215N0.txt",1.25,0.9,0.182987153240389,0.765967735006559,0.58298058176617
"LocalData2216N0.txt",1.25,0.95,0.175897659924693,0.751905736872785,0.576008076948092
"LocalData2217N0.txt",1.25,1,0.180186758320063,0.74929793476603,0.569111176445967
"LocalData2218N0.txt",1.25,1.05,0.184633692626588,0.724848337923718,0.54021464529713
"LocalData2219N0.txt",1.25,1.1,0.17144166252982,0.730405598694291,0.558963936164471
"LocalData221N0.txt",0.25,1.2,0.827013577084718,0.918570363350184,0.0915567862654658
"LocalData2220N0.txt",1.25,1.15,0.177512911675156,0.708590644410356,0.5310777327352
"LocalData2221N0.txt",1.25,1.2,0.17525056800356,0.702976997051038,0.527726429047478
"LocalData2222N0.txt",1.25,1.25,0.171168607553235,0.707071559295907,0.535902951742671
"LocalData2223N0.txt",1.25,1.3,0.174384327139201,0.686695823154325,0.512311496015124
"LocalData2224N0.txt",1.25,1.35,0.178990793164992,0.66534253734716,0.486351744182168
"LocalData2225N0.txt",1.25,1.4,0.16827687099156,0.661610722044964,0.493333851053404
"LocalData2226N0.txt",1.25,1.45,0.179953320604455,0.658832436392688,0.478879115788233
"LocalData2227N0.txt",1.25,1.5,0.181317008588742,0.656141903547736,0.474824894958995
"LocalData2228N0.txt",1.25,1.55,0.179379004537348,0.635335198530002,0.455956193992654
"LocalData2229N0.txt",1.25,1.6,0.163695877245597,0.638733482722639,0.475037605477042
"LocalData222N0.txt",0.25,1.25,0.824231076652066,0.912072655652436,0.0878415790003702
"LocalData2230N0.txt",1.25,1.65,0.178036999420476,0.633909212796289,0.455872213375813
"LocalData2231N0.txt",1.25,1.7,0.166257374321791,0.615704314003014,0.449446939681223
"LocalData2232N0.txt",1.25,1.75,0.174122995743352,0.591737744981847,0.417614749238495
"LocalData2233N0.txt",1.25,1.8,0.18616608147336,0.606318489052537,0.420152407579177
"LocalData2234N0.txt",1.25,1.85,0.180288977303264,0.60105312491625,0.420764147612987
"LocalData2235N0.txt",1.25,1.9,0.171501558531234,0.588756226787736,0.417254668256502
"LocalData2236N0.txt",1.25,1.95,0.171206102232294,0.58079807838119,0.409591976148896
"LocalData2237N0.txt",1.25,2,0.168616745702142,0.582694519705179,0.414077774003037
"LocalData2238N0.txt",1.25,2.05,0.172803690779323,0.560603325696803,0.38779963491748
"LocalData2239N0.txt",1.25,2.1,0.165535332469934,0.550280844045768,0.384745511575833
"LocalData223N0.txt",0.25,1.3,0.908346906614917,1,0.0916530933850834
"LocalData2240N0.txt",1.25,2.15,0.17489149550226,0.568529740393134,0.393638244890873
"LocalData2241N0.txt",1.25,2.2,0.171757394448305,0.549354812852373,0.377597418404068
"LocalData2242N0.txt",1.25,2.25,0.169589096992249,0.549303255082159,0.37971415808991
"LocalData2243N0.txt",1.25,2.3,0.167849552465239,0.540215263093572,0.372365710628334
"LocalData2244N0.txt",1.25,2.35,0.174261060799369,0.541866873923076,0.367605813123707
"LocalData2245N0.txt",1.25,2.4,0.175124578749178,0.53610904078144,0.360984462032262
"LocalData2246N0.txt",1.25,2.45,0.167206365351249,0.517355592706882,0.350149227355634
"LocalData2247N0.txt",1.25,2.5,0.179742837890929,0.520798020926182,0.341055183035253
"LocalData224N0.txt",0.25,1.35,0.852474683151706,0.9408410592781,0.0883663761263941
"LocalData225N0.txt",0.25,1.4,0.82072500480355,0.902597432707342,0.0818724279037919
"LocalData226N0.txt",0.25,1.45,0.887719590989148,0.974218099956701,0.0864985089675537
"LocalData227N0.txt",0.25,1.5,0.83373059736681,0.891945714174643,0.058215116807833
"LocalData228N0.txt",0.25,1.55,0.895336250251893,0.963342657067044,0.0680064068151506
"LocalData229N0.txt",0.25,1.6,0.761869575422153,0.829275387512888,0.0674058120907352
"LocalData2301N0.txt",1.3,0.2,0.16973361050147,1,0.83026638949853
"LocalData2302N0.txt",1.3,0.25,0.171066663280784,1,0.828933336719216
"LocalData2303N0.txt",1.3,0.3,0.16885869294872,0.977987421383648,0.809128728434927
"LocalData2304N0.txt",1.3,0.35,0.167193202441078,0.968439153439153,0.801245950998076
"LocalData2305N0.txt",1.3,0.4,0.167023577874083,0.94968923966523,0.782665661791147
"LocalData2306N0.txt",1.3,0.45,0.174070807259546,0.938856081110299,0.764785273850754
"LocalData2307N0.txt",1.3,0.5,0.167101608763545,0.918590779093727,0.751489170330182
"LocalData2308N0.txt",1.3,0.55,0.162160073829274,0.880287843351646,0.718127769522373
"LocalData2309N0.txt",1.3,0.6,0.171968808192581,0.856205116268578,0.684236308075997
"LocalData230N0.txt",0.25,1.65,0.808669191377158,0.847447650871153,0.0387784594939949
"LocalData2310N0.txt",1.3,0.65,0.162126343800953,0.848150901604527,0.686024557803574
"LocalData2311N0.txt",1.3,0.7,0.170761486102486,0.821082294564639,0.650320808462153
"LocalData2312N0.txt",1.3,0.75,0.172251423149589,0.82308423329217,0.650832810142581
"LocalData2313N0.txt",1.3,0.8,0.17731061756622,0.783542609878579,0.606231992312359
"LocalData2314N0.txt",1.3,0.85,0.174776254546599,0.786789589303436,0.612013334756837
"LocalData2315N0.txt",1.3,0.9,0.172415675298559,0.780621121151962,0.608205445853403
"LocalData2316N0.txt",1.3,0.95,0.169211440697065,0.756272739080766,0.587061298383701
"LocalData2317N0.txt",1.3,1,0.17380223523039,0.733178664391953,0.559376429161563
"LocalData2318N0.txt",1.3,1.05,0.171028267116744,0.729586065432904,0.55855779831616
"LocalData2319N0.txt",1.3,1.1,0.178508730507827,0.725789380573952,0.547280650066125
"LocalData231N0.txt",0.25,1.7,0.838847820071099,0.914619021295063,0.0757712012239642
"LocalData2320N0.txt",1.3,1.15,0.168110690720667,0.71566766233348,0.547556971612813
"LocalData2321N0.txt",1.3,1.2,0.170851218505515,0.703193119153167,0.532341900647653
"LocalData2322N0.txt",1.3,1.25,0.170389987703936,0.688681831617552,0.518291843913616
"LocalData2323N0.txt",1.3,1.3,0.166373687412265,0.692144486265769,0.525770798853504
"LocalData2324N0.txt",1.3,1.35,0.169396957123223,0.682923812489652,0.513526855366429
"LocalData2325N0.txt",1.3,1.4,0.176753966900352,0.675343137601185,0.498589170700834
"LocalData2326N0.txt",1.3,1.45,0.165779866180624,0.651193592172202,0.485413725991577
"LocalData2327N0.txt",1.3,1.5,0.174153803398566,0.650706511149466,0.476552707750901
"LocalData2328N0.txt",1.3,1.55,0.17172801191475,0.628449493251756,0.456721481337005
"LocalData2329N0.txt",1.3,1.6,0.173676662480106,0.649574234229683,0.475897571749576
"LocalData232N0.txt",0.25,1.75,0.842259748485096,0.88227516568656,0.040015417201464
"LocalData2330N0.txt",1.3,1.65,0.177438438032942,0.628141373993375,0.450702935960434
"LocalData2331N0.txt",1.3,1.7,0.169437283868423,0.614423570082568,0.444986286214145
"LocalData2332N0.txt",1.3,1.75,0.169605168073044,0.608725566069898,0.439120397996855
"LocalData2333N0.txt",1.3,1.8,0.164552206945331,0.604795489482652,0.440243282537321
"LocalData2334N0.txt",1.3,1.85,0.17155019828707,0.599330819517919,0.427780621230849
"LocalData2335N0.txt",1.3,1.9,0.171983422904516,0.597537629017374,0.425554206112857
"LocalData2336N0.txt",1.3,1.95,0.160648591899066,0.571541117528767,0.410892525629701
"LocalData2337N0.txt",1.3,2,0.173206426260557,0.580131273493182,0.406924847232625
"LocalData2338N0.txt",1.3,2.05,0.166787949885176,0.584203232346507,0.417415282461331
"LocalData2339N0.txt",1.3,2.1,0.171179812110909,0.574146791669965,0.402966979559056
"LocalData233N0.txt",0.25,1.8,0.890301334267295,0.9477651795086,0.0574638452413059
"LocalData2340N0.txt",1.3,2.15,0.174016450672801,0.567611017074217,0.393594566401416
"LocalData2341N0.txt",1.3,2.2,0.173009271293355,0.54422361539572,0.371214344102365
"LocalData2342N0.txt",1.3,2.25,0.173799048592947,0.548967439888775,0.375168391295829
"LocalData2343N0.txt",1.3,2.3,0.168344684399504,0.545754917607961,0.377410233208457
"LocalData2344N0.txt",1.3,2.35,0.154642930946599,0.531917794098323,0.377274863151724
"LocalData2345N0.txt",1.3,2.4,0.165024036462335,0.524903702518158,0.359879666055824
"LocalData2346N0.txt",1.3,2.45,0.165856915699017,0.530514027465514,0.364657111766497
"LocalData2347N0.txt",1.3,2.5,0.167126777457779,0.531013113847595,0.363886336389816
"LocalData234N0.txt",0.25,1.85,0.855935078234031,0.871623089373179,0.0156880111391483
"LocalData235N0.txt",0.25,1.9,0.889984335277232,0.951998592179367,0.0620142569021347
"LocalData236N0.txt",0.25,1.95,0.891017534296857,0.976379447170045,0.0853619128731882
"LocalData237N0.txt",0.25,2,0.867214432319242,0.924281510694567,0.0570670783753249
"LocalData238N0.txt",0.25,2.05,0.889511716258831,0.942977492480596,0.0534657762217643
"LocalData239N0.txt",0.25,2.1,0.846395099839761,0.888658231903851,0.0422631320640899
"LocalData2401N0.txt",1.35,0.2,0.163660291710167,1,0.836339708289833
"LocalData2402N0.txt",1.35,0.25,0.163245099760019,1,0.836754900239981
"LocalData2403N0.txt",1.35,0.3,0.163071829362118,0.995555555555556,0.832483726193437
"LocalData2404N0.txt",1.35,0.35,0.167814583996911,0.97906976744186,0.81125518344495
"LocalData2405N0.txt",1.35,0.4,0.16972229949864,0.952194709225959,0.782472409727319
"LocalData2406N0.txt",1.35,0.45,0.165952902839998,0.903148184433485,0.737195281593487
"LocalData2407N0.txt",1.35,0.5,0.159419613624224,0.908852494038143,0.749432880413919
"LocalData2408N0.txt",1.35,0.55,0.163465195492605,0.895021634277785,0.73155643878518
"LocalData2409N0.txt",1.35,0.6,0.166540035419885,0.876840326236819,0.710300290816934
"LocalData240N0.txt",0.25,2.15,0.869902173162005,0.893098062292176,0.023195889130171
"LocalData2410N0.txt",1.35,0.65,0.171897340018377,0.860009230527736,0.688111890509359
"LocalData2411N0.txt",1.35,0.7,0.17038209703166,0.837174813951921,0.666792716920261
"LocalData2412N0.txt",1.35,0.75,0.169545916041127,0.825009347059935,0.655463431018808
"LocalData2413N0.txt",1.35,0.8,0.161602286723716,0.811609577243994,0.650007290520278
"LocalData2414N0.txt",1.35,0.85,0.162226296426291,0.780110795974359,0.617884499548067
"LocalData2415N0.txt",1.35,0.9,0.166362074967169,0.764185275271934,0.597823200304765
"LocalData2416N0.txt",1.35,0.95,0.16276403841662,0.749111270230613,0.586347231813993
"LocalData2417N0.txt",1.35,1,0.157045742981226,0.732607792824008,0.575562049842782
"LocalData2418N0.txt",1.35,1.05,0.163155024772293,0.724346651286008,0.561191626513715
"LocalData2419N0.txt",1.35,1.1,0.165672122398861,0.726064696148116,0.560392573749255
"LocalData241N0.txt",0.25,2.2,0.864195544373335,0.85966288575792,-0.00453265861541474
"LocalData2420N0.txt",1.35,1.15,0.160509219550886,0.712820154951861,0.552310935400974
"LocalData2421N0.txt",1.35,1.2,0.157326086013466,0.703345159156535,0.546019073143069
"LocalData2422N0.txt",1.35,1.25,0.164857564648482,0.69378466439388,0.528927099745398
"LocalData2423N0.txt",1.35,1.3,0.15540961906989,0.67945844556275,0.52404882649286
"LocalData2424N0.txt",1.35,1.35,0.164385564458459,0.665676333148198,0.501290768689739
"LocalData2425N0.txt",1.35,1.4,0.168388513225471,0.670705170239566,0.502316657014095
"LocalData2426N0.txt",1.35,1.45,0.160567650588043,0.6563704544571,0.495802803869056
"LocalData2427N0.txt",1.35,1.5,0.16225829840711,0.634680778866548,0.472422480459437
"LocalData2428N0.txt",1.35,1.55,0.160815059011204,0.649093012846875,0.488277953835671
"LocalData2429N0.txt",1.35,1.6,0.163817117034632,0.638582362712611,0.474765245677979
"LocalData242N0.txt",0.25,2.25,0.87316634448541,0.881152360535739,0.00798601605032989
"LocalData2430N0.txt",1.35,1.65,0.159009939094841,0.621085931304626,0.462075992209785
"LocalData2431N0.txt",1.35,1.7,0.176413622068697,0.618001334979257,0.44158771291056
"LocalData2432N0.txt",1.35,1.75,0.163669129986734,0.611873313727247,0.448204183740513
"LocalData2433N0.txt",1.35,1.8,0.164169120560884,0.607889555078008,0.443720434517124
"LocalData2434N0.txt",1.35,1.85,0.158340946420712,0.589563268024799,0.431222321604087
"LocalData2435N0.txt",1.35,1.9,0.164653987362114,0.593829408549503,0.42917542118739
"LocalData2436N0.txt",1.35,1.95,0.16583647281815,0.586711553306441,0.420875080488291
"LocalData2437N0.txt",1.35,2,0.151902972562883,0.57184900648994,0.419946033927057
"LocalData2438N0.txt",1.35,2.05,0.17379706874902,0.570496662769197,0.396699594020177
"LocalData2439N0.txt",1.35,2.1,0.150446334115279,0.564370808496628,0.413924474381349
"LocalData243N0.txt",0.25,2.3,0.808748424685823,0.826078761849143,0.0173303371633194
"LocalData2440N0.txt",1.35,2.15,0.16350560280152,0.561081101586937,0.397575498785417
"LocalData2441N0.txt",1.35,2.2,0.151328502559834,0.554849737678232,0.403521235118398
"LocalData2442N0.txt",1.35,2.25,0.162295907270134,0.560508050009838,0.398212142739705
"LocalData2443N0.txt",1.35,2.3,0.160204353012986,0.547517507147809,0.387313154134823
"LocalData2444N0.txt",1.35,2.35,0.158504826007231,0.529227922206193,0.370723096198962
"LocalData2445N0.txt",1.35,2.4,0.164637134505402,0.53583834352315,0.371201209017748
"LocalData2446N0.txt",1.35,2.45,0.158817103117185,0.529741968006672,0.370924864889488
"LocalData2447N0.txt",1.35,2.5,0.16810708916145,0.513380537176062,0.345273448014612
"LocalData244N0.txt",0.25,2.35,0.798887507686816,0.800351879809437,0.00146437212262041
"LocalData245N0.txt",0.25,2.4,0.89785028357322,0.949767387756461,0.0519171041832411
"LocalData246N0.txt",0.25,2.45,0.787858007376829,0.814460098828644,0.026602091451815
"LocalData247N0.txt",0.25,2.5,0.863700771297237,0.877858400222248,0.0141576289250109
"LocalData2501N0.txt",1.4,0.2,0.150730067237519,1,0.849269932762481
"LocalData2502N0.txt",1.4,0.25,0.169460832557292,1,0.830539167442708
"LocalData2503N0.txt",1.4,0.3,0.157204088708366,0.980555555555556,0.823351466847189
"LocalData2504N0.txt",1.4,0.35,0.168687571347145,0.978843995510662,0.810156424163517
"LocalData2505N0.txt",1.4,0.4,0.142963875377787,0.949108641358641,0.806144765980855
"LocalData2506N0.txt",1.4,0.45,0.150415411414448,0.933736204181096,0.783320792766647
"LocalData2507N0.txt",1.4,0.5,0.156047272208274,0.908188445205204,0.75214117299693
"LocalData2508N0.txt",1.4,0.55,0.151462609195519,0.868545403495211,0.717082794299692
"LocalData2509N0.txt",1.4,0.6,0.160474844627332,0.867564419824656,0.707089575197324
"LocalData2510N0.txt",1.4,0.65,0.154559867420382,0.852061129264478,0.697501261844096
"LocalData2511N0.txt",1.4,0.7,0.150281089811464,0.820972695749597,0.670691605938132
"LocalData2512N0.txt",1.4,0.75,0.144658267397974,0.796492453557605,0.651834186159631
"LocalData2513N0.txt",1.4,0.8,0.163980861794235,0.80166535865333,0.637684496859095
"LocalData2514N0.txt",1.4,0.85,0.153730473232184,0.779149312950595,0.62541883971841
"LocalData2515N0.txt",1.4,0.9,0.164143576297989,0.778058302347176,0.613914726049187
"LocalData2516N0.txt",1.4,0.95,0.148162423193208,0.770555806590891,0.622393383397682
"LocalData2517N0.txt",1.4,1,0.154706908982201,0.747781686289754,0.593074777307553
"LocalData2518N0.txt",1.4,1.05,0.156690692390564,0.729295605731191,0.572604913340627
"LocalData2519N0.txt",1.4,1.1,0.156789078297447,0.718496986852503,0.561707908555055
"LocalData2520N0.txt",1.4,1.15,0.163914474688836,0.70942646773134,0.545511993042504
"LocalData2521N0.txt",1.4,1.2,0.161274991893372,0.687000298394614,0.525725306501242
"LocalData2522N0.txt",1.4,1.25,0.163375383291962,0.689627490574414,0.526252107282452
"LocalData2523N0.txt",1.4,1.3,0.16802125169791,0.683925367653968,0.515904115956058
"LocalData2524N0.txt",1.4,1.35,0.159988834655496,0.684322124929774,0.524333290274277
"LocalData2525N0.txt",1.4,1.4,0.162614363867311,0.659685962490679,0.497071598623368
"LocalData2526N0.txt",1.4,1.45,0.15643033551356,0.646336017725247,0.489905682211686
"LocalData2527N0.txt",1.4,1.5,0.151702050191415,0.642874959670508,0.491172909479093
"LocalData2528N0.txt",1.4,1.55,0.14927461290615,0.63447280377298,0.48519819086683
"LocalData2529N0.txt",1.4,1.6,0.152402982749735,0.625115362564885,0.47271237981515
"LocalData2530N0.txt",1.4,1.65,0.161827121970043,0.620804065199881,0.458976943229838
"LocalData2531N0.txt",1.4,1.7,0.147231555119985,0.618334633857907,0.471103078737921
"LocalData2532N0.txt",1.4,1.75,0.157089147510318,0.620779993162913,0.463690845652595
"LocalData2533N0.txt",1.4,1.8,0.167759448339029,0.605292217867652,0.437532769528623
"LocalData2534N0.txt",1.4,1.85,0.146860824699129,0.593503829763737,0.446643005064608
"LocalData2535N0.txt",1.4,1.9,0.164289745116639,0.593629085148628,0.429339340031989
"LocalData2536N0.txt",1.4,1.95,0.161722250306109,0.585893541773747,0.424171291467638
"LocalData2537N0.txt",1.4,2,0.157242022435479,0.572529239273986,0.415287216838507
"LocalData2538N0.txt",1.4,2.05,0.163156526759028,0.573407000605922,0.410250473846895
"LocalData2539N0.txt",1.4,2.1,0.164856966900544,0.569899021317849,0.405042054417305
"LocalData2540N0.txt",1.4,2.15,0.16006377066518,0.552818638400999,0.392754867735819
"LocalData2541N0.txt",1.4,2.2,0.156029651626856,0.558399952284077,0.402370300657221
"LocalData2542N0.txt",1.4,2.25,0.15597658422149,0.537614418745609,0.381637834524119
"LocalData2543N0.txt",1.4,2.3,0.156898008776785,0.544687698487895,0.38778968971111
"LocalData2544N0.txt",1.4,2.35,0.1656695297125,0.531668799343917,0.365999269631417
"LocalData2545N0.txt",1.4,2.4,0.161397373878695,0.532420429536429,0.371023055657734
"LocalData2546N0.txt",1.4,2.45,0.156221421235171,0.52960493738778,0.373383516152609
"LocalData2547N0.txt",1.4,2.5,0.147272502319728,0.498006149182434,0.350733646862706
"LocalData2601N0.txt",1.45,0.2,0.148370964105495,1,0.851629035894505
"LocalData2602N0.txt",1.45,0.25,0.155307945957308,1,0.844692054042692
"LocalData2603N0.txt",1.45,0.3,0.151051831640734,0.98359375,0.832541918359266
"LocalData2604N0.txt",1.45,0.35,0.160570637953817,0.995849802371542,0.835279164417725
"LocalData2605N0.txt",1.45,0.4,0.148315877810808,0.939910684087155,0.791594806276347
"LocalData2606N0.txt",1.45,0.45,0.156272040989649,0.945063748119785,0.788791707130137
"LocalData2607N0.txt",1.45,0.5,0.152748912702403,0.90200441133395,0.749255498631547
"LocalData2608N0.txt",1.45,0.55,0.151440937238769,0.881004813559643,0.729563876320874
"LocalData2609N0.txt",1.45,0.6,0.152398187398188,0.884667480227149,0.732269292828961
"LocalData2610N0.txt",1.45,0.65,0.153530388732719,0.85095752628314,0.697427137550421
"LocalData2611N0.txt",1.45,0.7,0.155159253735983,0.835663054261815,0.680503800525832
"LocalData2612N0.txt",1.45,0.75,0.156704363531998,0.798024941995564,0.641320578463566
"LocalData2613N0.txt",1.45,0.8,0.145218986179189,0.801575953541976,0.656356967362787
"LocalData2614N0.txt",1.45,0.85,0.152295201261928,0.798285395608757,0.645990194346829
"LocalData2615N0.txt",1.45,0.9,0.150353765665721,0.76364821784857,0.613294452182849
"LocalData2616N0.txt",1.45,0.95,0.155289587579541,0.761793081983077,0.606503494403537
"LocalData2617N0.txt",1.45,1,0.168028791938958,0.753850614653059,0.585821822714101
"LocalData2618N0.txt",1.45,1.05,0.147385555944522,0.72709638077212,0.579710824827598
"LocalData2619N0.txt",1.45,1.1,0.151867637515559,0.723816542583108,0.57194890506755
"LocalData2620N0.txt",1.45,1.15,0.155346037517046,0.707558881684937,0.552212844167892
"LocalData2621N0.txt",1.45,1.2,0.150327457352505,0.705267663407228,0.554940206054723
"LocalData2622N0.txt",1.45,1.25,0.15673385626647,0.683083290254103,0.526349433987633
"LocalData2623N0.txt",1.45,1.3,0.150743798110241,0.677781934093872,0.52703813598363
"LocalData2624N0.txt",1.45,1.35,0.149547070075543,0.665148273556475,0.515601203480932
"LocalData2625N0.txt",1.45,1.4,0.148616451633041,0.651879530615121,0.50326307898208
"LocalData2626N0.txt",1.45,1.45,0.137591098412852,0.654411917841787,0.516820819428934
"LocalData2627N0.txt",1.45,1.5,0.146229421964105,0.656862638849341,0.510633216885236
"LocalData2628N0.txt",1.45,1.55,0.158116280406379,0.628463310796789,0.47034703039041
"LocalData2629N0.txt",1.45,1.6,0.150221904823156,0.637837608904152,0.487615704080996
"LocalData2630N0.txt",1.45,1.65,0.145167048322346,0.626953079147332,0.481786030824986
"LocalData2631N0.txt",1.45,1.7,0.149648256727417,0.623311191605615,0.473662934878197
"LocalData2632N0.txt",1.45,1.75,0.155637200676812,0.620651128848404,0.465013928171593
"LocalData2633N0.txt",1.45,1.8,0.151727537926833,0.596337899141822,0.444610361214989
"LocalData2634N0.txt",1.45,1.85,0.152095081462183,0.597904377914545,0.445809296452362
"LocalData2635N0.txt",1.45,1.9,0.156848868859435,0.589282944733657,0.432434075874222
"LocalData2636N0.txt",1.45,1.95,0.146421059129255,0.583430409463069,0.437009350333815
"LocalData2637N0.txt",1.45,2,0.14977541022299,0.583984627911088,0.434209217688098
"LocalData2638N0.txt",1.45,2.05,0.151465684854268,0.572906146723184,0.421440461868916
"LocalData2639N0.txt",1.45,2.1,0.142952691578875,0.571070358427426,0.428117666848551
"LocalData2640N0.txt",1.45,2.15,0.156205588912981,0.552973942045218,0.396768353132237
"LocalData2641N0.txt",1.45,2.2,0.155125190409594,0.556906700043617,0.401781509634023
"LocalData2642N0.txt",1.45,2.25,0.153985973665676,0.542251575795058,0.388265602129382
"LocalData2643N0.txt",1.45,2.3,0.151287850907718,0.532987343110707,0.381699492202988
"LocalData2644N0.txt",1.45,2.35,0.146897944232538,0.535791837271938,0.3888938930394
"LocalData2645N0.txt",1.45,2.4,0.154738678029914,0.543333552244703,0.388594874214789
"LocalData2646N0.txt",1.45,2.45,0.154270227076634,0.513299216886036,0.359028989809401
"LocalData2647N0.txt",1.45,2.5,0.15049200436101,0.52376467064794,0.37327266628693
"LocalData2701N0.txt",1.5,0.2,0.149824355404105,1,0.850175644595895
"LocalData2702N0.txt",1.5,0.25,0.146648279864343,1,0.853351720135657
"LocalData2703N0.txt",1.5,0.3,0.145099389594953,1,0.854900610405047
"LocalData2704N0.txt",1.5,0.35,0.14983949186716,0.947501469723692,0.797661977856532
"LocalData2705N0.txt",1.5,0.4,0.145108546139846,0.965293206793207,0.82018466065336
"LocalData2706N0.txt",1.5,0.45,0.149713716058456,0.909321468909886,0.75960775285143
"LocalData2707N0.txt",1.5,0.5,0.153673480520167,0.935379680681861,0.781706200161694
"LocalData2708N0.txt",1.5,0.55,0.152368087872205,0.886823113691857,0.734455025819652
"LocalData2709N0.txt",1.5,0.6,0.153983173816668,0.88131283093544,0.727329657118772
"LocalData2710N0.txt",1.5,0.65,0.137927419666049,0.852114917963938,0.714187498297888
"LocalData2711N0.txt",1.5,0.7,0.143396515124188,0.83077608255422,0.687379567430031
"LocalData2712N0.txt",1.5,0.75,0.137485886964319,0.802626889313672,0.665141002349353
"LocalData2713N0.txt",1.5,0.8,0.14809119483605,0.796847944471833,0.648756749635783
"LocalData2714N0.txt",1.5,0.85,0.149135245312992,0.791710913953224,0.642575668640232
"LocalData2715N0.txt",1.5,0.9,0.150103324992501,0.773133545664073,0.623030220671572
"LocalData2716N0.txt",1.5,0.95,0.149573681871037,0.756735425778165,0.607161743907128
"LocalData2717N0.txt",1.5,1,0.147243435703974,0.73810748876681,0.590864053062836
"LocalData2718N0.txt",1.5,1.05,0.142220344236859,0.742240929100363,0.600020584863504
"LocalData2719N0.txt",1.5,1.1,0.142588569514126,0.731089679080631,0.588501109566505
"LocalData2720N0.txt",1.5,1.15,0.141886687732044,0.715679134627208,0.573792446895165
"LocalData2721N0.txt",1.5,1.2,0.146549587461331,0.698983481989917,0.552433894528586
"LocalData2722N0.txt",1.5,1.25,0.14236291841661,0.693455288524396,0.551092370107785
"LocalData2723N0.txt",1.5,1.3,0.146469870155842,0.683912942761251,0.537443072605409
"LocalData2724N0.txt",1.5,1.35,0.150484476255224,0.670108620264426,0.519624144009202
"LocalData2725N0.txt",1.5,1.4,0.13832684416509,0.647525183670139,0.509198339505049
"LocalData2726N0.txt",1.5,1.45,0.148856381419643,0.645249488189426,0.496393106769784
"LocalData2727N0.txt",1.5,1.5,0.142651306804889,0.638570972094656,0.495919665289767
"LocalData2728N0.txt",1.5,1.55,0.150561490719904,0.644380047097846,0.493818556377942
"LocalData2729N0.txt",1.5,1.6,0.139006201069802,0.625980985715621,0.486974784645819
"LocalData2730N0.txt",1.5,1.65,0.156442364352492,0.630010443475089,0.473568079122596
"LocalData2731N0.txt",1.5,1.7,0.14983203978079,0.62243808790971,0.47260604812892
"LocalData2732N0.txt",1.5,1.75,0.145002207224069,0.609020261445257,0.464018054221188
"LocalData2733N0.txt",1.5,1.8,0.139514431005459,0.592055888156468,0.452541457151009
"LocalData2734N0.txt",1.5,1.85,0.148886077993055,0.603969167474673,0.455083089481618
"LocalData2735N0.txt",1.5,1.9,0.148991183461025,0.594263159558471,0.445271976097446
"LocalData2736N0.txt",1.5,1.95,0.14999917916903,0.576762703489496,0.426763524320465
"LocalData2737N0.txt",1.5,2,0.137748300038375,0.591834573010403,0.454086272972028
"LocalData2738N0.txt",1.5,2.05,0.145552014438292,0.564500845523205,0.418948831084913
"LocalData2739N0.txt",1.5,2.1,0.151898556963125,0.553618830974181,0.401720274011056
"LocalData2740N0.txt",1.5,2.15,0.148959747774844,0.559919964938909,0.410960217164065
"LocalData2741N0.txt",1.5,2.2,0.151121754743607,0.554514271435204,0.403392516691597
"LocalData2742N0.txt",1.5,2.25,0.152106009392867,0.547049144776774,0.394943135383907
"LocalData2743N0.txt",1.5,2.3,0.149427817723923,0.536314020244241,0.386886202520318
"LocalData2744N0.txt",1.5,2.35,0.14119493864407,0.523943677755409,0.382748739111339
"LocalData2745N0.txt",1.5,2.4,0.1446899672494,0.527930132749806,0.383240165500407
"LocalData2746N0.txt",1.5,2.45,0.152531438543239,0.527484336576071,0.374952898032832
"LocalData2747N0.txt",1.5,2.5,0.154203407568849,0.528998381077338,0.374794973508489
"LocalData2801N0.txt",1.55,0.2,0.14437712868255,1,0.85562287131745
"LocalData2802N0.txt",1.55,0.25,0.135739584933994,1,0.864260415066006
"LocalData2803N0.txt",1.55,0.3,0.141521677488065,0.992957746478873,0.851436068990808
"LocalData2804N0.txt",1.55,0.35,0.142949894773664,0.966792035125368,0.823842140351705
"LocalData2805N0.txt",1.55,0.4,0.136362296678178,0.946928815743249,0.810566519065071
"LocalData2806N0.txt",1.55,0.45,0.138330277933893,0.929895800793634,0.79156552285974
"LocalData2807N0.txt",1.55,0.5,0.141457292035471,0.917369551589279,0.775912259553808
"LocalData2808N0.txt",1.55,0.55,0.139800850929225,0.863163267281343,0.723362416352118
"LocalData2809N0.txt",1.55,0.6,0.144562237432731,0.88172622555123,0.7371639881185
"LocalData2810N0.txt",1.55,0.65,0.146087088643874,0.850331596886227,0.704244508242353
"LocalData2811N0.txt",1.55,0.7,0.156401669227645,0.838203366758294,0.681801697530649
"LocalData2812N0.txt",1.55,0.75,0.1453537551654,0.823060986234497,0.677707231069097
"LocalData2813N0.txt",1.55,0.8,0.136905889258219,0.796726822438167,0.659820933179947
"LocalData2814N0.txt",1.55,0.85,0.149828386293432,0.779440284613899,0.629611898320466
"LocalData2815N0.txt",1.55,0.9,0.141298196415545,0.770256803988576,0.628958607573031
"LocalData2816N0.txt",1.55,0.95,0.14734560995563,0.756347576138335,0.609001966182705
"LocalData2817N0.txt",1.55,1,0.1368872152939,0.74476981691207,0.607882601618171
"LocalData2818N0.txt",1.55,1.05,0.146334619956752,0.729919101939763,0.583584481983011
"LocalData2819N0.txt",1.55,1.1,0.144655348755813,0.736189806107074,0.591534457351262
"LocalData2820N0.txt",1.55,1.15,0.142463396029243,0.713561795950747,0.571098399921504
"LocalData2821N0.txt",1.55,1.2,0.142262186673525,0.697332850287872,0.555070663614348
"LocalData2822N0.txt",1.55,1.25,0.144411964268857,0.686008546501443,0.541596582232586
"LocalData2823N0.txt",1.55,1.3,0.142720759373967,0.682938689062773,0.540217929688805
"LocalData2824N0.txt",1.55,1.35,0.142315245340579,0.69521945433641,0.552904208995831
"LocalData2825N0.txt",1.55,1.4,0.142612380827152,0.671152438762115,0.528540057934963
"LocalData2826N0.txt",1.55,1.45,0.150228397051788,0.655668978211568,0.50544058115978
"LocalData2827N0.txt",1.55,1.5,0.13760776263567,0.649571982157379,0.511964219521709
"LocalData2828N0.txt",1.55,1.55,0.146791336967157,0.647082453487119,0.500291116519962
"LocalData2829N0.txt",1.55,1.6,0.147420009464169,0.633729472808855,0.486309463344685
"LocalData2830N0.txt",1.55,1.65,0.139682580694698,0.627544677760425,0.487862097065728
"LocalData2831N0.txt",1.55,1.7,0.144742920916562,0.619637289739406,0.474894368822844
"LocalData2832N0.txt",1.55,1.75,0.140141819092711,0.606192217485341,0.46605039839263
"LocalData2833N0.txt",1.55,1.8,0.14461370678578,0.622090444377362,0.477476737591582
"LocalData2834N0.txt",1.55,1.85,0.144639385034964,0.581686315098095,0.437046930063131
"LocalData2835N0.txt",1.55,1.9,0.149429459571184,0.573486190094091,0.424056730522907
"LocalData2836N0.txt",1.55,1.95,0.149992659210109,0.580212966599417,0.430220307389308
"LocalData2837N0.txt",1.55,2,0.145092556241452,0.581989469320399,0.436896913078947
"LocalData2838N0.txt",1.55,2.05,0.141111527522671,0.573313867020393,0.432202339497722
"LocalData2839N0.txt",1.55,2.1,0.137077252704443,0.56881621361174,0.431738960907297
"LocalData2840N0.txt",1.55,2.15,0.146435093005022,0.554639851019817,0.408204758014796
"LocalData2841N0.txt",1.55,2.2,0.138831187783004,0.554354980849835,0.41552379306683
"LocalData2842N0.txt",1.55,2.25,0.133853757821623,0.555087568236452,0.421233810414829
"LocalData2843N0.txt",1.55,2.3,0.142473433742497,0.539342712239002,0.396869278496504
"LocalData2844N0.txt",1.55,2.35,0.143980621203024,0.534100916735087,0.390120295532063
"LocalData2845N0.txt",1.55,2.4,0.149020103400452,0.531077355724518,0.382057252324065
"LocalData2846N0.txt",1.55,2.45,0.145340431185308,0.521998308841386,0.376657877656077
"LocalData2847N0.txt",1.55,2.5,0.142258544017612,0.521721344835266,0.379462800817654
"LocalData2901N0.txt",1.6,0.2,0.137780758762688,1,0.862219241237312
"LocalData2902N0.txt",1.6,0.25,0.129732080877087,1,0.870267919122913
"LocalData2903N0.txt",1.6,0.3,0.141464902662398,0.959477124183007,0.818012221520608
"LocalData2904N0.txt",1.6,0.35,0.139695480884574,0.955636934850418,0.815941453965844
"LocalData2905N0.txt",1.6,0.4,0.141660478248709,0.956935064935065,0.815274586686356
"LocalData2906N0.txt",1.6,0.45,0.139081704005356,0.930276207030582,0.791194503025226
"LocalData2907N0.txt",1.6,0.5,0.13903224851336,0.895635037174037,0.756602788660677
"LocalData2908N0.txt",1.6,0.55,0.144844532781941,0.901130680312501,0.75628614753056
"LocalData2909N0.txt",1.6,0.6,0.130840879694197,0.88159275285227,0.750751873158073
"LocalData2910N0.txt",1.6,0.65,0.139399986287119,0.834781390977076,0.695381404689956
"LocalData2911N0.txt",1.6,0.7,0.143627609076992,0.84247850384214,0.698850894765148
"LocalData2912N0.txt",1.6,0.75,0.128196904051447,0.82147091584843,0.693274011796983
"LocalData2913N0.txt",1.6,0.8,0.136017059268993,0.788906518479197,0.652889459210204
"LocalData2914N0.txt",1.6,0.85,0.137359468785835,0.777881838925158,0.640522370139324
"LocalData2915N0.txt",1.6,0.9,0.1456865777262,0.76470991127281,0.61902333354661
"LocalData2916N0.txt",1.6,0.95,0.135808211161639,0.751817689540755,0.616009478379116
"LocalData2917N0.txt",1.6,1,0.149301798058878,0.750265101687102,0.600963303628224
"LocalData2918N0.txt",1.6,1.05,0.14157939245578,0.733978769298094,0.592399376842313
"LocalData2919N0.txt",1.6,1.1,0.133564869004187,0.722696756944779,0.589131887940593
"LocalData2920N0.txt",1.6,1.15,0.133803863177862,0.717057935238453,0.583254072060591
"LocalData2921N0.txt",1.6,1.2,0.144184579155966,0.701498686148689,0.557314106992723
"LocalData2922N0.txt",1.6,1.25,0.129651707921415,0.688107149606914,0.5584554416855
"LocalData2923N0.txt",1.6,1.3,0.142396753012845,0.686248722039779,0.543851969026934
"LocalData2924N0.txt",1.6,1.35,0.137282242652154,0.670102007964698,0.532819765312544
"LocalData2925N0.txt",1.6,1.4,0.13007925113508,0.659353731112936,0.529274479977857
"LocalData2926N0.txt",1.6,1.45,0.134794840333516,0.643006168844731,0.508211328511215
"LocalData2927N0.txt",1.6,1.5,0.136049789679671,0.651367153801179,0.515317364121508
"LocalData2928N0.txt",1.6,1.55,0.132994757550568,0.632711564952928,0.49971680740236
"LocalData2929N0.txt",1.6,1.6,0.141384202592071,0.628322583805648,0.486938381213577
"LocalData2930N0.txt",1.6,1.65,0.134909387437828,0.612706713631743,0.477797326193915
"LocalData2931N0.txt",1.6,1.7,0.144322193784275,0.623473219562279,0.479151025778003
"LocalData2932N0.txt",1.6,1.75,0.13994233878382,0.608049755185601,0.468107416401781
"LocalData2933N0.txt",1.6,1.8,0.129734627006754,0.58408899543166,0.454354368424906
"LocalData2934N0.txt",1.6,1.85,0.14466213136612,0.594445827508795,0.449783696142676
"LocalData2935N0.txt",1.6,1.9,0.131502378101516,0.590887650136538,0.459385272035023
"LocalData2936N0.txt",1.6,1.95,0.138670423252721,0.579367060807448,0.440696637554727
"LocalData2937N0.txt",1.6,2,0.138406771058824,0.571111463932515,0.432704692873691
"LocalData2938N0.txt",1.6,2.05,0.133106226853274,0.56690838913431,0.433802162281036
"LocalData2939N0.txt",1.6,2.1,0.13746410043854,0.553670601807632,0.416206501369092
"LocalData2940N0.txt",1.6,2.15,0.13489409824296,0.546959073086352,0.412064974843392
"LocalData2941N0.txt",1.6,2.2,0.133043438512556,0.543486056219154,0.410442617706597
"LocalData2942N0.txt",1.6,2.25,0.147561320657717,0.537736754085139,0.390175433427421
"LocalData2943N0.txt",1.6,2.3,0.130844121948618,0.553813441954688,0.42296932000607
"LocalData2944N0.txt",1.6,2.35,0.125573414345754,0.535348165010429,0.409774750664675
"LocalData2945N0.txt",1.6,2.4,0.130814462627437,0.535140268641096,0.40432580601366
"LocalData2946N0.txt",1.6,2.45,0.142988779945043,0.527595036168374,0.384606256223332
"LocalData2947N0.txt",1.6,2.5,0.130516654151686,0.523089983280519,0.392573329128833
"LocalData3001N0.txt",1.65,0.2,0.130717730512946,1,0.869282269487054
"LocalData3002N0.txt",1.65,0.25,0.13556934320339,1,0.86443065679661
"LocalData3003N0.txt",1.65,0.3,0.131334916941533,0.974358974358974,0.843024057417441
"LocalData3004N0.txt",1.65,0.35,0.136020493605149,0.976090129538405,0.840069635933257
"LocalData3005N0.txt",1.65,0.4,0.12865885155801,0.97493022441476,0.84627137285675
"LocalData3006N0.txt",1.65,0.45,0.134828730708598,0.939232855465828,0.80440412475723
"LocalData3007N0.txt",1.65,0.5,0.13512800816164,0.909050476741367,0.773922468579727
"LocalData3008N0.txt",1.65,0.55,0.12963292218559,0.888399035075986,0.758766112890396
"LocalData3009N0.txt",1.65,0.6,0.13150796601267,0.88586655551153,0.75435858949886
"LocalData3010N0.txt",1.65,0.65,0.124840565640889,0.842752724406806,0.717912158765917
"LocalData3011N0.txt",1.65,0.7,0.128841276204096,0.835070704639627,0.706229428435531
"LocalData3012N0.txt",1.65,0.75,0.135422540774351,0.812016036097458,0.676593495323107
"LocalData3013N0.txt",1.65,0.8,0.138628583431501,0.803055519908902,0.664426936477401
"LocalData3014N0.txt",1.65,0.85,0.131987500663188,0.784823045330662,0.652835544667475
"LocalData3015N0.txt",1.65,0.9,0.132641638317594,0.770263764581087,0.637622126263493
"LocalData3016N0.txt",1.65,0.95,0.136432219582864,0.751740239021282,0.615308019438418
"LocalData3017N0.txt",1.65,1,0.139134144552391,0.748336608620205,0.609202464067815
"LocalData3018N0.txt",1.65,1.05,0.13898572653641,0.731928210041869,0.592942483505459
"LocalData3019N0.txt",1.65,1.1,0.134767417665264,0.723475085690273,0.588707668025009
"LocalData301N0.txt",0.3,0.2,0.758292397556606,NA,NA
"LocalData3020N0.txt",1.65,1.15,0.137540739591207,0.717334241504728,0.579793501913521
"LocalData3021N0.txt",1.65,1.2,0.137301067145336,0.709782242226456,0.57248117508112
"LocalData3022N0.txt",1.65,1.25,0.12798998332555,0.681849486859422,0.553859503533872
"LocalData3023N0.txt",1.65,1.3,0.141036099122044,0.673448192914417,0.532412093792373
"LocalData3024N0.txt",1.65,1.35,0.129157936469791,0.682313899218846,0.553155962749056
"LocalData3025N0.txt",1.65,1.4,0.137234954508118,0.670666317035563,0.533431362527444
"LocalData3026N0.txt",1.65,1.45,0.134971464538987,0.647980975975952,0.513009511436965
"LocalData3027N0.txt",1.65,1.5,0.142129323699387,0.656282257742297,0.514152934042911
"LocalData3028N0.txt",1.65,1.55,0.13620805817911,0.627228627748885,0.491020569569775
"LocalData3029N0.txt",1.65,1.6,0.136068651322884,0.632194249274354,0.496125597951471
"LocalData302N0.txt",0.3,0.25,0.695732506106379,1,0.304267493893621
"LocalData3030N0.txt",1.65,1.65,0.144504314735351,0.618958915647726,0.474454600912375
"LocalData3031N0.txt",1.65,1.7,0.12448633506298,0.627942400608671,0.503456065545691
"LocalData3032N0.txt",1.65,1.75,0.139735213483035,0.60889550516585,0.469160291682815
"LocalData3033N0.txt",1.65,1.8,0.124382951476095,0.594941239547217,0.470558288071122
"LocalData3034N0.txt",1.65,1.85,0.13816189989875,0.593053865401485,0.454891965502735
"LocalData3035N0.txt",1.65,1.9,0.139599250303724,0.595479667356191,0.455880417052467
"LocalData3036N0.txt",1.65,1.95,0.135776632290722,0.58280456702063,0.447027934729908
"LocalData3037N0.txt",1.65,2,0.135938616739731,0.567375732749883,0.431437116010151
"LocalData3038N0.txt",1.65,2.05,0.138178080287258,0.564059923563779,0.425881843276521
"LocalData3039N0.txt",1.65,2.1,0.133706728681897,0.559061641333953,0.425354912652057
"LocalData303N0.txt",0.3,0.3,0.825286537965286,NA,NA
"LocalData3040N0.txt",1.65,2.15,0.1395446640711,0.56433312798237,0.42478846391127
"LocalData3041N0.txt",1.65,2.2,0.133180315668129,0.554343754132592,0.421163438464462
"LocalData3042N0.txt",1.65,2.25,0.147891221772308,0.556525081381086,0.408633859608778
"LocalData3043N0.txt",1.65,2.3,0.137833448763999,0.54460493001182,0.406771481247822
"LocalData3044N0.txt",1.65,2.35,0.133505245218521,0.542438550467853,0.408933305249332
"LocalData3045N0.txt",1.65,2.4,0.135241371723089,0.519155315503438,0.383913943780349
"LocalData3046N0.txt",1.65,2.45,0.138686499299022,0.51880716692356,0.380120667624538
"LocalData3047N0.txt",1.65,2.5,0.124110998769276,0.51509546946943,0.390984470700154
"LocalData304N0.txt",0.3,0.35,0.7734461790457,1,0.2265538209543
"LocalData305N0.txt",0.3,0.4,0.758184764810095,1,0.241815235189905
"LocalData306N0.txt",0.3,0.45,0.77716034148072,1,0.22283965851928
"LocalData307N0.txt",0.3,0.5,0.76614707915166,1,0.23385292084834
"LocalData308N0.txt",0.3,0.55,0.7167141510636,0.988536155202822,0.271822004139222
"LocalData309N0.txt",0.3,0.6,0.757784799430551,0.970493197278912,0.212708397848361
"LocalData3101N0.txt",1.7,0.2,0.1299364580011,1,0.8700635419989
"LocalData3102N0.txt",1.7,0.25,0.125180308627637,0.982692307692308,0.857511999064671
"LocalData3103N0.txt",1.7,0.3,0.139566594453494,0.975862068965517,0.836295474512023
"LocalData3104N0.txt",1.7,0.35,0.12773845208099,0.973533083645443,0.845794631564453
"LocalData3105N0.txt",1.7,0.4,0.130423941967787,0.987195184164881,0.856771242197094
"LocalData3106N0.txt",1.7,0.45,0.136110726018556,0.93773372422585,0.801622998207293
"LocalData3107N0.txt",1.7,0.5,0.127104335682628,0.919417401304582,0.792313065621953
"LocalData3108N0.txt",1.7,0.55,0.130200426871132,0.901259670024926,0.771059243153794
"LocalData3109N0.txt",1.7,0.6,0.128776350608337,0.860740614562861,0.731964263954525
"LocalData310N0.txt",0.3,0.65,0.714091433501613,0.938112508091398,0.224021074589784
"LocalData3110N0.txt",1.7,0.65,0.133501138753744,0.840818887686398,0.707317748932654
"LocalData3111N0.txt",1.7,0.7,0.130264293494429,0.820390321934033,0.690126028439604
"LocalData3112N0.txt",1.7,0.75,0.127850824821026,0.792495496366454,0.664644671545428
"LocalData3113N0.txt",1.7,0.8,0.129105987426364,0.787838227740058,0.658732240313694
"LocalData3114N0.txt",1.7,0.85,0.134177259424674,0.774573617090942,0.640396357666268
"LocalData3115N0.txt",1.7,0.9,0.127414507808245,0.770740594811005,0.64332608700276
"LocalData3116N0.txt",1.7,0.95,0.130769244154848,0.752938694400745,0.622169450245897
"LocalData3117N0.txt",1.7,1,0.126664338600165,0.737968395152367,0.611304056552201
"LocalData3118N0.txt",1.7,1.05,0.132907556865173,0.730258902934318,0.597351346069145
"LocalData3119N0.txt",1.7,1.1,0.13010839274284,0.718577833460874,0.588469440718034
"LocalData311N0.txt",0.3,0.7,0.790702314720677,0.985381083562902,0.194678768842225
"LocalData3120N0.txt",1.7,1.15,0.134743403431446,0.712448369084212,0.577704965652767
"LocalData3121N0.txt",1.7,1.2,0.130713566828018,0.701252052351008,0.57053848552299
"LocalData3122N0.txt",1.7,1.25,0.129941294541447,0.704578158392907,0.574636863851461
"LocalData3123N0.txt",1.7,1.3,0.133543896384295,0.687823793621796,0.554279897237501
"LocalData3124N0.txt",1.7,1.35,0.124528137046622,0.684413051427039,0.559884914380417
"LocalData3125N0.txt",1.7,1.4,0.138924712920548,0.660245887137129,0.521321174216581
"LocalData3126N0.txt",1.7,1.45,0.13363773800812,0.651242956789854,0.517605218781734
"LocalData3127N0.txt",1.7,1.5,0.130863723804803,0.662784429932534,0.531920706127731
"LocalData3128N0.txt",1.7,1.55,0.130836952831121,0.644209688769518,0.513372735938398
"LocalData3129N0.txt",1.7,1.6,0.124042799630313,0.634528193466285,0.510485393835972
"LocalData312N0.txt",0.3,0.75,0.763606072800603,0.955963167935486,0.192357095134884
"LocalData3130N0.txt",1.7,1.65,0.132797485916198,0.614515158230851,0.481717672314654
"LocalData3131N0.txt",1.7,1.7,0.137246558421112,0.621147511098785,0.483900952677673
"LocalData3132N0.txt",1.7,1.75,0.136402127900355,0.610453809439053,0.474051681538698
"LocalData3133N0.txt",1.7,1.8,0.126690128362188,0.590219756410153,0.463529628047965
"LocalData3134N0.txt",1.7,1.85,0.126338060675444,0.606024869481851,0.479686808806408
"LocalData3135N0.txt",1.7,1.9,0.12395096870938,0.587884329778359,0.463933361068979
"LocalData3136N0.txt",1.7,1.95,0.12449033312164,0.581011579217533,0.456521246095893
"LocalData3137N0.txt",1.7,2,0.131597255934754,0.568723071647478,0.437125815712724
"LocalData3138N0.txt",1.7,2.05,0.129170741704827,0.565693574219987,0.43652283251516
"LocalData3139N0.txt",1.7,2.1,0.131975229411673,0.55506807746753,0.423092848055857
"LocalData313N0.txt",0.3,0.8,0.73221757759293,0.938309475109845,0.206091897516916
"LocalData3140N0.txt",1.7,2.15,0.135874094155431,0.559504102170263,0.423630008014832
"LocalData3141N0.txt",1.7,2.2,0.128822269391994,0.551243952306478,0.422421682914484
"LocalData3142N0.txt",1.7,2.25,0.127753928736157,0.55086134144521,0.423107412709054
"LocalData3143N0.txt",1.7,2.3,0.13398251072552,0.540646722331054,0.406664211605534
"LocalData3144N0.txt",1.7,2.35,0.129053780780257,0.545481425416737,0.416427644636481
"LocalData3145N0.txt",1.7,2.4,0.135663239016323,0.533568981817891,0.397905742801568
"LocalData3146N0.txt",1.7,2.45,0.135087189081499,0.523539190183992,0.388452001102493
"LocalData3147N0.txt",1.7,2.5,0.135832868794579,0.514942925865909,0.37911005707133
"LocalData314N0.txt",0.3,0.85,0.741725747753204,0.906140351171995,0.164414603418791
"LocalData315N0.txt",0.3,0.9,0.765804264647715,0.946877787141828,0.181073522494113
"LocalData316N0.txt",0.3,0.95,0.75286412687032,0.892307580358046,0.139443453487727
"LocalData317N0.txt",0.3,1,0.70874616374028,0.898796362697822,0.190050198957542
"LocalData318N0.txt",0.3,1.05,0.729085969459678,0.89557913514835,0.166493165688673
"LocalData319N0.txt",0.3,1.1,0.765827458940798,0.888896577730429,0.123069118789631
"LocalData3201N0.txt",1.75,0.2,0.120872346772506,1,0.879127653227494
"LocalData3202N0.txt",1.75,0.25,0.126766006405393,0.964912280701754,0.838146274296362
"LocalData3203N0.txt",1.75,0.3,0.116828493146396,0.992454728370221,0.875626235223825
"LocalData3204N0.txt",1.75,0.35,0.131174516391692,0.971347043760837,0.840172527369145
"LocalData3205N0.txt",1.75,0.4,0.131122132460588,0.956619586922617,0.825497454462029
"LocalData3206N0.txt",1.75,0.45,0.13038835645209,0.939606353242717,0.809217996790627
"LocalData3207N0.txt",1.75,0.5,0.128433625209999,0.909972151693174,0.781538526483175
"LocalData3208N0.txt",1.75,0.55,0.126716882573803,0.87550936892505,0.748792486351248
"LocalData3209N0.txt",1.75,0.6,0.129650854765805,0.867277405288039,0.737626550522234
"LocalData320N0.txt",0.3,1.15,0.727910373169584,0.846750980086258,0.118840606916674
"LocalData3210N0.txt",1.75,0.65,0.126264209901634,0.864336755338891,0.738072545437257
"LocalData3211N0.txt",1.75,0.7,0.130374577421178,0.829480185823781,0.699105608402603
"LocalData3212N0.txt",1.75,0.75,0.12800825348106,0.815411825728152,0.687403572247092
"LocalData3213N0.txt",1.75,0.8,0.128178535907721,0.806690622848222,0.678512086940501
"LocalData3214N0.txt",1.75,0.85,0.124397012730582,0.788952667328612,0.66455565459803
"LocalData3215N0.txt",1.75,0.9,0.116539654800407,0.772552581838539,0.656012927038132
"LocalData3216N0.txt",1.75,0.95,0.122569264420894,0.754771584549949,0.632202320129055
"LocalData3217N0.txt",1.75,1,0.133019151852931,0.757217639083313,0.624198487230382
"LocalData3218N0.txt",1.75,1.05,0.126344397230178,0.74134578719073,0.615001389960552
"LocalData3219N0.txt",1.75,1.1,0.126680641067685,0.708008592851587,0.581327951783902
"LocalData321N0.txt",0.3,1.2,0.718436375834538,0.85087147697994,0.132435101145402
"LocalData3220N0.txt",1.75,1.15,0.11977165490049,0.716518382593128,0.596746727692638
"LocalData3221N0.txt",1.75,1.2,0.124857001045794,0.705519271856464,0.58066227081067
"LocalData3222N0.txt",1.75,1.25,0.133032361759051,0.693012904785593,0.559980543026542
"LocalData3223N0.txt",1.75,1.3,0.130316875498093,0.695788632779354,0.565471757281261
"LocalData3224N0.txt",1.75,1.35,0.133870110593875,0.673415451522692,0.539545340928817
"LocalData3225N0.txt",1.75,1.4,0.121591857990617,0.660156671194995,0.538564813204379
"LocalData3226N0.txt",1.75,1.45,0.126396865333638,0.667856330339048,0.54145946500541
"LocalData3227N0.txt",1.75,1.5,0.123970416443026,0.635353857390318,0.511383440947292
"LocalData3228N0.txt",1.75,1.55,0.122263481686345,0.647222437112538,0.524958955426193
"LocalData3229N0.txt",1.75,1.6,0.13409798112832,0.637384163604919,0.503286182476599
"LocalData322N0.txt",0.3,1.25,0.745277570074355,0.858432711616541,0.113155141542186
"LocalData3230N0.txt",1.75,1.65,0.128373793488705,0.614962456831894,0.486588663343189
"LocalData3231N0.txt",1.75,1.7,0.120820124173918,0.615397250807281,0.494577126633362
"LocalData3232N0.txt",1.75,1.75,0.126926295403656,0.607906680700098,0.480980385296442
"LocalData3233N0.txt",1.75,1.8,0.123073324392738,0.605233491103107,0.482160166710368
"LocalData3234N0.txt",1.75,1.85,0.118596741965243,0.600175369088714,0.481578627123471
"LocalData3235N0.txt",1.75,1.9,0.133772139700273,0.588684685746409,0.454912546046137
"LocalData3236N0.txt",1.75,1.95,0.131335713574861,0.569829246781145,0.438493533206284
"LocalData3237N0.txt",1.75,2,0.12996772296499,0.580985819126633,0.451018096161644
"LocalData3238N0.txt",1.75,2.05,0.122622132590441,0.575532692241024,0.452910559650584
"LocalData3239N0.txt",1.75,2.1,0.126064989044539,0.577773159492054,0.451708170447515
"LocalData323N0.txt",0.3,1.3,0.767405825243326,0.867231638106997,0.0998258128636711
"LocalData3240N0.txt",1.75,2.15,0.126404463079618,0.561426412562311,0.435021949482694
"LocalData3241N0.txt",1.75,2.2,0.12541608204657,0.540097287798599,0.414681205752029
"LocalData3242N0.txt",1.75,2.25,0.120739449429907,0.545938998037839,0.425199548607932
"LocalData3243N0.txt",1.75,2.3,0.126324967064568,0.532115074314019,0.405790107249451
"LocalData3244N0.txt",1.75,2.35,0.12051499185786,0.545299159255884,0.424784167398024
"LocalData3245N0.txt",1.75,2.4,0.128903688805378,0.524398476342705,0.395494787537327
"LocalData3246N0.txt",1.75,2.45,0.119531965416322,0.517887931212655,0.398355965796333
"LocalData3247N0.txt",1.75,2.5,0.124033099537627,0.514324646807815,0.390291547270188
"LocalData324N0.txt",0.3,1.35,0.691114348481787,0.787642760027856,0.0965284115460692
"LocalData325N0.txt",0.3,1.4,0.680836610544654,0.813388600349037,0.132551989804383
"LocalData326N0.txt",0.3,1.45,0.745376212987588,0.835005797873408,0.0896295848858208
"LocalData327N0.txt",0.3,1.5,0.794791818197765,0.878093042832185,0.0833012246344199
"LocalData328N0.txt",0.3,1.55,0.784102195661351,0.879494672411218,0.095392476749867
"LocalData329N0.txt",0.3,1.6,0.749919799678688,0.838996627940226,0.0890768282615385
"LocalData3301N0.txt",1.8,0.2,0.12112058315272,1,0.87887941684728
"LocalData3302N0.txt",1.8,0.25,0.118268023498182,0.985294117647059,0.867026094148877
"LocalData3303N0.txt",1.8,0.3,0.124788016637324,0.957757296466974,0.83296927982965
"LocalData3304N0.txt",1.8,0.35,0.124230795012959,0.97136994949495,0.84713915448199
"LocalData3305N0.txt",1.8,0.4,0.133431765381643,0.96226226754438,0.828830502162737
"LocalData3306N0.txt",1.8,0.45,0.121124143211296,0.933313217827924,0.812189074616628
"LocalData3307N0.txt",1.8,0.5,0.119922790167158,0.892441193093758,0.7725184029266
"LocalData3308N0.txt",1.8,0.55,0.131288807115312,0.8729929811161,0.741704174000787
"LocalData3309N0.txt",1.8,0.6,0.117527281556761,0.861508076147558,0.743980794590797
"LocalData330N0.txt",0.3,1.65,0.742025377905713,0.817009925401005,0.0749845474952919
"LocalData3310N0.txt",1.8,0.65,0.11633418031802,0.841448344699839,0.725114164381819
"LocalData3311N0.txt",1.8,0.7,0.122564541210075,0.838772472318073,0.716207931107998
"LocalData3312N0.txt",1.8,0.75,0.125313494272263,0.813735517619257,0.688422023346994
"LocalData3313N0.txt",1.8,0.8,0.129539093524157,0.792714194948902,0.663175101424744
"LocalData3314N0.txt",1.8,0.85,0.123284830023364,0.78045752213946,0.657172692116097
"LocalData3315N0.txt",1.8,0.9,0.131012996630659,0.761299153788948,0.630286157158289
"LocalData3316N0.txt",1.8,0.95,0.124997390982278,0.752716081735904,0.627718690753626
"LocalData3317N0.txt",1.8,1,0.121224868922294,0.735078706494527,0.613853837572234
"LocalData3318N0.txt",1.8,1.05,0.126488297619457,0.736780693846065,0.610292396226609
"LocalData3319N0.txt",1.8,1.1,0.113946204518304,0.729319224346015,0.615373019827711
"LocalData331N0.txt",0.3,1.7,0.73313807816456,0.787293832587085,0.0541557544225252
"LocalData3320N0.txt",1.8,1.15,0.12007274312199,0.697578409099281,0.577505665977292
"LocalData3321N0.txt",1.8,1.2,0.118486194499446,0.697776747647867,0.579290553148421
"LocalData3322N0.txt",1.8,1.25,0.125474835506993,0.7006576902503,0.575182854743306
"LocalData3323N0.txt",1.8,1.3,0.121397476186504,0.669419031457611,0.548021555271107
"LocalData3324N0.txt",1.8,1.35,0.118937876449598,0.671106542736332,0.552168666286734
"LocalData3325N0.txt",1.8,1.4,0.121885580321247,0.664883167699403,0.542997587378156
"LocalData3326N0.txt",1.8,1.45,0.12040177204608,0.663728236613468,0.543326464567387
"LocalData3327N0.txt",1.8,1.5,0.117180293695946,0.639314123050155,0.522133829354208
"LocalData3328N0.txt",1.8,1.55,0.125372065864658,0.632873695245893,0.507501629381236
"LocalData3329N0.txt",1.8,1.6,0.124558661061829,0.6258645713385,0.501305910276671
"LocalData332N0.txt",0.3,1.75,0.754323069461061,0.790481341294533,0.0361582718334711
"LocalData3330N0.txt",1.8,1.65,0.123584217134502,0.629688104466387,0.506103887331886
"LocalData3331N0.txt",1.8,1.7,0.125445213190788,0.615188294469547,0.489743081278759
"LocalData3332N0.txt",1.8,1.75,0.125779119353969,0.619733460684567,0.493954341330598
"LocalData3333N0.txt",1.8,1.8,0.122606800782339,0.614939229775101,0.492332428992762
"LocalData3334N0.txt",1.8,1.85,0.116427578794525,0.599081166329769,0.482653587535244
"LocalData3335N0.txt",1.8,1.9,0.11797525687139,0.589084863628787,0.471109606757397
"LocalData3336N0.txt",1.8,1.95,0.124222486600279,0.58130923930554,0.457086752705261
"LocalData3337N0.txt",1.8,2,0.117859583809408,0.579504441685002,0.461644857875594
"LocalData3338N0.txt",1.8,2.05,0.121033979543328,0.563258064548104,0.442224085004776
"LocalData3339N0.txt",1.8,2.1,0.118345743418862,0.565259602400536,0.446913858981673
"LocalData333N0.txt",0.3,1.8,0.722051876982513,0.785541017875867,0.0634891408933532
"LocalData3340N0.txt",1.8,2.15,0.121349130243887,0.552701544725815,0.431352414481928
"LocalData3341N0.txt",1.8,2.2,0.11740191108101,0.553461577952722,0.436059666871712
"LocalData3342N0.txt",1.8,2.25,0.125787711296362,0.527559443074858,0.401771731778496
"LocalData3343N0.txt",1.8,2.3,0.127092671486058,0.544239902012194,0.417147230526136
"LocalData3344N0.txt",1.8,2.35,0.124124217649733,0.542149834553809,0.418025616904076
"LocalData3345N0.txt",1.8,2.4,0.120428875504465,0.525882693201112,0.405453817696647
"LocalData3346N0.txt",1.8,2.45,0.119019417423593,0.516833797389882,0.397814379966288
"LocalData3347N0.txt",1.8,2.5,0.11733528320451,0.515050115935393,0.397714832730884
"LocalData334N0.txt",0.3,1.85,0.73920137191394,0.78586177846551,0.0466604065515706
"LocalData335N0.txt",0.3,1.9,0.793017946471604,0.825257607671794,0.0322396612001901
"LocalData336N0.txt",0.3,1.95,0.72707254685874,0.749187884057386,0.0221153371986461
"LocalData337N0.txt",0.3,2,0.711300061500284,0.734767716411874,0.0234676549115899
"LocalData338N0.txt",0.3,2.05,0.734966854676313,0.773134169608144,0.0381673149318312
"LocalData339N0.txt",0.3,2.1,0.699584365488166,0.721571725711938,0.0219873602237718
"LocalData3401N0.txt",1.85,0.2,0.117252516704169,1,0.882747483295831
"LocalData3402N0.txt",1.85,0.25,0.116335314937045,1,0.883664685062955
"LocalData3403N0.txt",1.85,0.3,0.122083341911865,0.988359788359788,0.866276446447924
"LocalData3404N0.txt",1.85,0.35,0.120172623660609,0.983660130718954,0.863487507058345
"LocalData3405N0.txt",1.85,0.4,0.124106079164182,0.971508903467666,0.847402824303485
"LocalData3406N0.txt",1.85,0.45,0.12993958456057,0.956608558108558,0.826668973547988
"LocalData3407N0.txt",1.85,0.5,0.124720072759092,0.907310571490203,0.782590498731111
"LocalData3408N0.txt",1.85,0.55,0.126071965244821,0.900399123148165,0.774327157903343
"LocalData3409N0.txt",1.85,0.6,0.120814097479607,0.863879222169019,0.743065124689411
"LocalData340N0.txt",0.3,2.15,0.733508905485031,0.74016636910935,0.00665746362431952
"LocalData3410N0.txt",1.85,0.65,0.12229086799091,0.853008787741744,0.730717919750834
"LocalData3411N0.txt",1.85,0.7,0.122595590189988,0.833326396458233,0.710730806268245
"LocalData3412N0.txt",1.85,0.75,0.118122849856953,0.80681887573457,0.688696025877616
"LocalData3413N0.txt",1.85,0.8,0.117703388810549,0.785250593014803,0.667547204204254
"LocalData3414N0.txt",1.85,0.85,0.123647029123307,0.780511780125976,0.656864751002669
"LocalData3415N0.txt",1.85,0.9,0.120593265958932,0.776272167618396,0.655678901659464
"LocalData3416N0.txt",1.85,0.95,0.111935810087809,0.744118596451267,0.632182786363458
"LocalData3417N0.txt",1.85,1,0.123763631259464,0.768601198441432,0.644837567181968
"LocalData3418N0.txt",1.85,1.05,0.12458498505809,0.74287390589287,0.61828892083478
"LocalData3419N0.txt",1.85,1.1,0.118851247291472,0.721658438864248,0.602807191572776
"LocalData341N0.txt",0.3,2.2,0.737638706139949,0.738682348043876,0.00104364190392758
"LocalData3420N0.txt",1.85,1.15,0.120777376792795,0.719494903647411,0.598717526854617
"LocalData3421N0.txt",1.85,1.2,0.122485122322009,0.698648289901317,0.576163167579308
"LocalData3422N0.txt",1.85,1.25,0.124609645279122,0.703116711723703,0.57850706644458
"LocalData3423N0.txt",1.85,1.3,0.121868139546555,0.673994416986363,0.552126277439808
"LocalData3424N0.txt",1.85,1.35,0.114179456179856,0.657477093341248,0.543297637161392
"LocalData3425N0.txt",1.85,1.4,0.118487110931175,0.674924294991974,0.556437184060799
"LocalData3426N0.txt",1.85,1.45,0.117104832874129,0.636939646023188,0.519834813149058
"LocalData3427N0.txt",1.85,1.5,0.123263212278382,0.639340704740645,0.516077492462263
"LocalData3428N0.txt",1.85,1.55,0.121486019984264,0.650590174780764,0.529104154796499
"LocalData3429N0.txt",1.85,1.6,0.1135447685378,0.628742601280144,0.515197832742344
"LocalData342N0.txt",0.3,2.25,0.733107708376048,0.755620227981007,0.0225125196049595
"LocalData3430N0.txt",1.85,1.65,0.114464723262575,0.635270924097631,0.520806200835056
"LocalData3431N0.txt",1.85,1.7,0.11897061685961,0.626137196485234,0.507166579625624
"LocalData3432N0.txt",1.85,1.75,0.118687207238188,0.606430917440527,0.487743710202339
"LocalData3433N0.txt",1.85,1.8,0.120688630897108,0.598989221309363,0.478300590412255
"LocalData3434N0.txt",1.85,1.85,0.12067454475537,0.601347634943918,0.480673090188548
"LocalData3435N0.txt",1.85,1.9,0.123286602047104,0.587973850762627,0.464687248715523
"LocalData3436N0.txt",1.85,1.95,0.12364267759237,0.581047452749441,0.457404775157071
"LocalData3437N0.txt",1.85,2,0.108029866382385,0.576549792487843,0.468519926105458
"LocalData3438N0.txt",1.85,2.05,0.118499944882573,0.560751509782632,0.442251564900059
"LocalData3439N0.txt",1.85,2.1,0.120081770123217,0.581924770402558,0.461843000279342
"LocalData343N0.txt",0.3,2.3,0.7537466971526,0.744259809130441,-0.00948688802215925
"LocalData3440N0.txt",1.85,2.15,0.117675695795889,0.55754182528575,0.439866129489861
"LocalData3441N0.txt",1.85,2.2,0.126051405224038,0.538897611541554,0.412846206317515
"LocalData3442N0.txt",1.85,2.25,0.12308398930251,0.550480429234325,0.427396439931815
"LocalData3443N0.txt",1.85,2.3,0.121195158138263,0.539988120365427,0.418792962227165
"LocalData3444N0.txt",1.85,2.35,0.121500495594664,0.533863863273188,0.412363367678524
"LocalData3445N0.txt",1.85,2.4,0.11207205982942,0.533447701590048,0.421375641760628
"LocalData3446N0.txt",1.85,2.45,0.121115197420369,0.529347992462882,0.408232795042513
"LocalData3447N0.txt",1.85,2.5,0.113983006000986,0.521621795176019,0.407638789175032
"LocalData344N0.txt",0.3,2.35,0.758409111298862,0.755285396774751,-0.0031237145241112
"LocalData345N0.txt",0.3,2.4,0.71559917518536,0.725592413925589,0.00999323874022828
"LocalData346N0.txt",0.3,2.45,0.79013882631509,0.764747302232269,-0.0253915240828209
"LocalData347N0.txt",0.3,2.5,0.709673985882389,0.718472451061449,0.00879846517905991
"LocalData3501N0.txt",1.9,0.2,0.113386279777246,1,0.886613720222754
"LocalData3502N0.txt",1.9,0.25,0.120085657927168,1,0.879914342072831
"LocalData3503N0.txt",1.9,0.3,0.112167374678001,0.971718931475029,0.859551556797028
"LocalData3504N0.txt",1.9,0.35,0.112155838381833,0.978057223418048,0.865901385036215
"LocalData3505N0.txt",1.9,0.4,0.115087490059295,0.968309754392229,0.853222264332933
"LocalData3506N0.txt",1.9,0.45,0.117986632883251,0.952543440219911,0.83455680733666
"LocalData3507N0.txt",1.9,0.5,0.113506913554771,0.892350671414421,0.77884375785965
"LocalData3508N0.txt",1.9,0.55,0.124725247302163,0.900525871051444,0.775800623749282
"LocalData3509N0.txt",1.9,0.6,0.11371778742988,0.859662412061419,0.745944624631539
"LocalData3510N0.txt",1.9,0.65,0.119589906765746,0.855435169366413,0.735845262600667
"LocalData3511N0.txt",1.9,0.7,0.120999942915154,0.833169932387918,0.712169989472764
"LocalData3512N0.txt",1.9,0.75,0.115683901596434,0.820803401489046,0.705119499892612
"LocalData3513N0.txt",1.9,0.8,0.123000647622147,0.800849542921031,0.677848895298885
"LocalData3514N0.txt",1.9,0.85,0.115083628827657,0.78177161668534,0.666687987857683
"LocalData3515N0.txt",1.9,0.9,0.122320646174071,0.76980661975832,0.647485973584249
"LocalData3516N0.txt",1.9,0.95,0.11896731347343,0.763450053344099,0.644482739870668
"LocalData3517N0.txt",1.9,1,0.118907390377206,0.739980283698464,0.621072893321258
"LocalData3518N0.txt",1.9,1.05,0.109173793870535,0.720776664049565,0.61160287017903
"LocalData3519N0.txt",1.9,1.1,0.110480906301368,0.723687452771599,0.613206546470231
"LocalData3520N0.txt",1.9,1.15,0.121462120186069,0.713239037527533,0.591776917341464
"LocalData3521N0.txt",1.9,1.2,0.114754784458323,0.691133001517206,0.576378217058882
"LocalData3522N0.txt",1.9,1.25,0.122555079584855,0.694806324345231,0.572251244760376
"LocalData3523N0.txt",1.9,1.3,0.115080677211815,0.679356732651955,0.564276055440141
"LocalData3524N0.txt",1.9,1.35,0.116914371685234,0.681296495868266,0.564382124183032
"LocalData3525N0.txt",1.9,1.4,0.127399237747697,0.678197712182963,0.550798474435266
"LocalData3526N0.txt",1.9,1.45,0.113726900062764,0.652841335882549,0.539114435819785
"LocalData3527N0.txt",1.9,1.5,0.111847551197602,0.644664206651015,0.532816655453413
"LocalData3528N0.txt",1.9,1.55,0.115180030098557,0.644376722079393,0.529196691980836
"LocalData3529N0.txt",1.9,1.6,0.118139584539484,0.627727958814003,0.509588374274519
"LocalData3530N0.txt",1.9,1.65,0.117731711977078,0.63767619294916,0.519944480972082
"LocalData3531N0.txt",1.9,1.7,0.119658404544112,0.619486671310055,0.499828266765944
"LocalData3532N0.txt",1.9,1.75,0.114262740638056,0.614273506135544,0.500010765497489
"LocalData3533N0.txt",1.9,1.8,0.116548343167508,0.606516846607202,0.489968503439694
"LocalData3534N0.txt",1.9,1.85,0.118401481631345,0.593827589578831,0.475426107947486
"LocalData3535N0.txt",1.9,1.9,0.115782414028388,0.588986979584235,0.473204565555847
"LocalData3536N0.txt",1.9,1.95,0.114100309722481,0.577609166342208,0.463508856619727
"LocalData3537N0.txt",1.9,2,0.124066701301355,0.577191803600854,0.453125102299499
"LocalData3538N0.txt",1.9,2.05,0.11530691103375,0.577071048040274,0.461764137006523
"LocalData3539N0.txt",1.9,2.1,0.113172860400565,0.555993897868951,0.442821037468386
"LocalData3540N0.txt",1.9,2.15,0.114477018524921,0.551388178778769,0.436911160253848
"LocalData3541N0.txt",1.9,2.2,0.120229254764327,0.546309505727313,0.426080250962986
"LocalData3542N0.txt",1.9,2.25,0.11706280468387,0.545980013937224,0.428917209253353
"LocalData3543N0.txt",1.9,2.3,0.11191190347688,0.546318336038632,0.434406432561752
"LocalData3544N0.txt",1.9,2.35,0.115723094601432,0.533328072115439,0.417604977514007
"LocalData3545N0.txt",1.9,2.4,0.114838311255323,0.523603504454309,0.408765193198986
"LocalData3546N0.txt",1.9,2.45,0.115079918012882,0.519496493333719,0.404416575320837
"LocalData3547N0.txt",1.9,2.5,0.110762702765219,0.520041768384371,0.409279065619151
"LocalData3601N0.txt",1.95,0.2,0.112333461760323,1,0.887666538239677
"LocalData3602N0.txt",1.95,0.25,0.111061740232563,1,0.888938259767437
"LocalData3603N0.txt",1.95,0.3,0.11546281235346,1,0.88453718764654
"LocalData3604N0.txt",1.95,0.35,0.110467190976797,0.948609607984608,0.838142417007811
"LocalData3605N0.txt",1.95,0.4,0.114133502082424,0.954095462693902,0.839961960611478
"LocalData3606N0.txt",1.95,0.45,0.112975105809476,0.93394664229819,0.820971536488714
"LocalData3607N0.txt",1.95,0.5,0.114855417543314,0.909911682610027,0.795056265066713
"LocalData3608N0.txt",1.95,0.55,0.112743311406726,0.880445727892415,0.767702416485689
"LocalData3609N0.txt",1.95,0.6,0.112461377702334,0.851896682406932,0.739435304704597
"LocalData3610N0.txt",1.95,0.65,0.108997230198903,0.836439167057762,0.727441936858859
"LocalData3611N0.txt",1.95,0.7,0.114135809897283,0.8403412999826,0.726205490085317
"LocalData3612N0.txt",1.95,0.75,0.120846918147727,0.814375005416591,0.693528087268864
"LocalData3613N0.txt",1.95,0.8,0.112918100951584,0.788744951544256,0.675826850592672
"LocalData3614N0.txt",1.95,0.85,0.11991265090402,0.796675760097703,0.676763109193683
"LocalData3615N0.txt",1.95,0.9,0.115150718101957,0.778242049474029,0.663091331372072
"LocalData3616N0.txt",1.95,0.95,0.117710462787679,0.745816077736933,0.628105614949255
"LocalData3617N0.txt",1.95,1,0.110687267318952,0.747114654866555,0.636427387547603
"LocalData3618N0.txt",1.95,1.05,0.116042031324722,0.73611271691245,0.620070685587727
"LocalData3619N0.txt",1.95,1.1,0.11209433194415,0.724086777045998,0.611992445101848
"LocalData3620N0.txt",1.95,1.15,0.119209100132847,0.706852305680208,0.587643205547361
"LocalData3621N0.txt",1.95,1.2,0.111369568635987,0.703180053349475,0.591810484713488
"LocalData3622N0.txt",1.95,1.25,0.118247083086606,0.677855608534892,0.559608525448286
"LocalData3623N0.txt",1.95,1.3,0.115514044002102,0.681571112656912,0.56605706865481
"LocalData3624N0.txt",1.95,1.35,0.115710231703905,0.667575284654473,0.551865052950568
"LocalData3625N0.txt",1.95,1.4,0.117887704333161,0.653586980559169,0.535699276226009
"LocalData3626N0.txt",1.95,1.45,0.108168943679934,0.655799051690772,0.547630108010838
"LocalData3627N0.txt",1.95,1.5,0.112385188669824,0.66236074230374,0.549975553633917
"LocalData3628N0.txt",1.95,1.55,0.108446566091303,0.636949934419012,0.528503368327709
"LocalData3629N0.txt",1.95,1.6,0.111050219171468,0.622739003789195,0.511688784617727
"LocalData3630N0.txt",1.95,1.65,0.107527076777388,0.622598930753874,0.515071853976486
"LocalData3631N0.txt",1.95,1.7,0.11018936269997,0.611466468503637,0.501277105803667
"LocalData3632N0.txt",1.95,1.75,0.112824329880408,0.602556471193474,0.489732141313066
"LocalData3633N0.txt",1.95,1.8,0.123755266436979,0.610335125094373,0.486579858657394
"LocalData3634N0.txt",1.95,1.85,0.116174471492737,0.5922281886166,0.476053717123863
"LocalData3635N0.txt",1.95,1.9,0.10572503907234,0.56847818622049,0.46275314714815
"LocalData3636N0.txt",1.95,1.95,0.110975109592673,0.588598732148503,0.47762362255583
"LocalData3637N0.txt",1.95,2,0.11509466061133,0.586223540357331,0.471128879746001
"LocalData3638N0.txt",1.95,2.05,0.111197587822561,0.569553402829239,0.458355815006678
"LocalData3639N0.txt",1.95,2.1,0.10751412571576,0.562070838763855,0.454556713048095
"LocalData3640N0.txt",1.95,2.15,0.114369322404421,0.550150173825639,0.435780851421218
"LocalData3641N0.txt",1.95,2.2,0.113948614249157,0.544941286491332,0.430992672242175
"LocalData3642N0.txt",1.95,2.25,0.107857046046121,0.549451517293959,0.441594471247838
"LocalData3643N0.txt",1.95,2.3,0.106991183729507,0.542328529963865,0.435337346234358
"LocalData3644N0.txt",1.95,2.35,0.11361649681711,0.543149524123527,0.429533027306417
"LocalData3645N0.txt",1.95,2.4,0.107194854538455,0.529074752668359,0.421879898129904
"LocalData3646N0.txt",1.95,2.45,0.110325252184029,0.51526044942901,0.404935197244981
"LocalData3647N0.txt",1.95,2.5,0.108341358936746,0.515702891456921,0.407361532520175
"LocalData3701N0.txt",2,0.2,0.114654431553722,1,0.885345568446278
"LocalData3702N0.txt",2,0.25,0.110607728065141,0.96078431372549,0.850176585660349
"LocalData3703N0.txt",2,0.3,0.111602430382276,0.986986301369863,0.875383870987587
"LocalData3704N0.txt",2,0.35,0.104670381973184,0.979026285070241,0.874355903097057
"LocalData3705N0.txt",2,0.4,0.108829641444311,0.948067155067155,0.839237513622844
"LocalData3706N0.txt",2,0.45,0.111019997065098,0.947223463413092,0.836203466347994
"LocalData3707N0.txt",2,0.5,0.107569747272693,0.901926340672725,0.794356593400031
"LocalData3708N0.txt",2,0.55,0.111536880439689,0.888888963272305,0.777352082832616
"LocalData3709N0.txt",2,0.6,0.111050272853001,0.872290683646315,0.761240410793314
"LocalData3710N0.txt",2,0.65,0.112855943049355,0.856578773921442,0.743722830872087
"LocalData3711N0.txt",2,0.7,0.111769354255908,0.821950803432773,0.710181449176865
"LocalData3712N0.txt",2,0.75,0.111955679179456,0.805455078554239,0.693499399374784
"LocalData3713N0.txt",2,0.8,0.109077729158033,0.782660076857701,0.673582347699668
"LocalData3714N0.txt",2,0.85,0.11416785513312,0.77944722927151,0.66527937413839
"LocalData3715N0.txt",2,0.9,0.108108792186901,0.7766457765156,0.668536984328699
"LocalData3716N0.txt",2,0.95,0.118450474550135,0.753104020814546,0.634653546264411
"LocalData3717N0.txt",2,1,0.106139689458392,0.747112712599977,0.640973023141585
"LocalData3718N0.txt",2,1.05,0.109704612691244,0.735053939501141,0.625349326809897
"LocalData3719N0.txt",2,1.1,0.110244078977267,0.709626444245237,0.59938236526797
"LocalData3720N0.txt",2,1.15,0.103426138486553,0.707990667217401,0.604564528730848
"LocalData3721N0.txt",2,1.2,0.108245272838179,0.710509856308301,0.602264583470122
"LocalData3722N0.txt",2,1.25,0.108786895147465,0.702764488231822,0.593977593084358
"LocalData3723N0.txt",2,1.3,0.112433068470604,0.691892352465433,0.579459283994829
"LocalData3724N0.txt",2,1.35,0.116843671569375,0.661477091910139,0.544633420340764
"LocalData3725N0.txt",2,1.4,0.109601149384977,0.664732861095671,0.555131711710694
"LocalData3726N0.txt",2,1.45,0.120397789468315,0.661085645791587,0.540687856323272
"LocalData3727N0.txt",2,1.5,0.108850233615622,0.646761393500561,0.537911159884939
"LocalData3728N0.txt",2,1.55,0.115667755951067,0.651003497562856,0.535335741611789
"LocalData3729N0.txt",2,1.6,0.106944672141976,0.630273080243123,0.523328408101147
"LocalData3730N0.txt",2,1.65,0.104888085040243,0.636737662791639,0.531849577751396
"LocalData3731N0.txt",2,1.7,0.112291699874361,0.616438639337829,0.504146939463467
"LocalData3732N0.txt",2,1.75,0.107033589657123,0.609996031446412,0.502962441789289
"LocalData3733N0.txt",2,1.8,0.108650082600103,0.596730475488383,0.488080392888281
"LocalData3734N0.txt",2,1.85,0.108656196317244,0.599184193361446,0.490527997044202
"LocalData3735N0.txt",2,1.9,0.106519740706879,0.587746987258234,0.481227246551355
"LocalData3736N0.txt",2,1.95,0.112457509003287,0.583723792495271,0.471266283491985
"LocalData3737N0.txt",2,2,0.105020899708076,0.571934578080004,0.466913678371928
"LocalData3738N0.txt",2,2.05,0.110316054763993,0.563942542809956,0.453626488045964
"LocalData3739N0.txt",2,2.1,0.112770112593538,0.565523766692009,0.452753654098471
"LocalData3740N0.txt",2,2.15,0.112956439249501,0.562101278419631,0.449144839170131
"LocalData3741N0.txt",2,2.2,0.105320500119013,0.556530101979589,0.451209601860576
"LocalData3742N0.txt",2,2.25,0.110653054732665,0.538343559448685,0.427690504716021
"LocalData3743N0.txt",2,2.3,0.112835968192386,0.54357871130423,0.430742743111844
"LocalData3744N0.txt",2,2.35,0.106076274385867,0.53767545505553,0.431599180669663
"LocalData3745N0.txt",2,2.4,0.108755326613576,0.530104726934006,0.42134940032043
"LocalData3746N0.txt",2,2.45,0.106308804893256,0.520084976332958,0.413776171439702
"LocalData3747N0.txt",2,2.5,0.114202588417332,0.527773210433687,0.413570622016356
"LocalData3801N0.txt",2.05,0.2,0.104423156022156,1,0.895576843977844
"LocalData3802N0.txt",2.05,0.25,0.103318208804371,1,0.896681791195629
"LocalData3803N0.txt",2.05,0.3,0.113743742104307,1,0.886256257895693
"LocalData3804N0.txt",2.05,0.35,0.0999536815747932,0.974299223235393,0.8743455416606
"LocalData3805N0.txt",2.05,0.4,0.106429652002822,0.960343711843712,0.85391405984089
"LocalData3806N0.txt",2.05,0.45,0.109768140876222,0.954366458704694,0.844598317828472
"LocalData3807N0.txt",2.05,0.5,0.100673565442052,0.894651028587565,0.793977463145513
"LocalData3808N0.txt",2.05,0.55,0.110847853070847,0.892736229643848,0.781888376573001
"LocalData3809N0.txt",2.05,0.6,0.105086242534508,0.861308805471907,0.756222562937399
"LocalData3810N0.txt",2.05,0.65,0.112376397264683,0.839764910828305,0.727388513563622
"LocalData3811N0.txt",2.05,0.7,0.107955127237406,0.841530634998468,0.733575507761062
"LocalData3812N0.txt",2.05,0.75,0.11189864425727,0.82230555078173,0.71040690652446
"LocalData3813N0.txt",2.05,0.8,0.0985020319540955,0.78849818788642,0.689996155932325
"LocalData3814N0.txt",2.05,0.85,0.111801045118884,0.79278911149925,0.680988066380366
"LocalData3815N0.txt",2.05,0.9,0.106016492173336,0.77589701061463,0.669880518441294
"LocalData3816N0.txt",2.05,0.95,0.114514530110665,0.756627869960764,0.642113339850099
"LocalData3817N0.txt",2.05,1,0.107817354984197,0.741223345896806,0.633405990912609
"LocalData3818N0.txt",2.05,1.05,0.118557393023114,0.727808187520656,0.609250794497542
"LocalData3819N0.txt",2.05,1.1,0.10390517648015,0.729095063501343,0.625189887021192
"LocalData3820N0.txt",2.05,1.15,0.113359586966743,0.696375806343769,0.583016219377026
"LocalData3821N0.txt",2.05,1.2,0.107885922175796,0.711482676376406,0.603596754200611
"LocalData3822N0.txt",2.05,1.25,0.105688349201437,0.696304313700693,0.590615964499257
"LocalData3823N0.txt",2.05,1.3,0.10610584189707,0.68167476465493,0.57556892275786
"LocalData3824N0.txt",2.05,1.35,0.106177804958581,0.677932408210974,0.571754603252393
"LocalData3825N0.txt",2.05,1.4,0.103114596074163,0.66140781966196,0.558293223587797
"LocalData3826N0.txt",2.05,1.45,0.108377671240381,0.665275672860012,0.556898001619632
"LocalData3827N0.txt",2.05,1.5,0.106083937868288,0.644355351588417,0.538271413720129
"LocalData3828N0.txt",2.05,1.55,0.110540798455399,0.646889562911783,0.536348764456384
"LocalData3829N0.txt",2.05,1.6,0.110302013687547,0.653695141331984,0.543393127644438
"LocalData3830N0.txt",2.05,1.65,0.109407328292699,0.624128757761783,0.514721429469083
"LocalData3831N0.txt",2.05,1.7,0.0979659490506084,0.608476387248614,0.510510438198005
"LocalData3832N0.txt",2.05,1.75,0.107860556746159,0.614463817693391,0.506603260947232
"LocalData3833N0.txt",2.05,1.8,0.107255373908824,0.595890938846462,0.488635564937638
"LocalData3834N0.txt",2.05,1.85,0.109460606274553,0.590021312283096,0.480560706008543
"LocalData3835N0.txt",2.05,1.9,0.108419807189517,0.600118174992578,0.491698367803061
"LocalData3836N0.txt",2.05,1.95,0.102475720419412,0.585617884462347,0.483142164042935
"LocalData3837N0.txt",2.05,2,0.103265981359432,0.577458802234327,0.474192820874896
"LocalData3838N0.txt",2.05,2.05,0.112540550414711,0.568783812671129,0.456243262256418
"LocalData3839N0.txt",2.05,2.1,0.110992466410004,0.581477414491306,0.470484948081302
"LocalData3840N0.txt",2.05,2.15,0.106602693108671,0.562914700481165,0.456312007372494
"LocalData3841N0.txt",2.05,2.2,0.103045009731225,0.56857708697121,0.465532077239984
"LocalData3842N0.txt",2.05,2.25,0.109721313918675,0.541957338082989,0.432236024164313
"LocalData3843N0.txt",2.05,2.3,0.106981522098139,0.540781119960991,0.433799597862851
"LocalData3844N0.txt",2.05,2.35,0.105466473997388,0.539742533216203,0.434276059218815
"LocalData3845N0.txt",2.05,2.4,0.104572674118599,0.519561681868719,0.41498900775012
"LocalData3846N0.txt",2.05,2.45,0.110491171416323,0.515144216028594,0.404653044612271
"LocalData3847N0.txt",2.05,2.5,0.109562410073763,0.522069864108889,0.412507454035126
"LocalData3901N0.txt",2.1,0.2,0.102760832814211,1,0.89723916718579
"LocalData3902N0.txt",2.1,0.25,0.105254663103669,1,0.894745336896332
"LocalData3903N0.txt",2.1,0.3,0.107404739899057,0.962653522947641,0.855248783048584
"LocalData3904N0.txt",2.1,0.35,0.102341844354384,0.979006656426011,0.876664812071628
"LocalData3905N0.txt",2.1,0.4,0.107793591136116,0.938372730044399,0.830579138908283
"LocalData3906N0.txt",2.1,0.45,0.111479024128009,0.948431035940324,0.836952011812314
"LocalData3907N0.txt",2.1,0.5,0.0982182348932415,0.905112787806959,0.806894552913718
"LocalData3908N0.txt",2.1,0.55,0.104558923972069,0.883921253067895,0.779362329095826
"LocalData3909N0.txt",2.1,0.6,0.108151208258254,0.88309303697101,0.774941828712756
"LocalData3910N0.txt",2.1,0.65,0.104753042589414,0.855016533273374,0.75026349068396
"LocalData3911N0.txt",2.1,0.7,0.109601274578558,0.821390027240714,0.711788752662156
"LocalData3912N0.txt",2.1,0.75,0.101111324052266,0.816481134856946,0.71536981080468
"LocalData3913N0.txt",2.1,0.8,0.105968288932454,0.779352357327813,0.673384068395359
"LocalData3914N0.txt",2.1,0.85,0.115061300041885,0.786846573882902,0.671785273841017
"LocalData3915N0.txt",2.1,0.9,0.107781340136267,0.756395797126475,0.648614456990208
"LocalData3916N0.txt",2.1,0.95,0.106901486029396,0.771046547230671,0.664145061201275
"LocalData3917N0.txt",2.1,1,0.101874284306307,0.744121235162763,0.642246950856456
"LocalData3918N0.txt",2.1,1.05,0.102328310433092,0.736754805092167,0.634426494659075
"LocalData3919N0.txt",2.1,1.1,0.101537689676222,0.699609803834473,0.598072114158252
"LocalData3920N0.txt",2.1,1.15,0.105887955471649,0.706907427681927,0.601019472210278
"LocalData3921N0.txt",2.1,1.2,0.102453759461114,0.700697225689509,0.598243466228394
"LocalData3922N0.txt",2.1,1.25,0.109183892098392,0.699161616809883,0.589977724711491
"LocalData3923N0.txt",2.1,1.3,0.110043589698176,0.688565603581341,0.578522013883165
"LocalData3924N0.txt",2.1,1.35,0.105284475449048,0.653532154907036,0.548247679457988
"LocalData3925N0.txt",2.1,1.4,0.103206370275029,0.664272740526452,0.561066370251422
"LocalData3926N0.txt",2.1,1.45,0.102297102280129,0.654127240183956,0.551830137903827
"LocalData3927N0.txt",2.1,1.5,0.107516905756771,0.655282679250786,0.547765773494015
"LocalData3928N0.txt",2.1,1.55,0.10529446810145,0.62963247808557,0.52433800998412
"LocalData3929N0.txt",2.1,1.6,0.103195722148827,0.642135013461357,0.538939291312529
"LocalData3930N0.txt",2.1,1.65,0.100733582432282,0.620076434648491,0.51934285221621
"LocalData3931N0.txt",2.1,1.7,0.101603649702641,0.610111346810414,0.508507697107773
"LocalData3932N0.txt",2.1,1.75,0.109372858173611,0.605533330603503,0.496160472429891
"LocalData3933N0.txt",2.1,1.8,0.0936205864854255,0.5993242845101,0.505703698024675
"LocalData3934N0.txt",2.1,1.85,0.103583235795799,0.5910082778556,0.4874250420598
"LocalData3935N0.txt",2.1,1.9,0.108403317603304,0.57611887754054,0.467715559937236
"LocalData3936N0.txt",2.1,1.95,0.1105597217756,0.581098798293024,0.470539076517424
"LocalData3937N0.txt",2.1,2,0.107449112482581,0.573206114568135,0.465757002085554
"LocalData3938N0.txt",2.1,2.05,0.113366542521948,0.57346793503783,0.460101392515882
"LocalData3939N0.txt",2.1,2.1,0.103736402244036,0.573330605169317,0.469594202925281
"LocalData3940N0.txt",2.1,2.15,0.103635711194776,0.538909819751094,0.435274108556318
"LocalData3941N0.txt",2.1,2.2,0.104268987225843,0.553417158412002,0.44914817118616
"LocalData3942N0.txt",2.1,2.25,0.11039635189511,0.554910552195598,0.444514200300488
"LocalData3943N0.txt",2.1,2.3,0.102455321720891,0.540691642556254,0.438236320835364
"LocalData3944N0.txt",2.1,2.35,0.10191479487224,0.522851001907051,0.420936207034811
"LocalData3945N0.txt",2.1,2.4,0.106686527957777,0.522730541960353,0.416044014002576
"LocalData3946N0.txt",2.1,2.45,0.101625668838335,0.532640266160295,0.43101459732196
"LocalData3947N0.txt",2.1,2.5,0.102316655624542,0.516313755797235,0.413997100172692
"LocalData4001N0.txt",2.15,0.2,0.10299065880239,1,0.89700934119761
"LocalData4002N0.txt",2.15,0.25,0.100419524875227,1,0.899580475124773
"LocalData4003N0.txt",2.15,0.3,0.0976423626442075,0.991561181434599,0.893918818790392
"LocalData4004N0.txt",2.15,0.35,0.100767571585574,0.970185503920444,0.86941793233487
"LocalData4005N0.txt",2.15,0.4,0.104811159711559,0.968209373959374,0.863398214247815
"LocalData4006N0.txt",2.15,0.45,0.109189515944803,0.913414388033816,0.804224872089012
"LocalData4007N0.txt",2.15,0.5,0.099340259941775,0.906808865477313,0.807468605535538
"LocalData4008N0.txt",2.15,0.55,0.101234872457932,0.895658248209798,0.794423375751866
"LocalData4009N0.txt",2.15,0.6,0.10463087639021,0.84684571274111,0.7422148363509
"LocalData4010N0.txt",2.15,0.65,0.108371111661555,0.855615522409495,0.74724441074794
"LocalData4011N0.txt",2.15,0.7,0.103454650167786,0.829477041120735,0.726022390952949
"LocalData4012N0.txt",2.15,0.75,0.11471866451426,0.817250667878062,0.702532003363802
"LocalData4013N0.txt",2.15,0.8,0.098824915725214,0.798726020010361,0.699901104285147
"LocalData4014N0.txt",2.15,0.85,0.110166735736103,0.775816877304856,0.665650141568753
"LocalData4015N0.txt",2.15,0.9,0.10096818790347,0.776662218587575,0.675694030684105
"LocalData4016N0.txt",2.15,0.95,0.10503856819636,0.754672666814835,0.649634098618475
"LocalData4017N0.txt",2.15,1,0.0998568977312831,0.735471471653716,0.635614573922433
"LocalData4018N0.txt",2.15,1.05,0.105046788427204,0.73446055269611,0.629413764268906
"LocalData4019N0.txt",2.15,1.1,0.0954478614718745,0.729730015271956,0.634282153800081
"LocalData401N0.txt",0.35,0.2,0.603000952869117,NA,NA
"LocalData4020N0.txt",2.15,1.15,0.100015851394392,0.708799409065969,0.608783557671577
"LocalData4021N0.txt",2.15,1.2,0.0984146161310005,0.697958165759476,0.599543549628475
"LocalData4022N0.txt",2.15,1.25,0.10249886069171,0.681896383424511,0.579397522732801
"LocalData4023N0.txt",2.15,1.3,0.105162078350783,0.68260745519198,0.577445376841196
"LocalData4024N0.txt",2.15,1.35,0.105538618995628,0.676894561271479,0.571355942275851
"LocalData4025N0.txt",2.15,1.4,0.0999738667305306,0.661406933423692,0.561433066693161
"LocalData4026N0.txt",2.15,1.45,0.100076876943026,0.661838875857638,0.561761998914612
"LocalData4027N0.txt",2.15,1.5,0.100875597316339,0.633144484419745,0.532268887103406
"LocalData4028N0.txt",2.15,1.55,0.0998329252672964,0.647254982922157,0.547422057654861
"LocalData4029N0.txt",2.15,1.6,0.104814836341724,0.626770576989152,0.521955740647428
"LocalData402N0.txt",0.35,0.25,0.603464745975781,1,0.396535254024219
"LocalData4030N0.txt",2.15,1.65,0.104145189082366,0.61420493140634,0.510059742323974
"LocalData4031N0.txt",2.15,1.7,0.0949285818887668,0.62465738489693,0.529728803008163
"LocalData4032N0.txt",2.15,1.75,0.102794867340184,0.612287809460972,0.509492942120788
"LocalData4033N0.txt",2.15,1.8,0.0994002493724528,0.609599633540808,0.510199384168355
"LocalData4034N0.txt",2.15,1.85,0.102608176721033,0.604498063076028,0.501889886354995
"LocalData4035N0.txt",2.15,1.9,0.101558859479639,0.583742181031747,0.482183321552108
"LocalData4036N0.txt",2.15,1.95,0.10687462145651,0.575116005699183,0.468241384242673
"LocalData4037N0.txt",2.15,2,0.100332758778022,0.567942060790583,0.467609302012561
"LocalData4038N0.txt",2.15,2.05,0.109215062800889,0.578919545626983,0.469704482826094
"LocalData4039N0.txt",2.15,2.1,0.103765506653297,0.558330648266674,0.454565141613377
"LocalData403N0.txt",0.35,0.3,0.64506290147969,1,0.35493709852031
"LocalData4040N0.txt",2.15,2.15,0.107344677694993,0.554120588130708,0.446775910435715
"LocalData4041N0.txt",2.15,2.2,0.0954316436625975,0.550438908653294,0.455007264990696
"LocalData4042N0.txt",2.15,2.25,0.106314926388188,0.547378161820909,0.44106323543272
"LocalData4043N0.txt",2.15,2.3,0.106585639892539,0.547527246863453,0.440941606970913
"LocalData4044N0.txt",2.15,2.35,0.103660657085488,0.522168124124332,0.418507467038843
"LocalData4045N0.txt",2.15,2.4,0.102320667565684,0.522549125459681,0.420228457893997
"LocalData4046N0.txt",2.15,2.45,0.104993760824577,0.528313486673281,0.423319725848704
"LocalData4047N0.txt",2.15,2.5,0.101710947139063,0.525234537649777,0.423523590510714
"LocalData404N0.txt",0.35,0.35,0.653564610496872,1,0.346435389503128
"LocalData405N0.txt",0.35,0.4,0.660256405119922,1,0.339743594880078
"LocalData406N0.txt",0.35,0.45,0.665169459242364,1,0.334830540757636
"LocalData407N0.txt",0.35,0.5,0.646583725446061,0.995859213250518,0.349275487804456
"LocalData408N0.txt",0.35,0.55,0.615362250188101,0.959184909353623,0.343822659165522
"LocalData409N0.txt",0.35,0.6,0.66421826324204,0.962258376544091,0.298040113302051
"LocalData4101N0.txt",2.2,0.2,0.105267979218534,1,0.894732020781466
"LocalData4102N0.txt",2.2,0.25,0.107315229988487,1,0.892684770011513
"LocalData4103N0.txt",2.2,0.3,0.101913617167741,0.990196078431373,0.888282461263632
"LocalData4104N0.txt",2.2,0.35,0.0944904814736447,0.97216943684335,0.877678955369705
"LocalData4105N0.txt",2.2,0.4,0.100565921056872,0.958009162554617,0.857443241497745
"LocalData4106N0.txt",2.2,0.45,0.103108191599912,0.951693827843983,0.84858563624407
"LocalData4107N0.txt",2.2,0.5,0.0923469674021183,0.873653883146334,0.781306915744216
"LocalData4108N0.txt",2.2,0.55,0.101248544118618,0.898248185012955,0.796999640894337
"LocalData4109N0.txt",2.2,0.6,0.100924618638886,0.8556321295267,0.754707510887814
"LocalData410N0.txt",0.35,0.65,0.614004093158837,0.923880707808205,0.309876614649368
"LocalData4110N0.txt",2.2,0.65,0.0994220566168582,0.839836742752012,0.740414686135154
"LocalData4111N0.txt",2.2,0.7,0.101565382655029,0.83935099611434,0.737785613459311
"LocalData4112N0.txt",2.2,0.75,0.105006563383632,0.792934154960262,0.68792759157663
"LocalData4113N0.txt",2.2,0.8,0.10461315473209,0.778800060762508,0.674186906030418
"LocalData4114N0.txt",2.2,0.85,0.103009008061929,0.776661525534332,0.673652517472403
"LocalData4115N0.txt",2.2,0.9,0.103228696509707,0.772706184141298,0.669477487631591
"LocalData4116N0.txt",2.2,0.95,0.100309903444492,0.749516151249237,0.649206247804745
"LocalData4117N0.txt",2.2,1,0.0978982535360449,0.741419694845637,0.643521441309592
"LocalData4118N0.txt",2.2,1.05,0.101512929887815,0.733997757619692,0.632484827731878
"LocalData4119N0.txt",2.2,1.1,0.098738499987586,0.720275864661321,0.621537364673735
"LocalData411N0.txt",0.35,0.7,0.665926863785299,0.970409891794098,0.304483028008798
"LocalData4120N0.txt",2.2,1.15,0.0981974270638398,0.701268376389233,0.603070949325393
"LocalData4121N0.txt",2.2,1.2,0.104270024023901,0.708583693045801,0.6043136690219
"LocalData4122N0.txt",2.2,1.25,0.100241725005543,0.68483835293859,0.584596627933047
"LocalData4123N0.txt",2.2,1.3,0.0980095746444277,0.680918659899219,0.582909085254791
"LocalData4124N0.txt",2.2,1.35,0.0981103682483772,0.662590709282392,0.564480341034015
"LocalData4125N0.txt",2.2,1.4,0.101108307988617,0.64978029047537,0.548671982486754
"LocalData4126N0.txt",2.2,1.45,0.103100508638585,0.66186749105689,0.558766982418304
"LocalData4127N0.txt",2.2,1.5,0.102253452253634,0.649140109979778,0.546886657726143
"LocalData4128N0.txt",2.2,1.55,0.0993923781550292,0.638439019106503,0.539046640951474
"LocalData4129N0.txt",2.2,1.6,0.100872574874028,0.643207025883689,0.542334451009662
"LocalData412N0.txt",0.35,0.75,0.614433004793967,0.885181364992915,0.270748360198949
"LocalData4130N0.txt",2.2,1.65,0.0994233797285524,0.624158372377705,0.524734992649152
"LocalData4131N0.txt",2.2,1.7,0.0982457406154547,0.609766680676646,0.511520940061191
"LocalData4132N0.txt",2.2,1.75,0.0988018131841961,0.613260785925536,0.51445897274134
"LocalData4133N0.txt",2.2,1.8,0.0888989118156888,0.600255163060485,0.511356251244796
"LocalData4134N0.txt",2.2,1.85,0.0953505138012491,0.590724454142141,0.495373940340892
"LocalData4135N0.txt",2.2,1.9,0.0964683121630977,0.576850082200221,0.480381770037123
"LocalData4136N0.txt",2.2,1.95,0.10317974618434,0.591037748501882,0.487858002317542
"LocalData4137N0.txt",2.2,2,0.101271501695621,0.576532698485577,0.475261196789956
"LocalData4138N0.txt",2.2,2.05,0.100771554345017,0.570494104099704,0.469722549754687
"LocalData4139N0.txt",2.2,2.1,0.0974757968993717,0.566242226512703,0.468766429613332
"LocalData413N0.txt",0.35,0.8,0.642310854902827,0.910522004523259,0.268211149620432
"LocalData4140N0.txt",2.2,2.15,0.101094561390661,0.555711693825034,0.454617132434373
"LocalData4141N0.txt",2.2,2.2,0.104093555001665,0.548402791963479,0.444309236961815
"LocalData4142N0.txt",2.2,2.25,0.102777609599886,0.544937620843367,0.44216001124348
"LocalData4143N0.txt",2.2,2.3,0.110206163091069,0.544811657883529,0.43460549479246
"LocalData4144N0.txt",2.2,2.35,0.0982044271041183,0.534386852291334,0.436182425187216
"LocalData4145N0.txt",2.2,2.4,0.106085925837542,0.538916192060663,0.432830266223121
"LocalData4146N0.txt",2.2,2.45,0.102082702507462,0.524712383312435,0.422629680804973
"LocalData4147N0.txt",2.2,2.5,0.101315849307463,0.520042876574332,0.418727027266869
"LocalData414N0.txt",0.35,0.85,0.644553016963204,0.871765160749873,0.227212143786669
"LocalData415N0.txt",0.35,0.9,0.642308949717896,0.888744671188198,0.246435721470303
"LocalData416N0.txt",0.35,0.95,0.592068241666263,0.824831536823234,0.23276329515697
"LocalData417N0.txt",0.35,1,0.558878481564317,0.806105017536805,0.247226535972488
"LocalData418N0.txt",0.35,1.05,0.612131271645295,0.835898412267723,0.223767140622429
"LocalData419N0.txt",0.35,1.1,0.631914111686763,0.819586206493568,0.187672094806805
"LocalData4201N0.txt",2.25,0.2,0.0976768718302403,1,0.90232312816976
"LocalData4202N0.txt",2.25,0.25,0.0970568472361931,1,0.902943152763807
"LocalData4203N0.txt",2.25,0.3,0.097931027576852,0.973529411764706,0.875598384187854
"LocalData4204N0.txt",2.25,0.35,0.0923366826829494,0.971206629019129,0.87886994633618
"LocalData4205N0.txt",2.25,0.4,0.101324256840146,0.959094646849749,0.857770390009603
"LocalData4206N0.txt",2.25,0.45,0.0975208567971163,0.9408830949752,0.843362238178084
"LocalData4207N0.txt",2.25,0.5,0.098987513458335,0.92208897201543,0.823101458557095
"LocalData4208N0.txt",2.25,0.55,0.102583831131307,0.877211135074083,0.774627303942776
"LocalData4209N0.txt",2.25,0.6,0.0992633239729126,0.868519974058015,0.769256650085102
"LocalData420N0.txt",0.35,1.15,0.614285412338891,0.789726394552701,0.17544098221381
"LocalData4210N0.txt",2.25,0.65,0.0993839562060881,0.861866987923612,0.762483031717524
"LocalData4211N0.txt",2.25,0.7,0.0977915572408563,0.833651041912429,0.735859484671573
"LocalData4212N0.txt",2.25,0.75,0.0930687192949001,0.809037838727586,0.715969119432686
"LocalData4213N0.txt",2.25,0.8,0.102623049653696,0.808062503305025,0.705439453651329
"LocalData4214N0.txt",2.25,0.85,0.0905957448052168,0.773403211100922,0.682807466295705
"LocalData4215N0.txt",2.25,0.9,0.0979496391976534,0.763629447255149,0.665679808057496
"LocalData4216N0.txt",2.25,0.95,0.0954233688949413,0.758131303103269,0.662707934208327
"LocalData4217N0.txt",2.25,1,0.0968442877601906,0.747961653570477,0.651117365810286
"LocalData4218N0.txt",2.25,1.05,0.10409448577122,0.739973885516536,0.635879399745316
"LocalData4219N0.txt",2.25,1.1,0.100574096312387,0.727171368470589,0.626597272158202
"LocalData421N0.txt",0.35,1.2,0.665093066296597,0.804330560619814,0.139237494323217
"LocalData4220N0.txt",2.25,1.15,0.0981870168271607,0.704665447124674,0.606478430297513
"LocalData4221N0.txt",2.25,1.2,0.0922079511604354,0.711693746229997,0.619485795069561
"LocalData4222N0.txt",2.25,1.25,0.0966146042656345,0.689716542959063,0.593101938693428
"LocalData4223N0.txt",2.25,1.3,0.0996418711445451,0.689616648064487,0.589974776919941
"LocalData4224N0.txt",2.25,1.35,0.0976205660880555,0.666303313151106,0.56868274706305
"LocalData4225N0.txt",2.25,1.4,0.099512930678563,0.673458505187047,0.573945574508484
"LocalData4226N0.txt",2.25,1.45,0.0965793851891171,0.659267630732441,0.562688245543324
"LocalData4227N0.txt",2.25,1.5,0.0969029086511661,0.647019060146263,0.550116151495097
"LocalData4228N0.txt",2.25,1.55,0.0928624081019754,0.629246852476846,0.536384444374871
"LocalData4229N0.txt",2.25,1.6,0.103397477022132,0.624584650268334,0.521187173246201
"LocalData422N0.txt",0.35,1.25,0.616891206791747,0.81684124153984,0.199950034748093
"LocalData4230N0.txt",2.25,1.65,0.0982783588980585,0.627546721464923,0.529268362566865
"LocalData4231N0.txt",2.25,1.7,0.09524229774171,0.613624728290979,0.518382430549269
"LocalData4232N0.txt",2.25,1.75,0.0983406676032265,0.613317648574146,0.514976980970919
"LocalData4233N0.txt",2.25,1.8,0.0992317369504595,0.598871557082251,0.499639820131791
"LocalData4234N0.txt",2.25,1.85,0.101939050138161,0.603819207815353,0.501880157677192
"LocalData4235N0.txt",2.25,1.9,0.0995144490809815,0.591104975158416,0.491590526077435
"LocalData4236N0.txt",2.25,1.95,0.101776817090006,0.582151331524303,0.480374514434297
"LocalData4237N0.txt",2.25,2,0.0903809174434338,0.580175311820195,0.489794394376761
"LocalData4238N0.txt",2.25,2.05,0.102676183127697,0.574890581697949,0.472214398570252
"LocalData4239N0.txt",2.25,2.1,0.095413181086102,0.565053022939565,0.469639841853463
"LocalData423N0.txt",0.35,1.3,0.617405242346351,0.781726907344735,0.164321664998384
"LocalData4240N0.txt",2.25,2.15,0.101328266098564,0.566995443261836,0.465667177163272
"LocalData4241N0.txt",2.25,2.2,0.100907972887923,0.551275412160159,0.450367439272236
"LocalData4242N0.txt",2.25,2.25,0.0984001494761001,0.555282655437103,0.456882505961003
"LocalData4243N0.txt",2.25,2.3,0.0989330290756877,0.527408402844773,0.428475373769085
"LocalData4244N0.txt",2.25,2.35,0.0931632800939868,0.534571839710119,0.441408559616132
"LocalData4245N0.txt",2.25,2.4,0.0910809837865048,0.530873418449829,0.439792434663324
"LocalData4246N0.txt",2.25,2.45,0.0918351523196255,0.525521700917874,0.433686548598248
"LocalData4247N0.txt",2.25,2.5,0.102047721676322,0.521696439798283,0.419648718121961
"LocalData424N0.txt",0.35,1.35,0.708303107455717,0.834593411034968,0.126290303579251
"LocalData425N0.txt",0.35,1.4,0.603680414859918,0.776825448873059,0.173145034013142
"LocalData426N0.txt",0.35,1.45,0.655588070984376,0.790156827144748,0.134568756160372
"LocalData427N0.txt",0.35,1.5,0.635409178344226,0.751220262599449,0.115811084255224
"LocalData428N0.txt",0.35,1.55,0.641436941416058,0.761833372236073,0.120396430820015
"LocalData429N0.txt",0.35,1.6,0.697314570206287,0.767426910738646,0.0701123405323586
"LocalData4301N0.txt",2.3,0.2,0.104182727100737,1,0.895817272899263
"LocalData4302N0.txt",2.3,0.25,0.0864573030742897,0.985294117647059,0.898836814572769
"LocalData4303N0.txt",2.3,0.3,0.102778119752335,0.994444444444444,0.89166632469211
"LocalData4304N0.txt",2.3,0.35,0.0941130968371043,0.97919621749409,0.885083120656985
"LocalData4305N0.txt",2.3,0.4,0.0942878515221813,0.937008713508714,0.842720861986532
"LocalData4306N0.txt",2.3,0.45,0.100598980441084,0.939752655840891,0.839153675399807
"LocalData4307N0.txt",2.3,0.5,0.0976927137039193,0.908939756728749,0.81124704302483
"LocalData4308N0.txt",2.3,0.55,0.0972814256661393,0.890153441423768,0.792872015757629
"LocalData4309N0.txt",2.3,0.6,0.0955744278645612,0.868222779629913,0.772648351765352
"LocalData430N0.txt",0.35,1.65,0.640280078617158,0.741534140340234,0.101254061723075
"LocalData4310N0.txt",2.3,0.65,0.0970423326760926,0.846347900167655,0.749305567491562
"LocalData4311N0.txt",2.3,0.7,0.0985996044450976,0.843526759367186,0.744927154922089
"LocalData4312N0.txt",2.3,0.75,0.0966087532716227,0.817733109288445,0.721124356016822
"LocalData4313N0.txt",2.3,0.8,0.0945669314415713,0.802458291948953,0.707891360507382
"LocalData4314N0.txt",2.3,0.85,0.09441402042572,0.760556985668146,0.666142965242426
"LocalData4315N0.txt",2.3,0.9,0.101566832280878,0.764162362976532,0.662595530695654
"LocalData4316N0.txt",2.3,0.95,0.0898199802098532,0.73768409825587,0.647864118046017
"LocalData4317N0.txt",2.3,1,0.0944711669696581,0.751084717930019,0.656613550960361
"LocalData4318N0.txt",2.3,1.05,0.0927949361288171,0.724690511177863,0.631895575049046
"LocalData4319N0.txt",2.3,1.1,0.0929395529197122,0.726566296647017,0.633626743727305
"LocalData431N0.txt",0.35,1.7,0.650906685761073,0.735450166976687,0.0845434812156136
"LocalData4320N0.txt",2.3,1.15,0.0979795143535978,0.704895445432304,0.606915931078706
"LocalData4321N0.txt",2.3,1.2,0.0955128340289163,0.690814775304659,0.595301941275742
"LocalData4322N0.txt",2.3,1.25,0.0966274738103766,0.684280709347146,0.587653235536769
"LocalData4323N0.txt",2.3,1.3,0.0945230316222915,0.688477182987091,0.593954151364799
"LocalData4324N0.txt",2.3,1.35,0.0858099369907655,0.676015850832211,0.590205913841445
"LocalData4325N0.txt",2.3,1.4,0.100775998821457,0.662012181528969,0.561236182707511
"LocalData4326N0.txt",2.3,1.45,0.0971735142720835,0.674369397832907,0.577195883560824
"LocalData4327N0.txt",2.3,1.5,0.0906426316992277,0.653996609727815,0.563353978028588
"LocalData4328N0.txt",2.3,1.55,0.0946131757905948,0.641183093832758,0.546569918042163
"LocalData4329N0.txt",2.3,1.6,0.0994147949092227,0.626876620326206,0.527461825416984
"LocalData432N0.txt",0.35,1.75,0.648988298293366,0.748829427488571,0.0998411291952049
"LocalData4330N0.txt",2.3,1.65,0.0898952541186128,0.630246131166181,0.540350877047568
"LocalData4331N0.txt",2.3,1.7,0.101545226288806,0.622605033629985,0.521059807341179
"LocalData4332N0.txt",2.3,1.75,0.091383503202417,0.618644532908653,0.527261029706236
"LocalData4333N0.txt",2.3,1.8,0.0941206548240209,0.601020151172011,0.50689949634799
"LocalData4334N0.txt",2.3,1.85,0.0962511450961341,0.596868166923655,0.50061702182752
"LocalData4335N0.txt",2.3,1.9,0.0998901834919532,0.588638526319943,0.48874834282799
"LocalData4336N0.txt",2.3,1.95,0.0946965740850894,0.584854957059173,0.490158382974084
"LocalData4337N0.txt",2.3,2,0.0957706542887145,0.578305579898831,0.482534925610116
"LocalData4338N0.txt",2.3,2.05,0.10088034710398,0.568184884989492,0.467304537885512
"LocalData4339N0.txt",2.3,2.1,0.0919695480537515,0.56405008729328,0.472080539239529
"LocalData433N0.txt",0.35,1.8,0.635451048341305,0.73205036743295,0.0965993190916452
"LocalData4340N0.txt",2.3,2.15,0.0901192310727695,0.548815462337505,0.458696231264736
"LocalData4341N0.txt",2.3,2.2,0.096059143325914,0.550521335071805,0.454462191745891
"LocalData4342N0.txt",2.3,2.25,0.09466421258062,0.548947712902186,0.454283500321566
"LocalData4343N0.txt",2.3,2.3,0.0937059088707431,0.548304425902489,0.454598517031746
"LocalData4344N0.txt",2.3,2.35,0.0994859124613315,0.53696472025805,0.437478807796719
"LocalData4345N0.txt",2.3,2.4,0.0961016315661373,0.530175374859972,0.434073743293835
"LocalData4346N0.txt",2.3,2.45,0.0956135387998668,0.520441021401612,0.424827482601746
"LocalData4347N0.txt",2.3,2.5,0.0918960915126683,0.515317405428573,0.423421313915905
"LocalData434N0.txt",0.35,1.85,0.672717095954895,0.746379024881066,0.0736619289261705
"LocalData435N0.txt",0.35,1.9,0.662276375208289,0.7412812312922,0.0790048560839111
"LocalData436N0.txt",0.35,1.95,0.675462907351012,0.739222539127332,0.0637596317763196
"LocalData437N0.txt",0.35,2,0.616137963169134,0.699767629715112,0.0836296665459775
"LocalData438N0.txt",0.35,2.05,0.653560479082347,0.717658978553052,0.0640984994707046
"LocalData439N0.txt",0.35,2.1,0.608475633214147,0.670444148570892,0.0619685153567454
"LocalData4401N0.txt",2.35,0.2,0.0965677164830909,1,0.903432283516909
"LocalData4402N0.txt",2.35,0.25,0.095503614658409,1,0.904496385341591
"LocalData4403N0.txt",2.35,0.3,0.0909277112649859,1,0.909072288735014
"LocalData4404N0.txt",2.35,0.35,0.0930453380929277,0.976866883116883,0.883821545023955
"LocalData4405N0.txt",2.35,0.4,0.0991717785124463,0.975322420634921,0.876150642122474
"LocalData4406N0.txt",2.35,0.45,0.0933226803781735,0.94550222000222,0.852179539624047
"LocalData4407N0.txt",2.35,0.5,0.0975722317530623,0.910243469176365,0.812671237423303
"LocalData4408N0.txt",2.35,0.55,0.0958566098328733,0.89395090751989,0.798094297687017
"LocalData4409N0.txt",2.35,0.6,0.0977573630218984,0.857621526136509,0.759864163114611
"LocalData440N0.txt",0.35,2.15,0.679942820233722,0.712763708847274,0.0328208886135523
"LocalData4410N0.txt",2.35,0.65,0.0924650867667877,0.860704981005119,0.768239894238331
"LocalData4411N0.txt",2.35,0.7,0.0964719192257133,0.835861339804789,0.739389420579076
"LocalData4412N0.txt",2.35,0.75,0.0945323583754452,0.810925539647064,0.716393181271618
"LocalData4413N0.txt",2.35,0.8,0.0954775883365422,0.800599994104472,0.70512240576793
"LocalData4414N0.txt",2.35,0.85,0.0995671965702726,0.79008872109582,0.690521524525547
"LocalData4415N0.txt",2.35,0.9,0.0997401654376798,0.773624822248529,0.67388465681085
"LocalData4416N0.txt",2.35,0.95,0.0894920149463995,0.743281576178355,0.653789561231955
"LocalData4417N0.txt",2.35,1,0.0914023846730915,0.748413585561853,0.657011200888761
"LocalData4418N0.txt",2.35,1.05,0.0948375716384475,0.727800583110873,0.632963011472425
"LocalData4419N0.txt",2.35,1.1,0.0923525920920226,0.716645931360938,0.624293339268916
"LocalData441N0.txt",0.35,2.2,0.6720433231652,0.701154118504963,0.029110795339763
"LocalData4420N0.txt",2.35,1.15,0.0945531978936987,0.701917295096744,0.607364097203046
"LocalData4421N0.txt",2.35,1.2,0.0983056946077318,0.702278489695326,0.603972795087594
"LocalData4422N0.txt",2.35,1.25,0.094142926442426,0.686702989761059,0.592560063318633
"LocalData4423N0.txt",2.35,1.3,0.0917656912181771,0.690398059584225,0.598632368366047
"LocalData4424N0.txt",2.35,1.35,0.0919771656157157,0.66552443366187,0.573547268046155
"LocalData4425N0.txt",2.35,1.4,0.0962930633544917,0.671357380973361,0.57506431761887
"LocalData4426N0.txt",2.35,1.45,0.0918411761478699,0.650853658806334,0.559012482658464
"LocalData4427N0.txt",2.35,1.5,0.091314010826918,0.650509617844825,0.559195607017907
"LocalData4428N0.txt",2.35,1.55,0.0954218797769955,0.622863406188111,0.527441526411115
"LocalData4429N0.txt",2.35,1.6,0.0911947113629577,0.624199140567558,0.5330044292046
"LocalData442N0.txt",0.35,2.25,0.641249200879965,0.688174529251979,0.0469253283720142
"LocalData4430N0.txt",2.35,1.65,0.0935150264031119,0.623599790122824,0.530084763719712
"LocalData4431N0.txt",2.35,1.7,0.0930862861694741,0.615564810503467,0.522478524333993
"LocalData4432N0.txt",2.35,1.75,0.0903508502996537,0.622412415483804,0.532061565184151
"LocalData4433N0.txt",2.35,1.8,0.0924451271561812,0.595805883317328,0.503360756161146
"LocalData4434N0.txt",2.35,1.85,0.094083468594021,0.601043974662347,0.506960506068326
"LocalData4435N0.txt",2.35,1.9,0.0909808092275369,0.581492632558612,0.490511823331075
"LocalData4436N0.txt",2.35,1.95,0.0938727894950047,0.57955213005527,0.485679340560265
"LocalData4437N0.txt",2.35,2,0.093870275844037,0.582547656967644,0.488677381123607
"LocalData4438N0.txt",2.35,2.05,0.100940952859746,0.579543667958112,0.478602715098366
"LocalData4439N0.txt",2.35,2.1,0.0971029486339322,0.554926868013453,0.457823919379521
"LocalData443N0.txt",0.35,2.3,0.641402011801584,0.674333582708092,0.0329315709065083
"LocalData4440N0.txt",2.35,2.15,0.0933085488114911,0.551616082066267,0.458307533254776
"LocalData4441N0.txt",2.35,2.2,0.092201847021664,0.562943938955608,0.470742091933944
"LocalData4442N0.txt",2.35,2.25,0.0976209372905664,0.546433666076294,0.448812728785727
"LocalData4443N0.txt",2.35,2.3,0.0959983920287646,0.539156590779743,0.443158198750979
"LocalData4444N0.txt",2.35,2.35,0.092726961256119,0.526786442472864,0.434059481216744
"LocalData4445N0.txt",2.35,2.4,0.0873279463017265,0.533932673606967,0.446604727305241
"LocalData4446N0.txt",2.35,2.45,0.0933953461137986,0.531590256190888,0.438194910077089
"LocalData4447N0.txt",2.35,2.5,0.0901934878675407,0.514499691985706,0.424306204118165
"LocalData444N0.txt",0.35,2.35,0.61589636066452,0.634850672260497,0.018954311595977
"LocalData445N0.txt",0.35,2.4,0.626157301684189,0.659070611097528,0.0329133094133397
"LocalData446N0.txt",0.35,2.45,0.665206881446325,0.671588912021029,0.00638203057470377
"LocalData447N0.txt",0.35,2.5,0.643032364434265,0.660512357374486,0.0174799929402207
"LocalData4501N0.txt",2.4,0.2,0.0915710265746128,1,0.908428973425387
"LocalData4502N0.txt",2.4,0.25,0.0911898880226727,1,0.908810111977327
"LocalData4503N0.txt",2.4,0.3,0.0927783363648292,0.989473684210526,0.896695347845697
"LocalData4504N0.txt",2.4,0.35,0.09350465655441,0.97764857881137,0.88414392225696
"LocalData4505N0.txt",2.4,0.4,0.0909635124617505,0.958019461228017,0.867055948766267
"LocalData4506N0.txt",2.4,0.45,0.0944997110859458,0.94408891435362,0.849589203267674
"LocalData4507N0.txt",2.4,0.5,0.0918955809309013,0.894878355626895,0.802982774695993
"LocalData4508N0.txt",2.4,0.55,0.0958214689199475,0.885549533238674,0.789728064318726
"LocalData4509N0.txt",2.4,0.6,0.0881755698046578,0.866283497361758,0.7781079275571
"LocalData4510N0.txt",2.4,0.65,0.0990297671250714,0.826330536882335,0.727300769757263
"LocalData4511N0.txt",2.4,0.7,0.0937353432112517,0.821531856403181,0.72779651319193
"LocalData4512N0.txt",2.4,0.75,0.0917226436589662,0.80227152200365,0.710548878344684
"LocalData4513N0.txt",2.4,0.8,0.0875518017754323,0.792677057177253,0.70512525540182
"LocalData4514N0.txt",2.4,0.85,0.0976619238017366,0.783924258105858,0.686262334304122
"LocalData4515N0.txt",2.4,0.9,0.0939022398160132,0.762698546903295,0.668796307087282
"LocalData4516N0.txt",2.4,0.95,0.0875745431078525,0.760172617060463,0.67259807395261
"LocalData4517N0.txt",2.4,1,0.0970792381833263,0.74192591168861,0.644846673505284
"LocalData4518N0.txt",2.4,1.05,0.0862057985570644,0.727281529922871,0.641075731365806
"LocalData4519N0.txt",2.4,1.1,0.0934524245231971,0.734059106849705,0.640606682326508
"LocalData4520N0.txt",2.4,1.15,0.0892427524366892,0.69678637543124,0.607543622994551
"LocalData4521N0.txt",2.4,1.2,0.0948499055951556,0.713069797866922,0.618219892271766
"LocalData4522N0.txt",2.4,1.25,0.0927685519977107,0.69170601141212,0.598937459414409
"LocalData4523N0.txt",2.4,1.3,0.0871628590978167,0.674105127361861,0.586942268264045
"LocalData4524N0.txt",2.4,1.35,0.0917469316863481,0.671649485257522,0.579902553571174
"LocalData4525N0.txt",2.4,1.4,0.0931063736833096,0.666071117572563,0.572964743889254
"LocalData4526N0.txt",2.4,1.45,0.0938862063316731,0.652211822729533,0.55832561639786
"LocalData4527N0.txt",2.4,1.5,0.0978476233805704,0.647248687678107,0.549401064297536
"LocalData4528N0.txt",2.4,1.55,0.0909393426165863,0.640785873050228,0.549846530433641
"LocalData4529N0.txt",2.4,1.6,0.0928836081807629,0.632185250455391,0.539301642274628
"LocalData4530N0.txt",2.4,1.65,0.0894519963384461,0.624648866229285,0.535196869890839
"LocalData4531N0.txt",2.4,1.7,0.0877297425885944,0.619124609927395,0.5313948673388
"LocalData4532N0.txt",2.4,1.75,0.0930665069542129,0.610764927190208,0.517698420235995
"LocalData4533N0.txt",2.4,1.8,0.0991149234221657,0.606961377828918,0.507846454406753
"LocalData4534N0.txt",2.4,1.85,0.0867396725893681,0.60479532708076,0.518055654491392
"LocalData4535N0.txt",2.4,1.9,0.092517488327529,0.592515057787424,0.499997569459895
"LocalData4536N0.txt",2.4,1.95,0.093835705359175,0.580243951630333,0.486408246271158
"LocalData4537N0.txt",2.4,2,0.0894037840591108,0.567692921638486,0.478289137579375
"LocalData4538N0.txt",2.4,2.05,0.0898720805875947,0.573283951360635,0.48341187077304
"LocalData4539N0.txt",2.4,2.1,0.10485065887625,0.565816395550616,0.460965736674367
"LocalData4540N0.txt",2.4,2.15,0.0928375185100043,0.554663716024015,0.46182619751401
"LocalData4541N0.txt",2.4,2.2,0.0926005594891114,0.552529432193459,0.459928872704347
"LocalData4542N0.txt",2.4,2.25,0.0874873657132683,0.560990879485145,0.473503513771877
"LocalData4543N0.txt",2.4,2.3,0.0937880841537835,0.537378047258676,0.443589963104892
"LocalData4544N0.txt",2.4,2.35,0.093654525293721,0.539505697157366,0.445851171863645
"LocalData4545N0.txt",2.4,2.4,0.0864171416069551,0.537544132163749,0.451126990556794
"LocalData4546N0.txt",2.4,2.45,0.0910024409970706,0.519254815798954,0.428252374801883
"LocalData4547N0.txt",2.4,2.5,0.0924721639283376,0.519054521936631,0.426582358008294
"LocalData4601N0.txt",2.45,0.2,0.0931765224386135,1,0.906823477561386
"LocalData4602N0.txt",2.45,0.25,0.0863074667029285,1,0.913692533297072
"LocalData4603N0.txt",2.45,0.3,0.0854010999350144,0.977777777777778,0.892376677842763
"LocalData4604N0.txt",2.45,0.35,0.0888691949418126,0.966236068895643,0.877366873953831
"LocalData4605N0.txt",2.45,0.4,0.0949481120917974,0.95203781512605,0.857089703034253
"LocalData4606N0.txt",2.45,0.45,0.0915946948670537,0.924288123073289,0.832693428206236
"LocalData4607N0.txt",2.45,0.5,0.0832955359664472,0.901808084127442,0.818512548160995
"LocalData4608N0.txt",2.45,0.55,0.0906162343058491,0.899446374648783,0.808830140342934
"LocalData4609N0.txt",2.45,0.6,0.0937089228259145,0.857464533877716,0.763755611051801
"LocalData4610N0.txt",2.45,0.65,0.088529705999024,0.842050876135088,0.753521170136064
"LocalData4611N0.txt",2.45,0.7,0.0940728385669239,0.827490663228699,0.733417824661775
"LocalData4612N0.txt",2.45,0.75,0.0887910538480958,0.82026952124641,0.731478467398314
"LocalData4613N0.txt",2.45,0.8,0.0864652325704267,0.798878956719515,0.712413724149088
"LocalData4614N0.txt",2.45,0.85,0.0915173597181638,0.786008194567963,0.694490834849799
"LocalData4615N0.txt",2.45,0.9,0.0883271643842283,0.76538166122185,0.677054496837621
"LocalData4616N0.txt",2.45,0.95,0.0868927097530215,0.760894824670199,0.674002114917178
"LocalData4617N0.txt",2.45,1,0.0860303210850889,0.737780408211861,0.651750087126772
"LocalData4618N0.txt",2.45,1.05,0.0834569288650812,0.742269894483,0.658812965617918
"LocalData4619N0.txt",2.45,1.1,0.0892974459569058,0.713819134377743,0.624521688420837
"LocalData4620N0.txt",2.45,1.15,0.0987593801827728,0.696530568428634,0.597771188245861
"LocalData4621N0.txt",2.45,1.2,0.0857616632496015,0.708816982190376,0.623055318940774
"LocalData4622N0.txt",2.45,1.25,0.0930863323386695,0.676854960873215,0.583768628534546
"LocalData4623N0.txt",2.45,1.3,0.0917728329486945,0.673498141068561,0.581725308119867
"LocalData4624N0.txt",2.45,1.35,0.0935674270591536,0.688801498335483,0.595234071276329
"LocalData4625N0.txt",2.45,1.4,0.0919181081943072,0.666025572553811,0.574107464359503
"LocalData4626N0.txt",2.45,1.45,0.0907529306754743,0.650215785702672,0.559462855027198
"LocalData4627N0.txt",2.45,1.5,0.0914123065926475,0.65932309279367,0.567910786201022
"LocalData4628N0.txt",2.45,1.55,0.0925414171833592,0.639290630576945,0.546749213393586
"LocalData4629N0.txt",2.45,1.6,0.0853823566391627,0.638382776236219,0.553000419597056
"LocalData4630N0.txt",2.45,1.65,0.0889965281102354,0.627514764358558,0.538518236248322
"LocalData4631N0.txt",2.45,1.7,0.0869720521597777,0.600155232162168,0.513183180002391
"LocalData4632N0.txt",2.45,1.75,0.0904204402271283,0.621384766001668,0.53096432577454
"LocalData4633N0.txt",2.45,1.8,0.089961648434505,0.606517284365788,0.516555635931283
"LocalData4634N0.txt",2.45,1.85,0.0941766598187536,0.588230330906644,0.49405367108789
"LocalData4635N0.txt",2.45,1.9,0.0880907007171652,0.586742480710526,0.498651779993361
"LocalData4636N0.txt",2.45,1.95,0.0868855987912517,0.576119809327075,0.489234210535823
"LocalData4637N0.txt",2.45,2,0.0897188566820715,0.588929991845466,0.499211135163395
"LocalData4638N0.txt",2.45,2.05,0.0945805660894155,0.572481400128461,0.477900834039046
"LocalData4639N0.txt",2.45,2.1,0.0907711231076231,0.56080938855128,0.470038265443657
"LocalData4640N0.txt",2.45,2.15,0.0876066900545957,0.557582950341998,0.469976260287402
"LocalData4641N0.txt",2.45,2.2,0.0868873819689439,0.54007349258255,0.453186110613606
"LocalData4642N0.txt",2.45,2.25,0.0902371089312954,0.560753969180507,0.470516860249211
"LocalData4643N0.txt",2.45,2.3,0.0919304380614446,0.53847588203108,0.446545443969636
"LocalData4644N0.txt",2.45,2.35,0.0928455041145618,0.525621190351922,0.43277568623736
"LocalData4645N0.txt",2.45,2.4,0.0907481784457572,0.521030413781067,0.43028223533531
"LocalData4646N0.txt",2.45,2.45,0.084417736585773,0.531219932805285,0.446802196219512
"LocalData4647N0.txt",2.45,2.5,0.0856148226175818,0.516276353421701,0.43066153080412
"LocalData4701N0.txt",2.5,0.2,0.0915886386145513,1,0.908411361385449
"LocalData4702N0.txt",2.5,0.25,0.0889104860376035,1,0.911089513962396
"LocalData4703N0.txt",2.5,0.3,0.0871045484007335,1,0.912895451599266
"LocalData4704N0.txt",2.5,0.35,0.0930263470011055,0.983868184955142,0.890841837954036
"LocalData4705N0.txt",2.5,0.4,0.0869631089352035,0.952076094500337,0.865112985565133
"LocalData4706N0.txt",2.5,0.45,0.0908953996878741,0.934226471241177,0.843331071553303
"LocalData4707N0.txt",2.5,0.5,0.0841578642295386,0.898149151602453,0.813991287372914
"LocalData4708N0.txt",2.5,0.55,0.0917437656134463,0.873417376693519,0.781673611080073
"LocalData4709N0.txt",2.5,0.6,0.0867411131654942,0.853748274367436,0.767007161201941
"LocalData4710N0.txt",2.5,0.65,0.0848592225921385,0.8413201298315,0.756460907239362
"LocalData4711N0.txt",2.5,0.7,0.0896436059373207,0.845911512793333,0.756267906856012
"LocalData4712N0.txt",2.5,0.75,0.092446767634571,0.807641224416637,0.715194456782066
"LocalData4713N0.txt",2.5,0.8,0.092269935798131,0.789789726070925,0.697519790272794
"LocalData4714N0.txt",2.5,0.85,0.0919838936694336,0.783507428914401,0.691523535244968
"LocalData4715N0.txt",2.5,0.9,0.0852053146731885,0.765044507501892,0.679839192828703
"LocalData4716N0.txt",2.5,0.95,0.086906624000765,0.770885262177965,0.6839786381772
"LocalData4717N0.txt",2.5,1,0.0887044983036975,0.744508897448325,0.655804399144627
"LocalData4718N0.txt",2.5,1.05,0.0883616864092018,0.737839790769146,0.649478104359944
"LocalData4719N0.txt",2.5,1.1,0.0866103396331881,0.71225008604843,0.625639746415242
"LocalData4720N0.txt",2.5,1.15,0.089515799521239,0.708074278836696,0.618558479315457
"LocalData4721N0.txt",2.5,1.2,0.0934113496425628,0.71362335021739,0.620212000574827
"LocalData4722N0.txt",2.5,1.25,0.0874112910546299,0.687260814077352,0.599849523022722
"LocalData4723N0.txt",2.5,1.3,0.0893980087561431,0.678816209420064,0.589418200663921
"LocalData4724N0.txt",2.5,1.35,0.087952000083293,0.669212672515546,0.581260672432253
"LocalData4725N0.txt",2.5,1.4,0.0894605139433905,0.658506375891359,0.569045861947968
"LocalData4726N0.txt",2.5,1.45,0.082071878323872,0.656754816242687,0.574682937918815
"LocalData4727N0.txt",2.5,1.5,0.0832352172506884,0.645805842310324,0.562570625059636
"LocalData4728N0.txt",2.5,1.55,0.0882172376308631,0.633660890121941,0.545443652491078
"LocalData4729N0.txt",2.5,1.6,0.0922859205974918,0.638144032095269,0.545858111497777
"LocalData4730N0.txt",2.5,1.65,0.0916171676949055,0.614729058783164,0.523111891088259
"LocalData4731N0.txt",2.5,1.7,0.0930678109777718,0.614708215064494,0.521640404086723
"LocalData4732N0.txt",2.5,1.75,0.0912142247064764,0.614549779501383,0.523335554794907
"LocalData4733N0.txt",2.5,1.8,0.0838303524435102,0.591688755060473,0.507858402616963
"LocalData4734N0.txt",2.5,1.85,0.0831388007730985,0.59551833323072,0.512379532457621
"LocalData4735N0.txt",2.5,1.9,0.0914597796346828,0.597944540735361,0.506484761100678
"LocalData4736N0.txt",2.5,1.95,0.0850123383985861,0.590451821925125,0.505439483526539
"LocalData4737N0.txt",2.5,2,0.0869303865051074,0.574733699057139,0.487803312552031
"LocalData4738N0.txt",2.5,2.05,0.0812142064143178,0.569626428482834,0.488412222068516
"LocalData4739N0.txt",2.5,2.1,0.0849918856399238,0.551079694211759,0.466087808571835
"LocalData4740N0.txt",2.5,2.15,0.0868198785397634,0.55655269145952,0.469732812919757
"LocalData4741N0.txt",2.5,2.2,0.0925313524168904,0.547571389441849,0.455040037024958
"LocalData4742N0.txt",2.5,2.25,0.0828770374079283,0.541911055184358,0.45903401777643
"LocalData4743N0.txt",2.5,2.3,0.0890444725411583,0.544513516120129,0.455469043578971
"LocalData4744N0.txt",2.5,2.35,0.0845317110123882,0.534400385665359,0.44986867465297
"LocalData4745N0.txt",2.5,2.4,0.0828900285658536,0.530226934994827,0.447336906428973
"LocalData4746N0.txt",2.5,2.45,0.0843531099107933,0.51199972921588,0.427646619305087
"LocalData4747N0.txt",2.5,2.5,0.0890452614381887,0.524320366695734,0.435275105257546
"LocalData501N0.txt",0.4,0.2,0.56767679970681,NA,NA
"LocalData502N0.txt",0.4,0.25,0.612911954244287,1,0.387088045755713
"LocalData503N0.txt",0.4,0.3,0.53252837039893,1,0.46747162960107
"LocalData504N0.txt",0.4,0.35,0.535301800422334,0.977777777777778,0.442475977355443
"LocalData505N0.txt",0.4,0.4,0.582970987446912,1,0.417029012553088
"LocalData506N0.txt",0.4,0.45,0.564830129074552,0.97269635126778,0.407866222193228
"LocalData507N0.txt",0.4,0.5,0.565438014599898,0.96197163270334,0.396533618103442
"LocalData508N0.txt",0.4,0.55,0.554194128754736,0.956542629946885,0.402348501192149
"LocalData509N0.txt",0.4,0.6,0.539061291204771,0.927950618519918,0.388889327315148
"LocalData510N0.txt",0.4,0.65,0.548718214465714,0.919662059371249,0.370943844905535
"LocalData511N0.txt",0.4,0.7,0.5689646652757,0.890286704728152,0.321322039452452
"LocalData512N0.txt",0.4,0.75,0.570300449338194,0.861846614894107,0.291546165555913
"LocalData513N0.txt",0.4,0.8,0.594401741825159,0.887879116147054,0.293477374321895
"LocalData514N0.txt",0.4,0.85,0.546178196020861,0.855908411885584,0.309730215864723
"LocalData515N0.txt",0.4,0.9,0.578318904389812,0.855096941798384,0.276778037408571
"LocalData516N0.txt",0.4,0.95,0.548457925553433,0.816125695636454,0.267667770083021
"LocalData517N0.txt",0.4,1,0.571430449902902,0.836853347510658,0.265422897607756
"LocalData518N0.txt",0.4,1.05,0.563677986594807,0.802316863775295,0.238638877180488
"LocalData519N0.txt",0.4,1.1,0.578350350913849,0.803796252700961,0.225445901787112
"LocalData520N0.txt",0.4,1.15,0.54396695004252,0.780170754461696,0.236203804419176
"LocalData521N0.txt",0.4,1.2,0.563805318375947,0.764045865189741,0.200240546813794
"LocalData522N0.txt",0.4,1.25,0.582145679400916,0.765922810190591,0.183777130789676
"LocalData523N0.txt",0.4,1.3,0.594762768065822,0.783088482927965,0.188325714862143
"LocalData524N0.txt",0.4,1.35,0.568531557734803,0.741927518040168,0.173395960305365
"LocalData525N0.txt",0.4,1.4,0.583246144309883,0.755685559467285,0.172439415157402
"LocalData526N0.txt",0.4,1.45,0.577694534055555,0.751168887457746,0.173474353402191
"LocalData527N0.txt",0.4,1.5,0.598350090889176,0.746172780694208,0.147822689805031
"LocalData528N0.txt",0.4,1.55,0.546259681535012,0.704345813647118,0.158086132112105
"LocalData529N0.txt",0.4,1.6,0.591481251414621,0.726113020446036,0.134631769031414
"LocalData530N0.txt",0.4,1.65,0.533378419110531,0.70352612682225,0.170147707711719
"LocalData531N0.txt",0.4,1.7,0.585282598678908,0.696262176487113,0.110979577808205
"LocalData532N0.txt",0.4,1.75,0.568988229641525,0.69420306671711,0.125214837075585
"LocalData533N0.txt",0.4,1.8,0.567180950732989,0.694639603366069,0.12745865263308
"LocalData534N0.txt",0.4,1.85,0.582067000608712,0.69201847591263,0.109951475303918
"LocalData535N0.txt",0.4,1.9,0.587925209846203,0.678341898481652,0.0904166886354492
"LocalData536N0.txt",0.4,1.95,0.544240788943301,0.673787286013903,0.129546497070602
"LocalData537N0.txt",0.4,2,0.540270374154476,0.671418384175821,0.131148010021345
"LocalData538N0.txt",0.4,2.05,0.552404463431926,0.647402660917369,0.0949981974854432
"LocalData539N0.txt",0.4,2.1,0.554400786441255,0.649565573606084,0.0951647871648286
"LocalData540N0.txt",0.4,2.15,0.577253082693075,0.64762224642849,0.0703691637354155
"LocalData541N0.txt",0.4,2.2,0.545232706146286,0.649682380661253,0.104449674514967
"LocalData542N0.txt",0.4,2.25,0.526742522294704,0.6311531988473,0.104410676552597
"LocalData543N0.txt",0.4,2.3,0.547942341245566,0.633772721669563,0.0858303804239977
"LocalData544N0.txt",0.4,2.35,0.578593726598923,0.620461673153874,0.0418679465549509
"LocalData545N0.txt",0.4,2.4,0.543693965105143,0.617070631473688,0.0733766663685448
"LocalData546N0.txt",0.4,2.45,0.579359517516711,0.631275301549152,0.0519157840324407
"LocalData547N0.txt",0.4,2.5,0.574178693520874,0.611885056124525,0.0377063626036507
"LocalData601N0.txt",0.45,0.2,0.508474934991107,1,0.491525065008893
"LocalData602N0.txt",0.45,0.25,0.502153686172256,1,0.497846313827744
"LocalData603N0.txt",0.45,0.3,0.486485659491314,1,0.513514340508686
"LocalData604N0.txt",0.45,0.35,0.501653333848209,1,0.498346666151791
"LocalData605N0.txt",0.45,0.4,0.499600312968875,0.988888888888889,0.489288575920014
"LocalData606N0.txt",0.45,0.45,0.497228633480728,0.964541491960847,0.467312858480119
"LocalData607N0.txt",0.45,0.5,0.464315137893991,0.931190846391311,0.46687570849732
"LocalData608N0.txt",0.45,0.55,0.49624477994215,0.925962070690088,0.429717290747938
"LocalData609N0.txt",0.45,0.6,0.491739361252878,0.91090928522269,0.419169923969812
"LocalData610N0.txt",0.45,0.65,0.497267581366503,0.890429773651834,0.393162192285331
"LocalData611N0.txt",0.45,0.7,0.486146136639746,0.87811147246715,0.391965335827404
"LocalData612N0.txt",0.45,0.75,0.477756569453732,0.857757813786457,0.380001244332725
"LocalData613N0.txt",0.45,0.8,0.494901802607726,0.844319236317717,0.349417433709991
"LocalData614N0.txt",0.45,0.85,0.509153102577272,0.828166030711476,0.319012928134204
"LocalData615N0.txt",0.45,0.9,0.48482238144266,0.826569819008458,0.341747437565797
"LocalData616N0.txt",0.45,0.95,0.479950900733838,0.800229242817147,0.320278342083308
"LocalData617N0.txt",0.45,1,0.497098272484806,0.763827880246532,0.266729607761726
"LocalData618N0.txt",0.45,1.05,0.508773524841433,0.787815132263186,0.279041607421753
"LocalData619N0.txt",0.45,1.1,0.505381526846986,0.776153718763435,0.27077219191645
"LocalData620N0.txt",0.45,1.15,0.487130001183655,0.761153284695092,0.274023283511438
"LocalData621N0.txt",0.45,1.2,0.520776326601886,0.762702642561433,0.241926315959547
"LocalData622N0.txt",0.45,1.25,0.494874464184774,0.74616538086327,0.251290916678496
"LocalData623N0.txt",0.45,1.3,0.509272594025541,0.735184937449527,0.225912343423986
"LocalData624N0.txt",0.45,1.35,0.491513188958664,0.710339045786234,0.21882585682757
"LocalData625N0.txt",0.45,1.4,0.513742255251674,0.729687036966152,0.215944781714478
"LocalData626N0.txt",0.45,1.45,0.520528321586262,0.714049547422678,0.193521225836415
"LocalData627N0.txt",0.45,1.5,0.514690470360243,0.716580453986131,0.201889983625888
"LocalData628N0.txt",0.45,1.55,0.515600347993604,0.699400276381928,0.183799928388324
"LocalData629N0.txt",0.45,1.6,0.49063613197824,0.679401830982824,0.188765699004584
"LocalData630N0.txt",0.45,1.65,0.509105748361787,0.685640603639285,0.176534855277499
"LocalData631N0.txt",0.45,1.7,0.475405129465021,0.650297274983486,0.174892145518465
"LocalData632N0.txt",0.45,1.75,0.488386981909912,0.66448061050627,0.176093628596358
"LocalData633N0.txt",0.45,1.8,0.46750195242042,0.660196740085117,0.192694787664697
"LocalData634N0.txt",0.45,1.85,0.48670378096236,0.660704719687043,0.174000938724684
"LocalData635N0.txt",0.45,1.9,0.468197663101266,0.649436811307302,0.181239148206036
"LocalData636N0.txt",0.45,1.95,0.498719803201281,0.643474496873166,0.144754693671885
"LocalData637N0.txt",0.45,2,0.499316382326694,0.637122798963774,0.13780641663708
"LocalData638N0.txt",0.45,2.05,0.482367832691766,0.616485565924962,0.134117733233195
"LocalData639N0.txt",0.45,2.1,0.473600611182818,0.617623963793103,0.144023352610285
"LocalData640N0.txt",0.45,2.15,0.480904593585229,0.608467862479396,0.127563268894167
"LocalData641N0.txt",0.45,2.2,0.490955931739488,0.608006824046103,0.117050892306614
"LocalData642N0.txt",0.45,2.25,0.497545082694567,0.600293556650962,0.102748473956395
"LocalData643N0.txt",0.45,2.3,0.490219184396591,0.624299365657981,0.13408018126139
"LocalData644N0.txt",0.45,2.35,0.525878756282504,0.598191525368348,0.0723127690858433
"LocalData645N0.txt",0.45,2.4,0.496595280752165,0.593402147732554,0.0968068669803884
"LocalData646N0.txt",0.45,2.45,0.525366453126283,0.600073249688561,0.0747067965622775
"LocalData647N0.txt",0.45,2.5,0.503289044580399,0.578816976026555,0.0755279314461554
"LocalData701N0.txt",0.5,0.2,0.452782491304837,1,0.547217508695163
"LocalData702N0.txt",0.5,0.25,0.417394412434807,1,0.582605587565193
"LocalData703N0.txt",0.5,0.3,0.424907440140187,1,0.575092559859813
"LocalData704N0.txt",0.5,0.35,0.431613125662397,0.972458172458172,0.540845046795776
"LocalData705N0.txt",0.5,0.4,0.446692796016973,0.963257575757576,0.516564779740602
"LocalData706N0.txt",0.5,0.45,0.428035674266486,0.946078776547527,0.51804310228104
"LocalData707N0.txt",0.5,0.5,0.460579014166633,0.967249791970685,0.506670777804052
"LocalData708N0.txt",0.5,0.55,0.423125284218396,0.893315290339233,0.470190006120837
"LocalData709N0.txt",0.5,0.6,0.437932507608464,0.887193824915511,0.449261317307047
"LocalData710N0.txt",0.5,0.65,0.448033052392453,0.888244963188518,0.440211910796065
"LocalData711N0.txt",0.5,0.7,0.445979499517939,0.866014458901769,0.42003495938383
"LocalData712N0.txt",0.5,0.75,0.433746656061779,0.833746958292963,0.400000302231183
"LocalData713N0.txt",0.5,0.8,0.438131710902986,0.835162642038247,0.397030931135261
"LocalData714N0.txt",0.5,0.85,0.442658816717887,0.813829275451702,0.371170458733814
"LocalData715N0.txt",0.5,0.9,0.450075616064617,0.81064342404682,0.360567807982203
"LocalData716N0.txt",0.5,0.95,0.450174158921125,0.792625261364264,0.34245110244314
"LocalData717N0.txt",0.5,1,0.441509458379167,0.771740320864548,0.33023086248538
"LocalData718N0.txt",0.5,1.05,0.438475975302446,0.792734589686218,0.354258614383771
"LocalData719N0.txt",0.5,1.1,0.441192686274475,0.752303379205692,0.311110692931218
"LocalData720N0.txt",0.5,1.15,0.414468243745455,0.74540446189289,0.330936218147434
"LocalData721N0.txt",0.5,1.2,0.435007894793981,0.730603617862321,0.29559572306834
"LocalData722N0.txt",0.5,1.25,0.435480022427878,0.726576193823418,0.29109617139554
"LocalData723N0.txt",0.5,1.3,0.435806714069922,0.705807984558323,0.270001270488401
"LocalData724N0.txt",0.5,1.35,0.454314711044472,0.708607719018078,0.254293007973605
"LocalData725N0.txt",0.5,1.4,0.460811387919684,0.706680847720812,0.245869459801128
"LocalData726N0.txt",0.5,1.45,0.44666242014776,0.693783193917869,0.247120773770109
"LocalData727N0.txt",0.5,1.5,0.453626466408861,0.692060443402929,0.238433976994068
"LocalData728N0.txt",0.5,1.55,0.439372500573172,0.687432603857776,0.248060103284604
"LocalData729N0.txt",0.5,1.6,0.427254548791584,0.670868248417796,0.243613699626212
"LocalData730N0.txt",0.5,1.65,0.456476774657779,0.677277558521469,0.22080078386369
"LocalData731N0.txt",0.5,1.7,0.46273565393491,0.673914788831798,0.211179134896887
"LocalData732N0.txt",0.5,1.75,0.440680340320928,0.653459458845069,0.212779118524142
"LocalData733N0.txt",0.5,1.8,0.473794275954461,0.642236209929163,0.168441933974702
"LocalData734N0.txt",0.5,1.85,0.464022368182182,0.649248941777517,0.185226573595335
"LocalData735N0.txt",0.5,1.9,0.454125976940477,0.637664896135117,0.18353891919464
"LocalData736N0.txt",0.5,1.95,0.460154425182965,0.629861298115721,0.169706872932757
"LocalData737N0.txt",0.5,2,0.463916495277477,0.615147811506016,0.151231316228539
"LocalData738N0.txt",0.5,2.05,0.463447463921786,0.612143492151874,0.148696028230089
"LocalData739N0.txt",0.5,2.1,0.447351260890327,0.62150800823192,0.174156747341592
"LocalData740N0.txt",0.5,2.15,0.476701501042942,0.613471200383992,0.136769699341051
"LocalData741N0.txt",0.5,2.2,0.453056058864883,0.594257498788796,0.141201439923912
"LocalData742N0.txt",0.5,2.25,0.44075772374129,0.601026783430716,0.160269059689426
"LocalData743N0.txt",0.5,2.3,0.446814571875953,0.602964157767122,0.156149585891169
"LocalData744N0.txt",0.5,2.35,0.42406364210867,0.574081337275787,0.150017695167117
"LocalData745N0.txt",0.5,2.4,0.466622798565064,0.579989230342138,0.113366431777074
"LocalData746N0.txt",0.5,2.45,0.430670951538266,0.567542443169254,0.136871491630988
"LocalData747N0.txt",0.5,2.5,0.44753969070544,0.557783137246968,0.110243446541527
"LocalData801N0.txt",0.55,0.2,0.422314893526196,NA,NA
"LocalData802N0.txt",0.55,0.25,0.377812182157498,1,0.622187817842502
"LocalData803N0.txt",0.55,0.3,0.39087104033761,1,0.60912895966239
"LocalData804N0.txt",0.55,0.35,0.414079919769036,0.987823439878234,0.573743520109199
"LocalData805N0.txt",0.55,0.4,0.412605484291654,0.960433386837881,0.547827902546227
"LocalData806N0.txt",0.55,0.45,0.413241169136533,0.974864631895882,0.561623462759349
"LocalData807N0.txt",0.55,0.5,0.402579215385923,0.915953224421981,0.513374009036058
"LocalData808N0.txt",0.55,0.55,0.421753275002377,0.908824574128564,0.487071299126187
"LocalData809N0.txt",0.55,0.6,0.395463352697443,0.897495279193653,0.50203192649621
"LocalData810N0.txt",0.55,0.65,0.401651595739388,0.871323363055586,0.469671767316198
"LocalData811N0.txt",0.55,0.7,0.393600735591401,0.846556808930877,0.452956073339475
"LocalData812N0.txt",0.55,0.75,0.399332034009304,0.839820010799541,0.440487976790237
"LocalData813N0.txt",0.55,0.8,0.428266008895783,0.829982882743035,0.401716873847252
"LocalData814N0.txt",0.55,0.85,0.40872102838985,0.809930540407805,0.401209512017954
"LocalData815N0.txt",0.55,0.9,0.409057099858021,0.79855232424401,0.38949522438599
"LocalData816N0.txt",0.55,0.95,0.406782629612428,0.783842723658392,0.377060094045963
"LocalData817N0.txt",0.55,1,0.420486691203546,0.760507624015834,0.340020932812288
"LocalData818N0.txt",0.55,1.05,0.413022750798829,0.763871110284209,0.35084835948538
"LocalData819N0.txt",0.55,1.1,0.403455891463782,0.751857399118272,0.34840150765449
"LocalData820N0.txt",0.55,1.15,0.410397426598521,0.720519041470215,0.310121614871693
"LocalData821N0.txt",0.55,1.2,0.417703285927111,0.71995883771971,0.3022555517926
"LocalData822N0.txt",0.55,1.25,0.422142329143707,0.734527870594724,0.312385541451018
"LocalData823N0.txt",0.55,1.3,0.406019546589327,0.694625793155933,0.288606246566606
"LocalData824N0.txt",0.55,1.35,0.407106166734619,0.6984220603518,0.29131589361718
"LocalData825N0.txt",0.55,1.4,0.404101791790006,0.676718715094365,0.272616923304359
"LocalData826N0.txt",0.55,1.45,0.427203494716512,0.678238840126412,0.2510353454099
"LocalData827N0.txt",0.55,1.5,0.394311482702429,0.679315438623083,0.285003955920654
"LocalData828N0.txt",0.55,1.55,0.402342971582152,0.671122953541193,0.26877998195904
"LocalData829N0.txt",0.55,1.6,0.413284520051529,0.655433853299489,0.24214933324796
"LocalData830N0.txt",0.55,1.65,0.409585523321484,0.662075460094769,0.252489936773284
"LocalData831N0.txt",0.55,1.7,0.421022152518548,0.656018235055922,0.234996082537374
"LocalData832N0.txt",0.55,1.75,0.406606544064221,0.633040000002611,0.22643345593839
"LocalData833N0.txt",0.55,1.8,0.391632729945208,0.634691699763891,0.243058969818683
"LocalData834N0.txt",0.55,1.85,0.389447370308256,0.627321150580261,0.237873780272005
"LocalData835N0.txt",0.55,1.9,0.418874200163291,0.630681121771552,0.211806921608261
"LocalData836N0.txt",0.55,1.95,0.41020771663414,0.627290733434642,0.217083016800502
"LocalData837N0.txt",0.55,2,0.415538930314469,0.60516719932894,0.18962826901447
"LocalData838N0.txt",0.55,2.05,0.374951711958681,0.596024037170279,0.221072325211598
"LocalData839N0.txt",0.55,2.1,0.416893082778461,0.603861648502733,0.186968565724272
"LocalData840N0.txt",0.55,2.15,0.403815992266884,0.59720154468914,0.193385552422256
"LocalData841N0.txt",0.55,2.2,0.388161545960292,0.596287692542523,0.208126146582231
"LocalData842N0.txt",0.55,2.25,0.391133727404203,0.575019884694058,0.183886157289855
"LocalData843N0.txt",0.55,2.3,0.402988371790977,0.577884504921101,0.174896133130124
"LocalData844N0.txt",0.55,2.35,0.400061762636679,0.572056629488522,0.171994866851843
"LocalData845N0.txt",0.55,2.4,0.416652728955694,0.558471004883504,0.14181827592781
"LocalData846N0.txt",0.55,2.45,0.389590148496024,0.554539144749421,0.164948996253397
"LocalData847N0.txt",0.55,2.5,0.41755740640533,0.541442697899317,0.123885291493986
"LocalData901N0.txt",0.6,0.2,0.378190517788622,1,0.621809482211378
"LocalData902N0.txt",0.6,0.25,0.362156615318404,1,0.637843384681596
"LocalData903N0.txt",0.6,0.3,0.346253128952431,1,0.653746871047569
"LocalData904N0.txt",0.6,0.35,0.369874241985531,0.987323943661972,0.61744970167644
"LocalData905N0.txt",0.6,0.4,0.374503816348167,0.957244668911336,0.582740852563169
"LocalData906N0.txt",0.6,0.45,0.354707547446949,0.961476474153555,0.606768926706605
"LocalData907N0.txt",0.6,0.5,0.366812142136634,0.896792112951001,0.529979970814367
"LocalData908N0.txt",0.6,0.55,0.37306679888399,0.904921163913996,0.531854365030005
"LocalData909N0.txt",0.6,0.6,0.335241809659533,0.88212019183178,0.546878382172247
"LocalData910N0.txt",0.6,0.65,0.359419666936132,0.863504892971974,0.504085226035842
"LocalData911N0.txt",0.6,0.7,0.399815707529446,0.856071294778793,0.456255587249347
"LocalData912N0.txt",0.6,0.75,0.367243557072717,0.833477712627087,0.466234155554371
"LocalData913N0.txt",0.6,0.8,0.371110580919082,0.830008899662338,0.458898318743256
"LocalData914N0.txt",0.6,0.85,0.36467784326838,0.794455938144852,0.429778094876472
"LocalData915N0.txt",0.6,0.9,0.389057965408523,0.789883670483822,0.400825705075299
"LocalData916N0.txt",0.6,0.95,0.364244670848227,0.772275701615777,0.40803103076755
"LocalData917N0.txt",0.6,1,0.381776117847673,0.77100515806225,0.389229040214576
"LocalData918N0.txt",0.6,1.05,0.36700100010376,0.742284309062487,0.375283308958727
"LocalData919N0.txt",0.6,1.1,0.378030427358266,0.759412156784149,0.381381729425883
"LocalData920N0.txt",0.6,1.15,0.376132276371417,0.757509372859591,0.381377096488174
"LocalData921N0.txt",0.6,1.2,0.363419733804306,0.727556315317453,0.364136581513146
"LocalData922N0.txt",0.6,1.25,0.381453681744712,0.723067618403486,0.341613936658773
"LocalData923N0.txt",0.6,1.3,0.37367185615059,0.703435579854083,0.329763723703493
"LocalData924N0.txt",0.6,1.35,0.375575507042429,0.695343539226896,0.319768032184467
"LocalData925N0.txt",0.6,1.4,0.360974274829524,0.683450251055286,0.322475976225762
"LocalData926N0.txt",0.6,1.45,0.376254988349294,0.676494738357087,0.300239750007792
"LocalData927N0.txt",0.6,1.5,0.356486465267544,0.661902905999717,0.305416440732173
"LocalData928N0.txt",0.6,1.55,0.367848821059387,0.660683483175058,0.292834662115671
"LocalData929N0.txt",0.6,1.6,0.355969623617173,0.651918428781518,0.295948805164345
"LocalData930N0.txt",0.6,1.65,0.375950857881291,0.643037138980363,0.267086281099072
"LocalData931N0.txt",0.6,1.7,0.375931501820975,0.63269139754733,0.256759895726355
"LocalData932N0.txt",0.6,1.75,0.364403830096359,0.634271264719936,0.269867434623577
"LocalData933N0.txt",0.6,1.8,0.352090524238512,0.634660621947338,0.282570097708826
"LocalData934N0.txt",0.6,1.85,0.396261217281826,0.621863101618578,0.225601884336752
"LocalData935N0.txt",0.6,1.9,0.357596143913713,0.614761992330236,0.257165848416523
"LocalData936N0.txt",0.6,1.95,0.374512235491201,0.621071361389818,0.246559125898618
"LocalData937N0.txt",0.6,2,0.383613923429529,0.606823831796618,0.223209908367089
"LocalData938N0.txt",0.6,2.05,0.363664931884303,0.59942467722407,0.235759745339767
"LocalData939N0.txt",0.6,2.1,0.391374064915312,0.603741973895713,0.212367908980401
"LocalData940N0.txt",0.6,2.15,0.337183739207174,0.592133566811996,0.254949827604822
"LocalData941N0.txt",0.6,2.2,0.379746533084171,0.573393156340573,0.193646623256402
"LocalData942N0.txt",0.6,2.25,0.369430513373429,0.570350895606881,0.200920382233452
"LocalData943N0.txt",0.6,2.3,0.36538535452794,0.548071884428177,0.182686529900236
"LocalData944N0.txt",0.6,2.35,0.349686742945174,0.565798974599368,0.216112231654194
"LocalData945N0.txt",0.6,2.4,0.374998887088334,0.548642502906579,0.173643615818245
"LocalData946N0.txt",0.6,2.45,0.358725575340222,0.55568185273914,0.196956277398919
"LocalData947N0.txt",0.6,2.5,0.361724681187778,0.546230188810739,0.18450550762296
