"locality","month","year","variable","value"
"Elem",1,1970,"tmin",20
"Elem",1,1970,"tmax",30.7
"Elem",1,1970,"tavg",25.35
"Elem",1,1970,"ppt",341.2
"Elem",2,1970,"tmin",20.5
"Elem",2,1970,"tmax",29.6
"Elem",2,1970,"tavg",25.05
"Elem",2,1970,"ppt",362.3
"Elem",3,1970,"tmin",20.5
"Elem",3,1970,"tmax",29.7
"Elem",3,1970,"tavg",25.1
"Elem",3,1970,"ppt",473.5
"Elem",4,1970,"tmin",20.4
"Elem",4,1970,"tmax",30.7
"Elem",4,1970,"tavg",25.55
"Elem",4,1970,"ppt",354.5
"Elem",5,1970,"tmin",20
"Elem",5,1970,"tmax",30.8
"Elem",5,1970,"tavg",25.4
"Elem",5,1970,"ppt",198.7
"Elem",6,1970,"tmin",20.1
"Elem",6,1970,"tmax",30.6
"Elem",6,1970,"tavg",25.35
"Elem",6,1970,"ppt",100.4
"Elem",7,1970,"tmin",19.3
"Elem",7,1970,"tmax",29.9
"Elem",7,1970,"tavg",24.6
"Elem",7,1970,"ppt",97.5
"Elem",8,1970,"tmin",19.5
"Elem",8,1970,"tmax",30.7
"Elem",8,1970,"tavg",25.1
"Elem",8,1970,"ppt",94.9
"Elem",9,1970,"tmin",19.6
"Elem",9,1970,"tmax",30.6
"Elem",9,1970,"tavg",25.1
"Elem",9,1970,"ppt",151.8
"Elem",10,1970,"tmin",20.2
"Elem",10,1970,"tmax",30.4
"Elem",10,1970,"tavg",25.3
"Elem",10,1970,"ppt",229.3
"Elem",11,1970,"tmin",20
"Elem",11,1970,"tmax",30.6
"Elem",11,1970,"tavg",25.3
"Elem",11,1970,"ppt",284.3
"Elem",12,1970,"tmin",20.3
"Elem",12,1970,"tmax",30.3
"Elem",12,1970,"tavg",25.3
"Elem",12,1970,"ppt",400.8
"Morox",1,1970,"tmin",21.8
"Morox",1,1970,"tmax",31.2
"Morox",1,1970,"tavg",26.5
"Morox",1,1970,"ppt",185.4
"Morox",2,1970,"tmin",21.9
"Morox",2,1970,"tmax",30.3
"Morox",2,1970,"tavg",26.1
"Morox",2,1970,"ppt",310
"Morox",3,1970,"tmin",21.6
"Morox",3,1970,"tmax",30.5
"Morox",3,1970,"tavg",26.05
"Morox",3,1970,"ppt",282.4
"Morox",4,1970,"tmin",21.6
"Morox",4,1970,"tmax",31.5
"Morox",4,1970,"tavg",26.55
"Morox",4,1970,"ppt",207.1
"Morox",5,1970,"tmin",21.8
"Morox",5,1970,"tmax",31.5
"Morox",5,1970,"tavg",26.65
"Morox",5,1970,"ppt",140.8
"Morox",6,1970,"tmin",21.7
"Morox",6,1970,"tmax",31.4
"Morox",6,1970,"tavg",26.55
"Morox",6,1970,"ppt",75.2
"Morox",7,1970,"tmin",20.8
"Morox",7,1970,"tmax",31.2
"Morox",7,1970,"tavg",26
"Morox",7,1970,"ppt",59.5
"Morox",8,1970,"tmin",20.9
"Morox",8,1970,"tmax",31.6
"Morox",8,1970,"tavg",26.25
"Morox",8,1970,"ppt",68.7
"Morox",9,1970,"tmin",20.9
"Morox",9,1970,"tmax",31.4
"Morox",9,1970,"tavg",26.15
"Morox",9,1970,"ppt",115.4
"Morox",10,1970,"tmin",21.6
"Morox",10,1970,"tmax",31.3
"Morox",10,1970,"tavg",26.45
"Morox",10,1970,"ppt",209.1
"Morox",11,1970,"tmin",21.6
"Morox",11,1970,"tmax",31.3
"Morox",11,1970,"tavg",26.45
"Morox",11,1970,"ppt",181.8
"Morox",12,1970,"tmin",22
"Morox",12,1970,"tmax",31.3
"Morox",12,1970,"tavg",26.65
"Morox",12,1970,"ppt",246.6
"Niksek",1,1970,"tmin",20.6
"Niksek",1,1970,"tmax",30.9
"Niksek",1,1970,"tavg",25.75
"Niksek",1,1970,"ppt",320.5
"Niksek",2,1970,"tmin",21
"Niksek",2,1970,"tmax",29.6
"Niksek",2,1970,"tavg",25.3
"Niksek",2,1970,"ppt",390.8
"Niksek",3,1970,"tmin",21.1
"Niksek",3,1970,"tmax",30
"Niksek",3,1970,"tavg",25.55
"Niksek",3,1970,"ppt",388.5
"Niksek",4,1970,"tmin",21.3
"Niksek",4,1970,"tmax",30.8
"Niksek",4,1970,"tavg",26.05
"Niksek",4,1970,"ppt",359
"Niksek",5,1970,"tmin",21.3
"Niksek",5,1970,"tmax",30.5
"Niksek",5,1970,"tavg",25.9
"Niksek",5,1970,"ppt",209
"Niksek",6,1970,"tmin",21.6
"Niksek",6,1970,"tmax",30.2
"Niksek",6,1970,"tavg",25.9
"Niksek",6,1970,"ppt",140.9
"Niksek",7,1970,"tmin",20.6
"Niksek",7,1970,"tmax",29.5
"Niksek",7,1970,"tavg",25.05
"Niksek",7,1970,"ppt",145.6
"Niksek",8,1970,"tmin",20.6
"Niksek",8,1970,"tmax",30.4
"Niksek",8,1970,"tavg",25.5
"Niksek",8,1970,"ppt",178.6
"Niksek",9,1970,"tmin",20.8
"Niksek",9,1970,"tmax",30.4
"Niksek",9,1970,"tavg",25.6
"Niksek",9,1970,"ppt",232.5
"Niksek",10,1970,"tmin",21.1
"Niksek",10,1970,"tmax",29.8
"Niksek",10,1970,"tavg",25.45
"Niksek",10,1970,"ppt",328.4
"Niksek",11,1970,"tmin",21.1
"Niksek",11,1970,"tmax",30.7
"Niksek",11,1970,"tavg",25.9
"Niksek",11,1970,"ppt",235.5
"Niksek",12,1970,"tmin",21
"Niksek",12,1970,"tmax",30.2
"Niksek",12,1970,"tavg",25.6
"Niksek",12,1970,"ppt",345.8
"Ohu",1,1970,"tmin",21.8
"Ohu",1,1970,"tmax",30
"Ohu",1,1970,"tavg",25.9
"Ohu",1,1970,"ppt",274
"Ohu",2,1970,"tmin",22
"Ohu",2,1970,"tmax",29.5
"Ohu",2,1970,"tavg",25.75
"Ohu",2,1970,"ppt",417.2
"Ohu",3,1970,"tmin",22
"Ohu",3,1970,"tmax",29.3
"Ohu",3,1970,"tavg",25.65
"Ohu",3,1970,"ppt",423.9
"Ohu",4,1970,"tmin",21.8
"Ohu",4,1970,"tmax",29.4
"Ohu",4,1970,"tavg",25.6
"Ohu",4,1970,"ppt",279.4
"Ohu",5,1970,"tmin",21.7
"Ohu",5,1970,"tmax",29.3
"Ohu",5,1970,"tavg",25.5
"Ohu",5,1970,"ppt",173
"Ohu",6,1970,"tmin",21.5
"Ohu",6,1970,"tmax",29.6
"Ohu",6,1970,"tavg",25.55
"Ohu",6,1970,"ppt",66.1
"Ohu",7,1970,"tmin",20.9
"Ohu",7,1970,"tmax",28.7
"Ohu",7,1970,"tavg",24.8
"Ohu",7,1970,"ppt",72.5
"Ohu",8,1970,"tmin",21.3
"Ohu",8,1970,"tmax",29.5
"Ohu",8,1970,"tavg",25.4
"Ohu",8,1970,"ppt",36.1
"Ohu",9,1970,"tmin",21.5
"Ohu",9,1970,"tmax",29.8
"Ohu",9,1970,"tavg",25.65
"Ohu",9,1970,"ppt",120.9
"Ohu",10,1970,"tmin",21.6
"Ohu",10,1970,"tmax",29.7
"Ohu",10,1970,"tavg",25.65
"Ohu",10,1970,"ppt",282
"Ohu",11,1970,"tmin",21.4
"Ohu",11,1970,"tmax",30.2
"Ohu",11,1970,"tavg",25.8
"Ohu",11,1970,"ppt",196.3
"Ohu",12,1970,"tmin",21.8
"Ohu",12,1970,"tmax",29.7
"Ohu",12,1970,"tavg",25.75
"Ohu",12,1970,"ppt",370.8
"Utai",1,1970,"tmin",21.8
"Utai",1,1970,"tmax",29.1
"Utai",1,1970,"tavg",25.45
"Utai",1,1970,"ppt",198.2
"Utai",2,1970,"tmin",21.9
"Utai",2,1970,"tmax",28.3
"Utai",2,1970,"tavg",25.1
"Utai",2,1970,"ppt",327.1
"Utai",3,1970,"tmin",21.8
"Utai",3,1970,"tmax",28.2
"Utai",3,1970,"tavg",25
"Utai",3,1970,"ppt",349.5
"Utai",4,1970,"tmin",21.9
"Utai",4,1970,"tmax",29
"Utai",4,1970,"tavg",25.45
"Utai",4,1970,"ppt",235.3
"Utai",5,1970,"tmin",21.7
"Utai",5,1970,"tmax",29
"Utai",5,1970,"tavg",25.35
"Utai",5,1970,"ppt",204
"Utai",6,1970,"tmin",21.5
"Utai",6,1970,"tmax",28.4
"Utai",6,1970,"tavg",24.95
"Utai",6,1970,"ppt",113.1
"Utai",7,1970,"tmin",21
"Utai",7,1970,"tmax",28.2
"Utai",7,1970,"tavg",24.6
"Utai",7,1970,"ppt",96.3
"Utai",8,1970,"tmin",21.1
"Utai",8,1970,"tmax",28.1
"Utai",8,1970,"tavg",24.6
"Utai",8,1970,"ppt",148.6
"Utai",9,1970,"tmin",21.3
"Utai",9,1970,"tmax",28.3
"Utai",9,1970,"tavg",24.8
"Utai",9,1970,"ppt",224.6
"Utai",10,1970,"tmin",21.4
"Utai",10,1970,"tmax",28.5
"Utai",10,1970,"tavg",24.95
"Utai",10,1970,"ppt",252.6
"Utai",11,1970,"tmin",21.4
"Utai",11,1970,"tmax",29
"Utai",11,1970,"tavg",25.2
"Utai",11,1970,"ppt",201.8
"Utai",12,1970,"tmin",21.5
"Utai",12,1970,"tmax",28.8
"Utai",12,1970,"tavg",25.15
"Utai",12,1970,"ppt",232.6
"Wamangu",1,1970,"tmin",21.7
"Wamangu",1,1970,"tmax",31.1
"Wamangu",1,1970,"tavg",26.4
"Wamangu",1,1970,"ppt",146.5
"Wamangu",2,1970,"tmin",21.9
"Wamangu",2,1970,"tmax",29.7
"Wamangu",2,1970,"tavg",25.8
"Wamangu",2,1970,"ppt",265.4
"Wamangu",3,1970,"tmin",21.6
"Wamangu",3,1970,"tmax",30.3
"Wamangu",3,1970,"tavg",25.95
"Wamangu",3,1970,"ppt",248.2
"Wamangu",4,1970,"tmin",21.7
"Wamangu",4,1970,"tmax",31.2
"Wamangu",4,1970,"tavg",26.45
"Wamangu",4,1970,"ppt",182.4
"Wamangu",5,1970,"tmin",21.6
"Wamangu",5,1970,"tmax",31.1
"Wamangu",5,1970,"tavg",26.35
"Wamangu",5,1970,"ppt",157.3
"Wamangu",6,1970,"tmin",21.6
"Wamangu",6,1970,"tmax",30.9
"Wamangu",6,1970,"tavg",26.25
"Wamangu",6,1970,"ppt",89.5
"Wamangu",7,1970,"tmin",20.8
"Wamangu",7,1970,"tmax",30.7
"Wamangu",7,1970,"tavg",25.75
"Wamangu",7,1970,"ppt",71.2
"Wamangu",8,1970,"tmin",20.7
"Wamangu",8,1970,"tmax",31.3
"Wamangu",8,1970,"tavg",26
"Wamangu",8,1970,"ppt",95.8
"Wamangu",9,1970,"tmin",20.9
"Wamangu",9,1970,"tmax",31.2
"Wamangu",9,1970,"tavg",26.05
"Wamangu",9,1970,"ppt",152
"Wamangu",10,1970,"tmin",21.5
"Wamangu",10,1970,"tmax",30.7
"Wamangu",10,1970,"tavg",26.1
"Wamangu",10,1970,"ppt",222.2
"Wamangu",11,1970,"tmin",21.3
"Wamangu",11,1970,"tmax",31.1
"Wamangu",11,1970,"tavg",26.2
"Wamangu",11,1970,"ppt",161.7
"Wamangu",12,1970,"tmin",21.9
"Wamangu",12,1970,"tmax",30.8
"Wamangu",12,1970,"tavg",26.35
"Wamangu",12,1970,"ppt",189.3
"Wanang",1,1970,"tmin",20.6
"Wanang",1,1970,"tmax",29.7
"Wanang",1,1970,"tavg",25.15
"Wanang",1,1970,"ppt",375.5
"Wanang",2,1970,"tmin",21.1
"Wanang",2,1970,"tmax",28.8
"Wanang",2,1970,"tavg",24.95
"Wanang",2,1970,"ppt",396.7
"Wanang",3,1970,"tmin",21.2
"Wanang",3,1970,"tmax",28.8
"Wanang",3,1970,"tavg",25
"Wanang",3,1970,"ppt",508.8
"Wanang",4,1970,"tmin",20.9
"Wanang",4,1970,"tmax",29.6
"Wanang",4,1970,"tavg",25.25
"Wanang",4,1970,"ppt",299.3
"Wanang",5,1970,"tmin",20.6
"Wanang",5,1970,"tmax",29.6
"Wanang",5,1970,"tavg",25.1
"Wanang",5,1970,"ppt",177
"Wanang",6,1970,"tmin",20.5
"Wanang",6,1970,"tmax",30.4
"Wanang",6,1970,"tavg",25.45
"Wanang",6,1970,"ppt",65.3
"Wanang",7,1970,"tmin",19.8
"Wanang",7,1970,"tmax",29.4
"Wanang",7,1970,"tavg",24.6
"Wanang",7,1970,"ppt",76.3
"Wanang",8,1970,"tmin",20.3
"Wanang",8,1970,"tmax",30.6
"Wanang",8,1970,"tavg",25.45
"Wanang",8,1970,"ppt",38.3
"Wanang",9,1970,"tmin",20.6
"Wanang",9,1970,"tmax",30.7
"Wanang",9,1970,"tavg",25.65
"Wanang",9,1970,"ppt",138.6
"Wanang",10,1970,"tmin",20.7
"Wanang",10,1970,"tmax",29.2
"Wanang",10,1970,"tavg",24.95
"Wanang",10,1970,"ppt",314
"Wanang",11,1970,"tmin",20.4
"Wanang",11,1970,"tmax",30.2
"Wanang",11,1970,"tavg",25.3
"Wanang",11,1970,"ppt",231.4
"Wanang",12,1970,"tmin",20.8
"Wanang",12,1970,"tmax",29.2
"Wanang",12,1970,"tavg",25
"Wanang",12,1970,"ppt",414.4
"Yapsiei",1,1970,"tmin",21.5
"Yapsiei",1,1970,"tmax",30.3
"Yapsiei",1,1970,"tavg",25.9
"Yapsiei",1,1970,"ppt",367
"Yapsiei",2,1970,"tmin",21.8
"Yapsiei",2,1970,"tmax",29.3
"Yapsiei",2,1970,"tavg",25.55
"Yapsiei",2,1970,"ppt",312.4
"Yapsiei",3,1970,"tmin",21.6
"Yapsiei",3,1970,"tmax",29.4
"Yapsiei",3,1970,"tavg",25.5
"Yapsiei",3,1970,"ppt",447.3
"Yapsiei",4,1970,"tmin",21.8
"Yapsiei",4,1970,"tmax",29.7
"Yapsiei",4,1970,"tavg",25.75
"Yapsiei",4,1970,"ppt",455.4
"Yapsiei",5,1970,"tmin",21.5
"Yapsiei",5,1970,"tmax",29.9
"Yapsiei",5,1970,"tavg",25.7
"Yapsiei",5,1970,"ppt",224.1
"Yapsiei",6,1970,"tmin",21.5
"Yapsiei",6,1970,"tmax",29.8
"Yapsiei",6,1970,"tavg",25.65
"Yapsiei",6,1970,"ppt",184.1
"Yapsiei",7,1970,"tmin",20.9
"Yapsiei",7,1970,"tmax",28.7
"Yapsiei",7,1970,"tavg",24.8
"Yapsiei",7,1970,"ppt",213.3
"Yapsiei",8,1970,"tmin",21.1
"Yapsiei",8,1970,"tmax",29
"Yapsiei",8,1970,"tavg",25.05
"Yapsiei",8,1970,"ppt",277.2
"Yapsiei",9,1970,"tmin",21
"Yapsiei",9,1970,"tmax",29.5
"Yapsiei",9,1970,"tavg",25.25
"Yapsiei",9,1970,"ppt",326.6
"Yapsiei",10,1970,"tmin",21.6
"Yapsiei",10,1970,"tmax",29.5
"Yapsiei",10,1970,"tavg",25.55
"Yapsiei",10,1970,"ppt",325.5
"Yapsiei",11,1970,"tmin",21.2
"Yapsiei",11,1970,"tmax",30.2
"Yapsiei",11,1970,"tavg",25.7
"Yapsiei",11,1970,"ppt",270.9
"Yapsiei",12,1970,"tmin",21.4
"Yapsiei",12,1970,"tmax",29.8
"Yapsiei",12,1970,"tavg",25.6
"Yapsiei",12,1970,"ppt",324.2
"Elem",1,1971,"tmin",19.9
"Elem",1,1971,"tmax",30.5
"Elem",1,1971,"tavg",25.2
"Elem",1,1971,"ppt",319.1
"Elem",2,1971,"tmin",19.5
"Elem",2,1971,"tmax",30.6
"Elem",2,1971,"tavg",25.05
"Elem",2,1971,"ppt",252.5
"Elem",3,1971,"tmin",19.9
"Elem",3,1971,"tmax",30.2
"Elem",3,1971,"tavg",25.05
"Elem",3,1971,"ppt",370
"Elem",4,1971,"tmin",19.8
"Elem",4,1971,"tmax",30
"Elem",4,1971,"tavg",24.9
"Elem",4,1971,"ppt",296.8
"Elem",5,1971,"tmin",19.8
"Elem",5,1971,"tmax",30.3
"Elem",5,1971,"tavg",25.05
"Elem",5,1971,"ppt",348.9
"Elem",6,1971,"tmin",19.5
"Elem",6,1971,"tmax",30
"Elem",6,1971,"tavg",24.75
"Elem",6,1971,"ppt",144.9
"Elem",7,1971,"tmin",19
"Elem",7,1971,"tmax",29.8
"Elem",7,1971,"tavg",24.4
"Elem",7,1971,"ppt",107.9
"Elem",8,1971,"tmin",18.8
"Elem",8,1971,"tmax",30.7
"Elem",8,1971,"tavg",24.75
"Elem",8,1971,"ppt",97
"Elem",9,1971,"tmin",19.7
"Elem",9,1971,"tmax",30.9
"Elem",9,1971,"tavg",25.3
"Elem",9,1971,"ppt",151.7
"Elem",10,1971,"tmin",19.6
"Elem",10,1971,"tmax",30.9
"Elem",10,1971,"tavg",25.25
"Elem",10,1971,"ppt",283.3
"Elem",11,1971,"tmin",19.9
"Elem",11,1971,"tmax",30.5
"Elem",11,1971,"tavg",25.2
"Elem",11,1971,"ppt",321.8
"Elem",12,1971,"tmin",20.2
"Elem",12,1971,"tmax",30.3
"Elem",12,1971,"tavg",25.25
"Elem",12,1971,"ppt",415.6
"Morox",1,1971,"tmin",21.5
"Morox",1,1971,"tmax",30.9
"Morox",1,1971,"tavg",26.2
"Morox",1,1971,"ppt",242.2
"Morox",2,1971,"tmin",21.4
"Morox",2,1971,"tmax",31.1
"Morox",2,1971,"tavg",26.25
"Morox",2,1971,"ppt",163
"Morox",3,1971,"tmin",21.4
"Morox",3,1971,"tmax",30.8
"Morox",3,1971,"tavg",26.1
"Morox",3,1971,"ppt",208.2
"Morox",4,1971,"tmin",21.2
"Morox",4,1971,"tmax",30.7
"Morox",4,1971,"tavg",25.95
"Morox",4,1971,"ppt",322.2
"Morox",5,1971,"tmin",21.4
"Morox",5,1971,"tmax",31.5
"Morox",5,1971,"tavg",26.45
"Morox",5,1971,"ppt",173.4
"Morox",6,1971,"tmin",20.9
"Morox",6,1971,"tmax",30.9
"Morox",6,1971,"tavg",25.9
"Morox",6,1971,"ppt",103.5
"Morox",7,1971,"tmin",20.5
"Morox",7,1971,"tmax",30.8
"Morox",7,1971,"tavg",25.65
"Morox",7,1971,"ppt",107.3
"Morox",8,1971,"tmin",20.7
"Morox",8,1971,"tmax",31.7
"Morox",8,1971,"tavg",26.2
"Morox",8,1971,"ppt",74.6
"Morox",9,1971,"tmin",20.9
"Morox",9,1971,"tmax",31.5
"Morox",9,1971,"tavg",26.2
"Morox",9,1971,"ppt",104.7
"Morox",10,1971,"tmin",21.6
"Morox",10,1971,"tmax",31.6
"Morox",10,1971,"tavg",26.6
"Morox",10,1971,"ppt",182.5
"Morox",11,1971,"tmin",21.6
"Morox",11,1971,"tmax",31.3
"Morox",11,1971,"tavg",26.45
"Morox",11,1971,"ppt",243
"Morox",12,1971,"tmin",21.7
"Morox",12,1971,"tmax",31.3
"Morox",12,1971,"tavg",26.5
"Morox",12,1971,"ppt",278.8
"Niksek",1,1971,"tmin",20.5
"Niksek",1,1971,"tmax",30.6
"Niksek",1,1971,"tavg",25.55
"Niksek",1,1971,"ppt",259.9
"Niksek",2,1971,"tmin",20.4
"Niksek",2,1971,"tmax",30.2
"Niksek",2,1971,"tavg",25.3
"Niksek",2,1971,"ppt",226.8
"Niksek",3,1971,"tmin",20.5
"Niksek",3,1971,"tmax",30.6
"Niksek",3,1971,"tavg",25.55
"Niksek",3,1971,"ppt",346
"Niksek",4,1971,"tmin",20.7
"Niksek",4,1971,"tmax",30.5
"Niksek",4,1971,"tavg",25.6
"Niksek",4,1971,"ppt",325.7
"Niksek",5,1971,"tmin",20.9
"Niksek",5,1971,"tmax",30.3
"Niksek",5,1971,"tavg",25.6
"Niksek",5,1971,"ppt",344.5
"Niksek",6,1971,"tmin",20.6
"Niksek",6,1971,"tmax",29.7
"Niksek",6,1971,"tavg",25.15
"Niksek",6,1971,"ppt",185.7
"Niksek",7,1971,"tmin",20.1
"Niksek",7,1971,"tmax",29.2
"Niksek",7,1971,"tavg",24.65
"Niksek",7,1971,"ppt",181.6
"Niksek",8,1971,"tmin",20.1
"Niksek",8,1971,"tmax",30.3
"Niksek",8,1971,"tavg",25.2
"Niksek",8,1971,"ppt",185.7
"Niksek",9,1971,"tmin",20.9
"Niksek",9,1971,"tmax",30.5
"Niksek",9,1971,"tavg",25.7
"Niksek",9,1971,"ppt",216.5
"Niksek",10,1971,"tmin",20.7
"Niksek",10,1971,"tmax",30.1
"Niksek",10,1971,"tavg",25.4
"Niksek",10,1971,"ppt",287.7
"Niksek",11,1971,"tmin",20.8
"Niksek",11,1971,"tmax",30.6
"Niksek",11,1971,"tavg",25.7
"Niksek",11,1971,"ppt",310.2
"Niksek",12,1971,"tmin",20.7
"Niksek",12,1971,"tmax",30.4
"Niksek",12,1971,"tavg",25.55
"Niksek",12,1971,"ppt",378.7
"Ohu",1,1971,"tmin",21.7
"Ohu",1,1971,"tmax",29.5
"Ohu",1,1971,"tavg",25.6
"Ohu",1,1971,"ppt",257.9
"Ohu",2,1971,"tmin",21.4
"Ohu",2,1971,"tmax",29.6
"Ohu",2,1971,"tavg",25.5
"Ohu",2,1971,"ppt",197.1
"Ohu",3,1971,"tmin",21.6
"Ohu",3,1971,"tmax",29.4
"Ohu",3,1971,"tavg",25.5
"Ohu",3,1971,"ppt",372.2
"Ohu",4,1971,"tmin",21.4
"Ohu",4,1971,"tmax",28.9
"Ohu",4,1971,"tavg",25.15
"Ohu",4,1971,"ppt",353.5
"Ohu",5,1971,"tmin",21.2
"Ohu",5,1971,"tmax",29
"Ohu",5,1971,"tavg",25.1
"Ohu",5,1971,"ppt",278.6
"Ohu",6,1971,"tmin",20.8
"Ohu",6,1971,"tmax",28.3
"Ohu",6,1971,"tavg",24.55
"Ohu",6,1971,"ppt",176.8
"Ohu",7,1971,"tmin",20.5
"Ohu",7,1971,"tmax",28.4
"Ohu",7,1971,"tavg",24.45
"Ohu",7,1971,"ppt",101.4
"Ohu",8,1971,"tmin",21
"Ohu",8,1971,"tmax",29.1
"Ohu",8,1971,"tavg",25.05
"Ohu",8,1971,"ppt",63.5
"Ohu",9,1971,"tmin",21.4
"Ohu",9,1971,"tmax",29.8
"Ohu",9,1971,"tavg",25.6
"Ohu",9,1971,"ppt",108.4
"Ohu",10,1971,"tmin",21.4
"Ohu",10,1971,"tmax",29.7
"Ohu",10,1971,"tavg",25.55
"Ohu",10,1971,"ppt",210.6
"Ohu",11,1971,"tmin",21.3
"Ohu",11,1971,"tmax",30.1
"Ohu",11,1971,"tavg",25.7
"Ohu",11,1971,"ppt",249.2
"Ohu",12,1971,"tmin",21.7
"Ohu",12,1971,"tmax",29.8
"Ohu",12,1971,"tavg",25.75
"Ohu",12,1971,"ppt",326.4
"Utai",1,1971,"tmin",21.4
"Utai",1,1971,"tmax",28.8
"Utai",1,1971,"tavg",25.1
"Utai",1,1971,"ppt",259.3
"Utai",2,1971,"tmin",21.1
"Utai",2,1971,"tmax",29
"Utai",2,1971,"tavg",25.05
"Utai",2,1971,"ppt",249.2
"Utai",3,1971,"tmin",21.7
"Utai",3,1971,"tmax",28.9
"Utai",3,1971,"tavg",25.3
"Utai",3,1971,"ppt",270.5
"Utai",4,1971,"tmin",21.4
"Utai",4,1971,"tmax",28.7
"Utai",4,1971,"tavg",25.05
"Utai",4,1971,"ppt",220.6
"Utai",5,1971,"tmin",21.2
"Utai",5,1971,"tmax",28.4
"Utai",5,1971,"tavg",24.8
"Utai",5,1971,"ppt",230.8
"Utai",6,1971,"tmin",20.8
"Utai",6,1971,"tmax",28
"Utai",6,1971,"tavg",24.4
"Utai",6,1971,"ppt",145.7
"Utai",7,1971,"tmin",20.7
"Utai",7,1971,"tmax",27.7
"Utai",7,1971,"tavg",24.2
"Utai",7,1971,"ppt",122.7
"Utai",8,1971,"tmin",20.8
"Utai",8,1971,"tmax",28.2
"Utai",8,1971,"tavg",24.5
"Utai",8,1971,"ppt",132.8
"Utai",9,1971,"tmin",21.3
"Utai",9,1971,"tmax",28.4
"Utai",9,1971,"tavg",24.85
"Utai",9,1971,"ppt",138.5
"Utai",10,1971,"tmin",21.2
"Utai",10,1971,"tmax",28.5
"Utai",10,1971,"tavg",24.85
"Utai",10,1971,"ppt",235.3
"Utai",11,1971,"tmin",21.2
"Utai",11,1971,"tmax",29
"Utai",11,1971,"tavg",25.1
"Utai",11,1971,"ppt",211
"Utai",12,1971,"tmin",21.3
"Utai",12,1971,"tmax",28.9
"Utai",12,1971,"tavg",25.1
"Utai",12,1971,"ppt",217.5
"Wamangu",1,1971,"tmin",21.4
"Wamangu",1,1971,"tmax",30.6
"Wamangu",1,1971,"tavg",26
"Wamangu",1,1971,"ppt",180.5
"Wamangu",2,1971,"tmin",21.1
"Wamangu",2,1971,"tmax",30.7
"Wamangu",2,1971,"tavg",25.9
"Wamangu",2,1971,"ppt",132.7
"Wamangu",3,1971,"tmin",21.3
"Wamangu",3,1971,"tmax",30.5
"Wamangu",3,1971,"tavg",25.9
"Wamangu",3,1971,"ppt",201.3
"Wamangu",4,1971,"tmin",21.2
"Wamangu",4,1971,"tmax",30.4
"Wamangu",4,1971,"tavg",25.8
"Wamangu",4,1971,"ppt",205.6
"Wamangu",5,1971,"tmin",21.4
"Wamangu",5,1971,"tmax",31.1
"Wamangu",5,1971,"tavg",26.25
"Wamangu",5,1971,"ppt",198.2
"Wamangu",6,1971,"tmin",20.8
"Wamangu",6,1971,"tmax",30.4
"Wamangu",6,1971,"tavg",25.6
"Wamangu",6,1971,"ppt",116.9
"Wamangu",7,1971,"tmin",20.6
"Wamangu",7,1971,"tmax",30.2
"Wamangu",7,1971,"tavg",25.4
"Wamangu",7,1971,"ppt",111.6
"Wamangu",8,1971,"tmin",20.4
"Wamangu",8,1971,"tmax",31.3
"Wamangu",8,1971,"tavg",25.85
"Wamangu",8,1971,"ppt",103.7
"Wamangu",9,1971,"tmin",21
"Wamangu",9,1971,"tmax",31.3
"Wamangu",9,1971,"tavg",26.15
"Wamangu",9,1971,"ppt",129.6
"Wamangu",10,1971,"tmin",21.4
"Wamangu",10,1971,"tmax",30.9
"Wamangu",10,1971,"tavg",26.15
"Wamangu",10,1971,"ppt",213.5
"Wamangu",11,1971,"tmin",21.2
"Wamangu",11,1971,"tmax",31
"Wamangu",11,1971,"tavg",26.1
"Wamangu",11,1971,"ppt",230.5
"Wamangu",12,1971,"tmin",21.6
"Wamangu",12,1971,"tmax",30.7
"Wamangu",12,1971,"tavg",26.15
"Wamangu",12,1971,"ppt",218.6
"Wanang",1,1971,"tmin",20.5
"Wanang",1,1971,"tmax",29.5
"Wanang",1,1971,"tavg",25
"Wanang",1,1971,"ppt",264.4
"Wanang",2,1971,"tmin",20.2
"Wanang",2,1971,"tmax",30.3
"Wanang",2,1971,"tavg",25.25
"Wanang",2,1971,"ppt",206.5
"Wanang",3,1971,"tmin",20.4
"Wanang",3,1971,"tmax",29.3
"Wanang",3,1971,"tavg",24.85
"Wanang",3,1971,"ppt",394.7
"Wanang",4,1971,"tmin",20.3
"Wanang",4,1971,"tmax",29
"Wanang",4,1971,"tavg",24.65
"Wanang",4,1971,"ppt",349.6
"Wanang",5,1971,"tmin",20.4
"Wanang",5,1971,"tmax",29
"Wanang",5,1971,"tavg",24.7
"Wanang",5,1971,"ppt",297.8
"Wanang",6,1971,"tmin",19.6
"Wanang",6,1971,"tmax",28.5
"Wanang",6,1971,"tavg",24.05
"Wanang",6,1971,"ppt",166.8
"Wanang",7,1971,"tmin",19.2
"Wanang",7,1971,"tmax",28.6
"Wanang",7,1971,"tavg",23.9
"Wanang",7,1971,"ppt",144.4
"Wanang",8,1971,"tmin",19.6
"Wanang",8,1971,"tmax",29.8
"Wanang",8,1971,"tavg",24.7
"Wanang",8,1971,"ppt",71.8
"Wanang",9,1971,"tmin",20.5
"Wanang",9,1971,"tmax",30.6
"Wanang",9,1971,"tavg",25.55
"Wanang",9,1971,"ppt",99.1
"Wanang",10,1971,"tmin",20.3
"Wanang",10,1971,"tmax",29.8
"Wanang",10,1971,"tavg",25.05
"Wanang",10,1971,"ppt",274.2
"Wanang",11,1971,"tmin",20.6
"Wanang",11,1971,"tmax",30
"Wanang",11,1971,"tavg",25.3
"Wanang",11,1971,"ppt",276.3
"Wanang",12,1971,"tmin",20.8
"Wanang",12,1971,"tmax",28.9
"Wanang",12,1971,"tavg",24.85
"Wanang",12,1971,"ppt",462.4
"Yapsiei",1,1971,"tmin",21.4
"Yapsiei",1,1971,"tmax",30.1
"Yapsiei",1,1971,"tavg",25.75
"Yapsiei",1,1971,"ppt",329.4
"Yapsiei",2,1971,"tmin",21.1
"Yapsiei",2,1971,"tmax",29.9
"Yapsiei",2,1971,"tavg",25.5
"Yapsiei",2,1971,"ppt",312.8
"Yapsiei",3,1971,"tmin",21.1
"Yapsiei",3,1971,"tmax",29.9
"Yapsiei",3,1971,"tavg",25.5
"Yapsiei",3,1971,"ppt",315.5
"Yapsiei",4,1971,"tmin",21.2
"Yapsiei",4,1971,"tmax",29.7
"Yapsiei",4,1971,"tavg",25.45
"Yapsiei",4,1971,"ppt",283.3
"Yapsiei",5,1971,"tmin",21.2
"Yapsiei",5,1971,"tmax",29.1
"Yapsiei",5,1971,"tavg",25.15
"Yapsiei",5,1971,"ppt",235.3
"Yapsiei",6,1971,"tmin",20.9
"Yapsiei",6,1971,"tmax",28.8
"Yapsiei",6,1971,"tavg",24.85
"Yapsiei",6,1971,"ppt",361.6
"Yapsiei",7,1971,"tmin",20.6
"Yapsiei",7,1971,"tmax",28.4
"Yapsiei",7,1971,"tavg",24.5
"Yapsiei",7,1971,"ppt",203.6
"Yapsiei",8,1971,"tmin",20.5
"Yapsiei",8,1971,"tmax",29.1
"Yapsiei",8,1971,"tavg",24.8
"Yapsiei",8,1971,"ppt",212.8
"Yapsiei",9,1971,"tmin",21
"Yapsiei",9,1971,"tmax",29.6
"Yapsiei",9,1971,"tavg",25.3
"Yapsiei",9,1971,"ppt",249.4
"Yapsiei",10,1971,"tmin",21.1
"Yapsiei",10,1971,"tmax",29.5
"Yapsiei",10,1971,"tavg",25.3
"Yapsiei",10,1971,"ppt",371.3
"Yapsiei",11,1971,"tmin",21
"Yapsiei",11,1971,"tmax",30.3
"Yapsiei",11,1971,"tavg",25.65
"Yapsiei",11,1971,"ppt",349.9
"Yapsiei",12,1971,"tmin",21.1
"Yapsiei",12,1971,"tmax",29.8
"Yapsiei",12,1971,"tavg",25.45
"Yapsiei",12,1971,"ppt",268.8
"Elem",1,1972,"tmin",19.8
"Elem",1,1972,"tmax",30.3
"Elem",1,1972,"tavg",25.05
"Elem",1,1972,"ppt",407.7
"Elem",2,1972,"tmin",19.9
"Elem",2,1972,"tmax",30.6
"Elem",2,1972,"tavg",25.25
"Elem",2,1972,"ppt",308.1
"Elem",3,1972,"tmin",19.8
"Elem",3,1972,"tmax",30.4
"Elem",3,1972,"tavg",25.1
"Elem",3,1972,"ppt",338.4
"Elem",4,1972,"tmin",19.9
"Elem",4,1972,"tmax",30.4
"Elem",4,1972,"tavg",25.15
"Elem",4,1972,"ppt",332.2
"Elem",5,1972,"tmin",20.2
"Elem",5,1972,"tmax",30.3
"Elem",5,1972,"tavg",25.25
"Elem",5,1972,"ppt",296.3
"Elem",6,1972,"tmin",19.8
"Elem",6,1972,"tmax",30.7
"Elem",6,1972,"tavg",25.25
"Elem",6,1972,"ppt",160.8
"Elem",7,1972,"tmin",19.9
"Elem",7,1972,"tmax",30.2
"Elem",7,1972,"tavg",25.05
"Elem",7,1972,"ppt",172.7
"Elem",8,1972,"tmin",20.1
"Elem",8,1972,"tmax",30.3
"Elem",8,1972,"tavg",25.2
"Elem",8,1972,"ppt",176.7
"Elem",9,1972,"tmin",20.6
"Elem",9,1972,"tmax",30
"Elem",9,1972,"tavg",25.3
"Elem",9,1972,"ppt",265.1
"Elem",10,1972,"tmin",20.3
"Elem",10,1972,"tmax",30.6
"Elem",10,1972,"tavg",25.45
"Elem",10,1972,"ppt",220.7
"Elem",11,1972,"tmin",20.3
"Elem",11,1972,"tmax",30.8
"Elem",11,1972,"tavg",25.55
"Elem",11,1972,"ppt",298.2
"Elem",12,1972,"tmin",20.5
"Elem",12,1972,"tmax",30.1
"Elem",12,1972,"tavg",25.3
"Elem",12,1972,"ppt",497.7
"Morox",1,1972,"tmin",21.5
"Morox",1,1972,"tmax",30.8
"Morox",1,1972,"tavg",26.15
"Morox",1,1972,"ppt",256.4
"Morox",2,1972,"tmin",21.5
"Morox",2,1972,"tmax",31.3
"Morox",2,1972,"tavg",26.4
"Morox",2,1972,"ppt",148.7
"Morox",3,1972,"tmin",21.3
"Morox",3,1972,"tmax",30.9
"Morox",3,1972,"tavg",26.1
"Morox",3,1972,"ppt",220.7
"Morox",4,1972,"tmin",21.3
"Morox",4,1972,"tmax",31.3
"Morox",4,1972,"tavg",26.3
"Morox",4,1972,"ppt",219
"Morox",5,1972,"tmin",21.4
"Morox",5,1972,"tmax",31.6
"Morox",5,1972,"tavg",26.5
"Morox",5,1972,"ppt",159.8
"Morox",6,1972,"tmin",21.4
"Morox",6,1972,"tmax",31.9
"Morox",6,1972,"tavg",26.65
"Morox",6,1972,"ppt",54.6
"Morox",7,1972,"tmin",21
"Morox",7,1972,"tmax",31.9
"Morox",7,1972,"tavg",26.45
"Morox",7,1972,"ppt",57.3
"Morox",8,1972,"tmin",20.9
"Morox",8,1972,"tmax",32.2
"Morox",8,1972,"tavg",26.55
"Morox",8,1972,"ppt",57.5
"Morox",9,1972,"tmin",21.2
"Morox",9,1972,"tmax",31.8
"Morox",9,1972,"tavg",26.5
"Morox",9,1972,"ppt",97.9
"Morox",10,1972,"tmin",21.8
"Morox",10,1972,"tmax",31.9
"Morox",10,1972,"tavg",26.85
"Morox",10,1972,"ppt",99.1
"Morox",11,1972,"tmin",21.9
"Morox",11,1972,"tmax",31.7
"Morox",11,1972,"tavg",26.8
"Morox",11,1972,"ppt",178.6
"Morox",12,1972,"tmin",22
"Morox",12,1972,"tmax",31
"Morox",12,1972,"tavg",26.5
"Morox",12,1972,"ppt",279.5
"Niksek",1,1972,"tmin",20.3
"Niksek",1,1972,"tmax",30.3
"Niksek",1,1972,"tavg",25.3
"Niksek",1,1972,"ppt",271.6
"Niksek",2,1972,"tmin",20.6
"Niksek",2,1972,"tmax",30.4
"Niksek",2,1972,"tavg",25.5
"Niksek",2,1972,"ppt",250.3
"Niksek",3,1972,"tmin",20.5
"Niksek",3,1972,"tmax",30.8
"Niksek",3,1972,"tavg",25.65
"Niksek",3,1972,"ppt",345.7
"Niksek",4,1972,"tmin",20.7
"Niksek",4,1972,"tmax",30.9
"Niksek",4,1972,"tavg",25.8
"Niksek",4,1972,"ppt",274.5
"Niksek",5,1972,"tmin",20.9
"Niksek",5,1972,"tmax",30.6
"Niksek",5,1972,"tavg",25.75
"Niksek",5,1972,"ppt",356
"Niksek",6,1972,"tmin",21
"Niksek",6,1972,"tmax",30.6
"Niksek",6,1972,"tavg",25.8
"Niksek",6,1972,"ppt",205.3
"Niksek",7,1972,"tmin",20.8
"Niksek",7,1972,"tmax",30.1
"Niksek",7,1972,"tavg",25.45
"Niksek",7,1972,"ppt",237.4
"Niksek",8,1972,"tmin",20.5
"Niksek",8,1972,"tmax",30.4
"Niksek",8,1972,"tavg",25.45
"Niksek",8,1972,"ppt",330.2
"Niksek",9,1972,"tmin",20.9
"Niksek",9,1972,"tmax",30.5
"Niksek",9,1972,"tavg",25.7
"Niksek",9,1972,"ppt",262.6
"Niksek",10,1972,"tmin",20.8
"Niksek",10,1972,"tmax",30.6
"Niksek",10,1972,"tavg",25.7
"Niksek",10,1972,"ppt",297.5
"Niksek",11,1972,"tmin",21.2
"Niksek",11,1972,"tmax",31.1
"Niksek",11,1972,"tavg",26.15
"Niksek",11,1972,"ppt",295.1
"Niksek",12,1972,"tmin",21.2
"Niksek",12,1972,"tmax",30.1
"Niksek",12,1972,"tavg",25.65
"Niksek",12,1972,"ppt",490.5
"Ohu",1,1972,"tmin",21.5
"Ohu",1,1972,"tmax",29.4
"Ohu",1,1972,"tavg",25.45
"Ohu",1,1972,"ppt",321.5
"Ohu",2,1972,"tmin",21.6
"Ohu",2,1972,"tmax",29.6
"Ohu",2,1972,"tavg",25.6
"Ohu",2,1972,"ppt",234
"Ohu",3,1972,"tmin",21.7
"Ohu",3,1972,"tmax",29.5
"Ohu",3,1972,"tavg",25.6
"Ohu",3,1972,"ppt",434.1
"Ohu",4,1972,"tmin",21.4
"Ohu",4,1972,"tmax",29.4
"Ohu",4,1972,"tavg",25.4
"Ohu",4,1972,"ppt",294.8
"Ohu",5,1972,"tmin",21.3
"Ohu",5,1972,"tmax",28.9
"Ohu",5,1972,"tavg",25.1
"Ohu",5,1972,"ppt",266.4
"Ohu",6,1972,"tmin",21.1
"Ohu",6,1972,"tmax",29
"Ohu",6,1972,"tavg",25.05
"Ohu",6,1972,"ppt",141
"Ohu",7,1972,"tmin",20.7
"Ohu",7,1972,"tmax",28.4
"Ohu",7,1972,"tavg",24.55
"Ohu",7,1972,"ppt",100.6
"Ohu",8,1972,"tmin",20.7
"Ohu",8,1972,"tmax",28.5
"Ohu",8,1972,"tavg",24.6
"Ohu",8,1972,"ppt",95.1
"Ohu",9,1972,"tmin",21.1
"Ohu",9,1972,"tmax",28.8
"Ohu",9,1972,"tavg",24.95
"Ohu",9,1972,"ppt",131.2
"Ohu",10,1972,"tmin",21.3
"Ohu",10,1972,"tmax",29.6
"Ohu",10,1972,"tavg",25.45
"Ohu",10,1972,"ppt",239.7
"Ohu",11,1972,"tmin",21.6
"Ohu",11,1972,"tmax",30.1
"Ohu",11,1972,"tavg",25.85
"Ohu",11,1972,"ppt",174.4
"Ohu",12,1972,"tmin",21.8
"Ohu",12,1972,"tmax",29.2
"Ohu",12,1972,"tavg",25.5
"Ohu",12,1972,"ppt",353.5
"Utai",1,1972,"tmin",21.4
"Utai",1,1972,"tmax",28.4
"Utai",1,1972,"tavg",24.9
"Utai",1,1972,"ppt",222.9
"Utai",2,1972,"tmin",21.4
"Utai",2,1972,"tmax",28.8
"Utai",2,1972,"tavg",25.1
"Utai",2,1972,"ppt",235.5
"Utai",3,1972,"tmin",21.4
"Utai",3,1972,"tmax",29
"Utai",3,1972,"tavg",25.2
"Utai",3,1972,"ppt",288.7
"Utai",4,1972,"tmin",21.4
"Utai",4,1972,"tmax",29.1
"Utai",4,1972,"tavg",25.25
"Utai",4,1972,"ppt",154.7
"Utai",5,1972,"tmin",21.7
"Utai",5,1972,"tmax",29.2
"Utai",5,1972,"tavg",25.45
"Utai",5,1972,"ppt",140.1
"Utai",6,1972,"tmin",21.2
"Utai",6,1972,"tmax",28.8
"Utai",6,1972,"tavg",25
"Utai",6,1972,"ppt",109
"Utai",7,1972,"tmin",21.2
"Utai",7,1972,"tmax",28.9
"Utai",7,1972,"tavg",25.05
"Utai",7,1972,"ppt",92.2
"Utai",8,1972,"tmin",21
"Utai",8,1972,"tmax",28.7
"Utai",8,1972,"tavg",24.85
"Utai",8,1972,"ppt",128.4
"Utai",9,1972,"tmin",21.5
"Utai",9,1972,"tmax",28.6
"Utai",9,1972,"tavg",25.05
"Utai",9,1972,"ppt",165.5
"Utai",10,1972,"tmin",21.4
"Utai",10,1972,"tmax",29.2
"Utai",10,1972,"tavg",25.3
"Utai",10,1972,"ppt",149.4
"Utai",11,1972,"tmin",21.6
"Utai",11,1972,"tmax",29.3
"Utai",11,1972,"tavg",25.45
"Utai",11,1972,"ppt",183.3
"Utai",12,1972,"tmin",21.6
"Utai",12,1972,"tmax",28.8
"Utai",12,1972,"tavg",25.2
"Utai",12,1972,"ppt",267.9
"Wamangu",1,1972,"tmin",21.5
"Wamangu",1,1972,"tmax",30.6
"Wamangu",1,1972,"tavg",26.05
"Wamangu",1,1972,"ppt",194.9
"Wamangu",2,1972,"tmin",21.4
"Wamangu",2,1972,"tmax",30.8
"Wamangu",2,1972,"tavg",26.1
"Wamangu",2,1972,"ppt",112.8
"Wamangu",3,1972,"tmin",21.3
"Wamangu",3,1972,"tmax",30.7
"Wamangu",3,1972,"tavg",26
"Wamangu",3,1972,"ppt",178.1
"Wamangu",4,1972,"tmin",21.3
"Wamangu",4,1972,"tmax",31.1
"Wamangu",4,1972,"tavg",26.2
"Wamangu",4,1972,"ppt",190.9
"Wamangu",5,1972,"tmin",21.5
"Wamangu",5,1972,"tmax",31.3
"Wamangu",5,1972,"tavg",26.4
"Wamangu",5,1972,"ppt",147.6
"Wamangu",6,1972,"tmin",21.2
"Wamangu",6,1972,"tmax",31.4
"Wamangu",6,1972,"tavg",26.3
"Wamangu",6,1972,"ppt",76.6
"Wamangu",7,1972,"tmin",20.9
"Wamangu",7,1972,"tmax",31.6
"Wamangu",7,1972,"tavg",26.25
"Wamangu",7,1972,"ppt",57.3
"Wamangu",8,1972,"tmin",20.6
"Wamangu",8,1972,"tmax",31.8
"Wamangu",8,1972,"tavg",26.2
"Wamangu",8,1972,"ppt",74.7
"Wamangu",9,1972,"tmin",21.2
"Wamangu",9,1972,"tmax",31.4
"Wamangu",9,1972,"tavg",26.3
"Wamangu",9,1972,"ppt",101
"Wamangu",10,1972,"tmin",21.4
"Wamangu",10,1972,"tmax",31.3
"Wamangu",10,1972,"tavg",26.35
"Wamangu",10,1972,"ppt",119.7
"Wamangu",11,1972,"tmin",21.5
"Wamangu",11,1972,"tmax",31.2
"Wamangu",11,1972,"tavg",26.35
"Wamangu",11,1972,"ppt",169.9
"Wamangu",12,1972,"tmin",21.9
"Wamangu",12,1972,"tmax",30.6
"Wamangu",12,1972,"tavg",26.25
"Wamangu",12,1972,"ppt",233.9
"Wanang",1,1972,"tmin",20.5
"Wanang",1,1972,"tmax",28.7
"Wanang",1,1972,"tavg",24.6
"Wanang",1,1972,"ppt",358.2
"Wanang",2,1972,"tmin",20.4
"Wanang",2,1972,"tmax",30.4
"Wanang",2,1972,"tavg",25.4
"Wanang",2,1972,"ppt",319.6
"Wanang",3,1972,"tmin",20.7
"Wanang",3,1972,"tmax",29.8
"Wanang",3,1972,"tavg",25.25
"Wanang",3,1972,"ppt",417.6
"Wanang",4,1972,"tmin",20.7
"Wanang",4,1972,"tmax",29.4
"Wanang",4,1972,"tavg",25.05
"Wanang",4,1972,"ppt",289.5
"Wanang",5,1972,"tmin",20.7
"Wanang",5,1972,"tmax",28.6
"Wanang",5,1972,"tavg",24.65
"Wanang",5,1972,"ppt",342.6
"Wanang",6,1972,"tmin",20.2
"Wanang",6,1972,"tmax",30
"Wanang",6,1972,"tavg",25.1
"Wanang",6,1972,"ppt",98.7
"Wanang",7,1972,"tmin",20
"Wanang",7,1972,"tmax",29.1
"Wanang",7,1972,"tavg",24.55
"Wanang",7,1972,"ppt",109.9
"Wanang",8,1972,"tmin",20.2
"Wanang",8,1972,"tmax",29.8
"Wanang",8,1972,"tavg",25
"Wanang",8,1972,"ppt",121.2
"Wanang",9,1972,"tmin",20.8
"Wanang",9,1972,"tmax",29.1
"Wanang",9,1972,"tavg",24.95
"Wanang",9,1972,"ppt",215.9
"Wanang",10,1972,"tmin",20.3
"Wanang",10,1972,"tmax",29.8
"Wanang",10,1972,"tavg",25.05
"Wanang",10,1972,"ppt",159.2
"Wanang",11,1972,"tmin",20.7
"Wanang",11,1972,"tmax",30.9
"Wanang",11,1972,"tavg",25.8
"Wanang",11,1972,"ppt",204.2
"Wanang",12,1972,"tmin",21
"Wanang",12,1972,"tmax",29.2
"Wanang",12,1972,"tavg",25.1
"Wanang",12,1972,"ppt",407.9
"Yapsiei",1,1972,"tmin",21.1
"Yapsiei",1,1972,"tmax",29.7
"Yapsiei",1,1972,"tavg",25.4
"Yapsiei",1,1972,"ppt",364.2
"Yapsiei",2,1972,"tmin",21.3
"Yapsiei",2,1972,"tmax",29.6
"Yapsiei",2,1972,"tavg",25.45
"Yapsiei",2,1972,"ppt",409.2
"Yapsiei",3,1972,"tmin",21.1
"Yapsiei",3,1972,"tmax",30.1
"Yapsiei",3,1972,"tavg",25.6
"Yapsiei",3,1972,"ppt",309.1
"Yapsiei",4,1972,"tmin",21.1
"Yapsiei",4,1972,"tmax",29.9
"Yapsiei",4,1972,"tavg",25.5
"Yapsiei",4,1972,"ppt",279.8
"Yapsiei",5,1972,"tmin",21.4
"Yapsiei",5,1972,"tmax",29.8
"Yapsiei",5,1972,"tavg",25.6
"Yapsiei",5,1972,"ppt",269.4
"Yapsiei",6,1972,"tmin",21.1
"Yapsiei",6,1972,"tmax",29.6
"Yapsiei",6,1972,"tavg",25.35
"Yapsiei",6,1972,"ppt",212.7
"Yapsiei",7,1972,"tmin",21.2
"Yapsiei",7,1972,"tmax",29.2
"Yapsiei",7,1972,"tavg",25.2
"Yapsiei",7,1972,"ppt",366.8
"Yapsiei",8,1972,"tmin",21.1
"Yapsiei",8,1972,"tmax",29.2
"Yapsiei",8,1972,"tavg",25.15
"Yapsiei",8,1972,"ppt",301.7
"Yapsiei",9,1972,"tmin",21.4
"Yapsiei",9,1972,"tmax",29.7
"Yapsiei",9,1972,"tavg",25.55
"Yapsiei",9,1972,"ppt",235.8
"Yapsiei",10,1972,"tmin",21.3
"Yapsiei",10,1972,"tmax",30.2
"Yapsiei",10,1972,"tavg",25.75
"Yapsiei",10,1972,"ppt",239.6
"Yapsiei",11,1972,"tmin",21.4
"Yapsiei",11,1972,"tmax",30.3
"Yapsiei",11,1972,"tavg",25.85
"Yapsiei",11,1972,"ppt",276.7
"Yapsiei",12,1972,"tmin",21.6
"Yapsiei",12,1972,"tmax",29.6
"Yapsiei",12,1972,"tavg",25.6
"Yapsiei",12,1972,"ppt",329.8
"Elem",1,1973,"tmin",20.3
"Elem",1,1973,"tmax",30.2
"Elem",1,1973,"tavg",25.25
"Elem",1,1973,"ppt",462.2
"Elem",2,1973,"tmin",20.7
"Elem",2,1973,"tmax",30
"Elem",2,1973,"tavg",25.35
"Elem",2,1973,"ppt",519.9
"Elem",3,1973,"tmin",20.5
"Elem",3,1973,"tmax",29.9
"Elem",3,1973,"tavg",25.2
"Elem",3,1973,"ppt",432.3
"Elem",4,1973,"tmin",20
"Elem",4,1973,"tmax",30.5
"Elem",4,1973,"tavg",25.25
"Elem",4,1973,"ppt",267.3
"Elem",5,1973,"tmin",19.7
"Elem",5,1973,"tmax",30.8
"Elem",5,1973,"tavg",25.25
"Elem",5,1973,"ppt",148.8
"Elem",6,1973,"tmin",19.8
"Elem",6,1973,"tmax",30.7
"Elem",6,1973,"tavg",25.25
"Elem",6,1973,"ppt",119
"Elem",7,1973,"tmin",19.4
"Elem",7,1973,"tmax",30
"Elem",7,1973,"tavg",24.7
"Elem",7,1973,"ppt",117.8
"Elem",8,1973,"tmin",19.5
"Elem",8,1973,"tmax",31.4
"Elem",8,1973,"tavg",25.45
"Elem",8,1973,"ppt",106.8
"Elem",9,1973,"tmin",19.7
"Elem",9,1973,"tmax",31.1
"Elem",9,1973,"tavg",25.4
"Elem",9,1973,"ppt",139.9
"Elem",10,1973,"tmin",19.8
"Elem",10,1973,"tmax",31.2
"Elem",10,1973,"tavg",25.5
"Elem",10,1973,"ppt",202.8
"Elem",11,1973,"tmin",20.1
"Elem",11,1973,"tmax",30.3
"Elem",11,1973,"tavg",25.2
"Elem",11,1973,"ppt",369
"Elem",12,1973,"tmin",20
"Elem",12,1973,"tmax",30.2
"Elem",12,1973,"tavg",25.1
"Elem",12,1973,"ppt",324.5
"Morox",1,1973,"tmin",22
"Morox",1,1973,"tmax",30.9
"Morox",1,1973,"tavg",26.45
"Morox",1,1973,"ppt",267.9
"Morox",2,1973,"tmin",22.2
"Morox",2,1973,"tmax",30.9
"Morox",2,1973,"tavg",26.55
"Morox",2,1973,"ppt",233.1
"Morox",3,1973,"tmin",21.7
"Morox",3,1973,"tmax",30.6
"Morox",3,1973,"tavg",26.15
"Morox",3,1973,"ppt",280.7
"Morox",4,1973,"tmin",21.6
"Morox",4,1973,"tmax",31
"Morox",4,1973,"tavg",26.3
"Morox",4,1973,"ppt",207.7
"Morox",5,1973,"tmin",21.8
"Morox",5,1973,"tmax",31.6
"Morox",5,1973,"tavg",26.7
"Morox",5,1973,"ppt",121.3
"Morox",6,1973,"tmin",21.6
"Morox",6,1973,"tmax",31.5
"Morox",6,1973,"tavg",26.55
"Morox",6,1973,"ppt",77.9
"Morox",7,1973,"tmin",20.8
"Morox",7,1973,"tmax",31.3
"Morox",7,1973,"tavg",26.05
"Morox",7,1973,"ppt",74.7
"Morox",8,1973,"tmin",21.2
"Morox",8,1973,"tmax",32.1
"Morox",8,1973,"tavg",26.65
"Morox",8,1973,"ppt",58.4
"Morox",9,1973,"tmin",21.3
"Morox",9,1973,"tmax",31.8
"Morox",9,1973,"tavg",26.55
"Morox",9,1973,"ppt",85.4
"Morox",10,1973,"tmin",21.8
"Morox",10,1973,"tmax",31.8
"Morox",10,1973,"tavg",26.8
"Morox",10,1973,"ppt",106.6
"Morox",11,1973,"tmin",22
"Morox",11,1973,"tmax",31
"Morox",11,1973,"tavg",26.5
"Morox",11,1973,"ppt",290.2
"Morox",12,1973,"tmin",21.8
"Morox",12,1973,"tmax",31.3
"Morox",12,1973,"tavg",26.55
"Morox",12,1973,"ppt",226.2
"Niksek",1,1973,"tmin",21
"Niksek",1,1973,"tmax",29.9
"Niksek",1,1973,"tavg",25.45
"Niksek",1,1973,"ppt",408.7
"Niksek",2,1973,"tmin",21.3
"Niksek",2,1973,"tmax",30.2
"Niksek",2,1973,"tavg",25.75
"Niksek",2,1973,"ppt",370.4
"Niksek",3,1973,"tmin",21.2
"Niksek",3,1973,"tmax",30
"Niksek",3,1973,"tavg",25.6
"Niksek",3,1973,"ppt",415.1
"Niksek",4,1973,"tmin",21.3
"Niksek",4,1973,"tmax",30.4
"Niksek",4,1973,"tavg",25.85
"Niksek",4,1973,"ppt",226.6
"Niksek",5,1973,"tmin",21.1
"Niksek",5,1973,"tmax",30.6
"Niksek",5,1973,"tavg",25.85
"Niksek",5,1973,"ppt",164.7
"Niksek",6,1973,"tmin",21.1
"Niksek",6,1973,"tmax",30.5
"Niksek",6,1973,"tavg",25.8
"Niksek",6,1973,"ppt",136.7
"Niksek",7,1973,"tmin",20.8
"Niksek",7,1973,"tmax",29.5
"Niksek",7,1973,"tavg",25.15
"Niksek",7,1973,"ppt",180.7
"Niksek",8,1973,"tmin",20.7
"Niksek",8,1973,"tmax",31
"Niksek",8,1973,"tavg",25.85
"Niksek",8,1973,"ppt",155.3
"Niksek",9,1973,"tmin",20.9
"Niksek",9,1973,"tmax",30.7
"Niksek",9,1973,"tavg",25.8
"Niksek",9,1973,"ppt",161.9
"Niksek",10,1973,"tmin",21
"Niksek",10,1973,"tmax",30.7
"Niksek",10,1973,"tavg",25.85
"Niksek",10,1973,"ppt",249.3
"Niksek",11,1973,"tmin",21.2
"Niksek",11,1973,"tmax",30.7
"Niksek",11,1973,"tavg",25.95
"Niksek",11,1973,"ppt",364.4
"Niksek",12,1973,"tmin",20.7
"Niksek",12,1973,"tmax",30.3
"Niksek",12,1973,"tavg",25.5
"Niksek",12,1973,"ppt",336.8
"Ohu",1,1973,"tmin",21.8
"Ohu",1,1973,"tmax",29.4
"Ohu",1,1973,"tavg",25.6
"Ohu",1,1973,"ppt",487.8
"Ohu",2,1973,"tmin",22.1
"Ohu",2,1973,"tmax",29.5
"Ohu",2,1973,"tavg",25.8
"Ohu",2,1973,"ppt",421
"Ohu",3,1973,"tmin",22.1
"Ohu",3,1973,"tmax",29.2
"Ohu",3,1973,"tavg",25.65
"Ohu",3,1973,"ppt",417.4
"Ohu",4,1973,"tmin",21.7
"Ohu",4,1973,"tmax",29.3
"Ohu",4,1973,"tavg",25.5
"Ohu",4,1973,"ppt",286.5
"Ohu",5,1973,"tmin",21.6
"Ohu",5,1973,"tmax",29.5
"Ohu",5,1973,"tavg",25.55
"Ohu",5,1973,"ppt",101.7
"Ohu",6,1973,"tmin",21.4
"Ohu",6,1973,"tmax",29.4
"Ohu",6,1973,"tavg",25.4
"Ohu",6,1973,"ppt",85.7
"Ohu",7,1973,"tmin",21
"Ohu",7,1973,"tmax",29
"Ohu",7,1973,"tavg",25
"Ohu",7,1973,"ppt",45.2
"Ohu",8,1973,"tmin",21.3
"Ohu",8,1973,"tmax",29.8
"Ohu",8,1973,"tavg",25.55
"Ohu",8,1973,"ppt",39.6
"Ohu",9,1973,"tmin",21.5
"Ohu",9,1973,"tmax",30.1
"Ohu",9,1973,"tavg",25.8
"Ohu",9,1973,"ppt",106.7
"Ohu",10,1973,"tmin",21.5
"Ohu",10,1973,"tmax",30
"Ohu",10,1973,"tavg",25.75
"Ohu",10,1973,"ppt",89.4
"Ohu",11,1973,"tmin",21.5
"Ohu",11,1973,"tmax",29.8
"Ohu",11,1973,"tavg",25.65
"Ohu",11,1973,"ppt",454.6
"Ohu",12,1973,"tmin",21.6
"Ohu",12,1973,"tmax",29.6
"Ohu",12,1973,"tavg",25.6
"Ohu",12,1973,"ppt",292.3
"Utai",1,1973,"tmin",21.7
"Utai",1,1973,"tmax",27.9
"Utai",1,1973,"tavg",24.8
"Utai",1,1973,"ppt",319.7
"Utai",2,1973,"tmin",21.9
"Utai",2,1973,"tmax",29
"Utai",2,1973,"tavg",25.45
"Utai",2,1973,"ppt",225.3
"Utai",3,1973,"tmin",22
"Utai",3,1973,"tmax",28.5
"Utai",3,1973,"tavg",25.25
"Utai",3,1973,"ppt",353.2
"Utai",4,1973,"tmin",21.8
"Utai",4,1973,"tmax",29
"Utai",4,1973,"tavg",25.4
"Utai",4,1973,"ppt",271.6
"Utai",5,1973,"tmin",21.5
"Utai",5,1973,"tmax",29.1
"Utai",5,1973,"tavg",25.3
"Utai",5,1973,"ppt",163.8
"Utai",6,1973,"tmin",21.5
"Utai",6,1973,"tmax",29.1
"Utai",6,1973,"tavg",25.3
"Utai",6,1973,"ppt",95.4
"Utai",7,1973,"tmin",21.1
"Utai",7,1973,"tmax",28.1
"Utai",7,1973,"tavg",24.6
"Utai",7,1973,"ppt",109.3
"Utai",8,1973,"tmin",21.4
"Utai",8,1973,"tmax",29
"Utai",8,1973,"tavg",25.2
"Utai",8,1973,"ppt",102.7
"Utai",9,1973,"tmin",21.4
"Utai",9,1973,"tmax",29
"Utai",9,1973,"tavg",25.2
"Utai",9,1973,"ppt",118.8
"Utai",10,1973,"tmin",21.4
"Utai",10,1973,"tmax",29.6
"Utai",10,1973,"tavg",25.5
"Utai",10,1973,"ppt",142.9
"Utai",11,1973,"tmin",21.8
"Utai",11,1973,"tmax",29.5
"Utai",11,1973,"tavg",25.65
"Utai",11,1973,"ppt",312.7
"Utai",12,1973,"tmin",21.2
"Utai",12,1973,"tmax",29.3
"Utai",12,1973,"tavg",25.25
"Utai",12,1973,"ppt",275.4
"Wamangu",1,1973,"tmin",21.8
"Wamangu",1,1973,"tmax",30.4
"Wamangu",1,1973,"tavg",26.1
"Wamangu",1,1973,"ppt",194.4
"Wamangu",2,1973,"tmin",22.1
"Wamangu",2,1973,"tmax",30.4
"Wamangu",2,1973,"tavg",26.25
"Wamangu",2,1973,"ppt",173.9
"Wamangu",3,1973,"tmin",21.6
"Wamangu",3,1973,"tmax",30.1
"Wamangu",3,1973,"tavg",25.85
"Wamangu",3,1973,"ppt",256.5
"Wamangu",4,1973,"tmin",21.5
"Wamangu",4,1973,"tmax",30.8
"Wamangu",4,1973,"tavg",26.15
"Wamangu",4,1973,"ppt",178.6
"Wamangu",5,1973,"tmin",21.6
"Wamangu",5,1973,"tmax",31.3
"Wamangu",5,1973,"tavg",26.45
"Wamangu",5,1973,"ppt",155.8
"Wamangu",6,1973,"tmin",21.4
"Wamangu",6,1973,"tmax",31.2
"Wamangu",6,1973,"tavg",26.3
"Wamangu",6,1973,"ppt",85.9
"Wamangu",7,1973,"tmin",20.9
"Wamangu",7,1973,"tmax",30.8
"Wamangu",7,1973,"tavg",25.85
"Wamangu",7,1973,"ppt",91.3
"Wamangu",8,1973,"tmin",21
"Wamangu",8,1973,"tmax",31.9
"Wamangu",8,1973,"tavg",26.45
"Wamangu",8,1973,"ppt",83.7
"Wamangu",9,1973,"tmin",21
"Wamangu",9,1973,"tmax",31.6
"Wamangu",9,1973,"tavg",26.3
"Wamangu",9,1973,"ppt",108.7
"Wamangu",10,1973,"tmin",21.6
"Wamangu",10,1973,"tmax",31.3
"Wamangu",10,1973,"tavg",26.45
"Wamangu",10,1973,"ppt",142.4
"Wamangu",11,1973,"tmin",21.7
"Wamangu",11,1973,"tmax",31
"Wamangu",11,1973,"tavg",26.35
"Wamangu",11,1973,"ppt",250.8
"Wamangu",12,1973,"tmin",21.5
"Wamangu",12,1973,"tmax",30.8
"Wamangu",12,1973,"tavg",26.15
"Wamangu",12,1973,"ppt",182.3
"Wanang",1,1973,"tmin",20.8
"Wanang",1,1973,"tmax",29
"Wanang",1,1973,"tavg",24.9
"Wanang",1,1973,"ppt",696.7
"Wanang",2,1973,"tmin",21.2
"Wanang",2,1973,"tmax",28.8
"Wanang",2,1973,"tavg",25
"Wanang",2,1973,"ppt",552.9
"Wanang",3,1973,"tmin",21.2
"Wanang",3,1973,"tmax",29.1
"Wanang",3,1973,"tavg",25.15
"Wanang",3,1973,"ppt",428.6
"Wanang",4,1973,"tmin",20.6
"Wanang",4,1973,"tmax",29.4
"Wanang",4,1973,"tavg",25
"Wanang",4,1973,"ppt",269.2
"Wanang",5,1973,"tmin",20.4
"Wanang",5,1973,"tmax",29.8
"Wanang",5,1973,"tavg",25.1
"Wanang",5,1973,"ppt",118.6
"Wanang",6,1973,"tmin",20.2
"Wanang",6,1973,"tmax",30.3
"Wanang",6,1973,"tavg",25.25
"Wanang",6,1973,"ppt",64.8
"Wanang",7,1973,"tmin",19.7
"Wanang",7,1973,"tmax",29.8
"Wanang",7,1973,"tavg",24.75
"Wanang",7,1973,"ppt",65.3
"Wanang",8,1973,"tmin",20.2
"Wanang",8,1973,"tmax",31.4
"Wanang",8,1973,"tavg",25.8
"Wanang",8,1973,"ppt",41.7
"Wanang",9,1973,"tmin",20.3
"Wanang",9,1973,"tmax",31.3
"Wanang",9,1973,"tavg",25.8
"Wanang",9,1973,"ppt",110
"Wanang",10,1973,"tmin",20.5
"Wanang",10,1973,"tmax",31
"Wanang",10,1973,"tavg",25.75
"Wanang",10,1973,"ppt",110
"Wanang",11,1973,"tmin",20.9
"Wanang",11,1973,"tmax",29.5
"Wanang",11,1973,"tavg",25.2
"Wanang",11,1973,"ppt",332.3
"Wanang",12,1973,"tmin",20.5
"Wanang",12,1973,"tmax",29.6
"Wanang",12,1973,"tavg",25.05
"Wanang",12,1973,"ppt",329.9
"Yapsiei",1,1973,"tmin",21.8
"Yapsiei",1,1973,"tmax",29.3
"Yapsiei",1,1973,"tavg",25.55
"Yapsiei",1,1973,"ppt",456.7
"Yapsiei",2,1973,"tmin",22
"Yapsiei",2,1973,"tmax",29.7
"Yapsiei",2,1973,"tavg",25.85
"Yapsiei",2,1973,"ppt",462.6
"Yapsiei",3,1973,"tmin",21.9
"Yapsiei",3,1973,"tmax",29.3
"Yapsiei",3,1973,"tavg",25.6
"Yapsiei",3,1973,"ppt",458.4
"Yapsiei",4,1973,"tmin",21.8
"Yapsiei",4,1973,"tmax",30.1
"Yapsiei",4,1973,"tavg",25.95
"Yapsiei",4,1973,"ppt",292.1
"Yapsiei",5,1973,"tmin",21.4
"Yapsiei",5,1973,"tmax",30.2
"Yapsiei",5,1973,"tavg",25.8
"Yapsiei",5,1973,"ppt",169
"Yapsiei",6,1973,"tmin",21.4
"Yapsiei",6,1973,"tmax",30
"Yapsiei",6,1973,"tavg",25.7
"Yapsiei",6,1973,"ppt",168.5
"Yapsiei",7,1973,"tmin",21.1
"Yapsiei",7,1973,"tmax",28.8
"Yapsiei",7,1973,"tavg",24.95
"Yapsiei",7,1973,"ppt",320.3
"Yapsiei",8,1973,"tmin",21.1
"Yapsiei",8,1973,"tmax",29.7
"Yapsiei",8,1973,"tavg",25.4
"Yapsiei",8,1973,"ppt",214
"Yapsiei",9,1973,"tmin",20.9
"Yapsiei",9,1973,"tmax",30
"Yapsiei",9,1973,"tavg",25.45
"Yapsiei",9,1973,"ppt",168.4
"Yapsiei",10,1973,"tmin",21.3
"Yapsiei",10,1973,"tmax",30.3
"Yapsiei",10,1973,"tavg",25.8
"Yapsiei",10,1973,"ppt",265.1
"Yapsiei",11,1973,"tmin",21.5
"Yapsiei",11,1973,"tmax",30.4
"Yapsiei",11,1973,"tavg",25.95
"Yapsiei",11,1973,"ppt",244.8
"Yapsiei",12,1973,"tmin",21.1
"Yapsiei",12,1973,"tmax",30.2
"Yapsiei",12,1973,"tavg",25.65
"Yapsiei",12,1973,"ppt",351.5
"Elem",1,1974,"tmin",19.2
"Elem",1,1974,"tmax",30.3
"Elem",1,1974,"tavg",24.75
"Elem",1,1974,"ppt",226.5
"Elem",2,1974,"tmin",19.8
"Elem",2,1974,"tmax",30.1
"Elem",2,1974,"tavg",24.95
"Elem",2,1974,"ppt",368.4
"Elem",3,1974,"tmin",19.7
"Elem",3,1974,"tmax",30.3
"Elem",3,1974,"tavg",25
"Elem",3,1974,"ppt",310
"Elem",4,1974,"tmin",19.4
"Elem",4,1974,"tmax",30.2
"Elem",4,1974,"tavg",24.8
"Elem",4,1974,"ppt",272.6
"Elem",5,1974,"tmin",19.6
"Elem",5,1974,"tmax",30.5
"Elem",5,1974,"tavg",25.05
"Elem",5,1974,"ppt",183
"Elem",6,1974,"tmin",19.1
"Elem",6,1974,"tmax",29.4
"Elem",6,1974,"tavg",24.25
"Elem",6,1974,"ppt",134.5
"Elem",7,1974,"tmin",19
"Elem",7,1974,"tmax",29.7
"Elem",7,1974,"tavg",24.35
"Elem",7,1974,"ppt",119
"Elem",8,1974,"tmin",19.5
"Elem",8,1974,"tmax",30.9
"Elem",8,1974,"tavg",25.2
"Elem",8,1974,"ppt",82.4
"Elem",9,1974,"tmin",19.1
"Elem",9,1974,"tmax",31.7
"Elem",9,1974,"tavg",25.4
"Elem",9,1974,"ppt",98.2
"Elem",10,1974,"tmin",20
"Elem",10,1974,"tmax",30.4
"Elem",10,1974,"tavg",25.2
"Elem",10,1974,"ppt",316.4
"Elem",11,1974,"tmin",19.8
"Elem",11,1974,"tmax",30.3
"Elem",11,1974,"tavg",25.05
"Elem",11,1974,"ppt",312.6
"Elem",12,1974,"tmin",20
"Elem",12,1974,"tmax",29.7
"Elem",12,1974,"tavg",24.85
"Elem",12,1974,"ppt",454.1
"Morox",1,1974,"tmin",21.4
"Morox",1,1974,"tmax",31.1
"Morox",1,1974,"tavg",26.25
"Morox",1,1974,"ppt",150.5
"Morox",2,1974,"tmin",21.6
"Morox",2,1974,"tmax",30.8
"Morox",2,1974,"tavg",26.2
"Morox",2,1974,"ppt",260.2
"Morox",3,1974,"tmin",21.4
"Morox",3,1974,"tmax",31.1
"Morox",3,1974,"tavg",26.25
"Morox",3,1974,"ppt",213.1
"Morox",4,1974,"tmin",21.4
"Morox",4,1974,"tmax",30.6
"Morox",4,1974,"tavg",26
"Morox",4,1974,"ppt",199.5
"Morox",5,1974,"tmin",21.5
"Morox",5,1974,"tmax",31.5
"Morox",5,1974,"tavg",26.5
"Morox",5,1974,"ppt",124
"Morox",6,1974,"tmin",21
"Morox",6,1974,"tmax",30.3
"Morox",6,1974,"tavg",25.65
"Morox",6,1974,"ppt",105.1
"Morox",7,1974,"tmin",20.7
"Morox",7,1974,"tmax",30.7
"Morox",7,1974,"tavg",25.7
"Morox",7,1974,"ppt",83.8
"Morox",8,1974,"tmin",21
"Morox",8,1974,"tmax",31.9
"Morox",8,1974,"tavg",26.45
"Morox",8,1974,"ppt",44.8
"Morox",9,1974,"tmin",21.3
"Morox",9,1974,"tmax",32.1
"Morox",9,1974,"tavg",26.7
"Morox",9,1974,"ppt",62.9
"Morox",10,1974,"tmin",21.6
"Morox",10,1974,"tmax",31.3
"Morox",10,1974,"tavg",26.45
"Morox",10,1974,"ppt",202.7
"Morox",11,1974,"tmin",21.8
"Morox",11,1974,"tmax",30.9
"Morox",11,1974,"tavg",26.35
"Morox",11,1974,"ppt",231.1
"Morox",12,1974,"tmin",21.7
"Morox",12,1974,"tmax",30.5
"Morox",12,1974,"tavg",26.1
"Morox",12,1974,"ppt",312.2
"Niksek",1,1974,"tmin",20.1
"Niksek",1,1974,"tmax",30.3
"Niksek",1,1974,"tavg",25.2
"Niksek",1,1974,"ppt",190.9
"Niksek",2,1974,"tmin",20.6
"Niksek",2,1974,"tmax",29.9
"Niksek",2,1974,"tavg",25.25
"Niksek",2,1974,"ppt",344.9
"Niksek",3,1974,"tmin",20.5
"Niksek",3,1974,"tmax",31
"Niksek",3,1974,"tavg",25.75
"Niksek",3,1974,"ppt",274.6
"Niksek",4,1974,"tmin",20.8
"Niksek",4,1974,"tmax",30.4
"Niksek",4,1974,"tavg",25.6
"Niksek",4,1974,"ppt",229.3
"Niksek",5,1974,"tmin",20.9
"Niksek",5,1974,"tmax",30.6
"Niksek",5,1974,"tavg",25.75
"Niksek",5,1974,"ppt",221.8
"Niksek",6,1974,"tmin",20.4
"Niksek",6,1974,"tmax",29.5
"Niksek",6,1974,"tavg",24.95
"Niksek",6,1974,"ppt",128.4
"Niksek",7,1974,"tmin",20.3
"Niksek",7,1974,"tmax",29.3
"Niksek",7,1974,"tavg",24.8
"Niksek",7,1974,"ppt",197.3
"Niksek",8,1974,"tmin",20.5
"Niksek",8,1974,"tmax",30.8
"Niksek",8,1974,"tavg",25.65
"Niksek",8,1974,"ppt",156.5
"Niksek",9,1974,"tmin",20.5
"Niksek",9,1974,"tmax",30.7
"Niksek",9,1974,"tavg",25.6
"Niksek",9,1974,"ppt",159.4
"Niksek",10,1974,"tmin",20.9
"Niksek",10,1974,"tmax",30.1
"Niksek",10,1974,"tavg",25.5
"Niksek",10,1974,"ppt",284.6
"Niksek",11,1974,"tmin",20.9
"Niksek",11,1974,"tmax",30.5
"Niksek",11,1974,"tavg",25.7
"Niksek",11,1974,"ppt",271.1
"Niksek",12,1974,"tmin",20.7
"Niksek",12,1974,"tmax",29.9
"Niksek",12,1974,"tavg",25.3
"Niksek",12,1974,"ppt",347.4
"Ohu",1,1974,"tmin",21.4
"Ohu",1,1974,"tmax",29.6
"Ohu",1,1974,"tavg",25.5
"Ohu",1,1974,"ppt",215.4
"Ohu",2,1974,"tmin",21.6
"Ohu",2,1974,"tmax",29.3
"Ohu",2,1974,"tavg",25.45
"Ohu",2,1974,"ppt",430.3
"Ohu",3,1974,"tmin",21.6
"Ohu",3,1974,"tmax",29.4
"Ohu",3,1974,"tavg",25.5
"Ohu",3,1974,"ppt",302.9
"Ohu",4,1974,"tmin",21.5
"Ohu",4,1974,"tmax",28.9
"Ohu",4,1974,"tavg",25.2
"Ohu",4,1974,"ppt",198
"Ohu",5,1974,"tmin",21.3
"Ohu",5,1974,"tmax",29.2
"Ohu",5,1974,"tavg",25.25
"Ohu",5,1974,"ppt",102
"Ohu",6,1974,"tmin",20.7
"Ohu",6,1974,"tmax",28
"Ohu",6,1974,"tavg",24.35
"Ohu",6,1974,"ppt",215.2
"Ohu",7,1974,"tmin",20.8
"Ohu",7,1974,"tmax",28.3
"Ohu",7,1974,"tavg",24.55
"Ohu",7,1974,"ppt",97.9
"Ohu",8,1974,"tmin",20.9
"Ohu",8,1974,"tmax",29.1
"Ohu",8,1974,"tavg",25
"Ohu",8,1974,"ppt",33
"Ohu",9,1974,"tmin",21.3
"Ohu",9,1974,"tmax",30.1
"Ohu",9,1974,"tavg",25.7
"Ohu",9,1974,"ppt",63.9
"Ohu",10,1974,"tmin",21.3
"Ohu",10,1974,"tmax",29.6
"Ohu",10,1974,"tavg",25.45
"Ohu",10,1974,"ppt",214.5
"Ohu",11,1974,"tmin",21.4
"Ohu",11,1974,"tmax",29.6
"Ohu",11,1974,"tavg",25.5
"Ohu",11,1974,"ppt",283
"Ohu",12,1974,"tmin",21.5
"Ohu",12,1974,"tmax",29
"Ohu",12,1974,"tavg",25.25
"Ohu",12,1974,"ppt",325.8
"Utai",1,1974,"tmin",20.9
"Utai",1,1974,"tmax",29.3
"Utai",1,1974,"tavg",25.1
"Utai",1,1974,"ppt",200.2
"Utai",2,1974,"tmin",21.5
"Utai",2,1974,"tmax",28.9
"Utai",2,1974,"tavg",25.2
"Utai",2,1974,"ppt",261.1
"Utai",3,1974,"tmin",21.5
"Utai",3,1974,"tmax",29.2
"Utai",3,1974,"tavg",25.35
"Utai",3,1974,"ppt",248.5
"Utai",4,1974,"tmin",21.4
"Utai",4,1974,"tmax",29.1
"Utai",4,1974,"tavg",25.25
"Utai",4,1974,"ppt",212.6
"Utai",5,1974,"tmin",21.5
"Utai",5,1974,"tmax",29.3
"Utai",5,1974,"tavg",25.4
"Utai",5,1974,"ppt",164.9
"Utai",6,1974,"tmin",20.9
"Utai",6,1974,"tmax",28
"Utai",6,1974,"tavg",24.45
"Utai",6,1974,"ppt",110.8
"Utai",7,1974,"tmin",20.8
"Utai",7,1974,"tmax",28
"Utai",7,1974,"tavg",24.4
"Utai",7,1974,"ppt",125.2
"Utai",8,1974,"tmin",21.2
"Utai",8,1974,"tmax",29
"Utai",8,1974,"tavg",25.1
"Utai",8,1974,"ppt",85.7
"Utai",9,1974,"tmin",21.2
"Utai",9,1974,"tmax",29
"Utai",9,1974,"tavg",25.1
"Utai",9,1974,"ppt",91.8
"Utai",10,1974,"tmin",21.5
"Utai",10,1974,"tmax",29
"Utai",10,1974,"tavg",25.25
"Utai",10,1974,"ppt",226.9
"Utai",11,1974,"tmin",21.6
"Utai",11,1974,"tmax",29.1
"Utai",11,1974,"tavg",25.35
"Utai",11,1974,"ppt",195.2
"Utai",12,1974,"tmin",21.3
"Utai",12,1974,"tmax",28.9
"Utai",12,1974,"tavg",25.1
"Utai",12,1974,"ppt",266.3
"Wamangu",1,1974,"tmin",21
"Wamangu",1,1974,"tmax",30.9
"Wamangu",1,1974,"tavg",25.95
"Wamangu",1,1974,"ppt",135.2
"Wamangu",2,1974,"tmin",21.5
"Wamangu",2,1974,"tmax",30.4
"Wamangu",2,1974,"tavg",25.95
"Wamangu",2,1974,"ppt",182.7
"Wamangu",3,1974,"tmin",21.3
"Wamangu",3,1974,"tmax",30.9
"Wamangu",3,1974,"tavg",26.1
"Wamangu",3,1974,"ppt",170.5
"Wamangu",4,1974,"tmin",21.2
"Wamangu",4,1974,"tmax",30.3
"Wamangu",4,1974,"tavg",25.75
"Wamangu",4,1974,"ppt",203.4
"Wamangu",5,1974,"tmin",21.3
"Wamangu",5,1974,"tmax",31.2
"Wamangu",5,1974,"tavg",26.25
"Wamangu",5,1974,"ppt",144.8
"Wamangu",6,1974,"tmin",20.9
"Wamangu",6,1974,"tmax",30.1
"Wamangu",6,1974,"tavg",25.5
"Wamangu",6,1974,"ppt",113.5
"Wamangu",7,1974,"tmin",20.7
"Wamangu",7,1974,"tmax",30.4
"Wamangu",7,1974,"tavg",25.55
"Wamangu",7,1974,"ppt",106
"Wamangu",8,1974,"tmin",20.8
"Wamangu",8,1974,"tmax",31.7
"Wamangu",8,1974,"tavg",26.25
"Wamangu",8,1974,"ppt",59.1
"Wamangu",9,1974,"tmin",21.1
"Wamangu",9,1974,"tmax",31.7
"Wamangu",9,1974,"tavg",26.4
"Wamangu",9,1974,"ppt",98
"Wamangu",10,1974,"tmin",21.4
"Wamangu",10,1974,"tmax",30.8
"Wamangu",10,1974,"tavg",26.1
"Wamangu",10,1974,"ppt",230.7
"Wamangu",11,1974,"tmin",21.5
"Wamangu",11,1974,"tmax",30.6
"Wamangu",11,1974,"tavg",26.05
"Wamangu",11,1974,"ppt",218.4
"Wamangu",12,1974,"tmin",21.5
"Wamangu",12,1974,"tmax",30.1
"Wamangu",12,1974,"tavg",25.8
"Wamangu",12,1974,"ppt",244.4
"Wanang",1,1974,"tmin",20.1
"Wanang",1,1974,"tmax",29.7
"Wanang",1,1974,"tavg",24.9
"Wanang",1,1974,"ppt",198.7
"Wanang",2,1974,"tmin",20.6
"Wanang",2,1974,"tmax",29.1
"Wanang",2,1974,"tavg",24.85
"Wanang",2,1974,"ppt",335.1
"Wanang",3,1974,"tmin",20.3
"Wanang",3,1974,"tmax",29.9
"Wanang",3,1974,"tavg",25.1
"Wanang",3,1974,"ppt",266
"Wanang",4,1974,"tmin",20.3
"Wanang",4,1974,"tmax",29.7
"Wanang",4,1974,"tavg",25
"Wanang",4,1974,"ppt",197.4
"Wanang",5,1974,"tmin",20.5
"Wanang",5,1974,"tmax",29.7
"Wanang",5,1974,"tavg",25.1
"Wanang",5,1974,"ppt",98.1
"Wanang",6,1974,"tmin",19.5
"Wanang",6,1974,"tmax",28.1
"Wanang",6,1974,"tavg",23.8
"Wanang",6,1974,"ppt",173.3
"Wanang",7,1974,"tmin",19.5
"Wanang",7,1974,"tmax",28.6
"Wanang",7,1974,"tavg",24.05
"Wanang",7,1974,"ppt",97.7
"Wanang",8,1974,"tmin",19.9
"Wanang",8,1974,"tmax",30.2
"Wanang",8,1974,"tavg",25.05
"Wanang",8,1974,"ppt",47.7
"Wanang",9,1974,"tmin",19.8
"Wanang",9,1974,"tmax",31.6
"Wanang",9,1974,"tavg",25.7
"Wanang",9,1974,"ppt",74.4
"Wanang",10,1974,"tmin",20.4
"Wanang",10,1974,"tmax",30
"Wanang",10,1974,"tavg",25.2
"Wanang",10,1974,"ppt",244.2
"Wanang",11,1974,"tmin",20.4
"Wanang",11,1974,"tmax",29.1
"Wanang",11,1974,"tavg",24.75
"Wanang",11,1974,"ppt",348.1
"Wanang",12,1974,"tmin",20.6
"Wanang",12,1974,"tmax",28.7
"Wanang",12,1974,"tavg",24.65
"Wanang",12,1974,"ppt",432.2
"Yapsiei",1,1974,"tmin",20.8
"Yapsiei",1,1974,"tmax",30.2
"Yapsiei",1,1974,"tavg",25.5
"Yapsiei",1,1974,"ppt",238.4
"Yapsiei",2,1974,"tmin",21.4
"Yapsiei",2,1974,"tmax",29.9
"Yapsiei",2,1974,"tavg",25.65
"Yapsiei",2,1974,"ppt",356.6
"Yapsiei",3,1974,"tmin",21.2
"Yapsiei",3,1974,"tmax",30.4
"Yapsiei",3,1974,"tavg",25.8
"Yapsiei",3,1974,"ppt",250.8
"Yapsiei",4,1974,"tmin",21.2
"Yapsiei",4,1974,"tmax",30
"Yapsiei",4,1974,"tavg",25.6
"Yapsiei",4,1974,"ppt",238.2
"Yapsiei",5,1974,"tmin",21.3
"Yapsiei",5,1974,"tmax",30.2
"Yapsiei",5,1974,"tavg",25.75
"Yapsiei",5,1974,"ppt",237.8
"Yapsiei",6,1974,"tmin",20.7
"Yapsiei",6,1974,"tmax",29
"Yapsiei",6,1974,"tavg",24.85
"Yapsiei",6,1974,"ppt",161.3
"Yapsiei",7,1974,"tmin",20.6
"Yapsiei",7,1974,"tmax",28.9
"Yapsiei",7,1974,"tavg",24.75
"Yapsiei",7,1974,"ppt",288.8
"Yapsiei",8,1974,"tmin",20.9
"Yapsiei",8,1974,"tmax",29.5
"Yapsiei",8,1974,"tavg",25.2
"Yapsiei",8,1974,"ppt",186.7
"Yapsiei",9,1974,"tmin",20.6
"Yapsiei",9,1974,"tmax",30.1
"Yapsiei",9,1974,"tavg",25.35
"Yapsiei",9,1974,"ppt",165.8
"Yapsiei",10,1974,"tmin",21.3
"Yapsiei",10,1974,"tmax",29.8
"Yapsiei",10,1974,"tavg",25.55
"Yapsiei",10,1974,"ppt",285.4
"Yapsiei",11,1974,"tmin",21.3
"Yapsiei",11,1974,"tmax",30.3
"Yapsiei",11,1974,"tavg",25.8
"Yapsiei",11,1974,"ppt",230
"Yapsiei",12,1974,"tmin",21.1
"Yapsiei",12,1974,"tmax",30
"Yapsiei",12,1974,"tavg",25.55
"Yapsiei",12,1974,"ppt",300.4
"Elem",1,1975,"tmin",20
"Elem",1,1975,"tmax",29.9
"Elem",1,1975,"tavg",24.95
"Elem",1,1975,"ppt",367.3
"Elem",2,1975,"tmin",19.9
"Elem",2,1975,"tmax",29.5
"Elem",2,1975,"tavg",24.7
"Elem",2,1975,"ppt",411.7
"Elem",3,1975,"tmin",19.7
"Elem",3,1975,"tmax",29.9
"Elem",3,1975,"tavg",24.8
"Elem",3,1975,"ppt",357.9
"Elem",4,1975,"tmin",20.1
"Elem",4,1975,"tmax",30.3
"Elem",4,1975,"tavg",25.2
"Elem",4,1975,"ppt",287.5
"Elem",5,1975,"tmin",19.9
"Elem",5,1975,"tmax",30.4
"Elem",5,1975,"tavg",25.15
"Elem",5,1975,"ppt",218.3
"Elem",6,1975,"tmin",19.6
"Elem",6,1975,"tmax",30
"Elem",6,1975,"tavg",24.8
"Elem",6,1975,"ppt",156.9
"Elem",7,1975,"tmin",18.7
"Elem",7,1975,"tmax",30.1
"Elem",7,1975,"tavg",24.4
"Elem",7,1975,"ppt",88.5
"Elem",8,1975,"tmin",19.1
"Elem",8,1975,"tmax",30.7
"Elem",8,1975,"tavg",24.9
"Elem",8,1975,"ppt",109.7
"Elem",9,1975,"tmin",19.3
"Elem",9,1975,"tmax",31.4
"Elem",9,1975,"tavg",25.35
"Elem",9,1975,"ppt",131.7
"Elem",10,1975,"tmin",19.3
"Elem",10,1975,"tmax",30.8
"Elem",10,1975,"tavg",25.05
"Elem",10,1975,"ppt",189.6
"Elem",11,1975,"tmin",19.5
"Elem",11,1975,"tmax",30.5
"Elem",11,1975,"tavg",25
"Elem",11,1975,"ppt",256.2
"Elem",12,1975,"tmin",19.8
"Elem",12,1975,"tmax",30.2
"Elem",12,1975,"tavg",25
"Elem",12,1975,"ppt",267.6
"Morox",1,1975,"tmin",21.7
"Morox",1,1975,"tmax",31.1
"Morox",1,1975,"tavg",26.4
"Morox",1,1975,"ppt",232.6
"Morox",2,1975,"tmin",21.5
"Morox",2,1975,"tmax",30.2
"Morox",2,1975,"tavg",25.85
"Morox",2,1975,"ppt",264.3
"Morox",3,1975,"tmin",21.3
"Morox",3,1975,"tmax",30.4
"Morox",3,1975,"tavg",25.85
"Morox",3,1975,"ppt",249.8
"Morox",4,1975,"tmin",21.4
"Morox",4,1975,"tmax",31.1
"Morox",4,1975,"tavg",26.25
"Morox",4,1975,"ppt",176.1
"Morox",5,1975,"tmin",21.5
"Morox",5,1975,"tmax",31.6
"Morox",5,1975,"tavg",26.55
"Morox",5,1975,"ppt",125.7
"Morox",6,1975,"tmin",20.9
"Morox",6,1975,"tmax",31
"Morox",6,1975,"tavg",25.95
"Morox",6,1975,"ppt",108.9
"Morox",7,1975,"tmin",20.7
"Morox",7,1975,"tmax",31
"Morox",7,1975,"tavg",25.85
"Morox",7,1975,"ppt",66.3
"Morox",8,1975,"tmin",20.7
"Morox",8,1975,"tmax",31.6
"Morox",8,1975,"tavg",26.15
"Morox",8,1975,"ppt",93.8
"Morox",9,1975,"tmin",21.1
"Morox",9,1975,"tmax",31.9
"Morox",9,1975,"tavg",26.5
"Morox",9,1975,"ppt",84
"Morox",10,1975,"tmin",21.6
"Morox",10,1975,"tmax",31.4
"Morox",10,1975,"tavg",26.5
"Morox",10,1975,"ppt",126.9
"Morox",11,1975,"tmin",21.6
"Morox",11,1975,"tmax",31.1
"Morox",11,1975,"tavg",26.35
"Morox",11,1975,"ppt",226
"Morox",12,1975,"tmin",21.6
"Morox",12,1975,"tmax",31.2
"Morox",12,1975,"tavg",26.4
"Morox",12,1975,"ppt",186
"Niksek",1,1975,"tmin",20.5
"Niksek",1,1975,"tmax",30.4
"Niksek",1,1975,"tavg",25.45
"Niksek",1,1975,"ppt",291.2
"Niksek",2,1975,"tmin",20.6
"Niksek",2,1975,"tmax",29.7
"Niksek",2,1975,"tavg",25.15
"Niksek",2,1975,"ppt",310.2
"Niksek",3,1975,"tmin",20.7
"Niksek",3,1975,"tmax",30.1
"Niksek",3,1975,"tavg",25.4
"Niksek",3,1975,"ppt",351.9
"Niksek",4,1975,"tmin",21
"Niksek",4,1975,"tmax",30.6
"Niksek",4,1975,"tavg",25.8
"Niksek",4,1975,"ppt",331.4
"Niksek",5,1975,"tmin",21
"Niksek",5,1975,"tmax",30.6
"Niksek",5,1975,"tavg",25.8
"Niksek",5,1975,"ppt",197.9
"Niksek",6,1975,"tmin",20.8
"Niksek",6,1975,"tmax",30
"Niksek",6,1975,"tavg",25.4
"Niksek",6,1975,"ppt",179.7
"Niksek",7,1975,"tmin",19.9
"Niksek",7,1975,"tmax",29.6
"Niksek",7,1975,"tavg",24.75
"Niksek",7,1975,"ppt",146.2
"Niksek",8,1975,"tmin",20.3
"Niksek",8,1975,"tmax",30.6
"Niksek",8,1975,"tavg",25.45
"Niksek",8,1975,"ppt",181.8
"Niksek",9,1975,"tmin",20.6
"Niksek",9,1975,"tmax",30.8
"Niksek",9,1975,"tavg",25.7
"Niksek",9,1975,"ppt",175.7
"Niksek",10,1975,"tmin",20.8
"Niksek",10,1975,"tmax",30.3
"Niksek",10,1975,"tavg",25.55
"Niksek",10,1975,"ppt",271.2
"Niksek",11,1975,"tmin",20.7
"Niksek",11,1975,"tmax",31
"Niksek",11,1975,"tavg",25.85
"Niksek",11,1975,"ppt",187
"Niksek",12,1975,"tmin",20.8
"Niksek",12,1975,"tmax",30
"Niksek",12,1975,"tavg",25.4
"Niksek",12,1975,"ppt",215.2
"Ohu",1,1975,"tmin",21.6
"Ohu",1,1975,"tmax",29.3
"Ohu",1,1975,"tavg",25.45
"Ohu",1,1975,"ppt",379.1
"Ohu",2,1975,"tmin",21.5
"Ohu",2,1975,"tmax",29.1
"Ohu",2,1975,"tavg",25.3
"Ohu",2,1975,"ppt",372
"Ohu",3,1975,"tmin",21.6
"Ohu",3,1975,"tmax",28.8
"Ohu",3,1975,"tavg",25.2
"Ohu",3,1975,"ppt",359.9
"Ohu",4,1975,"tmin",21.5
"Ohu",4,1975,"tmax",29.3
"Ohu",4,1975,"tavg",25.4
"Ohu",4,1975,"ppt",276.4
"Ohu",5,1975,"tmin",21.3
"Ohu",5,1975,"tmax",29.2
"Ohu",5,1975,"tavg",25.25
"Ohu",5,1975,"ppt",172.8
"Ohu",6,1975,"tmin",20.9
"Ohu",6,1975,"tmax",28.4
"Ohu",6,1975,"tavg",24.65
"Ohu",6,1975,"ppt",212.1
"Ohu",7,1975,"tmin",20.7
"Ohu",7,1975,"tmax",28.5
"Ohu",7,1975,"tavg",24.6
"Ohu",7,1975,"ppt",56.1
"Ohu",8,1975,"tmin",20.8
"Ohu",8,1975,"tmax",28.5
"Ohu",8,1975,"tavg",24.65
"Ohu",8,1975,"ppt",128.2
"Ohu",9,1975,"tmin",21.2
"Ohu",9,1975,"tmax",29.5
"Ohu",9,1975,"tavg",25.35
"Ohu",9,1975,"ppt",130.6
"Ohu",10,1975,"tmin",21.3
"Ohu",10,1975,"tmax",29.5
"Ohu",10,1975,"tavg",25.4
"Ohu",10,1975,"ppt",173
"Ohu",11,1975,"tmin",21.1
"Ohu",11,1975,"tmax",29.6
"Ohu",11,1975,"tavg",25.35
"Ohu",11,1975,"ppt",244.9
"Ohu",12,1975,"tmin",21.3
"Ohu",12,1975,"tmax",29.3
"Ohu",12,1975,"tavg",25.3
"Ohu",12,1975,"ppt",229.3
"Utai",1,1975,"tmin",21.4
"Utai",1,1975,"tmax",29
"Utai",1,1975,"tavg",25.2
"Utai",1,1975,"ppt",257.2
"Utai",2,1975,"tmin",21.4
"Utai",2,1975,"tmax",28.5
"Utai",2,1975,"tavg",24.95
"Utai",2,1975,"ppt",243.5
"Utai",3,1975,"tmin",21.5
"Utai",3,1975,"tmax",29
"Utai",3,1975,"tavg",25.25
"Utai",3,1975,"ppt",299.7
"Utai",4,1975,"tmin",21.6
"Utai",4,1975,"tmax",29.6
"Utai",4,1975,"tavg",25.6
"Utai",4,1975,"ppt",239.8
"Utai",5,1975,"tmin",21.3
"Utai",5,1975,"tmax",29.5
"Utai",5,1975,"tavg",25.4
"Utai",5,1975,"ppt",198.1
"Utai",6,1975,"tmin",21.1
"Utai",6,1975,"tmax",28.6
"Utai",6,1975,"tavg",24.85
"Utai",6,1975,"ppt",154
"Utai",7,1975,"tmin",20.8
"Utai",7,1975,"tmax",28.3
"Utai",7,1975,"tavg",24.55
"Utai",7,1975,"ppt",98.3
"Utai",8,1975,"tmin",21
"Utai",8,1975,"tmax",29
"Utai",8,1975,"tavg",25
"Utai",8,1975,"ppt",153.7
"Utai",9,1975,"tmin",21.3
"Utai",9,1975,"tmax",29.2
"Utai",9,1975,"tavg",25.25
"Utai",9,1975,"ppt",140.8
"Utai",10,1975,"tmin",21.4
"Utai",10,1975,"tmax",29.2
"Utai",10,1975,"tavg",25.3
"Utai",10,1975,"ppt",170.5
"Utai",11,1975,"tmin",21.3
"Utai",11,1975,"tmax",29.2
"Utai",11,1975,"tavg",25.25
"Utai",11,1975,"ppt",225.4
"Utai",12,1975,"tmin",21.1
"Utai",12,1975,"tmax",29
"Utai",12,1975,"tavg",25.05
"Utai",12,1975,"ppt",320.8
"Wamangu",1,1975,"tmin",21.6
"Wamangu",1,1975,"tmax",31
"Wamangu",1,1975,"tavg",26.3
"Wamangu",1,1975,"ppt",192.5
"Wamangu",2,1975,"tmin",21.5
"Wamangu",2,1975,"tmax",29.8
"Wamangu",2,1975,"tavg",25.65
"Wamangu",2,1975,"ppt",182.3
"Wamangu",3,1975,"tmin",21.2
"Wamangu",3,1975,"tmax",30.4
"Wamangu",3,1975,"tavg",25.8
"Wamangu",3,1975,"ppt",222.3
"Wamangu",4,1975,"tmin",21.4
"Wamangu",4,1975,"tmax",30.9
"Wamangu",4,1975,"tavg",26.15
"Wamangu",4,1975,"ppt",178.3
"Wamangu",5,1975,"tmin",21.4
"Wamangu",5,1975,"tmax",31.3
"Wamangu",5,1975,"tavg",26.35
"Wamangu",5,1975,"ppt",137.4
"Wamangu",6,1975,"tmin",20.9
"Wamangu",6,1975,"tmax",30.7
"Wamangu",6,1975,"tavg",25.8
"Wamangu",6,1975,"ppt",108.6
"Wamangu",7,1975,"tmin",20.7
"Wamangu",7,1975,"tmax",30.6
"Wamangu",7,1975,"tavg",25.65
"Wamangu",7,1975,"ppt",80.2
"Wamangu",8,1975,"tmin",20.5
"Wamangu",8,1975,"tmax",31.3
"Wamangu",8,1975,"tavg",25.9
"Wamangu",8,1975,"ppt",113.9
"Wamangu",9,1975,"tmin",21.1
"Wamangu",9,1975,"tmax",31.7
"Wamangu",9,1975,"tavg",26.4
"Wamangu",9,1975,"ppt",101.1
"Wamangu",10,1975,"tmin",21.5
"Wamangu",10,1975,"tmax",30.9
"Wamangu",10,1975,"tavg",26.2
"Wamangu",10,1975,"ppt",164.3
"Wamangu",11,1975,"tmin",21.3
"Wamangu",11,1975,"tmax",31
"Wamangu",11,1975,"tavg",26.15
"Wamangu",11,1975,"ppt",186.6
"Wamangu",12,1975,"tmin",21.2
"Wamangu",12,1975,"tmax",30.8
"Wamangu",12,1975,"tavg",26
"Wamangu",12,1975,"ppt",177.2
"Wanang",1,1975,"tmin",20.5
"Wanang",1,1975,"tmax",28.3
"Wanang",1,1975,"tavg",24.4
"Wanang",1,1975,"ppt",481.6
"Wanang",2,1975,"tmin",20.5
"Wanang",2,1975,"tmax",28.6
"Wanang",2,1975,"tavg",24.55
"Wanang",2,1975,"ppt",418.9
"Wanang",3,1975,"tmin",20.6
"Wanang",3,1975,"tmax",28.8
"Wanang",3,1975,"tavg",24.7
"Wanang",3,1975,"ppt",351.1
"Wanang",4,1975,"tmin",20.5
"Wanang",4,1975,"tmax",29.2
"Wanang",4,1975,"tavg",24.85
"Wanang",4,1975,"ppt",349.7
"Wanang",5,1975,"tmin",20.5
"Wanang",5,1975,"tmax",29.2
"Wanang",5,1975,"tavg",24.85
"Wanang",5,1975,"ppt",224.8
"Wanang",6,1975,"tmin",19.6
"Wanang",6,1975,"tmax",28.5
"Wanang",6,1975,"tavg",24.05
"Wanang",6,1975,"ppt",224.3
"Wanang",7,1975,"tmin",19.1
"Wanang",7,1975,"tmax",29
"Wanang",7,1975,"tavg",24.05
"Wanang",7,1975,"ppt",73.7
"Wanang",8,1975,"tmin",19.6
"Wanang",8,1975,"tmax",28.7
"Wanang",8,1975,"tavg",24.15
"Wanang",8,1975,"ppt",148.1
"Wanang",9,1975,"tmin",19.9
"Wanang",9,1975,"tmax",30.1
"Wanang",9,1975,"tavg",25
"Wanang",9,1975,"ppt",125.2
"Wanang",10,1975,"tmin",20.2
"Wanang",10,1975,"tmax",30.1
"Wanang",10,1975,"tavg",25.15
"Wanang",10,1975,"ppt",149.1
"Wanang",11,1975,"tmin",20
"Wanang",11,1975,"tmax",29.6
"Wanang",11,1975,"tavg",24.8
"Wanang",11,1975,"ppt",293.2
"Wanang",12,1975,"tmin",20.1
"Wanang",12,1975,"tmax",29.4
"Wanang",12,1975,"tavg",24.75
"Wanang",12,1975,"ppt",274.5
"Yapsiei",1,1975,"tmin",21.5
"Yapsiei",1,1975,"tmax",29.8
"Yapsiei",1,1975,"tavg",25.65
"Yapsiei",1,1975,"ppt",380.6
"Yapsiei",2,1975,"tmin",21.3
"Yapsiei",2,1975,"tmax",29.4
"Yapsiei",2,1975,"tavg",25.35
"Yapsiei",2,1975,"ppt",279.8
"Yapsiei",3,1975,"tmin",21.3
"Yapsiei",3,1975,"tmax",29.7
"Yapsiei",3,1975,"tavg",25.5
"Yapsiei",3,1975,"ppt",366.5
"Yapsiei",4,1975,"tmin",21.6
"Yapsiei",4,1975,"tmax",30.3
"Yapsiei",4,1975,"tavg",25.95
"Yapsiei",4,1975,"ppt",402.7
"Yapsiei",5,1975,"tmin",21.3
"Yapsiei",5,1975,"tmax",30.3
"Yapsiei",5,1975,"tavg",25.8
"Yapsiei",5,1975,"ppt",245.2
"Yapsiei",6,1975,"tmin",21
"Yapsiei",6,1975,"tmax",29.7
"Yapsiei",6,1975,"tavg",25.35
"Yapsiei",6,1975,"ppt",215.7
"Yapsiei",7,1975,"tmin",20.2
"Yapsiei",7,1975,"tmax",29.3
"Yapsiei",7,1975,"tavg",24.75
"Yapsiei",7,1975,"ppt",185.6
"Yapsiei",8,1975,"tmin",20.8
"Yapsiei",8,1975,"tmax",29.6
"Yapsiei",8,1975,"tavg",25.2
"Yapsiei",8,1975,"ppt",282.3
"Yapsiei",9,1975,"tmin",20.8
"Yapsiei",9,1975,"tmax",30
"Yapsiei",9,1975,"tavg",25.4
"Yapsiei",9,1975,"ppt",346.8
"Yapsiei",10,1975,"tmin",21
"Yapsiei",10,1975,"tmax",30.3
"Yapsiei",10,1975,"tavg",25.65
"Yapsiei",10,1975,"ppt",139.2
"Yapsiei",11,1975,"tmin",21
"Yapsiei",11,1975,"tmax",30.6
"Yapsiei",11,1975,"tavg",25.8
"Yapsiei",11,1975,"ppt",224
"Yapsiei",12,1975,"tmin",21.1
"Yapsiei",12,1975,"tmax",29.7
"Yapsiei",12,1975,"tavg",25.4
"Yapsiei",12,1975,"ppt",365
"Elem",1,1976,"tmin",19.7
"Elem",1,1976,"tmax",30.5
"Elem",1,1976,"tavg",25.1
"Elem",1,1976,"ppt",259.9
"Elem",2,1976,"tmin",19.8
"Elem",2,1976,"tmax",29.7
"Elem",2,1976,"tavg",24.75
"Elem",2,1976,"ppt",399.7
"Elem",3,1976,"tmin",19.8
"Elem",3,1976,"tmax",30.1
"Elem",3,1976,"tavg",24.95
"Elem",3,1976,"ppt",400.5
"Elem",4,1976,"tmin",19.7
"Elem",4,1976,"tmax",29.9
"Elem",4,1976,"tavg",24.8
"Elem",4,1976,"ppt",299.3
"Elem",5,1976,"tmin",19.8
"Elem",5,1976,"tmax",30.2
"Elem",5,1976,"tavg",25
"Elem",5,1976,"ppt",232.8
"Elem",6,1976,"tmin",19.4
"Elem",6,1976,"tmax",29.7
"Elem",6,1976,"tavg",24.55
"Elem",6,1976,"ppt",177.3
"Elem",7,1976,"tmin",19.5
"Elem",7,1976,"tmax",29.7
"Elem",7,1976,"tavg",24.6
"Elem",7,1976,"ppt",120.3
"Elem",8,1976,"tmin",19.6
"Elem",8,1976,"tmax",30.1
"Elem",8,1976,"tavg",24.85
"Elem",8,1976,"ppt",174.7
"Elem",9,1976,"tmin",20.1
"Elem",9,1976,"tmax",30.6
"Elem",9,1976,"tavg",25.35
"Elem",9,1976,"ppt",186.9
"Elem",10,1976,"tmin",19.8
"Elem",10,1976,"tmax",30.8
"Elem",10,1976,"tavg",25.3
"Elem",10,1976,"ppt",263.7
"Elem",11,1976,"tmin",20.1
"Elem",11,1976,"tmax",31.4
"Elem",11,1976,"tavg",25.75
"Elem",11,1976,"ppt",257.4
"Elem",12,1976,"tmin",20.4
"Elem",12,1976,"tmax",30.2
"Elem",12,1976,"tavg",25.3
"Elem",12,1976,"ppt",414
"Morox",1,1976,"tmin",21.8
"Morox",1,1976,"tmax",31.3
"Morox",1,1976,"tavg",26.55
"Morox",1,1976,"ppt",173.1
"Morox",2,1976,"tmin",21.5
"Morox",2,1976,"tmax",30.5
"Morox",2,1976,"tavg",26
"Morox",2,1976,"ppt",228.9
"Morox",3,1976,"tmin",21.4
"Morox",3,1976,"tmax",30.8
"Morox",3,1976,"tavg",26.1
"Morox",3,1976,"ppt",265.4
"Morox",4,1976,"tmin",21.2
"Morox",4,1976,"tmax",30.6
"Morox",4,1976,"tavg",25.9
"Morox",4,1976,"ppt",188.7
"Morox",5,1976,"tmin",21.5
"Morox",5,1976,"tmax",31.3
"Morox",5,1976,"tavg",26.4
"Morox",5,1976,"ppt",145.6
"Morox",6,1976,"tmin",20.8
"Morox",6,1976,"tmax",30.7
"Morox",6,1976,"tavg",25.75
"Morox",6,1976,"ppt",102
"Morox",7,1976,"tmin",20.6
"Morox",7,1976,"tmax",31
"Morox",7,1976,"tavg",25.8
"Morox",7,1976,"ppt",70.4
"Morox",8,1976,"tmin",20.5
"Morox",8,1976,"tmax",31.6
"Morox",8,1976,"tavg",26.05
"Morox",8,1976,"ppt",94.5
"Morox",9,1976,"tmin",20.9
"Morox",9,1976,"tmax",32
"Morox",9,1976,"tavg",26.45
"Morox",9,1976,"ppt",99.6
"Morox",10,1976,"tmin",21.8
"Morox",10,1976,"tmax",31.8
"Morox",10,1976,"tavg",26.8
"Morox",10,1976,"ppt",181.5
"Morox",11,1976,"tmin",21.9
"Morox",11,1976,"tmax",32.2
"Morox",11,1976,"tavg",27.05
"Morox",11,1976,"ppt",182
"Morox",12,1976,"tmin",22.1
"Morox",12,1976,"tmax",31.3
"Morox",12,1976,"tavg",26.7
"Morox",12,1976,"ppt",267.2
"Niksek",1,1976,"tmin",20.3
"Niksek",1,1976,"tmax",30.4
"Niksek",1,1976,"tavg",25.35
"Niksek",1,1976,"ppt",240
"Niksek",2,1976,"tmin",20.5
"Niksek",2,1976,"tmax",30.3
"Niksek",2,1976,"tavg",25.4
"Niksek",2,1976,"ppt",355.6
"Niksek",3,1976,"tmin",20.6
"Niksek",3,1976,"tmax",30.5
"Niksek",3,1976,"tavg",25.55
"Niksek",3,1976,"ppt",444
"Niksek",4,1976,"tmin",20.7
"Niksek",4,1976,"tmax",30.7
"Niksek",4,1976,"tavg",25.7
"Niksek",4,1976,"ppt",248.5
"Niksek",5,1976,"tmin",21
"Niksek",5,1976,"tmax",30.7
"Niksek",5,1976,"tavg",25.85
"Niksek",5,1976,"ppt",245.2
"Niksek",6,1976,"tmin",20.7
"Niksek",6,1976,"tmax",29.8
"Niksek",6,1976,"tavg",25.25
"Niksek",6,1976,"ppt",212.7
"Niksek",7,1976,"tmin",20.6
"Niksek",7,1976,"tmax",29.3
"Niksek",7,1976,"tavg",24.95
"Niksek",7,1976,"ppt",182
"Niksek",8,1976,"tmin",20.4
"Niksek",8,1976,"tmax",30.3
"Niksek",8,1976,"tavg",25.35
"Niksek",8,1976,"ppt",260.7
"Niksek",9,1976,"tmin",20.8
"Niksek",9,1976,"tmax",30.5
"Niksek",9,1976,"tavg",25.65
"Niksek",9,1976,"ppt",238.9
"Niksek",10,1976,"tmin",21
"Niksek",10,1976,"tmax",30.7
"Niksek",10,1976,"tavg",25.85
"Niksek",10,1976,"ppt",288
"Niksek",11,1976,"tmin",21.2
"Niksek",11,1976,"tmax",31.3
"Niksek",11,1976,"tavg",26.25
"Niksek",11,1976,"ppt",211.2
"Niksek",12,1976,"tmin",21.1
"Niksek",12,1976,"tmax",30.3
"Niksek",12,1976,"tavg",25.7
"Niksek",12,1976,"ppt",347
"Ohu",1,1976,"tmin",21.6
"Ohu",1,1976,"tmax",29.9
"Ohu",1,1976,"tavg",25.75
"Ohu",1,1976,"ppt",220.7
"Ohu",2,1976,"tmin",21.5
"Ohu",2,1976,"tmax",29.2
"Ohu",2,1976,"tavg",25.35
"Ohu",2,1976,"ppt",342.1
"Ohu",3,1976,"tmin",21.6
"Ohu",3,1976,"tmax",29
"Ohu",3,1976,"tavg",25.3
"Ohu",3,1976,"ppt",340.7
"Ohu",4,1976,"tmin",21.3
"Ohu",4,1976,"tmax",28.5
"Ohu",4,1976,"tavg",24.9
"Ohu",4,1976,"ppt",350.1
"Ohu",5,1976,"tmin",21.2
"Ohu",5,1976,"tmax",28.6
"Ohu",5,1976,"tavg",24.9
"Ohu",5,1976,"ppt",267.6
"Ohu",6,1976,"tmin",20.5
"Ohu",6,1976,"tmax",28.1
"Ohu",6,1976,"tavg",24.3
"Ohu",6,1976,"ppt",158.6
"Ohu",7,1976,"tmin",20.5
"Ohu",7,1976,"tmax",28.2
"Ohu",7,1976,"tavg",24.35
"Ohu",7,1976,"ppt",137
"Ohu",8,1976,"tmin",20.5
"Ohu",8,1976,"tmax",28.1
"Ohu",8,1976,"tavg",24.3
"Ohu",8,1976,"ppt",107.9
"Ohu",9,1976,"tmin",21
"Ohu",9,1976,"tmax",28.9
"Ohu",9,1976,"tavg",24.95
"Ohu",9,1976,"ppt",310.8
"Ohu",10,1976,"tmin",21.6
"Ohu",10,1976,"tmax",29.8
"Ohu",10,1976,"tavg",25.7
"Ohu",10,1976,"ppt",292.4
"Ohu",11,1976,"tmin",21.7
"Ohu",11,1976,"tmax",30.7
"Ohu",11,1976,"tavg",26.2
"Ohu",11,1976,"ppt",169.5
"Ohu",12,1976,"tmin",21.9
"Ohu",12,1976,"tmax",29.6
"Ohu",12,1976,"tavg",25.75
"Ohu",12,1976,"ppt",318.2
"Utai",1,1976,"tmin",21.4
"Utai",1,1976,"tmax",29.4
"Utai",1,1976,"tavg",25.4
"Utai",1,1976,"ppt",177.6
"Utai",2,1976,"tmin",21.5
"Utai",2,1976,"tmax",28.9
"Utai",2,1976,"tavg",25.2
"Utai",2,1976,"ppt",215.9
"Utai",3,1976,"tmin",21.6
"Utai",3,1976,"tmax",29.1
"Utai",3,1976,"tavg",25.35
"Utai",3,1976,"ppt",264.9
"Utai",4,1976,"tmin",21.4
"Utai",4,1976,"tmax",29.3
"Utai",4,1976,"tavg",25.35
"Utai",4,1976,"ppt",167.7
"Utai",5,1976,"tmin",21.4
"Utai",5,1976,"tmax",29.5
"Utai",5,1976,"tavg",25.45
"Utai",5,1976,"ppt",171.6
"Utai",6,1976,"tmin",20.8
"Utai",6,1976,"tmax",28.4
"Utai",6,1976,"tavg",24.6
"Utai",6,1976,"ppt",128.7
"Utai",7,1976,"tmin",20.9
"Utai",7,1976,"tmax",28
"Utai",7,1976,"tavg",24.45
"Utai",7,1976,"ppt",100.9
"Utai",8,1976,"tmin",20.9
"Utai",8,1976,"tmax",28.3
"Utai",8,1976,"tavg",24.6
"Utai",8,1976,"ppt",161.5
"Utai",9,1976,"tmin",21.4
"Utai",9,1976,"tmax",28.8
"Utai",9,1976,"tavg",25.1
"Utai",9,1976,"ppt",155.9
"Utai",10,1976,"tmin",21.6
"Utai",10,1976,"tmax",29.2
"Utai",10,1976,"tavg",25.4
"Utai",10,1976,"ppt",222.4
"Utai",11,1976,"tmin",21.6
"Utai",11,1976,"tmax",29.9
"Utai",11,1976,"tavg",25.75
"Utai",11,1976,"ppt",200.8
"Utai",12,1976,"tmin",21.4
"Utai",12,1976,"tmax",29.2
"Utai",12,1976,"tavg",25.3
"Utai",12,1976,"ppt",267.1
"Wamangu",1,1976,"tmin",21.6
"Wamangu",1,1976,"tmax",31.1
"Wamangu",1,1976,"tavg",26.35
"Wamangu",1,1976,"ppt",150.4
"Wamangu",2,1976,"tmin",21.4
"Wamangu",2,1976,"tmax",30.3
"Wamangu",2,1976,"tavg",25.85
"Wamangu",2,1976,"ppt",152.1
"Wamangu",3,1976,"tmin",21.5
"Wamangu",3,1976,"tmax",30.9
"Wamangu",3,1976,"tavg",26.2
"Wamangu",3,1976,"ppt",204.7
"Wamangu",4,1976,"tmin",21.3
"Wamangu",4,1976,"tmax",30.6
"Wamangu",4,1976,"tavg",25.95
"Wamangu",4,1976,"ppt",165.2
"Wamangu",5,1976,"tmin",21.3
"Wamangu",5,1976,"tmax",31.1
"Wamangu",5,1976,"tavg",26.2
"Wamangu",5,1976,"ppt",152
"Wamangu",6,1976,"tmin",20.8
"Wamangu",6,1976,"tmax",30.3
"Wamangu",6,1976,"tavg",25.55
"Wamangu",6,1976,"ppt",114
"Wamangu",7,1976,"tmin",20.7
"Wamangu",7,1976,"tmax",30.5
"Wamangu",7,1976,"tavg",25.6
"Wamangu",7,1976,"ppt",75.3
"Wamangu",8,1976,"tmin",20.4
"Wamangu",8,1976,"tmax",31.3
"Wamangu",8,1976,"tavg",25.85
"Wamangu",8,1976,"ppt",122.6
"Wamangu",9,1976,"tmin",20.9
"Wamangu",9,1976,"tmax",31.9
"Wamangu",9,1976,"tavg",26.4
"Wamangu",9,1976,"ppt",114.6
"Wamangu",10,1976,"tmin",21.7
"Wamangu",10,1976,"tmax",31
"Wamangu",10,1976,"tavg",26.35
"Wamangu",10,1976,"ppt",223.1
"Wamangu",11,1976,"tmin",21.6
"Wamangu",11,1976,"tmax",31.7
"Wamangu",11,1976,"tavg",26.65
"Wamangu",11,1976,"ppt",143.6
"Wamangu",12,1976,"tmin",21.8
"Wamangu",12,1976,"tmax",30.9
"Wamangu",12,1976,"tavg",26.35
"Wamangu",12,1976,"ppt",211.4
"Wanang",1,1976,"tmin",20.4
"Wanang",1,1976,"tmax",29.1
"Wanang",1,1976,"tavg",24.75
"Wanang",1,1976,"ppt",308.6
"Wanang",2,1976,"tmin",20.4
"Wanang",2,1976,"tmax",28.6
"Wanang",2,1976,"tavg",24.5
"Wanang",2,1976,"ppt",350
"Wanang",3,1976,"tmin",20.6
"Wanang",3,1976,"tmax",28.6
"Wanang",3,1976,"tavg",24.6
"Wanang",3,1976,"ppt",454
"Wanang",4,1976,"tmin",20.4
"Wanang",4,1976,"tmax",28.1
"Wanang",4,1976,"tavg",24.25
"Wanang",4,1976,"ppt",392.2
"Wanang",5,1976,"tmin",20.3
"Wanang",5,1976,"tmax",28.6
"Wanang",5,1976,"tavg",24.45
"Wanang",5,1976,"ppt",243
"Wanang",6,1976,"tmin",19.5
"Wanang",6,1976,"tmax",28.1
"Wanang",6,1976,"tavg",23.8
"Wanang",6,1976,"ppt",174.1
"Wanang",7,1976,"tmin",19.7
"Wanang",7,1976,"tmax",28.3
"Wanang",7,1976,"tavg",24
"Wanang",7,1976,"ppt",99.4
"Wanang",8,1976,"tmin",19.9
"Wanang",8,1976,"tmax",28.7
"Wanang",8,1976,"tavg",24.3
"Wanang",8,1976,"ppt",117.5
"Wanang",9,1976,"tmin",20.6
"Wanang",9,1976,"tmax",29
"Wanang",9,1976,"tavg",24.8
"Wanang",9,1976,"ppt",230.4
"Wanang",10,1976,"tmin",20.6
"Wanang",10,1976,"tmax",30
"Wanang",10,1976,"tavg",25.3
"Wanang",10,1976,"ppt",261.2
"Wanang",11,1976,"tmin",20.7
"Wanang",11,1976,"tmax",30.9
"Wanang",11,1976,"tavg",25.8
"Wanang",11,1976,"ppt",209.3
"Wanang",12,1976,"tmin",20.9
"Wanang",12,1976,"tmax",29.3
"Wanang",12,1976,"tavg",25.1
"Wanang",12,1976,"ppt",378
"Yapsiei",1,1976,"tmin",21.2
"Yapsiei",1,1976,"tmax",30.3
"Yapsiei",1,1976,"tavg",25.75
"Yapsiei",1,1976,"ppt",302.2
"Yapsiei",2,1976,"tmin",21.1
"Yapsiei",2,1976,"tmax",29.7
"Yapsiei",2,1976,"tavg",25.4
"Yapsiei",2,1976,"ppt",333.2
"Yapsiei",3,1976,"tmin",21.4
"Yapsiei",3,1976,"tmax",29.9
"Yapsiei",3,1976,"tavg",25.65
"Yapsiei",3,1976,"ppt",367.2
"Yapsiei",4,1976,"tmin",21.2
"Yapsiei",4,1976,"tmax",30.2
"Yapsiei",4,1976,"tavg",25.7
"Yapsiei",4,1976,"ppt",302.3
"Yapsiei",5,1976,"tmin",21.4
"Yapsiei",5,1976,"tmax",30.3
"Yapsiei",5,1976,"tavg",25.85
"Yapsiei",5,1976,"ppt",292.1
"Yapsiei",6,1976,"tmin",20.8
"Yapsiei",6,1976,"tmax",29.2
"Yapsiei",6,1976,"tavg",25
"Yapsiei",6,1976,"ppt",236.9
"Yapsiei",7,1976,"tmin",21
"Yapsiei",7,1976,"tmax",28.6
"Yapsiei",7,1976,"tavg",24.8
"Yapsiei",7,1976,"ppt",244.4
"Yapsiei",8,1976,"tmin",20.9
"Yapsiei",8,1976,"tmax",29.1
"Yapsiei",8,1976,"tavg",25
"Yapsiei",8,1976,"ppt",338.5
"Yapsiei",9,1976,"tmin",21.1
"Yapsiei",9,1976,"tmax",29.6
"Yapsiei",9,1976,"tavg",25.35
"Yapsiei",9,1976,"ppt",294.2
"Yapsiei",10,1976,"tmin",21.3
"Yapsiei",10,1976,"tmax",30.5
"Yapsiei",10,1976,"tavg",25.9
"Yapsiei",10,1976,"ppt",290.9
"Yapsiei",11,1976,"tmin",21.4
"Yapsiei",11,1976,"tmax",30.9
"Yapsiei",11,1976,"tavg",26.15
"Yapsiei",11,1976,"ppt",223.2
"Yapsiei",12,1976,"tmin",21.4
"Yapsiei",12,1976,"tmax",30
"Yapsiei",12,1976,"tavg",25.7
"Yapsiei",12,1976,"ppt",424
"Elem",1,1977,"tmin",20.4
"Elem",1,1977,"tmax",30.6
"Elem",1,1977,"tavg",25.5
"Elem",1,1977,"ppt",388.2
"Elem",2,1977,"tmin",20.1
"Elem",2,1977,"tmax",30.8
"Elem",2,1977,"tavg",25.45
"Elem",2,1977,"ppt",485.1
"Elem",3,1977,"tmin",20.2
"Elem",3,1977,"tmax",30
"Elem",3,1977,"tavg",25.1
"Elem",3,1977,"ppt",478.7
"Elem",4,1977,"tmin",20.1
"Elem",4,1977,"tmax",30.7
"Elem",4,1977,"tavg",25.4
"Elem",4,1977,"ppt",320.7
"Elem",5,1977,"tmin",20
"Elem",5,1977,"tmax",30.5
"Elem",5,1977,"tavg",25.25
"Elem",5,1977,"ppt",265.8
"Elem",6,1977,"tmin",19.8
"Elem",6,1977,"tmax",30.5
"Elem",6,1977,"tavg",25.15
"Elem",6,1977,"ppt",156.4
"Elem",7,1977,"tmin",19.7
"Elem",7,1977,"tmax",29.7
"Elem",7,1977,"tavg",24.7
"Elem",7,1977,"ppt",178.3
"Elem",8,1977,"tmin",19.8
"Elem",8,1977,"tmax",30.3
"Elem",8,1977,"tavg",25.05
"Elem",8,1977,"ppt",195
"Elem",9,1977,"tmin",19.9
"Elem",9,1977,"tmax",30.8
"Elem",9,1977,"tavg",25.35
"Elem",9,1977,"ppt",153.9
"Elem",10,1977,"tmin",20.4
"Elem",10,1977,"tmax",30.6
"Elem",10,1977,"tavg",25.5
"Elem",10,1977,"ppt",309.2
"Elem",11,1977,"tmin",19.9
"Elem",11,1977,"tmax",30.7
"Elem",11,1977,"tavg",25.3
"Elem",11,1977,"ppt",353.8
"Elem",12,1977,"tmin",20.5
"Elem",12,1977,"tmax",30.9
"Elem",12,1977,"tavg",25.7
"Elem",12,1977,"ppt",436.9
"Morox",1,1977,"tmin",21.9
"Morox",1,1977,"tmax",31.3
"Morox",1,1977,"tavg",26.6
"Morox",1,1977,"ppt",243.1
"Morox",2,1977,"tmin",21.7
"Morox",2,1977,"tmax",31.5
"Morox",2,1977,"tavg",26.6
"Morox",2,1977,"ppt",269.5
"Morox",3,1977,"tmin",21.8
"Morox",3,1977,"tmax",31
"Morox",3,1977,"tavg",26.4
"Morox",3,1977,"ppt",292.6
"Morox",4,1977,"tmin",21.6
"Morox",4,1977,"tmax",31.2
"Morox",4,1977,"tavg",26.4
"Morox",4,1977,"ppt",256.1
"Morox",5,1977,"tmin",21.6
"Morox",5,1977,"tmax",31.2
"Morox",5,1977,"tavg",26.4
"Morox",5,1977,"ppt",189
"Morox",6,1977,"tmin",21.3
"Morox",6,1977,"tmax",31.5
"Morox",6,1977,"tavg",26.4
"Morox",6,1977,"ppt",86.8
"Morox",7,1977,"tmin",20.8
"Morox",7,1977,"tmax",31.1
"Morox",7,1977,"tavg",25.95
"Morox",7,1977,"ppt",100.8
"Morox",8,1977,"tmin",20.6
"Morox",8,1977,"tmax",31.8
"Morox",8,1977,"tavg",26.2
"Morox",8,1977,"ppt",114.9
"Morox",9,1977,"tmin",21.1
"Morox",9,1977,"tmax",31.9
"Morox",9,1977,"tavg",26.5
"Morox",9,1977,"ppt",94.8
"Morox",10,1977,"tmin",21.8
"Morox",10,1977,"tmax",31.8
"Morox",10,1977,"tavg",26.8
"Morox",10,1977,"ppt",156.7
"Morox",11,1977,"tmin",21.8
"Morox",11,1977,"tmax",31.2
"Morox",11,1977,"tavg",26.5
"Morox",11,1977,"ppt",270.8
"Morox",12,1977,"tmin",22.1
"Morox",12,1977,"tmax",31.8
"Morox",12,1977,"tavg",26.95
"Morox",12,1977,"ppt",221.1
"Niksek",1,1977,"tmin",20.9
"Niksek",1,1977,"tmax",30.9
"Niksek",1,1977,"tavg",25.9
"Niksek",1,1977,"ppt",304.9
"Niksek",2,1977,"tmin",21
"Niksek",2,1977,"tmax",30.4
"Niksek",2,1977,"tavg",25.7
"Niksek",2,1977,"ppt",382.5
"Niksek",3,1977,"tmin",21
"Niksek",3,1977,"tmax",30.9
"Niksek",3,1977,"tavg",25.95
"Niksek",3,1977,"ppt",547.6
"Niksek",4,1977,"tmin",21.2
"Niksek",4,1977,"tmax",31
"Niksek",4,1977,"tavg",26.1
"Niksek",4,1977,"ppt",274.8
"Niksek",5,1977,"tmin",21.2
"Niksek",5,1977,"tmax",30.1
"Niksek",5,1977,"tavg",25.65
"Niksek",5,1977,"ppt",306
"Niksek",6,1977,"tmin",21.1
"Niksek",6,1977,"tmax",30.1
"Niksek",6,1977,"tavg",25.6
"Niksek",6,1977,"ppt",167.6
"Niksek",7,1977,"tmin",21
"Niksek",7,1977,"tmax",29.3
"Niksek",7,1977,"tavg",25.15
"Niksek",7,1977,"ppt",329.1
"Niksek",8,1977,"tmin",20.8
"Niksek",8,1977,"tmax",30.3
"Niksek",8,1977,"tavg",25.55
"Niksek",8,1977,"ppt",358.7
"Niksek",9,1977,"tmin",20.8
"Niksek",9,1977,"tmax",30.4
"Niksek",9,1977,"tavg",25.6
"Niksek",9,1977,"ppt",239.1
"Niksek",10,1977,"tmin",21.3
"Niksek",10,1977,"tmax",30.6
"Niksek",10,1977,"tavg",25.95
"Niksek",10,1977,"ppt",398.5
"Niksek",11,1977,"tmin",21.1
"Niksek",11,1977,"tmax",31
"Niksek",11,1977,"tavg",26.05
"Niksek",11,1977,"ppt",267.7
"Niksek",12,1977,"tmin",21.3
"Niksek",12,1977,"tmax",30.9
"Niksek",12,1977,"tavg",26.1
"Niksek",12,1977,"ppt",321.4
"Ohu",1,1977,"tmin",21.8
"Ohu",1,1977,"tmax",29.4
"Ohu",1,1977,"tavg",25.6
"Ohu",1,1977,"ppt",410.9
"Ohu",2,1977,"tmin",21.9
"Ohu",2,1977,"tmax",30
"Ohu",2,1977,"tavg",25.95
"Ohu",2,1977,"ppt",375
"Ohu",3,1977,"tmin",21.9
"Ohu",3,1977,"tmax",29.3
"Ohu",3,1977,"tavg",25.6
"Ohu",3,1977,"ppt",452.3
"Ohu",4,1977,"tmin",21.7
"Ohu",4,1977,"tmax",29.7
"Ohu",4,1977,"tavg",25.7
"Ohu",4,1977,"ppt",330.9
"Ohu",5,1977,"tmin",21.4
"Ohu",5,1977,"tmax",29
"Ohu",5,1977,"tavg",25.2
"Ohu",5,1977,"ppt",291.9
"Ohu",6,1977,"tmin",21
"Ohu",6,1977,"tmax",28.9
"Ohu",6,1977,"tavg",24.95
"Ohu",6,1977,"ppt",129.7
"Ohu",7,1977,"tmin",20.8
"Ohu",7,1977,"tmax",28.4
"Ohu",7,1977,"tavg",24.6
"Ohu",7,1977,"ppt",141
"Ohu",8,1977,"tmin",20.7
"Ohu",8,1977,"tmax",28.4
"Ohu",8,1977,"tavg",24.55
"Ohu",8,1977,"ppt",126.2
"Ohu",9,1977,"tmin",21.1
"Ohu",9,1977,"tmax",29.1
"Ohu",9,1977,"tavg",25.1
"Ohu",9,1977,"ppt",117.6
"Ohu",10,1977,"tmin",21.7
"Ohu",10,1977,"tmax",29.8
"Ohu",10,1977,"tavg",25.75
"Ohu",10,1977,"ppt",201.7
"Ohu",11,1977,"tmin",21.4
"Ohu",11,1977,"tmax",29.9
"Ohu",11,1977,"tavg",25.65
"Ohu",11,1977,"ppt",227.5
"Ohu",12,1977,"tmin",21.9
"Ohu",12,1977,"tmax",29.8
"Ohu",12,1977,"tavg",25.85
"Ohu",12,1977,"ppt",326.1
"Utai",1,1977,"tmin",21.7
"Utai",1,1977,"tmax",29.1
"Utai",1,1977,"tavg",25.4
"Utai",1,1977,"ppt",224
"Utai",2,1977,"tmin",21.8
"Utai",2,1977,"tmax",29.3
"Utai",2,1977,"tavg",25.55
"Utai",2,1977,"ppt",326.1
"Utai",3,1977,"tmin",22.1
"Utai",3,1977,"tmax",29.4
"Utai",3,1977,"tavg",25.75
"Utai",3,1977,"ppt",251.8
"Utai",4,1977,"tmin",21.8
"Utai",4,1977,"tmax",29
"Utai",4,1977,"tavg",25.4
"Utai",4,1977,"ppt",269
"Utai",5,1977,"tmin",21.6
"Utai",5,1977,"tmax",28.6
"Utai",5,1977,"tavg",25.1
"Utai",5,1977,"ppt",246.6
"Utai",6,1977,"tmin",21.2
"Utai",6,1977,"tmax",28.4
"Utai",6,1977,"tavg",24.8
"Utai",6,1977,"ppt",141
"Utai",7,1977,"tmin",21.1
"Utai",7,1977,"tmax",28.2
"Utai",7,1977,"tavg",24.65
"Utai",7,1977,"ppt",177.8
"Utai",8,1977,"tmin",21.2
"Utai",8,1977,"tmax",28.2
"Utai",8,1977,"tavg",24.7
"Utai",8,1977,"ppt",257.6
"Utai",9,1977,"tmin",21.4
"Utai",9,1977,"tmax",28.7
"Utai",9,1977,"tavg",25.05
"Utai",9,1977,"ppt",168
"Utai",10,1977,"tmin",21.5
"Utai",10,1977,"tmax",29
"Utai",10,1977,"tavg",25.25
"Utai",10,1977,"ppt",242.8
"Utai",11,1977,"tmin",21.7
"Utai",11,1977,"tmax",29.3
"Utai",11,1977,"tavg",25.5
"Utai",11,1977,"ppt",193.6
"Utai",12,1977,"tmin",21.8
"Utai",12,1977,"tmax",29.4
"Utai",12,1977,"tavg",25.6
"Utai",12,1977,"ppt",212.8
"Wamangu",1,1977,"tmin",21.9
"Wamangu",1,1977,"tmax",30.9
"Wamangu",1,1977,"tavg",26.4
"Wamangu",1,1977,"ppt",183.8
"Wamangu",2,1977,"tmin",21.7
"Wamangu",2,1977,"tmax",31
"Wamangu",2,1977,"tavg",26.35
"Wamangu",2,1977,"ppt",201.5
"Wamangu",3,1977,"tmin",21.8
"Wamangu",3,1977,"tmax",30.8
"Wamangu",3,1977,"tavg",26.3
"Wamangu",3,1977,"ppt",223.1
"Wamangu",4,1977,"tmin",21.7
"Wamangu",4,1977,"tmax",30.8
"Wamangu",4,1977,"tavg",26.25
"Wamangu",4,1977,"ppt",216.5
"Wamangu",5,1977,"tmin",21.5
"Wamangu",5,1977,"tmax",30.7
"Wamangu",5,1977,"tavg",26.1
"Wamangu",5,1977,"ppt",194.6
"Wamangu",6,1977,"tmin",21.2
"Wamangu",6,1977,"tmax",30.9
"Wamangu",6,1977,"tavg",26.05
"Wamangu",6,1977,"ppt",107.8
"Wamangu",7,1977,"tmin",20.8
"Wamangu",7,1977,"tmax",30.7
"Wamangu",7,1977,"tavg",25.75
"Wamangu",7,1977,"ppt",104.9
"Wamangu",8,1977,"tmin",20.5
"Wamangu",8,1977,"tmax",31.5
"Wamangu",8,1977,"tavg",26
"Wamangu",8,1977,"ppt",147.9
"Wamangu",9,1977,"tmin",21.1
"Wamangu",9,1977,"tmax",31.7
"Wamangu",9,1977,"tavg",26.4
"Wamangu",9,1977,"ppt",124
"Wamangu",10,1977,"tmin",21.7
"Wamangu",10,1977,"tmax",31.3
"Wamangu",10,1977,"tavg",26.5
"Wamangu",10,1977,"ppt",182.7
"Wamangu",11,1977,"tmin",21.6
"Wamangu",11,1977,"tmax",30.9
"Wamangu",11,1977,"tavg",26.25
"Wamangu",11,1977,"ppt",213.5
"Wamangu",12,1977,"tmin",21.9
"Wamangu",12,1977,"tmax",31.2
"Wamangu",12,1977,"tavg",26.55
"Wamangu",12,1977,"ppt",183.9
"Wanang",1,1977,"tmin",20.9
"Wanang",1,1977,"tmax",28.7
"Wanang",1,1977,"tavg",24.8
"Wanang",1,1977,"ppt",495.1
"Wanang",2,1977,"tmin",20.8
"Wanang",2,1977,"tmax",30.3
"Wanang",2,1977,"tavg",25.55
"Wanang",2,1977,"ppt",439.8
"Wanang",3,1977,"tmin",21
"Wanang",3,1977,"tmax",29
"Wanang",3,1977,"tavg",25
"Wanang",3,1977,"ppt",477.9
"Wanang",4,1977,"tmin",20.8
"Wanang",4,1977,"tmax",29.5
"Wanang",4,1977,"tavg",25.15
"Wanang",4,1977,"ppt",440.8
"Wanang",5,1977,"tmin",20.5
"Wanang",5,1977,"tmax",29
"Wanang",5,1977,"tavg",24.75
"Wanang",5,1977,"ppt",285.6
"Wanang",6,1977,"tmin",20.1
"Wanang",6,1977,"tmax",29.1
"Wanang",6,1977,"tavg",24.6
"Wanang",6,1977,"ppt",139.2
"Wanang",7,1977,"tmin",20
"Wanang",7,1977,"tmax",28.5
"Wanang",7,1977,"tavg",24.25
"Wanang",7,1977,"ppt",161.7
"Wanang",8,1977,"tmin",20
"Wanang",8,1977,"tmax",28.6
"Wanang",8,1977,"tavg",24.3
"Wanang",8,1977,"ppt",175.9
"Wanang",9,1977,"tmin",20.1
"Wanang",9,1977,"tmax",29.2
"Wanang",9,1977,"tavg",24.65
"Wanang",9,1977,"ppt",181.4
"Wanang",10,1977,"tmin",20.8
"Wanang",10,1977,"tmax",29.7
"Wanang",10,1977,"tavg",25.25
"Wanang",10,1977,"ppt",289.2
"Wanang",11,1977,"tmin",20.5
"Wanang",11,1977,"tmax",30.1
"Wanang",11,1977,"tavg",25.3
"Wanang",11,1977,"ppt",305.5
"Wanang",12,1977,"tmin",20.9
"Wanang",12,1977,"tmax",29.6
"Wanang",12,1977,"tavg",25.25
"Wanang",12,1977,"ppt",412.2
"Yapsiei",1,1977,"tmin",21.7
"Yapsiei",1,1977,"tmax",30.1
"Yapsiei",1,1977,"tavg",25.9
"Yapsiei",1,1977,"ppt",377
"Yapsiei",2,1977,"tmin",21.9
"Yapsiei",2,1977,"tmax",30.6
"Yapsiei",2,1977,"tavg",26.25
"Yapsiei",2,1977,"ppt",535.8
"Yapsiei",3,1977,"tmin",21.8
"Yapsiei",3,1977,"tmax",30.2
"Yapsiei",3,1977,"tavg",26
"Yapsiei",3,1977,"ppt",443.1
"Yapsiei",4,1977,"tmin",21.6
"Yapsiei",4,1977,"tmax",30.2
"Yapsiei",4,1977,"tavg",25.9
"Yapsiei",4,1977,"ppt",298.8
"Yapsiei",5,1977,"tmin",21.5
"Yapsiei",5,1977,"tmax",29.4
"Yapsiei",5,1977,"tavg",25.45
"Yapsiei",5,1977,"ppt",280.7
"Yapsiei",6,1977,"tmin",21.4
"Yapsiei",6,1977,"tmax",29.3
"Yapsiei",6,1977,"tavg",25.35
"Yapsiei",6,1977,"ppt",316.5
"Yapsiei",7,1977,"tmin",21.7
"Yapsiei",7,1977,"tmax",28.6
"Yapsiei",7,1977,"tavg",25.15
"Yapsiei",7,1977,"ppt",460.3
"Yapsiei",8,1977,"tmin",21.5
"Yapsiei",8,1977,"tmax",28.9
"Yapsiei",8,1977,"tavg",25.2
"Yapsiei",8,1977,"ppt",470.7
"Yapsiei",9,1977,"tmin",21.3
"Yapsiei",9,1977,"tmax",29.2
"Yapsiei",9,1977,"tavg",25.25
"Yapsiei",9,1977,"ppt",341.2
"Yapsiei",10,1977,"tmin",21.6
"Yapsiei",10,1977,"tmax",29.9
"Yapsiei",10,1977,"tavg",25.75
"Yapsiei",10,1977,"ppt",374
"Yapsiei",11,1977,"tmin",21.5
"Yapsiei",11,1977,"tmax",30.9
"Yapsiei",11,1977,"tavg",26.2
"Yapsiei",11,1977,"ppt",202.3
"Yapsiei",12,1977,"tmin",21.6
"Yapsiei",12,1977,"tmax",30.3
"Yapsiei",12,1977,"tavg",25.95
"Yapsiei",12,1977,"ppt",280.2
"Elem",1,1978,"tmin",20
"Elem",1,1978,"tmax",31.2
"Elem",1,1978,"tavg",25.6
"Elem",1,1978,"ppt",353.5
"Elem",2,1978,"tmin",20.5
"Elem",2,1978,"tmax",30.8
"Elem",2,1978,"tavg",25.65
"Elem",2,1978,"ppt",464.9
"Elem",3,1978,"tmin",20.2
"Elem",3,1978,"tmax",30.8
"Elem",3,1978,"tavg",25.5
"Elem",3,1978,"ppt",439
"Elem",4,1978,"tmin",20.2
"Elem",4,1978,"tmax",30.2
"Elem",4,1978,"tavg",25.2
"Elem",4,1978,"ppt",400.8
"Elem",5,1978,"tmin",20.8
"Elem",5,1978,"tmax",31.3
"Elem",5,1978,"tavg",26.05
"Elem",5,1978,"ppt",291.5
"Elem",6,1978,"tmin",19.7
"Elem",6,1978,"tmax",31.1
"Elem",6,1978,"tavg",25.4
"Elem",6,1978,"ppt",115.8
"Elem",7,1978,"tmin",19.5
"Elem",7,1978,"tmax",30.6
"Elem",7,1978,"tavg",25.05
"Elem",7,1978,"ppt",105.4
"Elem",8,1978,"tmin",20
"Elem",8,1978,"tmax",30.7
"Elem",8,1978,"tavg",25.35
"Elem",8,1978,"ppt",153.6
"Elem",9,1978,"tmin",19.9
"Elem",9,1978,"tmax",30.7
"Elem",9,1978,"tavg",25.3
"Elem",9,1978,"ppt",162.7
"Elem",10,1978,"tmin",20.1
"Elem",10,1978,"tmax",31.1
"Elem",10,1978,"tavg",25.6
"Elem",10,1978,"ppt",268.6
"Elem",11,1978,"tmin",20.3
"Elem",11,1978,"tmax",30.4
"Elem",11,1978,"tavg",25.35
"Elem",11,1978,"ppt",393
"Elem",12,1978,"tmin",20.7
"Elem",12,1978,"tmax",31.2
"Elem",12,1978,"tavg",25.95
"Elem",12,1978,"ppt",391
"Morox",1,1978,"tmin",22.2
"Morox",1,1978,"tmax",31.7
"Morox",1,1978,"tavg",26.95
"Morox",1,1978,"ppt",219.7
"Morox",2,1978,"tmin",22.2
"Morox",2,1978,"tmax",31.6
"Morox",2,1978,"tavg",26.9
"Morox",2,1978,"ppt",224.2
"Morox",3,1978,"tmin",21.6
"Morox",3,1978,"tmax",31.3
"Morox",3,1978,"tavg",26.45
"Morox",3,1978,"ppt",272.8
"Morox",4,1978,"tmin",21.5
"Morox",4,1978,"tmax",31
"Morox",4,1978,"tavg",26.25
"Morox",4,1978,"ppt",245.6
"Morox",5,1978,"tmin",22.2
"Morox",5,1978,"tmax",32.2
"Morox",5,1978,"tavg",27.2
"Morox",5,1978,"ppt",165.9
"Morox",6,1978,"tmin",21.5
"Morox",6,1978,"tmax",31.9
"Morox",6,1978,"tavg",26.7
"Morox",6,1978,"ppt",67.4
"Morox",7,1978,"tmin",21.1
"Morox",7,1978,"tmax",31.7
"Morox",7,1978,"tavg",26.4
"Morox",7,1978,"ppt",71.4
"Morox",8,1978,"tmin",21.1
"Morox",8,1978,"tmax",31.8
"Morox",8,1978,"tavg",26.45
"Morox",8,1978,"ppt",114.4
"Morox",9,1978,"tmin",21.1
"Morox",9,1978,"tmax",31.6
"Morox",9,1978,"tavg",26.35
"Morox",9,1978,"ppt",114.5
"Morox",10,1978,"tmin",21.8
"Morox",10,1978,"tmax",32.1
"Morox",10,1978,"tavg",26.95
"Morox",10,1978,"ppt",155.4
"Morox",11,1978,"tmin",22
"Morox",11,1978,"tmax",31.3
"Morox",11,1978,"tavg",26.65
"Morox",11,1978,"ppt",311
"Morox",12,1978,"tmin",22.3
"Morox",12,1978,"tmax",32
"Morox",12,1978,"tavg",27.15
"Morox",12,1978,"ppt",313.1
"Niksek",1,1978,"tmin",21
"Niksek",1,1978,"tmax",31.1
"Niksek",1,1978,"tavg",26.05
"Niksek",1,1978,"ppt",233.7
"Niksek",2,1978,"tmin",21.2
"Niksek",2,1978,"tmax",30.9
"Niksek",2,1978,"tavg",26.05
"Niksek",2,1978,"ppt",391
"Niksek",3,1978,"tmin",21
"Niksek",3,1978,"tmax",30.8
"Niksek",3,1978,"tavg",25.9
"Niksek",3,1978,"ppt",375.7
"Niksek",4,1978,"tmin",21
"Niksek",4,1978,"tmax",30.6
"Niksek",4,1978,"tavg",25.8
"Niksek",4,1978,"ppt",349.8
"Niksek",5,1978,"tmin",21.9
"Niksek",5,1978,"tmax",30.9
"Niksek",5,1978,"tavg",26.4
"Niksek",5,1978,"ppt",351.6
"Niksek",6,1978,"tmin",21.3
"Niksek",6,1978,"tmax",30.5
"Niksek",6,1978,"tavg",25.9
"Niksek",6,1978,"ppt",163.8
"Niksek",7,1978,"tmin",20.9
"Niksek",7,1978,"tmax",29.9
"Niksek",7,1978,"tavg",25.4
"Niksek",7,1978,"ppt",199.8
"Niksek",8,1978,"tmin",21.1
"Niksek",8,1978,"tmax",30.4
"Niksek",8,1978,"tavg",25.75
"Niksek",8,1978,"ppt",233.3
"Niksek",9,1978,"tmin",21.2
"Niksek",9,1978,"tmax",30.4
"Niksek",9,1978,"tavg",25.8
"Niksek",9,1978,"ppt",205.4
"Niksek",10,1978,"tmin",21.1
"Niksek",10,1978,"tmax",30.7
"Niksek",10,1978,"tavg",25.9
"Niksek",10,1978,"ppt",412
"Niksek",11,1978,"tmin",21.4
"Niksek",11,1978,"tmax",30.8
"Niksek",11,1978,"tavg",26.1
"Niksek",11,1978,"ppt",420.6
"Niksek",12,1978,"tmin",21.5
"Niksek",12,1978,"tmax",30.8
"Niksek",12,1978,"tavg",26.15
"Niksek",12,1978,"ppt",369.9
"Ohu",1,1978,"tmin",21.9
"Ohu",1,1978,"tmax",29.8
"Ohu",1,1978,"tavg",25.85
"Ohu",1,1978,"ppt",421.5
"Ohu",2,1978,"tmin",22.1
"Ohu",2,1978,"tmax",30
"Ohu",2,1978,"tavg",26.05
"Ohu",2,1978,"ppt",409.7
"Ohu",3,1978,"tmin",21.9
"Ohu",3,1978,"tmax",29.7
"Ohu",3,1978,"tavg",25.8
"Ohu",3,1978,"ppt",414.6
"Ohu",4,1978,"tmin",21.6
"Ohu",4,1978,"tmax",29.1
"Ohu",4,1978,"tavg",25.35
"Ohu",4,1978,"ppt",485.4
"Ohu",5,1978,"tmin",21.9
"Ohu",5,1978,"tmax",29.7
"Ohu",5,1978,"tavg",25.8
"Ohu",5,1978,"ppt",228.1
"Ohu",6,1978,"tmin",21.4
"Ohu",6,1978,"tmax",29.5
"Ohu",6,1978,"tavg",25.45
"Ohu",6,1978,"ppt",96.9
"Ohu",7,1978,"tmin",20.9
"Ohu",7,1978,"tmax",29
"Ohu",7,1978,"tavg",24.95
"Ohu",7,1978,"ppt",77.9
"Ohu",8,1978,"tmin",21.3
"Ohu",8,1978,"tmax",29
"Ohu",8,1978,"tavg",25.15
"Ohu",8,1978,"ppt",137.8
"Ohu",9,1978,"tmin",21.3
"Ohu",9,1978,"tmax",29.4
"Ohu",9,1978,"tavg",25.35
"Ohu",9,1978,"ppt",156
"Ohu",10,1978,"tmin",21.7
"Ohu",10,1978,"tmax",29.8
"Ohu",10,1978,"tavg",25.75
"Ohu",10,1978,"ppt",148.9
"Ohu",11,1978,"tmin",21.6
"Ohu",11,1978,"tmax",30.1
"Ohu",11,1978,"tavg",25.85
"Ohu",11,1978,"ppt",393.7
"Ohu",12,1978,"tmin",22
"Ohu",12,1978,"tmax",29.9
"Ohu",12,1978,"tavg",25.95
"Ohu",12,1978,"ppt",304.2
"Utai",1,1978,"tmin",22
"Utai",1,1978,"tmax",29.2
"Utai",1,1978,"tavg",25.6
"Utai",1,1978,"ppt",249.5
"Utai",2,1978,"tmin",22.3
"Utai",2,1978,"tmax",29.6
"Utai",2,1978,"tavg",25.95
"Utai",2,1978,"ppt",193.3
"Utai",3,1978,"tmin",22
"Utai",3,1978,"tmax",29
"Utai",3,1978,"tavg",25.5
"Utai",3,1978,"ppt",378.8
"Utai",4,1978,"tmin",21.7
"Utai",4,1978,"tmax",29
"Utai",4,1978,"tavg",25.35
"Utai",4,1978,"ppt",230.7
"Utai",5,1978,"tmin",22.4
"Utai",5,1978,"tmax",29.4
"Utai",5,1978,"tavg",25.9
"Utai",5,1978,"ppt",201.3
"Utai",6,1978,"tmin",21.6
"Utai",6,1978,"tmax",29
"Utai",6,1978,"tavg",25.3
"Utai",6,1978,"ppt",86.6
"Utai",7,1978,"tmin",21.4
"Utai",7,1978,"tmax",28.6
"Utai",7,1978,"tavg",25
"Utai",7,1978,"ppt",102.1
"Utai",8,1978,"tmin",21.5
"Utai",8,1978,"tmax",28.4
"Utai",8,1978,"tavg",24.95
"Utai",8,1978,"ppt",204.1
"Utai",9,1978,"tmin",21.6
"Utai",9,1978,"tmax",28.5
"Utai",9,1978,"tavg",25.05
"Utai",9,1978,"ppt",194.1
"Utai",10,1978,"tmin",21.8
"Utai",10,1978,"tmax",29.3
"Utai",10,1978,"tavg",25.55
"Utai",10,1978,"ppt",252.8
"Utai",11,1978,"tmin",21.9
"Utai",11,1978,"tmax",29.2
"Utai",11,1978,"tavg",25.55
"Utai",11,1978,"ppt",193.7
"Utai",12,1978,"tmin",21.9
"Utai",12,1978,"tmax",29.2
"Utai",12,1978,"tavg",25.55
"Utai",12,1978,"ppt",248.4
"Wamangu",1,1978,"tmin",22.2
"Wamangu",1,1978,"tmax",31.3
"Wamangu",1,1978,"tavg",26.75
"Wamangu",1,1978,"ppt",155.2
"Wamangu",2,1978,"tmin",22.2
"Wamangu",2,1978,"tmax",31.3
"Wamangu",2,1978,"tavg",26.75
"Wamangu",2,1978,"ppt",155.9
"Wamangu",3,1978,"tmin",21.6
"Wamangu",3,1978,"tmax",30.9
"Wamangu",3,1978,"tavg",26.25
"Wamangu",3,1978,"ppt",198.4
"Wamangu",4,1978,"tmin",21.5
"Wamangu",4,1978,"tmax",30.8
"Wamangu",4,1978,"tavg",26.15
"Wamangu",4,1978,"ppt",221.7
"Wamangu",5,1978,"tmin",22.2
"Wamangu",5,1978,"tmax",31.8
"Wamangu",5,1978,"tavg",27
"Wamangu",5,1978,"ppt",188.5
"Wamangu",6,1978,"tmin",21.5
"Wamangu",6,1978,"tmax",31.3
"Wamangu",6,1978,"tavg",26.4
"Wamangu",6,1978,"ppt",82.8
"Wamangu",7,1978,"tmin",21
"Wamangu",7,1978,"tmax",31.1
"Wamangu",7,1978,"tavg",26.05
"Wamangu",7,1978,"ppt",90.7
"Wamangu",8,1978,"tmin",20.9
"Wamangu",8,1978,"tmax",31.5
"Wamangu",8,1978,"tavg",26.2
"Wamangu",8,1978,"ppt",134.9
"Wamangu",9,1978,"tmin",21.1
"Wamangu",9,1978,"tmax",31.4
"Wamangu",9,1978,"tavg",26.25
"Wamangu",9,1978,"ppt",122.9
"Wamangu",10,1978,"tmin",21.7
"Wamangu",10,1978,"tmax",31.4
"Wamangu",10,1978,"tavg",26.55
"Wamangu",10,1978,"ppt",213.7
"Wamangu",11,1978,"tmin",21.8
"Wamangu",11,1978,"tmax",30.9
"Wamangu",11,1978,"tavg",26.35
"Wamangu",11,1978,"ppt",262.8
"Wamangu",12,1978,"tmin",22.1
"Wamangu",12,1978,"tmax",31.5
"Wamangu",12,1978,"tavg",26.8
"Wamangu",12,1978,"ppt",263.3
"Wanang",1,1978,"tmin",20.8
"Wanang",1,1978,"tmax",29.4
"Wanang",1,1978,"tavg",25.1
"Wanang",1,1978,"ppt",468.7
"Wanang",2,1978,"tmin",21.1
"Wanang",2,1978,"tmax",29.3
"Wanang",2,1978,"tavg",25.2
"Wanang",2,1978,"ppt",561.1
"Wanang",3,1978,"tmin",20.9
"Wanang",3,1978,"tmax",30.5
"Wanang",3,1978,"tavg",25.7
"Wanang",3,1978,"ppt",378.8
"Wanang",4,1978,"tmin",20.7
"Wanang",4,1978,"tmax",28.9
"Wanang",4,1978,"tavg",24.8
"Wanang",4,1978,"ppt",481
"Wanang",5,1978,"tmin",21.2
"Wanang",5,1978,"tmax",30.2
"Wanang",5,1978,"tavg",25.7
"Wanang",5,1978,"ppt",230.4
"Wanang",6,1978,"tmin",20.1
"Wanang",6,1978,"tmax",30.1
"Wanang",6,1978,"tavg",25.1
"Wanang",6,1978,"ppt",72.7
"Wanang",7,1978,"tmin",19.8
"Wanang",7,1978,"tmax",29.5
"Wanang",7,1978,"tavg",24.65
"Wanang",7,1978,"ppt",120.8
"Wanang",8,1978,"tmin",20.4
"Wanang",8,1978,"tmax",29.4
"Wanang",8,1978,"tavg",24.9
"Wanang",8,1978,"ppt",139.7
"Wanang",9,1978,"tmin",20.4
"Wanang",9,1978,"tmax",29.4
"Wanang",9,1978,"tavg",24.9
"Wanang",9,1978,"ppt",148.9
"Wanang",10,1978,"tmin",20.5
"Wanang",10,1978,"tmax",30
"Wanang",10,1978,"tavg",25.25
"Wanang",10,1978,"ppt",236.8
"Wanang",11,1978,"tmin",20.6
"Wanang",11,1978,"tmax",29.8
"Wanang",11,1978,"tavg",25.2
"Wanang",11,1978,"ppt",474.2
"Wanang",12,1978,"tmin",21.1
"Wanang",12,1978,"tmax",30
"Wanang",12,1978,"tavg",25.55
"Wanang",12,1978,"ppt",366.6
"Yapsiei",1,1978,"tmin",21.8
"Yapsiei",1,1978,"tmax",30.4
"Yapsiei",1,1978,"tavg",26.1
"Yapsiei",1,1978,"ppt",314.2
"Yapsiei",2,1978,"tmin",22
"Yapsiei",2,1978,"tmax",30.4
"Yapsiei",2,1978,"tavg",26.2
"Yapsiei",2,1978,"ppt",392.1
"Yapsiei",3,1978,"tmin",21.8
"Yapsiei",3,1978,"tmax",30.2
"Yapsiei",3,1978,"tavg",26
"Yapsiei",3,1978,"ppt",424.3
"Yapsiei",4,1978,"tmin",21.6
"Yapsiei",4,1978,"tmax",29.8
"Yapsiei",4,1978,"tavg",25.7
"Yapsiei",4,1978,"ppt",467.5
"Yapsiei",5,1978,"tmin",22.2
"Yapsiei",5,1978,"tmax",30.2
"Yapsiei",5,1978,"tavg",26.2
"Yapsiei",5,1978,"ppt",425.2
"Yapsiei",6,1978,"tmin",21.3
"Yapsiei",6,1978,"tmax",30.2
"Yapsiei",6,1978,"tavg",25.75
"Yapsiei",6,1978,"ppt",163
"Yapsiei",7,1978,"tmin",21.2
"Yapsiei",7,1978,"tmax",29.5
"Yapsiei",7,1978,"tavg",25.35
"Yapsiei",7,1978,"ppt",183.7
"Yapsiei",8,1978,"tmin",21.7
"Yapsiei",8,1978,"tmax",29
"Yapsiei",8,1978,"tavg",25.35
"Yapsiei",8,1978,"ppt",363.9
"Yapsiei",9,1978,"tmin",21.5
"Yapsiei",9,1978,"tmax",29.7
"Yapsiei",9,1978,"tavg",25.6
"Yapsiei",9,1978,"ppt",281.8
"Yapsiei",10,1978,"tmin",21.7
"Yapsiei",10,1978,"tmax",30.1
"Yapsiei",10,1978,"tavg",25.9
"Yapsiei",10,1978,"ppt",231.9
"Yapsiei",11,1978,"tmin",21.7
"Yapsiei",11,1978,"tmax",30.6
"Yapsiei",11,1978,"tavg",26.15
"Yapsiei",11,1978,"ppt",241
"Yapsiei",12,1978,"tmin",21.9
"Yapsiei",12,1978,"tmax",30.1
"Yapsiei",12,1978,"tavg",26
"Yapsiei",12,1978,"ppt",335.7
"Elem",1,1979,"tmin",20.7
"Elem",1,1979,"tmax",31
"Elem",1,1979,"tavg",25.85
"Elem",1,1979,"ppt",317.3
"Elem",2,1979,"tmin",20.7
"Elem",2,1979,"tmax",30.5
"Elem",2,1979,"tavg",25.6
"Elem",2,1979,"ppt",361.6
"Elem",3,1979,"tmin",20.3
"Elem",3,1979,"tmax",30.4
"Elem",3,1979,"tavg",25.35
"Elem",3,1979,"ppt",426.3
"Elem",4,1979,"tmin",20.4
"Elem",4,1979,"tmax",30.5
"Elem",4,1979,"tavg",25.45
"Elem",4,1979,"ppt",391.4
"Elem",5,1979,"tmin",20.5
"Elem",5,1979,"tmax",30.5
"Elem",5,1979,"tavg",25.5
"Elem",5,1979,"ppt",262
"Elem",6,1979,"tmin",20.3
"Elem",6,1979,"tmax",30.7
"Elem",6,1979,"tavg",25.5
"Elem",6,1979,"ppt",155.4
"Elem",7,1979,"tmin",19.9
"Elem",7,1979,"tmax",29.6
"Elem",7,1979,"tavg",24.75
"Elem",7,1979,"ppt",173
"Elem",8,1979,"tmin",19.8
"Elem",8,1979,"tmax",30.9
"Elem",8,1979,"tavg",25.35
"Elem",8,1979,"ppt",100.8
"Elem",9,1979,"tmin",20
"Elem",9,1979,"tmax",31
"Elem",9,1979,"tavg",25.5
"Elem",9,1979,"ppt",175.7
"Elem",10,1979,"tmin",20.5
"Elem",10,1979,"tmax",31.1
"Elem",10,1979,"tavg",25.8
"Elem",10,1979,"ppt",292.8
"Elem",11,1979,"tmin",20.3
"Elem",11,1979,"tmax",31.1
"Elem",11,1979,"tavg",25.7
"Elem",11,1979,"ppt",321.5
"Elem",12,1979,"tmin",20.3
"Elem",12,1979,"tmax",30.6
"Elem",12,1979,"tavg",25.45
"Elem",12,1979,"ppt",354.7
"Morox",1,1979,"tmin",22.9
"Morox",1,1979,"tmax",32.2
"Morox",1,1979,"tavg",27.55
"Morox",1,1979,"ppt",122.3
"Morox",2,1979,"tmin",22.2
"Morox",2,1979,"tmax",31.4
"Morox",2,1979,"tavg",26.8
"Morox",2,1979,"ppt",207.7
"Morox",3,1979,"tmin",21.6
"Morox",3,1979,"tmax",31
"Morox",3,1979,"tavg",26.3
"Morox",3,1979,"ppt",273.2
"Morox",4,1979,"tmin",21.7
"Morox",4,1979,"tmax",31.2
"Morox",4,1979,"tavg",26.45
"Morox",4,1979,"ppt",248.1
"Morox",5,1979,"tmin",21.7
"Morox",5,1979,"tmax",31.7
"Morox",5,1979,"tavg",26.7
"Morox",5,1979,"ppt",177.9
"Morox",6,1979,"tmin",21.6
"Morox",6,1979,"tmax",31.6
"Morox",6,1979,"tavg",26.6
"Morox",6,1979,"ppt",112.1
"Morox",7,1979,"tmin",20.8
"Morox",7,1979,"tmax",31
"Morox",7,1979,"tavg",25.9
"Morox",7,1979,"ppt",118.4
"Morox",8,1979,"tmin",21.3
"Morox",8,1979,"tmax",32.3
"Morox",8,1979,"tavg",26.8
"Morox",8,1979,"ppt",43.6
"Morox",9,1979,"tmin",21.4
"Morox",9,1979,"tmax",32.2
"Morox",9,1979,"tavg",26.8
"Morox",9,1979,"ppt",104
"Morox",10,1979,"tmin",22
"Morox",10,1979,"tmax",32.1
"Morox",10,1979,"tavg",27.05
"Morox",10,1979,"ppt",171.4
"Morox",11,1979,"tmin",22
"Morox",11,1979,"tmax",32.1
"Morox",11,1979,"tavg",27.05
"Morox",11,1979,"ppt",217.7
"Morox",12,1979,"tmin",22.1
"Morox",12,1979,"tmax",31.5
"Morox",12,1979,"tavg",26.8
"Morox",12,1979,"ppt",209.3
"Niksek",1,1979,"tmin",21.2
"Niksek",1,1979,"tmax",31.5
"Niksek",1,1979,"tavg",26.35
"Niksek",1,1979,"ppt",378.4
"Niksek",2,1979,"tmin",21.2
"Niksek",2,1979,"tmax",30.8
"Niksek",2,1979,"tavg",26
"Niksek",2,1979,"ppt",448.3
"Niksek",3,1979,"tmin",21.1
"Niksek",3,1979,"tmax",30.1
"Niksek",3,1979,"tavg",25.6
"Niksek",3,1979,"ppt",452.3
"Niksek",4,1979,"tmin",21.3
"Niksek",4,1979,"tmax",30.6
"Niksek",4,1979,"tavg",25.95
"Niksek",4,1979,"ppt",402.8
"Niksek",5,1979,"tmin",21.6
"Niksek",5,1979,"tmax",30.6
"Niksek",5,1979,"tavg",26.1
"Niksek",5,1979,"ppt",268.6
"Niksek",6,1979,"tmin",21.4
"Niksek",6,1979,"tmax",30.3
"Niksek",6,1979,"tavg",25.85
"Niksek",6,1979,"ppt",199.8
"Niksek",7,1979,"tmin",20.9
"Niksek",7,1979,"tmax",28.9
"Niksek",7,1979,"tavg",24.9
"Niksek",7,1979,"ppt",303.6
"Niksek",8,1979,"tmin",20.5
"Niksek",8,1979,"tmax",31
"Niksek",8,1979,"tavg",25.75
"Niksek",8,1979,"ppt",187.1
"Niksek",9,1979,"tmin",21.2
"Niksek",9,1979,"tmax",30.8
"Niksek",9,1979,"tavg",26
"Niksek",9,1979,"ppt",237.2
"Niksek",10,1979,"tmin",21.3
"Niksek",10,1979,"tmax",30.8
"Niksek",10,1979,"tavg",26.05
"Niksek",10,1979,"ppt",399.9
"Niksek",11,1979,"tmin",21.4
"Niksek",11,1979,"tmax",31.4
"Niksek",11,1979,"tavg",26.4
"Niksek",11,1979,"ppt",297.7
"Niksek",12,1979,"tmin",21
"Niksek",12,1979,"tmax",30.6
"Niksek",12,1979,"tavg",25.8
"Niksek",12,1979,"ppt",247.1
"Ohu",1,1979,"tmin",22.5
"Ohu",1,1979,"tmax",30.5
"Ohu",1,1979,"tavg",26.5
"Ohu",1,1979,"ppt",270.1
"Ohu",2,1979,"tmin",22.3
"Ohu",2,1979,"tmax",29.9
"Ohu",2,1979,"tavg",26.1
"Ohu",2,1979,"ppt",374.7
"Ohu",3,1979,"tmin",21.9
"Ohu",3,1979,"tmax",29.3
"Ohu",3,1979,"tavg",25.6
"Ohu",3,1979,"ppt",420.3
"Ohu",4,1979,"tmin",21.8
"Ohu",4,1979,"tmax",29.4
"Ohu",4,1979,"tavg",25.6
"Ohu",4,1979,"ppt",300.6
"Ohu",5,1979,"tmin",21.5
"Ohu",5,1979,"tmax",29.3
"Ohu",5,1979,"tavg",25.4
"Ohu",5,1979,"ppt",226.3
"Ohu",6,1979,"tmin",21.4
"Ohu",6,1979,"tmax",29.2
"Ohu",6,1979,"tavg",25.3
"Ohu",6,1979,"ppt",138.5
"Ohu",7,1979,"tmin",20.8
"Ohu",7,1979,"tmax",28.3
"Ohu",7,1979,"tavg",24.55
"Ohu",7,1979,"ppt",155.8
"Ohu",8,1979,"tmin",21
"Ohu",8,1979,"tmax",28.7
"Ohu",8,1979,"tavg",24.85
"Ohu",8,1979,"ppt",83.9
"Ohu",9,1979,"tmin",21.4
"Ohu",9,1979,"tmax",29.8
"Ohu",9,1979,"tavg",25.6
"Ohu",9,1979,"ppt",110.1
"Ohu",10,1979,"tmin",21.7
"Ohu",10,1979,"tmax",29.6
"Ohu",10,1979,"tavg",25.65
"Ohu",10,1979,"ppt",310.7
"Ohu",11,1979,"tmin",21.7
"Ohu",11,1979,"tmax",30.6
"Ohu",11,1979,"tavg",26.15
"Ohu",11,1979,"ppt",186
"Ohu",12,1979,"tmin",21.7
"Ohu",12,1979,"tmax",29.7
"Ohu",12,1979,"tavg",25.7
"Ohu",12,1979,"ppt",264.3
"Utai",1,1979,"tmin",22.4
"Utai",1,1979,"tmax",29.8
"Utai",1,1979,"tavg",26.1
"Utai",1,1979,"ppt",149.2
"Utai",2,1979,"tmin",22.1
"Utai",2,1979,"tmax",29.1
"Utai",2,1979,"tavg",25.6
"Utai",2,1979,"ppt",182.8
"Utai",3,1979,"tmin",21.8
"Utai",3,1979,"tmax",28.7
"Utai",3,1979,"tavg",25.25
"Utai",3,1979,"ppt",382.1
"Utai",4,1979,"tmin",22
"Utai",4,1979,"tmax",29.4
"Utai",4,1979,"tavg",25.7
"Utai",4,1979,"ppt",238
"Utai",5,1979,"tmin",21.8
"Utai",5,1979,"tmax",29.1
"Utai",5,1979,"tavg",25.45
"Utai",5,1979,"ppt",225.7
"Utai",6,1979,"tmin",21.6
"Utai",6,1979,"tmax",28.8
"Utai",6,1979,"tavg",25.2
"Utai",6,1979,"ppt",139
"Utai",7,1979,"tmin",21.1
"Utai",7,1979,"tmax",27.9
"Utai",7,1979,"tavg",24.5
"Utai",7,1979,"ppt",181.6
"Utai",8,1979,"tmin",21.4
"Utai",8,1979,"tmax",29
"Utai",8,1979,"tavg",25.2
"Utai",8,1979,"ppt",115.3
"Utai",9,1979,"tmin",21.6
"Utai",9,1979,"tmax",28.9
"Utai",9,1979,"tavg",25.25
"Utai",9,1979,"ppt",167.6
"Utai",10,1979,"tmin",21.9
"Utai",10,1979,"tmax",29.3
"Utai",10,1979,"tavg",25.6
"Utai",10,1979,"ppt",220.8
"Utai",11,1979,"tmin",21.9
"Utai",11,1979,"tmax",29.4
"Utai",11,1979,"tavg",25.65
"Utai",11,1979,"ppt",203.5
"Utai",12,1979,"tmin",21.6
"Utai",12,1979,"tmax",29.2
"Utai",12,1979,"tavg",25.4
"Utai",12,1979,"ppt",199.2
"Wamangu",1,1979,"tmin",22.8
"Wamangu",1,1979,"tmax",31.9
"Wamangu",1,1979,"tavg",27.35
"Wamangu",1,1979,"ppt",95.1
"Wamangu",2,1979,"tmin",22.2
"Wamangu",2,1979,"tmax",31
"Wamangu",2,1979,"tavg",26.6
"Wamangu",2,1979,"ppt",132.4
"Wamangu",3,1979,"tmin",21.6
"Wamangu",3,1979,"tmax",30.6
"Wamangu",3,1979,"tavg",26.1
"Wamangu",3,1979,"ppt",229.1
"Wamangu",4,1979,"tmin",21.8
"Wamangu",4,1979,"tmax",31
"Wamangu",4,1979,"tavg",26.4
"Wamangu",4,1979,"ppt",201.5
"Wamangu",5,1979,"tmin",21.6
"Wamangu",5,1979,"tmax",31.3
"Wamangu",5,1979,"tavg",26.45
"Wamangu",5,1979,"ppt",185.2
"Wamangu",6,1979,"tmin",21.6
"Wamangu",6,1979,"tmax",31
"Wamangu",6,1979,"tavg",26.3
"Wamangu",6,1979,"ppt",111.9
"Wamangu",7,1979,"tmin",20.9
"Wamangu",7,1979,"tmax",30.5
"Wamangu",7,1979,"tavg",25.7
"Wamangu",7,1979,"ppt",119.6
"Wamangu",8,1979,"tmin",20.9
"Wamangu",8,1979,"tmax",32.1
"Wamangu",8,1979,"tavg",26.5
"Wamangu",8,1979,"ppt",55.9
"Wamangu",9,1979,"tmin",21.3
"Wamangu",9,1979,"tmax",31.8
"Wamangu",9,1979,"tavg",26.55
"Wamangu",9,1979,"ppt",121.3
"Wamangu",10,1979,"tmin",21.9
"Wamangu",10,1979,"tmax",31.6
"Wamangu",10,1979,"tavg",26.75
"Wamangu",10,1979,"ppt",180.8
"Wamangu",11,1979,"tmin",21.7
"Wamangu",11,1979,"tmax",31.8
"Wamangu",11,1979,"tavg",26.75
"Wamangu",11,1979,"ppt",195.5
"Wamangu",12,1979,"tmin",21.8
"Wamangu",12,1979,"tmax",31
"Wamangu",12,1979,"tavg",26.4
"Wamangu",12,1979,"ppt",160.9
"Wanang",1,1979,"tmin",21.4
"Wanang",1,1979,"tmax",29.5
"Wanang",1,1979,"tavg",25.45
"Wanang",1,1979,"ppt",319.3
"Wanang",2,1979,"tmin",21.3
"Wanang",2,1979,"tmax",29.6
"Wanang",2,1979,"tavg",25.45
"Wanang",2,1979,"ppt",440.6
"Wanang",3,1979,"tmin",21
"Wanang",3,1979,"tmax",29.2
"Wanang",3,1979,"tavg",25.1
"Wanang",3,1979,"ppt",512.9
"Wanang",4,1979,"tmin",21
"Wanang",4,1979,"tmax",29.5
"Wanang",4,1979,"tavg",25.25
"Wanang",4,1979,"ppt",424.8
"Wanang",5,1979,"tmin",20.8
"Wanang",5,1979,"tmax",29.3
"Wanang",5,1979,"tavg",25.05
"Wanang",5,1979,"ppt",405.5
"Wanang",6,1979,"tmin",20.4
"Wanang",6,1979,"tmax",29.7
"Wanang",6,1979,"tavg",25.05
"Wanang",6,1979,"ppt",127.2
"Wanang",7,1979,"tmin",19.8
"Wanang",7,1979,"tmax",28.3
"Wanang",7,1979,"tavg",24.05
"Wanang",7,1979,"ppt",177.3
"Wanang",8,1979,"tmin",20
"Wanang",8,1979,"tmax",29.2
"Wanang",8,1979,"tavg",24.6
"Wanang",8,1979,"ppt",81.9
"Wanang",9,1979,"tmin",20.5
"Wanang",9,1979,"tmax",30.3
"Wanang",9,1979,"tavg",25.4
"Wanang",9,1979,"ppt",161.6
"Wanang",10,1979,"tmin",21
"Wanang",10,1979,"tmax",29.5
"Wanang",10,1979,"tavg",25.25
"Wanang",10,1979,"ppt",275
"Wanang",11,1979,"tmin",20.8
"Wanang",11,1979,"tmax",30.9
"Wanang",11,1979,"tavg",25.85
"Wanang",11,1979,"ppt",224.6
"Wanang",12,1979,"tmin",20.8
"Wanang",12,1979,"tmax",30
"Wanang",12,1979,"tavg",25.4
"Wanang",12,1979,"ppt",311.9
"Yapsiei",1,1979,"tmin",22.1
"Yapsiei",1,1979,"tmax",30.4
"Yapsiei",1,1979,"tavg",26.25
"Yapsiei",1,1979,"ppt",351.8
"Yapsiei",2,1979,"tmin",21.9
"Yapsiei",2,1979,"tmax",29.9
"Yapsiei",2,1979,"tavg",25.9
"Yapsiei",2,1979,"ppt",420.2
"Yapsiei",3,1979,"tmin",21.7
"Yapsiei",3,1979,"tmax",29.6
"Yapsiei",3,1979,"tavg",25.65
"Yapsiei",3,1979,"ppt",480.2
"Yapsiei",4,1979,"tmin",21.9
"Yapsiei",4,1979,"tmax",30
"Yapsiei",4,1979,"tavg",25.95
"Yapsiei",4,1979,"ppt",430.9
"Yapsiei",5,1979,"tmin",21.8
"Yapsiei",5,1979,"tmax",29.7
"Yapsiei",5,1979,"tavg",25.75
"Yapsiei",5,1979,"ppt",249.5
"Yapsiei",6,1979,"tmin",21.6
"Yapsiei",6,1979,"tmax",29.6
"Yapsiei",6,1979,"tavg",25.6
"Yapsiei",6,1979,"ppt",168.2
"Yapsiei",7,1979,"tmin",21.5
"Yapsiei",7,1979,"tmax",28.4
"Yapsiei",7,1979,"tavg",24.95
"Yapsiei",7,1979,"ppt",385.1
"Yapsiei",8,1979,"tmin",21.1
"Yapsiei",8,1979,"tmax",29.4
"Yapsiei",8,1979,"tavg",25.25
"Yapsiei",8,1979,"ppt",223.5
"Yapsiei",9,1979,"tmin",21.5
"Yapsiei",9,1979,"tmax",29.8
"Yapsiei",9,1979,"tavg",25.65
"Yapsiei",9,1979,"ppt",246.4
"Yapsiei",10,1979,"tmin",21.8
"Yapsiei",10,1979,"tmax",30.3
"Yapsiei",10,1979,"tavg",26.05
"Yapsiei",10,1979,"ppt",260
"Yapsiei",11,1979,"tmin",21.7
"Yapsiei",11,1979,"tmax",30.7
"Yapsiei",11,1979,"tavg",26.2
"Yapsiei",11,1979,"ppt",266.1
"Yapsiei",12,1979,"tmin",21.5
"Yapsiei",12,1979,"tmax",30.1
"Yapsiei",12,1979,"tavg",25.8
"Yapsiei",12,1979,"ppt",224.8
"Elem",1,1980,"tmin",20.6
"Elem",1,1980,"tmax",31.2
"Elem",1,1980,"tavg",25.9
"Elem",1,1980,"ppt",495
"Elem",2,1980,"tmin",20.3
"Elem",2,1980,"tmax",30.9
"Elem",2,1980,"tavg",25.6
"Elem",2,1980,"ppt",378.6
"Elem",3,1980,"tmin",20.3
"Elem",3,1980,"tmax",30.4
"Elem",3,1980,"tavg",25.35
"Elem",3,1980,"ppt",378.7
"Elem",4,1980,"tmin",20.3
"Elem",4,1980,"tmax",31.1
"Elem",4,1980,"tavg",25.7
"Elem",4,1980,"ppt",352.5
"Elem",5,1980,"tmin",20.4
"Elem",5,1980,"tmax",31.2
"Elem",5,1980,"tavg",25.8
"Elem",5,1980,"ppt",224.4
"Elem",6,1980,"tmin",20.5
"Elem",6,1980,"tmax",30.7
"Elem",6,1980,"tavg",25.6
"Elem",6,1980,"ppt",140.2
"Elem",7,1980,"tmin",20.1
"Elem",7,1980,"tmax",29.8
"Elem",7,1980,"tavg",24.95
"Elem",7,1980,"ppt",153.5
"Elem",8,1980,"tmin",20
"Elem",8,1980,"tmax",30
"Elem",8,1980,"tavg",25
"Elem",8,1980,"ppt",235.5
"Elem",9,1980,"tmin",20.2
"Elem",9,1980,"tmax",30.8
"Elem",9,1980,"tavg",25.5
"Elem",9,1980,"ppt",195.5
"Elem",10,1980,"tmin",20.1
"Elem",10,1980,"tmax",31.3
"Elem",10,1980,"tavg",25.7
"Elem",10,1980,"ppt",204.3
"Elem",11,1980,"tmin",19.9
"Elem",11,1980,"tmax",31.4
"Elem",11,1980,"tavg",25.65
"Elem",11,1980,"ppt",285.7
"Elem",12,1980,"tmin",20.5
"Elem",12,1980,"tmax",31.2
"Elem",12,1980,"tavg",25.85
"Elem",12,1980,"ppt",296.9
"Morox",1,1980,"tmin",22.2
"Morox",1,1980,"tmax",32
"Morox",1,1980,"tavg",27.1
"Morox",1,1980,"ppt",224.7
"Morox",2,1980,"tmin",22
"Morox",2,1980,"tmax",31.6
"Morox",2,1980,"tavg",26.8
"Morox",2,1980,"ppt",228.5
"Morox",3,1980,"tmin",21.8
"Morox",3,1980,"tmax",31.1
"Morox",3,1980,"tavg",26.45
"Morox",3,1980,"ppt",225.3
"Morox",4,1980,"tmin",21.7
"Morox",4,1980,"tmax",31.8
"Morox",4,1980,"tavg",26.75
"Morox",4,1980,"ppt",211.5
"Morox",5,1980,"tmin",22
"Morox",5,1980,"tmax",32.3
"Morox",5,1980,"tavg",27.15
"Morox",5,1980,"ppt",124.9
"Morox",6,1980,"tmin",21.7
"Morox",6,1980,"tmax",31.9
"Morox",6,1980,"tavg",26.8
"Morox",6,1980,"ppt",70.9
"Morox",7,1980,"tmin",20.9
"Morox",7,1980,"tmax",31.5
"Morox",7,1980,"tavg",26.2
"Morox",7,1980,"ppt",95.6
"Morox",8,1980,"tmin",21
"Morox",8,1980,"tmax",31.5
"Morox",8,1980,"tavg",26.25
"Morox",8,1980,"ppt",119.1
"Morox",9,1980,"tmin",21.2
"Morox",9,1980,"tmax",32.1
"Morox",9,1980,"tavg",26.65
"Morox",9,1980,"ppt",78.4
"Morox",10,1980,"tmin",21.8
"Morox",10,1980,"tmax",32.3
"Morox",10,1980,"tavg",27.05
"Morox",10,1980,"ppt",122.4
"Morox",11,1980,"tmin",22
"Morox",11,1980,"tmax",32.1
"Morox",11,1980,"tavg",27.05
"Morox",11,1980,"ppt",206.5
"Morox",12,1980,"tmin",22.2
"Morox",12,1980,"tmax",32.1
"Morox",12,1980,"tavg",27.15
"Morox",12,1980,"ppt",183.5
"Niksek",1,1980,"tmin",21.4
"Niksek",1,1980,"tmax",31.4
"Niksek",1,1980,"tavg",26.4
"Niksek",1,1980,"ppt",345.7
"Niksek",2,1980,"tmin",21.2
"Niksek",2,1980,"tmax",30.8
"Niksek",2,1980,"tavg",26
"Niksek",2,1980,"ppt",296.8
"Niksek",3,1980,"tmin",21.1
"Niksek",3,1980,"tmax",30.6
"Niksek",3,1980,"tavg",25.85
"Niksek",3,1980,"ppt",420
"Niksek",4,1980,"tmin",21.6
"Niksek",4,1980,"tmax",31
"Niksek",4,1980,"tavg",26.3
"Niksek",4,1980,"ppt",357.2
"Niksek",5,1980,"tmin",21.7
"Niksek",5,1980,"tmax",30.9
"Niksek",5,1980,"tavg",26.3
"Niksek",5,1980,"ppt",241.7
"Niksek",6,1980,"tmin",21.5
"Niksek",6,1980,"tmax",30.3
"Niksek",6,1980,"tavg",25.9
"Niksek",6,1980,"ppt",152.2
"Niksek",7,1980,"tmin",21
"Niksek",7,1980,"tmax",29.6
"Niksek",7,1980,"tavg",25.3
"Niksek",7,1980,"ppt",205.4
"Niksek",8,1980,"tmin",20.8
"Niksek",8,1980,"tmax",30.1
"Niksek",8,1980,"tavg",25.45
"Niksek",8,1980,"ppt",401.9
"Niksek",9,1980,"tmin",21.2
"Niksek",9,1980,"tmax",30.6
"Niksek",9,1980,"tavg",25.9
"Niksek",9,1980,"ppt",230.8
"Niksek",10,1980,"tmin",21.1
"Niksek",10,1980,"tmax",31.1
"Niksek",10,1980,"tavg",26.1
"Niksek",10,1980,"ppt",219
"Niksek",11,1980,"tmin",21.3
"Niksek",11,1980,"tmax",31.6
"Niksek",11,1980,"tavg",26.45
"Niksek",11,1980,"ppt",215.4
"Niksek",12,1980,"tmin",21.3
"Niksek",12,1980,"tmax",31.6
"Niksek",12,1980,"tavg",26.45
"Niksek",12,1980,"ppt",207
"Ohu",1,1980,"tmin",22.1
"Ohu",1,1980,"tmax",30.3
"Ohu",1,1980,"tavg",26.2
"Ohu",1,1980,"ppt",330.8
"Ohu",2,1980,"tmin",22
"Ohu",2,1980,"tmax",29.9
"Ohu",2,1980,"tavg",25.95
"Ohu",2,1980,"ppt",308.6
"Ohu",3,1980,"tmin",22
"Ohu",3,1980,"tmax",29.5
"Ohu",3,1980,"tavg",25.75
"Ohu",3,1980,"ppt",364.2
"Ohu",4,1980,"tmin",21.9
"Ohu",4,1980,"tmax",30.1
"Ohu",4,1980,"tavg",26
"Ohu",4,1980,"ppt",190.8
"Ohu",5,1980,"tmin",21.9
"Ohu",5,1980,"tmax",29.8
"Ohu",5,1980,"tavg",25.85
"Ohu",5,1980,"ppt",118.3
"Ohu",6,1980,"tmin",21.5
"Ohu",6,1980,"tmax",29.2
"Ohu",6,1980,"tavg",25.35
"Ohu",6,1980,"ppt",139.3
"Ohu",7,1980,"tmin",20.7
"Ohu",7,1980,"tmax",28.1
"Ohu",7,1980,"tavg",24.4
"Ohu",7,1980,"ppt",167.8
"Ohu",8,1980,"tmin",21
"Ohu",8,1980,"tmax",28.5
"Ohu",8,1980,"tavg",24.75
"Ohu",8,1980,"ppt",123.9
"Ohu",9,1980,"tmin",21.2
"Ohu",9,1980,"tmax",28.9
"Ohu",9,1980,"tavg",25.05
"Ohu",9,1980,"ppt",248
"Ohu",10,1980,"tmin",21.7
"Ohu",10,1980,"tmax",30
"Ohu",10,1980,"tavg",25.85
"Ohu",10,1980,"ppt",134.5
"Ohu",11,1980,"tmin",21.5
"Ohu",11,1980,"tmax",30.2
"Ohu",11,1980,"tavg",25.85
"Ohu",11,1980,"ppt",238.9
"Ohu",12,1980,"tmin",21.8
"Ohu",12,1980,"tmax",29.8
"Ohu",12,1980,"tavg",25.8
"Ohu",12,1980,"ppt",262.1
"Utai",1,1980,"tmin",22.3
"Utai",1,1980,"tmax",30
"Utai",1,1980,"tavg",26.15
"Utai",1,1980,"ppt",200.7
"Utai",2,1980,"tmin",22.2
"Utai",2,1980,"tmax",29.2
"Utai",2,1980,"tavg",25.7
"Utai",2,1980,"ppt",168.9
"Utai",3,1980,"tmin",22.1
"Utai",3,1980,"tmax",28.9
"Utai",3,1980,"tavg",25.5
"Utai",3,1980,"ppt",237.8
"Utai",4,1980,"tmin",22
"Utai",4,1980,"tmax",29.3
"Utai",4,1980,"tavg",25.65
"Utai",4,1980,"ppt",243.1
"Utai",5,1980,"tmin",22
"Utai",5,1980,"tmax",29.4
"Utai",5,1980,"tavg",25.7
"Utai",5,1980,"ppt",180.4
"Utai",6,1980,"tmin",21.7
"Utai",6,1980,"tmax",28.6
"Utai",6,1980,"tavg",25.15
"Utai",6,1980,"ppt",122.8
"Utai",7,1980,"tmin",21.4
"Utai",7,1980,"tmax",28.2
"Utai",7,1980,"tavg",24.8
"Utai",7,1980,"ppt",145
"Utai",8,1980,"tmin",21.5
"Utai",8,1980,"tmax",28
"Utai",8,1980,"tavg",24.75
"Utai",8,1980,"ppt",252.6
"Utai",9,1980,"tmin",21.7
"Utai",9,1980,"tmax",28.7
"Utai",9,1980,"tavg",25.2
"Utai",9,1980,"ppt",181.7
"Utai",10,1980,"tmin",21.7
"Utai",10,1980,"tmax",29.7
"Utai",10,1980,"tavg",25.7
"Utai",10,1980,"ppt",198.3
"Utai",11,1980,"tmin",21.8
"Utai",11,1980,"tmax",30.1
"Utai",11,1980,"tavg",25.95
"Utai",11,1980,"ppt",193.1
"Utai",12,1980,"tmin",21.8
"Utai",12,1980,"tmax",30.1
"Utai",12,1980,"tavg",25.95
"Utai",12,1980,"ppt",222.4
"Wamangu",1,1980,"tmin",22.2
"Wamangu",1,1980,"tmax",31.7
"Wamangu",1,1980,"tavg",26.95
"Wamangu",1,1980,"ppt",164.1
"Wamangu",2,1980,"tmin",22
"Wamangu",2,1980,"tmax",31.1
"Wamangu",2,1980,"tavg",26.55
"Wamangu",2,1980,"ppt",141.9
"Wamangu",3,1980,"tmin",21.8
"Wamangu",3,1980,"tmax",30.9
"Wamangu",3,1980,"tavg",26.35
"Wamangu",3,1980,"ppt",179.9
"Wamangu",4,1980,"tmin",21.8
"Wamangu",4,1980,"tmax",31.3
"Wamangu",4,1980,"tavg",26.55
"Wamangu",4,1980,"ppt",172
"Wamangu",5,1980,"tmin",21.9
"Wamangu",5,1980,"tmax",31.9
"Wamangu",5,1980,"tavg",26.9
"Wamangu",5,1980,"ppt",144.4
"Wamangu",6,1980,"tmin",21.5
"Wamangu",6,1980,"tmax",31.2
"Wamangu",6,1980,"tavg",26.35
"Wamangu",6,1980,"ppt",82.8
"Wamangu",7,1980,"tmin",21
"Wamangu",7,1980,"tmax",30.9
"Wamangu",7,1980,"tavg",25.95
"Wamangu",7,1980,"ppt",99.2
"Wamangu",8,1980,"tmin",20.9
"Wamangu",8,1980,"tmax",31.1
"Wamangu",8,1980,"tavg",26
"Wamangu",8,1980,"ppt",146.2
"Wamangu",9,1980,"tmin",21.1
"Wamangu",9,1980,"tmax",31.8
"Wamangu",9,1980,"tavg",26.45
"Wamangu",9,1980,"ppt",100.4
"Wamangu",10,1980,"tmin",21.7
"Wamangu",10,1980,"tmax",31.7
"Wamangu",10,1980,"tavg",26.7
"Wamangu",10,1980,"ppt",144.9
"Wamangu",11,1980,"tmin",21.7
"Wamangu",11,1980,"tmax",31.7
"Wamangu",11,1980,"tavg",26.7
"Wamangu",11,1980,"ppt",168.7
"Wamangu",12,1980,"tmin",21.9
"Wamangu",12,1980,"tmax",31.6
"Wamangu",12,1980,"tavg",26.75
"Wamangu",12,1980,"ppt",147.3
"Wanang",1,1980,"tmin",21.2
"Wanang",1,1980,"tmax",30.6
"Wanang",1,1980,"tavg",25.9
"Wanang",1,1980,"ppt",388.9
"Wanang",2,1980,"tmin",21
"Wanang",2,1980,"tmax",30
"Wanang",2,1980,"tavg",25.5
"Wanang",2,1980,"ppt",403.2
"Wanang",3,1980,"tmin",21.1
"Wanang",3,1980,"tmax",29.2
"Wanang",3,1980,"tavg",25.15
"Wanang",3,1980,"ppt",378.8
"Wanang",4,1980,"tmin",20.9
"Wanang",4,1980,"tmax",30.9
"Wanang",4,1980,"tavg",25.9
"Wanang",4,1980,"ppt",240.4
"Wanang",5,1980,"tmin",21
"Wanang",5,1980,"tmax",30.3
"Wanang",5,1980,"tavg",25.65
"Wanang",5,1980,"ppt",118.8
"Wanang",6,1980,"tmin",20.7
"Wanang",6,1980,"tmax",29.8
"Wanang",6,1980,"tavg",25.25
"Wanang",6,1980,"ppt",122.4
"Wanang",7,1980,"tmin",19.9
"Wanang",7,1980,"tmax",28.3
"Wanang",7,1980,"tavg",24.1
"Wanang",7,1980,"ppt",161.6
"Wanang",8,1980,"tmin",20.3
"Wanang",8,1980,"tmax",28.6
"Wanang",8,1980,"tavg",24.45
"Wanang",8,1980,"ppt",214.7
"Wanang",9,1980,"tmin",20.6
"Wanang",9,1980,"tmax",28.7
"Wanang",9,1980,"tavg",24.65
"Wanang",9,1980,"ppt",277.2
"Wanang",10,1980,"tmin",20.6
"Wanang",10,1980,"tmax",30.6
"Wanang",10,1980,"tavg",25.6
"Wanang",10,1980,"ppt",174.6
"Wanang",11,1980,"tmin",20.7
"Wanang",11,1980,"tmax",30.5
"Wanang",11,1980,"tavg",25.6
"Wanang",11,1980,"ppt",260.3
"Wanang",12,1980,"tmin",20.8
"Wanang",12,1980,"tmax",30.1
"Wanang",12,1980,"tavg",25.45
"Wanang",12,1980,"ppt",316.7
"Yapsiei",1,1980,"tmin",22.2
"Yapsiei",1,1980,"tmax",30.8
"Yapsiei",1,1980,"tavg",26.5
"Yapsiei",1,1980,"ppt",346.9
"Yapsiei",2,1980,"tmin",21.9
"Yapsiei",2,1980,"tmax",30
"Yapsiei",2,1980,"tavg",25.95
"Yapsiei",2,1980,"ppt",362.8
"Yapsiei",3,1980,"tmin",21.7
"Yapsiei",3,1980,"tmax",29.8
"Yapsiei",3,1980,"tavg",25.75
"Yapsiei",3,1980,"ppt",368.7
"Yapsiei",4,1980,"tmin",22
"Yapsiei",4,1980,"tmax",30.6
"Yapsiei",4,1980,"tavg",26.3
"Yapsiei",4,1980,"ppt",384.6
"Yapsiei",5,1980,"tmin",22
"Yapsiei",5,1980,"tmax",30
"Yapsiei",5,1980,"tavg",26
"Yapsiei",5,1980,"ppt",267.8
"Yapsiei",6,1980,"tmin",21.9
"Yapsiei",6,1980,"tmax",29.7
"Yapsiei",6,1980,"tavg",25.8
"Yapsiei",6,1980,"ppt",158.1
"Yapsiei",7,1980,"tmin",21.5
"Yapsiei",7,1980,"tmax",28.7
"Yapsiei",7,1980,"tavg",25.1
"Yapsiei",7,1980,"ppt",282.8
"Yapsiei",8,1980,"tmin",21.5
"Yapsiei",8,1980,"tmax",28.5
"Yapsiei",8,1980,"tavg",25
"Yapsiei",8,1980,"ppt",398.8
"Yapsiei",9,1980,"tmin",21.5
"Yapsiei",9,1980,"tmax",29.7
"Yapsiei",9,1980,"tavg",25.6
"Yapsiei",9,1980,"ppt",270.2
"Yapsiei",10,1980,"tmin",21.5
"Yapsiei",10,1980,"tmax",30.7
"Yapsiei",10,1980,"tavg",26.1
"Yapsiei",10,1980,"ppt",264.5
"Yapsiei",11,1980,"tmin",21.6
"Yapsiei",11,1980,"tmax",31.4
"Yapsiei",11,1980,"tavg",26.5
"Yapsiei",11,1980,"ppt",201.7
"Yapsiei",12,1980,"tmin",21.8
"Yapsiei",12,1980,"tmax",31.3
"Yapsiei",12,1980,"tavg",26.55
"Yapsiei",12,1980,"ppt",211.6
"Elem",1,1981,"tmin",20.2
"Elem",1,1981,"tmax",31.5
"Elem",1,1981,"tavg",25.85
"Elem",1,1981,"ppt",303.4
"Elem",2,1981,"tmin",20.3
"Elem",2,1981,"tmax",31
"Elem",2,1981,"tavg",25.65
"Elem",2,1981,"ppt",258.2
"Elem",3,1981,"tmin",20
"Elem",3,1981,"tmax",31.1
"Elem",3,1981,"tavg",25.55
"Elem",3,1981,"ppt",337.8
"Elem",4,1981,"tmin",20.4
"Elem",4,1981,"tmax",30.8
"Elem",4,1981,"tavg",25.6
"Elem",4,1981,"ppt",381.4
"Elem",5,1981,"tmin",20.1
"Elem",5,1981,"tmax",31.7
"Elem",5,1981,"tavg",25.9
"Elem",5,1981,"ppt",150.7
"Elem",6,1981,"tmin",20.1
"Elem",6,1981,"tmax",30.4
"Elem",6,1981,"tavg",25.25
"Elem",6,1981,"ppt",153.6
"Elem",7,1981,"tmin",19.7
"Elem",7,1981,"tmax",30
"Elem",7,1981,"tavg",24.85
"Elem",7,1981,"ppt",146.2
"Elem",8,1981,"tmin",19.6
"Elem",8,1981,"tmax",30.8
"Elem",8,1981,"tavg",25.2
"Elem",8,1981,"ppt",123.2
"Elem",9,1981,"tmin",20.1
"Elem",9,1981,"tmax",30.9
"Elem",9,1981,"tavg",25.5
"Elem",9,1981,"ppt",235.7
"Elem",10,1981,"tmin",20.2
"Elem",10,1981,"tmax",30.9
"Elem",10,1981,"tavg",25.55
"Elem",10,1981,"ppt",284.1
"Elem",11,1981,"tmin",20.2
"Elem",11,1981,"tmax",31.3
"Elem",11,1981,"tavg",25.75
"Elem",11,1981,"ppt",277.3
"Elem",12,1981,"tmin",20.9
"Elem",12,1981,"tmax",31.4
"Elem",12,1981,"tavg",26.15
"Elem",12,1981,"ppt",421.8
"Morox",1,1981,"tmin",22.1
"Morox",1,1981,"tmax",32.1
"Morox",1,1981,"tavg",27.1
"Morox",1,1981,"ppt",144.1
"Morox",2,1981,"tmin",22.1
"Morox",2,1981,"tmax",31.6
"Morox",2,1981,"tavg",26.85
"Morox",2,1981,"ppt",159.2
"Morox",3,1981,"tmin",21.7
"Morox",3,1981,"tmax",31.7
"Morox",3,1981,"tavg",26.7
"Morox",3,1981,"ppt",205.6
"Morox",4,1981,"tmin",21.7
"Morox",4,1981,"tmax",31.5
"Morox",4,1981,"tavg",26.6
"Morox",4,1981,"ppt",271.8
"Morox",5,1981,"tmin",22
"Morox",5,1981,"tmax",32.4
"Morox",5,1981,"tavg",27.2
"Morox",5,1981,"ppt",111.9
"Morox",6,1981,"tmin",21.3
"Morox",6,1981,"tmax",31.4
"Morox",6,1981,"tavg",26.35
"Morox",6,1981,"ppt",123
"Morox",7,1981,"tmin",21
"Morox",7,1981,"tmax",31.3
"Morox",7,1981,"tavg",26.15
"Morox",7,1981,"ppt",86.1
"Morox",8,1981,"tmin",21.2
"Morox",8,1981,"tmax",32.6
"Morox",8,1981,"tavg",26.9
"Morox",8,1981,"ppt",49.7
"Morox",9,1981,"tmin",21.5
"Morox",9,1981,"tmax",31.8
"Morox",9,1981,"tavg",26.65
"Morox",9,1981,"ppt",137.4
"Morox",10,1981,"tmin",21.9
"Morox",10,1981,"tmax",32.1
"Morox",10,1981,"tavg",27
"Morox",10,1981,"ppt",162.7
"Morox",11,1981,"tmin",22.1
"Morox",11,1981,"tmax",32
"Morox",11,1981,"tavg",27.05
"Morox",11,1981,"ppt",211.3
"Morox",12,1981,"tmin",22.3
"Morox",12,1981,"tmax",32.3
"Morox",12,1981,"tavg",27.3
"Morox",12,1981,"ppt",232.1
"Niksek",1,1981,"tmin",20.9
"Niksek",1,1981,"tmax",31.5
"Niksek",1,1981,"tavg",26.2
"Niksek",1,1981,"ppt",249.8
"Niksek",2,1981,"tmin",21
"Niksek",2,1981,"tmax",31.1
"Niksek",2,1981,"tavg",26.05
"Niksek",2,1981,"ppt",249
"Niksek",3,1981,"tmin",20.9
"Niksek",3,1981,"tmax",31.2
"Niksek",3,1981,"tavg",26.05
"Niksek",3,1981,"ppt",392.5
"Niksek",4,1981,"tmin",21.2
"Niksek",4,1981,"tmax",31
"Niksek",4,1981,"tavg",26.1
"Niksek",4,1981,"ppt",323.4
"Niksek",5,1981,"tmin",21.4
"Niksek",5,1981,"tmax",31.5
"Niksek",5,1981,"tavg",26.45
"Niksek",5,1981,"ppt",138.1
"Niksek",6,1981,"tmin",21.1
"Niksek",6,1981,"tmax",30
"Niksek",6,1981,"tavg",25.55
"Niksek",6,1981,"ppt",191
"Niksek",7,1981,"tmin",20.8
"Niksek",7,1981,"tmax",29.5
"Niksek",7,1981,"tavg",25.15
"Niksek",7,1981,"ppt",234.8
"Niksek",8,1981,"tmin",20.5
"Niksek",8,1981,"tmax",30.9
"Niksek",8,1981,"tavg",25.7
"Niksek",8,1981,"ppt",243.2
"Niksek",9,1981,"tmin",21.4
"Niksek",9,1981,"tmax",30.7
"Niksek",9,1981,"tavg",26.05
"Niksek",9,1981,"ppt",268
"Niksek",10,1981,"tmin",21.2
"Niksek",10,1981,"tmax",30.8
"Niksek",10,1981,"tavg",26
"Niksek",10,1981,"ppt",319.3
"Niksek",11,1981,"tmin",21.4
"Niksek",11,1981,"tmax",31.6
"Niksek",11,1981,"tavg",26.5
"Niksek",11,1981,"ppt",179.7
"Niksek",12,1981,"tmin",21.7
"Niksek",12,1981,"tmax",31.4
"Niksek",12,1981,"tavg",26.55
"Niksek",12,1981,"ppt",383.8
"Ohu",1,1981,"tmin",22
"Ohu",1,1981,"tmax",30.4
"Ohu",1,1981,"tavg",26.2
"Ohu",1,1981,"ppt",240.5
"Ohu",2,1981,"tmin",22
"Ohu",2,1981,"tmax",30.5
"Ohu",2,1981,"tavg",26.25
"Ohu",2,1981,"ppt",238.5
"Ohu",3,1981,"tmin",21.8
"Ohu",3,1981,"tmax",30.1
"Ohu",3,1981,"tavg",25.95
"Ohu",3,1981,"ppt",206.6
"Ohu",4,1981,"tmin",21.8
"Ohu",4,1981,"tmax",29.5
"Ohu",4,1981,"tavg",25.65
"Ohu",4,1981,"ppt",340.9
"Ohu",5,1981,"tmin",21.9
"Ohu",5,1981,"tmax",30.3
"Ohu",5,1981,"tavg",26.1
"Ohu",5,1981,"ppt",72.3
"Ohu",6,1981,"tmin",21.2
"Ohu",6,1981,"tmax",28.8
"Ohu",6,1981,"tavg",25
"Ohu",6,1981,"ppt",266.6
"Ohu",7,1981,"tmin",21
"Ohu",7,1981,"tmax",28.6
"Ohu",7,1981,"tavg",24.8
"Ohu",7,1981,"ppt",118.2
"Ohu",8,1981,"tmin",20.8
"Ohu",8,1981,"tmax",28.6
"Ohu",8,1981,"tavg",24.7
"Ohu",8,1981,"ppt",102
"Ohu",9,1981,"tmin",21.8
"Ohu",9,1981,"tmax",29.5
"Ohu",9,1981,"tavg",25.65
"Ohu",9,1981,"ppt",223.6
"Ohu",10,1981,"tmin",21.5
"Ohu",10,1981,"tmax",29.7
"Ohu",10,1981,"tavg",25.6
"Ohu",10,1981,"ppt",227.5
"Ohu",11,1981,"tmin",21.5
"Ohu",11,1981,"tmax",30.4
"Ohu",11,1981,"tavg",25.95
"Ohu",11,1981,"ppt",306.4
"Ohu",12,1981,"tmin",22
"Ohu",12,1981,"tmax",30.2
"Ohu",12,1981,"tavg",26.1
"Ohu",12,1981,"ppt",300
"Utai",1,1981,"tmin",21.7
"Utai",1,1981,"tmax",29.8
"Utai",1,1981,"tavg",25.75
"Utai",1,1981,"ppt",250.5
"Utai",2,1981,"tmin",22
"Utai",2,1981,"tmax",29.5
"Utai",2,1981,"tavg",25.75
"Utai",2,1981,"ppt",148.3
"Utai",3,1981,"tmin",21.8
"Utai",3,1981,"tmax",29.7
"Utai",3,1981,"tavg",25.75
"Utai",3,1981,"ppt",216.4
"Utai",4,1981,"tmin",22
"Utai",4,1981,"tmax",29.4
"Utai",4,1981,"tavg",25.7
"Utai",4,1981,"ppt",258.7
"Utai",5,1981,"tmin",22
"Utai",5,1981,"tmax",29.8
"Utai",5,1981,"tavg",25.9
"Utai",5,1981,"ppt",155.3
"Utai",6,1981,"tmin",21.4
"Utai",6,1981,"tmax",28.1
"Utai",6,1981,"tavg",24.75
"Utai",6,1981,"ppt",150.9
"Utai",7,1981,"tmin",21.3
"Utai",7,1981,"tmax",28.4
"Utai",7,1981,"tavg",24.85
"Utai",7,1981,"ppt",144.5
"Utai",8,1981,"tmin",21.4
"Utai",8,1981,"tmax",29
"Utai",8,1981,"tavg",25.2
"Utai",8,1981,"ppt",128.3
"Utai",9,1981,"tmin",21.9
"Utai",9,1981,"tmax",29.3
"Utai",9,1981,"tavg",25.6
"Utai",9,1981,"ppt",207.8
"Utai",10,1981,"tmin",21.9
"Utai",10,1981,"tmax",29.8
"Utai",10,1981,"tavg",25.85
"Utai",10,1981,"ppt",265.7
"Utai",11,1981,"tmin",22
"Utai",11,1981,"tmax",30.3
"Utai",11,1981,"tavg",26.15
"Utai",11,1981,"ppt",201.1
"Utai",12,1981,"tmin",22.1
"Utai",12,1981,"tmax",30.4
"Utai",12,1981,"tavg",26.25
"Utai",12,1981,"ppt",239.1
"Wamangu",1,1981,"tmin",22
"Wamangu",1,1981,"tmax",31.7
"Wamangu",1,1981,"tavg",26.85
"Wamangu",1,1981,"ppt",106.6
"Wamangu",2,1981,"tmin",22.1
"Wamangu",2,1981,"tmax",31.1
"Wamangu",2,1981,"tavg",26.6
"Wamangu",2,1981,"ppt",108.2
"Wamangu",3,1981,"tmin",21.6
"Wamangu",3,1981,"tmax",31.3
"Wamangu",3,1981,"tavg",26.45
"Wamangu",3,1981,"ppt",156
"Wamangu",4,1981,"tmin",21.8
"Wamangu",4,1981,"tmax",31.3
"Wamangu",4,1981,"tavg",26.55
"Wamangu",4,1981,"ppt",224.5
"Wamangu",5,1981,"tmin",21.9
"Wamangu",5,1981,"tmax",31.9
"Wamangu",5,1981,"tavg",26.9
"Wamangu",5,1981,"ppt",126.4
"Wamangu",6,1981,"tmin",21.2
"Wamangu",6,1981,"tmax",30.8
"Wamangu",6,1981,"tavg",26
"Wamangu",6,1981,"ppt",124.6
"Wamangu",7,1981,"tmin",21.1
"Wamangu",7,1981,"tmax",30.8
"Wamangu",7,1981,"tavg",25.95
"Wamangu",7,1981,"ppt",100.4
"Wamangu",8,1981,"tmin",20.8
"Wamangu",8,1981,"tmax",32.4
"Wamangu",8,1981,"tavg",26.6
"Wamangu",8,1981,"ppt",57.1
"Wamangu",9,1981,"tmin",21.5
"Wamangu",9,1981,"tmax",31.5
"Wamangu",9,1981,"tavg",26.5
"Wamangu",9,1981,"ppt",179.1
"Wamangu",10,1981,"tmin",21.8
"Wamangu",10,1981,"tmax",31.6
"Wamangu",10,1981,"tavg",26.7
"Wamangu",10,1981,"ppt",196.3
"Wamangu",11,1981,"tmin",21.8
"Wamangu",11,1981,"tmax",31.7
"Wamangu",11,1981,"tavg",26.75
"Wamangu",11,1981,"ppt",176.5
"Wamangu",12,1981,"tmin",22.3
"Wamangu",12,1981,"tmax",31.8
"Wamangu",12,1981,"tavg",27.05
"Wamangu",12,1981,"ppt",179.9
"Wanang",1,1981,"tmin",20.9
"Wanang",1,1981,"tmax",30.5
"Wanang",1,1981,"tavg",25.7
"Wanang",1,1981,"ppt",282.1
"Wanang",2,1981,"tmin",21.1
"Wanang",2,1981,"tmax",29.9
"Wanang",2,1981,"tavg",25.5
"Wanang",2,1981,"ppt",255.9
"Wanang",3,1981,"tmin",20.8
"Wanang",3,1981,"tmax",30.8
"Wanang",3,1981,"tavg",25.8
"Wanang",3,1981,"ppt",305.6
"Wanang",4,1981,"tmin",21
"Wanang",4,1981,"tmax",29.4
"Wanang",4,1981,"tavg",25.2
"Wanang",4,1981,"ppt",402.4
"Wanang",5,1981,"tmin",20.8
"Wanang",5,1981,"tmax",31.1
"Wanang",5,1981,"tavg",25.95
"Wanang",5,1981,"ppt",108.4
"Wanang",6,1981,"tmin",20.3
"Wanang",6,1981,"tmax",29
"Wanang",6,1981,"tavg",24.65
"Wanang",6,1981,"ppt",196.6
"Wanang",7,1981,"tmin",20
"Wanang",7,1981,"tmax",29
"Wanang",7,1981,"tavg",24.5
"Wanang",7,1981,"ppt",143.5
"Wanang",8,1981,"tmin",19.9
"Wanang",8,1981,"tmax",29.1
"Wanang",8,1981,"tavg",24.5
"Wanang",8,1981,"ppt",148.7
"Wanang",9,1981,"tmin",20.9
"Wanang",9,1981,"tmax",29.7
"Wanang",9,1981,"tavg",25.3
"Wanang",9,1981,"ppt",285.1
"Wanang",10,1981,"tmin",20.6
"Wanang",10,1981,"tmax",29.6
"Wanang",10,1981,"tavg",25.1
"Wanang",10,1981,"ppt",287.3
"Wanang",11,1981,"tmin",20.5
"Wanang",11,1981,"tmax",30.4
"Wanang",11,1981,"tavg",25.45
"Wanang",11,1981,"ppt",393.3
"Wanang",12,1981,"tmin",21.2
"Wanang",12,1981,"tmax",30.4
"Wanang",12,1981,"tavg",25.8
"Wanang",12,1981,"ppt",361.2
"Yapsiei",1,1981,"tmin",21.8
"Yapsiei",1,1981,"tmax",31.1
"Yapsiei",1,1981,"tavg",26.45
"Yapsiei",1,1981,"ppt",382.5
"Yapsiei",2,1981,"tmin",21.7
"Yapsiei",2,1981,"tmax",30.3
"Yapsiei",2,1981,"tavg",26
"Yapsiei",2,1981,"ppt",255.1
"Yapsiei",3,1981,"tmin",21.5
"Yapsiei",3,1981,"tmax",30.7
"Yapsiei",3,1981,"tavg",26.1
"Yapsiei",3,1981,"ppt",344.1
"Yapsiei",4,1981,"tmin",21.9
"Yapsiei",4,1981,"tmax",30.2
"Yapsiei",4,1981,"tavg",26.05
"Yapsiei",4,1981,"ppt",309.4
"Yapsiei",5,1981,"tmin",21.7
"Yapsiei",5,1981,"tmax",30.8
"Yapsiei",5,1981,"tavg",26.25
"Yapsiei",5,1981,"ppt",130.5
"Yapsiei",6,1981,"tmin",21.5
"Yapsiei",6,1981,"tmax",29.4
"Yapsiei",6,1981,"tavg",25.45
"Yapsiei",6,1981,"ppt",229.3
"Yapsiei",7,1981,"tmin",21.2
"Yapsiei",7,1981,"tmax",29
"Yapsiei",7,1981,"tavg",25.1
"Yapsiei",7,1981,"ppt",291.2
"Yapsiei",8,1981,"tmin",20.8
"Yapsiei",8,1981,"tmax",29.4
"Yapsiei",8,1981,"tavg",25.1
"Yapsiei",8,1981,"ppt",274.3
"Yapsiei",9,1981,"tmin",21.7
"Yapsiei",9,1981,"tmax",30.1
"Yapsiei",9,1981,"tavg",25.9
"Yapsiei",9,1981,"ppt",233.5
"Yapsiei",10,1981,"tmin",21.7
"Yapsiei",10,1981,"tmax",30.6
"Yapsiei",10,1981,"tavg",26.15
"Yapsiei",10,1981,"ppt",350
"Yapsiei",11,1981,"tmin",21.8
"Yapsiei",11,1981,"tmax",31.3
"Yapsiei",11,1981,"tavg",26.55
"Yapsiei",11,1981,"ppt",255.5
"Yapsiei",12,1981,"tmin",22.1
"Yapsiei",12,1981,"tmax",31.4
"Yapsiei",12,1981,"tavg",26.75
"Yapsiei",12,1981,"ppt",289.5
"Elem",1,1982,"tmin",20.2
"Elem",1,1982,"tmax",31.3
"Elem",1,1982,"tavg",25.75
"Elem",1,1982,"ppt",271.9
"Elem",2,1982,"tmin",20.3
"Elem",2,1982,"tmax",31.1
"Elem",2,1982,"tavg",25.7
"Elem",2,1982,"ppt",303.9
"Elem",3,1982,"tmin",20.3
"Elem",3,1982,"tmax",30.6
"Elem",3,1982,"tavg",25.45
"Elem",3,1982,"ppt",463.9
"Elem",4,1982,"tmin",20.2
"Elem",4,1982,"tmax",31.1
"Elem",4,1982,"tavg",25.65
"Elem",4,1982,"ppt",274.2
"Elem",5,1982,"tmin",20.3
"Elem",5,1982,"tmax",31.2
"Elem",5,1982,"tavg",25.75
"Elem",5,1982,"ppt",232
"Elem",6,1982,"tmin",20
"Elem",6,1982,"tmax",30.5
"Elem",6,1982,"tavg",25.25
"Elem",6,1982,"ppt",195.3
"Elem",7,1982,"tmin",19.6
"Elem",7,1982,"tmax",30
"Elem",7,1982,"tavg",24.8
"Elem",7,1982,"ppt",159.2
"Elem",8,1982,"tmin",19.8
"Elem",8,1982,"tmax",30.3
"Elem",8,1982,"tavg",25.05
"Elem",8,1982,"ppt",163.7
"Elem",9,1982,"tmin",20.1
"Elem",9,1982,"tmax",30.9
"Elem",9,1982,"tavg",25.5
"Elem",9,1982,"ppt",155
"Elem",10,1982,"tmin",19.7
"Elem",10,1982,"tmax",31.2
"Elem",10,1982,"tavg",25.45
"Elem",10,1982,"ppt",190.8
"Elem",11,1982,"tmin",19.9
"Elem",11,1982,"tmax",30.4
"Elem",11,1982,"tavg",25.15
"Elem",11,1982,"ppt",337.8
"Elem",12,1982,"tmin",20.4
"Elem",12,1982,"tmax",31.1
"Elem",12,1982,"tavg",25.75
"Elem",12,1982,"ppt",332.3
"Morox",1,1982,"tmin",22.2
"Morox",1,1982,"tmax",32
"Morox",1,1982,"tavg",27.1
"Morox",1,1982,"ppt",173.4
"Morox",2,1982,"tmin",21.8
"Morox",2,1982,"tmax",31.7
"Morox",2,1982,"tavg",26.75
"Morox",2,1982,"ppt",214.2
"Morox",3,1982,"tmin",21.7
"Morox",3,1982,"tmax",31.3
"Morox",3,1982,"tavg",26.5
"Morox",3,1982,"ppt",258.4
"Morox",4,1982,"tmin",21.6
"Morox",4,1982,"tmax",31.9
"Morox",4,1982,"tavg",26.75
"Morox",4,1982,"ppt",151.6
"Morox",5,1982,"tmin",21.8
"Morox",5,1982,"tmax",32.2
"Morox",5,1982,"tavg",27
"Morox",5,1982,"ppt",156.6
"Morox",6,1982,"tmin",21.4
"Morox",6,1982,"tmax",31.6
"Morox",6,1982,"tavg",26.5
"Morox",6,1982,"ppt",104.4
"Morox",7,1982,"tmin",20.7
"Morox",7,1982,"tmax",31.8
"Morox",7,1982,"tavg",26.25
"Morox",7,1982,"ppt",67.8
"Morox",8,1982,"tmin",20.7
"Morox",8,1982,"tmax",32.1
"Morox",8,1982,"tavg",26.4
"Morox",8,1982,"ppt",78.9
"Morox",9,1982,"tmin",21.2
"Morox",9,1982,"tmax",32.6
"Morox",9,1982,"tavg",26.9
"Morox",9,1982,"ppt",53.8
"Morox",10,1982,"tmin",21.5
"Morox",10,1982,"tmax",32.6
"Morox",10,1982,"tavg",27.05
"Morox",10,1982,"ppt",73.9
"Morox",11,1982,"tmin",21.6
"Morox",11,1982,"tmax",31.6
"Morox",11,1982,"tavg",26.6
"Morox",11,1982,"ppt",211.4
"Morox",12,1982,"tmin",22.1
"Morox",12,1982,"tmax",32
"Morox",12,1982,"tavg",27.05
"Morox",12,1982,"ppt",188.4
"Niksek",1,1982,"tmin",21
"Niksek",1,1982,"tmax",31.4
"Niksek",1,1982,"tavg",26.2
"Niksek",1,1982,"ppt",227.7
"Niksek",2,1982,"tmin",21
"Niksek",2,1982,"tmax",31.1
"Niksek",2,1982,"tavg",26.05
"Niksek",2,1982,"ppt",282.8
"Niksek",3,1982,"tmin",21.1
"Niksek",3,1982,"tmax",31.3
"Niksek",3,1982,"tavg",26.2
"Niksek",3,1982,"ppt",523.7
"Niksek",4,1982,"tmin",21.4
"Niksek",4,1982,"tmax",31.6
"Niksek",4,1982,"tavg",26.5
"Niksek",4,1982,"ppt",276.9
"Niksek",5,1982,"tmin",21.6
"Niksek",5,1982,"tmax",31.2
"Niksek",5,1982,"tavg",26.4
"Niksek",5,1982,"ppt",286.2
"Niksek",6,1982,"tmin",21.4
"Niksek",6,1982,"tmax",30.5
"Niksek",6,1982,"tavg",25.95
"Niksek",6,1982,"ppt",173.7
"Niksek",7,1982,"tmin",20.6
"Niksek",7,1982,"tmax",29.9
"Niksek",7,1982,"tavg",25.25
"Niksek",7,1982,"ppt",299.5
"Niksek",8,1982,"tmin",20.5
"Niksek",8,1982,"tmax",30.6
"Niksek",8,1982,"tavg",25.55
"Niksek",8,1982,"ppt",242.4
"Niksek",9,1982,"tmin",20.9
"Niksek",9,1982,"tmax",31.2
"Niksek",9,1982,"tavg",26.05
"Niksek",9,1982,"ppt",214.5
"Niksek",10,1982,"tmin",20.7
"Niksek",10,1982,"tmax",31.3
"Niksek",10,1982,"tavg",26
"Niksek",10,1982,"ppt",204.1
"Niksek",11,1982,"tmin",20.9
"Niksek",11,1982,"tmax",31.4
"Niksek",11,1982,"tavg",26.15
"Niksek",11,1982,"ppt",222.4
"Niksek",12,1982,"tmin",21.1
"Niksek",12,1982,"tmax",31.1
"Niksek",12,1982,"tavg",26.1
"Niksek",12,1982,"ppt",301.6
"Ohu",1,1982,"tmin",22
"Ohu",1,1982,"tmax",30.6
"Ohu",1,1982,"tavg",26.3
"Ohu",1,1982,"ppt",313.2
"Ohu",2,1982,"tmin",21.8
"Ohu",2,1982,"tmax",30.1
"Ohu",2,1982,"tavg",25.95
"Ohu",2,1982,"ppt",283.7
"Ohu",3,1982,"tmin",21.9
"Ohu",3,1982,"tmax",30
"Ohu",3,1982,"tavg",25.95
"Ohu",3,1982,"ppt",353.6
"Ohu",4,1982,"tmin",21.8
"Ohu",4,1982,"tmax",29.9
"Ohu",4,1982,"tavg",25.85
"Ohu",4,1982,"ppt",273.2
"Ohu",5,1982,"tmin",21.6
"Ohu",5,1982,"tmax",29.6
"Ohu",5,1982,"tavg",25.6
"Ohu",5,1982,"ppt",196.3
"Ohu",6,1982,"tmin",21.1
"Ohu",6,1982,"tmax",28.7
"Ohu",6,1982,"tavg",24.9
"Ohu",6,1982,"ppt",256.5
"Ohu",7,1982,"tmin",20.4
"Ohu",7,1982,"tmax",28.1
"Ohu",7,1982,"tavg",24.25
"Ohu",7,1982,"ppt",133.5
"Ohu",8,1982,"tmin",20.6
"Ohu",8,1982,"tmax",28.2
"Ohu",8,1982,"tavg",24.4
"Ohu",8,1982,"ppt",144
"Ohu",9,1982,"tmin",20.7
"Ohu",9,1982,"tmax",28.9
"Ohu",9,1982,"tavg",24.8
"Ohu",9,1982,"ppt",109.5
"Ohu",10,1982,"tmin",21.1
"Ohu",10,1982,"tmax",29.6
"Ohu",10,1982,"tavg",25.35
"Ohu",10,1982,"ppt",121.8
"Ohu",11,1982,"tmin",21
"Ohu",11,1982,"tmax",29.2
"Ohu",11,1982,"tavg",25.1
"Ohu",11,1982,"ppt",244.8
"Ohu",12,1982,"tmin",21.7
"Ohu",12,1982,"tmax",29.9
"Ohu",12,1982,"tavg",25.8
"Ohu",12,1982,"ppt",384.5
"Utai",1,1982,"tmin",22
"Utai",1,1982,"tmax",29.8
"Utai",1,1982,"tavg",25.9
"Utai",1,1982,"ppt",215.2
"Utai",2,1982,"tmin",22
"Utai",2,1982,"tmax",29.9
"Utai",2,1982,"tavg",25.95
"Utai",2,1982,"ppt",188.4
"Utai",3,1982,"tmin",22.1
"Utai",3,1982,"tmax",29.8
"Utai",3,1982,"tavg",25.95
"Utai",3,1982,"ppt",263.7
"Utai",4,1982,"tmin",22.1
"Utai",4,1982,"tmax",30.2
"Utai",4,1982,"tavg",26.15
"Utai",4,1982,"ppt",164.6
"Utai",5,1982,"tmin",22
"Utai",5,1982,"tmax",30.1
"Utai",5,1982,"tavg",26.05
"Utai",5,1982,"ppt",186.4
"Utai",6,1982,"tmin",21.4
"Utai",6,1982,"tmax",29
"Utai",6,1982,"tavg",25.2
"Utai",6,1982,"ppt",151.2
"Utai",7,1982,"tmin",21
"Utai",7,1982,"tmax",29.2
"Utai",7,1982,"tavg",25.1
"Utai",7,1982,"ppt",105
"Utai",8,1982,"tmin",21.1
"Utai",8,1982,"tmax",29
"Utai",8,1982,"tavg",25.05
"Utai",8,1982,"ppt",176.3
"Utai",9,1982,"tmin",21.5
"Utai",9,1982,"tmax",29.9
"Utai",9,1982,"tavg",25.7
"Utai",9,1982,"ppt",105.1
"Utai",10,1982,"tmin",21.2
"Utai",10,1982,"tmax",30.5
"Utai",10,1982,"tavg",25.85
"Utai",10,1982,"ppt",141.4
"Utai",11,1982,"tmin",21.7
"Utai",11,1982,"tmax",30.3
"Utai",11,1982,"tavg",26
"Utai",11,1982,"ppt",188.6
"Utai",12,1982,"tmin",21.5
"Utai",12,1982,"tmax",30.2
"Utai",12,1982,"tavg",25.85
"Utai",12,1982,"ppt",239.5
"Wamangu",1,1982,"tmin",22.1
"Wamangu",1,1982,"tmax",31.6
"Wamangu",1,1982,"tavg",26.85
"Wamangu",1,1982,"ppt",141.9
"Wamangu",2,1982,"tmin",21.8
"Wamangu",2,1982,"tmax",31.2
"Wamangu",2,1982,"tavg",26.5
"Wamangu",2,1982,"ppt",174.7
"Wamangu",3,1982,"tmin",21.8
"Wamangu",3,1982,"tmax",31.1
"Wamangu",3,1982,"tavg",26.45
"Wamangu",3,1982,"ppt",228
"Wamangu",4,1982,"tmin",21.7
"Wamangu",4,1982,"tmax",31.6
"Wamangu",4,1982,"tavg",26.65
"Wamangu",4,1982,"ppt",120.5
"Wamangu",5,1982,"tmin",21.8
"Wamangu",5,1982,"tmax",31.9
"Wamangu",5,1982,"tavg",26.85
"Wamangu",5,1982,"ppt",179.9
"Wamangu",6,1982,"tmin",21.3
"Wamangu",6,1982,"tmax",31.2
"Wamangu",6,1982,"tavg",26.25
"Wamangu",6,1982,"ppt",109.9
"Wamangu",7,1982,"tmin",20.6
"Wamangu",7,1982,"tmax",31.4
"Wamangu",7,1982,"tavg",26
"Wamangu",7,1982,"ppt",67.8
"Wamangu",8,1982,"tmin",20.6
"Wamangu",8,1982,"tmax",31.9
"Wamangu",8,1982,"tavg",26.25
"Wamangu",8,1982,"ppt",81.6
"Wamangu",9,1982,"tmin",20.8
"Wamangu",9,1982,"tmax",32.5
"Wamangu",9,1982,"tavg",26.65
"Wamangu",9,1982,"ppt",50.2
"Wamangu",10,1982,"tmin",21.2
"Wamangu",10,1982,"tmax",32
"Wamangu",10,1982,"tavg",26.6
"Wamangu",10,1982,"ppt",102.8
"Wamangu",11,1982,"tmin",21.3
"Wamangu",11,1982,"tmax",31.4
"Wamangu",11,1982,"tavg",26.35
"Wamangu",11,1982,"ppt",161.1
"Wamangu",12,1982,"tmin",21.7
"Wamangu",12,1982,"tmax",31.5
"Wamangu",12,1982,"tavg",26.6
"Wamangu",12,1982,"ppt",154
"Wanang",1,1982,"tmin",21
"Wanang",1,1982,"tmax",30
"Wanang",1,1982,"tavg",25.5
"Wanang",1,1982,"ppt",298
"Wanang",2,1982,"tmin",20.8
"Wanang",2,1982,"tmax",30.4
"Wanang",2,1982,"tavg",25.6
"Wanang",2,1982,"ppt",324.5
"Wanang",3,1982,"tmin",21.1
"Wanang",3,1982,"tmax",29.3
"Wanang",3,1982,"tavg",25.2
"Wanang",3,1982,"ppt",405.8
"Wanang",4,1982,"tmin",20.9
"Wanang",4,1982,"tmax",30
"Wanang",4,1982,"tavg",25.45
"Wanang",4,1982,"ppt",251.8
"Wanang",5,1982,"tmin",20.8
"Wanang",5,1982,"tmax",30
"Wanang",5,1982,"tavg",25.4
"Wanang",5,1982,"ppt",235.5
"Wanang",6,1982,"tmin",20.2
"Wanang",6,1982,"tmax",29
"Wanang",6,1982,"tavg",24.6
"Wanang",6,1982,"ppt",214
"Wanang",7,1982,"tmin",19.7
"Wanang",7,1982,"tmax",28.3
"Wanang",7,1982,"tavg",24
"Wanang",7,1982,"ppt",124.4
"Wanang",8,1982,"tmin",20.3
"Wanang",8,1982,"tmax",28.3
"Wanang",8,1982,"tavg",24.3
"Wanang",8,1982,"ppt",163.2
"Wanang",9,1982,"tmin",20.2
"Wanang",9,1982,"tmax",29.5
"Wanang",9,1982,"tavg",24.85
"Wanang",9,1982,"ppt",175
"Wanang",10,1982,"tmin",20.3
"Wanang",10,1982,"tmax",30
"Wanang",10,1982,"tavg",25.15
"Wanang",10,1982,"ppt",198.9
"Wanang",11,1982,"tmin",20.3
"Wanang",11,1982,"tmax",29.5
"Wanang",11,1982,"tavg",24.9
"Wanang",11,1982,"ppt",313.3
"Wanang",12,1982,"tmin",20.7
"Wanang",12,1982,"tmax",30
"Wanang",12,1982,"tavg",25.35
"Wanang",12,1982,"ppt",299
"Yapsiei",1,1982,"tmin",21.9
"Yapsiei",1,1982,"tmax",30.9
"Yapsiei",1,1982,"tavg",26.4
"Yapsiei",1,1982,"ppt",202.2
"Yapsiei",2,1982,"tmin",21.7
"Yapsiei",2,1982,"tmax",30.8
"Yapsiei",2,1982,"tavg",26.25
"Yapsiei",2,1982,"ppt",265
"Yapsiei",3,1982,"tmin",21.7
"Yapsiei",3,1982,"tmax",30.5
"Yapsiei",3,1982,"tavg",26.1
"Yapsiei",3,1982,"ppt",360.8
"Yapsiei",4,1982,"tmin",21.9
"Yapsiei",4,1982,"tmax",31
"Yapsiei",4,1982,"tavg",26.45
"Yapsiei",4,1982,"ppt",300.7
"Yapsiei",5,1982,"tmin",22
"Yapsiei",5,1982,"tmax",30.8
"Yapsiei",5,1982,"tavg",26.4
"Yapsiei",5,1982,"ppt",260.7
"Yapsiei",6,1982,"tmin",21.6
"Yapsiei",6,1982,"tmax",29.9
"Yapsiei",6,1982,"tavg",25.75
"Yapsiei",6,1982,"ppt",216.5
"Yapsiei",7,1982,"tmin",21.2
"Yapsiei",7,1982,"tmax",29.5
"Yapsiei",7,1982,"tavg",25.35
"Yapsiei",7,1982,"ppt",249.3
"Yapsiei",8,1982,"tmin",21.2
"Yapsiei",8,1982,"tmax",29.2
"Yapsiei",8,1982,"tavg",25.2
"Yapsiei",8,1982,"ppt",291.4
"Yapsiei",9,1982,"tmin",21.2
"Yapsiei",9,1982,"tmax",30.5
"Yapsiei",9,1982,"tavg",25.85
"Yapsiei",9,1982,"ppt",224.6
"Yapsiei",10,1982,"tmin",21
"Yapsiei",10,1982,"tmax",31.1
"Yapsiei",10,1982,"tavg",26.05
"Yapsiei",10,1982,"ppt",179.2
"Yapsiei",11,1982,"tmin",21.4
"Yapsiei",11,1982,"tmax",31.5
"Yapsiei",11,1982,"tavg",26.45
"Yapsiei",11,1982,"ppt",173.3
"Yapsiei",12,1982,"tmin",21.5
"Yapsiei",12,1982,"tmax",31.1
"Yapsiei",12,1982,"tavg",26.3
"Yapsiei",12,1982,"ppt",275.3
"Elem",1,1983,"tmin",20.5
"Elem",1,1983,"tmax",30.3
"Elem",1,1983,"tavg",25.4
"Elem",1,1983,"ppt",500.3
"Elem",2,1983,"tmin",20.6
"Elem",2,1983,"tmax",30
"Elem",2,1983,"tavg",25.3
"Elem",2,1983,"ppt",333.1
"Elem",3,1983,"tmin",20.6
"Elem",3,1983,"tmax",30.2
"Elem",3,1983,"tavg",25.4
"Elem",3,1983,"ppt",366.2
"Elem",4,1983,"tmin",20.3
"Elem",4,1983,"tmax",31
"Elem",4,1983,"tavg",25.65
"Elem",4,1983,"ppt",271.4
"Elem",5,1983,"tmin",20.6
"Elem",5,1983,"tmax",30.9
"Elem",5,1983,"tavg",25.75
"Elem",5,1983,"ppt",306.6
"Elem",6,1983,"tmin",20.5
"Elem",6,1983,"tmax",30.8
"Elem",6,1983,"tavg",25.65
"Elem",6,1983,"ppt",171.7
"Elem",7,1983,"tmin",20
"Elem",7,1983,"tmax",30.4
"Elem",7,1983,"tavg",25.2
"Elem",7,1983,"ppt",121.4
"Elem",8,1983,"tmin",20
"Elem",8,1983,"tmax",31.1
"Elem",8,1983,"tavg",25.55
"Elem",8,1983,"ppt",157.7
"Elem",9,1983,"tmin",20.1
"Elem",9,1983,"tmax",31.6
"Elem",9,1983,"tavg",25.85
"Elem",9,1983,"ppt",180.6
"Elem",10,1983,"tmin",20.1
"Elem",10,1983,"tmax",31.1
"Elem",10,1983,"tavg",25.6
"Elem",10,1983,"ppt",282
"Elem",11,1983,"tmin",20.1
"Elem",11,1983,"tmax",31.2
"Elem",11,1983,"tavg",25.65
"Elem",11,1983,"ppt",318.2
"Elem",12,1983,"tmin",20.4
"Elem",12,1983,"tmax",31.5
"Elem",12,1983,"tavg",25.95
"Elem",12,1983,"ppt",237
"Morox",1,1983,"tmin",22.1
"Morox",1,1983,"tmax",31.1
"Morox",1,1983,"tavg",26.6
"Morox",1,1983,"ppt",221
"Morox",2,1983,"tmin",21.9
"Morox",2,1983,"tmax",31.1
"Morox",2,1983,"tavg",26.5
"Morox",2,1983,"ppt",215.7
"Morox",3,1983,"tmin",21.9
"Morox",3,1983,"tmax",30.8
"Morox",3,1983,"tavg",26.35
"Morox",3,1983,"ppt",190.9
"Morox",4,1983,"tmin",21.8
"Morox",4,1983,"tmax",31.6
"Morox",4,1983,"tavg",26.7
"Morox",4,1983,"ppt",179.3
"Morox",5,1983,"tmin",21.9
"Morox",5,1983,"tmax",32.1
"Morox",5,1983,"tavg",27
"Morox",5,1983,"ppt",176.2
"Morox",6,1983,"tmin",21.7
"Morox",6,1983,"tmax",31.7
"Morox",6,1983,"tavg",26.7
"Morox",6,1983,"ppt",123.5
"Morox",7,1983,"tmin",21.2
"Morox",7,1983,"tmax",31.8
"Morox",7,1983,"tavg",26.5
"Morox",7,1983,"ppt",61.7
"Morox",8,1983,"tmin",21.4
"Morox",8,1983,"tmax",32.5
"Morox",8,1983,"tavg",26.95
"Morox",8,1983,"ppt",64.5
"Morox",9,1983,"tmin",21.6
"Morox",9,1983,"tmax",32.7
"Morox",9,1983,"tavg",27.15
"Morox",9,1983,"ppt",79.5
"Morox",10,1983,"tmin",21.8
"Morox",10,1983,"tmax",32.1
"Morox",10,1983,"tavg",26.95
"Morox",10,1983,"ppt",196.8
"Morox",11,1983,"tmin",22.1
"Morox",11,1983,"tmax",31.9
"Morox",11,1983,"tavg",27
"Morox",11,1983,"ppt",248.8
"Morox",12,1983,"tmin",22.1
"Morox",12,1983,"tmax",32.3
"Morox",12,1983,"tavg",27.2
"Morox",12,1983,"ppt",159.4
"Niksek",1,1983,"tmin",21.1
"Niksek",1,1983,"tmax",30.7
"Niksek",1,1983,"tavg",25.9
"Niksek",1,1983,"ppt",603.5
"Niksek",2,1983,"tmin",21.2
"Niksek",2,1983,"tmax",30.4
"Niksek",2,1983,"tavg",25.8
"Niksek",2,1983,"ppt",399.1
"Niksek",3,1983,"tmin",21.4
"Niksek",3,1983,"tmax",30.5
"Niksek",3,1983,"tavg",25.95
"Niksek",3,1983,"ppt",392.3
"Niksek",4,1983,"tmin",21.5
"Niksek",4,1983,"tmax",31
"Niksek",4,1983,"tavg",26.25
"Niksek",4,1983,"ppt",225.2
"Niksek",5,1983,"tmin",21.8
"Niksek",5,1983,"tmax",31.2
"Niksek",5,1983,"tavg",26.5
"Niksek",5,1983,"ppt",242.9
"Niksek",6,1983,"tmin",21.7
"Niksek",6,1983,"tmax",30.6
"Niksek",6,1983,"tavg",26.15
"Niksek",6,1983,"ppt",216.1
"Niksek",7,1983,"tmin",21.4
"Niksek",7,1983,"tmax",30.3
"Niksek",7,1983,"tavg",25.85
"Niksek",7,1983,"ppt",202.8
"Niksek",8,1983,"tmin",21.2
"Niksek",8,1983,"tmax",31.3
"Niksek",8,1983,"tavg",26.25
"Niksek",8,1983,"ppt",241.1
"Niksek",9,1983,"tmin",21.5
"Niksek",9,1983,"tmax",31.3
"Niksek",9,1983,"tavg",26.4
"Niksek",9,1983,"ppt",232.7
"Niksek",10,1983,"tmin",21.3
"Niksek",10,1983,"tmax",31.2
"Niksek",10,1983,"tavg",26.25
"Niksek",10,1983,"ppt",313.5
"Niksek",11,1983,"tmin",21.4
"Niksek",11,1983,"tmax",31.8
"Niksek",11,1983,"tavg",26.6
"Niksek",11,1983,"ppt",273.9
"Niksek",12,1983,"tmin",21.2
"Niksek",12,1983,"tmax",31.7
"Niksek",12,1983,"tavg",26.45
"Niksek",12,1983,"ppt",191.1
"Ohu",1,1983,"tmin",21.9
"Ohu",1,1983,"tmax",29.7
"Ohu",1,1983,"tavg",25.8
"Ohu",1,1983,"ppt",382.7
"Ohu",2,1983,"tmin",21.8
"Ohu",2,1983,"tmax",29.3
"Ohu",2,1983,"tavg",25.55
"Ohu",2,1983,"ppt",343
"Ohu",3,1983,"tmin",21.9
"Ohu",3,1983,"tmax",29.3
"Ohu",3,1983,"tavg",25.6
"Ohu",3,1983,"ppt",281.6
"Ohu",4,1983,"tmin",21.8
"Ohu",4,1983,"tmax",29.7
"Ohu",4,1983,"tavg",25.75
"Ohu",4,1983,"ppt",280.7
"Ohu",5,1983,"tmin",21.8
"Ohu",5,1983,"tmax",29.6
"Ohu",5,1983,"tavg",25.7
"Ohu",5,1983,"ppt",291.8
"Ohu",6,1983,"tmin",21.4
"Ohu",6,1983,"tmax",29
"Ohu",6,1983,"tavg",25.2
"Ohu",6,1983,"ppt",200.3
"Ohu",7,1983,"tmin",21
"Ohu",7,1983,"tmax",28.6
"Ohu",7,1983,"tavg",24.8
"Ohu",7,1983,"ppt",94
"Ohu",8,1983,"tmin",21.3
"Ohu",8,1983,"tmax",29.1
"Ohu",8,1983,"tavg",25.2
"Ohu",8,1983,"ppt",54.4
"Ohu",9,1983,"tmin",21.7
"Ohu",9,1983,"tmax",30.1
"Ohu",9,1983,"tavg",25.9
"Ohu",9,1983,"ppt",95.8
"Ohu",10,1983,"tmin",21.5
"Ohu",10,1983,"tmax",29.8
"Ohu",10,1983,"tavg",25.65
"Ohu",10,1983,"ppt",172.6
"Ohu",11,1983,"tmin",21.6
"Ohu",11,1983,"tmax",30.6
"Ohu",11,1983,"tavg",26.1
"Ohu",11,1983,"ppt",245.2
"Ohu",12,1983,"tmin",21.7
"Ohu",12,1983,"tmax",30.5
"Ohu",12,1983,"tavg",26.1
"Ohu",12,1983,"ppt",205.5
"Utai",1,1983,"tmin",22
"Utai",1,1983,"tmax",29.1
"Utai",1,1983,"tavg",25.55
"Utai",1,1983,"ppt",281
"Utai",2,1983,"tmin",22
"Utai",2,1983,"tmax",29.6
"Utai",2,1983,"tavg",25.8
"Utai",2,1983,"ppt",224
"Utai",3,1983,"tmin",22
"Utai",3,1983,"tmax",29.5
"Utai",3,1983,"tavg",25.75
"Utai",3,1983,"ppt",222.3
"Utai",4,1983,"tmin",22
"Utai",4,1983,"tmax",29.8
"Utai",4,1983,"tavg",25.9
"Utai",4,1983,"ppt",198.6
"Utai",5,1983,"tmin",22.2
"Utai",5,1983,"tmax",30.2
"Utai",5,1983,"tavg",26.2
"Utai",5,1983,"ppt",257.9
"Utai",6,1983,"tmin",21.9
"Utai",6,1983,"tmax",29.2
"Utai",6,1983,"tavg",25.55
"Utai",6,1983,"ppt",134.7
"Utai",7,1983,"tmin",21.6
"Utai",7,1983,"tmax",29.6
"Utai",7,1983,"tavg",25.6
"Utai",7,1983,"ppt",92.5
"Utai",8,1983,"tmin",21.8
"Utai",8,1983,"tmax",29.9
"Utai",8,1983,"tavg",25.85
"Utai",8,1983,"ppt",180.4
"Utai",9,1983,"tmin",22
"Utai",9,1983,"tmax",29.9
"Utai",9,1983,"tavg",25.95
"Utai",9,1983,"ppt",178.3
"Utai",10,1983,"tmin",22
"Utai",10,1983,"tmax",29.8
"Utai",10,1983,"tavg",25.9
"Utai",10,1983,"ppt",249.2
"Utai",11,1983,"tmin",21.9
"Utai",11,1983,"tmax",30.3
"Utai",11,1983,"tavg",26.1
"Utai",11,1983,"ppt",265.8
"Utai",12,1983,"tmin",21.6
"Utai",12,1983,"tmax",30.7
"Utai",12,1983,"tavg",26.15
"Utai",12,1983,"ppt",184.5
"Wamangu",1,1983,"tmin",22.1
"Wamangu",1,1983,"tmax",30.8
"Wamangu",1,1983,"tavg",26.45
"Wamangu",1,1983,"ppt",178.2
"Wamangu",2,1983,"tmin",21.7
"Wamangu",2,1983,"tmax",30.6
"Wamangu",2,1983,"tavg",26.15
"Wamangu",2,1983,"ppt",154.8
"Wamangu",3,1983,"tmin",21.7
"Wamangu",3,1983,"tmax",30.6
"Wamangu",3,1983,"tavg",26.15
"Wamangu",3,1983,"ppt",134.8
"Wamangu",4,1983,"tmin",21.6
"Wamangu",4,1983,"tmax",31.3
"Wamangu",4,1983,"tavg",26.45
"Wamangu",4,1983,"ppt",145.6
"Wamangu",5,1983,"tmin",21.9
"Wamangu",5,1983,"tmax",31.7
"Wamangu",5,1983,"tavg",26.8
"Wamangu",5,1983,"ppt",169.7
"Wamangu",6,1983,"tmin",21.6
"Wamangu",6,1983,"tmax",31.1
"Wamangu",6,1983,"tavg",26.35
"Wamangu",6,1983,"ppt",125.7
"Wamangu",7,1983,"tmin",21.2
"Wamangu",7,1983,"tmax",31.5
"Wamangu",7,1983,"tavg",26.35
"Wamangu",7,1983,"ppt",61.8
"Wamangu",8,1983,"tmin",21.2
"Wamangu",8,1983,"tmax",32.3
"Wamangu",8,1983,"tavg",26.75
"Wamangu",8,1983,"ppt",77.7
"Wamangu",9,1983,"tmin",21.5
"Wamangu",9,1983,"tmax",32.3
"Wamangu",9,1983,"tavg",26.9
"Wamangu",9,1983,"ppt",97.5
"Wamangu",10,1983,"tmin",21.7
"Wamangu",10,1983,"tmax",31.4
"Wamangu",10,1983,"tavg",26.55
"Wamangu",10,1983,"ppt",207.1
"Wamangu",11,1983,"tmin",21.8
"Wamangu",11,1983,"tmax",31.7
"Wamangu",11,1983,"tavg",26.75
"Wamangu",11,1983,"ppt",232.1
"Wamangu",12,1983,"tmin",21.9
"Wamangu",12,1983,"tmax",31.9
"Wamangu",12,1983,"tavg",26.9
"Wamangu",12,1983,"ppt",127
"Wanang",1,1983,"tmin",20.9
"Wanang",1,1983,"tmax",28.5
"Wanang",1,1983,"tavg",24.7
"Wanang",1,1983,"ppt",547.4
"Wanang",2,1983,"tmin",20.9
"Wanang",2,1983,"tmax",28.7
"Wanang",2,1983,"tavg",24.8
"Wanang",2,1983,"ppt",419
"Wanang",3,1983,"tmin",21.1
"Wanang",3,1983,"tmax",29
"Wanang",3,1983,"tavg",25.05
"Wanang",3,1983,"ppt",398.5
"Wanang",4,1983,"tmin",21
"Wanang",4,1983,"tmax",30
"Wanang",4,1983,"tavg",25.5
"Wanang",4,1983,"ppt",261.7
"Wanang",5,1983,"tmin",21.2
"Wanang",5,1983,"tmax",29.4
"Wanang",5,1983,"tavg",25.3
"Wanang",5,1983,"ppt",271.1
"Wanang",6,1983,"tmin",20.5
"Wanang",6,1983,"tmax",29.2
"Wanang",6,1983,"tavg",24.85
"Wanang",6,1983,"ppt",191.6
"Wanang",7,1983,"tmin",20.1
"Wanang",7,1983,"tmax",29
"Wanang",7,1983,"tavg",24.55
"Wanang",7,1983,"ppt",102.9
"Wanang",8,1983,"tmin",20.4
"Wanang",8,1983,"tmax",30
"Wanang",8,1983,"tavg",25.2
"Wanang",8,1983,"ppt",104.5
"Wanang",9,1983,"tmin",20.6
"Wanang",9,1983,"tmax",30.7
"Wanang",9,1983,"tavg",25.65
"Wanang",9,1983,"ppt",134.2
"Wanang",10,1983,"tmin",20.5
"Wanang",10,1983,"tmax",29.9
"Wanang",10,1983,"tavg",25.2
"Wanang",10,1983,"ppt",242.6
"Wanang",11,1983,"tmin",20.7
"Wanang",11,1983,"tmax",30.4
"Wanang",11,1983,"tavg",25.55
"Wanang",11,1983,"ppt",265.1
"Wanang",12,1983,"tmin",20.8
"Wanang",12,1983,"tmax",30.5
"Wanang",12,1983,"tavg",25.65
"Wanang",12,1983,"ppt",233.6
"Yapsiei",1,1983,"tmin",22.2
"Yapsiei",1,1983,"tmax",30.1
"Yapsiei",1,1983,"tavg",26.15
"Yapsiei",1,1983,"ppt",399.6
"Yapsiei",2,1983,"tmin",21.9
"Yapsiei",2,1983,"tmax",30.5
"Yapsiei",2,1983,"tavg",26.2
"Yapsiei",2,1983,"ppt",302
"Yapsiei",3,1983,"tmin",22
"Yapsiei",3,1983,"tmax",30.5
"Yapsiei",3,1983,"tavg",26.25
"Yapsiei",3,1983,"ppt",311
"Yapsiei",4,1983,"tmin",22
"Yapsiei",4,1983,"tmax",30.8
"Yapsiei",4,1983,"tavg",26.4
"Yapsiei",4,1983,"ppt",354.7
"Yapsiei",5,1983,"tmin",22.3
"Yapsiei",5,1983,"tmax",30.7
"Yapsiei",5,1983,"tavg",26.5
"Yapsiei",5,1983,"ppt",284.3
"Yapsiei",6,1983,"tmin",22
"Yapsiei",6,1983,"tmax",30.2
"Yapsiei",6,1983,"tavg",26.1
"Yapsiei",6,1983,"ppt",206.6
"Yapsiei",7,1983,"tmin",21.7
"Yapsiei",7,1983,"tmax",29.8
"Yapsiei",7,1983,"tavg",25.75
"Yapsiei",7,1983,"ppt",249.4
"Yapsiei",8,1983,"tmin",21.9
"Yapsiei",8,1983,"tmax",30.1
"Yapsiei",8,1983,"tavg",26
"Yapsiei",8,1983,"ppt",370
"Yapsiei",9,1983,"tmin",21.8
"Yapsiei",9,1983,"tmax",30.6
"Yapsiei",9,1983,"tavg",26.2
"Yapsiei",9,1983,"ppt",388.5
"Yapsiei",10,1983,"tmin",21.9
"Yapsiei",10,1983,"tmax",31
"Yapsiei",10,1983,"tavg",26.45
"Yapsiei",10,1983,"ppt",373.9
"Yapsiei",11,1983,"tmin",21.8
"Yapsiei",11,1983,"tmax",31.4
"Yapsiei",11,1983,"tavg",26.6
"Yapsiei",11,1983,"ppt",304.1
"Yapsiei",12,1983,"tmin",21.7
"Yapsiei",12,1983,"tmax",31.7
"Yapsiei",12,1983,"tavg",26.7
"Yapsiei",12,1983,"ppt",208.4
"Elem",1,1984,"tmin",19.7
"Elem",1,1984,"tmax",32.1
"Elem",1,1984,"tavg",25.9
"Elem",1,1984,"ppt",143.7
"Elem",2,1984,"tmin",19.9
"Elem",2,1984,"tmax",32
"Elem",2,1984,"tavg",25.95
"Elem",2,1984,"ppt",173.9
"Elem",3,1984,"tmin",20
"Elem",3,1984,"tmax",30.6
"Elem",3,1984,"tavg",25.3
"Elem",3,1984,"ppt",305.2
"Elem",4,1984,"tmin",19.8
"Elem",4,1984,"tmax",31.5
"Elem",4,1984,"tavg",25.65
"Elem",4,1984,"ppt",205.3
"Elem",5,1984,"tmin",20
"Elem",5,1984,"tmax",31.2
"Elem",5,1984,"tavg",25.6
"Elem",5,1984,"ppt",221
"Elem",6,1984,"tmin",19.8
"Elem",6,1984,"tmax",30.7
"Elem",6,1984,"tavg",25.25
"Elem",6,1984,"ppt",139.8
"Elem",7,1984,"tmin",19.1
"Elem",7,1984,"tmax",30.4
"Elem",7,1984,"tavg",24.75
"Elem",7,1984,"ppt",126.9
"Elem",8,1984,"tmin",19.8
"Elem",8,1984,"tmax",30.3
"Elem",8,1984,"tavg",25.05
"Elem",8,1984,"ppt",158
"Elem",9,1984,"tmin",19.3
"Elem",9,1984,"tmax",31.3
"Elem",9,1984,"tavg",25.3
"Elem",9,1984,"ppt",142
"Elem",10,1984,"tmin",20.2
"Elem",10,1984,"tmax",31.2
"Elem",10,1984,"tavg",25.7
"Elem",10,1984,"ppt",263.5
"Elem",11,1984,"tmin",20
"Elem",11,1984,"tmax",31.1
"Elem",11,1984,"tavg",25.55
"Elem",11,1984,"ppt",310.8
"Elem",12,1984,"tmin",20.7
"Elem",12,1984,"tmax",30.9
"Elem",12,1984,"tavg",25.8
"Elem",12,1984,"ppt",511.5
"Morox",1,1984,"tmin",21.8
"Morox",1,1984,"tmax",32.6
"Morox",1,1984,"tavg",27.2
"Morox",1,1984,"ppt",79.2
"Morox",2,1984,"tmin",21.8
"Morox",2,1984,"tmax",32.3
"Morox",2,1984,"tavg",27.05
"Morox",2,1984,"ppt",114.2
"Morox",3,1984,"tmin",21.5
"Morox",3,1984,"tmax",31.2
"Morox",3,1984,"tavg",26.35
"Morox",3,1984,"ppt",222.9
"Morox",4,1984,"tmin",21.8
"Morox",4,1984,"tmax",31.9
"Morox",4,1984,"tavg",26.85
"Morox",4,1984,"ppt",147.7
"Morox",5,1984,"tmin",21.7
"Morox",5,1984,"tmax",31.8
"Morox",5,1984,"tavg",26.75
"Morox",5,1984,"ppt",172.4
"Morox",6,1984,"tmin",21.3
"Morox",6,1984,"tmax",31.9
"Morox",6,1984,"tavg",26.6
"Morox",6,1984,"ppt",86.7
"Morox",7,1984,"tmin",20.8
"Morox",7,1984,"tmax",31.6
"Morox",7,1984,"tavg",26.2
"Morox",7,1984,"ppt",71.5
"Morox",8,1984,"tmin",20.7
"Morox",8,1984,"tmax",31.8
"Morox",8,1984,"tavg",26.25
"Morox",8,1984,"ppt",100.2
"Morox",9,1984,"tmin",20.9
"Morox",9,1984,"tmax",32.2
"Morox",9,1984,"tavg",26.55
"Morox",9,1984,"ppt",99.1
"Morox",10,1984,"tmin",21.7
"Morox",10,1984,"tmax",32
"Morox",10,1984,"tavg",26.85
"Morox",10,1984,"ppt",179.5
"Morox",11,1984,"tmin",21.7
"Morox",11,1984,"tmax",31.9
"Morox",11,1984,"tavg",26.8
"Morox",11,1984,"ppt",216.5
"Morox",12,1984,"tmin",22.2
"Morox",12,1984,"tmax",32.2
"Morox",12,1984,"tavg",27.2
"Morox",12,1984,"ppt",262.9
"Niksek",1,1984,"tmin",20.7
"Niksek",1,1984,"tmax",32
"Niksek",1,1984,"tavg",26.35
"Niksek",1,1984,"ppt",122.2
"Niksek",2,1984,"tmin",20.9
"Niksek",2,1984,"tmax",31.6
"Niksek",2,1984,"tavg",26.25
"Niksek",2,1984,"ppt",165.8
"Niksek",3,1984,"tmin",21
"Niksek",3,1984,"tmax",30.9
"Niksek",3,1984,"tavg",25.95
"Niksek",3,1984,"ppt",276.5
"Niksek",4,1984,"tmin",21.4
"Niksek",4,1984,"tmax",31.6
"Niksek",4,1984,"tavg",26.5
"Niksek",4,1984,"ppt",153.1
"Niksek",5,1984,"tmin",21.3
"Niksek",5,1984,"tmax",31.1
"Niksek",5,1984,"tavg",26.2
"Niksek",5,1984,"ppt",234.8
"Niksek",6,1984,"tmin",21.2
"Niksek",6,1984,"tmax",30.8
"Niksek",6,1984,"tavg",26
"Niksek",6,1984,"ppt",174.4
"Niksek",7,1984,"tmin",20.7
"Niksek",7,1984,"tmax",29.9
"Niksek",7,1984,"tavg",25.3
"Niksek",7,1984,"ppt",195.5
"Niksek",8,1984,"tmin",20.6
"Niksek",8,1984,"tmax",30.5
"Niksek",8,1984,"tavg",25.55
"Niksek",8,1984,"ppt",263.3
"Niksek",9,1984,"tmin",20.5
"Niksek",9,1984,"tmax",30.8
"Niksek",9,1984,"tavg",25.65
"Niksek",9,1984,"ppt",205.8
"Niksek",10,1984,"tmin",21.4
"Niksek",10,1984,"tmax",31.3
"Niksek",10,1984,"tavg",26.35
"Niksek",10,1984,"ppt",316.7
"Niksek",11,1984,"tmin",21
"Niksek",11,1984,"tmax",31.8
"Niksek",11,1984,"tavg",26.4
"Niksek",11,1984,"ppt",263.9
"Niksek",12,1984,"tmin",21.4
"Niksek",12,1984,"tmax",31.3
"Niksek",12,1984,"tavg",26.35
"Niksek",12,1984,"ppt",369.9
"Ohu",1,1984,"tmin",21.9
"Ohu",1,1984,"tmax",31.1
"Ohu",1,1984,"tavg",26.5
"Ohu",1,1984,"ppt",90.6
"Ohu",2,1984,"tmin",22
"Ohu",2,1984,"tmax",30.9
"Ohu",2,1984,"tavg",26.45
"Ohu",2,1984,"ppt",147.6
"Ohu",3,1984,"tmin",21.9
"Ohu",3,1984,"tmax",29.7
"Ohu",3,1984,"tavg",25.8
"Ohu",3,1984,"ppt",338
"Ohu",4,1984,"tmin",22
"Ohu",4,1984,"tmax",30.2
"Ohu",4,1984,"tavg",26.1
"Ohu",4,1984,"ppt",144.3
"Ohu",5,1984,"tmin",21.5
"Ohu",5,1984,"tmax",29.6
"Ohu",5,1984,"tavg",25.55
"Ohu",5,1984,"ppt",170.8
"Ohu",6,1984,"tmin",21
"Ohu",6,1984,"tmax",29.2
"Ohu",6,1984,"tavg",25.1
"Ohu",6,1984,"ppt",99.7
"Ohu",7,1984,"tmin",20.7
"Ohu",7,1984,"tmax",28.9
"Ohu",7,1984,"tavg",24.8
"Ohu",7,1984,"ppt",71.3
"Ohu",8,1984,"tmin",20.8
"Ohu",8,1984,"tmax",28.5
"Ohu",8,1984,"tavg",24.65
"Ohu",8,1984,"ppt",136.9
"Ohu",9,1984,"tmin",21.2
"Ohu",9,1984,"tmax",29.8
"Ohu",9,1984,"tavg",25.5
"Ohu",9,1984,"ppt",117
"Ohu",10,1984,"tmin",21.5
"Ohu",10,1984,"tmax",29.8
"Ohu",10,1984,"tavg",25.65
"Ohu",10,1984,"ppt",270.3
"Ohu",11,1984,"tmin",21.4
"Ohu",11,1984,"tmax",30.2
"Ohu",11,1984,"tavg",25.8
"Ohu",11,1984,"ppt",263.9
"Ohu",12,1984,"tmin",21.8
"Ohu",12,1984,"tmax",29.8
"Ohu",12,1984,"tavg",25.8
"Ohu",12,1984,"ppt",523.6
"Utai",1,1984,"tmin",21.4
"Utai",1,1984,"tmax",30.6
"Utai",1,1984,"tavg",26
"Utai",1,1984,"ppt",145.3
"Utai",2,1984,"tmin",21.8
"Utai",2,1984,"tmax",30.5
"Utai",2,1984,"tavg",26.15
"Utai",2,1984,"ppt",173
"Utai",3,1984,"tmin",21.8
"Utai",3,1984,"tmax",29.7
"Utai",3,1984,"tavg",25.75
"Utai",3,1984,"ppt",255.5
"Utai",4,1984,"tmin",22
"Utai",4,1984,"tmax",30.8
"Utai",4,1984,"tavg",26.4
"Utai",4,1984,"ppt",178.2
"Utai",5,1984,"tmin",21.9
"Utai",5,1984,"tmax",29.8
"Utai",5,1984,"tavg",25.85
"Utai",5,1984,"ppt",234.7
"Utai",6,1984,"tmin",21.4
"Utai",6,1984,"tmax",29.5
"Utai",6,1984,"tavg",25.45
"Utai",6,1984,"ppt",132.4
"Utai",7,1984,"tmin",21.3
"Utai",7,1984,"tmax",28.9
"Utai",7,1984,"tavg",25.1
"Utai",7,1984,"ppt",120.2
"Utai",8,1984,"tmin",21.3
"Utai",8,1984,"tmax",28.8
"Utai",8,1984,"tavg",25.05
"Utai",8,1984,"ppt",178.2
"Utai",9,1984,"tmin",21.2
"Utai",9,1984,"tmax",29.5
"Utai",9,1984,"tavg",25.35
"Utai",9,1984,"ppt",171.1
"Utai",10,1984,"tmin",21.7
"Utai",10,1984,"tmax",30
"Utai",10,1984,"tavg",25.85
"Utai",10,1984,"ppt",246.8
"Utai",11,1984,"tmin",21.5
"Utai",11,1984,"tmax",30.1
"Utai",11,1984,"tavg",25.8
"Utai",11,1984,"ppt",184.1
"Utai",12,1984,"tmin",21.9
"Utai",12,1984,"tmax",30.1
"Utai",12,1984,"tavg",26
"Utai",12,1984,"ppt",316.8
"Wamangu",1,1984,"tmin",21.5
"Wamangu",1,1984,"tmax",32.3
"Wamangu",1,1984,"tavg",26.9
"Wamangu",1,1984,"ppt",58.7
"Wamangu",2,1984,"tmin",21.5
"Wamangu",2,1984,"tmax",31.7
"Wamangu",2,1984,"tavg",26.6
"Wamangu",2,1984,"ppt",83.9
"Wamangu",3,1984,"tmin",21.3
"Wamangu",3,1984,"tmax",30.9
"Wamangu",3,1984,"tavg",26.1
"Wamangu",3,1984,"ppt",195.6
"Wamangu",4,1984,"tmin",21.7
"Wamangu",4,1984,"tmax",31.6
"Wamangu",4,1984,"tavg",26.65
"Wamangu",4,1984,"ppt",134.3
"Wamangu",5,1984,"tmin",21.6
"Wamangu",5,1984,"tmax",31.3
"Wamangu",5,1984,"tavg",26.45
"Wamangu",5,1984,"ppt",215.8
"Wamangu",6,1984,"tmin",21.2
"Wamangu",6,1984,"tmax",31.5
"Wamangu",6,1984,"tavg",26.35
"Wamangu",6,1984,"ppt",92.3
"Wamangu",7,1984,"tmin",20.7
"Wamangu",7,1984,"tmax",31
"Wamangu",7,1984,"tavg",25.85
"Wamangu",7,1984,"ppt",83.6
"Wamangu",8,1984,"tmin",20.6
"Wamangu",8,1984,"tmax",31.5
"Wamangu",8,1984,"tavg",26.05
"Wamangu",8,1984,"ppt",128.1
"Wamangu",9,1984,"tmin",20.9
"Wamangu",9,1984,"tmax",31.9
"Wamangu",9,1984,"tavg",26.4
"Wamangu",9,1984,"ppt",125.3
"Wamangu",10,1984,"tmin",21.5
"Wamangu",10,1984,"tmax",31.7
"Wamangu",10,1984,"tavg",26.6
"Wamangu",10,1984,"ppt",167
"Wamangu",11,1984,"tmin",21.5
"Wamangu",11,1984,"tmax",31.7
"Wamangu",11,1984,"tavg",26.6
"Wamangu",11,1984,"ppt",187.4
"Wamangu",12,1984,"tmin",22.2
"Wamangu",12,1984,"tmax",31.7
"Wamangu",12,1984,"tavg",26.95
"Wamangu",12,1984,"ppt",194.4
"Wanang",1,1984,"tmin",20.3
"Wanang",1,1984,"tmax",32.3
"Wanang",1,1984,"tavg",26.3
"Wanang",1,1984,"ppt",142.5
"Wanang",2,1984,"tmin",20.4
"Wanang",2,1984,"tmax",32.5
"Wanang",2,1984,"tavg",26.45
"Wanang",2,1984,"ppt",223.5
"Wanang",3,1984,"tmin",20.7
"Wanang",3,1984,"tmax",29.9
"Wanang",3,1984,"tavg",25.3
"Wanang",3,1984,"ppt",324.7
"Wanang",4,1984,"tmin",20.6
"Wanang",4,1984,"tmax",30.9
"Wanang",4,1984,"tavg",25.75
"Wanang",4,1984,"ppt",188.3
"Wanang",5,1984,"tmin",20.5
"Wanang",5,1984,"tmax",30.1
"Wanang",5,1984,"tavg",25.3
"Wanang",5,1984,"ppt",241.1
"Wanang",6,1984,"tmin",20
"Wanang",6,1984,"tmax",29.8
"Wanang",6,1984,"tavg",24.9
"Wanang",6,1984,"ppt",150
"Wanang",7,1984,"tmin",19.4
"Wanang",7,1984,"tmax",29.3
"Wanang",7,1984,"tavg",24.35
"Wanang",7,1984,"ppt",111.6
"Wanang",8,1984,"tmin",19.9
"Wanang",8,1984,"tmax",28.8
"Wanang",8,1984,"tavg",24.35
"Wanang",8,1984,"ppt",188
"Wanang",9,1984,"tmin",19.8
"Wanang",9,1984,"tmax",30.2
"Wanang",9,1984,"tavg",25
"Wanang",9,1984,"ppt",160.7
"Wanang",10,1984,"tmin",20.5
"Wanang",10,1984,"tmax",29.8
"Wanang",10,1984,"tavg",25.15
"Wanang",10,1984,"ppt",222.1
"Wanang",11,1984,"tmin",20.5
"Wanang",11,1984,"tmax",30.4
"Wanang",11,1984,"tavg",25.45
"Wanang",11,1984,"ppt",277.8
"Wanang",12,1984,"tmin",20.8
"Wanang",12,1984,"tmax",29.3
"Wanang",12,1984,"tavg",25.05
"Wanang",12,1984,"ppt",495.8
"Yapsiei",1,1984,"tmin",21.2
"Yapsiei",1,1984,"tmax",32.1
"Yapsiei",1,1984,"tavg",26.65
"Yapsiei",1,1984,"ppt",203.6
"Yapsiei",2,1984,"tmin",21.6
"Yapsiei",2,1984,"tmax",31.7
"Yapsiei",2,1984,"tavg",26.65
"Yapsiei",2,1984,"ppt",271
"Yapsiei",3,1984,"tmin",21.5
"Yapsiei",3,1984,"tmax",30.6
"Yapsiei",3,1984,"tavg",26.05
"Yapsiei",3,1984,"ppt",414.3
"Yapsiei",4,1984,"tmin",21.8
"Yapsiei",4,1984,"tmax",31.7
"Yapsiei",4,1984,"tavg",26.75
"Yapsiei",4,1984,"ppt",157.6
"Yapsiei",5,1984,"tmin",21.6
"Yapsiei",5,1984,"tmax",30.7
"Yapsiei",5,1984,"tavg",26.15
"Yapsiei",5,1984,"ppt",204.2
"Yapsiei",6,1984,"tmin",21.5
"Yapsiei",6,1984,"tmax",30.1
"Yapsiei",6,1984,"tavg",25.8
"Yapsiei",6,1984,"ppt",246.4
"Yapsiei",7,1984,"tmin",21.3
"Yapsiei",7,1984,"tmax",29.6
"Yapsiei",7,1984,"tavg",25.45
"Yapsiei",7,1984,"ppt",228.9
"Yapsiei",8,1984,"tmin",21.2
"Yapsiei",8,1984,"tmax",29.6
"Yapsiei",8,1984,"tavg",25.4
"Yapsiei",8,1984,"ppt",299.3
"Yapsiei",9,1984,"tmin",21
"Yapsiei",9,1984,"tmax",30.2
"Yapsiei",9,1984,"tavg",25.6
"Yapsiei",9,1984,"ppt",223.9
"Yapsiei",10,1984,"tmin",21.9
"Yapsiei",10,1984,"tmax",30.6
"Yapsiei",10,1984,"tavg",26.25
"Yapsiei",10,1984,"ppt",413.4
"Yapsiei",11,1984,"tmin",21.4
"Yapsiei",11,1984,"tmax",31.4
"Yapsiei",11,1984,"tavg",26.4
"Yapsiei",11,1984,"ppt",227.8
"Yapsiei",12,1984,"tmin",21.7
"Yapsiei",12,1984,"tmax",31
"Yapsiei",12,1984,"tavg",26.35
"Yapsiei",12,1984,"ppt",277
"Elem",1,1985,"tmin",19.9
"Elem",1,1985,"tmax",31.2
"Elem",1,1985,"tavg",25.55
"Elem",1,1985,"ppt",326.7
"Elem",2,1985,"tmin",20.2
"Elem",2,1985,"tmax",31.1
"Elem",2,1985,"tavg",25.65
"Elem",2,1985,"ppt",338.4
"Elem",3,1985,"tmin",20.4
"Elem",3,1985,"tmax",30.5
"Elem",3,1985,"tavg",25.45
"Elem",3,1985,"ppt",402
"Elem",4,1985,"tmin",20
"Elem",4,1985,"tmax",31.2
"Elem",4,1985,"tavg",25.6
"Elem",4,1985,"ppt",248.6
"Elem",5,1985,"tmin",20
"Elem",5,1985,"tmax",31
"Elem",5,1985,"tavg",25.5
"Elem",5,1985,"ppt",208.1
"Elem",6,1985,"tmin",19.8
"Elem",6,1985,"tmax",30.5
"Elem",6,1985,"tavg",25.15
"Elem",6,1985,"ppt",130.2
"Elem",7,1985,"tmin",18.8
"Elem",7,1985,"tmax",29.6
"Elem",7,1985,"tavg",24.2
"Elem",7,1985,"ppt",121.1
"Elem",8,1985,"tmin",19.3
"Elem",8,1985,"tmax",30.3
"Elem",8,1985,"tavg",24.8
"Elem",8,1985,"ppt",144.6
"Elem",9,1985,"tmin",19.7
"Elem",9,1985,"tmax",30.5
"Elem",9,1985,"tavg",25.1
"Elem",9,1985,"ppt",205.8
"Elem",10,1985,"tmin",19.6
"Elem",10,1985,"tmax",30.9
"Elem",10,1985,"tavg",25.25
"Elem",10,1985,"ppt",232.3
"Elem",11,1985,"tmin",20.1
"Elem",11,1985,"tmax",31.1
"Elem",11,1985,"tavg",25.6
"Elem",11,1985,"ppt",364.6
"Elem",12,1985,"tmin",20.4
"Elem",12,1985,"tmax",30.7
"Elem",12,1985,"tavg",25.55
"Elem",12,1985,"ppt",321
"Morox",1,1985,"tmin",21.8
"Morox",1,1985,"tmax",31.7
"Morox",1,1985,"tavg",26.75
"Morox",1,1985,"ppt",207.5
"Morox",2,1985,"tmin",21.9
"Morox",2,1985,"tmax",31.7
"Morox",2,1985,"tavg",26.8
"Morox",2,1985,"ppt",237.1
"Morox",3,1985,"tmin",21.8
"Morox",3,1985,"tmax",31.1
"Morox",3,1985,"tavg",26.45
"Morox",3,1985,"ppt",268.6
"Morox",4,1985,"tmin",21.6
"Morox",4,1985,"tmax",31.8
"Morox",4,1985,"tavg",26.7
"Morox",4,1985,"ppt",147.5
"Morox",5,1985,"tmin",21.9
"Morox",5,1985,"tmax",32
"Morox",5,1985,"tavg",26.95
"Morox",5,1985,"ppt",141.7
"Morox",6,1985,"tmin",21.3
"Morox",6,1985,"tmax",31.4
"Morox",6,1985,"tavg",26.35
"Morox",6,1985,"ppt",112
"Morox",7,1985,"tmin",20.5
"Morox",7,1985,"tmax",31
"Morox",7,1985,"tavg",25.75
"Morox",7,1985,"ppt",90.8
"Morox",8,1985,"tmin",20.7
"Morox",8,1985,"tmax",31.5
"Morox",8,1985,"tavg",26.1
"Morox",8,1985,"ppt",96.7
"Morox",9,1985,"tmin",20.7
"Morox",9,1985,"tmax",31.6
"Morox",9,1985,"tavg",26.15
"Morox",9,1985,"ppt",138.1
"Morox",10,1985,"tmin",21.6
"Morox",10,1985,"tmax",32
"Morox",10,1985,"tavg",26.8
"Morox",10,1985,"ppt",151.2
"Morox",11,1985,"tmin",21.8
"Morox",11,1985,"tmax",31.8
"Morox",11,1985,"tavg",26.8
"Morox",11,1985,"ppt",312.6
"Morox",12,1985,"tmin",21.9
"Morox",12,1985,"tmax",31.3
"Morox",12,1985,"tavg",26.6
"Morox",12,1985,"ppt",221.3
"Niksek",1,1985,"tmin",20.8
"Niksek",1,1985,"tmax",31.5
"Niksek",1,1985,"tavg",26.15
"Niksek",1,1985,"ppt",242.4
"Niksek",2,1985,"tmin",21
"Niksek",2,1985,"tmax",31.1
"Niksek",2,1985,"tavg",26.05
"Niksek",2,1985,"ppt",404.7
"Niksek",3,1985,"tmin",21.1
"Niksek",3,1985,"tmax",31.3
"Niksek",3,1985,"tavg",26.2
"Niksek",3,1985,"ppt",465.8
"Niksek",4,1985,"tmin",21.1
"Niksek",4,1985,"tmax",31.1
"Niksek",4,1985,"tavg",26.1
"Niksek",4,1985,"ppt",234.9
"Niksek",5,1985,"tmin",21.2
"Niksek",5,1985,"tmax",30.8
"Niksek",5,1985,"tavg",26
"Niksek",5,1985,"ppt",192.7
"Niksek",6,1985,"tmin",21
"Niksek",6,1985,"tmax",30.2
"Niksek",6,1985,"tavg",25.6
"Niksek",6,1985,"ppt",151.6
"Niksek",7,1985,"tmin",20.2
"Niksek",7,1985,"tmax",29.3
"Niksek",7,1985,"tavg",24.75
"Niksek",7,1985,"ppt",179.4
"Niksek",8,1985,"tmin",20.5
"Niksek",8,1985,"tmax",30.2
"Niksek",8,1985,"tavg",25.35
"Niksek",8,1985,"ppt",246.9
"Niksek",9,1985,"tmin",20.8
"Niksek",9,1985,"tmax",30.1
"Niksek",9,1985,"tavg",25.45
"Niksek",9,1985,"ppt",209.5
"Niksek",10,1985,"tmin",21
"Niksek",10,1985,"tmax",30.8
"Niksek",10,1985,"tavg",25.9
"Niksek",10,1985,"ppt",241.2
"Niksek",11,1985,"tmin",21.2
"Niksek",11,1985,"tmax",31.9
"Niksek",11,1985,"tavg",26.55
"Niksek",11,1985,"ppt",327.8
"Niksek",12,1985,"tmin",21
"Niksek",12,1985,"tmax",30.7
"Niksek",12,1985,"tavg",25.85
"Niksek",12,1985,"ppt",246.4
"Ohu",1,1985,"tmin",21.7
"Ohu",1,1985,"tmax",30
"Ohu",1,1985,"tavg",25.85
"Ohu",1,1985,"ppt",288.1
"Ohu",2,1985,"tmin",22
"Ohu",2,1985,"tmax",30.3
"Ohu",2,1985,"tavg",26.15
"Ohu",2,1985,"ppt",289.6
"Ohu",3,1985,"tmin",21.9
"Ohu",3,1985,"tmax",29.8
"Ohu",3,1985,"tavg",25.85
"Ohu",3,1985,"ppt",463.1
"Ohu",4,1985,"tmin",21.7
"Ohu",4,1985,"tmax",29.7
"Ohu",4,1985,"tavg",25.7
"Ohu",4,1985,"ppt",185.3
"Ohu",5,1985,"tmin",21.6
"Ohu",5,1985,"tmax",29.8
"Ohu",5,1985,"tavg",25.7
"Ohu",5,1985,"ppt",193.6
"Ohu",6,1985,"tmin",21.1
"Ohu",6,1985,"tmax",29
"Ohu",6,1985,"tavg",25.05
"Ohu",6,1985,"ppt",207.8
"Ohu",7,1985,"tmin",20.3
"Ohu",7,1985,"tmax",28.3
"Ohu",7,1985,"tavg",24.3
"Ohu",7,1985,"ppt",119.2
"Ohu",8,1985,"tmin",20.8
"Ohu",8,1985,"tmax",28.7
"Ohu",8,1985,"tavg",24.75
"Ohu",8,1985,"ppt",123.3
"Ohu",9,1985,"tmin",20.9
"Ohu",9,1985,"tmax",29.1
"Ohu",9,1985,"tavg",25
"Ohu",9,1985,"ppt",226.8
"Ohu",10,1985,"tmin",21.5
"Ohu",10,1985,"tmax",30.1
"Ohu",10,1985,"tavg",25.8
"Ohu",10,1985,"ppt",129.4
"Ohu",11,1985,"tmin",21.4
"Ohu",11,1985,"tmax",30.3
"Ohu",11,1985,"tavg",25.85
"Ohu",11,1985,"ppt",354.8
"Ohu",12,1985,"tmin",21.8
"Ohu",12,1985,"tmax",30.2
"Ohu",12,1985,"tavg",26
"Ohu",12,1985,"ppt",235
"Utai",1,1985,"tmin",21.8
"Utai",1,1985,"tmax",30.1
"Utai",1,1985,"tavg",25.95
"Utai",1,1985,"ppt",216.4
"Utai",2,1985,"tmin",22.1
"Utai",2,1985,"tmax",29.8
"Utai",2,1985,"tavg",25.95
"Utai",2,1985,"ppt",224.6
"Utai",3,1985,"tmin",22.2
"Utai",3,1985,"tmax",29.6
"Utai",3,1985,"tavg",25.9
"Utai",3,1985,"ppt",260.4
"Utai",4,1985,"tmin",21.7
"Utai",4,1985,"tmax",29.7
"Utai",4,1985,"tavg",25.7
"Utai",4,1985,"ppt",178.5
"Utai",5,1985,"tmin",21.6
"Utai",5,1985,"tmax",29.3
"Utai",5,1985,"tavg",25.45
"Utai",5,1985,"ppt",212
"Utai",6,1985,"tmin",21.4
"Utai",6,1985,"tmax",28.5
"Utai",6,1985,"tavg",24.95
"Utai",6,1985,"ppt",122.1
"Utai",7,1985,"tmin",20.7
"Utai",7,1985,"tmax",28.2
"Utai",7,1985,"tavg",24.45
"Utai",7,1985,"ppt",128.8
"Utai",8,1985,"tmin",21.1
"Utai",8,1985,"tmax",28.1
"Utai",8,1985,"tavg",24.6
"Utai",8,1985,"ppt",173.4
"Utai",9,1985,"tmin",21.3
"Utai",9,1985,"tmax",28.1
"Utai",9,1985,"tavg",24.7
"Utai",9,1985,"ppt",221.2
"Utai",10,1985,"tmin",21.5
"Utai",10,1985,"tmax",29.4
"Utai",10,1985,"tavg",25.45
"Utai",10,1985,"ppt",215.2
"Utai",11,1985,"tmin",21.9
"Utai",11,1985,"tmax",30.3
"Utai",11,1985,"tavg",26.1
"Utai",11,1985,"ppt",247.2
"Utai",12,1985,"tmin",21.4
"Utai",12,1985,"tmax",28.8
"Utai",12,1985,"tavg",25.1
"Utai",12,1985,"ppt",253.7
"Wamangu",1,1985,"tmin",21.7
"Wamangu",1,1985,"tmax",31.4
"Wamangu",1,1985,"tavg",26.55
"Wamangu",1,1985,"ppt",157.8
"Wamangu",2,1985,"tmin",21.8
"Wamangu",2,1985,"tmax",31.2
"Wamangu",2,1985,"tavg",26.5
"Wamangu",2,1985,"ppt",180.3
"Wamangu",3,1985,"tmin",21.8
"Wamangu",3,1985,"tmax",31
"Wamangu",3,1985,"tavg",26.4
"Wamangu",3,1985,"ppt",233.2
"Wamangu",4,1985,"tmin",21.5
"Wamangu",4,1985,"tmax",31.5
"Wamangu",4,1985,"tavg",26.5
"Wamangu",4,1985,"ppt",105.9
"Wamangu",5,1985,"tmin",21.8
"Wamangu",5,1985,"tmax",31.5
"Wamangu",5,1985,"tavg",26.65
"Wamangu",5,1985,"ppt",154.3
"Wamangu",6,1985,"tmin",21.3
"Wamangu",6,1985,"tmax",30.8
"Wamangu",6,1985,"tavg",26.05
"Wamangu",6,1985,"ppt",106.4
"Wamangu",7,1985,"tmin",20.4
"Wamangu",7,1985,"tmax",30.3
"Wamangu",7,1985,"tavg",25.35
"Wamangu",7,1985,"ppt",105
"Wamangu",8,1985,"tmin",20.6
"Wamangu",8,1985,"tmax",31.1
"Wamangu",8,1985,"tavg",25.85
"Wamangu",8,1985,"ppt",104.9
"Wamangu",9,1985,"tmin",20.7
"Wamangu",9,1985,"tmax",31.1
"Wamangu",9,1985,"tavg",25.9
"Wamangu",9,1985,"ppt",151.1
"Wamangu",10,1985,"tmin",21.5
"Wamangu",10,1985,"tmax",31.3
"Wamangu",10,1985,"tavg",26.4
"Wamangu",10,1985,"ppt",190
"Wamangu",11,1985,"tmin",21.7
"Wamangu",11,1985,"tmax",31.5
"Wamangu",11,1985,"tavg",26.6
"Wamangu",11,1985,"ppt",250.3
"Wamangu",12,1985,"tmin",21.7
"Wamangu",12,1985,"tmax",30.8
"Wamangu",12,1985,"tavg",26.25
"Wamangu",12,1985,"ppt",192
"Wanang",1,1985,"tmin",20.5
"Wanang",1,1985,"tmax",30.4
"Wanang",1,1985,"tavg",25.45
"Wanang",1,1985,"ppt",275.4
"Wanang",2,1985,"tmin",20.8
"Wanang",2,1985,"tmax",30.9
"Wanang",2,1985,"tavg",25.85
"Wanang",2,1985,"ppt",326.1
"Wanang",3,1985,"tmin",21
"Wanang",3,1985,"tmax",29.2
"Wanang",3,1985,"tavg",25.1
"Wanang",3,1985,"ppt",444
"Wanang",4,1985,"tmin",20.5
"Wanang",4,1985,"tmax",30.4
"Wanang",4,1985,"tavg",25.45
"Wanang",4,1985,"ppt",240.3
"Wanang",5,1985,"tmin",20.5
"Wanang",5,1985,"tmax",29.9
"Wanang",5,1985,"tavg",25.2
"Wanang",5,1985,"ppt",177.5
"Wanang",6,1985,"tmin",20.2
"Wanang",6,1985,"tmax",29.3
"Wanang",6,1985,"tavg",24.75
"Wanang",6,1985,"ppt",204
"Wanang",7,1985,"tmin",19.2
"Wanang",7,1985,"tmax",28.4
"Wanang",7,1985,"tavg",23.8
"Wanang",7,1985,"ppt",136.1
"Wanang",8,1985,"tmin",20.1
"Wanang",8,1985,"tmax",28.9
"Wanang",8,1985,"tavg",24.5
"Wanang",8,1985,"ppt",122.4
"Wanang",9,1985,"tmin",20.2
"Wanang",9,1985,"tmax",29.1
"Wanang",9,1985,"tavg",24.65
"Wanang",9,1985,"ppt",257.7
"Wanang",10,1985,"tmin",20.3
"Wanang",10,1985,"tmax",30.3
"Wanang",10,1985,"tavg",25.3
"Wanang",10,1985,"ppt",173.4
"Wanang",11,1985,"tmin",20.6
"Wanang",11,1985,"tmax",29.8
"Wanang",11,1985,"tavg",25.2
"Wanang",11,1985,"ppt",350.1
"Wanang",12,1985,"tmin",20.7
"Wanang",12,1985,"tmax",30.4
"Wanang",12,1985,"tavg",25.55
"Wanang",12,1985,"ppt",345.1
"Yapsiei",1,1985,"tmin",21.6
"Yapsiei",1,1985,"tmax",31.4
"Yapsiei",1,1985,"tavg",26.5
"Yapsiei",1,1985,"ppt",259
"Yapsiei",2,1985,"tmin",21.9
"Yapsiei",2,1985,"tmax",31
"Yapsiei",2,1985,"tavg",26.45
"Yapsiei",2,1985,"ppt",303.8
"Yapsiei",3,1985,"tmin",21.9
"Yapsiei",3,1985,"tmax",30.7
"Yapsiei",3,1985,"tavg",26.3
"Yapsiei",3,1985,"ppt",504.6
"Yapsiei",4,1985,"tmin",21.6
"Yapsiei",4,1985,"tmax",30.3
"Yapsiei",4,1985,"tavg",25.95
"Yapsiei",4,1985,"ppt",282
"Yapsiei",5,1985,"tmin",21.3
"Yapsiei",5,1985,"tmax",30.1
"Yapsiei",5,1985,"tavg",25.7
"Yapsiei",5,1985,"ppt",234.5
"Yapsiei",6,1985,"tmin",21.2
"Yapsiei",6,1985,"tmax",29.1
"Yapsiei",6,1985,"tavg",25.15
"Yapsiei",6,1985,"ppt",263.6
"Yapsiei",7,1985,"tmin",20.7
"Yapsiei",7,1985,"tmax",28.7
"Yapsiei",7,1985,"tavg",24.7
"Yapsiei",7,1985,"ppt",235
"Yapsiei",8,1985,"tmin",21
"Yapsiei",8,1985,"tmax",29
"Yapsiei",8,1985,"tavg",25
"Yapsiei",8,1985,"ppt",284.6
"Yapsiei",9,1985,"tmin",21.2
"Yapsiei",9,1985,"tmax",29
"Yapsiei",9,1985,"tavg",25.1
"Yapsiei",9,1985,"ppt",298.9
"Yapsiei",10,1985,"tmin",21.3
"Yapsiei",10,1985,"tmax",30.4
"Yapsiei",10,1985,"tavg",25.85
"Yapsiei",10,1985,"ppt",246.9
"Yapsiei",11,1985,"tmin",21.7
"Yapsiei",11,1985,"tmax",31.5
"Yapsiei",11,1985,"tavg",26.6
"Yapsiei",11,1985,"ppt",296.8
"Yapsiei",12,1985,"tmin",21.3
"Yapsiei",12,1985,"tmax",30.2
"Yapsiei",12,1985,"tavg",25.75
"Yapsiei",12,1985,"ppt",262.7
"Elem",1,1986,"tmin",20.5
"Elem",1,1986,"tmax",31.3
"Elem",1,1986,"tavg",25.9
"Elem",1,1986,"ppt",323.1
"Elem",2,1986,"tmin",20.1
"Elem",2,1986,"tmax",30.9
"Elem",2,1986,"tavg",25.5
"Elem",2,1986,"ppt",302.1
"Elem",3,1986,"tmin",20
"Elem",3,1986,"tmax",31.4
"Elem",3,1986,"tavg",25.7
"Elem",3,1986,"ppt",278
"Elem",4,1986,"tmin",20.4
"Elem",4,1986,"tmax",30.4
"Elem",4,1986,"tavg",25.4
"Elem",4,1986,"ppt",469.8
"Elem",5,1986,"tmin",20.1
"Elem",5,1986,"tmax",31
"Elem",5,1986,"tavg",25.55
"Elem",5,1986,"ppt",205.7
"Elem",6,1986,"tmin",19.7
"Elem",6,1986,"tmax",30.6
"Elem",6,1986,"tavg",25.15
"Elem",6,1986,"ppt",164.8
"Elem",7,1986,"tmin",19.8
"Elem",7,1986,"tmax",30.3
"Elem",7,1986,"tavg",25.05
"Elem",7,1986,"ppt",167.3
"Elem",8,1986,"tmin",19.8
"Elem",8,1986,"tmax",31.4
"Elem",8,1986,"tavg",25.6
"Elem",8,1986,"ppt",110.8
"Elem",9,1986,"tmin",20.1
"Elem",9,1986,"tmax",30.8
"Elem",9,1986,"tavg",25.45
"Elem",9,1986,"ppt",222.1
"Elem",10,1986,"tmin",20.2
"Elem",10,1986,"tmax",31.4
"Elem",10,1986,"tavg",25.8
"Elem",10,1986,"ppt",207.5
"Elem",11,1986,"tmin",20.1
"Elem",11,1986,"tmax",30.8
"Elem",11,1986,"tavg",25.45
"Elem",11,1986,"ppt",374.4
"Elem",12,1986,"tmin",20.4
"Elem",12,1986,"tmax",31
"Elem",12,1986,"tavg",25.7
"Elem",12,1986,"ppt",309.8
"Morox",1,1986,"tmin",22.2
"Morox",1,1986,"tmax",31.9
"Morox",1,1986,"tavg",27.05
"Morox",1,1986,"ppt",206
"Morox",2,1986,"tmin",21.5
"Morox",2,1986,"tmax",31.1
"Morox",2,1986,"tavg",26.3
"Morox",2,1986,"ppt",291.4
"Morox",3,1986,"tmin",21.6
"Morox",3,1986,"tmax",31.6
"Morox",3,1986,"tavg",26.6
"Morox",3,1986,"ppt",171.3
"Morox",4,1986,"tmin",21.7
"Morox",4,1986,"tmax",31.2
"Morox",4,1986,"tavg",26.45
"Morox",4,1986,"ppt",290.4
"Morox",5,1986,"tmin",21.8
"Morox",5,1986,"tmax",31.8
"Morox",5,1986,"tavg",26.8
"Morox",5,1986,"ppt",125.4
"Morox",6,1986,"tmin",21.3
"Morox",6,1986,"tmax",31.7
"Morox",6,1986,"tavg",26.5
"Morox",6,1986,"ppt",112.5
"Morox",7,1986,"tmin",20.9
"Morox",7,1986,"tmax",31.7
"Morox",7,1986,"tavg",26.3
"Morox",7,1986,"ppt",80.2
"Morox",8,1986,"tmin",21.3
"Morox",8,1986,"tmax",32.8
"Morox",8,1986,"tavg",27.05
"Morox",8,1986,"ppt",56.6
"Morox",9,1986,"tmin",21.1
"Morox",9,1986,"tmax",32.2
"Morox",9,1986,"tavg",26.65
"Morox",9,1986,"ppt",103.7
"Morox",10,1986,"tmin",22
"Morox",10,1986,"tmax",32.6
"Morox",10,1986,"tavg",27.3
"Morox",10,1986,"ppt",119.5
"Morox",11,1986,"tmin",21.8
"Morox",11,1986,"tmax",31.6
"Morox",11,1986,"tavg",26.7
"Morox",11,1986,"ppt",281.3
"Morox",12,1986,"tmin",22.1
"Morox",12,1986,"tmax",32
"Morox",12,1986,"tavg",27.05
"Morox",12,1986,"ppt",202.8
"Niksek",1,1986,"tmin",21.1
"Niksek",1,1986,"tmax",31.3
"Niksek",1,1986,"tavg",26.2
"Niksek",1,1986,"ppt",337.9
"Niksek",2,1986,"tmin",20.7
"Niksek",2,1986,"tmax",30.7
"Niksek",2,1986,"tavg",25.7
"Niksek",2,1986,"ppt",255.8
"Niksek",3,1986,"tmin",20.9
"Niksek",3,1986,"tmax",31.2
"Niksek",3,1986,"tavg",26.05
"Niksek",3,1986,"ppt",256.8
"Niksek",4,1986,"tmin",21.3
"Niksek",4,1986,"tmax",30.9
"Niksek",4,1986,"tavg",26.1
"Niksek",4,1986,"ppt",340.5
"Niksek",5,1986,"tmin",21.2
"Niksek",5,1986,"tmax",31.3
"Niksek",5,1986,"tavg",26.25
"Niksek",5,1986,"ppt",201.6
"Niksek",6,1986,"tmin",21
"Niksek",6,1986,"tmax",30.4
"Niksek",6,1986,"tavg",25.7
"Niksek",6,1986,"ppt",198.3
"Niksek",7,1986,"tmin",20.8
"Niksek",7,1986,"tmax",30
"Niksek",7,1986,"tavg",25.4
"Niksek",7,1986,"ppt",285.2
"Niksek",8,1986,"tmin",20.8
"Niksek",8,1986,"tmax",31.5
"Niksek",8,1986,"tavg",26.15
"Niksek",8,1986,"ppt",222.8
"Niksek",9,1986,"tmin",20.9
"Niksek",9,1986,"tmax",31.1
"Niksek",9,1986,"tavg",26
"Niksek",9,1986,"ppt",277.1
"Niksek",10,1986,"tmin",21.3
"Niksek",10,1986,"tmax",31.1
"Niksek",10,1986,"tavg",26.2
"Niksek",10,1986,"ppt",287.5
"Niksek",11,1986,"tmin",21.2
"Niksek",11,1986,"tmax",31.7
"Niksek",11,1986,"tavg",26.45
"Niksek",11,1986,"ppt",299.7
"Niksek",12,1986,"tmin",21.1
"Niksek",12,1986,"tmax",31.1
"Niksek",12,1986,"tavg",26.1
"Niksek",12,1986,"ppt",250.2
"Ohu",1,1986,"tmin",22.1
"Ohu",1,1986,"tmax",30.4
"Ohu",1,1986,"tavg",26.25
"Ohu",1,1986,"ppt",383.2
"Ohu",2,1986,"tmin",21.6
"Ohu",2,1986,"tmax",29.7
"Ohu",2,1986,"tavg",25.65
"Ohu",2,1986,"ppt",293.1
"Ohu",3,1986,"tmin",22
"Ohu",3,1986,"tmax",30.1
"Ohu",3,1986,"tavg",26.05
"Ohu",3,1986,"ppt",278.4
"Ohu",4,1986,"tmin",21.8
"Ohu",4,1986,"tmax",29.4
"Ohu",4,1986,"tavg",25.6
"Ohu",4,1986,"ppt",395
"Ohu",5,1986,"tmin",21.7
"Ohu",5,1986,"tmax",29.7
"Ohu",5,1986,"tavg",25.7
"Ohu",5,1986,"ppt",166
"Ohu",6,1986,"tmin",21.1
"Ohu",6,1986,"tmax",28.9
"Ohu",6,1986,"tavg",25
"Ohu",6,1986,"ppt",174.4
"Ohu",7,1986,"tmin",20.7
"Ohu",7,1986,"tmax",28.5
"Ohu",7,1986,"tavg",24.6
"Ohu",7,1986,"ppt",117.1
"Ohu",8,1986,"tmin",21.2
"Ohu",8,1986,"tmax",28.9
"Ohu",8,1986,"tavg",25.05
"Ohu",8,1986,"ppt",103.9
"Ohu",9,1986,"tmin",21.1
"Ohu",9,1986,"tmax",29.2
"Ohu",9,1986,"tavg",25.15
"Ohu",9,1986,"ppt",209.6
"Ohu",10,1986,"tmin",21.6
"Ohu",10,1986,"tmax",30.2
"Ohu",10,1986,"tavg",25.9
"Ohu",10,1986,"ppt",129.6
"Ohu",11,1986,"tmin",21.5
"Ohu",11,1986,"tmax",29.9
"Ohu",11,1986,"tavg",25.7
"Ohu",11,1986,"ppt",285
"Ohu",12,1986,"tmin",21.8
"Ohu",12,1986,"tmax",29.8
"Ohu",12,1986,"tavg",25.8
"Ohu",12,1986,"ppt",279.1
"Utai",1,1986,"tmin",21.9
"Utai",1,1986,"tmax",29.7
"Utai",1,1986,"tavg",25.8
"Utai",1,1986,"ppt",242
"Utai",2,1986,"tmin",21.6
"Utai",2,1986,"tmax",28.8
"Utai",2,1986,"tavg",25.2
"Utai",2,1986,"ppt",225.6
"Utai",3,1986,"tmin",21.8
"Utai",3,1986,"tmax",29.5
"Utai",3,1986,"tavg",25.65
"Utai",3,1986,"ppt",226.8
"Utai",4,1986,"tmin",22.1
"Utai",4,1986,"tmax",29.6
"Utai",4,1986,"tavg",25.85
"Utai",4,1986,"ppt",234.9
"Utai",5,1986,"tmin",21.8
"Utai",5,1986,"tmax",30
"Utai",5,1986,"tavg",25.9
"Utai",5,1986,"ppt",174
"Utai",6,1986,"tmin",21.4
"Utai",6,1986,"tmax",28.8
"Utai",6,1986,"tavg",25.1
"Utai",6,1986,"ppt",134.5
"Utai",7,1986,"tmin",21.3
"Utai",7,1986,"tmax",29.2
"Utai",7,1986,"tavg",25.25
"Utai",7,1986,"ppt",120
"Utai",8,1986,"tmin",21.7
"Utai",8,1986,"tmax",30.1
"Utai",8,1986,"tavg",25.9
"Utai",8,1986,"ppt",118
"Utai",9,1986,"tmin",21.6
"Utai",9,1986,"tmax",29.7
"Utai",9,1986,"tavg",25.65
"Utai",9,1986,"ppt",179.3
"Utai",10,1986,"tmin",21.8
"Utai",10,1986,"tmax",30
"Utai",10,1986,"tavg",25.9
"Utai",10,1986,"ppt",181.1
"Utai",11,1986,"tmin",21.8
"Utai",11,1986,"tmax",30.1
"Utai",11,1986,"tavg",25.95
"Utai",11,1986,"ppt",204.5
"Utai",12,1986,"tmin",21.8
"Utai",12,1986,"tmax",29.9
"Utai",12,1986,"tavg",25.85
"Utai",12,1986,"ppt",174.7
"Wamangu",1,1986,"tmin",22.1
"Wamangu",1,1986,"tmax",31.7
"Wamangu",1,1986,"tavg",26.9
"Wamangu",1,1986,"ppt",168.7
"Wamangu",2,1986,"tmin",21.4
"Wamangu",2,1986,"tmax",30.6
"Wamangu",2,1986,"tavg",26
"Wamangu",2,1986,"ppt",208.1
"Wamangu",3,1986,"tmin",21.5
"Wamangu",3,1986,"tmax",31.3
"Wamangu",3,1986,"tavg",26.4
"Wamangu",3,1986,"ppt",151.7
"Wamangu",4,1986,"tmin",21.9
"Wamangu",4,1986,"tmax",30.9
"Wamangu",4,1986,"tavg",26.4
"Wamangu",4,1986,"ppt",268.2
"Wamangu",5,1986,"tmin",21.7
"Wamangu",5,1986,"tmax",31.5
"Wamangu",5,1986,"tavg",26.6
"Wamangu",5,1986,"ppt",122.7
"Wamangu",6,1986,"tmin",21.2
"Wamangu",6,1986,"tmax",31.1
"Wamangu",6,1986,"tavg",26.15
"Wamangu",6,1986,"ppt",119.7
"Wamangu",7,1986,"tmin",20.9
"Wamangu",7,1986,"tmax",31.3
"Wamangu",7,1986,"tavg",26.1
"Wamangu",7,1986,"ppt",84.6
"Wamangu",8,1986,"tmin",21.2
"Wamangu",8,1986,"tmax",32.6
"Wamangu",8,1986,"tavg",26.9
"Wamangu",8,1986,"ppt",75.1
"Wamangu",9,1986,"tmin",21
"Wamangu",9,1986,"tmax",32
"Wamangu",9,1986,"tavg",26.5
"Wamangu",9,1986,"ppt",123.8
"Wamangu",10,1986,"tmin",21.7
"Wamangu",10,1986,"tmax",31.9
"Wamangu",10,1986,"tavg",26.8
"Wamangu",10,1986,"ppt",145.7
"Wamangu",11,1986,"tmin",21.6
"Wamangu",11,1986,"tmax",31.3
"Wamangu",11,1986,"tavg",26.45
"Wamangu",11,1986,"ppt",214.6
"Wamangu",12,1986,"tmin",21.9
"Wamangu",12,1986,"tmax",31.5
"Wamangu",12,1986,"tavg",26.7
"Wamangu",12,1986,"ppt",155.7
"Wanang",1,1986,"tmin",21
"Wanang",1,1986,"tmax",29.9
"Wanang",1,1986,"tavg",25.45
"Wanang",1,1986,"ppt",465.2
"Wanang",2,1986,"tmin",20.6
"Wanang",2,1986,"tmax",30.1
"Wanang",2,1986,"tavg",25.35
"Wanang",2,1986,"ppt",290.8
"Wanang",3,1986,"tmin",20.8
"Wanang",3,1986,"tmax",31
"Wanang",3,1986,"tavg",25.9
"Wanang",3,1986,"ppt",220.3
"Wanang",4,1986,"tmin",21
"Wanang",4,1986,"tmax",29
"Wanang",4,1986,"tavg",25
"Wanang",4,1986,"ppt",433.4
"Wanang",5,1986,"tmin",20.6
"Wanang",5,1986,"tmax",29.9
"Wanang",5,1986,"tavg",25.25
"Wanang",5,1986,"ppt",168.5
"Wanang",6,1986,"tmin",20
"Wanang",6,1986,"tmax",29.3
"Wanang",6,1986,"tavg",24.65
"Wanang",6,1986,"ppt",200.9
"Wanang",7,1986,"tmin",19.8
"Wanang",7,1986,"tmax",28.8
"Wanang",7,1986,"tavg",24.3
"Wanang",7,1986,"ppt",124.4
"Wanang",8,1986,"tmin",20.3
"Wanang",8,1986,"tmax",29.5
"Wanang",8,1986,"tavg",24.9
"Wanang",8,1986,"ppt",112.5
"Wanang",9,1986,"tmin",20.3
"Wanang",9,1986,"tmax",29.2
"Wanang",9,1986,"tavg",24.75
"Wanang",9,1986,"ppt",209.4
"Wanang",10,1986,"tmin",20.6
"Wanang",10,1986,"tmax",31
"Wanang",10,1986,"tavg",25.8
"Wanang",10,1986,"ppt",138.2
"Wanang",11,1986,"tmin",20.8
"Wanang",11,1986,"tmax",30
"Wanang",11,1986,"tavg",25.4
"Wanang",11,1986,"ppt",395.5
"Wanang",12,1986,"tmin",21
"Wanang",12,1986,"tmax",30.1
"Wanang",12,1986,"tavg",25.55
"Wanang",12,1986,"ppt",267.2
"Yapsiei",1,1986,"tmin",22
"Yapsiei",1,1986,"tmax",30.8
"Yapsiei",1,1986,"tavg",26.4
"Yapsiei",1,1986,"ppt",428.8
"Yapsiei",2,1986,"tmin",21.4
"Yapsiei",2,1986,"tmax",30.2
"Yapsiei",2,1986,"tavg",25.8
"Yapsiei",2,1986,"ppt",221.5
"Yapsiei",3,1986,"tmin",21.5
"Yapsiei",3,1986,"tmax",30.7
"Yapsiei",3,1986,"tavg",26.1
"Yapsiei",3,1986,"ppt",295.3
"Yapsiei",4,1986,"tmin",21.9
"Yapsiei",4,1986,"tmax",30.2
"Yapsiei",4,1986,"tavg",26.05
"Yapsiei",4,1986,"ppt",326
"Yapsiei",5,1986,"tmin",21.4
"Yapsiei",5,1986,"tmax",30.7
"Yapsiei",5,1986,"tavg",26.05
"Yapsiei",5,1986,"ppt",168.3
"Yapsiei",6,1986,"tmin",21.2
"Yapsiei",6,1986,"tmax",29.9
"Yapsiei",6,1986,"tavg",25.55
"Yapsiei",6,1986,"ppt",219.6
"Yapsiei",7,1986,"tmin",21.3
"Yapsiei",7,1986,"tmax",29.7
"Yapsiei",7,1986,"tavg",25.5
"Yapsiei",7,1986,"ppt",284.6
"Yapsiei",8,1986,"tmin",21.3
"Yapsiei",8,1986,"tmax",30.5
"Yapsiei",8,1986,"tavg",25.9
"Yapsiei",8,1986,"ppt",272.3
"Yapsiei",9,1986,"tmin",21.4
"Yapsiei",9,1986,"tmax",30.3
"Yapsiei",9,1986,"tavg",25.85
"Yapsiei",9,1986,"ppt",267.4
"Yapsiei",10,1986,"tmin",21.5
"Yapsiei",10,1986,"tmax",30.9
"Yapsiei",10,1986,"tavg",26.2
"Yapsiei",10,1986,"ppt",254.3
"Yapsiei",11,1986,"tmin",21.6
"Yapsiei",11,1986,"tmax",31.4
"Yapsiei",11,1986,"tavg",26.5
"Yapsiei",11,1986,"ppt",237.7
"Yapsiei",12,1986,"tmin",21.4
"Yapsiei",12,1986,"tmax",31.1
"Yapsiei",12,1986,"tavg",26.25
"Yapsiei",12,1986,"ppt",211.8
"Elem",1,1987,"tmin",20.3
"Elem",1,1987,"tmax",30.6
"Elem",1,1987,"tavg",25.45
"Elem",1,1987,"ppt",490.5
"Elem",2,1987,"tmin",20.6
"Elem",2,1987,"tmax",30.1
"Elem",2,1987,"tavg",25.35
"Elem",2,1987,"ppt",493.8
"Elem",3,1987,"tmin",20.1
"Elem",3,1987,"tmax",30.8
"Elem",3,1987,"tavg",25.45
"Elem",3,1987,"ppt",395.3
"Elem",4,1987,"tmin",20.5
"Elem",4,1987,"tmax",31.3
"Elem",4,1987,"tavg",25.9
"Elem",4,1987,"ppt",339.8
"Elem",5,1987,"tmin",20.4
"Elem",5,1987,"tmax",30.8
"Elem",5,1987,"tavg",25.6
"Elem",5,1987,"ppt",244
"Elem",6,1987,"tmin",20.7
"Elem",6,1987,"tmax",31
"Elem",6,1987,"tavg",25.85
"Elem",6,1987,"ppt",138.2
"Elem",7,1987,"tmin",19.9
"Elem",7,1987,"tmax",30.3
"Elem",7,1987,"tavg",25.1
"Elem",7,1987,"ppt",91.7
"Elem",8,1987,"tmin",20.2
"Elem",8,1987,"tmax",30.4
"Elem",8,1987,"tavg",25.3
"Elem",8,1987,"ppt",167.9
"Elem",9,1987,"tmin",20.3
"Elem",9,1987,"tmax",31.4
"Elem",9,1987,"tavg",25.85
"Elem",9,1987,"ppt",162.4
"Elem",10,1987,"tmin",20.4
"Elem",10,1987,"tmax",31.3
"Elem",10,1987,"tavg",25.85
"Elem",10,1987,"ppt",217.1
"Elem",11,1987,"tmin",20.6
"Elem",11,1987,"tmax",31.3
"Elem",11,1987,"tavg",25.95
"Elem",11,1987,"ppt",287.2
"Elem",12,1987,"tmin",21.1
"Elem",12,1987,"tmax",31
"Elem",12,1987,"tavg",26.05
"Elem",12,1987,"ppt",562
"Morox",1,1987,"tmin",21.9
"Morox",1,1987,"tmax",31.5
"Morox",1,1987,"tavg",26.7
"Morox",1,1987,"ppt",304.8
"Morox",2,1987,"tmin",22.1
"Morox",2,1987,"tmax",30.9
"Morox",2,1987,"tavg",26.5
"Morox",2,1987,"ppt",230.2
"Morox",3,1987,"tmin",21.6
"Morox",3,1987,"tmax",31.6
"Morox",3,1987,"tavg",26.6
"Morox",3,1987,"ppt",206.4
"Morox",4,1987,"tmin",21.7
"Morox",4,1987,"tmax",32.2
"Morox",4,1987,"tavg",26.95
"Morox",4,1987,"ppt",199.4
"Morox",5,1987,"tmin",21.7
"Morox",5,1987,"tmax",31.9
"Morox",5,1987,"tavg",26.8
"Morox",5,1987,"ppt",156.3
"Morox",6,1987,"tmin",21.7
"Morox",6,1987,"tmax",32.3
"Morox",6,1987,"tavg",27
"Morox",6,1987,"ppt",60.8
"Morox",7,1987,"tmin",21.2
"Morox",7,1987,"tmax",31.7
"Morox",7,1987,"tavg",26.45
"Morox",7,1987,"ppt",43
"Morox",8,1987,"tmin",21.2
"Morox",8,1987,"tmax",32.1
"Morox",8,1987,"tavg",26.65
"Morox",8,1987,"ppt",75.4
"Morox",9,1987,"tmin",21.5
"Morox",9,1987,"tmax",32.7
"Morox",9,1987,"tavg",27.1
"Morox",9,1987,"ppt",67.3
"Morox",10,1987,"tmin",22.4
"Morox",10,1987,"tmax",32.7
"Morox",10,1987,"tavg",27.55
"Morox",10,1987,"ppt",105.1
"Morox",11,1987,"tmin",22.4
"Morox",11,1987,"tmax",32.1
"Morox",11,1987,"tavg",27.25
"Morox",11,1987,"ppt",225.7
"Morox",12,1987,"tmin",22.7
"Morox",12,1987,"tmax",32.1
"Morox",12,1987,"tavg",27.4
"Morox",12,1987,"ppt",260.2
"Niksek",1,1987,"tmin",21.1
"Niksek",1,1987,"tmax",30.9
"Niksek",1,1987,"tavg",26
"Niksek",1,1987,"ppt",410.5
"Niksek",2,1987,"tmin",21.2
"Niksek",2,1987,"tmax",30.8
"Niksek",2,1987,"tavg",26
"Niksek",2,1987,"ppt",453.7
"Niksek",3,1987,"tmin",20.9
"Niksek",3,1987,"tmax",30.8
"Niksek",3,1987,"tavg",25.85
"Niksek",3,1987,"ppt",471.4
"Niksek",4,1987,"tmin",21.4
"Niksek",4,1987,"tmax",31.9
"Niksek",4,1987,"tavg",26.65
"Niksek",4,1987,"ppt",325.6
"Niksek",5,1987,"tmin",21.6
"Niksek",5,1987,"tmax",30.9
"Niksek",5,1987,"tavg",26.25
"Niksek",5,1987,"ppt",282.2
"Niksek",6,1987,"tmin",21.7
"Niksek",6,1987,"tmax",30.9
"Niksek",6,1987,"tavg",26.3
"Niksek",6,1987,"ppt",230.3
"Niksek",7,1987,"tmin",20.8
"Niksek",7,1987,"tmax",30.2
"Niksek",7,1987,"tavg",25.5
"Niksek",7,1987,"ppt",119.2
"Niksek",8,1987,"tmin",21.1
"Niksek",8,1987,"tmax",30.5
"Niksek",8,1987,"tavg",25.8
"Niksek",8,1987,"ppt",279
"Niksek",9,1987,"tmin",21.4
"Niksek",9,1987,"tmax",31.2
"Niksek",9,1987,"tavg",26.3
"Niksek",9,1987,"ppt",190.5
"Niksek",10,1987,"tmin",21.5
"Niksek",10,1987,"tmax",31.3
"Niksek",10,1987,"tavg",26.4
"Niksek",10,1987,"ppt",234.3
"Niksek",11,1987,"tmin",21.8
"Niksek",11,1987,"tmax",31.7
"Niksek",11,1987,"tavg",26.75
"Niksek",11,1987,"ppt",284.7
"Niksek",12,1987,"tmin",21.8
"Niksek",12,1987,"tmax",31
"Niksek",12,1987,"tavg",26.4
"Niksek",12,1987,"ppt",337.5
"Ohu",1,1987,"tmin",21.9
"Ohu",1,1987,"tmax",29.8
"Ohu",1,1987,"tavg",25.85
"Ohu",1,1987,"ppt",520.3
"Ohu",2,1987,"tmin",22
"Ohu",2,1987,"tmax",29.7
"Ohu",2,1987,"tavg",25.85
"Ohu",2,1987,"ppt",342.1
"Ohu",3,1987,"tmin",21.8
"Ohu",3,1987,"tmax",29.9
"Ohu",3,1987,"tavg",25.85
"Ohu",3,1987,"ppt",284.5
"Ohu",4,1987,"tmin",21.8
"Ohu",4,1987,"tmax",29.8
"Ohu",4,1987,"tavg",25.8
"Ohu",4,1987,"ppt",341.8
"Ohu",5,1987,"tmin",21.6
"Ohu",5,1987,"tmax",29.6
"Ohu",5,1987,"tavg",25.6
"Ohu",5,1987,"ppt",198.4
"Ohu",6,1987,"tmin",21.6
"Ohu",6,1987,"tmax",29.5
"Ohu",6,1987,"tavg",25.55
"Ohu",6,1987,"ppt",71.6
"Ohu",7,1987,"tmin",20.7
"Ohu",7,1987,"tmax",28.5
"Ohu",7,1987,"tavg",24.6
"Ohu",7,1987,"ppt",79.3
"Ohu",8,1987,"tmin",21.2
"Ohu",8,1987,"tmax",29.1
"Ohu",8,1987,"tavg",25.15
"Ohu",8,1987,"ppt",63.6
"Ohu",9,1987,"tmin",21.6
"Ohu",9,1987,"tmax",30
"Ohu",9,1987,"tavg",25.8
"Ohu",9,1987,"ppt",63.1
"Ohu",10,1987,"tmin",22
"Ohu",10,1987,"tmax",30.7
"Ohu",10,1987,"tavg",26.35
"Ohu",10,1987,"ppt",53.9
"Ohu",11,1987,"tmin",22.2
"Ohu",11,1987,"tmax",31.2
"Ohu",11,1987,"tavg",26.7
"Ohu",11,1987,"ppt",166.3
"Ohu",12,1987,"tmin",22.3
"Ohu",12,1987,"tmax",30
"Ohu",12,1987,"tavg",26.15
"Ohu",12,1987,"ppt",341.5
"Utai",1,1987,"tmin",21.9
"Utai",1,1987,"tmax",29.7
"Utai",1,1987,"tavg",25.8
"Utai",1,1987,"ppt",256.7
"Utai",2,1987,"tmin",22.2
"Utai",2,1987,"tmax",29.6
"Utai",2,1987,"tavg",25.9
"Utai",2,1987,"ppt",209
"Utai",3,1987,"tmin",21.8
"Utai",3,1987,"tmax",29.4
"Utai",3,1987,"tavg",25.6
"Utai",3,1987,"ppt",249.4
"Utai",4,1987,"tmin",22
"Utai",4,1987,"tmax",30.4
"Utai",4,1987,"tavg",26.2
"Utai",4,1987,"ppt",212
"Utai",5,1987,"tmin",21.9
"Utai",5,1987,"tmax",29.7
"Utai",5,1987,"tavg",25.8
"Utai",5,1987,"ppt",172.5
"Utai",6,1987,"tmin",21.7
"Utai",6,1987,"tmax",29.9
"Utai",6,1987,"tavg",25.8
"Utai",6,1987,"ppt",138.4
"Utai",7,1987,"tmin",21.4
"Utai",7,1987,"tmax",29.2
"Utai",7,1987,"tavg",25.3
"Utai",7,1987,"ppt",59.5
"Utai",8,1987,"tmin",21.5
"Utai",8,1987,"tmax",28.8
"Utai",8,1987,"tavg",25.15
"Utai",8,1987,"ppt",149.9
"Utai",9,1987,"tmin",21.9
"Utai",9,1987,"tmax",29.8
"Utai",9,1987,"tavg",25.85
"Utai",9,1987,"ppt",164.7
"Utai",10,1987,"tmin",22
"Utai",10,1987,"tmax",30.5
"Utai",10,1987,"tavg",26.25
"Utai",10,1987,"ppt",166.2
"Utai",11,1987,"tmin",22.1
"Utai",11,1987,"tmax",30.2
"Utai",11,1987,"tavg",26.15
"Utai",11,1987,"ppt",212.7
"Utai",12,1987,"tmin",22.4
"Utai",12,1987,"tmax",29.8
"Utai",12,1987,"tavg",26.1
"Utai",12,1987,"ppt",223
"Wamangu",1,1987,"tmin",21.9
"Wamangu",1,1987,"tmax",31.3
"Wamangu",1,1987,"tavg",26.6
"Wamangu",1,1987,"ppt",225.5
"Wamangu",2,1987,"tmin",22
"Wamangu",2,1987,"tmax",30.6
"Wamangu",2,1987,"tavg",26.3
"Wamangu",2,1987,"ppt",160.8
"Wamangu",3,1987,"tmin",21.5
"Wamangu",3,1987,"tmax",31.4
"Wamangu",3,1987,"tavg",26.45
"Wamangu",3,1987,"ppt",174.7
"Wamangu",4,1987,"tmin",21.9
"Wamangu",4,1987,"tmax",31.8
"Wamangu",4,1987,"tavg",26.85
"Wamangu",4,1987,"ppt",175.2
"Wamangu",5,1987,"tmin",21.7
"Wamangu",5,1987,"tmax",31.4
"Wamangu",5,1987,"tavg",26.55
"Wamangu",5,1987,"ppt",168.2
"Wamangu",6,1987,"tmin",21.6
"Wamangu",6,1987,"tmax",31.9
"Wamangu",6,1987,"tavg",26.75
"Wamangu",6,1987,"ppt",66.6
"Wamangu",7,1987,"tmin",20.8
"Wamangu",7,1987,"tmax",31.4
"Wamangu",7,1987,"tavg",26.1
"Wamangu",7,1987,"ppt",39.5
"Wamangu",8,1987,"tmin",20.9
"Wamangu",8,1987,"tmax",31.7
"Wamangu",8,1987,"tavg",26.3
"Wamangu",8,1987,"ppt",80.9
"Wamangu",9,1987,"tmin",21.3
"Wamangu",9,1987,"tmax",32.5
"Wamangu",9,1987,"tavg",26.9
"Wamangu",9,1987,"ppt",87.5
"Wamangu",10,1987,"tmin",22
"Wamangu",10,1987,"tmax",32
"Wamangu",10,1987,"tavg",27
"Wamangu",10,1987,"ppt",129.5
"Wamangu",11,1987,"tmin",22
"Wamangu",11,1987,"tmax",31.7
"Wamangu",11,1987,"tavg",26.85
"Wamangu",11,1987,"ppt",181
"Wamangu",12,1987,"tmin",22.4
"Wamangu",12,1987,"tmax",31.7
"Wamangu",12,1987,"tavg",27.05
"Wamangu",12,1987,"ppt",194.4
"Wanang",1,1987,"tmin",20.9
"Wanang",1,1987,"tmax",29.4
"Wanang",1,1987,"tavg",25.15
"Wanang",1,1987,"ppt",660.9
"Wanang",2,1987,"tmin",21
"Wanang",2,1987,"tmax",29
"Wanang",2,1987,"tavg",25
"Wanang",2,1987,"ppt",423.5
"Wanang",3,1987,"tmin",20.9
"Wanang",3,1987,"tmax",30
"Wanang",3,1987,"tavg",25.45
"Wanang",3,1987,"ppt",344.9
"Wanang",4,1987,"tmin",21
"Wanang",4,1987,"tmax",30
"Wanang",4,1987,"tavg",25.5
"Wanang",4,1987,"ppt",356.2
"Wanang",5,1987,"tmin",20.9
"Wanang",5,1987,"tmax",29.7
"Wanang",5,1987,"tavg",25.3
"Wanang",5,1987,"ppt",238.2
"Wanang",6,1987,"tmin",20.7
"Wanang",6,1987,"tmax",30.3
"Wanang",6,1987,"tavg",25.5
"Wanang",6,1987,"ppt",82.2
"Wanang",7,1987,"tmin",19.8
"Wanang",7,1987,"tmax",29.4
"Wanang",7,1987,"tavg",24.6
"Wanang",7,1987,"ppt",77.3
"Wanang",8,1987,"tmin",20.7
"Wanang",8,1987,"tmax",30.6
"Wanang",8,1987,"tavg",25.65
"Wanang",8,1987,"ppt",91.9
"Wanang",9,1987,"tmin",20.6
"Wanang",9,1987,"tmax",31
"Wanang",9,1987,"tavg",25.8
"Wanang",9,1987,"ppt",103.8
"Wanang",10,1987,"tmin",20.8
"Wanang",10,1987,"tmax",32
"Wanang",10,1987,"tavg",26.4
"Wanang",10,1987,"ppt",111
"Wanang",11,1987,"tmin",21.1
"Wanang",11,1987,"tmax",32
"Wanang",11,1987,"tavg",26.55
"Wanang",11,1987,"ppt",267.1
"Wanang",12,1987,"tmin",21.4
"Wanang",12,1987,"tmax",29.8
"Wanang",12,1987,"tavg",25.6
"Wanang",12,1987,"ppt",592
"Yapsiei",1,1987,"tmin",21.9
"Yapsiei",1,1987,"tmax",30.6
"Yapsiei",1,1987,"tavg",26.25
"Yapsiei",1,1987,"ppt",447
"Yapsiei",2,1987,"tmin",22
"Yapsiei",2,1987,"tmax",30.6
"Yapsiei",2,1987,"tavg",26.3
"Yapsiei",2,1987,"ppt",361.4
"Yapsiei",3,1987,"tmin",21.6
"Yapsiei",3,1987,"tmax",30.1
"Yapsiei",3,1987,"tavg",25.85
"Yapsiei",3,1987,"ppt",360.5
"Yapsiei",4,1987,"tmin",22
"Yapsiei",4,1987,"tmax",31.2
"Yapsiei",4,1987,"tavg",26.6
"Yapsiei",4,1987,"ppt",269
"Yapsiei",5,1987,"tmin",21.9
"Yapsiei",5,1987,"tmax",30.2
"Yapsiei",5,1987,"tavg",26.05
"Yapsiei",5,1987,"ppt",295.9
"Yapsiei",6,1987,"tmin",21.9
"Yapsiei",6,1987,"tmax",30.1
"Yapsiei",6,1987,"tavg",26
"Yapsiei",6,1987,"ppt",316.3
"Yapsiei",7,1987,"tmin",21.1
"Yapsiei",7,1987,"tmax",29.6
"Yapsiei",7,1987,"tavg",25.35
"Yapsiei",7,1987,"ppt",142.8
"Yapsiei",8,1987,"tmin",21.6
"Yapsiei",8,1987,"tmax",29
"Yapsiei",8,1987,"tavg",25.3
"Yapsiei",8,1987,"ppt",315.7
"Yapsiei",9,1987,"tmin",21.7
"Yapsiei",9,1987,"tmax",30.1
"Yapsiei",9,1987,"tavg",25.9
"Yapsiei",9,1987,"ppt",330.7
"Yapsiei",10,1987,"tmin",21.8
"Yapsiei",10,1987,"tmax",31.1
"Yapsiei",10,1987,"tavg",26.45
"Yapsiei",10,1987,"ppt",276.8
"Yapsiei",11,1987,"tmin",22
"Yapsiei",11,1987,"tmax",31.4
"Yapsiei",11,1987,"tavg",26.7
"Yapsiei",11,1987,"ppt",244
"Yapsiei",12,1987,"tmin",22.3
"Yapsiei",12,1987,"tmax",30.8
"Yapsiei",12,1987,"tavg",26.55
"Yapsiei",12,1987,"ppt",396.8
"Elem",1,1988,"tmin",20.6
"Elem",1,1988,"tmax",31
"Elem",1,1988,"tavg",25.8
"Elem",1,1988,"ppt",337.9
"Elem",2,1988,"tmin",20.7
"Elem",2,1988,"tmax",30.8
"Elem",2,1988,"tavg",25.75
"Elem",2,1988,"ppt",414.4
"Elem",3,1988,"tmin",20.8
"Elem",3,1988,"tmax",31.6
"Elem",3,1988,"tavg",26.2
"Elem",3,1988,"ppt",366.2
"Elem",4,1988,"tmin",20.5
"Elem",4,1988,"tmax",31.2
"Elem",4,1988,"tavg",25.85
"Elem",4,1988,"ppt",317
"Elem",5,1988,"tmin",20.8
"Elem",5,1988,"tmax",31.8
"Elem",5,1988,"tavg",26.3
"Elem",5,1988,"ppt",217.9
"Elem",6,1988,"tmin",19.9
"Elem",6,1988,"tmax",30.8
"Elem",6,1988,"tavg",25.35
"Elem",6,1988,"ppt",138.7
"Elem",7,1988,"tmin",19.8
"Elem",7,1988,"tmax",30.6
"Elem",7,1988,"tavg",25.2
"Elem",7,1988,"ppt",125
"Elem",8,1988,"tmin",19.5
"Elem",8,1988,"tmax",31.7
"Elem",8,1988,"tavg",25.6
"Elem",8,1988,"ppt",74.1
"Elem",9,1988,"tmin",20.2
"Elem",9,1988,"tmax",31.8
"Elem",9,1988,"tavg",26
"Elem",9,1988,"ppt",132.9
"Elem",10,1988,"tmin",20.4
"Elem",10,1988,"tmax",31.2
"Elem",10,1988,"tavg",25.8
"Elem",10,1988,"ppt",229.5
"Elem",11,1988,"tmin",20.3
"Elem",11,1988,"tmax",31.2
"Elem",11,1988,"tavg",25.75
"Elem",11,1988,"ppt",334.5
"Elem",12,1988,"tmin",20.5
"Elem",12,1988,"tmax",31.3
"Elem",12,1988,"tavg",25.9
"Elem",12,1988,"ppt",275.3
"Morox",1,1988,"tmin",22.3
"Morox",1,1988,"tmax",31.8
"Morox",1,1988,"tavg",27.05
"Morox",1,1988,"ppt",214.1
"Morox",2,1988,"tmin",22.4
"Morox",2,1988,"tmax",31.6
"Morox",2,1988,"tavg",27
"Morox",2,1988,"ppt",213.1
"Morox",3,1988,"tmin",22.2
"Morox",3,1988,"tmax",32
"Morox",3,1988,"tavg",27.1
"Morox",3,1988,"ppt",213.6
"Morox",4,1988,"tmin",21.9
"Morox",4,1988,"tmax",32
"Morox",4,1988,"tavg",26.95
"Morox",4,1988,"ppt",225
"Morox",5,1988,"tmin",22.2
"Morox",5,1988,"tmax",32.8
"Morox",5,1988,"tavg",27.5
"Morox",5,1988,"ppt",143.5
"Morox",6,1988,"tmin",21.5
"Morox",6,1988,"tmax",32.1
"Morox",6,1988,"tavg",26.8
"Morox",6,1988,"ppt",95.4
"Morox",7,1988,"tmin",21.2
"Morox",7,1988,"tmax",31.7
"Morox",7,1988,"tavg",26.45
"Morox",7,1988,"ppt",88
"Morox",8,1988,"tmin",21.5
"Morox",8,1988,"tmax",32.6
"Morox",8,1988,"tavg",27.05
"Morox",8,1988,"ppt",64.3
"Morox",9,1988,"tmin",21.6
"Morox",9,1988,"tmax",32.6
"Morox",9,1988,"tavg",27.1
"Morox",9,1988,"ppt",90.5
"Morox",10,1988,"tmin",22
"Morox",10,1988,"tmax",31.9
"Morox",10,1988,"tavg",26.95
"Morox",10,1988,"ppt",202.2
"Morox",11,1988,"tmin",22
"Morox",11,1988,"tmax",31.8
"Morox",11,1988,"tavg",26.9
"Morox",11,1988,"ppt",268.8
"Morox",12,1988,"tmin",22.3
"Morox",12,1988,"tmax",31.9
"Morox",12,1988,"tavg",27.1
"Morox",12,1988,"ppt",214.5
"Niksek",1,1988,"tmin",21.3
"Niksek",1,1988,"tmax",31
"Niksek",1,1988,"tavg",26.15
"Niksek",1,1988,"ppt",316.7
"Niksek",2,1988,"tmin",21.5
"Niksek",2,1988,"tmax",30.9
"Niksek",2,1988,"tavg",26.2
"Niksek",2,1988,"ppt",456
"Niksek",3,1988,"tmin",21.7
"Niksek",3,1988,"tmax",32
"Niksek",3,1988,"tavg",26.85
"Niksek",3,1988,"ppt",279.7
"Niksek",4,1988,"tmin",21.5
"Niksek",4,1988,"tmax",31.8
"Niksek",4,1988,"tavg",26.65
"Niksek",4,1988,"ppt",307.1
"Niksek",5,1988,"tmin",21.9
"Niksek",5,1988,"tmax",31.7
"Niksek",5,1988,"tavg",26.8
"Niksek",5,1988,"ppt",222.8
"Niksek",6,1988,"tmin",21.2
"Niksek",6,1988,"tmax",30.8
"Niksek",6,1988,"tavg",26
"Niksek",6,1988,"ppt",164.8
"Niksek",7,1988,"tmin",21.2
"Niksek",7,1988,"tmax",30.2
"Niksek",7,1988,"tavg",25.7
"Niksek",7,1988,"ppt",169.4
"Niksek",8,1988,"tmin",21
"Niksek",8,1988,"tmax",31.5
"Niksek",8,1988,"tavg",26.25
"Niksek",8,1988,"ppt",111
"Niksek",9,1988,"tmin",21.4
"Niksek",9,1988,"tmax",31.6
"Niksek",9,1988,"tavg",26.5
"Niksek",9,1988,"ppt",170.2
"Niksek",10,1988,"tmin",21.4
"Niksek",10,1988,"tmax",31
"Niksek",10,1988,"tavg",26.2
"Niksek",10,1988,"ppt",320.8
"Niksek",11,1988,"tmin",21.5
"Niksek",11,1988,"tmax",31.5
"Niksek",11,1988,"tavg",26.5
"Niksek",11,1988,"ppt",244
"Niksek",12,1988,"tmin",21.1
"Niksek",12,1988,"tmax",31.2
"Niksek",12,1988,"tavg",26.15
"Niksek",12,1988,"ppt",247.2
"Ohu",1,1988,"tmin",22.2
"Ohu",1,1988,"tmax",30
"Ohu",1,1988,"tavg",26.1
"Ohu",1,1988,"ppt",283.2
"Ohu",2,1988,"tmin",22.3
"Ohu",2,1988,"tmax",30.2
"Ohu",2,1988,"tavg",26.25
"Ohu",2,1988,"ppt",387.7
"Ohu",3,1988,"tmin",22.5
"Ohu",3,1988,"tmax",30.1
"Ohu",3,1988,"tavg",26.3
"Ohu",3,1988,"ppt",388.6
"Ohu",4,1988,"tmin",22
"Ohu",4,1988,"tmax",29.8
"Ohu",4,1988,"tavg",25.9
"Ohu",4,1988,"ppt",528.6
"Ohu",5,1988,"tmin",22.1
"Ohu",5,1988,"tmax",30.2
"Ohu",5,1988,"tavg",26.15
"Ohu",5,1988,"ppt",124
"Ohu",6,1988,"tmin",21.2
"Ohu",6,1988,"tmax",29.1
"Ohu",6,1988,"tavg",25.15
"Ohu",6,1988,"ppt",186.1
"Ohu",7,1988,"tmin",21
"Ohu",7,1988,"tmax",28.9
"Ohu",7,1988,"tavg",24.95
"Ohu",7,1988,"ppt",116.1
"Ohu",8,1988,"tmin",21.4
"Ohu",8,1988,"tmax",29.5
"Ohu",8,1988,"tavg",25.45
"Ohu",8,1988,"ppt",65.5
"Ohu",9,1988,"tmin",21.8
"Ohu",9,1988,"tmax",30.1
"Ohu",9,1988,"tavg",25.95
"Ohu",9,1988,"ppt",112.1
"Ohu",10,1988,"tmin",21.6
"Ohu",10,1988,"tmax",29.7
"Ohu",10,1988,"tavg",25.65
"Ohu",10,1988,"ppt",309.7
"Ohu",11,1988,"tmin",21.6
"Ohu",11,1988,"tmax",30
"Ohu",11,1988,"tavg",25.8
"Ohu",11,1988,"ppt",375.8
"Ohu",12,1988,"tmin",21.9
"Ohu",12,1988,"tmax",30.1
"Ohu",12,1988,"tavg",26
"Ohu",12,1988,"ppt",240.9
"Utai",1,1988,"tmin",22.2
"Utai",1,1988,"tmax",29.5
"Utai",1,1988,"tavg",25.85
"Utai",1,1988,"ppt",225.8
"Utai",2,1988,"tmin",22.5
"Utai",2,1988,"tmax",30
"Utai",2,1988,"tavg",26.25
"Utai",2,1988,"ppt",213.3
"Utai",3,1988,"tmin",22.5
"Utai",3,1988,"tmax",30.5
"Utai",3,1988,"tavg",26.5
"Utai",3,1988,"ppt",297.6
"Utai",4,1988,"tmin",22.2
"Utai",4,1988,"tmax",30.7
"Utai",4,1988,"tavg",26.45
"Utai",4,1988,"ppt",208.9
"Utai",5,1988,"tmin",22.3
"Utai",5,1988,"tmax",30.7
"Utai",5,1988,"tavg",26.5
"Utai",5,1988,"ppt",201.1
"Utai",6,1988,"tmin",21.6
"Utai",6,1988,"tmax",29.4
"Utai",6,1988,"tavg",25.5
"Utai",6,1988,"ppt",129.5
"Utai",7,1988,"tmin",21.6
"Utai",7,1988,"tmax",29.3
"Utai",7,1988,"tavg",25.45
"Utai",7,1988,"ppt",129.4
"Utai",8,1988,"tmin",21.6
"Utai",8,1988,"tmax",30
"Utai",8,1988,"tavg",25.8
"Utai",8,1988,"ppt",92.2
"Utai",9,1988,"tmin",21.9
"Utai",9,1988,"tmax",30.2
"Utai",9,1988,"tavg",26.05
"Utai",9,1988,"ppt",137.6
"Utai",10,1988,"tmin",21.9
"Utai",10,1988,"tmax",29.9
"Utai",10,1988,"tavg",25.9
"Utai",10,1988,"ppt",242.5
"Utai",11,1988,"tmin",21.9
"Utai",11,1988,"tmax",30.4
"Utai",11,1988,"tavg",26.15
"Utai",11,1988,"ppt",255.3
"Utai",12,1988,"tmin",21.8
"Utai",12,1988,"tmax",29.9
"Utai",12,1988,"tavg",25.85
"Utai",12,1988,"ppt",226.7
"Wamangu",1,1988,"tmin",22.3
"Wamangu",1,1988,"tmax",31.6
"Wamangu",1,1988,"tavg",26.95
"Wamangu",1,1988,"ppt",151.3
"Wamangu",2,1988,"tmin",22.3
"Wamangu",2,1988,"tmax",31.2
"Wamangu",2,1988,"tavg",26.75
"Wamangu",2,1988,"ppt",159.7
"Wamangu",3,1988,"tmin",22
"Wamangu",3,1988,"tmax",31.7
"Wamangu",3,1988,"tavg",26.85
"Wamangu",3,1988,"ppt",172.6
"Wamangu",4,1988,"tmin",22
"Wamangu",4,1988,"tmax",31.7
"Wamangu",4,1988,"tavg",26.85
"Wamangu",4,1988,"ppt",196.3
"Wamangu",5,1988,"tmin",22.1
"Wamangu",5,1988,"tmax",32.4
"Wamangu",5,1988,"tavg",27.25
"Wamangu",5,1988,"ppt",157.9
"Wamangu",6,1988,"tmin",21.3
"Wamangu",6,1988,"tmax",31.5
"Wamangu",6,1988,"tavg",26.4
"Wamangu",6,1988,"ppt",114.2
"Wamangu",7,1988,"tmin",21.2
"Wamangu",7,1988,"tmax",31.2
"Wamangu",7,1988,"tavg",26.2
"Wamangu",7,1988,"ppt",103.8
"Wamangu",8,1988,"tmin",21.3
"Wamangu",8,1988,"tmax",32.5
"Wamangu",8,1988,"tavg",26.9
"Wamangu",8,1988,"ppt",81.7
"Wamangu",9,1988,"tmin",21.6
"Wamangu",9,1988,"tmax",32.2
"Wamangu",9,1988,"tavg",26.9
"Wamangu",9,1988,"ppt",112.9
"Wamangu",10,1988,"tmin",21.8
"Wamangu",10,1988,"tmax",31.4
"Wamangu",10,1988,"tavg",26.6
"Wamangu",10,1988,"ppt",233.7
"Wamangu",11,1988,"tmin",21.8
"Wamangu",11,1988,"tmax",31.6
"Wamangu",11,1988,"tavg",26.7
"Wamangu",11,1988,"ppt",221.9
"Wamangu",12,1988,"tmin",22
"Wamangu",12,1988,"tmax",31.4
"Wamangu",12,1988,"tavg",26.7
"Wamangu",12,1988,"ppt",185.5
"Wanang",1,1988,"tmin",21.1
"Wanang",1,1988,"tmax",29.6
"Wanang",1,1988,"tavg",25.35
"Wanang",1,1988,"ppt",348.4
"Wanang",2,1988,"tmin",21.4
"Wanang",2,1988,"tmax",29.6
"Wanang",2,1988,"tavg",25.5
"Wanang",2,1988,"ppt",349.9
"Wanang",3,1988,"tmin",21.3
"Wanang",3,1988,"tmax",30.9
"Wanang",3,1988,"tavg",26.1
"Wanang",3,1988,"ppt",425
"Wanang",4,1988,"tmin",21.1
"Wanang",4,1988,"tmax",29.8
"Wanang",4,1988,"tavg",25.45
"Wanang",4,1988,"ppt",368.2
"Wanang",5,1988,"tmin",21.1
"Wanang",5,1988,"tmax",30.9
"Wanang",5,1988,"tavg",26
"Wanang",5,1988,"ppt",133.6
"Wanang",6,1988,"tmin",20.1
"Wanang",6,1988,"tmax",29.4
"Wanang",6,1988,"tavg",24.75
"Wanang",6,1988,"ppt",184
"Wanang",7,1988,"tmin",19.7
"Wanang",7,1988,"tmax",29.3
"Wanang",7,1988,"tavg",24.5
"Wanang",7,1988,"ppt",115.8
"Wanang",8,1988,"tmin",19.9
"Wanang",8,1988,"tmax",30.4
"Wanang",8,1988,"tavg",25.15
"Wanang",8,1988,"ppt",68.6
"Wanang",9,1988,"tmin",20.8
"Wanang",9,1988,"tmax",31.1
"Wanang",9,1988,"tavg",25.95
"Wanang",9,1988,"ppt",104.6
"Wanang",10,1988,"tmin",20.8
"Wanang",10,1988,"tmax",29.9
"Wanang",10,1988,"tavg",25.35
"Wanang",10,1988,"ppt",254.6
"Wanang",11,1988,"tmin",20.8
"Wanang",11,1988,"tmax",29.6
"Wanang",11,1988,"tavg",25.2
"Wanang",11,1988,"ppt",403.3
"Wanang",12,1988,"tmin",20.9
"Wanang",12,1988,"tmax",29.7
"Wanang",12,1988,"tavg",25.3
"Wanang",12,1988,"ppt",286.4
"Yapsiei",1,1988,"tmin",22.2
"Yapsiei",1,1988,"tmax",30.8
"Yapsiei",1,1988,"tavg",26.5
"Yapsiei",1,1988,"ppt",388
"Yapsiei",2,1988,"tmin",22.2
"Yapsiei",2,1988,"tmax",30.4
"Yapsiei",2,1988,"tavg",26.3
"Yapsiei",2,1988,"ppt",460.7
"Yapsiei",3,1988,"tmin",22.4
"Yapsiei",3,1988,"tmax",31.6
"Yapsiei",3,1988,"tavg",27
"Yapsiei",3,1988,"ppt",530.3
"Yapsiei",4,1988,"tmin",22.1
"Yapsiei",4,1988,"tmax",31.6
"Yapsiei",4,1988,"tavg",26.85
"Yapsiei",4,1988,"ppt",393.1
"Yapsiei",5,1988,"tmin",22.2
"Yapsiei",5,1988,"tmax",31.4
"Yapsiei",5,1988,"tavg",26.8
"Yapsiei",5,1988,"ppt",348.2
"Yapsiei",6,1988,"tmin",21.4
"Yapsiei",6,1988,"tmax",30.1
"Yapsiei",6,1988,"tavg",25.75
"Yapsiei",6,1988,"ppt",239
"Yapsiei",7,1988,"tmin",21.3
"Yapsiei",7,1988,"tmax",30.3
"Yapsiei",7,1988,"tavg",25.8
"Yapsiei",7,1988,"ppt",186.1
"Yapsiei",8,1988,"tmin",21.2
"Yapsiei",8,1988,"tmax",31.1
"Yapsiei",8,1988,"tavg",26.15
"Yapsiei",8,1988,"ppt",95.7
"Yapsiei",9,1988,"tmin",21.7
"Yapsiei",9,1988,"tmax",31.3
"Yapsiei",9,1988,"tavg",26.5
"Yapsiei",9,1988,"ppt",216.6
"Yapsiei",10,1988,"tmin",21.9
"Yapsiei",10,1988,"tmax",30.7
"Yapsiei",10,1988,"tavg",26.3
"Yapsiei",10,1988,"ppt",265.8
"Yapsiei",11,1988,"tmin",21.8
"Yapsiei",11,1988,"tmax",31.2
"Yapsiei",11,1988,"tavg",26.5
"Yapsiei",11,1988,"ppt",291.2
"Yapsiei",12,1988,"tmin",21.4
"Yapsiei",12,1988,"tmax",31.1
"Yapsiei",12,1988,"tavg",26.25
"Yapsiei",12,1988,"ppt",297.9
"Elem",1,1989,"tmin",20.6
"Elem",1,1989,"tmax",31.7
"Elem",1,1989,"tavg",26.15
"Elem",1,1989,"ppt",407.6
"Elem",2,1989,"tmin",20.5
"Elem",2,1989,"tmax",31.6
"Elem",2,1989,"tavg",26.05
"Elem",2,1989,"ppt",262.9
"Elem",3,1989,"tmin",19.8
"Elem",3,1989,"tmax",31.1
"Elem",3,1989,"tavg",25.45
"Elem",3,1989,"ppt",301.1
"Elem",4,1989,"tmin",20.4
"Elem",4,1989,"tmax",30.6
"Elem",4,1989,"tavg",25.5
"Elem",4,1989,"ppt",406
"Elem",5,1989,"tmin",20.6
"Elem",5,1989,"tmax",30.8
"Elem",5,1989,"tavg",25.7
"Elem",5,1989,"ppt",327.6
"Elem",6,1989,"tmin",19.8
"Elem",6,1989,"tmax",31.1
"Elem",6,1989,"tavg",25.45
"Elem",6,1989,"ppt",126.5
"Elem",7,1989,"tmin",19.6
"Elem",7,1989,"tmax",30.6
"Elem",7,1989,"tavg",25.1
"Elem",7,1989,"ppt",98.1
"Elem",8,1989,"tmin",19.8
"Elem",8,1989,"tmax",30.9
"Elem",8,1989,"tavg",25.35
"Elem",8,1989,"ppt",113.8
"Elem",9,1989,"tmin",20
"Elem",9,1989,"tmax",31.2
"Elem",9,1989,"tavg",25.6
"Elem",9,1989,"ppt",143.5
"Elem",10,1989,"tmin",20.3
"Elem",10,1989,"tmax",31.4
"Elem",10,1989,"tavg",25.85
"Elem",10,1989,"ppt",247.5
"Elem",11,1989,"tmin",20.3
"Elem",11,1989,"tmax",31.8
"Elem",11,1989,"tavg",26.05
"Elem",11,1989,"ppt",366.6
"Elem",12,1989,"tmin",20.5
"Elem",12,1989,"tmax",30.8
"Elem",12,1989,"tavg",25.65
"Elem",12,1989,"ppt",372.5
"Morox",1,1989,"tmin",22.1
"Morox",1,1989,"tmax",32.1
"Morox",1,1989,"tavg",27.1
"Morox",1,1989,"ppt",224.7
"Morox",2,1989,"tmin",22.1
"Morox",2,1989,"tmax",32
"Morox",2,1989,"tavg",27.05
"Morox",2,1989,"ppt",168.6
"Morox",3,1989,"tmin",21.5
"Morox",3,1989,"tmax",31.5
"Morox",3,1989,"tavg",26.5
"Morox",3,1989,"ppt",264.5
"Morox",4,1989,"tmin",21.6
"Morox",4,1989,"tmax",31.5
"Morox",4,1989,"tavg",26.55
"Morox",4,1989,"ppt",276
"Morox",5,1989,"tmin",21.8
"Morox",5,1989,"tmax",32.1
"Morox",5,1989,"tavg",26.95
"Morox",5,1989,"ppt",205.9
"Morox",6,1989,"tmin",21.3
"Morox",6,1989,"tmax",31.9
"Morox",6,1989,"tavg",26.6
"Morox",6,1989,"ppt",110.8
"Morox",7,1989,"tmin",21.1
"Morox",7,1989,"tmax",31.7
"Morox",7,1989,"tavg",26.4
"Morox",7,1989,"ppt",83
"Morox",8,1989,"tmin",21.1
"Morox",8,1989,"tmax",31.9
"Morox",8,1989,"tavg",26.5
"Morox",8,1989,"ppt",105.6
"Morox",9,1989,"tmin",21.2
"Morox",9,1989,"tmax",32.1
"Morox",9,1989,"tavg",26.65
"Morox",9,1989,"ppt",103.5
"Morox",10,1989,"tmin",21.9
"Morox",10,1989,"tmax",32.1
"Morox",10,1989,"tavg",27
"Morox",10,1989,"ppt",221.7
"Morox",11,1989,"tmin",22.2
"Morox",11,1989,"tmax",32.2
"Morox",11,1989,"tavg",27.2
"Morox",11,1989,"ppt",237
"Morox",12,1989,"tmin",22.3
"Morox",12,1989,"tmax",31.8
"Morox",12,1989,"tavg",27.05
"Morox",12,1989,"ppt",218.1
"Niksek",1,1989,"tmin",21.2
"Niksek",1,1989,"tmax",31.9
"Niksek",1,1989,"tavg",26.55
"Niksek",1,1989,"ppt",319.6
"Niksek",2,1989,"tmin",21.1
"Niksek",2,1989,"tmax",31.7
"Niksek",2,1989,"tavg",26.4
"Niksek",2,1989,"ppt",263.8
"Niksek",3,1989,"tmin",20.8
"Niksek",3,1989,"tmax",31.3
"Niksek",3,1989,"tavg",26.05
"Niksek",3,1989,"ppt",267.4
"Niksek",4,1989,"tmin",21.3
"Niksek",4,1989,"tmax",31.4
"Niksek",4,1989,"tavg",26.35
"Niksek",4,1989,"ppt",461.7
"Niksek",5,1989,"tmin",21.5
"Niksek",5,1989,"tmax",30.8
"Niksek",5,1989,"tavg",26.15
"Niksek",5,1989,"ppt",388.6
"Niksek",6,1989,"tmin",21.1
"Niksek",6,1989,"tmax",30.8
"Niksek",6,1989,"tavg",25.95
"Niksek",6,1989,"ppt",134.4
"Niksek",7,1989,"tmin",20.9
"Niksek",7,1989,"tmax",30.2
"Niksek",7,1989,"tavg",25.55
"Niksek",7,1989,"ppt",146.7
"Niksek",8,1989,"tmin",20.6
"Niksek",8,1989,"tmax",30.7
"Niksek",8,1989,"tavg",25.65
"Niksek",8,1989,"ppt",176
"Niksek",9,1989,"tmin",21
"Niksek",9,1989,"tmax",31
"Niksek",9,1989,"tavg",26
"Niksek",9,1989,"ppt",200
"Niksek",10,1989,"tmin",21.4
"Niksek",10,1989,"tmax",31.2
"Niksek",10,1989,"tavg",26.3
"Niksek",10,1989,"ppt",254.6
"Niksek",11,1989,"tmin",21.5
"Niksek",11,1989,"tmax",32.2
"Niksek",11,1989,"tavg",26.85
"Niksek",11,1989,"ppt",278.6
"Niksek",12,1989,"tmin",21.3
"Niksek",12,1989,"tmax",30.8
"Niksek",12,1989,"tavg",26.05
"Niksek",12,1989,"ppt",272.5
"Ohu",1,1989,"tmin",22.2
"Ohu",1,1989,"tmax",30.5
"Ohu",1,1989,"tavg",26.35
"Ohu",1,1989,"ppt",379.2
"Ohu",2,1989,"tmin",22.1
"Ohu",2,1989,"tmax",30.3
"Ohu",2,1989,"tavg",26.2
"Ohu",2,1989,"ppt",344.3
"Ohu",3,1989,"tmin",21.7
"Ohu",3,1989,"tmax",29.8
"Ohu",3,1989,"tavg",25.75
"Ohu",3,1989,"ppt",252.4
"Ohu",4,1989,"tmin",21.8
"Ohu",4,1989,"tmax",29.7
"Ohu",4,1989,"tavg",25.75
"Ohu",4,1989,"ppt",358.1
"Ohu",5,1989,"tmin",21.6
"Ohu",5,1989,"tmax",29.4
"Ohu",5,1989,"tavg",25.5
"Ohu",5,1989,"ppt",343.9
"Ohu",6,1989,"tmin",21.2
"Ohu",6,1989,"tmax",29.3
"Ohu",6,1989,"tavg",25.25
"Ohu",6,1989,"ppt",118.1
"Ohu",7,1989,"tmin",21.1
"Ohu",7,1989,"tmax",29.2
"Ohu",7,1989,"tavg",25.15
"Ohu",7,1989,"ppt",78.9
"Ohu",8,1989,"tmin",21.3
"Ohu",8,1989,"tmax",29.1
"Ohu",8,1989,"tavg",25.2
"Ohu",8,1989,"ppt",103.9
"Ohu",9,1989,"tmin",21.4
"Ohu",9,1989,"tmax",29.7
"Ohu",9,1989,"tavg",25.55
"Ohu",9,1989,"ppt",154.9
"Ohu",10,1989,"tmin",21.7
"Ohu",10,1989,"tmax",30
"Ohu",10,1989,"tavg",25.85
"Ohu",10,1989,"ppt",255.2
"Ohu",11,1989,"tmin",21.8
"Ohu",11,1989,"tmax",30.8
"Ohu",11,1989,"tavg",26.3
"Ohu",11,1989,"ppt",260.8
"Ohu",12,1989,"tmin",22
"Ohu",12,1989,"tmax",29.7
"Ohu",12,1989,"tavg",25.85
"Ohu",12,1989,"ppt",299.1
"Utai",1,1989,"tmin",22.1
"Utai",1,1989,"tmax",30.3
"Utai",1,1989,"tavg",26.2
"Utai",1,1989,"ppt",256
"Utai",2,1989,"tmin",22.1
"Utai",2,1989,"tmax",30.6
"Utai",2,1989,"tavg",26.35
"Utai",2,1989,"ppt",214.8
"Utai",3,1989,"tmin",21.6
"Utai",3,1989,"tmax",29.7
"Utai",3,1989,"tavg",25.65
"Utai",3,1989,"ppt",278.8
"Utai",4,1989,"tmin",21.9
"Utai",4,1989,"tmax",29.7
"Utai",4,1989,"tavg",25.8
"Utai",4,1989,"ppt",256.3
"Utai",5,1989,"tmin",21.8
"Utai",5,1989,"tmax",29.8
"Utai",5,1989,"tavg",25.8
"Utai",5,1989,"ppt",289.6
"Utai",6,1989,"tmin",21.3
"Utai",6,1989,"tmax",29.4
"Utai",6,1989,"tavg",25.35
"Utai",6,1989,"ppt",134.1
"Utai",7,1989,"tmin",21.4
"Utai",7,1989,"tmax",29.1
"Utai",7,1989,"tavg",25.25
"Utai",7,1989,"ppt",116.9
"Utai",8,1989,"tmin",21.3
"Utai",8,1989,"tmax",28.5
"Utai",8,1989,"tavg",24.9
"Utai",8,1989,"ppt",166.3
"Utai",9,1989,"tmin",21.4
"Utai",9,1989,"tmax",29.5
"Utai",9,1989,"tavg",25.45
"Utai",9,1989,"ppt",148.8
"Utai",10,1989,"tmin",21.8
"Utai",10,1989,"tmax",29.9
"Utai",10,1989,"tavg",25.85
"Utai",10,1989,"ppt",242.4
"Utai",11,1989,"tmin",22
"Utai",11,1989,"tmax",30.3
"Utai",11,1989,"tavg",26.15
"Utai",11,1989,"ppt",204.4
"Utai",12,1989,"tmin",21.9
"Utai",12,1989,"tmax",29.6
"Utai",12,1989,"tavg",25.75
"Utai",12,1989,"ppt",275.7
"Wamangu",1,1989,"tmin",22.1
"Wamangu",1,1989,"tmax",31.7
"Wamangu",1,1989,"tavg",26.9
"Wamangu",1,1989,"ppt",175.2
"Wamangu",2,1989,"tmin",22
"Wamangu",2,1989,"tmax",31.5
"Wamangu",2,1989,"tavg",26.75
"Wamangu",2,1989,"ppt",133.5
"Wamangu",3,1989,"tmin",21.3
"Wamangu",3,1989,"tmax",30.9
"Wamangu",3,1989,"tavg",26.1
"Wamangu",3,1989,"ppt",219.4
"Wamangu",4,1989,"tmin",21.7
"Wamangu",4,1989,"tmax",31.1
"Wamangu",4,1989,"tavg",26.4
"Wamangu",4,1989,"ppt",246.1
"Wamangu",5,1989,"tmin",21.7
"Wamangu",5,1989,"tmax",31.7
"Wamangu",5,1989,"tavg",26.7
"Wamangu",5,1989,"ppt",222.4
"Wamangu",6,1989,"tmin",21.2
"Wamangu",6,1989,"tmax",31.4
"Wamangu",6,1989,"tavg",26.3
"Wamangu",6,1989,"ppt",98.5
"Wamangu",7,1989,"tmin",21.1
"Wamangu",7,1989,"tmax",31.2
"Wamangu",7,1989,"tavg",26.15
"Wamangu",7,1989,"ppt",95.3
"Wamangu",8,1989,"tmin",20.9
"Wamangu",8,1989,"tmax",31.5
"Wamangu",8,1989,"tavg",26.2
"Wamangu",8,1989,"ppt",134
"Wamangu",9,1989,"tmin",21
"Wamangu",9,1989,"tmax",31.8
"Wamangu",9,1989,"tavg",26.4
"Wamangu",9,1989,"ppt",120.3
"Wamangu",10,1989,"tmin",21.9
"Wamangu",10,1989,"tmax",31.5
"Wamangu",10,1989,"tavg",26.7
"Wamangu",10,1989,"ppt",235.6
"Wamangu",11,1989,"tmin",22
"Wamangu",11,1989,"tmax",32.1
"Wamangu",11,1989,"tavg",27.05
"Wamangu",11,1989,"ppt",195.1
"Wamangu",12,1989,"tmin",22.1
"Wamangu",12,1989,"tmax",31.4
"Wamangu",12,1989,"tavg",26.75
"Wamangu",12,1989,"ppt",168.9
"Wanang",1,1989,"tmin",21.2
"Wanang",1,1989,"tmax",30.5
"Wanang",1,1989,"tavg",25.85
"Wanang",1,1989,"ppt",362.9
"Wanang",2,1989,"tmin",21.2
"Wanang",2,1989,"tmax",30.3
"Wanang",2,1989,"tavg",25.75
"Wanang",2,1989,"ppt",304.1
"Wanang",3,1989,"tmin",20.4
"Wanang",3,1989,"tmax",30.5
"Wanang",3,1989,"tavg",25.45
"Wanang",3,1989,"ppt",263.2
"Wanang",4,1989,"tmin",20.8
"Wanang",4,1989,"tmax",29.5
"Wanang",4,1989,"tavg",25.15
"Wanang",4,1989,"ppt",379
"Wanang",5,1989,"tmin",20.9
"Wanang",5,1989,"tmax",29.3
"Wanang",5,1989,"tavg",25.1
"Wanang",5,1989,"ppt",330.2
"Wanang",6,1989,"tmin",20
"Wanang",6,1989,"tmax",29.9
"Wanang",6,1989,"tavg",24.95
"Wanang",6,1989,"ppt",124.7
"Wanang",7,1989,"tmin",19.8
"Wanang",7,1989,"tmax",29.6
"Wanang",7,1989,"tavg",24.7
"Wanang",7,1989,"ppt",95
"Wanang",8,1989,"tmin",20.3
"Wanang",8,1989,"tmax",29.4
"Wanang",8,1989,"tavg",24.85
"Wanang",8,1989,"ppt",141.2
"Wanang",9,1989,"tmin",20.2
"Wanang",9,1989,"tmax",29.8
"Wanang",9,1989,"tavg",25
"Wanang",9,1989,"ppt",145.4
"Wanang",10,1989,"tmin",20.8
"Wanang",10,1989,"tmax",30.1
"Wanang",10,1989,"tavg",25.45
"Wanang",10,1989,"ppt",243.2
"Wanang",11,1989,"tmin",20.9
"Wanang",11,1989,"tmax",30.9
"Wanang",11,1989,"tavg",25.9
"Wanang",11,1989,"ppt",268.9
"Wanang",12,1989,"tmin",21.1
"Wanang",12,1989,"tmax",29.9
"Wanang",12,1989,"tavg",25.5
"Wanang",12,1989,"ppt",350.6
"Yapsiei",1,1989,"tmin",22
"Yapsiei",1,1989,"tmax",31.4
"Yapsiei",1,1989,"tavg",26.7
"Yapsiei",1,1989,"ppt",379.5
"Yapsiei",2,1989,"tmin",21.9
"Yapsiei",2,1989,"tmax",31.7
"Yapsiei",2,1989,"tavg",26.8
"Yapsiei",2,1989,"ppt",295.4
"Yapsiei",3,1989,"tmin",21.4
"Yapsiei",3,1989,"tmax",30.9
"Yapsiei",3,1989,"tavg",26.15
"Yapsiei",3,1989,"ppt",351.2
"Yapsiei",4,1989,"tmin",21.9
"Yapsiei",4,1989,"tmax",30.8
"Yapsiei",4,1989,"tavg",26.35
"Yapsiei",4,1989,"ppt",396.3
"Yapsiei",5,1989,"tmin",22
"Yapsiei",5,1989,"tmax",30.4
"Yapsiei",5,1989,"tavg",26.2
"Yapsiei",5,1989,"ppt",429.3
"Yapsiei",6,1989,"tmin",21.3
"Yapsiei",6,1989,"tmax",30.4
"Yapsiei",6,1989,"tavg",25.85
"Yapsiei",6,1989,"ppt",178.3
"Yapsiei",7,1989,"tmin",21.2
"Yapsiei",7,1989,"tmax",29.9
"Yapsiei",7,1989,"tavg",25.55
"Yapsiei",7,1989,"ppt",168.8
"Yapsiei",8,1989,"tmin",21.2
"Yapsiei",8,1989,"tmax",29.5
"Yapsiei",8,1989,"tavg",25.35
"Yapsiei",8,1989,"ppt",281
"Yapsiei",9,1989,"tmin",21.1
"Yapsiei",9,1989,"tmax",30.4
"Yapsiei",9,1989,"tavg",25.75
"Yapsiei",9,1989,"ppt",277.3
"Yapsiei",10,1989,"tmin",21.6
"Yapsiei",10,1989,"tmax",31
"Yapsiei",10,1989,"tavg",26.3
"Yapsiei",10,1989,"ppt",305.2
"Yapsiei",11,1989,"tmin",21.7
"Yapsiei",11,1989,"tmax",31.6
"Yapsiei",11,1989,"tavg",26.65
"Yapsiei",11,1989,"ppt",251.4
"Yapsiei",12,1989,"tmin",21.8
"Yapsiei",12,1989,"tmax",30.7
"Yapsiei",12,1989,"tavg",26.25
"Yapsiei",12,1989,"ppt",242.4
"Elem",1,1990,"tmin",20.7
"Elem",1,1990,"tmax",31
"Elem",1,1990,"tavg",25.85
"Elem",1,1990,"ppt",331
"Elem",2,1990,"tmin",20.5
"Elem",2,1990,"tmax",30.8
"Elem",2,1990,"tavg",25.65
"Elem",2,1990,"ppt",318.9
"Elem",3,1990,"tmin",20.6
"Elem",3,1990,"tmax",31.2
"Elem",3,1990,"tavg",25.9
"Elem",3,1990,"ppt",321.6
"Elem",4,1990,"tmin",20.6
"Elem",4,1990,"tmax",30.7
"Elem",4,1990,"tavg",25.65
"Elem",4,1990,"ppt",371
"Elem",5,1990,"tmin",20.8
"Elem",5,1990,"tmax",31.3
"Elem",5,1990,"tavg",26.05
"Elem",5,1990,"ppt",241.2
"Elem",6,1990,"tmin",20.3
"Elem",6,1990,"tmax",30.8
"Elem",6,1990,"tavg",25.55
"Elem",6,1990,"ppt",155
"Elem",7,1990,"tmin",19.9
"Elem",7,1990,"tmax",30
"Elem",7,1990,"tavg",24.95
"Elem",7,1990,"ppt",134.1
"Elem",8,1990,"tmin",20.7
"Elem",8,1990,"tmax",31
"Elem",8,1990,"tavg",25.85
"Elem",8,1990,"ppt",154.8
"Elem",9,1990,"tmin",20.3
"Elem",9,1990,"tmax",30.6
"Elem",9,1990,"tavg",25.45
"Elem",9,1990,"ppt",200.5
"Elem",10,1990,"tmin",20.3
"Elem",10,1990,"tmax",31.1
"Elem",10,1990,"tavg",25.7
"Elem",10,1990,"ppt",232.6
"Elem",11,1990,"tmin",20.5
"Elem",11,1990,"tmax",31.4
"Elem",11,1990,"tavg",25.95
"Elem",11,1990,"ppt",310.9
"Elem",12,1990,"tmin",20.9
"Elem",12,1990,"tmax",31.1
"Elem",12,1990,"tavg",26
"Elem",12,1990,"ppt",373.2
"Morox",1,1990,"tmin",22.4
"Morox",1,1990,"tmax",31.7
"Morox",1,1990,"tavg",27.05
"Morox",1,1990,"ppt",223
"Morox",2,1990,"tmin",22
"Morox",2,1990,"tmax",31.6
"Morox",2,1990,"tavg",26.8
"Morox",2,1990,"ppt",211.2
"Morox",3,1990,"tmin",22.3
"Morox",3,1990,"tmax",31.8
"Morox",3,1990,"tavg",27.05
"Morox",3,1990,"ppt",177.9
"Morox",4,1990,"tmin",22
"Morox",4,1990,"tmax",31.6
"Morox",4,1990,"tavg",26.8
"Morox",4,1990,"ppt",213.3
"Morox",5,1990,"tmin",22.1
"Morox",5,1990,"tmax",32.3
"Morox",5,1990,"tavg",27.2
"Morox",5,1990,"ppt",178.8
"Morox",6,1990,"tmin",21.8
"Morox",6,1990,"tmax",31.7
"Morox",6,1990,"tavg",26.75
"Morox",6,1990,"ppt",104.9
"Morox",7,1990,"tmin",21.1
"Morox",7,1990,"tmax",31.4
"Morox",7,1990,"tavg",26.25
"Morox",7,1990,"ppt",115.1
"Morox",8,1990,"tmin",21.4
"Morox",8,1990,"tmax",32.4
"Morox",8,1990,"tavg",26.9
"Morox",8,1990,"ppt",93
"Morox",9,1990,"tmin",21.4
"Morox",9,1990,"tmax",31.7
"Morox",9,1990,"tavg",26.55
"Morox",9,1990,"ppt",130.6
"Morox",10,1990,"tmin",22
"Morox",10,1990,"tmax",31.9
"Morox",10,1990,"tavg",26.95
"Morox",10,1990,"ppt",210
"Morox",11,1990,"tmin",22.2
"Morox",11,1990,"tmax",32.2
"Morox",11,1990,"tavg",27.2
"Morox",11,1990,"ppt",253.6
"Morox",12,1990,"tmin",22.5
"Morox",12,1990,"tmax",32
"Morox",12,1990,"tavg",27.25
"Morox",12,1990,"ppt",247.9
"Niksek",1,1990,"tmin",21.3
"Niksek",1,1990,"tmax",31.1
"Niksek",1,1990,"tavg",26.2
"Niksek",1,1990,"ppt",299.5
"Niksek",2,1990,"tmin",21
"Niksek",2,1990,"tmax",31.1
"Niksek",2,1990,"tavg",26.05
"Niksek",2,1990,"ppt",358.2
"Niksek",3,1990,"tmin",21.4
"Niksek",3,1990,"tmax",31.5
"Niksek",3,1990,"tavg",26.45
"Niksek",3,1990,"ppt",303.4
"Niksek",4,1990,"tmin",21.6
"Niksek",4,1990,"tmax",30.6
"Niksek",4,1990,"tavg",26.1
"Niksek",4,1990,"ppt",334.6
"Niksek",5,1990,"tmin",21.7
"Niksek",5,1990,"tmax",30.9
"Niksek",5,1990,"tavg",26.3
"Niksek",5,1990,"ppt",271.7
"Niksek",6,1990,"tmin",21.4
"Niksek",6,1990,"tmax",30.5
"Niksek",6,1990,"tavg",25.95
"Niksek",6,1990,"ppt",163
"Niksek",7,1990,"tmin",21
"Niksek",7,1990,"tmax",29.7
"Niksek",7,1990,"tavg",25.35
"Niksek",7,1990,"ppt",234.7
"Niksek",8,1990,"tmin",21.2
"Niksek",8,1990,"tmax",31.2
"Niksek",8,1990,"tavg",26.2
"Niksek",8,1990,"ppt",202.3
"Niksek",9,1990,"tmin",21.2
"Niksek",9,1990,"tmax",30.4
"Niksek",9,1990,"tavg",25.8
"Niksek",9,1990,"ppt",267
"Niksek",10,1990,"tmin",21.3
"Niksek",10,1990,"tmax",30.6
"Niksek",10,1990,"tavg",25.95
"Niksek",10,1990,"ppt",229.3
"Niksek",11,1990,"tmin",21.6
"Niksek",11,1990,"tmax",31.7
"Niksek",11,1990,"tavg",26.65
"Niksek",11,1990,"ppt",265.2
"Niksek",12,1990,"tmin",21.6
"Niksek",12,1990,"tmax",31.5
"Niksek",12,1990,"tavg",26.55
"Niksek",12,1990,"ppt",307
"Ohu",1,1990,"tmin",22.3
"Ohu",1,1990,"tmax",30.4
"Ohu",1,1990,"tavg",26.35
"Ohu",1,1990,"ppt",315.9
"Ohu",2,1990,"tmin",22.2
"Ohu",2,1990,"tmax",30.2
"Ohu",2,1990,"tavg",26.2
"Ohu",2,1990,"ppt",319.1
"Ohu",3,1990,"tmin",22.4
"Ohu",3,1990,"tmax",30.3
"Ohu",3,1990,"tavg",26.35
"Ohu",3,1990,"ppt",358.1
"Ohu",4,1990,"tmin",22.1
"Ohu",4,1990,"tmax",29.7
"Ohu",4,1990,"tavg",25.9
"Ohu",4,1990,"ppt",377.7
"Ohu",5,1990,"tmin",22
"Ohu",5,1990,"tmax",29.8
"Ohu",5,1990,"tavg",25.9
"Ohu",5,1990,"ppt",180.8
"Ohu",6,1990,"tmin",21.6
"Ohu",6,1990,"tmax",29
"Ohu",6,1990,"tavg",25.3
"Ohu",6,1990,"ppt",201.2
"Ohu",7,1990,"tmin",21.2
"Ohu",7,1990,"tmax",28.8
"Ohu",7,1990,"tavg",25
"Ohu",7,1990,"ppt",152.9
"Ohu",8,1990,"tmin",21.5
"Ohu",8,1990,"tmax",28.9
"Ohu",8,1990,"tavg",25.2
"Ohu",8,1990,"ppt",175.7
"Ohu",9,1990,"tmin",21.5
"Ohu",9,1990,"tmax",28.9
"Ohu",9,1990,"tavg",25.2
"Ohu",9,1990,"ppt",209.1
"Ohu",10,1990,"tmin",21.7
"Ohu",10,1990,"tmax",29.7
"Ohu",10,1990,"tavg",25.7
"Ohu",10,1990,"ppt",195.4
"Ohu",11,1990,"tmin",21.9
"Ohu",11,1990,"tmax",30.4
"Ohu",11,1990,"tavg",26.15
"Ohu",11,1990,"ppt",304.5
"Ohu",12,1990,"tmin",22.3
"Ohu",12,1990,"tmax",30
"Ohu",12,1990,"tavg",26.15
"Ohu",12,1990,"ppt",313.2
"Utai",1,1990,"tmin",22.3
"Utai",1,1990,"tmax",30
"Utai",1,1990,"tavg",26.15
"Utai",1,1990,"ppt",216.6
"Utai",2,1990,"tmin",22
"Utai",2,1990,"tmax",29.5
"Utai",2,1990,"tavg",25.75
"Utai",2,1990,"ppt",186.9
"Utai",3,1990,"tmin",22.4
"Utai",3,1990,"tmax",29.7
"Utai",3,1990,"tavg",26.05
"Utai",3,1990,"ppt",235
"Utai",4,1990,"tmin",22.1
"Utai",4,1990,"tmax",29.5
"Utai",4,1990,"tavg",25.8
"Utai",4,1990,"ppt",239
"Utai",5,1990,"tmin",22
"Utai",5,1990,"tmax",29.6
"Utai",5,1990,"tavg",25.8
"Utai",5,1990,"ppt",206.3
"Utai",6,1990,"tmin",21.7
"Utai",6,1990,"tmax",28.7
"Utai",6,1990,"tavg",25.2
"Utai",6,1990,"ppt",147.2
"Utai",7,1990,"tmin",21.4
"Utai",7,1990,"tmax",28.2
"Utai",7,1990,"tavg",24.8
"Utai",7,1990,"ppt",159.5
"Utai",8,1990,"tmin",21.8
"Utai",8,1990,"tmax",29.4
"Utai",8,1990,"tavg",25.6
"Utai",8,1990,"ppt",142.2
"Utai",9,1990,"tmin",21.5
"Utai",9,1990,"tmax",28.5
"Utai",9,1990,"tavg",25
"Utai",9,1990,"ppt",214.5
"Utai",10,1990,"tmin",21.7
"Utai",10,1990,"tmax",29.3
"Utai",10,1990,"tavg",25.5
"Utai",10,1990,"ppt",226.1
"Utai",11,1990,"tmin",22.1
"Utai",11,1990,"tmax",30.5
"Utai",11,1990,"tavg",26.3
"Utai",11,1990,"ppt",187.6
"Utai",12,1990,"tmin",22.2
"Utai",12,1990,"tmax",30.4
"Utai",12,1990,"tavg",26.3
"Utai",12,1990,"ppt",180.5
"Wamangu",1,1990,"tmin",22.4
"Wamangu",1,1990,"tmax",31.5
"Wamangu",1,1990,"tavg",26.95
"Wamangu",1,1990,"ppt",177.9
"Wamangu",2,1990,"tmin",22
"Wamangu",2,1990,"tmax",31
"Wamangu",2,1990,"tavg",26.5
"Wamangu",2,1990,"ppt",143.1
"Wamangu",3,1990,"tmin",22.2
"Wamangu",3,1990,"tmax",31.5
"Wamangu",3,1990,"tavg",26.85
"Wamangu",3,1990,"ppt",155.3
"Wamangu",4,1990,"tmin",22.1
"Wamangu",4,1990,"tmax",31.4
"Wamangu",4,1990,"tavg",26.75
"Wamangu",4,1990,"ppt",181.2
"Wamangu",5,1990,"tmin",21.9
"Wamangu",5,1990,"tmax",31.9
"Wamangu",5,1990,"tavg",26.9
"Wamangu",5,1990,"ppt",170.9
"Wamangu",6,1990,"tmin",21.7
"Wamangu",6,1990,"tmax",31.1
"Wamangu",6,1990,"tavg",26.4
"Wamangu",6,1990,"ppt",117.3
"Wamangu",7,1990,"tmin",21.1
"Wamangu",7,1990,"tmax",30.9
"Wamangu",7,1990,"tavg",26
"Wamangu",7,1990,"ppt",126.1
"Wamangu",8,1990,"tmin",21.2
"Wamangu",8,1990,"tmax",32.3
"Wamangu",8,1990,"tavg",26.75
"Wamangu",8,1990,"ppt",103.1
"Wamangu",9,1990,"tmin",21.2
"Wamangu",9,1990,"tmax",31.3
"Wamangu",9,1990,"tavg",26.25
"Wamangu",9,1990,"ppt",146
"Wamangu",10,1990,"tmin",21.8
"Wamangu",10,1990,"tmax",31.4
"Wamangu",10,1990,"tavg",26.6
"Wamangu",10,1990,"ppt",224.6
"Wamangu",11,1990,"tmin",21.9
"Wamangu",11,1990,"tmax",31.8
"Wamangu",11,1990,"tavg",26.85
"Wamangu",11,1990,"ppt",232
"Wamangu",12,1990,"tmin",22.5
"Wamangu",12,1990,"tmax",31.5
"Wamangu",12,1990,"tavg",27
"Wamangu",12,1990,"ppt",174.7
"Wanang",1,1990,"tmin",21.3
"Wanang",1,1990,"tmax",29.8
"Wanang",1,1990,"tavg",25.55
"Wanang",1,1990,"ppt",327.7
"Wanang",2,1990,"tmin",21.2
"Wanang",2,1990,"tmax",30.5
"Wanang",2,1990,"tavg",25.85
"Wanang",2,1990,"ppt",272.9
"Wanang",3,1990,"tmin",21.5
"Wanang",3,1990,"tmax",30.2
"Wanang",3,1990,"tavg",25.85
"Wanang",3,1990,"ppt",346.3
"Wanang",4,1990,"tmin",21.4
"Wanang",4,1990,"tmax",29.7
"Wanang",4,1990,"tavg",25.55
"Wanang",4,1990,"ppt",320.4
"Wanang",5,1990,"tmin",21.2
"Wanang",5,1990,"tmax",30.2
"Wanang",5,1990,"tavg",25.7
"Wanang",5,1990,"ppt",263.9
"Wanang",6,1990,"tmin",20.7
"Wanang",6,1990,"tmax",29.3
"Wanang",6,1990,"tavg",25
"Wanang",6,1990,"ppt",215.6
"Wanang",7,1990,"tmin",20.2
"Wanang",7,1990,"tmax",28.8
"Wanang",7,1990,"tavg",24.5
"Wanang",7,1990,"ppt",166
"Wanang",8,1990,"tmin",20.8
"Wanang",8,1990,"tmax",28.7
"Wanang",8,1990,"tavg",24.75
"Wanang",8,1990,"ppt",193.8
"Wanang",9,1990,"tmin",20.6
"Wanang",9,1990,"tmax",28.5
"Wanang",9,1990,"tavg",24.55
"Wanang",9,1990,"ppt",204.7
"Wanang",10,1990,"tmin",21
"Wanang",10,1990,"tmax",29.5
"Wanang",10,1990,"tavg",25.25
"Wanang",10,1990,"ppt",228.6
"Wanang",11,1990,"tmin",21
"Wanang",11,1990,"tmax",30.3
"Wanang",11,1990,"tavg",25.65
"Wanang",11,1990,"ppt",309.5
"Wanang",12,1990,"tmin",21.4
"Wanang",12,1990,"tmax",29.7
"Wanang",12,1990,"tavg",25.55
"Wanang",12,1990,"ppt",391.4
"Yapsiei",1,1990,"tmin",22.2
"Yapsiei",1,1990,"tmax",30.6
"Yapsiei",1,1990,"tavg",26.4
"Yapsiei",1,1990,"ppt",419.6
"Yapsiei",2,1990,"tmin",21.7
"Yapsiei",2,1990,"tmax",30.8
"Yapsiei",2,1990,"tavg",26.25
"Yapsiei",2,1990,"ppt",308.2
"Yapsiei",3,1990,"tmin",21.9
"Yapsiei",3,1990,"tmax",30.7
"Yapsiei",3,1990,"tavg",26.3
"Yapsiei",3,1990,"ppt",306.7
"Yapsiei",4,1990,"tmin",22
"Yapsiei",4,1990,"tmax",30.3
"Yapsiei",4,1990,"tavg",26.15
"Yapsiei",4,1990,"ppt",373.2
"Yapsiei",5,1990,"tmin",22
"Yapsiei",5,1990,"tmax",30.2
"Yapsiei",5,1990,"tavg",26.1
"Yapsiei",5,1990,"ppt",265.6
"Yapsiei",6,1990,"tmin",21.6
"Yapsiei",6,1990,"tmax",29.6
"Yapsiei",6,1990,"tavg",25.6
"Yapsiei",6,1990,"ppt",240.8
"Yapsiei",7,1990,"tmin",21.4
"Yapsiei",7,1990,"tmax",29.1
"Yapsiei",7,1990,"tavg",25.25
"Yapsiei",7,1990,"ppt",302.1
"Yapsiei",8,1990,"tmin",21.6
"Yapsiei",8,1990,"tmax",29.7
"Yapsiei",8,1990,"tavg",25.65
"Yapsiei",8,1990,"ppt",352.1
"Yapsiei",9,1990,"tmin",21.5
"Yapsiei",9,1990,"tmax",29.3
"Yapsiei",9,1990,"tavg",25.4
"Yapsiei",9,1990,"ppt",365.8
"Yapsiei",10,1990,"tmin",21.6
"Yapsiei",10,1990,"tmax",30.2
"Yapsiei",10,1990,"tavg",25.9
"Yapsiei",10,1990,"ppt",291.9
"Yapsiei",11,1990,"tmin",21.7
"Yapsiei",11,1990,"tmax",31.5
"Yapsiei",11,1990,"tavg",26.6
"Yapsiei",11,1990,"ppt",189
"Yapsiei",12,1990,"tmin",21.9
"Yapsiei",12,1990,"tmax",31.3
"Yapsiei",12,1990,"tavg",26.6
"Yapsiei",12,1990,"ppt",312.2
"Elem",1,1991,"tmin",20.9
"Elem",1,1991,"tmax",31.1
"Elem",1,1991,"tavg",26
"Elem",1,1991,"ppt",400.6
"Elem",2,1991,"tmin",20.8
"Elem",2,1991,"tmax",30.9
"Elem",2,1991,"tavg",25.85
"Elem",2,1991,"ppt",360.8
"Elem",3,1991,"tmin",20.5
"Elem",3,1991,"tmax",31.2
"Elem",3,1991,"tavg",25.85
"Elem",3,1991,"ppt",350.6
"Elem",4,1991,"tmin",20.6
"Elem",4,1991,"tmax",31.5
"Elem",4,1991,"tavg",26.05
"Elem",4,1991,"ppt",319.5
"Elem",5,1991,"tmin",21
"Elem",5,1991,"tmax",31.4
"Elem",5,1991,"tavg",26.2
"Elem",5,1991,"ppt",181.6
"Elem",6,1991,"tmin",20.9
"Elem",6,1991,"tmax",31.5
"Elem",6,1991,"tavg",26.2
"Elem",6,1991,"ppt",115.6
"Elem",7,1991,"tmin",20.4
"Elem",7,1991,"tmax",30.3
"Elem",7,1991,"tavg",25.35
"Elem",7,1991,"ppt",161.8
"Elem",8,1991,"tmin",20.5
"Elem",8,1991,"tmax",30.9
"Elem",8,1991,"tavg",25.7
"Elem",8,1991,"ppt",169.6
"Elem",9,1991,"tmin",20.9
"Elem",9,1991,"tmax",31.2
"Elem",9,1991,"tavg",26.05
"Elem",9,1991,"ppt",159
"Elem",10,1991,"tmin",20.1
"Elem",10,1991,"tmax",30.8
"Elem",10,1991,"tavg",25.45
"Elem",10,1991,"ppt",275.6
"Elem",11,1991,"tmin",20.2
"Elem",11,1991,"tmax",30.6
"Elem",11,1991,"tavg",25.4
"Elem",11,1991,"ppt",296.7
"Elem",12,1991,"tmin",20.7
"Elem",12,1991,"tmax",30.9
"Elem",12,1991,"tavg",25.8
"Elem",12,1991,"ppt",420.1
"Morox",1,1991,"tmin",22.5
"Morox",1,1991,"tmax",31.9
"Morox",1,1991,"tavg",27.2
"Morox",1,1991,"ppt",220.4
"Morox",2,1991,"tmin",22.4
"Morox",2,1991,"tmax",31.5
"Morox",2,1991,"tavg",26.95
"Morox",2,1991,"ppt",237
"Morox",3,1991,"tmin",22.3
"Morox",3,1991,"tmax",31.9
"Morox",3,1991,"tavg",27.1
"Morox",3,1991,"ppt",201.5
"Morox",4,1991,"tmin",22
"Morox",4,1991,"tmax",31.9
"Morox",4,1991,"tavg",26.95
"Morox",4,1991,"ppt",199.8
"Morox",5,1991,"tmin",22.4
"Morox",5,1991,"tmax",32.3
"Morox",5,1991,"tavg",27.35
"Morox",5,1991,"ppt",116.1
"Morox",6,1991,"tmin",22.2
"Morox",6,1991,"tmax",32.6
"Morox",6,1991,"tavg",27.4
"Morox",6,1991,"ppt",46.9
"Morox",7,1991,"tmin",21.2
"Morox",7,1991,"tmax",31.7
"Morox",7,1991,"tavg",26.45
"Morox",7,1991,"ppt",102.4
"Morox",8,1991,"tmin",21.6
"Morox",8,1991,"tmax",32.2
"Morox",8,1991,"tavg",26.9
"Morox",8,1991,"ppt",100.3
"Morox",9,1991,"tmin",21.8
"Morox",9,1991,"tmax",32.8
"Morox",9,1991,"tavg",27.3
"Morox",9,1991,"ppt",46
"Morox",10,1991,"tmin",21.8
"Morox",10,1991,"tmax",32
"Morox",10,1991,"tavg",26.9
"Morox",10,1991,"ppt",165.7
"Morox",11,1991,"tmin",21.9
"Morox",11,1991,"tmax",31.3
"Morox",11,1991,"tavg",26.6
"Morox",11,1991,"ppt",254.4
"Morox",12,1991,"tmin",22.2
"Morox",12,1991,"tmax",31.9
"Morox",12,1991,"tavg",27.05
"Morox",12,1991,"ppt",257.8
"Niksek",1,1991,"tmin",21.5
"Niksek",1,1991,"tmax",31.7
"Niksek",1,1991,"tavg",26.6
"Niksek",1,1991,"ppt",303.3
"Niksek",2,1991,"tmin",21.4
"Niksek",2,1991,"tmax",30.8
"Niksek",2,1991,"tavg",26.1
"Niksek",2,1991,"ppt",326.5
"Niksek",3,1991,"tmin",21.5
"Niksek",3,1991,"tmax",31.3
"Niksek",3,1991,"tavg",26.4
"Niksek",3,1991,"ppt",333.1
"Niksek",4,1991,"tmin",21.5
"Niksek",4,1991,"tmax",31.2
"Niksek",4,1991,"tavg",26.35
"Niksek",4,1991,"ppt",261.4
"Niksek",5,1991,"tmin",21.9
"Niksek",5,1991,"tmax",31.4
"Niksek",5,1991,"tavg",26.65
"Niksek",5,1991,"ppt",239.5
"Niksek",6,1991,"tmin",21.8
"Niksek",6,1991,"tmax",31.2
"Niksek",6,1991,"tavg",26.5
"Niksek",6,1991,"ppt",183.6
"Niksek",7,1991,"tmin",21.4
"Niksek",7,1991,"tmax",29.8
"Niksek",7,1991,"tavg",25.6
"Niksek",7,1991,"ppt",235.5
"Niksek",8,1991,"tmin",21.3
"Niksek",8,1991,"tmax",30.7
"Niksek",8,1991,"tavg",26
"Niksek",8,1991,"ppt",253.5
"Niksek",9,1991,"tmin",21.4
"Niksek",9,1991,"tmax",31.3
"Niksek",9,1991,"tavg",26.35
"Niksek",9,1991,"ppt",256
"Niksek",10,1991,"tmin",21.1
"Niksek",10,1991,"tmax",30.9
"Niksek",10,1991,"tavg",26
"Niksek",10,1991,"ppt",304.6
"Niksek",11,1991,"tmin",21.2
"Niksek",11,1991,"tmax",31.1
"Niksek",11,1991,"tavg",26.15
"Niksek",11,1991,"ppt",262
"Niksek",12,1991,"tmin",21.2
"Niksek",12,1991,"tmax",30.9
"Niksek",12,1991,"tavg",26.05
"Niksek",12,1991,"ppt",350
"Ohu",1,1991,"tmin",22.5
"Ohu",1,1991,"tmax",30.2
"Ohu",1,1991,"tavg",26.35
"Ohu",1,1991,"ppt",278.7
"Ohu",2,1991,"tmin",22.4
"Ohu",2,1991,"tmax",30.2
"Ohu",2,1991,"tavg",26.3
"Ohu",2,1991,"ppt",314.7
"Ohu",3,1991,"tmin",22.5
"Ohu",3,1991,"tmax",30
"Ohu",3,1991,"tavg",26.25
"Ohu",3,1991,"ppt",277.3
"Ohu",4,1991,"tmin",22.1
"Ohu",4,1991,"tmax",30.1
"Ohu",4,1991,"tavg",26.1
"Ohu",4,1991,"ppt",223.2
"Ohu",5,1991,"tmin",22
"Ohu",5,1991,"tmax",29.9
"Ohu",5,1991,"tavg",25.95
"Ohu",5,1991,"ppt",179.3
"Ohu",6,1991,"tmin",21.9
"Ohu",6,1991,"tmax",29.8
"Ohu",6,1991,"tavg",25.85
"Ohu",6,1991,"ppt",64.6
"Ohu",7,1991,"tmin",21.3
"Ohu",7,1991,"tmax",29.1
"Ohu",7,1991,"tavg",25.2
"Ohu",7,1991,"ppt",165.7
"Ohu",8,1991,"tmin",21.5
"Ohu",8,1991,"tmax",29.1
"Ohu",8,1991,"tavg",25.3
"Ohu",8,1991,"ppt",134
"Ohu",9,1991,"tmin",21.6
"Ohu",9,1991,"tmax",29.6
"Ohu",9,1991,"tavg",25.6
"Ohu",9,1991,"ppt",161.1
"Ohu",10,1991,"tmin",21.4
"Ohu",10,1991,"tmax",29.5
"Ohu",10,1991,"tavg",25.45
"Ohu",10,1991,"ppt",288.8
"Ohu",11,1991,"tmin",21.4
"Ohu",11,1991,"tmax",29.6
"Ohu",11,1991,"tavg",25.5
"Ohu",11,1991,"ppt",342
"Ohu",12,1991,"tmin",21.9
"Ohu",12,1991,"tmax",30
"Ohu",12,1991,"tavg",25.95
"Ohu",12,1991,"ppt",325.5
"Utai",1,1991,"tmin",22.4
"Utai",1,1991,"tmax",30.4
"Utai",1,1991,"tavg",26.4
"Utai",1,1991,"ppt",188.3
"Utai",2,1991,"tmin",22.3
"Utai",2,1991,"tmax",29.5
"Utai",2,1991,"tavg",25.9
"Utai",2,1991,"ppt",212.2
"Utai",3,1991,"tmin",22.3
"Utai",3,1991,"tmax",29.7
"Utai",3,1991,"tavg",26
"Utai",3,1991,"ppt",253
"Utai",4,1991,"tmin",22
"Utai",4,1991,"tmax",29.6
"Utai",4,1991,"tavg",25.8
"Utai",4,1991,"ppt",237
"Utai",5,1991,"tmin",22.3
"Utai",5,1991,"tmax",29.8
"Utai",5,1991,"tavg",26.05
"Utai",5,1991,"ppt",140.4
"Utai",6,1991,"tmin",22
"Utai",6,1991,"tmax",29.5
"Utai",6,1991,"tavg",25.75
"Utai",6,1991,"ppt",95.7
"Utai",7,1991,"tmin",21.4
"Utai",7,1991,"tmax",28.4
"Utai",7,1991,"tavg",24.9
"Utai",7,1991,"ppt",140.2
"Utai",8,1991,"tmin",21.8
"Utai",8,1991,"tmax",29
"Utai",8,1991,"tavg",25.4
"Utai",8,1991,"ppt",147.4
"Utai",9,1991,"tmin",21.8
"Utai",9,1991,"tmax",29.9
"Utai",9,1991,"tavg",25.85
"Utai",9,1991,"ppt",121
"Utai",10,1991,"tmin",21.5
"Utai",10,1991,"tmax",29.7
"Utai",10,1991,"tavg",25.6
"Utai",10,1991,"ppt",197.5
"Utai",11,1991,"tmin",21.7
"Utai",11,1991,"tmax",29.3
"Utai",11,1991,"tavg",25.5
"Utai",11,1991,"ppt",166.1
"Utai",12,1991,"tmin",21.7
"Utai",12,1991,"tmax",29.6
"Utai",12,1991,"tavg",25.65
"Utai",12,1991,"ppt",315.8
"Wamangu",1,1991,"tmin",22.4
"Wamangu",1,1991,"tmax",31.7
"Wamangu",1,1991,"tavg",27.05
"Wamangu",1,1991,"ppt",157.6
"Wamangu",2,1991,"tmin",22.2
"Wamangu",2,1991,"tmax",30.9
"Wamangu",2,1991,"tavg",26.55
"Wamangu",2,1991,"ppt",180.8
"Wamangu",3,1991,"tmin",22.3
"Wamangu",3,1991,"tmax",31.3
"Wamangu",3,1991,"tavg",26.8
"Wamangu",3,1991,"ppt",175.1
"Wamangu",4,1991,"tmin",21.9
"Wamangu",4,1991,"tmax",31.4
"Wamangu",4,1991,"tavg",26.65
"Wamangu",4,1991,"ppt",160.7
"Wamangu",5,1991,"tmin",22.3
"Wamangu",5,1991,"tmax",32
"Wamangu",5,1991,"tavg",27.15
"Wamangu",5,1991,"ppt",129.2
"Wamangu",6,1991,"tmin",22
"Wamangu",6,1991,"tmax",32.1
"Wamangu",6,1991,"tavg",27.05
"Wamangu",6,1991,"ppt",58.4
"Wamangu",7,1991,"tmin",21.2
"Wamangu",7,1991,"tmax",31
"Wamangu",7,1991,"tavg",26.1
"Wamangu",7,1991,"ppt",107.2
"Wamangu",8,1991,"tmin",21.4
"Wamangu",8,1991,"tmax",31.7
"Wamangu",8,1991,"tavg",26.55
"Wamangu",8,1991,"ppt",106
"Wamangu",9,1991,"tmin",21.6
"Wamangu",9,1991,"tmax",32.5
"Wamangu",9,1991,"tavg",27.05
"Wamangu",9,1991,"ppt",60.8
"Wamangu",10,1991,"tmin",21.6
"Wamangu",10,1991,"tmax",31.4
"Wamangu",10,1991,"tavg",26.5
"Wamangu",10,1991,"ppt",183.9
"Wamangu",11,1991,"tmin",21.6
"Wamangu",11,1991,"tmax",31
"Wamangu",11,1991,"tavg",26.3
"Wamangu",11,1991,"ppt",201.4
"Wamangu",12,1991,"tmin",22
"Wamangu",12,1991,"tmax",31.2
"Wamangu",12,1991,"tavg",26.6
"Wamangu",12,1991,"ppt",194.6
"Wanang",1,1991,"tmin",21.5
"Wanang",1,1991,"tmax",30
"Wanang",1,1991,"tavg",25.75
"Wanang",1,1991,"ppt",429.2
"Wanang",2,1991,"tmin",21.4
"Wanang",2,1991,"tmax",29.9
"Wanang",2,1991,"tavg",25.65
"Wanang",2,1991,"ppt",314.1
"Wanang",3,1991,"tmin",21.5
"Wanang",3,1991,"tmax",30.1
"Wanang",3,1991,"tavg",25.8
"Wanang",3,1991,"ppt",379.5
"Wanang",4,1991,"tmin",21.3
"Wanang",4,1991,"tmax",30.8
"Wanang",4,1991,"tavg",26.05
"Wanang",4,1991,"ppt",273.9
"Wanang",5,1991,"tmin",21.4
"Wanang",5,1991,"tmax",30.4
"Wanang",5,1991,"tavg",25.9
"Wanang",5,1991,"ppt",270.9
"Wanang",6,1991,"tmin",21
"Wanang",6,1991,"tmax",30.8
"Wanang",6,1991,"tavg",25.9
"Wanang",6,1991,"ppt",73.9
"Wanang",7,1991,"tmin",20.6
"Wanang",7,1991,"tmax",29.9
"Wanang",7,1991,"tavg",25.25
"Wanang",7,1991,"ppt",141.4
"Wanang",8,1991,"tmin",21.2
"Wanang",8,1991,"tmax",29.6
"Wanang",8,1991,"tavg",25.4
"Wanang",8,1991,"ppt",123
"Wanang",9,1991,"tmin",21.1
"Wanang",9,1991,"tmax",30.6
"Wanang",9,1991,"tavg",25.85
"Wanang",9,1991,"ppt",147
"Wanang",10,1991,"tmin",20.8
"Wanang",10,1991,"tmax",30.2
"Wanang",10,1991,"tavg",25.5
"Wanang",10,1991,"ppt",258.8
"Wanang",11,1991,"tmin",20.8
"Wanang",11,1991,"tmax",29.7
"Wanang",11,1991,"tavg",25.25
"Wanang",11,1991,"ppt",266.4
"Wanang",12,1991,"tmin",21
"Wanang",12,1991,"tmax",30.1
"Wanang",12,1991,"tavg",25.55
"Wanang",12,1991,"ppt",341
"Yapsiei",1,1991,"tmin",22.3
"Yapsiei",1,1991,"tmax",31.6
"Yapsiei",1,1991,"tavg",26.95
"Yapsiei",1,1991,"ppt",329.5
"Yapsiei",2,1991,"tmin",22
"Yapsiei",2,1991,"tmax",30.5
"Yapsiei",2,1991,"tavg",26.25
"Yapsiei",2,1991,"ppt",391
"Yapsiei",3,1991,"tmin",21.9
"Yapsiei",3,1991,"tmax",30.7
"Yapsiei",3,1991,"tavg",26.3
"Yapsiei",3,1991,"ppt",260.8
"Yapsiei",4,1991,"tmin",22
"Yapsiei",4,1991,"tmax",30.6
"Yapsiei",4,1991,"tavg",26.3
"Yapsiei",4,1991,"ppt",374.4
"Yapsiei",5,1991,"tmin",22.1
"Yapsiei",5,1991,"tmax",30.4
"Yapsiei",5,1991,"tavg",26.25
"Yapsiei",5,1991,"ppt",233.5
"Yapsiei",6,1991,"tmin",22
"Yapsiei",6,1991,"tmax",30
"Yapsiei",6,1991,"tavg",26
"Yapsiei",6,1991,"ppt",257.7
"Yapsiei",7,1991,"tmin",21.6
"Yapsiei",7,1991,"tmax",28.8
"Yapsiei",7,1991,"tavg",25.2
"Yapsiei",7,1991,"ppt",394.7
"Yapsiei",8,1991,"tmin",21.8
"Yapsiei",8,1991,"tmax",29.4
"Yapsiei",8,1991,"tavg",25.6
"Yapsiei",8,1991,"ppt",368.4
"Yapsiei",9,1991,"tmin",21.7
"Yapsiei",9,1991,"tmax",30.3
"Yapsiei",9,1991,"tavg",26
"Yapsiei",9,1991,"ppt",313.8
"Yapsiei",10,1991,"tmin",21.4
"Yapsiei",10,1991,"tmax",30.3
"Yapsiei",10,1991,"tavg",25.85
"Yapsiei",10,1991,"ppt",296.7
"Yapsiei",11,1991,"tmin",21.5
"Yapsiei",11,1991,"tmax",30.4
"Yapsiei",11,1991,"tavg",25.95
"Yapsiei",11,1991,"ppt",200.5
"Yapsiei",12,1991,"tmin",21.6
"Yapsiei",12,1991,"tmax",30.5
"Yapsiei",12,1991,"tavg",26.05
"Yapsiei",12,1991,"ppt",292.3
"Elem",1,1992,"tmin",20.1
"Elem",1,1992,"tmax",31.1
"Elem",1,1992,"tavg",25.6
"Elem",1,1992,"ppt",442.3
"Elem",2,1992,"tmin",20.4
"Elem",2,1992,"tmax",30.3
"Elem",2,1992,"tavg",25.35
"Elem",2,1992,"ppt",298.3
"Elem",3,1992,"tmin",20.3
"Elem",3,1992,"tmax",30.1
"Elem",3,1992,"tavg",25.2
"Elem",3,1992,"ppt",454.5
"Elem",4,1992,"tmin",20.8
"Elem",4,1992,"tmax",30.6
"Elem",4,1992,"tavg",25.7
"Elem",4,1992,"ppt",357
"Elem",5,1992,"tmin",20.9
"Elem",5,1992,"tmax",31
"Elem",5,1992,"tavg",25.95
"Elem",5,1992,"ppt",254.9
"Elem",6,1992,"tmin",20.6
"Elem",6,1992,"tmax",31.1
"Elem",6,1992,"tavg",25.85
"Elem",6,1992,"ppt",130.3
"Elem",7,1992,"tmin",19.7
"Elem",7,1992,"tmax",30.3
"Elem",7,1992,"tavg",25
"Elem",7,1992,"ppt",169.6
"Elem",8,1992,"tmin",20.3
"Elem",8,1992,"tmax",30.6
"Elem",8,1992,"tavg",25.45
"Elem",8,1992,"ppt",159.2
"Elem",9,1992,"tmin",20.1
"Elem",9,1992,"tmax",31.2
"Elem",9,1992,"tavg",25.65
"Elem",9,1992,"ppt",180.9
"Elem",10,1992,"tmin",20.6
"Elem",10,1992,"tmax",31.1
"Elem",10,1992,"tavg",25.85
"Elem",10,1992,"ppt",230.3
"Elem",11,1992,"tmin",20.3
"Elem",11,1992,"tmax",31.3
"Elem",11,1992,"tavg",25.8
"Elem",11,1992,"ppt",321.7
"Elem",12,1992,"tmin",20.9
"Elem",12,1992,"tmax",30.8
"Elem",12,1992,"tavg",25.85
"Elem",12,1992,"ppt",415.9
"Morox",1,1992,"tmin",22.2
"Morox",1,1992,"tmax",31.9
"Morox",1,1992,"tavg",27.05
"Morox",1,1992,"ppt",151.9
"Morox",2,1992,"tmin",22.2
"Morox",2,1992,"tmax",31.5
"Morox",2,1992,"tavg",26.85
"Morox",2,1992,"ppt",126.3
"Morox",3,1992,"tmin",21.6
"Morox",3,1992,"tmax",30.5
"Morox",3,1992,"tavg",26.05
"Morox",3,1992,"ppt",307.9
"Morox",4,1992,"tmin",21.9
"Morox",4,1992,"tmax",31.2
"Morox",4,1992,"tavg",26.55
"Morox",4,1992,"ppt",214.9
"Morox",5,1992,"tmin",21.9
"Morox",5,1992,"tmax",32
"Morox",5,1992,"tavg",26.95
"Morox",5,1992,"ppt",172
"Morox",6,1992,"tmin",21.8
"Morox",6,1992,"tmax",32.3
"Morox",6,1992,"tavg",27.05
"Morox",6,1992,"ppt",57.7
"Morox",7,1992,"tmin",20.9
"Morox",7,1992,"tmax",31.7
"Morox",7,1992,"tavg",26.3
"Morox",7,1992,"ppt",81.1
"Morox",8,1992,"tmin",21
"Morox",8,1992,"tmax",32.2
"Morox",8,1992,"tavg",26.6
"Morox",8,1992,"ppt",88.1
"Morox",9,1992,"tmin",21.3
"Morox",9,1992,"tmax",32.4
"Morox",9,1992,"tavg",26.85
"Morox",9,1992,"ppt",77.9
"Morox",10,1992,"tmin",22.1
"Morox",10,1992,"tmax",32
"Morox",10,1992,"tavg",27.05
"Morox",10,1992,"ppt",167.7
"Morox",11,1992,"tmin",21.9
"Morox",11,1992,"tmax",32
"Morox",11,1992,"tavg",26.95
"Morox",11,1992,"ppt",217.4
"Morox",12,1992,"tmin",22.3
"Morox",12,1992,"tmax",31.9
"Morox",12,1992,"tavg",27.1
"Morox",12,1992,"ppt",234.6
"Niksek",1,1992,"tmin",20.7
"Niksek",1,1992,"tmax",31.5
"Niksek",1,1992,"tavg",26.1
"Niksek",1,1992,"ppt",344
"Niksek",2,1992,"tmin",21.1
"Niksek",2,1992,"tmax",30.4
"Niksek",2,1992,"tavg",25.75
"Niksek",2,1992,"ppt",309.7
"Niksek",3,1992,"tmin",21
"Niksek",3,1992,"tmax",30.1
"Niksek",3,1992,"tavg",25.55
"Niksek",3,1992,"ppt",555.1
"Niksek",4,1992,"tmin",21.5
"Niksek",4,1992,"tmax",30.8
"Niksek",4,1992,"tavg",26.15
"Niksek",4,1992,"ppt",350
"Niksek",5,1992,"tmin",21.7
"Niksek",5,1992,"tmax",30.8
"Niksek",5,1992,"tavg",26.25
"Niksek",5,1992,"ppt",298.9
"Niksek",6,1992,"tmin",21.8
"Niksek",6,1992,"tmax",31.1
"Niksek",6,1992,"tavg",26.45
"Niksek",6,1992,"ppt",193.5
"Niksek",7,1992,"tmin",21
"Niksek",7,1992,"tmax",29.8
"Niksek",7,1992,"tavg",25.4
"Niksek",7,1992,"ppt",251.3
"Niksek",8,1992,"tmin",20.9
"Niksek",8,1992,"tmax",30.8
"Niksek",8,1992,"tavg",25.85
"Niksek",8,1992,"ppt",259.5
"Niksek",9,1992,"tmin",20.9
"Niksek",9,1992,"tmax",31.1
"Niksek",9,1992,"tavg",26
"Niksek",9,1992,"ppt",323.6
"Niksek",10,1992,"tmin",21.4
"Niksek",10,1992,"tmax",30.9
"Niksek",10,1992,"tavg",26.15
"Niksek",10,1992,"ppt",309.5
"Niksek",11,1992,"tmin",21.2
"Niksek",11,1992,"tmax",31.9
"Niksek",11,1992,"tavg",26.55
"Niksek",11,1992,"ppt",296.9
"Niksek",12,1992,"tmin",21.3
"Niksek",12,1992,"tmax",31.1
"Niksek",12,1992,"tavg",26.2
"Niksek",12,1992,"ppt",363
"Ohu",1,1992,"tmin",21.8
"Ohu",1,1992,"tmax",30
"Ohu",1,1992,"tavg",25.9
"Ohu",1,1992,"ppt",407.5
"Ohu",2,1992,"tmin",21.9
"Ohu",2,1992,"tmax",29.6
"Ohu",2,1992,"tavg",25.75
"Ohu",2,1992,"ppt",355.1
"Ohu",3,1992,"tmin",21.8
"Ohu",3,1992,"tmax",29.1
"Ohu",3,1992,"tavg",25.45
"Ohu",3,1992,"ppt",434.6
"Ohu",4,1992,"tmin",21.9
"Ohu",4,1992,"tmax",29.5
"Ohu",4,1992,"tavg",25.7
"Ohu",4,1992,"ppt",334.5
"Ohu",5,1992,"tmin",21.7
"Ohu",5,1992,"tmax",29.7
"Ohu",5,1992,"tavg",25.7
"Ohu",5,1992,"ppt",305.1
"Ohu",6,1992,"tmin",21.4
"Ohu",6,1992,"tmax",29.2
"Ohu",6,1992,"tavg",25.3
"Ohu",6,1992,"ppt",125.2
"Ohu",7,1992,"tmin",20.9
"Ohu",7,1992,"tmax",28.8
"Ohu",7,1992,"tavg",24.85
"Ohu",7,1992,"ppt",77.5
"Ohu",8,1992,"tmin",21.2
"Ohu",8,1992,"tmax",28.9
"Ohu",8,1992,"tavg",25.05
"Ohu",8,1992,"ppt",64
"Ohu",9,1992,"tmin",21.5
"Ohu",9,1992,"tmax",29.9
"Ohu",9,1992,"tavg",25.7
"Ohu",9,1992,"ppt",124.9
"Ohu",10,1992,"tmin",21.8
"Ohu",10,1992,"tmax",29.9
"Ohu",10,1992,"tavg",25.85
"Ohu",10,1992,"ppt",194.5
"Ohu",11,1992,"tmin",21.6
"Ohu",11,1992,"tmax",30.5
"Ohu",11,1992,"tavg",26.05
"Ohu",11,1992,"ppt",197.7
"Ohu",12,1992,"tmin",22
"Ohu",12,1992,"tmax",29.9
"Ohu",12,1992,"tavg",25.95
"Ohu",12,1992,"ppt",444.8
"Utai",1,1992,"tmin",21.9
"Utai",1,1992,"tmax",29.9
"Utai",1,1992,"tavg",25.9
"Utai",1,1992,"ppt",158.5
"Utai",2,1992,"tmin",21.8
"Utai",2,1992,"tmax",29.8
"Utai",2,1992,"tavg",25.8
"Utai",2,1992,"ppt",162.8
"Utai",3,1992,"tmin",21.8
"Utai",3,1992,"tmax",28.6
"Utai",3,1992,"tavg",25.2
"Utai",3,1992,"ppt",370.2
"Utai",4,1992,"tmin",22
"Utai",4,1992,"tmax",29.4
"Utai",4,1992,"tavg",25.7
"Utai",4,1992,"ppt",225.6
"Utai",5,1992,"tmin",22
"Utai",5,1992,"tmax",29.6
"Utai",5,1992,"tavg",25.8
"Utai",5,1992,"ppt",233.8
"Utai",6,1992,"tmin",21.7
"Utai",6,1992,"tmax",29.3
"Utai",6,1992,"tavg",25.5
"Utai",6,1992,"ppt",137
"Utai",7,1992,"tmin",21.1
"Utai",7,1992,"tmax",28.9
"Utai",7,1992,"tavg",25
"Utai",7,1992,"ppt",137.4
"Utai",8,1992,"tmin",21.4
"Utai",8,1992,"tmax",29
"Utai",8,1992,"tavg",25.2
"Utai",8,1992,"ppt",193.3
"Utai",9,1992,"tmin",21.3
"Utai",9,1992,"tmax",29.5
"Utai",9,1992,"tavg",25.4
"Utai",9,1992,"ppt",152.6
"Utai",10,1992,"tmin",21.7
"Utai",10,1992,"tmax",29.8
"Utai",10,1992,"tavg",25.75
"Utai",10,1992,"ppt",206.5
"Utai",11,1992,"tmin",21.7
"Utai",11,1992,"tmax",30.7
"Utai",11,1992,"tavg",26.2
"Utai",11,1992,"ppt",199.5
"Utai",12,1992,"tmin",21.8
"Utai",12,1992,"tmax",30
"Utai",12,1992,"tavg",25.9
"Utai",12,1992,"ppt",242
"Wamangu",1,1992,"tmin",22.1
"Wamangu",1,1992,"tmax",31.6
"Wamangu",1,1992,"tavg",26.85
"Wamangu",1,1992,"ppt",104
"Wamangu",2,1992,"tmin",21.9
"Wamangu",2,1992,"tmax",30.8
"Wamangu",2,1992,"tavg",26.35
"Wamangu",2,1992,"ppt",108.9
"Wamangu",3,1992,"tmin",21.5
"Wamangu",3,1992,"tmax",30
"Wamangu",3,1992,"tavg",25.75
"Wamangu",3,1992,"ppt",239.2
"Wamangu",4,1992,"tmin",21.9
"Wamangu",4,1992,"tmax",30.9
"Wamangu",4,1992,"tavg",26.4
"Wamangu",4,1992,"ppt",179.8
"Wamangu",5,1992,"tmin",21.8
"Wamangu",5,1992,"tmax",31.4
"Wamangu",5,1992,"tavg",26.6
"Wamangu",5,1992,"ppt",189.9
"Wamangu",6,1992,"tmin",21.6
"Wamangu",6,1992,"tmax",31.7
"Wamangu",6,1992,"tavg",26.65
"Wamangu",6,1992,"ppt",72.3
"Wamangu",7,1992,"tmin",20.9
"Wamangu",7,1992,"tmax",31.2
"Wamangu",7,1992,"tavg",26.05
"Wamangu",7,1992,"ppt",84.7
"Wamangu",8,1992,"tmin",20.8
"Wamangu",8,1992,"tmax",31.7
"Wamangu",8,1992,"tavg",26.25
"Wamangu",8,1992,"ppt",108.1
"Wamangu",9,1992,"tmin",21.1
"Wamangu",9,1992,"tmax",32.1
"Wamangu",9,1992,"tavg",26.6
"Wamangu",9,1992,"ppt",95.2
"Wamangu",10,1992,"tmin",21.9
"Wamangu",10,1992,"tmax",31.4
"Wamangu",10,1992,"tavg",26.65
"Wamangu",10,1992,"ppt",209.7
"Wamangu",11,1992,"tmin",21.6
"Wamangu",11,1992,"tmax",31.7
"Wamangu",11,1992,"tavg",26.65
"Wamangu",11,1992,"ppt",167.4
"Wamangu",12,1992,"tmin",22.2
"Wamangu",12,1992,"tmax",31.2
"Wamangu",12,1992,"tavg",26.7
"Wamangu",12,1992,"ppt",192.9
"Wanang",1,1992,"tmin",20.8
"Wanang",1,1992,"tmax",29.4
"Wanang",1,1992,"tavg",25.1
"Wanang",1,1992,"ppt",465.7
"Wanang",2,1992,"tmin",21
"Wanang",2,1992,"tmax",29.2
"Wanang",2,1992,"tavg",25.1
"Wanang",2,1992,"ppt",430.7
"Wanang",3,1992,"tmin",21
"Wanang",3,1992,"tmax",28.7
"Wanang",3,1992,"tavg",24.85
"Wanang",3,1992,"ppt",528.6
"Wanang",4,1992,"tmin",21.2
"Wanang",4,1992,"tmax",29.5
"Wanang",4,1992,"tavg",25.35
"Wanang",4,1992,"ppt",374.8
"Wanang",5,1992,"tmin",21.1
"Wanang",5,1992,"tmax",29.7
"Wanang",5,1992,"tavg",25.4
"Wanang",5,1992,"ppt",220.3
"Wanang",6,1992,"tmin",20.6
"Wanang",6,1992,"tmax",29.7
"Wanang",6,1992,"tavg",25.15
"Wanang",6,1992,"ppt",158.3
"Wanang",7,1992,"tmin",20
"Wanang",7,1992,"tmax",28.9
"Wanang",7,1992,"tavg",24.45
"Wanang",7,1992,"ppt",117.4
"Wanang",8,1992,"tmin",20.5
"Wanang",8,1992,"tmax",29.1
"Wanang",8,1992,"tavg",24.8
"Wanang",8,1992,"ppt",113.4
"Wanang",9,1992,"tmin",20.4
"Wanang",9,1992,"tmax",30.2
"Wanang",9,1992,"tavg",25.3
"Wanang",9,1992,"ppt",176.9
"Wanang",10,1992,"tmin",21
"Wanang",10,1992,"tmax",29.9
"Wanang",10,1992,"tavg",25.45
"Wanang",10,1992,"ppt",238.1
"Wanang",11,1992,"tmin",20.7
"Wanang",11,1992,"tmax",30.4
"Wanang",11,1992,"tavg",25.55
"Wanang",11,1992,"ppt",253.3
"Wanang",12,1992,"tmin",21.1
"Wanang",12,1992,"tmax",29.6
"Wanang",12,1992,"tavg",25.35
"Wanang",12,1992,"ppt",477.3
"Yapsiei",1,1992,"tmin",21.5
"Yapsiei",1,1992,"tmax",30.7
"Yapsiei",1,1992,"tavg",26.1
"Yapsiei",1,1992,"ppt",328.3
"Yapsiei",2,1992,"tmin",21.7
"Yapsiei",2,1992,"tmax",30
"Yapsiei",2,1992,"tavg",25.85
"Yapsiei",2,1992,"ppt",253.4
"Yapsiei",3,1992,"tmin",21.8
"Yapsiei",3,1992,"tmax",29.8
"Yapsiei",3,1992,"tavg",25.8
"Yapsiei",3,1992,"ppt",448
"Yapsiei",4,1992,"tmin",21.9
"Yapsiei",4,1992,"tmax",30.4
"Yapsiei",4,1992,"tavg",26.15
"Yapsiei",4,1992,"ppt",489.9
"Yapsiei",5,1992,"tmin",22
"Yapsiei",5,1992,"tmax",29.9
"Yapsiei",5,1992,"tavg",25.95
"Yapsiei",5,1992,"ppt",341.7
"Yapsiei",6,1992,"tmin",21.9
"Yapsiei",6,1992,"tmax",30.2
"Yapsiei",6,1992,"tavg",26.05
"Yapsiei",6,1992,"ppt",200.2
"Yapsiei",7,1992,"tmin",21.4
"Yapsiei",7,1992,"tmax",29.2
"Yapsiei",7,1992,"tavg",25.3
"Yapsiei",7,1992,"ppt",360.6
"Yapsiei",8,1992,"tmin",21.4
"Yapsiei",8,1992,"tmax",29.5
"Yapsiei",8,1992,"tavg",25.45
"Yapsiei",8,1992,"ppt",299.4
"Yapsiei",9,1992,"tmin",21.3
"Yapsiei",9,1992,"tmax",30.1
"Yapsiei",9,1992,"tavg",25.7
"Yapsiei",9,1992,"ppt",312.2
"Yapsiei",10,1992,"tmin",21.6
"Yapsiei",10,1992,"tmax",30.6
"Yapsiei",10,1992,"tavg",26.1
"Yapsiei",10,1992,"ppt",216.1
"Yapsiei",11,1992,"tmin",21.5
"Yapsiei",11,1992,"tmax",31.8
"Yapsiei",11,1992,"tavg",26.65
"Yapsiei",11,1992,"ppt",263
"Yapsiei",12,1992,"tmin",21.7
"Yapsiei",12,1992,"tmax",30.9
"Yapsiei",12,1992,"tavg",26.3
"Yapsiei",12,1992,"ppt",358
"Elem",1,1993,"tmin",20.5
"Elem",1,1993,"tmax",30.8
"Elem",1,1993,"tavg",25.65
"Elem",1,1993,"ppt",443.2
"Elem",2,1993,"tmin",20.4
"Elem",2,1993,"tmax",30.2
"Elem",2,1993,"tavg",25.3
"Elem",2,1993,"ppt",434.2
"Elem",3,1993,"tmin",20.5
"Elem",3,1993,"tmax",30.4
"Elem",3,1993,"tavg",25.45
"Elem",3,1993,"ppt",525.3
"Elem",4,1993,"tmin",20.5
"Elem",4,1993,"tmax",30.7
"Elem",4,1993,"tavg",25.6
"Elem",4,1993,"ppt",447.1
"Elem",5,1993,"tmin",21
"Elem",5,1993,"tmax",31.4
"Elem",5,1993,"tavg",26.2
"Elem",5,1993,"ppt",231.1
"Elem",6,1993,"tmin",20.7
"Elem",6,1993,"tmax",30.5
"Elem",6,1993,"tavg",25.6
"Elem",6,1993,"ppt",182.4
"Elem",7,1993,"tmin",20.3
"Elem",7,1993,"tmax",30.6
"Elem",7,1993,"tavg",25.45
"Elem",7,1993,"ppt",167.4
"Elem",8,1993,"tmin",20.6
"Elem",8,1993,"tmax",30.6
"Elem",8,1993,"tavg",25.6
"Elem",8,1993,"ppt",164.5
"Elem",9,1993,"tmin",20.5
"Elem",9,1993,"tmax",31
"Elem",9,1993,"tavg",25.75
"Elem",9,1993,"ppt",194.2
"Elem",10,1993,"tmin",20.6
"Elem",10,1993,"tmax",31.2
"Elem",10,1993,"tavg",25.9
"Elem",10,1993,"ppt",261.6
"Elem",11,1993,"tmin",20.5
"Elem",11,1993,"tmax",31.6
"Elem",11,1993,"tavg",26.05
"Elem",11,1993,"ppt",312.7
"Elem",12,1993,"tmin",21.2
"Elem",12,1993,"tmax",31.1
"Elem",12,1993,"tavg",26.15
"Elem",12,1993,"ppt",554
"Morox",1,1993,"tmin",22.2
"Morox",1,1993,"tmax",31.7
"Morox",1,1993,"tavg",26.95
"Morox",1,1993,"ppt",217.2
"Morox",2,1993,"tmin",21.9
"Morox",2,1993,"tmax",31
"Morox",2,1993,"tavg",26.45
"Morox",2,1993,"ppt",198.4
"Morox",3,1993,"tmin",21.7
"Morox",3,1993,"tmax",31.2
"Morox",3,1993,"tavg",26.45
"Morox",3,1993,"ppt",240.4
"Morox",4,1993,"tmin",21.8
"Morox",4,1993,"tmax",31.5
"Morox",4,1993,"tavg",26.65
"Morox",4,1993,"ppt",253.5
"Morox",5,1993,"tmin",22.2
"Morox",5,1993,"tmax",32.7
"Morox",5,1993,"tavg",27.45
"Morox",5,1993,"ppt",119.7
"Morox",6,1993,"tmin",21.8
"Morox",6,1993,"tmax",31.7
"Morox",6,1993,"tavg",26.75
"Morox",6,1993,"ppt",113.7
"Morox",7,1993,"tmin",21.4
"Morox",7,1993,"tmax",31.9
"Morox",7,1993,"tavg",26.65
"Morox",7,1993,"ppt",90.8
"Morox",8,1993,"tmin",21.3
"Morox",8,1993,"tmax",32.2
"Morox",8,1993,"tavg",26.75
"Morox",8,1993,"ppt",56.2
"Morox",9,1993,"tmin",21.4
"Morox",9,1993,"tmax",32.5
"Morox",9,1993,"tavg",26.95
"Morox",9,1993,"ppt",69
"Morox",10,1993,"tmin",22.2
"Morox",10,1993,"tmax",32.6
"Morox",10,1993,"tavg",27.4
"Morox",10,1993,"ppt",125.9
"Morox",11,1993,"tmin",22.4
"Morox",11,1993,"tmax",32.2
"Morox",11,1993,"tavg",27.3
"Morox",11,1993,"ppt",229.1
"Morox",12,1993,"tmin",22.7
"Morox",12,1993,"tmax",31.9
"Morox",12,1993,"tavg",27.3
"Morox",12,1993,"ppt",313.7
"Niksek",1,1993,"tmin",21.1
"Niksek",1,1993,"tmax",31.1
"Niksek",1,1993,"tavg",26.1
"Niksek",1,1993,"ppt",419
"Niksek",2,1993,"tmin",20.9
"Niksek",2,1993,"tmax",31.1
"Niksek",2,1993,"tavg",26
"Niksek",2,1993,"ppt",346.8
"Niksek",3,1993,"tmin",21
"Niksek",3,1993,"tmax",31.2
"Niksek",3,1993,"tavg",26.1
"Niksek",3,1993,"ppt",376.5
"Niksek",4,1993,"tmin",21.4
"Niksek",4,1993,"tmax",31
"Niksek",4,1993,"tavg",26.2
"Niksek",4,1993,"ppt",443.6
"Niksek",5,1993,"tmin",21.8
"Niksek",5,1993,"tmax",31.5
"Niksek",5,1993,"tavg",26.65
"Niksek",5,1993,"ppt",264.5
"Niksek",6,1993,"tmin",21.6
"Niksek",6,1993,"tmax",30.4
"Niksek",6,1993,"tavg",26
"Niksek",6,1993,"ppt",274
"Niksek",7,1993,"tmin",21.7
"Niksek",7,1993,"tmax",30.3
"Niksek",7,1993,"tavg",26
"Niksek",7,1993,"ppt",263.1
"Niksek",8,1993,"tmin",21.1
"Niksek",8,1993,"tmax",30.9
"Niksek",8,1993,"tavg",26
"Niksek",8,1993,"ppt",321.8
"Niksek",9,1993,"tmin",21.4
"Niksek",9,1993,"tmax",30.9
"Niksek",9,1993,"tavg",26.15
"Niksek",9,1993,"ppt",281.9
"Niksek",10,1993,"tmin",21.3
"Niksek",10,1993,"tmax",31
"Niksek",10,1993,"tavg",26.15
"Niksek",10,1993,"ppt",270.9
"Niksek",11,1993,"tmin",21.7
"Niksek",11,1993,"tmax",31.8
"Niksek",11,1993,"tavg",26.75
"Niksek",11,1993,"ppt",246.1
"Niksek",12,1993,"tmin",21.9
"Niksek",12,1993,"tmax",31.2
"Niksek",12,1993,"tavg",26.55
"Niksek",12,1993,"ppt",325.1
"Ohu",1,1993,"tmin",22
"Ohu",1,1993,"tmax",29.7
"Ohu",1,1993,"tavg",25.85
"Ohu",1,1993,"ppt",308
"Ohu",2,1993,"tmin",22
"Ohu",2,1993,"tmax",29.6
"Ohu",2,1993,"tavg",25.8
"Ohu",2,1993,"ppt",433.3
"Ohu",3,1993,"tmin",21.9
"Ohu",3,1993,"tmax",29.4
"Ohu",3,1993,"tavg",25.65
"Ohu",3,1993,"ppt",350.4
"Ohu",4,1993,"tmin",21.8
"Ohu",4,1993,"tmax",29.4
"Ohu",4,1993,"tavg",25.6
"Ohu",4,1993,"ppt",386.5
"Ohu",5,1993,"tmin",21.9
"Ohu",5,1993,"tmax",30
"Ohu",5,1993,"tavg",25.95
"Ohu",5,1993,"ppt",188.8
"Ohu",6,1993,"tmin",21.5
"Ohu",6,1993,"tmax",28.7
"Ohu",6,1993,"tavg",25.1
"Ohu",6,1993,"ppt",255.7
"Ohu",7,1993,"tmin",21.2
"Ohu",7,1993,"tmax",28.9
"Ohu",7,1993,"tavg",25.05
"Ohu",7,1993,"ppt",120.8
"Ohu",8,1993,"tmin",20.8
"Ohu",8,1993,"tmax",28.6
"Ohu",8,1993,"tavg",24.7
"Ohu",8,1993,"ppt",72.1
"Ohu",9,1993,"tmin",21.4
"Ohu",9,1993,"tmax",29.7
"Ohu",9,1993,"tavg",25.55
"Ohu",9,1993,"ppt",181.5
"Ohu",10,1993,"tmin",21.6
"Ohu",10,1993,"tmax",30
"Ohu",10,1993,"tavg",25.8
"Ohu",10,1993,"ppt",124.4
"Ohu",11,1993,"tmin",21.9
"Ohu",11,1993,"tmax",30.5
"Ohu",11,1993,"tavg",26.2
"Ohu",11,1993,"ppt",213.6
"Ohu",12,1993,"tmin",22.3
"Ohu",12,1993,"tmax",30.1
"Ohu",12,1993,"tavg",26.2
"Ohu",12,1993,"ppt",455.8
"Utai",1,1993,"tmin",21.9
"Utai",1,1993,"tmax",29.8
"Utai",1,1993,"tavg",25.85
"Utai",1,1993,"ppt",277.8
"Utai",2,1993,"tmin",22.1
"Utai",2,1993,"tmax",29.3
"Utai",2,1993,"tavg",25.7
"Utai",2,1993,"ppt",170.5
"Utai",3,1993,"tmin",22
"Utai",3,1993,"tmax",29.8
"Utai",3,1993,"tavg",25.9
"Utai",3,1993,"ppt",216.9
"Utai",4,1993,"tmin",22
"Utai",4,1993,"tmax",29.8
"Utai",4,1993,"tavg",25.9
"Utai",4,1993,"ppt",227.5
"Utai",5,1993,"tmin",22.1
"Utai",5,1993,"tmax",30.2
"Utai",5,1993,"tavg",26.15
"Utai",5,1993,"ppt",206.5
"Utai",6,1993,"tmin",21.7
"Utai",6,1993,"tmax",28.7
"Utai",6,1993,"tavg",25.2
"Utai",6,1993,"ppt",143.1
"Utai",7,1993,"tmin",21.8
"Utai",7,1993,"tmax",29.4
"Utai",7,1993,"tavg",25.6
"Utai",7,1993,"ppt",158.3
"Utai",8,1993,"tmin",21.4
"Utai",8,1993,"tmax",29.1
"Utai",8,1993,"tavg",25.25
"Utai",8,1993,"ppt",175.2
"Utai",9,1993,"tmin",21.7
"Utai",9,1993,"tmax",29.5
"Utai",9,1993,"tavg",25.6
"Utai",9,1993,"ppt",152.5
"Utai",10,1993,"tmin",21.7
"Utai",10,1993,"tmax",29.9
"Utai",10,1993,"tavg",25.8
"Utai",10,1993,"ppt",149.3
"Utai",11,1993,"tmin",22.1
"Utai",11,1993,"tmax",30.5
"Utai",11,1993,"tavg",26.3
"Utai",11,1993,"ppt",185.5
"Utai",12,1993,"tmin",22.2
"Utai",12,1993,"tmax",29.8
"Utai",12,1993,"tavg",26
"Utai",12,1993,"ppt",281
"Wamangu",1,1993,"tmin",22
"Wamangu",1,1993,"tmax",31.2
"Wamangu",1,1993,"tavg",26.6
"Wamangu",1,1993,"ppt",185.1
"Wamangu",2,1993,"tmin",22
"Wamangu",2,1993,"tmax",30.7
"Wamangu",2,1993,"tavg",26.35
"Wamangu",2,1993,"ppt",130.4
"Wamangu",3,1993,"tmin",21.7
"Wamangu",3,1993,"tmax",31
"Wamangu",3,1993,"tavg",26.35
"Wamangu",3,1993,"ppt",171.1
"Wamangu",4,1993,"tmin",21.8
"Wamangu",4,1993,"tmax",31.1
"Wamangu",4,1993,"tavg",26.45
"Wamangu",4,1993,"ppt",195.8
"Wamangu",5,1993,"tmin",22.1
"Wamangu",5,1993,"tmax",32.1
"Wamangu",5,1993,"tavg",27.1
"Wamangu",5,1993,"ppt",120.7
"Wamangu",6,1993,"tmin",21.6
"Wamangu",6,1993,"tmax",31
"Wamangu",6,1993,"tavg",26.3
"Wamangu",6,1993,"ppt",141.2
"Wamangu",7,1993,"tmin",21.3
"Wamangu",7,1993,"tmax",31.3
"Wamangu",7,1993,"tavg",26.3
"Wamangu",7,1993,"ppt",98.6
"Wamangu",8,1993,"tmin",20.9
"Wamangu",8,1993,"tmax",31.9
"Wamangu",8,1993,"tavg",26.4
"Wamangu",8,1993,"ppt",80.2
"Wamangu",9,1993,"tmin",21.2
"Wamangu",9,1993,"tmax",32.2
"Wamangu",9,1993,"tavg",26.7
"Wamangu",9,1993,"ppt",85.1
"Wamangu",10,1993,"tmin",21.9
"Wamangu",10,1993,"tmax",31.9
"Wamangu",10,1993,"tavg",26.9
"Wamangu",10,1993,"ppt",134.3
"Wamangu",11,1993,"tmin",22
"Wamangu",11,1993,"tmax",31.7
"Wamangu",11,1993,"tavg",26.85
"Wamangu",11,1993,"ppt",200.4
"Wamangu",12,1993,"tmin",22.4
"Wamangu",12,1993,"tmax",31.3
"Wamangu",12,1993,"tavg",26.85
"Wamangu",12,1993,"ppt",240.4
"Wanang",1,1993,"tmin",20.8
"Wanang",1,1993,"tmax",29.5
"Wanang",1,1993,"tavg",25.15
"Wanang",1,1993,"ppt",425.7
"Wanang",2,1993,"tmin",21.1
"Wanang",2,1993,"tmax",29.3
"Wanang",2,1993,"tavg",25.2
"Wanang",2,1993,"ppt",414
"Wanang",3,1993,"tmin",21
"Wanang",3,1993,"tmax",29.6
"Wanang",3,1993,"tavg",25.3
"Wanang",3,1993,"ppt",380.8
"Wanang",4,1993,"tmin",21.1
"Wanang",4,1993,"tmax",29.7
"Wanang",4,1993,"tavg",25.4
"Wanang",4,1993,"ppt",357.9
"Wanang",5,1993,"tmin",21.4
"Wanang",5,1993,"tmax",30.1
"Wanang",5,1993,"tavg",25.75
"Wanang",5,1993,"ppt",167.5
"Wanang",6,1993,"tmin",20.8
"Wanang",6,1993,"tmax",28.9
"Wanang",6,1993,"tavg",24.85
"Wanang",6,1993,"ppt",267.8
"Wanang",7,1993,"tmin",20.6
"Wanang",7,1993,"tmax",29.3
"Wanang",7,1993,"tavg",24.95
"Wanang",7,1993,"ppt",129.4
"Wanang",8,1993,"tmin",20.4
"Wanang",8,1993,"tmax",28.9
"Wanang",8,1993,"tavg",24.65
"Wanang",8,1993,"ppt",157.2
"Wanang",9,1993,"tmin",20.6
"Wanang",9,1993,"tmax",30
"Wanang",9,1993,"tavg",25.3
"Wanang",9,1993,"ppt",184.6
"Wanang",10,1993,"tmin",20.9
"Wanang",10,1993,"tmax",30.1
"Wanang",10,1993,"tavg",25.5
"Wanang",10,1993,"ppt",181.7
"Wanang",11,1993,"tmin",21
"Wanang",11,1993,"tmax",30.9
"Wanang",11,1993,"tavg",25.95
"Wanang",11,1993,"ppt",273.2
"Wanang",12,1993,"tmin",21.5
"Wanang",12,1993,"tmax",30.3
"Wanang",12,1993,"tavg",25.9
"Wanang",12,1993,"ppt",552.6
"Yapsiei",1,1993,"tmin",21.9
"Yapsiei",1,1993,"tmax",30.7
"Yapsiei",1,1993,"tavg",26.3
"Yapsiei",1,1993,"ppt",359.8
"Yapsiei",2,1993,"tmin",21.7
"Yapsiei",2,1993,"tmax",30.8
"Yapsiei",2,1993,"tavg",26.25
"Yapsiei",2,1993,"ppt",380.3
"Yapsiei",3,1993,"tmin",21.6
"Yapsiei",3,1993,"tmax",30.6
"Yapsiei",3,1993,"tavg",26.1
"Yapsiei",3,1993,"ppt",322.5
"Yapsiei",4,1993,"tmin",22
"Yapsiei",4,1993,"tmax",30.6
"Yapsiei",4,1993,"tavg",26.3
"Yapsiei",4,1993,"ppt",371.6
"Yapsiei",5,1993,"tmin",22
"Yapsiei",5,1993,"tmax",30.5
"Yapsiei",5,1993,"tavg",26.25
"Yapsiei",5,1993,"ppt",227.9
"Yapsiei",6,1993,"tmin",21.8
"Yapsiei",6,1993,"tmax",29.8
"Yapsiei",6,1993,"tavg",25.8
"Yapsiei",6,1993,"ppt",346.2
"Yapsiei",7,1993,"tmin",21.9
"Yapsiei",7,1993,"tmax",29.5
"Yapsiei",7,1993,"tavg",25.7
"Yapsiei",7,1993,"ppt",346.5
"Yapsiei",8,1993,"tmin",21.2
"Yapsiei",8,1993,"tmax",29.7
"Yapsiei",8,1993,"tavg",25.45
"Yapsiei",8,1993,"ppt",228.9
"Yapsiei",9,1993,"tmin",21.5
"Yapsiei",9,1993,"tmax",29.7
"Yapsiei",9,1993,"tavg",25.6
"Yapsiei",9,1993,"ppt",463.2
"Yapsiei",10,1993,"tmin",21.5
"Yapsiei",10,1993,"tmax",30.8
"Yapsiei",10,1993,"tavg",26.15
"Yapsiei",10,1993,"ppt",251.7
"Yapsiei",11,1993,"tmin",21.7
"Yapsiei",11,1993,"tmax",31.6
"Yapsiei",11,1993,"tavg",26.65
"Yapsiei",11,1993,"ppt",270.5
"Yapsiei",12,1993,"tmin",22.2
"Yapsiei",12,1993,"tmax",30.8
"Yapsiei",12,1993,"tavg",26.5
"Yapsiei",12,1993,"ppt",294.1
"Elem",1,1994,"tmin",20.6
"Elem",1,1994,"tmax",31.3
"Elem",1,1994,"tavg",25.95
"Elem",1,1994,"ppt",427.4
"Elem",2,1994,"tmin",20.8
"Elem",2,1994,"tmax",31.2
"Elem",2,1994,"tavg",26
"Elem",2,1994,"ppt",327.3
"Elem",3,1994,"tmin",20.4
"Elem",3,1994,"tmax",31.7
"Elem",3,1994,"tavg",26.05
"Elem",3,1994,"ppt",323.5
"Elem",4,1994,"tmin",20.3
"Elem",4,1994,"tmax",31.3
"Elem",4,1994,"tavg",25.8
"Elem",4,1994,"ppt",300.3
"Elem",5,1994,"tmin",20.8
"Elem",5,1994,"tmax",31.1
"Elem",5,1994,"tavg",25.95
"Elem",5,1994,"ppt",234
"Elem",6,1994,"tmin",20.5
"Elem",6,1994,"tmax",31.1
"Elem",6,1994,"tavg",25.8
"Elem",6,1994,"ppt",155.6
"Elem",7,1994,"tmin",20.2
"Elem",7,1994,"tmax",30.2
"Elem",7,1994,"tavg",25.2
"Elem",7,1994,"ppt",161.6
"Elem",8,1994,"tmin",20
"Elem",8,1994,"tmax",30.7
"Elem",8,1994,"tavg",25.35
"Elem",8,1994,"ppt",199.2
"Elem",9,1994,"tmin",20.6
"Elem",9,1994,"tmax",30.8
"Elem",9,1994,"tavg",25.7
"Elem",9,1994,"ppt",134.2
"Elem",10,1994,"tmin",20.2
"Elem",10,1994,"tmax",31.3
"Elem",10,1994,"tavg",25.75
"Elem",10,1994,"ppt",212.2
"Elem",11,1994,"tmin",20.3
"Elem",11,1994,"tmax",31.3
"Elem",11,1994,"tavg",25.8
"Elem",11,1994,"ppt",282.3
"Elem",12,1994,"tmin",21
"Elem",12,1994,"tmax",30.8
"Elem",12,1994,"tavg",25.9
"Elem",12,1994,"ppt",460.4
"Morox",1,1994,"tmin",22.3
"Morox",1,1994,"tmax",32
"Morox",1,1994,"tavg",27.15
"Morox",1,1994,"ppt",241.1
"Morox",2,1994,"tmin",22.4
"Morox",2,1994,"tmax",32
"Morox",2,1994,"tavg",27.2
"Morox",2,1994,"ppt",194.7
"Morox",3,1994,"tmin",22.1
"Morox",3,1994,"tmax",32
"Morox",3,1994,"tavg",27.05
"Morox",3,1994,"ppt",173.7
"Morox",4,1994,"tmin",21.8
"Morox",4,1994,"tmax",31.8
"Morox",4,1994,"tavg",26.8
"Morox",4,1994,"ppt",216
"Morox",5,1994,"tmin",22.1
"Morox",5,1994,"tmax",32.1
"Morox",5,1994,"tavg",27.1
"Morox",5,1994,"ppt",184
"Morox",6,1994,"tmin",21.8
"Morox",6,1994,"tmax",32.1
"Morox",6,1994,"tavg",26.95
"Morox",6,1994,"ppt",99.6
"Morox",7,1994,"tmin",21.2
"Morox",7,1994,"tmax",31.6
"Morox",7,1994,"tavg",26.4
"Morox",7,1994,"ppt",105.9
"Morox",8,1994,"tmin",20.9
"Morox",8,1994,"tmax",32.2
"Morox",8,1994,"tavg",26.55
"Morox",8,1994,"ppt",126.4
"Morox",9,1994,"tmin",21.3
"Morox",9,1994,"tmax",32.3
"Morox",9,1994,"tavg",26.8
"Morox",9,1994,"ppt",47.6
"Morox",10,1994,"tmin",21.9
"Morox",10,1994,"tmax",32.6
"Morox",10,1994,"tavg",27.25
"Morox",10,1994,"ppt",101.9
"Morox",11,1994,"tmin",22.1
"Morox",11,1994,"tmax",32
"Morox",11,1994,"tavg",27.05
"Morox",11,1994,"ppt",228.8
"Morox",12,1994,"tmin",22.2
"Morox",12,1994,"tmax",31.6
"Morox",12,1994,"tavg",26.9
"Morox",12,1994,"ppt",337.1
"Niksek",1,1994,"tmin",21.4
"Niksek",1,1994,"tmax",31.9
"Niksek",1,1994,"tavg",26.65
"Niksek",1,1994,"ppt",431
"Niksek",2,1994,"tmin",21.4
"Niksek",2,1994,"tmax",31.1
"Niksek",2,1994,"tavg",26.25
"Niksek",2,1994,"ppt",284.7
"Niksek",3,1994,"tmin",21.2
"Niksek",3,1994,"tmax",31.6
"Niksek",3,1994,"tavg",26.4
"Niksek",3,1994,"ppt",272.6
"Niksek",4,1994,"tmin",21.2
"Niksek",4,1994,"tmax",31.7
"Niksek",4,1994,"tavg",26.45
"Niksek",4,1994,"ppt",305.4
"Niksek",5,1994,"tmin",21.6
"Niksek",5,1994,"tmax",31.4
"Niksek",5,1994,"tavg",26.5
"Niksek",5,1994,"ppt",267.4
"Niksek",6,1994,"tmin",21.6
"Niksek",6,1994,"tmax",31
"Niksek",6,1994,"tavg",26.3
"Niksek",6,1994,"ppt",188.9
"Niksek",7,1994,"tmin",21.1
"Niksek",7,1994,"tmax",29.9
"Niksek",7,1994,"tavg",25.5
"Niksek",7,1994,"ppt",267.8
"Niksek",8,1994,"tmin",21
"Niksek",8,1994,"tmax",30.7
"Niksek",8,1994,"tavg",25.85
"Niksek",8,1994,"ppt",268.8
"Niksek",9,1994,"tmin",21
"Niksek",9,1994,"tmax",30.9
"Niksek",9,1994,"tavg",25.95
"Niksek",9,1994,"ppt",177.6
"Niksek",10,1994,"tmin",20.9
"Niksek",10,1994,"tmax",31.1
"Niksek",10,1994,"tavg",26
"Niksek",10,1994,"ppt",220.1
"Niksek",11,1994,"tmin",21.3
"Niksek",11,1994,"tmax",31.6
"Niksek",11,1994,"tavg",26.45
"Niksek",11,1994,"ppt",241.7
"Niksek",12,1994,"tmin",21.6
"Niksek",12,1994,"tmax",31.4
"Niksek",12,1994,"tavg",26.5
"Niksek",12,1994,"ppt",333.5
"Ohu",1,1994,"tmin",22.3
"Ohu",1,1994,"tmax",30.5
"Ohu",1,1994,"tavg",26.4
"Ohu",1,1994,"ppt",377.5
"Ohu",2,1994,"tmin",22.3
"Ohu",2,1994,"tmax",29.9
"Ohu",2,1994,"tavg",26.1
"Ohu",2,1994,"ppt",312.5
"Ohu",3,1994,"tmin",22.3
"Ohu",3,1994,"tmax",30.4
"Ohu",3,1994,"tavg",26.35
"Ohu",3,1994,"ppt",214.9
"Ohu",4,1994,"tmin",21.9
"Ohu",4,1994,"tmax",30
"Ohu",4,1994,"tavg",25.95
"Ohu",4,1994,"ppt",321
"Ohu",5,1994,"tmin",21.9
"Ohu",5,1994,"tmax",29.5
"Ohu",5,1994,"tavg",25.7
"Ohu",5,1994,"ppt",242.9
"Ohu",6,1994,"tmin",21.6
"Ohu",6,1994,"tmax",29.3
"Ohu",6,1994,"tavg",25.45
"Ohu",6,1994,"ppt",150.1
"Ohu",7,1994,"tmin",20.9
"Ohu",7,1994,"tmax",28.4
"Ohu",7,1994,"tavg",24.65
"Ohu",7,1994,"ppt",143
"Ohu",8,1994,"tmin",21
"Ohu",8,1994,"tmax",28.5
"Ohu",8,1994,"tavg",24.75
"Ohu",8,1994,"ppt",283.2
"Ohu",9,1994,"tmin",21.2
"Ohu",9,1994,"tmax",29.1
"Ohu",9,1994,"tavg",25.15
"Ohu",9,1994,"ppt",200.6
"Ohu",10,1994,"tmin",21.5
"Ohu",10,1994,"tmax",30.2
"Ohu",10,1994,"tavg",25.85
"Ohu",10,1994,"ppt",110.4
"Ohu",11,1994,"tmin",21.6
"Ohu",11,1994,"tmax",30.4
"Ohu",11,1994,"tavg",26
"Ohu",11,1994,"ppt",211.9
"Ohu",12,1994,"tmin",21.9
"Ohu",12,1994,"tmax",29.2
"Ohu",12,1994,"tavg",25.55
"Ohu",12,1994,"ppt",433.4
"Utai",1,1994,"tmin",22.2
"Utai",1,1994,"tmax",30
"Utai",1,1994,"tavg",26.1
"Utai",1,1994,"ppt",223.6
"Utai",2,1994,"tmin",22.2
"Utai",2,1994,"tmax",29.9
"Utai",2,1994,"tavg",26.05
"Utai",2,1994,"ppt",158.5
"Utai",3,1994,"tmin",22.2
"Utai",3,1994,"tmax",30
"Utai",3,1994,"tavg",26.1
"Utai",3,1994,"ppt",229.4
"Utai",4,1994,"tmin",22
"Utai",4,1994,"tmax",30.3
"Utai",4,1994,"tavg",26.15
"Utai",4,1994,"ppt",257.6
"Utai",5,1994,"tmin",22
"Utai",5,1994,"tmax",30.1
"Utai",5,1994,"tavg",26.05
"Utai",5,1994,"ppt",180.7
"Utai",6,1994,"tmin",21.6
"Utai",6,1994,"tmax",29.5
"Utai",6,1994,"tavg",25.55
"Utai",6,1994,"ppt",136.4
"Utai",7,1994,"tmin",21.3
"Utai",7,1994,"tmax",28.5
"Utai",7,1994,"tavg",24.9
"Utai",7,1994,"ppt",163
"Utai",8,1994,"tmin",21.3
"Utai",8,1994,"tmax",29.1
"Utai",8,1994,"tavg",25.2
"Utai",8,1994,"ppt",201.9
"Utai",9,1994,"tmin",21.5
"Utai",9,1994,"tmax",29.6
"Utai",9,1994,"tavg",25.55
"Utai",9,1994,"ppt",103.6
"Utai",10,1994,"tmin",21.4
"Utai",10,1994,"tmax",30.1
"Utai",10,1994,"tavg",25.75
"Utai",10,1994,"ppt",183.9
"Utai",11,1994,"tmin",21.8
"Utai",11,1994,"tmax",30.5
"Utai",11,1994,"tavg",26.15
"Utai",11,1994,"ppt",216.4
"Utai",12,1994,"tmin",22.2
"Utai",12,1994,"tmax",30.2
"Utai",12,1994,"tavg",26.2
"Utai",12,1994,"ppt",290.2
"Wamangu",1,1994,"tmin",22.4
"Wamangu",1,1994,"tmax",31.7
"Wamangu",1,1994,"tavg",27.05
"Wamangu",1,1994,"ppt",171.1
"Wamangu",2,1994,"tmin",22.4
"Wamangu",2,1994,"tmax",31.5
"Wamangu",2,1994,"tavg",26.95
"Wamangu",2,1994,"ppt",126.4
"Wamangu",3,1994,"tmin",21.8
"Wamangu",3,1994,"tmax",31.6
"Wamangu",3,1994,"tavg",26.7
"Wamangu",3,1994,"ppt",150
"Wamangu",4,1994,"tmin",21.8
"Wamangu",4,1994,"tmax",31.3
"Wamangu",4,1994,"tavg",26.55
"Wamangu",4,1994,"ppt",189.6
"Wamangu",5,1994,"tmin",22
"Wamangu",5,1994,"tmax",31.5
"Wamangu",5,1994,"tavg",26.75
"Wamangu",5,1994,"ppt",196.4
"Wamangu",6,1994,"tmin",21.6
"Wamangu",6,1994,"tmax",31.5
"Wamangu",6,1994,"tavg",26.55
"Wamangu",6,1994,"ppt",118.1
"Wamangu",7,1994,"tmin",21.1
"Wamangu",7,1994,"tmax",31.1
"Wamangu",7,1994,"tavg",26.1
"Wamangu",7,1994,"ppt",113.9
"Wamangu",8,1994,"tmin",20.8
"Wamangu",8,1994,"tmax",31.6
"Wamangu",8,1994,"tavg",26.2
"Wamangu",8,1994,"ppt",144.9
"Wamangu",9,1994,"tmin",21.2
"Wamangu",9,1994,"tmax",32.1
"Wamangu",9,1994,"tavg",26.65
"Wamangu",9,1994,"ppt",55.5
"Wamangu",10,1994,"tmin",21.6
"Wamangu",10,1994,"tmax",31.8
"Wamangu",10,1994,"tavg",26.7
"Wamangu",10,1994,"ppt",125.6
"Wamangu",11,1994,"tmin",21.8
"Wamangu",11,1994,"tmax",31.6
"Wamangu",11,1994,"tavg",26.7
"Wamangu",11,1994,"ppt",201.7
"Wamangu",12,1994,"tmin",22.2
"Wamangu",12,1994,"tmax",31.1
"Wamangu",12,1994,"tavg",26.65
"Wamangu",12,1994,"ppt",231.6
"Wanang",1,1994,"tmin",21.4
"Wanang",1,1994,"tmax",30.2
"Wanang",1,1994,"tavg",25.8
"Wanang",1,1994,"ppt",390.9
"Wanang",2,1994,"tmin",21.3
"Wanang",2,1994,"tmax",30.2
"Wanang",2,1994,"tavg",25.75
"Wanang",2,1994,"ppt",429.4
"Wanang",3,1994,"tmin",21.1
"Wanang",3,1994,"tmax",31.1
"Wanang",3,1994,"tavg",26.1
"Wanang",3,1994,"ppt",310
"Wanang",4,1994,"tmin",21
"Wanang",4,1994,"tmax",30.4
"Wanang",4,1994,"tavg",25.7
"Wanang",4,1994,"ppt",327.7
"Wanang",5,1994,"tmin",21.2
"Wanang",5,1994,"tmax",29.6
"Wanang",5,1994,"tavg",25.4
"Wanang",5,1994,"ppt",258.1
"Wanang",6,1994,"tmin",20.6
"Wanang",6,1994,"tmax",29.9
"Wanang",6,1994,"tavg",25.25
"Wanang",6,1994,"ppt",145.4
"Wanang",7,1994,"tmin",20.3
"Wanang",7,1994,"tmax",28.3
"Wanang",7,1994,"tavg",24.3
"Wanang",7,1994,"ppt",166.4
"Wanang",8,1994,"tmin",20.5
"Wanang",8,1994,"tmax",28.5
"Wanang",8,1994,"tavg",24.5
"Wanang",8,1994,"ppt",262.5
"Wanang",9,1994,"tmin",20.2
"Wanang",9,1994,"tmax",29.1
"Wanang",9,1994,"tavg",24.65
"Wanang",9,1994,"ppt",129.5
"Wanang",10,1994,"tmin",20.6
"Wanang",10,1994,"tmax",31.1
"Wanang",10,1994,"tavg",25.85
"Wanang",10,1994,"ppt",132.1
"Wanang",11,1994,"tmin",20.8
"Wanang",11,1994,"tmax",30.9
"Wanang",11,1994,"tavg",25.85
"Wanang",11,1994,"ppt",241.6
"Wanang",12,1994,"tmin",21.2
"Wanang",12,1994,"tmax",29.7
"Wanang",12,1994,"tavg",25.45
"Wanang",12,1994,"ppt",434.7
"Yapsiei",1,1994,"tmin",22.1
"Yapsiei",1,1994,"tmax",31.1
"Yapsiei",1,1994,"tavg",26.6
"Yapsiei",1,1994,"ppt",355.5
"Yapsiei",2,1994,"tmin",22
"Yapsiei",2,1994,"tmax",30.6
"Yapsiei",2,1994,"tavg",26.3
"Yapsiei",2,1994,"ppt",259.8
"Yapsiei",3,1994,"tmin",21.6
"Yapsiei",3,1994,"tmax",30.9
"Yapsiei",3,1994,"tavg",26.25
"Yapsiei",3,1994,"ppt",326.7
"Yapsiei",4,1994,"tmin",21.8
"Yapsiei",4,1994,"tmax",31.4
"Yapsiei",4,1994,"tavg",26.6
"Yapsiei",4,1994,"ppt",315
"Yapsiei",5,1994,"tmin",21.8
"Yapsiei",5,1994,"tmax",30.8
"Yapsiei",5,1994,"tavg",26.3
"Yapsiei",5,1994,"ppt",243.1
"Yapsiei",6,1994,"tmin",21.8
"Yapsiei",6,1994,"tmax",30.4
"Yapsiei",6,1994,"tavg",26.1
"Yapsiei",6,1994,"ppt",266.2
"Yapsiei",7,1994,"tmin",21.5
"Yapsiei",7,1994,"tmax",29.3
"Yapsiei",7,1994,"tavg",25.4
"Yapsiei",7,1994,"ppt",282.6
"Yapsiei",8,1994,"tmin",21.4
"Yapsiei",8,1994,"tmax",29.6
"Yapsiei",8,1994,"tavg",25.5
"Yapsiei",8,1994,"ppt",416.4
"Yapsiei",9,1994,"tmin",21.2
"Yapsiei",9,1994,"tmax",30.1
"Yapsiei",9,1994,"tavg",25.65
"Yapsiei",9,1994,"ppt",240.4
"Yapsiei",10,1994,"tmin",21.1
"Yapsiei",10,1994,"tmax",30.9
"Yapsiei",10,1994,"tavg",26
"Yapsiei",10,1994,"ppt",306.2
"Yapsiei",11,1994,"tmin",21.6
"Yapsiei",11,1994,"tmax",31.8
"Yapsiei",11,1994,"tavg",26.7
"Yapsiei",11,1994,"ppt",263.1
"Yapsiei",12,1994,"tmin",22.2
"Yapsiei",12,1994,"tmax",31.3
"Yapsiei",12,1994,"tavg",26.75
"Yapsiei",12,1994,"ppt",323.6
"Elem",1,1995,"tmin",20.8
"Elem",1,1995,"tmax",31
"Elem",1,1995,"tavg",25.9
"Elem",1,1995,"ppt",521.4
"Elem",2,1995,"tmin",20.6
"Elem",2,1995,"tmax",31.4
"Elem",2,1995,"tavg",26
"Elem",2,1995,"ppt",372.1
"Elem",3,1995,"tmin",20.7
"Elem",3,1995,"tmax",30.6
"Elem",3,1995,"tavg",25.65
"Elem",3,1995,"ppt",376.4
"Elem",4,1995,"tmin",20.5
"Elem",4,1995,"tmax",30.4
"Elem",4,1995,"tavg",25.45
"Elem",4,1995,"ppt",425.9
"Elem",5,1995,"tmin",20.8
"Elem",5,1995,"tmax",31.2
"Elem",5,1995,"tavg",26
"Elem",5,1995,"ppt",327.3
"Elem",6,1995,"tmin",20.4
"Elem",6,1995,"tmax",31.4
"Elem",6,1995,"tavg",25.9
"Elem",6,1995,"ppt",137.8
"Elem",7,1995,"tmin",19.7
"Elem",7,1995,"tmax",31
"Elem",7,1995,"tavg",25.35
"Elem",7,1995,"ppt",104.2
"Elem",8,1995,"tmin",20.3
"Elem",8,1995,"tmax",31.8
"Elem",8,1995,"tavg",26.05
"Elem",8,1995,"ppt",193.8
"Elem",9,1995,"tmin",20.6
"Elem",9,1995,"tmax",31.5
"Elem",9,1995,"tavg",26.05
"Elem",9,1995,"ppt",183
"Elem",10,1995,"tmin",20.4
"Elem",10,1995,"tmax",31.3
"Elem",10,1995,"tavg",25.85
"Elem",10,1995,"ppt",230.5
"Elem",11,1995,"tmin",20.6
"Elem",11,1995,"tmax",31.6
"Elem",11,1995,"tavg",26.1
"Elem",11,1995,"ppt",340.8
"Elem",12,1995,"tmin",20.7
"Elem",12,1995,"tmax",31.6
"Elem",12,1995,"tavg",26.15
"Elem",12,1995,"ppt",320.2
"Morox",1,1995,"tmin",22.4
"Morox",1,1995,"tmax",31.8
"Morox",1,1995,"tavg",27.1
"Morox",1,1995,"ppt",292
"Morox",2,1995,"tmin",22.2
"Morox",2,1995,"tmax",31.8
"Morox",2,1995,"tavg",27
"Morox",2,1995,"ppt",212.4
"Morox",3,1995,"tmin",22
"Morox",3,1995,"tmax",31.4
"Morox",3,1995,"tavg",26.7
"Morox",3,1995,"ppt",303.5
"Morox",4,1995,"tmin",21.7
"Morox",4,1995,"tmax",31.4
"Morox",4,1995,"tavg",26.55
"Morox",4,1995,"ppt",251.6
"Morox",5,1995,"tmin",22.2
"Morox",5,1995,"tmax",32.5
"Morox",5,1995,"tavg",27.35
"Morox",5,1995,"ppt",178.9
"Morox",6,1995,"tmin",22
"Morox",6,1995,"tmax",32.1
"Morox",6,1995,"tavg",27.05
"Morox",6,1995,"ppt",101.6
"Morox",7,1995,"tmin",21.4
"Morox",7,1995,"tmax",32.1
"Morox",7,1995,"tavg",26.75
"Morox",7,1995,"ppt",71.6
"Morox",8,1995,"tmin",21.8
"Morox",8,1995,"tmax",32.9
"Morox",8,1995,"tavg",27.35
"Morox",8,1995,"ppt",104.9
"Morox",9,1995,"tmin",21.6
"Morox",9,1995,"tmax",32.6
"Morox",9,1995,"tavg",27.1
"Morox",9,1995,"ppt",107
"Morox",10,1995,"tmin",22.1
"Morox",10,1995,"tmax",32.2
"Morox",10,1995,"tavg",27.15
"Morox",10,1995,"ppt",210.3
"Morox",11,1995,"tmin",22.3
"Morox",11,1995,"tmax",32
"Morox",11,1995,"tavg",27.15
"Morox",11,1995,"ppt",257
"Morox",12,1995,"tmin",22.3
"Morox",12,1995,"tmax",32.2
"Morox",12,1995,"tavg",27.25
"Morox",12,1995,"ppt",241.5
"Niksek",1,1995,"tmin",21.5
"Niksek",1,1995,"tmax",31.3
"Niksek",1,1995,"tavg",26.4
"Niksek",1,1995,"ppt",298.2
"Niksek",2,1995,"tmin",21.3
"Niksek",2,1995,"tmax",31.5
"Niksek",2,1995,"tavg",26.4
"Niksek",2,1995,"ppt",307.4
"Niksek",3,1995,"tmin",21.5
"Niksek",3,1995,"tmax",31.1
"Niksek",3,1995,"tavg",26.3
"Niksek",3,1995,"ppt",445.6
"Niksek",4,1995,"tmin",21.5
"Niksek",4,1995,"tmax",31.4
"Niksek",4,1995,"tavg",26.45
"Niksek",4,1995,"ppt",401
"Niksek",5,1995,"tmin",21.8
"Niksek",5,1995,"tmax",31.4
"Niksek",5,1995,"tavg",26.6
"Niksek",5,1995,"ppt",239.2
"Niksek",6,1995,"tmin",21.7
"Niksek",6,1995,"tmax",31.1
"Niksek",6,1995,"tavg",26.4
"Niksek",6,1995,"ppt",171.9
"Niksek",7,1995,"tmin",21
"Niksek",7,1995,"tmax",30.6
"Niksek",7,1995,"tavg",25.8
"Niksek",7,1995,"ppt",159.3
"Niksek",8,1995,"tmin",21.3
"Niksek",8,1995,"tmax",31.8
"Niksek",8,1995,"tavg",26.55
"Niksek",8,1995,"ppt",256.1
"Niksek",9,1995,"tmin",21.5
"Niksek",9,1995,"tmax",31.4
"Niksek",9,1995,"tavg",26.45
"Niksek",9,1995,"ppt",246
"Niksek",10,1995,"tmin",21.4
"Niksek",10,1995,"tmax",31
"Niksek",10,1995,"tavg",26.2
"Niksek",10,1995,"ppt",227.3
"Niksek",11,1995,"tmin",21.6
"Niksek",11,1995,"tmax",31.9
"Niksek",11,1995,"tavg",26.75
"Niksek",11,1995,"ppt",299.1
"Niksek",12,1995,"tmin",21.4
"Niksek",12,1995,"tmax",31.7
"Niksek",12,1995,"tavg",26.55
"Niksek",12,1995,"ppt",289.6
"Ohu",1,1995,"tmin",22.3
"Ohu",1,1995,"tmax",30.2
"Ohu",1,1995,"tavg",26.25
"Ohu",1,1995,"ppt",459.3
"Ohu",2,1995,"tmin",22.2
"Ohu",2,1995,"tmax",30.1
"Ohu",2,1995,"tavg",26.15
"Ohu",2,1995,"ppt",422.4
"Ohu",3,1995,"tmin",22.2
"Ohu",3,1995,"tmax",29.7
"Ohu",3,1995,"tavg",25.95
"Ohu",3,1995,"ppt",440.7
"Ohu",4,1995,"tmin",21.8
"Ohu",4,1995,"tmax",29.7
"Ohu",4,1995,"tavg",25.75
"Ohu",4,1995,"ppt",379.2
"Ohu",5,1995,"tmin",21.9
"Ohu",5,1995,"tmax",29.8
"Ohu",5,1995,"tavg",25.85
"Ohu",5,1995,"ppt",257.9
"Ohu",6,1995,"tmin",21.8
"Ohu",6,1995,"tmax",29.4
"Ohu",6,1995,"tavg",25.6
"Ohu",6,1995,"ppt",148.9
"Ohu",7,1995,"tmin",21.4
"Ohu",7,1995,"tmax",29.3
"Ohu",7,1995,"tavg",25.35
"Ohu",7,1995,"ppt",80.1
"Ohu",8,1995,"tmin",21.8
"Ohu",8,1995,"tmax",29.6
"Ohu",8,1995,"tavg",25.7
"Ohu",8,1995,"ppt",151.8
"Ohu",9,1995,"tmin",21.9
"Ohu",9,1995,"tmax",30.1
"Ohu",9,1995,"tavg",26
"Ohu",9,1995,"ppt",133.8
"Ohu",10,1995,"tmin",21.7
"Ohu",10,1995,"tmax",30
"Ohu",10,1995,"tavg",25.85
"Ohu",10,1995,"ppt",276.3
"Ohu",11,1995,"tmin",21.9
"Ohu",11,1995,"tmax",30.6
"Ohu",11,1995,"tavg",26.25
"Ohu",11,1995,"ppt",234.1
"Ohu",12,1995,"tmin",21.9
"Ohu",12,1995,"tmax",30.3
"Ohu",12,1995,"tavg",26.1
"Ohu",12,1995,"ppt",354.3
"Utai",1,1995,"tmin",22.2
"Utai",1,1995,"tmax",29.8
"Utai",1,1995,"tavg",26
"Utai",1,1995,"ppt",323.4
"Utai",2,1995,"tmin",22
"Utai",2,1995,"tmax",30.5
"Utai",2,1995,"tavg",26.25
"Utai",2,1995,"ppt",224.1
"Utai",3,1995,"tmin",22.2
"Utai",3,1995,"tmax",29.5
"Utai",3,1995,"tavg",25.85
"Utai",3,1995,"ppt",342.4
"Utai",4,1995,"tmin",22
"Utai",4,1995,"tmax",30
"Utai",4,1995,"tavg",26
"Utai",4,1995,"ppt",252.5
"Utai",5,1995,"tmin",22.1
"Utai",5,1995,"tmax",30.4
"Utai",5,1995,"tavg",26.25
"Utai",5,1995,"ppt",231.6
"Utai",6,1995,"tmin",21.9
"Utai",6,1995,"tmax",29.6
"Utai",6,1995,"tavg",25.75
"Utai",6,1995,"ppt",125.7
"Utai",7,1995,"tmin",21.5
"Utai",7,1995,"tmax",29.5
"Utai",7,1995,"tavg",25.5
"Utai",7,1995,"ppt",94.3
"Utai",8,1995,"tmin",21.8
"Utai",8,1995,"tmax",29.9
"Utai",8,1995,"tavg",25.85
"Utai",8,1995,"ppt",141.1
"Utai",9,1995,"tmin",21.9
"Utai",9,1995,"tmax",29.9
"Utai",9,1995,"tavg",25.9
"Utai",9,1995,"ppt",194.3
"Utai",10,1995,"tmin",21.8
"Utai",10,1995,"tmax",29.8
"Utai",10,1995,"tavg",25.8
"Utai",10,1995,"ppt",210.4
"Utai",11,1995,"tmin",22.1
"Utai",11,1995,"tmax",30.5
"Utai",11,1995,"tavg",26.3
"Utai",11,1995,"ppt",248.7
"Utai",12,1995,"tmin",22
"Utai",12,1995,"tmax",30.6
"Utai",12,1995,"tavg",26.3
"Utai",12,1995,"ppt",261.4
"Wamangu",1,1995,"tmin",22.4
"Wamangu",1,1995,"tmax",31.2
"Wamangu",1,1995,"tavg",26.8
"Wamangu",1,1995,"ppt",198.7
"Wamangu",2,1995,"tmin",22
"Wamangu",2,1995,"tmax",31.3
"Wamangu",2,1995,"tavg",26.65
"Wamangu",2,1995,"ppt",157.6
"Wamangu",3,1995,"tmin",21.9
"Wamangu",3,1995,"tmax",30.9
"Wamangu",3,1995,"tavg",26.4
"Wamangu",3,1995,"ppt",262
"Wamangu",4,1995,"tmin",21.8
"Wamangu",4,1995,"tmax",31.3
"Wamangu",4,1995,"tavg",26.55
"Wamangu",4,1995,"ppt",220.4
"Wamangu",5,1995,"tmin",22
"Wamangu",5,1995,"tmax",32
"Wamangu",5,1995,"tavg",27
"Wamangu",5,1995,"ppt",184.5
"Wamangu",6,1995,"tmin",21.9
"Wamangu",6,1995,"tmax",31.5
"Wamangu",6,1995,"tavg",26.7
"Wamangu",6,1995,"ppt",112.6
"Wamangu",7,1995,"tmin",21.4
"Wamangu",7,1995,"tmax",31.5
"Wamangu",7,1995,"tavg",26.45
"Wamangu",7,1995,"ppt",87.3
"Wamangu",8,1995,"tmin",21.5
"Wamangu",8,1995,"tmax",32.5
"Wamangu",8,1995,"tavg",27
"Wamangu",8,1995,"ppt",121.4
"Wamangu",9,1995,"tmin",21.5
"Wamangu",9,1995,"tmax",32.2
"Wamangu",9,1995,"tavg",26.85
"Wamangu",9,1995,"ppt",116.8
"Wamangu",10,1995,"tmin",21.9
"Wamangu",10,1995,"tmax",31.6
"Wamangu",10,1995,"tavg",26.75
"Wamangu",10,1995,"ppt",227.5
"Wamangu",11,1995,"tmin",22
"Wamangu",11,1995,"tmax",31.6
"Wamangu",11,1995,"tavg",26.8
"Wamangu",11,1995,"ppt",223.9
"Wamangu",12,1995,"tmin",22.1
"Wamangu",12,1995,"tmax",31.7
"Wamangu",12,1995,"tavg",26.9
"Wamangu",12,1995,"ppt",188.2
"Wanang",1,1995,"tmin",21.3
"Wanang",1,1995,"tmax",29.8
"Wanang",1,1995,"tavg",25.55
"Wanang",1,1995,"ppt",534.7
"Wanang",2,1995,"tmin",21.3
"Wanang",2,1995,"tmax",30.6
"Wanang",2,1995,"tavg",25.95
"Wanang",2,1995,"ppt",387
"Wanang",3,1995,"tmin",21.3
"Wanang",3,1995,"tmax",29.6
"Wanang",3,1995,"tavg",25.45
"Wanang",3,1995,"ppt",601.2
"Wanang",4,1995,"tmin",21.1
"Wanang",4,1995,"tmax",29.2
"Wanang",4,1995,"tavg",25.15
"Wanang",4,1995,"ppt",372.8
"Wanang",5,1995,"tmin",21.2
"Wanang",5,1995,"tmax",29.9
"Wanang",5,1995,"tavg",25.55
"Wanang",5,1995,"ppt",304.1
"Wanang",6,1995,"tmin",20.7
"Wanang",6,1995,"tmax",30.1
"Wanang",6,1995,"tavg",25.4
"Wanang",6,1995,"ppt",128
"Wanang",7,1995,"tmin",20.1
"Wanang",7,1995,"tmax",30.1
"Wanang",7,1995,"tavg",25.1
"Wanang",7,1995,"ppt",90.3
"Wanang",8,1995,"tmin",20.9
"Wanang",8,1995,"tmax",30.6
"Wanang",8,1995,"tavg",25.75
"Wanang",8,1995,"ppt",118.4
"Wanang",9,1995,"tmin",20.9
"Wanang",9,1995,"tmax",30.4
"Wanang",9,1995,"tavg",25.65
"Wanang",9,1995,"ppt",209.4
"Wanang",10,1995,"tmin",20.9
"Wanang",10,1995,"tmax",29.9
"Wanang",10,1995,"tavg",25.4
"Wanang",10,1995,"ppt",290.8
"Wanang",11,1995,"tmin",20.9
"Wanang",11,1995,"tmax",31
"Wanang",11,1995,"tavg",25.95
"Wanang",11,1995,"ppt",268.8
"Wanang",12,1995,"tmin",21.2
"Wanang",12,1995,"tmax",30.4
"Wanang",12,1995,"tavg",25.8
"Wanang",12,1995,"ppt",372.5
"Yapsiei",1,1995,"tmin",22.3
"Yapsiei",1,1995,"tmax",31.1
"Yapsiei",1,1995,"tavg",26.7
"Yapsiei",1,1995,"ppt",367.6
"Yapsiei",2,1995,"tmin",22
"Yapsiei",2,1995,"tmax",31.5
"Yapsiei",2,1995,"tavg",26.75
"Yapsiei",2,1995,"ppt",283.6
"Yapsiei",3,1995,"tmin",22.1
"Yapsiei",3,1995,"tmax",30.8
"Yapsiei",3,1995,"tavg",26.45
"Yapsiei",3,1995,"ppt",435.8
"Yapsiei",4,1995,"tmin",22
"Yapsiei",4,1995,"tmax",30.8
"Yapsiei",4,1995,"tavg",26.4
"Yapsiei",4,1995,"ppt",525.7
"Yapsiei",5,1995,"tmin",22.1
"Yapsiei",5,1995,"tmax",30.7
"Yapsiei",5,1995,"tavg",26.4
"Yapsiei",5,1995,"ppt",304.5
"Yapsiei",6,1995,"tmin",21.8
"Yapsiei",6,1995,"tmax",30.7
"Yapsiei",6,1995,"tavg",26.25
"Yapsiei",6,1995,"ppt",206.2
"Yapsiei",7,1995,"tmin",21.4
"Yapsiei",7,1995,"tmax",30.2
"Yapsiei",7,1995,"tavg",25.8
"Yapsiei",7,1995,"ppt",170.3
"Yapsiei",8,1995,"tmin",21.8
"Yapsiei",8,1995,"tmax",30.8
"Yapsiei",8,1995,"tavg",26.3
"Yapsiei",8,1995,"ppt",276.3
"Yapsiei",9,1995,"tmin",21.8
"Yapsiei",9,1995,"tmax",30.5
"Yapsiei",9,1995,"tavg",26.15
"Yapsiei",9,1995,"ppt",406.7
"Yapsiei",10,1995,"tmin",21.9
"Yapsiei",10,1995,"tmax",30.3
"Yapsiei",10,1995,"tavg",26.1
"Yapsiei",10,1995,"ppt",289.5
"Yapsiei",11,1995,"tmin",21.9
"Yapsiei",11,1995,"tmax",32
"Yapsiei",11,1995,"tavg",26.95
"Yapsiei",11,1995,"ppt",256.8
"Yapsiei",12,1995,"tmin",21.9
"Yapsiei",12,1995,"tmax",31.7
"Yapsiei",12,1995,"tavg",26.8
"Yapsiei",12,1995,"ppt",297.9
"Elem",1,1996,"tmin",20.5
"Elem",1,1996,"tmax",32
"Elem",1,1996,"tavg",26.25
"Elem",1,1996,"ppt",253.9
"Elem",2,1996,"tmin",20.6
"Elem",2,1996,"tmax",31.4
"Elem",2,1996,"tavg",26
"Elem",2,1996,"ppt",319.9
"Elem",3,1996,"tmin",20.7
"Elem",3,1996,"tmax",31.4
"Elem",3,1996,"tavg",26.05
"Elem",3,1996,"ppt",461
"Elem",4,1996,"tmin",20.8
"Elem",4,1996,"tmax",31.6
"Elem",4,1996,"tavg",26.2
"Elem",4,1996,"ppt",307
"Elem",5,1996,"tmin",20.9
"Elem",5,1996,"tmax",31.1
"Elem",5,1996,"tavg",26
"Elem",5,1996,"ppt",264.5
"Elem",6,1996,"tmin",20.5
"Elem",6,1996,"tmax",31.5
"Elem",6,1996,"tavg",26
"Elem",6,1996,"ppt",100
"Elem",7,1996,"tmin",20.1
"Elem",7,1996,"tmax",31.2
"Elem",7,1996,"tavg",25.65
"Elem",7,1996,"ppt",94.2
"Elem",8,1996,"tmin",20.2
"Elem",8,1996,"tmax",31.6
"Elem",8,1996,"tavg",25.9
"Elem",8,1996,"ppt",96.4
"Elem",9,1996,"tmin",20.8
"Elem",9,1996,"tmax",31.7
"Elem",9,1996,"tavg",26.25
"Elem",9,1996,"ppt",165.4
"Elem",10,1996,"tmin",20.7
"Elem",10,1996,"tmax",31.7
"Elem",10,1996,"tavg",26.2
"Elem",10,1996,"ppt",222
"Elem",11,1996,"tmin",20.4
"Elem",11,1996,"tmax",31.8
"Elem",11,1996,"tavg",26.1
"Elem",11,1996,"ppt",312.4
"Elem",12,1996,"tmin",21.3
"Elem",12,1996,"tmax",31.3
"Elem",12,1996,"tavg",26.3
"Elem",12,1996,"ppt",471.6
"Morox",1,1996,"tmin",22.2
"Morox",1,1996,"tmax",32.6
"Morox",1,1996,"tavg",27.4
"Morox",1,1996,"ppt",170.7
"Morox",2,1996,"tmin",22.2
"Morox",2,1996,"tmax",31.7
"Morox",2,1996,"tavg",26.95
"Morox",2,1996,"ppt",255.9
"Morox",3,1996,"tmin",22.2
"Morox",3,1996,"tmax",32
"Morox",3,1996,"tavg",27.1
"Morox",3,1996,"ppt",246.9
"Morox",4,1996,"tmin",22.1
"Morox",4,1996,"tmax",32.2
"Morox",4,1996,"tavg",27.15
"Morox",4,1996,"ppt",184.6
"Morox",5,1996,"tmin",22.2
"Morox",5,1996,"tmax",32
"Morox",5,1996,"tavg",27.1
"Morox",5,1996,"ppt",174.6
"Morox",6,1996,"tmin",22
"Morox",6,1996,"tmax",32.4
"Morox",6,1996,"tavg",27.2
"Morox",6,1996,"ppt",77.7
"Morox",7,1996,"tmin",21.6
"Morox",7,1996,"tmax",32.4
"Morox",7,1996,"tavg",27
"Morox",7,1996,"ppt",54.9
"Morox",8,1996,"tmin",21.6
"Morox",8,1996,"tmax",32.4
"Morox",8,1996,"tavg",27
"Morox",8,1996,"ppt",82.2
"Morox",9,1996,"tmin",21.8
"Morox",9,1996,"tmax",32.6
"Morox",9,1996,"tavg",27.2
"Morox",9,1996,"ppt",134.5
"Morox",10,1996,"tmin",22.3
"Morox",10,1996,"tmax",32.5
"Morox",10,1996,"tavg",27.4
"Morox",10,1996,"ppt",185.8
"Morox",11,1996,"tmin",22.3
"Morox",11,1996,"tmax",32.3
"Morox",11,1996,"tavg",27.3
"Morox",11,1996,"ppt",220.8
"Morox",12,1996,"tmin",22.7
"Morox",12,1996,"tmax",32.3
"Morox",12,1996,"tavg",27.5
"Morox",12,1996,"ppt",236.3
"Niksek",1,1996,"tmin",21.3
"Niksek",1,1996,"tmax",32.3
"Niksek",1,1996,"tavg",26.8
"Niksek",1,1996,"ppt",229
"Niksek",2,1996,"tmin",21.6
"Niksek",2,1996,"tmax",31.6
"Niksek",2,1996,"tavg",26.6
"Niksek",2,1996,"ppt",302.6
"Niksek",3,1996,"tmin",21.5
"Niksek",3,1996,"tmax",32.3
"Niksek",3,1996,"tavg",26.9
"Niksek",3,1996,"ppt",403.3
"Niksek",4,1996,"tmin",21.6
"Niksek",4,1996,"tmax",31.7
"Niksek",4,1996,"tavg",26.65
"Niksek",4,1996,"ppt",283.3
"Niksek",5,1996,"tmin",21.8
"Niksek",5,1996,"tmax",31.2
"Niksek",5,1996,"tavg",26.5
"Niksek",5,1996,"ppt",240.3
"Niksek",6,1996,"tmin",21.7
"Niksek",6,1996,"tmax",31.1
"Niksek",6,1996,"tavg",26.4
"Niksek",6,1996,"ppt",134.1
"Niksek",7,1996,"tmin",21.4
"Niksek",7,1996,"tmax",30.5
"Niksek",7,1996,"tavg",25.95
"Niksek",7,1996,"ppt",178
"Niksek",8,1996,"tmin",21.1
"Niksek",8,1996,"tmax",31.4
"Niksek",8,1996,"tavg",26.25
"Niksek",8,1996,"ppt",180.4
"Niksek",9,1996,"tmin",21.8
"Niksek",9,1996,"tmax",31.6
"Niksek",9,1996,"tavg",26.7
"Niksek",9,1996,"ppt",238.6
"Niksek",10,1996,"tmin",21.7
"Niksek",10,1996,"tmax",31.4
"Niksek",10,1996,"tavg",26.55
"Niksek",10,1996,"ppt",229
"Niksek",11,1996,"tmin",21.6
"Niksek",11,1996,"tmax",32.2
"Niksek",11,1996,"tavg",26.9
"Niksek",11,1996,"ppt",204.4
"Niksek",12,1996,"tmin",22.1
"Niksek",12,1996,"tmax",31.8
"Niksek",12,1996,"tavg",26.95
"Niksek",12,1996,"ppt",273.5
"Ohu",1,1996,"tmin",22.3
"Ohu",1,1996,"tmax",31
"Ohu",1,1996,"tavg",26.65
"Ohu",1,1996,"ppt",316.6
"Ohu",2,1996,"tmin",22.3
"Ohu",2,1996,"tmax",30.2
"Ohu",2,1996,"tavg",26.25
"Ohu",2,1996,"ppt",264.9
"Ohu",3,1996,"tmin",22.3
"Ohu",3,1996,"tmax",30.2
"Ohu",3,1996,"tavg",26.25
"Ohu",3,1996,"ppt",323.6
"Ohu",4,1996,"tmin",22.3
"Ohu",4,1996,"tmax",30.3
"Ohu",4,1996,"tavg",26.3
"Ohu",4,1996,"ppt",207
"Ohu",5,1996,"tmin",22
"Ohu",5,1996,"tmax",29.5
"Ohu",5,1996,"tavg",25.75
"Ohu",5,1996,"ppt",279
"Ohu",6,1996,"tmin",21.8
"Ohu",6,1996,"tmax",29.9
"Ohu",6,1996,"tavg",25.85
"Ohu",6,1996,"ppt",67.3
"Ohu",7,1996,"tmin",21.5
"Ohu",7,1996,"tmax",29.9
"Ohu",7,1996,"tavg",25.7
"Ohu",7,1996,"ppt",52.4
"Ohu",8,1996,"tmin",21.6
"Ohu",8,1996,"tmax",29.7
"Ohu",8,1996,"tavg",25.65
"Ohu",8,1996,"ppt",59.4
"Ohu",9,1996,"tmin",21.8
"Ohu",9,1996,"tmax",29.8
"Ohu",9,1996,"tavg",25.8
"Ohu",9,1996,"ppt",289
"Ohu",10,1996,"tmin",22
"Ohu",10,1996,"tmax",30.2
"Ohu",10,1996,"tavg",26.1
"Ohu",10,1996,"ppt",308.5
"Ohu",11,1996,"tmin",21.9
"Ohu",11,1996,"tmax",30.6
"Ohu",11,1996,"tavg",26.25
"Ohu",11,1996,"ppt",194.4
"Ohu",12,1996,"tmin",22.3
"Ohu",12,1996,"tmax",30.1
"Ohu",12,1996,"tavg",26.2
"Ohu",12,1996,"ppt",373.3
"Utai",1,1996,"tmin",22.1
"Utai",1,1996,"tmax",31.2
"Utai",1,1996,"tavg",26.65
"Utai",1,1996,"ppt",172.5
"Utai",2,1996,"tmin",22.3
"Utai",2,1996,"tmax",30.3
"Utai",2,1996,"tavg",26.3
"Utai",2,1996,"ppt",256.8
"Utai",3,1996,"tmin",22.5
"Utai",3,1996,"tmax",31
"Utai",3,1996,"tavg",26.75
"Utai",3,1996,"ppt",274.2
"Utai",4,1996,"tmin",22.2
"Utai",4,1996,"tmax",30.4
"Utai",4,1996,"tavg",26.3
"Utai",4,1996,"ppt",255.5
"Utai",5,1996,"tmin",22.1
"Utai",5,1996,"tmax",30.2
"Utai",5,1996,"tavg",26.15
"Utai",5,1996,"ppt",247.3
"Utai",6,1996,"tmin",21.8
"Utai",6,1996,"tmax",30
"Utai",6,1996,"tavg",25.9
"Utai",6,1996,"ppt",113.3
"Utai",7,1996,"tmin",21.9
"Utai",7,1996,"tmax",29.7
"Utai",7,1996,"tavg",25.8
"Utai",7,1996,"ppt",84.4
"Utai",8,1996,"tmin",21.9
"Utai",8,1996,"tmax",29.8
"Utai",8,1996,"tavg",25.85
"Utai",8,1996,"ppt",112.9
"Utai",9,1996,"tmin",22.3
"Utai",9,1996,"tmax",30.1
"Utai",9,1996,"tavg",26.2
"Utai",9,1996,"ppt",154.5
"Utai",10,1996,"tmin",22.3
"Utai",10,1996,"tmax",30.3
"Utai",10,1996,"tavg",26.3
"Utai",10,1996,"ppt",260.8
"Utai",11,1996,"tmin",22.1
"Utai",11,1996,"tmax",30.8
"Utai",11,1996,"tavg",26.45
"Utai",11,1996,"ppt",170
"Utai",12,1996,"tmin",22.6
"Utai",12,1996,"tmax",31.2
"Utai",12,1996,"tavg",26.9
"Utai",12,1996,"ppt",189.1
"Wamangu",1,1996,"tmin",22.1
"Wamangu",1,1996,"tmax",32.3
"Wamangu",1,1996,"tavg",27.2
"Wamangu",1,1996,"ppt",125.3
"Wamangu",2,1996,"tmin",22
"Wamangu",2,1996,"tmax",31.2
"Wamangu",2,1996,"tavg",26.6
"Wamangu",2,1996,"ppt",192.5
"Wamangu",3,1996,"tmin",22
"Wamangu",3,1996,"tmax",31.6
"Wamangu",3,1996,"tavg",26.8
"Wamangu",3,1996,"ppt",195.1
"Wamangu",4,1996,"tmin",22
"Wamangu",4,1996,"tmax",31.8
"Wamangu",4,1996,"tavg",26.9
"Wamangu",4,1996,"ppt",157.3
"Wamangu",5,1996,"tmin",22
"Wamangu",5,1996,"tmax",31.7
"Wamangu",5,1996,"tavg",26.85
"Wamangu",5,1996,"ppt",201.5
"Wamangu",6,1996,"tmin",21.9
"Wamangu",6,1996,"tmax",31.9
"Wamangu",6,1996,"tavg",26.9
"Wamangu",6,1996,"ppt",88.6
"Wamangu",7,1996,"tmin",21.6
"Wamangu",7,1996,"tmax",31.8
"Wamangu",7,1996,"tavg",26.7
"Wamangu",7,1996,"ppt",67.8
"Wamangu",8,1996,"tmin",21.4
"Wamangu",8,1996,"tmax",32.1
"Wamangu",8,1996,"tavg",26.75
"Wamangu",8,1996,"ppt",100.6
"Wamangu",9,1996,"tmin",21.8
"Wamangu",9,1996,"tmax",32.3
"Wamangu",9,1996,"tavg",27.05
"Wamangu",9,1996,"ppt",155.3
"Wamangu",10,1996,"tmin",22.2
"Wamangu",10,1996,"tmax",31.8
"Wamangu",10,1996,"tavg",27
"Wamangu",10,1996,"ppt",216
"Wamangu",11,1996,"tmin",22
"Wamangu",11,1996,"tmax",31.9
"Wamangu",11,1996,"tavg",26.95
"Wamangu",11,1996,"ppt",185.1
"Wamangu",12,1996,"tmin",22.6
"Wamangu",12,1996,"tmax",31.8
"Wamangu",12,1996,"tavg",27.2
"Wamangu",12,1996,"ppt",163.9
"Wanang",1,1996,"tmin",21.3
"Wanang",1,1996,"tmax",31
"Wanang",1,1996,"tavg",26.15
"Wanang",1,1996,"ppt",313.5
"Wanang",2,1996,"tmin",21.2
"Wanang",2,1996,"tmax",30.8
"Wanang",2,1996,"tavg",26
"Wanang",2,1996,"ppt",290.2
"Wanang",3,1996,"tmin",21.3
"Wanang",3,1996,"tmax",30.4
"Wanang",3,1996,"tavg",25.85
"Wanang",3,1996,"ppt",313.8
"Wanang",4,1996,"tmin",21.3
"Wanang",4,1996,"tmax",30.8
"Wanang",4,1996,"tavg",26.05
"Wanang",4,1996,"ppt",262.7
"Wanang",5,1996,"tmin",21.4
"Wanang",5,1996,"tmax",29.7
"Wanang",5,1996,"tavg",25.55
"Wanang",5,1996,"ppt",293.2
"Wanang",6,1996,"tmin",20.7
"Wanang",6,1996,"tmax",30.7
"Wanang",6,1996,"tavg",25.7
"Wanang",6,1996,"ppt",85.5
"Wanang",7,1996,"tmin",20.6
"Wanang",7,1996,"tmax",31.1
"Wanang",7,1996,"tavg",25.85
"Wanang",7,1996,"ppt",71.5
"Wanang",8,1996,"tmin",20.7
"Wanang",8,1996,"tmax",31
"Wanang",8,1996,"tavg",25.85
"Wanang",8,1996,"ppt",76.4
"Wanang",9,1996,"tmin",21.1
"Wanang",9,1996,"tmax",30.1
"Wanang",9,1996,"tavg",25.6
"Wanang",9,1996,"ppt",262.5
"Wanang",10,1996,"tmin",21.2
"Wanang",10,1996,"tmax",30
"Wanang",10,1996,"tavg",25.6
"Wanang",10,1996,"ppt",259.7
"Wanang",11,1996,"tmin",20.7
"Wanang",11,1996,"tmax",30.7
"Wanang",11,1996,"tavg",25.7
"Wanang",11,1996,"ppt",226.6
"Wanang",12,1996,"tmin",21.6
"Wanang",12,1996,"tmax",30.6
"Wanang",12,1996,"tavg",26.1
"Wanang",12,1996,"ppt",348.7
"Yapsiei",1,1996,"tmin",22.1
"Yapsiei",1,1996,"tmax",32.3
"Yapsiei",1,1996,"tavg",27.2
"Yapsiei",1,1996,"ppt",374.1
"Yapsiei",2,1996,"tmin",22
"Yapsiei",2,1996,"tmax",31.6
"Yapsiei",2,1996,"tavg",26.8
"Yapsiei",2,1996,"ppt",344.4
"Yapsiei",3,1996,"tmin",21.9
"Yapsiei",3,1996,"tmax",31.9
"Yapsiei",3,1996,"tavg",26.9
"Yapsiei",3,1996,"ppt",325.5
"Yapsiei",4,1996,"tmin",22.1
"Yapsiei",4,1996,"tmax",31.4
"Yapsiei",4,1996,"tavg",26.75
"Yapsiei",4,1996,"ppt",335.2
"Yapsiei",5,1996,"tmin",22
"Yapsiei",5,1996,"tmax",30.9
"Yapsiei",5,1996,"tavg",26.45
"Yapsiei",5,1996,"ppt",304.2
"Yapsiei",6,1996,"tmin",21.7
"Yapsiei",6,1996,"tmax",30.7
"Yapsiei",6,1996,"tavg",26.2
"Yapsiei",6,1996,"ppt",211.5
"Yapsiei",7,1996,"tmin",21.7
"Yapsiei",7,1996,"tmax",30.1
"Yapsiei",7,1996,"tavg",25.9
"Yapsiei",7,1996,"ppt",299.3
"Yapsiei",8,1996,"tmin",21.6
"Yapsiei",8,1996,"tmax",30.4
"Yapsiei",8,1996,"tavg",26
"Yapsiei",8,1996,"ppt",172.2
"Yapsiei",9,1996,"tmin",22.1
"Yapsiei",9,1996,"tmax",30.7
"Yapsiei",9,1996,"tavg",26.4
"Yapsiei",9,1996,"ppt",293.1
"Yapsiei",10,1996,"tmin",22.4
"Yapsiei",10,1996,"tmax",31.3
"Yapsiei",10,1996,"tavg",26.85
"Yapsiei",10,1996,"ppt",314.5
"Yapsiei",11,1996,"tmin",22
"Yapsiei",11,1996,"tmax",32
"Yapsiei",11,1996,"tavg",27
"Yapsiei",11,1996,"ppt",207.7
"Yapsiei",12,1996,"tmin",22.4
"Yapsiei",12,1996,"tmax",32
"Yapsiei",12,1996,"tavg",27.2
"Yapsiei",12,1996,"ppt",293.7
"Elem",1,1997,"tmin",20.5
"Elem",1,1997,"tmax",31.3
"Elem",1,1997,"tavg",25.9
"Elem",1,1997,"ppt",278.2
"Elem",2,1997,"tmin",20.9
"Elem",2,1997,"tmax",31.2
"Elem",2,1997,"tavg",26.05
"Elem",2,1997,"ppt",328.8
"Elem",3,1997,"tmin",20.9
"Elem",3,1997,"tmax",31.9
"Elem",3,1997,"tavg",26.4
"Elem",3,1997,"ppt",312.3
"Elem",4,1997,"tmin",20.2
"Elem",4,1997,"tmax",30.9
"Elem",4,1997,"tavg",25.55
"Elem",4,1997,"ppt",392.8
"Elem",5,1997,"tmin",20.7
"Elem",5,1997,"tmax",31
"Elem",5,1997,"tavg",25.85
"Elem",5,1997,"ppt",212.5
"Elem",6,1997,"tmin",20.3
"Elem",6,1997,"tmax",30.8
"Elem",6,1997,"tavg",25.55
"Elem",6,1997,"ppt",131.7
"Elem",7,1997,"tmin",20.7
"Elem",7,1997,"tmax",29.8
"Elem",7,1997,"tavg",25.25
"Elem",7,1997,"ppt",214.9
"Elem",8,1997,"tmin",20.6
"Elem",8,1997,"tmax",30.7
"Elem",8,1997,"tavg",25.65
"Elem",8,1997,"ppt",138.6
"Elem",9,1997,"tmin",20.9
"Elem",9,1997,"tmax",31.1
"Elem",9,1997,"tavg",26
"Elem",9,1997,"ppt",144.2
"Elem",10,1997,"tmin",20.7
"Elem",10,1997,"tmax",30.7
"Elem",10,1997,"tavg",25.7
"Elem",10,1997,"ppt",270.6
"Elem",11,1997,"tmin",20.3
"Elem",11,1997,"tmax",31.3
"Elem",11,1997,"tavg",25.8
"Elem",11,1997,"ppt",272.7
"Elem",12,1997,"tmin",21.1
"Elem",12,1997,"tmax",31.2
"Elem",12,1997,"tavg",26.15
"Elem",12,1997,"ppt",396.7
"Morox",1,1997,"tmin",22.1
"Morox",1,1997,"tmax",31.9
"Morox",1,1997,"tavg",27
"Morox",1,1997,"ppt",214.5
"Morox",2,1997,"tmin",22.3
"Morox",2,1997,"tmax",31.8
"Morox",2,1997,"tavg",27.05
"Morox",2,1997,"ppt",295.6
"Morox",3,1997,"tmin",23.1
"Morox",3,1997,"tmax",32.5
"Morox",3,1997,"tavg",27.8
"Morox",3,1997,"ppt",132.5
"Morox",4,1997,"tmin",21.6
"Morox",4,1997,"tmax",31.6
"Morox",4,1997,"tavg",26.6
"Morox",4,1997,"ppt",234.6
"Morox",5,1997,"tmin",21.9
"Morox",5,1997,"tmax",32.2
"Morox",5,1997,"tavg",27.05
"Morox",5,1997,"ppt",115
"Morox",6,1997,"tmin",21.4
"Morox",6,1997,"tmax",32
"Morox",6,1997,"tavg",26.7
"Morox",6,1997,"ppt",59.9
"Morox",7,1997,"tmin",21.3
"Morox",7,1997,"tmax",31.3
"Morox",7,1997,"tavg",26.3
"Morox",7,1997,"ppt",108.5
"Morox",8,1997,"tmin",21.2
"Morox",8,1997,"tmax",32.5
"Morox",8,1997,"tavg",26.85
"Morox",8,1997,"ppt",36.9
"Morox",9,1997,"tmin",21.8
"Morox",9,1997,"tmax",32.9
"Morox",9,1997,"tavg",27.35
"Morox",9,1997,"ppt",28.3
"Morox",10,1997,"tmin",22.1
"Morox",10,1997,"tmax",32.3
"Morox",10,1997,"tavg",27.2
"Morox",10,1997,"ppt",118.9
"Morox",11,1997,"tmin",22.3
"Morox",11,1997,"tmax",32.1
"Morox",11,1997,"tavg",27.2
"Morox",11,1997,"ppt",189.2
"Morox",12,1997,"tmin",22.5
"Morox",12,1997,"tmax",32.2
"Morox",12,1997,"tavg",27.35
"Morox",12,1997,"ppt",262
"Niksek",1,1997,"tmin",21.2
"Niksek",1,1997,"tmax",31.6
"Niksek",1,1997,"tavg",26.4
"Niksek",1,1997,"ppt",214.5
"Niksek",2,1997,"tmin",21.6
"Niksek",2,1997,"tmax",31.2
"Niksek",2,1997,"tavg",26.4
"Niksek",2,1997,"ppt",284.7
"Niksek",3,1997,"tmin",21.7
"Niksek",3,1997,"tmax",32.6
"Niksek",3,1997,"tavg",27.15
"Niksek",3,1997,"ppt",226.1
"Niksek",4,1997,"tmin",21.2
"Niksek",4,1997,"tmax",31.6
"Niksek",4,1997,"tavg",26.4
"Niksek",4,1997,"ppt",241.7
"Niksek",5,1997,"tmin",21.4
"Niksek",5,1997,"tmax",31.4
"Niksek",5,1997,"tavg",26.4
"Niksek",5,1997,"ppt",216.3
"Niksek",6,1997,"tmin",21
"Niksek",6,1997,"tmax",30.8
"Niksek",6,1997,"tavg",25.9
"Niksek",6,1997,"ppt",135.1
"Niksek",7,1997,"tmin",21.6
"Niksek",7,1997,"tmax",29.6
"Niksek",7,1997,"tavg",25.6
"Niksek",7,1997,"ppt",336
"Niksek",8,1997,"tmin",20.5
"Niksek",8,1997,"tmax",31.1
"Niksek",8,1997,"tavg",25.8
"Niksek",8,1997,"ppt",247.7
"Niksek",9,1997,"tmin",21
"Niksek",9,1997,"tmax",31.2
"Niksek",9,1997,"tavg",26.1
"Niksek",9,1997,"ppt",250.5
"Niksek",10,1997,"tmin",21.2
"Niksek",10,1997,"tmax",31.4
"Niksek",10,1997,"tavg",26.3
"Niksek",10,1997,"ppt",270.2
"Niksek",11,1997,"tmin",21.4
"Niksek",11,1997,"tmax",31.8
"Niksek",11,1997,"tavg",26.6
"Niksek",11,1997,"ppt",202.3
"Niksek",12,1997,"tmin",21.8
"Niksek",12,1997,"tmax",31.4
"Niksek",12,1997,"tavg",26.6
"Niksek",12,1997,"ppt",301.6
"Ohu",1,1997,"tmin",22
"Ohu",1,1997,"tmax",30.2
"Ohu",1,1997,"tavg",26.1
"Ohu",1,1997,"ppt",492.7
"Ohu",2,1997,"tmin",22.4
"Ohu",2,1997,"tmax",30.4
"Ohu",2,1997,"tavg",26.4
"Ohu",2,1997,"ppt",365.2
"Ohu",3,1997,"tmin",22.9
"Ohu",3,1997,"tmax",31.3
"Ohu",3,1997,"tavg",27.1
"Ohu",3,1997,"ppt",168.8
"Ohu",4,1997,"tmin",21.7
"Ohu",4,1997,"tmax",29.3
"Ohu",4,1997,"tavg",25.5
"Ohu",4,1997,"ppt",325.6
"Ohu",5,1997,"tmin",21.6
"Ohu",5,1997,"tmax",29.8
"Ohu",5,1997,"tavg",25.7
"Ohu",5,1997,"ppt",140.8
"Ohu",6,1997,"tmin",21.2
"Ohu",6,1997,"tmax",29.4
"Ohu",6,1997,"tavg",25.3
"Ohu",6,1997,"ppt",71.5
"Ohu",7,1997,"tmin",21.1
"Ohu",7,1997,"tmax",28.5
"Ohu",7,1997,"tavg",24.8
"Ohu",7,1997,"ppt",144.3
"Ohu",8,1997,"tmin",20.7
"Ohu",8,1997,"tmax",28.5
"Ohu",8,1997,"tavg",24.6
"Ohu",8,1997,"ppt",70.6
"Ohu",9,1997,"tmin",21.2
"Ohu",9,1997,"tmax",29.9
"Ohu",9,1997,"tavg",25.55
"Ohu",9,1997,"ppt",24.7
"Ohu",10,1997,"tmin",21.4
"Ohu",10,1997,"tmax",29.6
"Ohu",10,1997,"tavg",25.5
"Ohu",10,1997,"ppt",167.4
"Ohu",11,1997,"tmin",21.7
"Ohu",11,1997,"tmax",30.4
"Ohu",11,1997,"tavg",26.05
"Ohu",11,1997,"ppt",158.6
"Ohu",12,1997,"tmin",22.1
"Ohu",12,1997,"tmax",30.1
"Ohu",12,1997,"tavg",26.1
"Ohu",12,1997,"ppt",337.9
"Utai",1,1997,"tmin",22
"Utai",1,1997,"tmax",30
"Utai",1,1997,"tavg",26
"Utai",1,1997,"ppt",226.8
"Utai",2,1997,"tmin",22.4
"Utai",2,1997,"tmax",29.7
"Utai",2,1997,"tavg",26.05
"Utai",2,1997,"ppt",258.6
"Utai",3,1997,"tmin",23.1
"Utai",3,1997,"tmax",30.8
"Utai",3,1997,"tavg",26.95
"Utai",3,1997,"ppt",127.4
"Utai",4,1997,"tmin",21.9
"Utai",4,1997,"tmax",30.5
"Utai",4,1997,"tavg",26.2
"Utai",4,1997,"ppt",197.1
"Utai",5,1997,"tmin",21.9
"Utai",5,1997,"tmax",30.3
"Utai",5,1997,"tavg",26.1
"Utai",5,1997,"ppt",162.2
"Utai",6,1997,"tmin",21.4
"Utai",6,1997,"tmax",29.7
"Utai",6,1997,"tavg",25.55
"Utai",6,1997,"ppt",107.5
"Utai",7,1997,"tmin",22
"Utai",7,1997,"tmax",29
"Utai",7,1997,"tavg",25.5
"Utai",7,1997,"ppt",171.1
"Utai",8,1997,"tmin",21.3
"Utai",8,1997,"tmax",29.9
"Utai",8,1997,"tavg",25.6
"Utai",8,1997,"ppt",103.3
"Utai",9,1997,"tmin",21.6
"Utai",9,1997,"tmax",30.2
"Utai",9,1997,"tavg",25.9
"Utai",9,1997,"ppt",89.1
"Utai",10,1997,"tmin",21.9
"Utai",10,1997,"tmax",30.6
"Utai",10,1997,"tavg",26.25
"Utai",10,1997,"ppt",144.7
"Utai",11,1997,"tmin",22.1
"Utai",11,1997,"tmax",30.4
"Utai",11,1997,"tavg",26.25
"Utai",11,1997,"ppt",210.2
"Utai",12,1997,"tmin",22.3
"Utai",12,1997,"tmax",30.6
"Utai",12,1997,"tavg",26.45
"Utai",12,1997,"ppt",247.3
"Wamangu",1,1997,"tmin",22.1
"Wamangu",1,1997,"tmax",31.6
"Wamangu",1,1997,"tavg",26.85
"Wamangu",1,1997,"ppt",159.5
"Wamangu",2,1997,"tmin",22.3
"Wamangu",2,1997,"tmax",31.1
"Wamangu",2,1997,"tavg",26.7
"Wamangu",2,1997,"ppt",194.5
"Wamangu",3,1997,"tmin",22.9
"Wamangu",3,1997,"tmax",32.2
"Wamangu",3,1997,"tavg",27.55
"Wamangu",3,1997,"ppt",99.9
"Wamangu",4,1997,"tmin",21.7
"Wamangu",4,1997,"tmax",31.4
"Wamangu",4,1997,"tavg",26.55
"Wamangu",4,1997,"ppt",167.5
"Wamangu",5,1997,"tmin",21.8
"Wamangu",5,1997,"tmax",32
"Wamangu",5,1997,"tavg",26.9
"Wamangu",5,1997,"ppt",120.9
"Wamangu",6,1997,"tmin",21.2
"Wamangu",6,1997,"tmax",31.7
"Wamangu",6,1997,"tavg",26.45
"Wamangu",6,1997,"ppt",64.6
"Wamangu",7,1997,"tmin",21.5
"Wamangu",7,1997,"tmax",30.9
"Wamangu",7,1997,"tavg",26.2
"Wamangu",7,1997,"ppt",119.8
"Wamangu",8,1997,"tmin",20.9
"Wamangu",8,1997,"tmax",32.2
"Wamangu",8,1997,"tavg",26.55
"Wamangu",8,1997,"ppt",54.2
"Wamangu",9,1997,"tmin",21.4
"Wamangu",9,1997,"tmax",32.5
"Wamangu",9,1997,"tavg",26.95
"Wamangu",9,1997,"ppt",43.4
"Wamangu",10,1997,"tmin",21.7
"Wamangu",10,1997,"tmax",31.7
"Wamangu",10,1997,"tavg",26.7
"Wamangu",10,1997,"ppt",148.1
"Wamangu",11,1997,"tmin",21.9
"Wamangu",11,1997,"tmax",31.8
"Wamangu",11,1997,"tavg",26.85
"Wamangu",11,1997,"ppt",166.6
"Wamangu",12,1997,"tmin",22.3
"Wamangu",12,1997,"tmax",31.7
"Wamangu",12,1997,"tavg",27
"Wamangu",12,1997,"ppt",202.3
"Wanang",1,1997,"tmin",21
"Wanang",1,1997,"tmax",30.2
"Wanang",1,1997,"tavg",25.6
"Wanang",1,1997,"ppt",428.9
"Wanang",2,1997,"tmin",21.6
"Wanang",2,1997,"tmax",30.7
"Wanang",2,1997,"tavg",26.15
"Wanang",2,1997,"ppt",386.8
"Wanang",3,1997,"tmin",21.9
"Wanang",3,1997,"tmax",31
"Wanang",3,1997,"tavg",26.45
"Wanang",3,1997,"ppt",226.1
"Wanang",4,1997,"tmin",20.9
"Wanang",4,1997,"tmax",29.9
"Wanang",4,1997,"tavg",25.4
"Wanang",4,1997,"ppt",327.1
"Wanang",5,1997,"tmin",21.1
"Wanang",5,1997,"tmax",29.8
"Wanang",5,1997,"tavg",25.45
"Wanang",5,1997,"ppt",154.2
"Wanang",6,1997,"tmin",20.4
"Wanang",6,1997,"tmax",30.3
"Wanang",6,1997,"tavg",25.35
"Wanang",6,1997,"ppt",71
"Wanang",7,1997,"tmin",20.6
"Wanang",7,1997,"tmax",28.8
"Wanang",7,1997,"tavg",24.7
"Wanang",7,1997,"ppt",167.8
"Wanang",8,1997,"tmin",20.5
"Wanang",8,1997,"tmax",29.1
"Wanang",8,1997,"tavg",24.8
"Wanang",8,1997,"ppt",100.3
"Wanang",9,1997,"tmin",20.8
"Wanang",9,1997,"tmax",31.2
"Wanang",9,1997,"tavg",26
"Wanang",9,1997,"ppt",68.1
"Wanang",10,1997,"tmin",20.9
"Wanang",10,1997,"tmax",29.9
"Wanang",10,1997,"tavg",25.4
"Wanang",10,1997,"ppt",243.8
"Wanang",11,1997,"tmin",20.8
"Wanang",11,1997,"tmax",30.8
"Wanang",11,1997,"tavg",25.8
"Wanang",11,1997,"ppt",228.3
"Wanang",12,1997,"tmin",21.4
"Wanang",12,1997,"tmax",30.4
"Wanang",12,1997,"tavg",25.9
"Wanang",12,1997,"ppt",345.8
"Yapsiei",1,1997,"tmin",22
"Yapsiei",1,1997,"tmax",31.7
"Yapsiei",1,1997,"tavg",26.85
"Yapsiei",1,1997,"ppt",250.7
"Yapsiei",2,1997,"tmin",22.2
"Yapsiei",2,1997,"tmax",31.3
"Yapsiei",2,1997,"tavg",26.75
"Yapsiei",2,1997,"ppt",396.5
"Yapsiei",3,1997,"tmin",21.9
"Yapsiei",3,1997,"tmax",32
"Yapsiei",3,1997,"tavg",26.95
"Yapsiei",3,1997,"ppt",227.5
"Yapsiei",4,1997,"tmin",21.7
"Yapsiei",4,1997,"tmax",31.2
"Yapsiei",4,1997,"tavg",26.45
"Yapsiei",4,1997,"ppt",263.5
"Yapsiei",5,1997,"tmin",21.6
"Yapsiei",5,1997,"tmax",31.1
"Yapsiei",5,1997,"tavg",26.35
"Yapsiei",5,1997,"ppt",162.5
"Yapsiei",6,1997,"tmin",21.2
"Yapsiei",6,1997,"tmax",30.6
"Yapsiei",6,1997,"tavg",25.9
"Yapsiei",6,1997,"ppt",112.5
"Yapsiei",7,1997,"tmin",22.1
"Yapsiei",7,1997,"tmax",29.5
"Yapsiei",7,1997,"tavg",25.8
"Yapsiei",7,1997,"ppt",286.7
"Yapsiei",8,1997,"tmin",21.2
"Yapsiei",8,1997,"tmax",30.3
"Yapsiei",8,1997,"tavg",25.75
"Yapsiei",8,1997,"ppt",188
"Yapsiei",9,1997,"tmin",21.4
"Yapsiei",9,1997,"tmax",30.8
"Yapsiei",9,1997,"tavg",26.1
"Yapsiei",9,1997,"ppt",220.6
"Yapsiei",10,1997,"tmin",21.8
"Yapsiei",10,1997,"tmax",31.6
"Yapsiei",10,1997,"tavg",26.7
"Yapsiei",10,1997,"ppt",180.5
"Yapsiei",11,1997,"tmin",21.9
"Yapsiei",11,1997,"tmax",31.6
"Yapsiei",11,1997,"tavg",26.75
"Yapsiei",11,1997,"ppt",221
"Yapsiei",12,1997,"tmin",22.3
"Yapsiei",12,1997,"tmax",31.8
"Yapsiei",12,1997,"tavg",27.05
"Yapsiei",12,1997,"ppt",273.9
"Elem",1,1999,"tmin",20.5
"Elem",1,1999,"tmax",32.5
"Elem",1,1999,"tavg",26.5
"Elem",1,1999,"ppt",182.6
"Elem",2,1999,"tmin",20.8
"Elem",2,1999,"tmax",31.6
"Elem",2,1999,"tavg",26.2
"Elem",2,1999,"ppt",351.3
"Elem",3,1999,"tmin",20.4
"Elem",3,1999,"tmax",32.3
"Elem",3,1999,"tavg",26.35
"Elem",3,1999,"ppt",224.3
"Elem",4,1999,"tmin",20.7
"Elem",4,1999,"tmax",32.1
"Elem",4,1999,"tavg",26.4
"Elem",4,1999,"ppt",236.5
"Elem",5,1999,"tmin",20.4
"Elem",5,1999,"tmax",31.6
"Elem",5,1999,"tavg",26
"Elem",5,1999,"ppt",210
"Elem",6,1999,"tmin",19.8
"Elem",6,1999,"tmax",30.6
"Elem",6,1999,"tavg",25.2
"Elem",6,1999,"ppt",154.6
"Elem",7,1999,"tmin",19.7
"Elem",7,1999,"tmax",30.2
"Elem",7,1999,"tavg",24.95
"Elem",7,1999,"ppt",150.5
"Elem",8,1999,"tmin",20
"Elem",8,1999,"tmax",30.5
"Elem",8,1999,"tavg",25.25
"Elem",8,1999,"ppt",175
"Elem",9,1999,"tmin",20
"Elem",9,1999,"tmax",32.1
"Elem",9,1999,"tavg",26.05
"Elem",9,1999,"ppt",128
"Elem",10,1999,"tmin",20.4
"Elem",10,1999,"tmax",32.5
"Elem",10,1999,"tavg",26.45
"Elem",10,1999,"ppt",186.7
"Elem",11,1999,"tmin",20.3
"Elem",11,1999,"tmax",32.2
"Elem",11,1999,"tavg",26.25
"Elem",11,1999,"ppt",294.1
"Elem",12,1999,"tmin",21
"Elem",12,1999,"tmax",32.1
"Elem",12,1999,"tavg",26.55
"Elem",12,1999,"ppt",299.6
"Morox",1,1999,"tmin",22.6
"Morox",1,1999,"tmax",32.8
"Morox",1,1999,"tavg",27.7
"Morox",1,1999,"ppt",121.8
"Morox",2,1999,"tmin",22.4
"Morox",2,1999,"tmax",32.2
"Morox",2,1999,"tavg",27.3
"Morox",2,1999,"ppt",198.9
"Morox",3,1999,"tmin",22
"Morox",3,1999,"tmax",32.2
"Morox",3,1999,"tavg",27.1
"Morox",3,1999,"ppt",134.5
"Morox",4,1999,"tmin",22
"Morox",4,1999,"tmax",32.5
"Morox",4,1999,"tavg",27.25
"Morox",4,1999,"ppt",156.4
"Morox",5,1999,"tmin",22
"Morox",5,1999,"tmax",32.4
"Morox",5,1999,"tavg",27.2
"Morox",5,1999,"ppt",138.6
"Morox",6,1999,"tmin",21.3
"Morox",6,1999,"tmax",31.5
"Morox",6,1999,"tavg",26.4
"Morox",6,1999,"ppt",110.6
"Morox",7,1999,"tmin",21
"Morox",7,1999,"tmax",31.4
"Morox",7,1999,"tavg",26.2
"Morox",7,1999,"ppt",101
"Morox",8,1999,"tmin",21
"Morox",8,1999,"tmax",31.7
"Morox",8,1999,"tavg",26.35
"Morox",8,1999,"ppt",124.4
"Morox",9,1999,"tmin",21.3
"Morox",9,1999,"tmax",32.9
"Morox",9,1999,"tavg",27.1
"Morox",9,1999,"ppt",104.1
"Morox",10,1999,"tmin",22.3
"Morox",10,1999,"tmax",32.9
"Morox",10,1999,"tavg",27.6
"Morox",10,1999,"ppt",126.2
"Morox",11,1999,"tmin",22.3
"Morox",11,1999,"tmax",32.7
"Morox",11,1999,"tavg",27.5
"Morox",11,1999,"ppt",259.6
"Morox",12,1999,"tmin",22.5
"Morox",12,1999,"tmax",32.6
"Morox",12,1999,"tavg",27.55
"Morox",12,1999,"ppt",206.6
"Niksek",1,1999,"tmin",21.3
"Niksek",1,1999,"tmax",32.3
"Niksek",1,1999,"tavg",26.8
"Niksek",1,1999,"ppt",182.4
"Niksek",2,1999,"tmin",21.4
"Niksek",2,1999,"tmax",31.5
"Niksek",2,1999,"tavg",26.45
"Niksek",2,1999,"ppt",348.7
"Niksek",3,1999,"tmin",21.4
"Niksek",3,1999,"tmax",31.7
"Niksek",3,1999,"tavg",26.55
"Niksek",3,1999,"ppt",212.7
"Niksek",4,1999,"tmin",21.5
"Niksek",4,1999,"tmax",32.1
"Niksek",4,1999,"tavg",26.8
"Niksek",4,1999,"ppt",250.9
"Niksek",5,1999,"tmin",21.6
"Niksek",5,1999,"tmax",31.6
"Niksek",5,1999,"tavg",26.6
"Niksek",5,1999,"ppt",254.5
"Niksek",6,1999,"tmin",21.1
"Niksek",6,1999,"tmax",30.6
"Niksek",6,1999,"tavg",25.85
"Niksek",6,1999,"ppt",184.1
"Niksek",7,1999,"tmin",20.8
"Niksek",7,1999,"tmax",29.9
"Niksek",7,1999,"tavg",25.35
"Niksek",7,1999,"ppt",234.4
"Niksek",8,1999,"tmin",20.9
"Niksek",8,1999,"tmax",30.7
"Niksek",8,1999,"tavg",25.8
"Niksek",8,1999,"ppt",274.2
"Niksek",9,1999,"tmin",21.3
"Niksek",9,1999,"tmax",31.5
"Niksek",9,1999,"tavg",26.4
"Niksek",9,1999,"ppt",213.8
"Niksek",10,1999,"tmin",21.6
"Niksek",10,1999,"tmax",32
"Niksek",10,1999,"tavg",26.8
"Niksek",10,1999,"ppt",205.7
"Niksek",11,1999,"tmin",21.5
"Niksek",11,1999,"tmax",32.4
"Niksek",11,1999,"tavg",26.95
"Niksek",11,1999,"ppt",224.1
"Niksek",12,1999,"tmin",21.6
"Niksek",12,1999,"tmax",31.9
"Niksek",12,1999,"tavg",26.75
"Niksek",12,1999,"ppt",274.6
"Ohu",1,1999,"tmin",22.6
"Ohu",1,1999,"tmax",31.3
"Ohu",1,1999,"tavg",26.95
"Ohu",1,1999,"ppt",176.5
"Ohu",2,1999,"tmin",22.3
"Ohu",2,1999,"tmax",30.6
"Ohu",2,1999,"tavg",26.45
"Ohu",2,1999,"ppt",337.4
"Ohu",3,1999,"tmin",22.4
"Ohu",3,1999,"tmax",30.3
"Ohu",3,1999,"tavg",26.35
"Ohu",3,1999,"ppt",107.2
"Ohu",4,1999,"tmin",22.2
"Ohu",4,1999,"tmax",30.7
"Ohu",4,1999,"tavg",26.45
"Ohu",4,1999,"ppt",187.2
"Ohu",5,1999,"tmin",21.8
"Ohu",5,1999,"tmax",30
"Ohu",5,1999,"tavg",25.9
"Ohu",5,1999,"ppt",165.3
"Ohu",6,1999,"tmin",21.2
"Ohu",6,1999,"tmax",29.2
"Ohu",6,1999,"tavg",25.2
"Ohu",6,1999,"ppt",154.1
"Ohu",7,1999,"tmin",20.9
"Ohu",7,1999,"tmax",29
"Ohu",7,1999,"tavg",24.95
"Ohu",7,1999,"ppt",183.6
"Ohu",8,1999,"tmin",21.1
"Ohu",8,1999,"tmax",28.6
"Ohu",8,1999,"tavg",24.85
"Ohu",8,1999,"ppt",165.5
"Ohu",9,1999,"tmin",21.5
"Ohu",9,1999,"tmax",30.4
"Ohu",9,1999,"tavg",25.95
"Ohu",9,1999,"ppt",118.8
"Ohu",10,1999,"tmin",22
"Ohu",10,1999,"tmax",30.9
"Ohu",10,1999,"tavg",26.45
"Ohu",10,1999,"ppt",117.6
"Ohu",11,1999,"tmin",21.8
"Ohu",11,1999,"tmax",31.6
"Ohu",11,1999,"tavg",26.7
"Ohu",11,1999,"ppt",267.4
"Ohu",12,1999,"tmin",22.2
"Ohu",12,1999,"tmax",31.1
"Ohu",12,1999,"tavg",26.65
"Ohu",12,1999,"ppt",257
"Utai",1,1999,"tmin",22.1
"Utai",1,1999,"tmax",30.9
"Utai",1,1999,"tavg",26.5
"Utai",1,1999,"ppt",131.2
"Utai",2,1999,"tmin",22.5
"Utai",2,1999,"tmax",30.3
"Utai",2,1999,"tavg",26.4
"Utai",2,1999,"ppt",183.4
"Utai",3,1999,"tmin",22.1
"Utai",3,1999,"tmax",30.5
"Utai",3,1999,"tavg",26.3
"Utai",3,1999,"ppt",243
"Utai",4,1999,"tmin",21.9
"Utai",4,1999,"tmax",30.7
"Utai",4,1999,"tavg",26.3
"Utai",4,1999,"ppt",246.1
"Utai",5,1999,"tmin",22
"Utai",5,1999,"tmax",30.6
"Utai",5,1999,"tavg",26.3
"Utai",5,1999,"ppt",180.5
"Utai",6,1999,"tmin",21.4
"Utai",6,1999,"tmax",29.2
"Utai",6,1999,"tavg",25.3
"Utai",6,1999,"ppt",167.1
"Utai",7,1999,"tmin",21.2
"Utai",7,1999,"tmax",28.8
"Utai",7,1999,"tavg",25
"Utai",7,1999,"ppt",89.5
"Utai",8,1999,"tmin",21.3
"Utai",8,1999,"tmax",28.7
"Utai",8,1999,"tavg",25
"Utai",8,1999,"ppt",212.3
"Utai",9,1999,"tmin",21.6
"Utai",9,1999,"tmax",29.7
"Utai",9,1999,"tavg",25.65
"Utai",9,1999,"ppt",178.5
"Utai",10,1999,"tmin",22.1
"Utai",10,1999,"tmax",31
"Utai",10,1999,"tavg",26.55
"Utai",10,1999,"ppt",153.4
"Utai",11,1999,"tmin",21.7
"Utai",11,1999,"tmax",30.8
"Utai",11,1999,"tavg",26.25
"Utai",11,1999,"ppt",228.3
"Utai",12,1999,"tmin",22
"Utai",12,1999,"tmax",30.8
"Utai",12,1999,"tavg",26.4
"Utai",12,1999,"ppt",267
"Wamangu",1,1999,"tmin",22.2
"Wamangu",1,1999,"tmax",32.4
"Wamangu",1,1999,"tavg",27.3
"Wamangu",1,1999,"ppt",96.2
"Wamangu",2,1999,"tmin",22.3
"Wamangu",2,1999,"tmax",31.5
"Wamangu",2,1999,"tavg",26.9
"Wamangu",2,1999,"ppt",166
"Wamangu",3,1999,"tmin",21.6
"Wamangu",3,1999,"tmax",31.8
"Wamangu",3,1999,"tavg",26.7
"Wamangu",3,1999,"ppt",123.9
"Wamangu",4,1999,"tmin",21.7
"Wamangu",4,1999,"tmax",32.2
"Wamangu",4,1999,"tavg",26.95
"Wamangu",4,1999,"ppt",148.3
"Wamangu",5,1999,"tmin",21.8
"Wamangu",5,1999,"tmax",32
"Wamangu",5,1999,"tavg",26.9
"Wamangu",5,1999,"ppt",156.7
"Wamangu",6,1999,"tmin",21.2
"Wamangu",6,1999,"tmax",31
"Wamangu",6,1999,"tavg",26.1
"Wamangu",6,1999,"ppt",119.9
"Wamangu",7,1999,"tmin",21
"Wamangu",7,1999,"tmax",30.9
"Wamangu",7,1999,"tavg",25.95
"Wamangu",7,1999,"ppt",111.6
"Wamangu",8,1999,"tmin",20.8
"Wamangu",8,1999,"tmax",31.4
"Wamangu",8,1999,"tavg",26.1
"Wamangu",8,1999,"ppt",152.1
"Wamangu",9,1999,"tmin",21.3
"Wamangu",9,1999,"tmax",32.5
"Wamangu",9,1999,"tavg",26.9
"Wamangu",9,1999,"ppt",132.1
"Wamangu",10,1999,"tmin",22.1
"Wamangu",10,1999,"tmax",32.2
"Wamangu",10,1999,"tavg",27.15
"Wamangu",10,1999,"ppt",152.4
"Wamangu",11,1999,"tmin",21.7
"Wamangu",11,1999,"tmax",32.2
"Wamangu",11,1999,"tavg",26.95
"Wamangu",11,1999,"ppt",198.5
"Wamangu",12,1999,"tmin",22
"Wamangu",12,1999,"tmax",31.9
"Wamangu",12,1999,"tavg",26.95
"Wamangu",12,1999,"ppt",177
"Wanang",1,1999,"tmin",20.9
"Wanang",1,1999,"tmax",32.1
"Wanang",1,1999,"tavg",26.5
"Wanang",1,1999,"ppt",180.9
"Wanang",2,1999,"tmin",21.4
"Wanang",2,1999,"tmax",30.8
"Wanang",2,1999,"tavg",26.1
"Wanang",2,1999,"ppt",289.4
"Wanang",3,1999,"tmin",20.8
"Wanang",3,1999,"tmax",32.1
"Wanang",3,1999,"tavg",26.45
"Wanang",3,1999,"ppt",147
"Wanang",4,1999,"tmin",21.1
"Wanang",4,1999,"tmax",31.6
"Wanang",4,1999,"tavg",26.35
"Wanang",4,1999,"ppt",248.6
"Wanang",5,1999,"tmin",20.9
"Wanang",5,1999,"tmax",30.7
"Wanang",5,1999,"tavg",25.8
"Wanang",5,1999,"ppt",154.2
"Wanang",6,1999,"tmin",20.1
"Wanang",6,1999,"tmax",29.8
"Wanang",6,1999,"tavg",24.95
"Wanang",6,1999,"ppt",149.1
"Wanang",7,1999,"tmin",19.9
"Wanang",7,1999,"tmax",29.6
"Wanang",7,1999,"tavg",24.75
"Wanang",7,1999,"ppt",142.3
"Wanang",8,1999,"tmin",20.4
"Wanang",8,1999,"tmax",29.1
"Wanang",8,1999,"tavg",24.75
"Wanang",8,1999,"ppt",146.4
"Wanang",9,1999,"tmin",20.6
"Wanang",9,1999,"tmax",31.4
"Wanang",9,1999,"tavg",26
"Wanang",9,1999,"ppt",143.2
"Wanang",10,1999,"tmin",21.1
"Wanang",10,1999,"tmax",32.5
"Wanang",10,1999,"tavg",26.8
"Wanang",10,1999,"ppt",122.6
"Wanang",11,1999,"tmin",21
"Wanang",11,1999,"tmax",32.3
"Wanang",11,1999,"tavg",26.65
"Wanang",11,1999,"ppt",324.1
"Wanang",12,1999,"tmin",21.3
"Wanang",12,1999,"tmax",31.4
"Wanang",12,1999,"tavg",26.35
"Wanang",12,1999,"ppt",292.3
"Yapsiei",1,1999,"tmin",21.6
"Yapsiei",1,1999,"tmax",32.1
"Yapsiei",1,1999,"tavg",26.85
"Yapsiei",1,1999,"ppt",195.8
"Yapsiei",2,1999,"tmin",22
"Yapsiei",2,1999,"tmax",31.5
"Yapsiei",2,1999,"tavg",26.75
"Yapsiei",2,1999,"ppt",339.9
"Yapsiei",3,1999,"tmin",22
"Yapsiei",3,1999,"tmax",31.8
"Yapsiei",3,1999,"tavg",26.9
"Yapsiei",3,1999,"ppt",171.2
"Yapsiei",4,1999,"tmin",21.8
"Yapsiei",4,1999,"tmax",31.7
"Yapsiei",4,1999,"tavg",26.75
"Yapsiei",4,1999,"ppt",338.8
"Yapsiei",5,1999,"tmin",21.9
"Yapsiei",5,1999,"tmax",31.3
"Yapsiei",5,1999,"tavg",26.6
"Yapsiei",5,1999,"ppt",288.8
"Yapsiei",6,1999,"tmin",21.3
"Yapsiei",6,1999,"tmax",30.1
"Yapsiei",6,1999,"tavg",25.7
"Yapsiei",6,1999,"ppt",215.7
"Yapsiei",7,1999,"tmin",21.4
"Yapsiei",7,1999,"tmax",29.5
"Yapsiei",7,1999,"tavg",25.45
"Yapsiei",7,1999,"ppt",268.3
"Yapsiei",8,1999,"tmin",21.4
"Yapsiei",8,1999,"tmax",29.6
"Yapsiei",8,1999,"tavg",25.5
"Yapsiei",8,1999,"ppt",361
"Yapsiei",9,1999,"tmin",21.5
"Yapsiei",9,1999,"tmax",30.5
"Yapsiei",9,1999,"tavg",26
"Yapsiei",9,1999,"ppt",268.7
"Yapsiei",10,1999,"tmin",22.1
"Yapsiei",10,1999,"tmax",31.9
"Yapsiei",10,1999,"tavg",27
"Yapsiei",10,1999,"ppt",169.1
"Yapsiei",11,1999,"tmin",21.6
"Yapsiei",11,1999,"tmax",31.9
"Yapsiei",11,1999,"tavg",26.75
"Yapsiei",11,1999,"ppt",291.4
"Yapsiei",12,1999,"tmin",21.8
"Yapsiei",12,1999,"tmax",32.1
"Yapsiei",12,1999,"tavg",26.95
"Yapsiei",12,1999,"ppt",259.4
"Elem",1,2000,"tmin",20.5
"Elem",1,2000,"tmax",32.9
"Elem",1,2000,"tavg",26.7
"Elem",1,2000,"ppt",302
"Elem",2,2000,"tmin",20.4
"Elem",2,2000,"tmax",33.5
"Elem",2,2000,"tavg",26.95
"Elem",2,2000,"ppt",126
"Elem",3,2000,"tmin",20.1
"Elem",3,2000,"tmax",32.3
"Elem",3,2000,"tavg",26.2
"Elem",3,2000,"ppt",311.7
"Elem",4,2000,"tmin",20.3
"Elem",4,2000,"tmax",32.3
"Elem",4,2000,"tavg",26.3
"Elem",4,2000,"ppt",222.3
"Elem",5,2000,"tmin",20.5
"Elem",5,2000,"tmax",31.4
"Elem",5,2000,"tavg",25.95
"Elem",5,2000,"ppt",268.8
"Elem",6,2000,"tmin",20.3
"Elem",6,2000,"tmax",31.3
"Elem",6,2000,"tavg",25.8
"Elem",6,2000,"ppt",106
"Elem",7,2000,"tmin",19.5
"Elem",7,2000,"tmax",30.9
"Elem",7,2000,"tavg",25.2
"Elem",7,2000,"ppt",134.4
"Elem",8,2000,"tmin",20
"Elem",8,2000,"tmax",31.6
"Elem",8,2000,"tavg",25.8
"Elem",8,2000,"ppt",158.1
"Elem",9,2000,"tmin",19.8
"Elem",9,2000,"tmax",32.6
"Elem",9,2000,"tavg",26.2
"Elem",9,2000,"ppt",116.8
"Elem",10,2000,"tmin",20.5
"Elem",10,2000,"tmax",32
"Elem",10,2000,"tavg",26.25
"Elem",10,2000,"ppt",250.3
"Elem",11,2000,"tmin",20.8
"Elem",11,2000,"tmax",32.6
"Elem",11,2000,"tavg",26.7
"Elem",11,2000,"ppt",315
"Elem",12,2000,"tmin",21.1
"Elem",12,2000,"tmax",31.9
"Elem",12,2000,"tavg",26.5
"Elem",12,2000,"ppt",350.6
"Morox",1,2000,"tmin",22.4
"Morox",1,2000,"tmax",33.1
"Morox",1,2000,"tavg",27.75
"Morox",1,2000,"ppt",176.6
"Morox",2,2000,"tmin",22.2
"Morox",2,2000,"tmax",33.4
"Morox",2,2000,"tavg",27.8
"Morox",2,2000,"ppt",60.3
"Morox",3,2000,"tmin",21.8
"Morox",3,2000,"tmax",32.4
"Morox",3,2000,"tavg",27.1
"Morox",3,2000,"ppt",233.3
"Morox",4,2000,"tmin",22
"Morox",4,2000,"tmax",32.7
"Morox",4,2000,"tavg",27.35
"Morox",4,2000,"ppt",158.7
"Morox",5,2000,"tmin",21.9
"Morox",5,2000,"tmax",32.4
"Morox",5,2000,"tavg",27.15
"Morox",5,2000,"ppt",194.4
"Morox",6,2000,"tmin",21.7
"Morox",6,2000,"tmax",31.9
"Morox",6,2000,"tavg",26.8
"Morox",6,2000,"ppt",98.8
"Morox",7,2000,"tmin",20.9
"Morox",7,2000,"tmax",31.8
"Morox",7,2000,"tavg",26.35
"Morox",7,2000,"ppt",113.3
"Morox",8,2000,"tmin",21.1
"Morox",8,2000,"tmax",32.7
"Morox",8,2000,"tavg",26.9
"Morox",8,2000,"ppt",100
"Morox",9,2000,"tmin",21.6
"Morox",9,2000,"tmax",33.4
"Morox",9,2000,"tavg",27.5
"Morox",9,2000,"ppt",69.3
"Morox",10,2000,"tmin",22.1
"Morox",10,2000,"tmax",32.7
"Morox",10,2000,"tavg",27.4
"Morox",10,2000,"ppt",203.3
"Morox",11,2000,"tmin",22.4
"Morox",11,2000,"tmax",33.1
"Morox",11,2000,"tavg",27.75
"Morox",11,2000,"ppt",233.3
"Morox",12,2000,"tmin",22.8
"Morox",12,2000,"tmax",32.7
"Morox",12,2000,"tavg",27.75
"Morox",12,2000,"ppt",247.5
"Niksek",1,2000,"tmin",21.3
"Niksek",1,2000,"tmax",33
"Niksek",1,2000,"tavg",27.15
"Niksek",1,2000,"ppt",252.4
"Niksek",2,2000,"tmin",21.3
"Niksek",2,2000,"tmax",33.1
"Niksek",2,2000,"tavg",27.2
"Niksek",2,2000,"ppt",157.3
"Niksek",3,2000,"tmin",21
"Niksek",3,2000,"tmax",32.1
"Niksek",3,2000,"tavg",26.55
"Niksek",3,2000,"ppt",308.5
"Niksek",4,2000,"tmin",21.5
"Niksek",4,2000,"tmax",32.5
"Niksek",4,2000,"tavg",27
"Niksek",4,2000,"ppt",205.1
"Niksek",5,2000,"tmin",21.7
"Niksek",5,2000,"tmax",31.5
"Niksek",5,2000,"tavg",26.6
"Niksek",5,2000,"ppt",262.5
"Niksek",6,2000,"tmin",21.5
"Niksek",6,2000,"tmax",31
"Niksek",6,2000,"tavg",26.25
"Niksek",6,2000,"ppt",130.3
"Niksek",7,2000,"tmin",20.8
"Niksek",7,2000,"tmax",30.1
"Niksek",7,2000,"tavg",25.45
"Niksek",7,2000,"ppt",210
"Niksek",8,2000,"tmin",20.9
"Niksek",8,2000,"tmax",31.6
"Niksek",8,2000,"tavg",26.25
"Niksek",8,2000,"ppt",245.7
"Niksek",9,2000,"tmin",21.2
"Niksek",9,2000,"tmax",32.2
"Niksek",9,2000,"tavg",26.7
"Niksek",9,2000,"ppt",175.1
"Niksek",10,2000,"tmin",21.7
"Niksek",10,2000,"tmax",31.8
"Niksek",10,2000,"tavg",26.75
"Niksek",10,2000,"ppt",287.8
"Niksek",11,2000,"tmin",21.8
"Niksek",11,2000,"tmax",32.7
"Niksek",11,2000,"tavg",27.25
"Niksek",11,2000,"ppt",237.5
"Niksek",12,2000,"tmin",21.8
"Niksek",12,2000,"tmax",32.3
"Niksek",12,2000,"tavg",27.05
"Niksek",12,2000,"ppt",294
"Ohu",1,2000,"tmin",22.3
"Ohu",1,2000,"tmax",31.7
"Ohu",1,2000,"tavg",27
"Ohu",1,2000,"ppt",253.1
"Ohu",2,2000,"tmin",22.4
"Ohu",2,2000,"tmax",31.9
"Ohu",2,2000,"tavg",27.15
"Ohu",2,2000,"ppt",81.9
"Ohu",3,2000,"tmin",22
"Ohu",3,2000,"tmax",30.7
"Ohu",3,2000,"tavg",26.35
"Ohu",3,2000,"ppt",256.5
"Ohu",4,2000,"tmin",22
"Ohu",4,2000,"tmax",31.1
"Ohu",4,2000,"tavg",26.55
"Ohu",4,2000,"ppt",189.1
"Ohu",5,2000,"tmin",21.6
"Ohu",5,2000,"tmax",29.9
"Ohu",5,2000,"tavg",25.75
"Ohu",5,2000,"ppt",252.8
"Ohu",6,2000,"tmin",21.6
"Ohu",6,2000,"tmax",30
"Ohu",6,2000,"tavg",25.8
"Ohu",6,2000,"ppt",104.7
"Ohu",7,2000,"tmin",20.7
"Ohu",7,2000,"tmax",29
"Ohu",7,2000,"tavg",24.85
"Ohu",7,2000,"ppt",181.4
"Ohu",8,2000,"tmin",21.2
"Ohu",8,2000,"tmax",29.7
"Ohu",8,2000,"tavg",25.45
"Ohu",8,2000,"ppt",153.7
"Ohu",9,2000,"tmin",21.4
"Ohu",9,2000,"tmax",30.8
"Ohu",9,2000,"tavg",26.1
"Ohu",9,2000,"ppt",124.4
"Ohu",10,2000,"tmin",21.9
"Ohu",10,2000,"tmax",30.7
"Ohu",10,2000,"tavg",26.3
"Ohu",10,2000,"ppt",258.8
"Ohu",11,2000,"tmin",21.9
"Ohu",11,2000,"tmax",31.6
"Ohu",11,2000,"tavg",26.75
"Ohu",11,2000,"ppt",309.9
"Ohu",12,2000,"tmin",22.3
"Ohu",12,2000,"tmax",30.9
"Ohu",12,2000,"tavg",26.6
"Ohu",12,2000,"ppt",322.1
"Utai",1,2000,"tmin",22.1
"Utai",1,2000,"tmax",31.5
"Utai",1,2000,"tavg",26.8
"Utai",1,2000,"ppt",193.1
"Utai",2,2000,"tmin",22
"Utai",2,2000,"tmax",31.5
"Utai",2,2000,"tavg",26.75
"Utai",2,2000,"ppt",116.5
"Utai",3,2000,"tmin",21.9
"Utai",3,2000,"tmax",30.7
"Utai",3,2000,"tavg",26.3
"Utai",3,2000,"ppt",322.4
"Utai",4,2000,"tmin",22.1
"Utai",4,2000,"tmax",31.3
"Utai",4,2000,"tavg",26.7
"Utai",4,2000,"ppt",167.2
"Utai",5,2000,"tmin",22.1
"Utai",5,2000,"tmax",29.9
"Utai",5,2000,"tavg",26
"Utai",5,2000,"ppt",285.1
"Utai",6,2000,"tmin",21.7
"Utai",6,2000,"tmax",29.1
"Utai",6,2000,"tavg",25.4
"Utai",6,2000,"ppt",115.1
"Utai",7,2000,"tmin",21.4
"Utai",7,2000,"tmax",28.8
"Utai",7,2000,"tavg",25.1
"Utai",7,2000,"ppt",131.9
"Utai",8,2000,"tmin",21.6
"Utai",8,2000,"tmax",29.5
"Utai",8,2000,"tavg",25.55
"Utai",8,2000,"ppt",173.4
"Utai",9,2000,"tmin",21.8
"Utai",9,2000,"tmax",30.7
"Utai",9,2000,"tavg",26.25
"Utai",9,2000,"ppt",138.5
"Utai",10,2000,"tmin",22.2
"Utai",10,2000,"tmax",30.3
"Utai",10,2000,"tavg",26.25
"Utai",10,2000,"ppt",287.4
"Utai",11,2000,"tmin",22.3
"Utai",11,2000,"tmax",31.2
"Utai",11,2000,"tavg",26.75
"Utai",11,2000,"ppt",199.1
"Utai",12,2000,"tmin",22.2
"Utai",12,2000,"tmax",30.8
"Utai",12,2000,"tavg",26.5
"Utai",12,2000,"ppt",258.7
"Wamangu",1,2000,"tmin",22.2
"Wamangu",1,2000,"tmax",32.7
"Wamangu",1,2000,"tavg",27.45
"Wamangu",1,2000,"ppt",164
"Wamangu",2,2000,"tmin",21.9
"Wamangu",2,2000,"tmax",32.7
"Wamangu",2,2000,"tavg",27.3
"Wamangu",2,2000,"ppt",45.4
"Wamangu",3,2000,"tmin",21.6
"Wamangu",3,2000,"tmax",31.7
"Wamangu",3,2000,"tavg",26.65
"Wamangu",3,2000,"ppt",181
"Wamangu",4,2000,"tmin",22
"Wamangu",4,2000,"tmax",32.2
"Wamangu",4,2000,"tavg",27.1
"Wamangu",4,2000,"ppt",130.5
"Wamangu",5,2000,"tmin",21.8
"Wamangu",5,2000,"tmax",31.9
"Wamangu",5,2000,"tavg",26.85
"Wamangu",5,2000,"ppt",245.3
"Wamangu",6,2000,"tmin",21.6
"Wamangu",6,2000,"tmax",31.4
"Wamangu",6,2000,"tavg",26.5
"Wamangu",6,2000,"ppt",114.5
"Wamangu",7,2000,"tmin",20.9
"Wamangu",7,2000,"tmax",31
"Wamangu",7,2000,"tavg",25.95
"Wamangu",7,2000,"ppt",145
"Wamangu",8,2000,"tmin",21
"Wamangu",8,2000,"tmax",32.2
"Wamangu",8,2000,"tavg",26.6
"Wamangu",8,2000,"ppt",132.4
"Wamangu",9,2000,"tmin",21.4
"Wamangu",9,2000,"tmax",32.9
"Wamangu",9,2000,"tavg",27.15
"Wamangu",9,2000,"ppt",82.9
"Wamangu",10,2000,"tmin",22
"Wamangu",10,2000,"tmax",32
"Wamangu",10,2000,"tavg",27
"Wamangu",10,2000,"ppt",229.7
"Wamangu",11,2000,"tmin",22.1
"Wamangu",11,2000,"tmax",32.6
"Wamangu",11,2000,"tavg",27.35
"Wamangu",11,2000,"ppt",190.7
"Wamangu",12,2000,"tmin",22.5
"Wamangu",12,2000,"tmax",32.1
"Wamangu",12,2000,"tavg",27.3
"Wamangu",12,2000,"ppt",196
"Wanang",1,2000,"tmin",21
"Wanang",1,2000,"tmax",32.6
"Wanang",1,2000,"tavg",26.8
"Wanang",1,2000,"ppt",289.4
"Wanang",2,2000,"tmin",21
"Wanang",2,2000,"tmax",34.2
"Wanang",2,2000,"tavg",27.6
"Wanang",2,2000,"ppt",120.6
"Wanang",3,2000,"tmin",20.8
"Wanang",3,2000,"tmax",31.7
"Wanang",3,2000,"tavg",26.25
"Wanang",3,2000,"ppt",277.3
"Wanang",4,2000,"tmin",21
"Wanang",4,2000,"tmax",32.1
"Wanang",4,2000,"tavg",26.55
"Wanang",4,2000,"ppt",197.7
"Wanang",5,2000,"tmin",20.9
"Wanang",5,2000,"tmax",30.2
"Wanang",5,2000,"tavg",25.55
"Wanang",5,2000,"ppt",395.7
"Wanang",6,2000,"tmin",20.6
"Wanang",6,2000,"tmax",31
"Wanang",6,2000,"tavg",25.8
"Wanang",6,2000,"ppt",81.2
"Wanang",7,2000,"tmin",19.9
"Wanang",7,2000,"tmax",29.8
"Wanang",7,2000,"tavg",24.85
"Wanang",7,2000,"ppt",153.3
"Wanang",8,2000,"tmin",20.6
"Wanang",8,2000,"tmax",30.5
"Wanang",8,2000,"tavg",25.55
"Wanang",8,2000,"ppt",165
"Wanang",9,2000,"tmin",20.3
"Wanang",9,2000,"tmax",32
"Wanang",9,2000,"tavg",26.15
"Wanang",9,2000,"ppt",121.8
"Wanang",10,2000,"tmin",20.8
"Wanang",10,2000,"tmax",30.8
"Wanang",10,2000,"tavg",25.8
"Wanang",10,2000,"ppt",289.1
"Wanang",11,2000,"tmin",21
"Wanang",11,2000,"tmax",31.7
"Wanang",11,2000,"tavg",26.35
"Wanang",11,2000,"ppt",288.4
"Wanang",12,2000,"tmin",21.5
"Wanang",12,2000,"tmax",30.9
"Wanang",12,2000,"tavg",26.2
"Wanang",12,2000,"ppt",340.3
"Yapsiei",1,2000,"tmin",22.1
"Yapsiei",1,2000,"tmax",32.8
"Yapsiei",1,2000,"tavg",27.45
"Yapsiei",1,2000,"ppt",245.7
"Yapsiei",2,2000,"tmin",21.8
"Yapsiei",2,2000,"tmax",32.7
"Yapsiei",2,2000,"tavg",27.25
"Yapsiei",2,2000,"ppt",222
"Yapsiei",3,2000,"tmin",21.6
"Yapsiei",3,2000,"tmax",31.8
"Yapsiei",3,2000,"tavg",26.7
"Yapsiei",3,2000,"ppt",309.1
"Yapsiei",4,2000,"tmin",21.9
"Yapsiei",4,2000,"tmax",32.2
"Yapsiei",4,2000,"tavg",27.05
"Yapsiei",4,2000,"ppt",280.7
"Yapsiei",5,2000,"tmin",21.9
"Yapsiei",5,2000,"tmax",30.5
"Yapsiei",5,2000,"tavg",26.2
"Yapsiei",5,2000,"ppt",342.8
"Yapsiei",6,2000,"tmin",21.6
"Yapsiei",6,2000,"tmax",30.3
"Yapsiei",6,2000,"tavg",25.95
"Yapsiei",6,2000,"ppt",164.3
"Yapsiei",7,2000,"tmin",21.4
"Yapsiei",7,2000,"tmax",29.7
"Yapsiei",7,2000,"tavg",25.55
"Yapsiei",7,2000,"ppt",229
"Yapsiei",8,2000,"tmin",21.4
"Yapsiei",8,2000,"tmax",30.4
"Yapsiei",8,2000,"tavg",25.9
"Yapsiei",8,2000,"ppt",268.8
"Yapsiei",9,2000,"tmin",21.5
"Yapsiei",9,2000,"tmax",31.4
"Yapsiei",9,2000,"tavg",26.45
"Yapsiei",9,2000,"ppt",262.4
"Yapsiei",10,2000,"tmin",22.3
"Yapsiei",10,2000,"tmax",31.6
"Yapsiei",10,2000,"tavg",26.95
"Yapsiei",10,2000,"ppt",435.4
"Yapsiei",11,2000,"tmin",22.2
"Yapsiei",11,2000,"tmax",32.2
"Yapsiei",11,2000,"tavg",27.2
"Yapsiei",11,2000,"ppt",297.8
"Yapsiei",12,2000,"tmin",22.2
"Yapsiei",12,2000,"tmax",32.3
"Yapsiei",12,2000,"tavg",27.25
"Yapsiei",12,2000,"ppt",271
"Elem",1,2001,"tmin",20.4
"Elem",1,2001,"tmax",33.4
"Elem",1,2001,"tavg",26.9
"Elem",1,2001,"ppt",201.9
"Elem",2,2001,"tmin",21
"Elem",2,2001,"tmax",32.3
"Elem",2,2001,"tavg",26.65
"Elem",2,2001,"ppt",331.2
"Elem",3,2001,"tmin",20.4
"Elem",3,2001,"tmax",31.7
"Elem",3,2001,"tavg",26.05
"Elem",3,2001,"ppt",412.5
"Elem",4,2001,"tmin",20.4
"Elem",4,2001,"tmax",31.5
"Elem",4,2001,"tavg",25.95
"Elem",4,2001,"ppt",305.1
"Elem",5,2001,"tmin",20.7
"Elem",5,2001,"tmax",31.5
"Elem",5,2001,"tavg",26.1
"Elem",5,2001,"ppt",236.6
"Elem",6,2001,"tmin",20.4
"Elem",6,2001,"tmax",31.7
"Elem",6,2001,"tavg",26.05
"Elem",6,2001,"ppt",127.4
"Elem",7,2001,"tmin",19.8
"Elem",7,2001,"tmax",31.2
"Elem",7,2001,"tavg",25.5
"Elem",7,2001,"ppt",137.1
"Elem",8,2001,"tmin",20.4
"Elem",8,2001,"tmax",31.9
"Elem",8,2001,"tavg",26.15
"Elem",8,2001,"ppt",138.3
"Elem",9,2001,"tmin",20.1
"Elem",9,2001,"tmax",32.1
"Elem",9,2001,"tavg",26.1
"Elem",9,2001,"ppt",155.7
"Elem",10,2001,"tmin",20.8
"Elem",10,2001,"tmax",32.5
"Elem",10,2001,"tavg",26.65
"Elem",10,2001,"ppt",263.9
"Elem",11,2001,"tmin",20.9
"Elem",11,2001,"tmax",32.1
"Elem",11,2001,"tavg",26.5
"Elem",11,2001,"ppt",304.7
"Elem",12,2001,"tmin",21
"Elem",12,2001,"tmax",31.1
"Elem",12,2001,"tavg",26.05
"Elem",12,2001,"ppt",415.9
"Morox",1,2001,"tmin",22.3
"Morox",1,2001,"tmax",33.5
"Morox",1,2001,"tavg",27.9
"Morox",1,2001,"ppt",122.9
"Morox",2,2001,"tmin",22.5
"Morox",2,2001,"tmax",32.6
"Morox",2,2001,"tavg",27.55
"Morox",2,2001,"ppt",230.5
"Morox",3,2001,"tmin",21.9
"Morox",3,2001,"tmax",32.2
"Morox",3,2001,"tavg",27.05
"Morox",3,2001,"ppt",264.6
"Morox",4,2001,"tmin",22
"Morox",4,2001,"tmax",32
"Morox",4,2001,"tavg",27
"Morox",4,2001,"ppt",251.4
"Morox",5,2001,"tmin",22
"Morox",5,2001,"tmax",32.4
"Morox",5,2001,"tavg",27.2
"Morox",5,2001,"ppt",190.4
"Morox",6,2001,"tmin",21.6
"Morox",6,2001,"tmax",32.6
"Morox",6,2001,"tavg",27.1
"Morox",6,2001,"ppt",89.1
"Morox",7,2001,"tmin",21.4
"Morox",7,2001,"tmax",32.4
"Morox",7,2001,"tavg",26.9
"Morox",7,2001,"ppt",82
"Morox",8,2001,"tmin",21.7
"Morox",8,2001,"tmax",33.2
"Morox",8,2001,"tavg",27.45
"Morox",8,2001,"ppt",74.1
"Morox",9,2001,"tmin",21.5
"Morox",9,2001,"tmax",32.7
"Morox",9,2001,"tavg",27.1
"Morox",9,2001,"ppt",108
"Morox",10,2001,"tmin",22.3
"Morox",10,2001,"tmax",33.3
"Morox",10,2001,"tavg",27.8
"Morox",10,2001,"ppt",172.3
"Morox",11,2001,"tmin",22.4
"Morox",11,2001,"tmax",32.6
"Morox",11,2001,"tavg",27.5
"Morox",11,2001,"ppt",286
"Morox",12,2001,"tmin",22.9
"Morox",12,2001,"tmax",32
"Morox",12,2001,"tavg",27.45
"Morox",12,2001,"ppt",238.4
"Niksek",1,2001,"tmin",21.4
"Niksek",1,2001,"tmax",33.1
"Niksek",1,2001,"tavg",27.25
"Niksek",1,2001,"ppt",180.3
"Niksek",2,2001,"tmin",21.7
"Niksek",2,2001,"tmax",31.9
"Niksek",2,2001,"tavg",26.8
"Niksek",2,2001,"ppt",326.9
"Niksek",3,2001,"tmin",21.4
"Niksek",3,2001,"tmax",32.1
"Niksek",3,2001,"tavg",26.75
"Niksek",3,2001,"ppt",432.2
"Niksek",4,2001,"tmin",21.8
"Niksek",4,2001,"tmax",31.8
"Niksek",4,2001,"tavg",26.8
"Niksek",4,2001,"ppt",338.8
"Niksek",5,2001,"tmin",21.9
"Niksek",5,2001,"tmax",31.8
"Niksek",5,2001,"tavg",26.85
"Niksek",5,2001,"ppt",254.1
"Niksek",6,2001,"tmin",21.4
"Niksek",6,2001,"tmax",31.5
"Niksek",6,2001,"tavg",26.45
"Niksek",6,2001,"ppt",167.7
"Niksek",7,2001,"tmin",21
"Niksek",7,2001,"tmax",30.6
"Niksek",7,2001,"tavg",25.8
"Niksek",7,2001,"ppt",271.7
"Niksek",8,2001,"tmin",21.4
"Niksek",8,2001,"tmax",31.9
"Niksek",8,2001,"tavg",26.65
"Niksek",8,2001,"ppt",261.2
"Niksek",9,2001,"tmin",21.5
"Niksek",9,2001,"tmax",31.6
"Niksek",9,2001,"tavg",26.55
"Niksek",9,2001,"ppt",188.9
"Niksek",10,2001,"tmin",21.8
"Niksek",10,2001,"tmax",32.4
"Niksek",10,2001,"tavg",27.1
"Niksek",10,2001,"ppt",285.3
"Niksek",11,2001,"tmin",22
"Niksek",11,2001,"tmax",32.6
"Niksek",11,2001,"tavg",27.3
"Niksek",11,2001,"ppt",294.1
"Niksek",12,2001,"tmin",21.9
"Niksek",12,2001,"tmax",31.5
"Niksek",12,2001,"tavg",26.7
"Niksek",12,2001,"ppt",317.1
"Ohu",1,2001,"tmin",22.4
"Ohu",1,2001,"tmax",31.9
"Ohu",1,2001,"tavg",27.15
"Ohu",1,2001,"ppt",171
"Ohu",2,2001,"tmin",22.5
"Ohu",2,2001,"tmax",31.4
"Ohu",2,2001,"tavg",26.95
"Ohu",2,2001,"ppt",371.3
"Ohu",3,2001,"tmin",22.1
"Ohu",3,2001,"tmax",30.6
"Ohu",3,2001,"tavg",26.35
"Ohu",3,2001,"ppt",307.4
"Ohu",4,2001,"tmin",21.9
"Ohu",4,2001,"tmax",30.1
"Ohu",4,2001,"tavg",26
"Ohu",4,2001,"ppt",325.7
"Ohu",5,2001,"tmin",21.7
"Ohu",5,2001,"tmax",30
"Ohu",5,2001,"tavg",25.85
"Ohu",5,2001,"ppt",361.8
"Ohu",6,2001,"tmin",21.4
"Ohu",6,2001,"tmax",29.9
"Ohu",6,2001,"tavg",25.65
"Ohu",6,2001,"ppt",137.2
"Ohu",7,2001,"tmin",21.2
"Ohu",7,2001,"tmax",29.4
"Ohu",7,2001,"tavg",25.3
"Ohu",7,2001,"ppt",130.5
"Ohu",8,2001,"tmin",21.4
"Ohu",8,2001,"tmax",29.9
"Ohu",8,2001,"tavg",25.65
"Ohu",8,2001,"ppt",165
"Ohu",9,2001,"tmin",21.8
"Ohu",9,2001,"tmax",30.7
"Ohu",9,2001,"tavg",26.25
"Ohu",9,2001,"ppt",106.8
"Ohu",10,2001,"tmin",22
"Ohu",10,2001,"tmax",31.2
"Ohu",10,2001,"tavg",26.6
"Ohu",10,2001,"ppt",193.2
"Ohu",11,2001,"tmin",22.1
"Ohu",11,2001,"tmax",31.4
"Ohu",11,2001,"tavg",26.75
"Ohu",11,2001,"ppt",248.2
"Ohu",12,2001,"tmin",22.3
"Ohu",12,2001,"tmax",30.3
"Ohu",12,2001,"tavg",26.3
"Ohu",12,2001,"ppt",309.7
"Utai",1,2001,"tmin",22.1
"Utai",1,2001,"tmax",31.3
"Utai",1,2001,"tavg",26.7
"Utai",1,2001,"ppt",178.2
"Utai",2,2001,"tmin",22.5
"Utai",2,2001,"tmax",30.4
"Utai",2,2001,"tavg",26.45
"Utai",2,2001,"ppt",312.6
"Utai",3,2001,"tmin",22.4
"Utai",3,2001,"tmax",30.6
"Utai",3,2001,"tavg",26.5
"Utai",3,2001,"ppt",313.5
"Utai",4,2001,"tmin",22.3
"Utai",4,2001,"tmax",30.7
"Utai",4,2001,"tavg",26.5
"Utai",4,2001,"ppt",246.2
"Utai",5,2001,"tmin",22.2
"Utai",5,2001,"tmax",30.3
"Utai",5,2001,"tavg",26.25
"Utai",5,2001,"ppt",202.5
"Utai",6,2001,"tmin",21.8
"Utai",6,2001,"tmax",30
"Utai",6,2001,"tavg",25.9
"Utai",6,2001,"ppt",129.1
"Utai",7,2001,"tmin",21.5
"Utai",7,2001,"tmax",29.4
"Utai",7,2001,"tavg",25.45
"Utai",7,2001,"ppt",132.1
"Utai",8,2001,"tmin",22
"Utai",8,2001,"tmax",29.9
"Utai",8,2001,"tavg",25.95
"Utai",8,2001,"ppt",137.3
"Utai",9,2001,"tmin",22.2
"Utai",9,2001,"tmax",30
"Utai",9,2001,"tavg",26.1
"Utai",9,2001,"ppt",149.5
"Utai",10,2001,"tmin",22.5
"Utai",10,2001,"tmax",31.2
"Utai",10,2001,"tavg",26.85
"Utai",10,2001,"ppt",194.5
"Utai",11,2001,"tmin",22.6
"Utai",11,2001,"tmax",30.9
"Utai",11,2001,"tavg",26.75
"Utai",11,2001,"ppt",243.4
"Utai",12,2001,"tmin",22.5
"Utai",12,2001,"tmax",30.2
"Utai",12,2001,"tavg",26.35
"Utai",12,2001,"ppt",269.8
"Wamangu",1,2001,"tmin",22.1
"Wamangu",1,2001,"tmax",33
"Wamangu",1,2001,"tavg",27.55
"Wamangu",1,2001,"ppt",95.7
"Wamangu",2,2001,"tmin",22.4
"Wamangu",2,2001,"tmax",32
"Wamangu",2,2001,"tavg",27.2
"Wamangu",2,2001,"ppt",187.6
"Wamangu",3,2001,"tmin",21.8
"Wamangu",3,2001,"tmax",31.9
"Wamangu",3,2001,"tavg",26.85
"Wamangu",3,2001,"ppt",208.7
"Wamangu",4,2001,"tmin",21.9
"Wamangu",4,2001,"tmax",31.7
"Wamangu",4,2001,"tavg",26.8
"Wamangu",4,2001,"ppt",210.5
"Wamangu",5,2001,"tmin",21.9
"Wamangu",5,2001,"tmax",31.8
"Wamangu",5,2001,"tavg",26.85
"Wamangu",5,2001,"ppt",209.1
"Wamangu",6,2001,"tmin",21.5
"Wamangu",6,2001,"tmax",32.1
"Wamangu",6,2001,"tavg",26.8
"Wamangu",6,2001,"ppt",100.4
"Wamangu",7,2001,"tmin",21.4
"Wamangu",7,2001,"tmax",31.7
"Wamangu",7,2001,"tavg",26.55
"Wamangu",7,2001,"ppt",105.8
"Wamangu",8,2001,"tmin",21.4
"Wamangu",8,2001,"tmax",32.9
"Wamangu",8,2001,"tavg",27.15
"Wamangu",8,2001,"ppt",85.5
"Wamangu",9,2001,"tmin",21.5
"Wamangu",9,2001,"tmax",32.2
"Wamangu",9,2001,"tavg",26.85
"Wamangu",9,2001,"ppt",134.7
"Wamangu",10,2001,"tmin",22.2
"Wamangu",10,2001,"tmax",32.7
"Wamangu",10,2001,"tavg",27.45
"Wamangu",10,2001,"ppt",192.8
"Wamangu",11,2001,"tmin",22.1
"Wamangu",11,2001,"tmax",32.2
"Wamangu",11,2001,"tavg",27.15
"Wamangu",11,2001,"ppt",238.3
"Wamangu",12,2001,"tmin",22.7
"Wamangu",12,2001,"tmax",31.5
"Wamangu",12,2001,"tavg",27.1
"Wamangu",12,2001,"ppt",184.7
"Wanang",1,2001,"tmin",21.2
"Wanang",1,2001,"tmax",33.2
"Wanang",1,2001,"tavg",27.2
"Wanang",1,2001,"ppt",155.9
"Wanang",2,2001,"tmin",21.5
"Wanang",2,2001,"tmax",31.6
"Wanang",2,2001,"tavg",26.55
"Wanang",2,2001,"ppt",364.3
"Wanang",3,2001,"tmin",21
"Wanang",3,2001,"tmax",31.4
"Wanang",3,2001,"tavg",26.2
"Wanang",3,2001,"ppt",404.9
"Wanang",4,2001,"tmin",21.1
"Wanang",4,2001,"tmax",30.5
"Wanang",4,2001,"tavg",25.8
"Wanang",4,2001,"ppt",363.2
"Wanang",5,2001,"tmin",21.2
"Wanang",5,2001,"tmax",30.1
"Wanang",5,2001,"tavg",25.65
"Wanang",5,2001,"ppt",272.2
"Wanang",6,2001,"tmin",20.6
"Wanang",6,2001,"tmax",30.3
"Wanang",6,2001,"tavg",25.45
"Wanang",6,2001,"ppt",123.6
"Wanang",7,2001,"tmin",20.1
"Wanang",7,2001,"tmax",29.9
"Wanang",7,2001,"tavg",25
"Wanang",7,2001,"ppt",127.7
"Wanang",8,2001,"tmin",20.6
"Wanang",8,2001,"tmax",30.4
"Wanang",8,2001,"tavg",25.5
"Wanang",8,2001,"ppt",111.9
"Wanang",9,2001,"tmin",20.8
"Wanang",9,2001,"tmax",31.7
"Wanang",9,2001,"tavg",26.25
"Wanang",9,2001,"ppt",129.4
"Wanang",10,2001,"tmin",21.3
"Wanang",10,2001,"tmax",31.5
"Wanang",10,2001,"tavg",26.4
"Wanang",10,2001,"ppt",232.3
"Wanang",11,2001,"tmin",21.2
"Wanang",11,2001,"tmax",31.6
"Wanang",11,2001,"tavg",26.4
"Wanang",11,2001,"ppt",393.2
"Wanang",12,2001,"tmin",21.5
"Wanang",12,2001,"tmax",29.8
"Wanang",12,2001,"tavg",25.65
"Wanang",12,2001,"ppt",465.7
"Yapsiei",1,2001,"tmin",22
"Yapsiei",1,2001,"tmax",33.2
"Yapsiei",1,2001,"tavg",27.6
"Yapsiei",1,2001,"ppt",273.2
"Yapsiei",2,2001,"tmin",22.5
"Yapsiei",2,2001,"tmax",31.6
"Yapsiei",2,2001,"tavg",27.05
"Yapsiei",2,2001,"ppt",328.4
"Yapsiei",3,2001,"tmin",22.1
"Yapsiei",3,2001,"tmax",32
"Yapsiei",3,2001,"tavg",27.05
"Yapsiei",3,2001,"ppt",431.8
"Yapsiei",4,2001,"tmin",22.1
"Yapsiei",4,2001,"tmax",31.6
"Yapsiei",4,2001,"tavg",26.85
"Yapsiei",4,2001,"ppt",369.3
"Yapsiei",5,2001,"tmin",22.3
"Yapsiei",5,2001,"tmax",31
"Yapsiei",5,2001,"tavg",26.65
"Yapsiei",5,2001,"ppt",327.7
"Yapsiei",6,2001,"tmin",21.8
"Yapsiei",6,2001,"tmax",30.7
"Yapsiei",6,2001,"tavg",26.25
"Yapsiei",6,2001,"ppt",229.5
"Yapsiei",7,2001,"tmin",21.4
"Yapsiei",7,2001,"tmax",29.9
"Yapsiei",7,2001,"tavg",25.65
"Yapsiei",7,2001,"ppt",316.7
"Yapsiei",8,2001,"tmin",22
"Yapsiei",8,2001,"tmax",30.1
"Yapsiei",8,2001,"tavg",26.05
"Yapsiei",8,2001,"ppt",331.3
"Yapsiei",9,2001,"tmin",21.8
"Yapsiei",9,2001,"tmax",31
"Yapsiei",9,2001,"tavg",26.4
"Yapsiei",9,2001,"ppt",308.2
"Yapsiei",10,2001,"tmin",22.4
"Yapsiei",10,2001,"tmax",32.2
"Yapsiei",10,2001,"tavg",27.3
"Yapsiei",10,2001,"ppt",305.9
"Yapsiei",11,2001,"tmin",22.5
"Yapsiei",11,2001,"tmax",32.1
"Yapsiei",11,2001,"tavg",27.3
"Yapsiei",11,2001,"ppt",328
"Yapsiei",12,2001,"tmin",22.3
"Yapsiei",12,2001,"tmax",31.5
"Yapsiei",12,2001,"tavg",26.9
"Yapsiei",12,2001,"ppt",302
"Elem",1,2002,"tmin",20.7
"Elem",1,2002,"tmax",32.5
"Elem",1,2002,"tavg",26.6
"Elem",1,2002,"ppt",292.9
"Elem",2,2002,"tmin",20.9
"Elem",2,2002,"tmax",31.7
"Elem",2,2002,"tavg",26.3
"Elem",2,2002,"ppt",374.9
"Elem",3,2002,"tmin",20.8
"Elem",3,2002,"tmax",31.9
"Elem",3,2002,"tavg",26.35
"Elem",3,2002,"ppt",489.9
"Elem",4,2002,"tmin",20.6
"Elem",4,2002,"tmax",32
"Elem",4,2002,"tavg",26.3
"Elem",4,2002,"ppt",254.1
"Elem",5,2002,"tmin",21.1
"Elem",5,2002,"tmax",32.1
"Elem",5,2002,"tavg",26.6
"Elem",5,2002,"ppt",223.3
"Elem",6,2002,"tmin",20.8
"Elem",6,2002,"tmax",31.3
"Elem",6,2002,"tavg",26.05
"Elem",6,2002,"ppt",157.5
"Elem",7,2002,"tmin",20.7
"Elem",7,2002,"tmax",31
"Elem",7,2002,"tavg",25.85
"Elem",7,2002,"ppt",171.4
"Elem",8,2002,"tmin",20.7
"Elem",8,2002,"tmax",31.5
"Elem",8,2002,"tavg",26.1
"Elem",8,2002,"ppt",205.6
"Elem",9,2002,"tmin",20.6
"Elem",9,2002,"tmax",32
"Elem",9,2002,"tavg",26.3
"Elem",9,2002,"ppt",181.4
"Elem",10,2002,"tmin",20.7
"Elem",10,2002,"tmax",32
"Elem",10,2002,"tavg",26.35
"Elem",10,2002,"ppt",227.7
"Elem",11,2002,"tmin",20.7
"Elem",11,2002,"tmax",32
"Elem",11,2002,"tavg",26.35
"Elem",11,2002,"ppt",336.4
"Elem",12,2002,"tmin",20.9
"Elem",12,2002,"tmax",31.9
"Elem",12,2002,"tavg",26.4
"Elem",12,2002,"ppt",342.6
"Morox",1,2002,"tmin",22.8
"Morox",1,2002,"tmax",32.9
"Morox",1,2002,"tavg",27.85
"Morox",1,2002,"ppt",158.1
"Morox",2,2002,"tmin",22.4
"Morox",2,2002,"tmax",32.4
"Morox",2,2002,"tavg",27.4
"Morox",2,2002,"ppt",251.1
"Morox",3,2002,"tmin",22.2
"Morox",3,2002,"tmax",32.3
"Morox",3,2002,"tavg",27.25
"Morox",3,2002,"ppt",305
"Morox",4,2002,"tmin",22
"Morox",4,2002,"tmax",32.7
"Morox",4,2002,"tavg",27.35
"Morox",4,2002,"ppt",207.6
"Morox",5,2002,"tmin",22.3
"Morox",5,2002,"tmax",33
"Morox",5,2002,"tavg",27.65
"Morox",5,2002,"ppt",130.4
"Morox",6,2002,"tmin",21.9
"Morox",6,2002,"tmax",32.1
"Morox",6,2002,"tavg",27
"Morox",6,2002,"ppt",114.9
"Morox",7,2002,"tmin",21.5
"Morox",7,2002,"tmax",32.4
"Morox",7,2002,"tavg",26.95
"Morox",7,2002,"ppt",89.5
"Morox",8,2002,"tmin",21.3
"Morox",8,2002,"tmax",33.2
"Morox",8,2002,"tavg",27.25
"Morox",8,2002,"ppt",87.6
"Morox",9,2002,"tmin",21.4
"Morox",9,2002,"tmax",33.2
"Morox",9,2002,"tavg",27.3
"Morox",9,2002,"ppt",90
"Morox",10,2002,"tmin",22.3
"Morox",10,2002,"tmax",33.1
"Morox",10,2002,"tavg",27.7
"Morox",10,2002,"ppt",141.3
"Morox",11,2002,"tmin",22.4
"Morox",11,2002,"tmax",32.8
"Morox",11,2002,"tavg",27.6
"Morox",11,2002,"ppt",236.5
"Morox",12,2002,"tmin",22.3
"Morox",12,2002,"tmax",32.6
"Morox",12,2002,"tavg",27.45
"Morox",12,2002,"ppt",222.8
"Niksek",1,2002,"tmin",21.6
"Niksek",1,2002,"tmax",32.8
"Niksek",1,2002,"tavg",27.2
"Niksek",1,2002,"ppt",261.7
"Niksek",2,2002,"tmin",21.8
"Niksek",2,2002,"tmax",32.2
"Niksek",2,2002,"tavg",27
"Niksek",2,2002,"ppt",330.6
"Niksek",3,2002,"tmin",21.7
"Niksek",3,2002,"tmax",32.6
"Niksek",3,2002,"tavg",27.15
"Niksek",3,2002,"ppt",468.3
"Niksek",4,2002,"tmin",21.8
"Niksek",4,2002,"tmax",32.3
"Niksek",4,2002,"tavg",27.05
"Niksek",4,2002,"ppt",225.1
"Niksek",5,2002,"tmin",22
"Niksek",5,2002,"tmax",32
"Niksek",5,2002,"tavg",27
"Niksek",5,2002,"ppt",211.4
"Niksek",6,2002,"tmin",21.9
"Niksek",6,2002,"tmax",30.7
"Niksek",6,2002,"tavg",26.3
"Niksek",6,2002,"ppt",271.1
"Niksek",7,2002,"tmin",21.5
"Niksek",7,2002,"tmax",30.9
"Niksek",7,2002,"tavg",26.2
"Niksek",7,2002,"ppt",236.3
"Niksek",8,2002,"tmin",21.2
"Niksek",8,2002,"tmax",31.5
"Niksek",8,2002,"tavg",26.35
"Niksek",8,2002,"ppt",362.7
"Niksek",9,2002,"tmin",21.2
"Niksek",9,2002,"tmax",31.9
"Niksek",9,2002,"tavg",26.55
"Niksek",9,2002,"ppt",230.2
"Niksek",10,2002,"tmin",21.4
"Niksek",10,2002,"tmax",32.4
"Niksek",10,2002,"tavg",26.9
"Niksek",10,2002,"ppt",269.3
"Niksek",11,2002,"tmin",21.8
"Niksek",11,2002,"tmax",32.8
"Niksek",11,2002,"tavg",27.3
"Niksek",11,2002,"ppt",253.1
"Niksek",12,2002,"tmin",21.4
"Niksek",12,2002,"tmax",31.8
"Niksek",12,2002,"tavg",26.6
"Niksek",12,2002,"ppt",365.5
"Ohu",1,2002,"tmin",22.5
"Ohu",1,2002,"tmax",31.5
"Ohu",1,2002,"tavg",27
"Ohu",1,2002,"ppt",245.4
"Ohu",2,2002,"tmin",22.4
"Ohu",2,2002,"tmax",31
"Ohu",2,2002,"tavg",26.7
"Ohu",2,2002,"ppt",342.4
"Ohu",3,2002,"tmin",22.2
"Ohu",3,2002,"tmax",30.6
"Ohu",3,2002,"tavg",26.4
"Ohu",3,2002,"ppt",448.6
"Ohu",4,2002,"tmin",22
"Ohu",4,2002,"tmax",30.4
"Ohu",4,2002,"tavg",26.2
"Ohu",4,2002,"ppt",190.9
"Ohu",5,2002,"tmin",22.2
"Ohu",5,2002,"tmax",30.8
"Ohu",5,2002,"tavg",26.5
"Ohu",5,2002,"ppt",239.9
"Ohu",6,2002,"tmin",21.8
"Ohu",6,2002,"tmax",29.8
"Ohu",6,2002,"tavg",25.8
"Ohu",6,2002,"ppt",221.9
"Ohu",7,2002,"tmin",21.2
"Ohu",7,2002,"tmax",29.2
"Ohu",7,2002,"tavg",25.2
"Ohu",7,2002,"ppt",187.9
"Ohu",8,2002,"tmin",21.1
"Ohu",8,2002,"tmax",29.3
"Ohu",8,2002,"tavg",25.2
"Ohu",8,2002,"ppt",135.9
"Ohu",9,2002,"tmin",21.5
"Ohu",9,2002,"tmax",30.8
"Ohu",9,2002,"tavg",26.15
"Ohu",9,2002,"ppt",100.9
"Ohu",10,2002,"tmin",21.7
"Ohu",10,2002,"tmax",30.5
"Ohu",10,2002,"tavg",26.1
"Ohu",10,2002,"ppt",222.3
"Ohu",11,2002,"tmin",21.8
"Ohu",11,2002,"tmax",30.7
"Ohu",11,2002,"tavg",26.25
"Ohu",11,2002,"ppt",218.9
"Ohu",12,2002,"tmin",22.1
"Ohu",12,2002,"tmax",30.7
"Ohu",12,2002,"tavg",26.4
"Ohu",12,2002,"ppt",255.4
"Utai",1,2002,"tmin",22.4
"Utai",1,2002,"tmax",31.1
"Utai",1,2002,"tavg",26.75
"Utai",1,2002,"ppt",187.6
"Utai",2,2002,"tmin",22.8
"Utai",2,2002,"tmax",30.9
"Utai",2,2002,"tavg",26.85
"Utai",2,2002,"ppt",163.3
"Utai",3,2002,"tmin",22.5
"Utai",3,2002,"tmax",30.7
"Utai",3,2002,"tavg",26.6
"Utai",3,2002,"ppt",304.2
"Utai",4,2002,"tmin",22.2
"Utai",4,2002,"tmax",31
"Utai",4,2002,"tavg",26.6
"Utai",4,2002,"ppt",189.3
"Utai",5,2002,"tmin",22.3
"Utai",5,2002,"tmax",30.5
"Utai",5,2002,"tavg",26.4
"Utai",5,2002,"ppt",201.3
"Utai",6,2002,"tmin",22
"Utai",6,2002,"tmax",29.2
"Utai",6,2002,"tavg",25.6
"Utai",6,2002,"ppt",139
"Utai",7,2002,"tmin",21.9
"Utai",7,2002,"tmax",29.6
"Utai",7,2002,"tavg",25.75
"Utai",7,2002,"ppt",104.6
"Utai",8,2002,"tmin",21.7
"Utai",8,2002,"tmax",29.5
"Utai",8,2002,"tavg",25.6
"Utai",8,2002,"ppt",179.4
"Utai",9,2002,"tmin",21.7
"Utai",9,2002,"tmax",30
"Utai",9,2002,"tavg",25.85
"Utai",9,2002,"ppt",145.7
"Utai",10,2002,"tmin",22.1
"Utai",10,2002,"tmax",31.1
"Utai",10,2002,"tavg",26.6
"Utai",10,2002,"ppt",159.8
"Utai",11,2002,"tmin",22.4
"Utai",11,2002,"tmax",30.7
"Utai",11,2002,"tavg",26.55
"Utai",11,2002,"ppt",207.6
"Utai",12,2002,"tmin",21.9
"Utai",12,2002,"tmax",30
"Utai",12,2002,"tavg",25.95
"Utai",12,2002,"ppt",228.2
"Wamangu",1,2002,"tmin",22.5
"Wamangu",1,2002,"tmax",32.3
"Wamangu",1,2002,"tavg",27.4
"Wamangu",1,2002,"ppt",138.5
"Wamangu",2,2002,"tmin",22.5
"Wamangu",2,2002,"tmax",32
"Wamangu",2,2002,"tavg",27.25
"Wamangu",2,2002,"ppt",157.3
"Wamangu",3,2002,"tmin",22.2
"Wamangu",3,2002,"tmax",32
"Wamangu",3,2002,"tavg",27.1
"Wamangu",3,2002,"ppt",216.8
"Wamangu",4,2002,"tmin",22
"Wamangu",4,2002,"tmax",32
"Wamangu",4,2002,"tavg",27
"Wamangu",4,2002,"ppt",180.6
"Wamangu",5,2002,"tmin",22.1
"Wamangu",5,2002,"tmax",32.5
"Wamangu",5,2002,"tavg",27.3
"Wamangu",5,2002,"ppt",146.3
"Wamangu",6,2002,"tmin",21.9
"Wamangu",6,2002,"tmax",31.4
"Wamangu",6,2002,"tavg",26.65
"Wamangu",6,2002,"ppt",128.3
"Wamangu",7,2002,"tmin",21.5
"Wamangu",7,2002,"tmax",31.9
"Wamangu",7,2002,"tavg",26.7
"Wamangu",7,2002,"ppt",91.1
"Wamangu",8,2002,"tmin",21.2
"Wamangu",8,2002,"tmax",32.7
"Wamangu",8,2002,"tavg",26.95
"Wamangu",8,2002,"ppt",101.6
"Wamangu",9,2002,"tmin",21.1
"Wamangu",9,2002,"tmax",32.8
"Wamangu",9,2002,"tavg",26.95
"Wamangu",9,2002,"ppt",102.4
"Wamangu",10,2002,"tmin",22
"Wamangu",10,2002,"tmax",32.6
"Wamangu",10,2002,"tavg",27.3
"Wamangu",10,2002,"ppt",168.7
"Wamangu",11,2002,"tmin",22.1
"Wamangu",11,2002,"tmax",32.5
"Wamangu",11,2002,"tavg",27.3
"Wamangu",11,2002,"ppt",202.2
"Wamangu",12,2002,"tmin",22.2
"Wamangu",12,2002,"tmax",31.8
"Wamangu",12,2002,"tavg",27
"Wamangu",12,2002,"ppt",163.6
"Wanang",1,2002,"tmin",21.5
"Wanang",1,2002,"tmax",31.6
"Wanang",1,2002,"tavg",26.55
"Wanang",1,2002,"ppt",298.3
"Wanang",2,2002,"tmin",21.5
"Wanang",2,2002,"tmax",30.8
"Wanang",2,2002,"tavg",26.15
"Wanang",2,2002,"ppt",419.5
"Wanang",3,2002,"tmin",21.5
"Wanang",3,2002,"tmax",30.4
"Wanang",3,2002,"tavg",25.95
"Wanang",3,2002,"ppt",502.5
"Wanang",4,2002,"tmin",21.2
"Wanang",4,2002,"tmax",31.3
"Wanang",4,2002,"tavg",26.25
"Wanang",4,2002,"ppt",239.4
"Wanang",5,2002,"tmin",21.5
"Wanang",5,2002,"tmax",31.2
"Wanang",5,2002,"tavg",26.35
"Wanang",5,2002,"ppt",204.8
"Wanang",6,2002,"tmin",21
"Wanang",6,2002,"tmax",30.1
"Wanang",6,2002,"tavg",25.55
"Wanang",6,2002,"ppt",210.5
"Wanang",7,2002,"tmin",20.7
"Wanang",7,2002,"tmax",29.4
"Wanang",7,2002,"tavg",25.05
"Wanang",7,2002,"ppt",189.4
"Wanang",8,2002,"tmin",20.8
"Wanang",8,2002,"tmax",29.6
"Wanang",8,2002,"tavg",25.2
"Wanang",8,2002,"ppt",154.1
"Wanang",9,2002,"tmin",20.7
"Wanang",9,2002,"tmax",31.5
"Wanang",9,2002,"tavg",26.1
"Wanang",9,2002,"ppt",139
"Wanang",10,2002,"tmin",21.2
"Wanang",10,2002,"tmax",30.7
"Wanang",10,2002,"tavg",25.95
"Wanang",10,2002,"ppt",183.2
"Wanang",11,2002,"tmin",21.2
"Wanang",11,2002,"tmax",31
"Wanang",11,2002,"tavg",26.1
"Wanang",11,2002,"ppt",291.1
"Wanang",12,2002,"tmin",21.3
"Wanang",12,2002,"tmax",31.2
"Wanang",12,2002,"tavg",26.25
"Wanang",12,2002,"ppt",315.9
"Yapsiei",1,2002,"tmin",22.4
"Yapsiei",1,2002,"tmax",32.6
"Yapsiei",1,2002,"tavg",27.5
"Yapsiei",1,2002,"ppt",321.7
"Yapsiei",2,2002,"tmin",22.2
"Yapsiei",2,2002,"tmax",31.9
"Yapsiei",2,2002,"tavg",27.05
"Yapsiei",2,2002,"ppt",342.7
"Yapsiei",3,2002,"tmin",22.3
"Yapsiei",3,2002,"tmax",31.8
"Yapsiei",3,2002,"tavg",27.05
"Yapsiei",3,2002,"ppt",340.2
"Yapsiei",4,2002,"tmin",22.2
"Yapsiei",4,2002,"tmax",32
"Yapsiei",4,2002,"tavg",27.1
"Yapsiei",4,2002,"ppt",343.9
"Yapsiei",5,2002,"tmin",22.4
"Yapsiei",5,2002,"tmax",31
"Yapsiei",5,2002,"tavg",26.7
"Yapsiei",5,2002,"ppt",254.5
"Yapsiei",6,2002,"tmin",22.2
"Yapsiei",6,2002,"tmax",30.3
"Yapsiei",6,2002,"tavg",26.25
"Yapsiei",6,2002,"ppt",326.8
"Yapsiei",7,2002,"tmin",21.9
"Yapsiei",7,2002,"tmax",30.2
"Yapsiei",7,2002,"tavg",26.05
"Yapsiei",7,2002,"ppt",259.9
"Yapsiei",8,2002,"tmin",21.9
"Yapsiei",8,2002,"tmax",29.8
"Yapsiei",8,2002,"tavg",25.85
"Yapsiei",8,2002,"ppt",309.7
"Yapsiei",9,2002,"tmin",21.3
"Yapsiei",9,2002,"tmax",31
"Yapsiei",9,2002,"tavg",26.15
"Yapsiei",9,2002,"ppt",246.4
"Yapsiei",10,2002,"tmin",21.7
"Yapsiei",10,2002,"tmax",32.3
"Yapsiei",10,2002,"tavg",27
"Yapsiei",10,2002,"ppt",188.5
"Yapsiei",11,2002,"tmin",22.3
"Yapsiei",11,2002,"tmax",32.5
"Yapsiei",11,2002,"tavg",27.4
"Yapsiei",11,2002,"ppt",289.3
"Yapsiei",12,2002,"tmin",21.9
"Yapsiei",12,2002,"tmax",31.4
"Yapsiei",12,2002,"tavg",26.65
"Yapsiei",12,2002,"ppt",266.4
"Elem",1,2003,"tmin",20.7
"Elem",1,2003,"tmax",31.6
"Elem",1,2003,"tavg",26.15
"Elem",1,2003,"ppt",507.1
"Elem",2,2003,"tmin",20.9
"Elem",2,2003,"tmax",31.7
"Elem",2,2003,"tavg",26.3
"Elem",2,2003,"ppt",382.4
"Elem",3,2003,"tmin",20.6
"Elem",3,2003,"tmax",31.7
"Elem",3,2003,"tavg",26.15
"Elem",3,2003,"ppt",381.4
"Elem",4,2003,"tmin",20.8
"Elem",4,2003,"tmax",32
"Elem",4,2003,"tavg",26.4
"Elem",4,2003,"ppt",299.2
"Elem",5,2003,"tmin",20.9
"Elem",5,2003,"tmax",31.3
"Elem",5,2003,"tavg",26.1
"Elem",5,2003,"ppt",264.8
"Elem",6,2003,"tmin",20.2
"Elem",6,2003,"tmax",31.3
"Elem",6,2003,"tavg",25.75
"Elem",6,2003,"ppt",80.1
"Elem",7,2003,"tmin",20.1
"Elem",7,2003,"tmax",30.7
"Elem",7,2003,"tavg",25.4
"Elem",7,2003,"ppt",185.3
"Elem",8,2003,"tmin",20.4
"Elem",8,2003,"tmax",31.1
"Elem",8,2003,"tavg",25.75
"Elem",8,2003,"ppt",164.8
"Elem",9,2003,"tmin",20.5
"Elem",9,2003,"tmax",31
"Elem",9,2003,"tavg",25.75
"Elem",9,2003,"ppt",207.5
"Elem",10,2003,"tmin",20.7
"Elem",10,2003,"tmax",31.8
"Elem",10,2003,"tavg",26.25
"Elem",10,2003,"ppt",245.8
"Elem",11,2003,"tmin",20.6
"Elem",11,2003,"tmax",32.6
"Elem",11,2003,"tavg",26.6
"Elem",11,2003,"ppt",321
"Elem",12,2003,"tmin",21.2
"Elem",12,2003,"tmax",32
"Elem",12,2003,"tavg",26.6
"Elem",12,2003,"ppt",345
"Morox",1,2003,"tmin",22.5
"Morox",1,2003,"tmax",32.3
"Morox",1,2003,"tavg",27.4
"Morox",1,2003,"ppt",283.1
"Morox",2,2003,"tmin",22.3
"Morox",2,2003,"tmax",32.3
"Morox",2,2003,"tavg",27.3
"Morox",2,2003,"ppt",236.6
"Morox",3,2003,"tmin",22
"Morox",3,2003,"tmax",32.3
"Morox",3,2003,"tavg",27.15
"Morox",3,2003,"ppt",257.3
"Morox",4,2003,"tmin",22.1
"Morox",4,2003,"tmax",32.6
"Morox",4,2003,"tavg",27.35
"Morox",4,2003,"ppt",190.1
"Morox",5,2003,"tmin",22.3
"Morox",5,2003,"tmax",32.4
"Morox",5,2003,"tavg",27.35
"Morox",5,2003,"ppt",125.6
"Morox",6,2003,"tmin",21.7
"Morox",6,2003,"tmax",32.3
"Morox",6,2003,"tavg",27
"Morox",6,2003,"ppt",50.1
"Morox",7,2003,"tmin",21.2
"Morox",7,2003,"tmax",32
"Morox",7,2003,"tavg",26.6
"Morox",7,2003,"ppt",107.5
"Morox",8,2003,"tmin",21.4
"Morox",8,2003,"tmax",32.4
"Morox",8,2003,"tavg",26.9
"Morox",8,2003,"ppt",102.6
"Morox",9,2003,"tmin",21.3
"Morox",9,2003,"tmax",32
"Morox",9,2003,"tavg",26.65
"Morox",9,2003,"ppt",128.3
"Morox",10,2003,"tmin",22.4
"Morox",10,2003,"tmax",32.7
"Morox",10,2003,"tavg",27.55
"Morox",10,2003,"ppt",154.1
"Morox",11,2003,"tmin",22.3
"Morox",11,2003,"tmax",33.1
"Morox",11,2003,"tavg",27.7
"Morox",11,2003,"ppt",249.9
"Morox",12,2003,"tmin",22.9
"Morox",12,2003,"tmax",32.9
"Morox",12,2003,"tavg",27.9
"Morox",12,2003,"ppt",210.1
"Niksek",1,2003,"tmin",21.4
"Niksek",1,2003,"tmax",31.7
"Niksek",1,2003,"tavg",26.55
"Niksek",1,2003,"ppt",360.2
"Niksek",2,2003,"tmin",21.6
"Niksek",2,2003,"tmax",31.8
"Niksek",2,2003,"tavg",26.7
"Niksek",2,2003,"ppt",367.3
"Niksek",3,2003,"tmin",21.3
"Niksek",3,2003,"tmax",31.8
"Niksek",3,2003,"tavg",26.55
"Niksek",3,2003,"ppt",380.8
"Niksek",4,2003,"tmin",21.6
"Niksek",4,2003,"tmax",32.4
"Niksek",4,2003,"tavg",27
"Niksek",4,2003,"ppt",263.4
"Niksek",5,2003,"tmin",21.9
"Niksek",5,2003,"tmax",31.6
"Niksek",5,2003,"tavg",26.75
"Niksek",5,2003,"ppt",329.2
"Niksek",6,2003,"tmin",21.2
"Niksek",6,2003,"tmax",31.4
"Niksek",6,2003,"tavg",26.3
"Niksek",6,2003,"ppt",108
"Niksek",7,2003,"tmin",21.2
"Niksek",7,2003,"tmax",30.2
"Niksek",7,2003,"tavg",25.7
"Niksek",7,2003,"ppt",296.1
"Niksek",8,2003,"tmin",21.2
"Niksek",8,2003,"tmax",31.2
"Niksek",8,2003,"tavg",26.2
"Niksek",8,2003,"ppt",302.2
"Niksek",9,2003,"tmin",21.6
"Niksek",9,2003,"tmax",31.2
"Niksek",9,2003,"tavg",26.4
"Niksek",9,2003,"ppt",252
"Niksek",10,2003,"tmin",21.7
"Niksek",10,2003,"tmax",31.9
"Niksek",10,2003,"tavg",26.8
"Niksek",10,2003,"ppt",241.1
"Niksek",11,2003,"tmin",21.7
"Niksek",11,2003,"tmax",33.1
"Niksek",11,2003,"tavg",27.4
"Niksek",11,2003,"ppt",249.1
"Niksek",12,2003,"tmin",21.9
"Niksek",12,2003,"tmax",32
"Niksek",12,2003,"tavg",26.95
"Niksek",12,2003,"ppt",263.1
"Ohu",1,2003,"tmin",22.3
"Ohu",1,2003,"tmax",30.4
"Ohu",1,2003,"tavg",26.35
"Ohu",1,2003,"ppt",429.4
"Ohu",2,2003,"tmin",22.3
"Ohu",2,2003,"tmax",31.1
"Ohu",2,2003,"tavg",26.7
"Ohu",2,2003,"ppt",379.6
"Ohu",3,2003,"tmin",22.1
"Ohu",3,2003,"tmax",30.5
"Ohu",3,2003,"tavg",26.3
"Ohu",3,2003,"ppt",395.1
"Ohu",4,2003,"tmin",22
"Ohu",4,2003,"tmax",30.7
"Ohu",4,2003,"tavg",26.35
"Ohu",4,2003,"ppt",232.6
"Ohu",5,2003,"tmin",22.1
"Ohu",5,2003,"tmax",29.8
"Ohu",5,2003,"tavg",25.95
"Ohu",5,2003,"ppt",298.2
"Ohu",6,2003,"tmin",21.3
"Ohu",6,2003,"tmax",29.8
"Ohu",6,2003,"tavg",25.55
"Ohu",6,2003,"ppt",54.8
"Ohu",7,2003,"tmin",21
"Ohu",7,2003,"tmax",29.1
"Ohu",7,2003,"tavg",25.05
"Ohu",7,2003,"ppt",191
"Ohu",8,2003,"tmin",21.4
"Ohu",8,2003,"tmax",29.3
"Ohu",8,2003,"tavg",25.35
"Ohu",8,2003,"ppt",147.5
"Ohu",9,2003,"tmin",21.5
"Ohu",9,2003,"tmax",29.6
"Ohu",9,2003,"tavg",25.55
"Ohu",9,2003,"ppt",187
"Ohu",10,2003,"tmin",22
"Ohu",10,2003,"tmax",30.7
"Ohu",10,2003,"tavg",26.35
"Ohu",10,2003,"ppt",150.9
"Ohu",11,2003,"tmin",21.8
"Ohu",11,2003,"tmax",31.3
"Ohu",11,2003,"tavg",26.55
"Ohu",11,2003,"ppt",378
"Ohu",12,2003,"tmin",22.5
"Ohu",12,2003,"tmax",31
"Ohu",12,2003,"tavg",26.75
"Ohu",12,2003,"ppt",214.8
"Utai",1,2003,"tmin",22.4
"Utai",1,2003,"tmax",29.7
"Utai",1,2003,"tavg",26.05
"Utai",1,2003,"ppt",239.5
"Utai",2,2003,"tmin",22.4
"Utai",2,2003,"tmax",30.8
"Utai",2,2003,"tavg",26.6
"Utai",2,2003,"ppt",241.7
"Utai",3,2003,"tmin",22
"Utai",3,2003,"tmax",30.5
"Utai",3,2003,"tavg",26.25
"Utai",3,2003,"ppt",342
"Utai",4,2003,"tmin",22.4
"Utai",4,2003,"tmax",31.1
"Utai",4,2003,"tavg",26.75
"Utai",4,2003,"ppt",236.3
"Utai",5,2003,"tmin",22.4
"Utai",5,2003,"tmax",30.6
"Utai",5,2003,"tavg",26.5
"Utai",5,2003,"ppt",163.4
"Utai",6,2003,"tmin",21.5
"Utai",6,2003,"tmax",30.3
"Utai",6,2003,"tavg",25.9
"Utai",6,2003,"ppt",73.9
"Utai",7,2003,"tmin",21.4
"Utai",7,2003,"tmax",29.2
"Utai",7,2003,"tavg",25.3
"Utai",7,2003,"ppt",194.9
"Utai",8,2003,"tmin",21.6
"Utai",8,2003,"tmax",29.5
"Utai",8,2003,"tavg",25.55
"Utai",8,2003,"ppt",196.3
"Utai",9,2003,"tmin",21.9
"Utai",9,2003,"tmax",29.6
"Utai",9,2003,"tavg",25.75
"Utai",9,2003,"ppt",199
"Utai",10,2003,"tmin",22.2
"Utai",10,2003,"tmax",30.6
"Utai",10,2003,"tavg",26.4
"Utai",10,2003,"ppt",215.9
"Utai",11,2003,"tmin",22.3
"Utai",11,2003,"tmax",31.4
"Utai",11,2003,"tavg",26.85
"Utai",11,2003,"ppt",176.4
"Utai",12,2003,"tmin",22.2
"Utai",12,2003,"tmax",30.8
"Utai",12,2003,"tavg",26.5
"Utai",12,2003,"ppt",232.2
"Wamangu",1,2003,"tmin",22.4
"Wamangu",1,2003,"tmax",31.9
"Wamangu",1,2003,"tavg",27.15
"Wamangu",1,2003,"ppt",213.6
"Wamangu",2,2003,"tmin",22.3
"Wamangu",2,2003,"tmax",31.8
"Wamangu",2,2003,"tavg",27.05
"Wamangu",2,2003,"ppt",158.1
"Wamangu",3,2003,"tmin",21.9
"Wamangu",3,2003,"tmax",31.9
"Wamangu",3,2003,"tavg",26.9
"Wamangu",3,2003,"ppt",209.5
"Wamangu",4,2003,"tmin",22.1
"Wamangu",4,2003,"tmax",32.3
"Wamangu",4,2003,"tavg",27.2
"Wamangu",4,2003,"ppt",157.9
"Wamangu",5,2003,"tmin",22.3
"Wamangu",5,2003,"tmax",32
"Wamangu",5,2003,"tavg",27.15
"Wamangu",5,2003,"ppt",125.2
"Wamangu",6,2003,"tmin",21.5
"Wamangu",6,2003,"tmax",32
"Wamangu",6,2003,"tavg",26.75
"Wamangu",6,2003,"ppt",59.1
"Wamangu",7,2003,"tmin",21.2
"Wamangu",7,2003,"tmax",31.3
"Wamangu",7,2003,"tavg",26.25
"Wamangu",7,2003,"ppt",129.1
"Wamangu",8,2003,"tmin",21.1
"Wamangu",8,2003,"tmax",31.8
"Wamangu",8,2003,"tavg",26.45
"Wamangu",8,2003,"ppt",120.4
"Wamangu",9,2003,"tmin",21.3
"Wamangu",9,2003,"tmax",31.8
"Wamangu",9,2003,"tavg",26.55
"Wamangu",9,2003,"ppt",165.4
"Wamangu",10,2003,"tmin",22.2
"Wamangu",10,2003,"tmax",32.2
"Wamangu",10,2003,"tavg",27.2
"Wamangu",10,2003,"ppt",205.7
"Wamangu",11,2003,"tmin",22.2
"Wamangu",11,2003,"tmax",32.8
"Wamangu",11,2003,"tavg",27.5
"Wamangu",11,2003,"ppt",202.7
"Wamangu",12,2003,"tmin",22.7
"Wamangu",12,2003,"tmax",32.3
"Wamangu",12,2003,"tavg",27.5
"Wamangu",12,2003,"ppt",177.7
"Wanang",1,2003,"tmin",21.4
"Wanang",1,2003,"tmax",30.2
"Wanang",1,2003,"tavg",25.8
"Wanang",1,2003,"ppt",469.9
"Wanang",2,2003,"tmin",21.4
"Wanang",2,2003,"tmax",31.1
"Wanang",2,2003,"tavg",26.25
"Wanang",2,2003,"ppt",423.7
"Wanang",3,2003,"tmin",21.2
"Wanang",3,2003,"tmax",30.7
"Wanang",3,2003,"tavg",25.95
"Wanang",3,2003,"ppt",413.6
"Wanang",4,2003,"tmin",21.4
"Wanang",4,2003,"tmax",31
"Wanang",4,2003,"tavg",26.2
"Wanang",4,2003,"ppt",225.7
"Wanang",5,2003,"tmin",21.3
"Wanang",5,2003,"tmax",29.9
"Wanang",5,2003,"tavg",25.6
"Wanang",5,2003,"ppt",389.4
"Wanang",6,2003,"tmin",20.1
"Wanang",6,2003,"tmax",30.5
"Wanang",6,2003,"tavg",25.3
"Wanang",6,2003,"ppt",46.4
"Wanang",7,2003,"tmin",20.2
"Wanang",7,2003,"tmax",29.7
"Wanang",7,2003,"tavg",24.95
"Wanang",7,2003,"ppt",163.1
"Wanang",8,2003,"tmin",20.9
"Wanang",8,2003,"tmax",29.5
"Wanang",8,2003,"tavg",25.2
"Wanang",8,2003,"ppt",168.3
"Wanang",9,2003,"tmin",20.8
"Wanang",9,2003,"tmax",29.4
"Wanang",9,2003,"tavg",25.1
"Wanang",9,2003,"ppt",202.6
"Wanang",10,2003,"tmin",21.2
"Wanang",10,2003,"tmax",31.2
"Wanang",10,2003,"tavg",26.2
"Wanang",10,2003,"ppt",195.8
"Wanang",11,2003,"tmin",21.2
"Wanang",11,2003,"tmax",31.8
"Wanang",11,2003,"tavg",26.5
"Wanang",11,2003,"ppt",243.2
"Wanang",12,2003,"tmin",21.5
"Wanang",12,2003,"tmax",31.4
"Wanang",12,2003,"tavg",26.45
"Wanang",12,2003,"ppt",301.8
"Yapsiei",1,2003,"tmin",22.2
"Yapsiei",1,2003,"tmax",30.7
"Yapsiei",1,2003,"tavg",26.45
"Yapsiei",1,2003,"ppt",403.7
"Yapsiei",2,2003,"tmin",22.3
"Yapsiei",2,2003,"tmax",31.6
"Yapsiei",2,2003,"tavg",26.95
"Yapsiei",2,2003,"ppt",373.6
"Yapsiei",3,2003,"tmin",21.9
"Yapsiei",3,2003,"tmax",31.7
"Yapsiei",3,2003,"tavg",26.8
"Yapsiei",3,2003,"ppt",426.7
"Yapsiei",4,2003,"tmin",22.2
"Yapsiei",4,2003,"tmax",32
"Yapsiei",4,2003,"tavg",27.1
"Yapsiei",4,2003,"ppt",294.7
"Yapsiei",5,2003,"tmin",22.4
"Yapsiei",5,2003,"tmax",31.3
"Yapsiei",5,2003,"tavg",26.85
"Yapsiei",5,2003,"ppt",315.2
"Yapsiei",6,2003,"tmin",21.1
"Yapsiei",6,2003,"tmax",31.1
"Yapsiei",6,2003,"tavg",26.1
"Yapsiei",6,2003,"ppt",131.6
"Yapsiei",7,2003,"tmin",21.8
"Yapsiei",7,2003,"tmax",29.4
"Yapsiei",7,2003,"tavg",25.6
"Yapsiei",7,2003,"ppt",408.4
"Yapsiei",8,2003,"tmin",21.8
"Yapsiei",8,2003,"tmax",29.9
"Yapsiei",8,2003,"tavg",25.85
"Yapsiei",8,2003,"ppt",495.4
"Yapsiei",9,2003,"tmin",21.8
"Yapsiei",9,2003,"tmax",30.2
"Yapsiei",9,2003,"tavg",26
"Yapsiei",9,2003,"ppt",414
"Yapsiei",10,2003,"tmin",22
"Yapsiei",10,2003,"tmax",31.5
"Yapsiei",10,2003,"tavg",26.75
"Yapsiei",10,2003,"ppt",295.9
"Yapsiei",11,2003,"tmin",22.2
"Yapsiei",11,2003,"tmax",32.9
"Yapsiei",11,2003,"tavg",27.55
"Yapsiei",11,2003,"ppt",234.9
"Yapsiei",12,2003,"tmin",22.1
"Yapsiei",12,2003,"tmax",31.9
"Yapsiei",12,2003,"tavg",27
"Yapsiei",12,2003,"ppt",402.3
"Elem",1,2004,"tmin",20.8
"Elem",1,2004,"tmax",32.4
"Elem",1,2004,"tavg",26.6
"Elem",1,2004,"ppt",453
"Elem",2,2004,"tmin",21
"Elem",2,2004,"tmax",32.1
"Elem",2,2004,"tavg",26.55
"Elem",2,2004,"ppt",318.1
"Elem",3,2004,"tmin",21
"Elem",3,2004,"tmax",32.1
"Elem",3,2004,"tavg",26.55
"Elem",3,2004,"ppt",380.7
"Elem",4,2004,"tmin",20.7
"Elem",4,2004,"tmax",31.9
"Elem",4,2004,"tavg",26.3
"Elem",4,2004,"ppt",320.8
"Elem",5,2004,"tmin",20.9
"Elem",5,2004,"tmax",31.3
"Elem",5,2004,"tavg",26.1
"Elem",5,2004,"ppt",266.8
"Elem",6,2004,"tmin",20.6
"Elem",6,2004,"tmax",30.9
"Elem",6,2004,"tavg",25.75
"Elem",6,2004,"ppt",194.3
"Elem",7,2004,"tmin",19.6
"Elem",7,2004,"tmax",30.7
"Elem",7,2004,"tavg",25.15
"Elem",7,2004,"ppt",127.7
"Elem",8,2004,"tmin",20.4
"Elem",8,2004,"tmax",31.1
"Elem",8,2004,"tavg",25.75
"Elem",8,2004,"ppt",135.8
"Elem",9,2004,"tmin",20.3
"Elem",9,2004,"tmax",31
"Elem",9,2004,"tavg",25.65
"Elem",9,2004,"ppt",208.2
"Elem",10,2004,"tmin",20.4
"Elem",10,2004,"tmax",31.6
"Elem",10,2004,"tavg",26
"Elem",10,2004,"ppt",191
"Elem",11,2004,"tmin",20.4
"Elem",11,2004,"tmax",31.2
"Elem",11,2004,"tavg",25.8
"Elem",11,2004,"ppt",349.8
"Elem",12,2004,"tmin",21
"Elem",12,2004,"tmax",32.2
"Elem",12,2004,"tavg",26.6
"Elem",12,2004,"ppt",369.3
"Morox",1,2004,"tmin",22.5
"Morox",1,2004,"tmax",32.7
"Morox",1,2004,"tavg",27.6
"Morox",1,2004,"ppt",260.9
"Morox",2,2004,"tmin",22.4
"Morox",2,2004,"tmax",32.6
"Morox",2,2004,"tavg",27.5
"Morox",2,2004,"ppt",213.7
"Morox",3,2004,"tmin",22.4
"Morox",3,2004,"tmax",32.6
"Morox",3,2004,"tavg",27.5
"Morox",3,2004,"ppt",241.9
"Morox",4,2004,"tmin",22.1
"Morox",4,2004,"tmax",32.3
"Morox",4,2004,"tavg",27.2
"Morox",4,2004,"ppt",196.7
"Morox",5,2004,"tmin",22.3
"Morox",5,2004,"tmax",32
"Morox",5,2004,"tavg",27.15
"Morox",5,2004,"ppt",176.9
"Morox",6,2004,"tmin",21.6
"Morox",6,2004,"tmax",32.1
"Morox",6,2004,"tavg",26.85
"Morox",6,2004,"ppt",93.1
"Morox",7,2004,"tmin",21
"Morox",7,2004,"tmax",32
"Morox",7,2004,"tavg",26.5
"Morox",7,2004,"ppt",61.9
"Morox",8,2004,"tmin",21.3
"Morox",8,2004,"tmax",32.6
"Morox",8,2004,"tavg",26.95
"Morox",8,2004,"ppt",63.2
"Morox",9,2004,"tmin",21.1
"Morox",9,2004,"tmax",32.1
"Morox",9,2004,"tavg",26.6
"Morox",9,2004,"ppt",112.6
"Morox",10,2004,"tmin",22.1
"Morox",10,2004,"tmax",32.5
"Morox",10,2004,"tavg",27.3
"Morox",10,2004,"ppt",138
"Morox",11,2004,"tmin",22.1
"Morox",11,2004,"tmax",31.9
"Morox",11,2004,"tavg",27
"Morox",11,2004,"ppt",283.1
"Morox",12,2004,"tmin",22.5
"Morox",12,2004,"tmax",32.7
"Morox",12,2004,"tavg",27.6
"Morox",12,2004,"ppt",181
"Niksek",1,2004,"tmin",21.5
"Niksek",1,2004,"tmax",32.7
"Niksek",1,2004,"tavg",27.1
"Niksek",1,2004,"ppt",336.6
"Niksek",2,2004,"tmin",21.7
"Niksek",2,2004,"tmax",32.3
"Niksek",2,2004,"tavg",27
"Niksek",2,2004,"ppt",359
"Niksek",3,2004,"tmin",21.5
"Niksek",3,2004,"tmax",32.5
"Niksek",3,2004,"tavg",27
"Niksek",3,2004,"ppt",373.2
"Niksek",4,2004,"tmin",21.8
"Niksek",4,2004,"tmax",32.4
"Niksek",4,2004,"tavg",27.1
"Niksek",4,2004,"ppt",313.2
"Niksek",5,2004,"tmin",21.9
"Niksek",5,2004,"tmax",31.2
"Niksek",5,2004,"tavg",26.55
"Niksek",5,2004,"ppt",246.9
"Niksek",6,2004,"tmin",21.5
"Niksek",6,2004,"tmax",31
"Niksek",6,2004,"tavg",26.25
"Niksek",6,2004,"ppt",191.4
"Niksek",7,2004,"tmin",21
"Niksek",7,2004,"tmax",30.4
"Niksek",7,2004,"tavg",25.7
"Niksek",7,2004,"ppt",228
"Niksek",8,2004,"tmin",21
"Niksek",8,2004,"tmax",31.4
"Niksek",8,2004,"tavg",26.2
"Niksek",8,2004,"ppt",225.4
"Niksek",9,2004,"tmin",21.4
"Niksek",9,2004,"tmax",31.2
"Niksek",9,2004,"tavg",26.3
"Niksek",9,2004,"ppt",249.3
"Niksek",10,2004,"tmin",21.1
"Niksek",10,2004,"tmax",31.6
"Niksek",10,2004,"tavg",26.35
"Niksek",10,2004,"ppt",187.2
"Niksek",11,2004,"tmin",21.5
"Niksek",11,2004,"tmax",32
"Niksek",11,2004,"tavg",26.75
"Niksek",11,2004,"ppt",247.7
"Niksek",12,2004,"tmin",21.6
"Niksek",12,2004,"tmax",32.2
"Niksek",12,2004,"tavg",26.9
"Niksek",12,2004,"ppt",159.8
"Ohu",1,2004,"tmin",22.4
"Ohu",1,2004,"tmax",31.5
"Ohu",1,2004,"tavg",26.95
"Ohu",1,2004,"ppt",294.6
"Ohu",2,2004,"tmin",22.4
"Ohu",2,2004,"tmax",31
"Ohu",2,2004,"tavg",26.7
"Ohu",2,2004,"ppt",414.8
"Ohu",3,2004,"tmin",22.6
"Ohu",3,2004,"tmax",31.1
"Ohu",3,2004,"tavg",26.85
"Ohu",3,2004,"ppt",401.2
"Ohu",4,2004,"tmin",22.1
"Ohu",4,2004,"tmax",30.2
"Ohu",4,2004,"tavg",26.15
"Ohu",4,2004,"ppt",337.4
"Ohu",5,2004,"tmin",22
"Ohu",5,2004,"tmax",29.8
"Ohu",5,2004,"tavg",25.9
"Ohu",5,2004,"ppt",216.5
"Ohu",6,2004,"tmin",21.3
"Ohu",6,2004,"tmax",29.3
"Ohu",6,2004,"tavg",25.3
"Ohu",6,2004,"ppt",269.7
"Ohu",7,2004,"tmin",20.8
"Ohu",7,2004,"tmax",29
"Ohu",7,2004,"tavg",24.9
"Ohu",7,2004,"ppt",99.3
"Ohu",8,2004,"tmin",20.9
"Ohu",8,2004,"tmax",28.8
"Ohu",8,2004,"tavg",24.85
"Ohu",8,2004,"ppt",113.9
"Ohu",9,2004,"tmin",21.5
"Ohu",9,2004,"tmax",29.7
"Ohu",9,2004,"tavg",25.6
"Ohu",9,2004,"ppt",182.4
"Ohu",10,2004,"tmin",21.8
"Ohu",10,2004,"tmax",30.5
"Ohu",10,2004,"tavg",26.15
"Ohu",10,2004,"ppt",140
"Ohu",11,2004,"tmin",21.6
"Ohu",11,2004,"tmax",30.2
"Ohu",11,2004,"tavg",25.9
"Ohu",11,2004,"ppt",335.7
"Ohu",12,2004,"tmin",22.2
"Ohu",12,2004,"tmax",30.8
"Ohu",12,2004,"tavg",26.5
"Ohu",12,2004,"ppt",228.2
"Utai",1,2004,"tmin",22.3
"Utai",1,2004,"tmax",30.7
"Utai",1,2004,"tavg",26.5
"Utai",1,2004,"ppt",244.6
"Utai",2,2004,"tmin",22.4
"Utai",2,2004,"tmax",30.7
"Utai",2,2004,"tavg",26.55
"Utai",2,2004,"ppt",235.9
"Utai",3,2004,"tmin",22.5
"Utai",3,2004,"tmax",30.7
"Utai",3,2004,"tavg",26.6
"Utai",3,2004,"ppt",228.6
"Utai",4,2004,"tmin",22.5
"Utai",4,2004,"tmax",31
"Utai",4,2004,"tavg",26.75
"Utai",4,2004,"ppt",168.8
"Utai",5,2004,"tmin",22.2
"Utai",5,2004,"tmax",30
"Utai",5,2004,"tavg",26.1
"Utai",5,2004,"ppt",228.5
"Utai",6,2004,"tmin",21.8
"Utai",6,2004,"tmax",29.6
"Utai",6,2004,"tavg",25.7
"Utai",6,2004,"ppt",119.7
"Utai",7,2004,"tmin",21.2
"Utai",7,2004,"tmax",29.3
"Utai",7,2004,"tavg",25.25
"Utai",7,2004,"ppt",127.5
"Utai",8,2004,"tmin",21.5
"Utai",8,2004,"tmax",29.8
"Utai",8,2004,"tavg",25.65
"Utai",8,2004,"ppt",132.5
"Utai",9,2004,"tmin",21.7
"Utai",9,2004,"tmax",29.3
"Utai",9,2004,"tavg",25.5
"Utai",9,2004,"ppt",169.4
"Utai",10,2004,"tmin",22
"Utai",10,2004,"tmax",30.6
"Utai",10,2004,"tavg",26.3
"Utai",10,2004,"ppt",174.3
"Utai",11,2004,"tmin",22.2
"Utai",11,2004,"tmax",30.5
"Utai",11,2004,"tavg",26.35
"Utai",11,2004,"ppt",217
"Utai",12,2004,"tmin",22.1
"Utai",12,2004,"tmax",30.9
"Utai",12,2004,"tavg",26.5
"Utai",12,2004,"ppt",220.6
"Wamangu",1,2004,"tmin",22.4
"Wamangu",1,2004,"tmax",32.3
"Wamangu",1,2004,"tavg",27.35
"Wamangu",1,2004,"ppt",180.9
"Wamangu",2,2004,"tmin",22.4
"Wamangu",2,2004,"tmax",32
"Wamangu",2,2004,"tavg",27.2
"Wamangu",2,2004,"ppt",150.2
"Wamangu",3,2004,"tmin",22.4
"Wamangu",3,2004,"tmax",32.2
"Wamangu",3,2004,"tavg",27.3
"Wamangu",3,2004,"ppt",184
"Wamangu",4,2004,"tmin",22.1
"Wamangu",4,2004,"tmax",32
"Wamangu",4,2004,"tavg",27.05
"Wamangu",4,2004,"ppt",150.5
"Wamangu",5,2004,"tmin",22.1
"Wamangu",5,2004,"tmax",31.7
"Wamangu",5,2004,"tavg",26.9
"Wamangu",5,2004,"ppt",182.6
"Wamangu",6,2004,"tmin",21.5
"Wamangu",6,2004,"tmax",31.7
"Wamangu",6,2004,"tavg",26.6
"Wamangu",6,2004,"ppt",94
"Wamangu",7,2004,"tmin",20.9
"Wamangu",7,2004,"tmax",31.6
"Wamangu",7,2004,"tavg",26.25
"Wamangu",7,2004,"ppt",59
"Wamangu",8,2004,"tmin",21
"Wamangu",8,2004,"tmax",32.4
"Wamangu",8,2004,"tavg",26.7
"Wamangu",8,2004,"ppt",84
"Wamangu",9,2004,"tmin",21.1
"Wamangu",9,2004,"tmax",31.7
"Wamangu",9,2004,"tavg",26.4
"Wamangu",9,2004,"ppt",135.3
"Wamangu",10,2004,"tmin",21.8
"Wamangu",10,2004,"tmax",32
"Wamangu",10,2004,"tavg",26.9
"Wamangu",10,2004,"ppt",164.4
"Wamangu",11,2004,"tmin",21.8
"Wamangu",11,2004,"tmax",31.7
"Wamangu",11,2004,"tavg",26.75
"Wamangu",11,2004,"ppt",232.5
"Wamangu",12,2004,"tmin",22.3
"Wamangu",12,2004,"tmax",32.1
"Wamangu",12,2004,"tavg",27.2
"Wamangu",12,2004,"ppt",133
"Wanang",1,2004,"tmin",21.3
"Wanang",1,2004,"tmax",31.7
"Wanang",1,2004,"tavg",26.5
"Wanang",1,2004,"ppt",370.7
"Wanang",2,2004,"tmin",21.5
"Wanang",2,2004,"tmax",31.3
"Wanang",2,2004,"tavg",26.4
"Wanang",2,2004,"ppt",427.1
"Wanang",3,2004,"tmin",21.7
"Wanang",3,2004,"tmax",31
"Wanang",3,2004,"tavg",26.35
"Wanang",3,2004,"ppt",383.7
"Wanang",4,2004,"tmin",21.4
"Wanang",4,2004,"tmax",30.5
"Wanang",4,2004,"tavg",25.95
"Wanang",4,2004,"ppt",323.2
"Wanang",5,2004,"tmin",21.4
"Wanang",5,2004,"tmax",29.7
"Wanang",5,2004,"tavg",25.55
"Wanang",5,2004,"ppt",235.8
"Wanang",6,2004,"tmin",20.6
"Wanang",6,2004,"tmax",29.6
"Wanang",6,2004,"tavg",25.1
"Wanang",6,2004,"ppt",192.1
"Wanang",7,2004,"tmin",19.9
"Wanang",7,2004,"tmax",29.5
"Wanang",7,2004,"tavg",24.7
"Wanang",7,2004,"ppt",110.8
"Wanang",8,2004,"tmin",20.4
"Wanang",8,2004,"tmax",29
"Wanang",8,2004,"tavg",24.7
"Wanang",8,2004,"ppt",183.2
"Wanang",9,2004,"tmin",20.8
"Wanang",9,2004,"tmax",29.9
"Wanang",9,2004,"tavg",25.35
"Wanang",9,2004,"ppt",206.8
"Wanang",10,2004,"tmin",20.7
"Wanang",10,2004,"tmax",30.5
"Wanang",10,2004,"tavg",25.6
"Wanang",10,2004,"ppt",184.2
"Wanang",11,2004,"tmin",20.9
"Wanang",11,2004,"tmax",30.4
"Wanang",11,2004,"tavg",25.65
"Wanang",11,2004,"ppt",305.1
"Wanang",12,2004,"tmin",21.3
"Wanang",12,2004,"tmax",31.4
"Wanang",12,2004,"tavg",26.35
"Wanang",12,2004,"ppt",331.4
"Yapsiei",1,2004,"tmin",22.2
"Yapsiei",1,2004,"tmax",32.3
"Yapsiei",1,2004,"tavg",27.25
"Yapsiei",1,2004,"ppt",313.9
"Yapsiei",2,2004,"tmin",22.4
"Yapsiei",2,2004,"tmax",32.2
"Yapsiei",2,2004,"tavg",27.3
"Yapsiei",2,2004,"ppt",413.5
"Yapsiei",3,2004,"tmin",22.2
"Yapsiei",3,2004,"tmax",31.9
"Yapsiei",3,2004,"tavg",27.05
"Yapsiei",3,2004,"ppt",467.2
"Yapsiei",4,2004,"tmin",22
"Yapsiei",4,2004,"tmax",31.8
"Yapsiei",4,2004,"tavg",26.9
"Yapsiei",4,2004,"ppt",226.2
"Yapsiei",5,2004,"tmin",22.1
"Yapsiei",5,2004,"tmax",30.8
"Yapsiei",5,2004,"tavg",26.45
"Yapsiei",5,2004,"ppt",306
"Yapsiei",6,2004,"tmin",21.5
"Yapsiei",6,2004,"tmax",30.5
"Yapsiei",6,2004,"tavg",26
"Yapsiei",6,2004,"ppt",210.8
"Yapsiei",7,2004,"tmin",21.3
"Yapsiei",7,2004,"tmax",29.6
"Yapsiei",7,2004,"tavg",25.45
"Yapsiei",7,2004,"ppt",288.5
"Yapsiei",8,2004,"tmin",21.7
"Yapsiei",8,2004,"tmax",30.2
"Yapsiei",8,2004,"tavg",25.95
"Yapsiei",8,2004,"ppt",286.7
"Yapsiei",9,2004,"tmin",21.6
"Yapsiei",9,2004,"tmax",30.2
"Yapsiei",9,2004,"tavg",25.9
"Yapsiei",9,2004,"ppt",379.1
"Yapsiei",10,2004,"tmin",21.5
"Yapsiei",10,2004,"tmax",31.3
"Yapsiei",10,2004,"tavg",26.4
"Yapsiei",10,2004,"ppt",227
"Yapsiei",11,2004,"tmin",21.9
"Yapsiei",11,2004,"tmax",31.8
"Yapsiei",11,2004,"tavg",26.85
"Yapsiei",11,2004,"ppt",255.9
"Yapsiei",12,2004,"tmin",22
"Yapsiei",12,2004,"tmax",32.2
"Yapsiei",12,2004,"tavg",27.1
"Yapsiei",12,2004,"ppt",207.9
"Elem",1,2005,"tmin",20.9
"Elem",1,2005,"tmax",31.7
"Elem",1,2005,"tavg",26.3
"Elem",1,2005,"ppt",429.3
"Elem",2,2005,"tmin",20.9
"Elem",2,2005,"tmax",31.7
"Elem",2,2005,"tavg",26.3
"Elem",2,2005,"ppt",413.9
"Elem",3,2005,"tmin",20.6
"Elem",3,2005,"tmax",31.6
"Elem",3,2005,"tavg",26.1
"Elem",3,2005,"ppt",370.6
"Elem",4,2005,"tmin",21.1
"Elem",4,2005,"tmax",31.8
"Elem",4,2005,"tavg",26.45
"Elem",4,2005,"ppt",350.9
"Elem",5,2005,"tmin",20.9
"Elem",5,2005,"tmax",31.7
"Elem",5,2005,"tavg",26.3
"Elem",5,2005,"ppt",230.5
"Elem",6,2005,"tmin",20.3
"Elem",6,2005,"tmax",31.5
"Elem",6,2005,"tavg",25.9
"Elem",6,2005,"ppt",113.7
"Elem",7,2005,"tmin",20.3
"Elem",7,2005,"tmax",30.4
"Elem",7,2005,"tavg",25.35
"Elem",7,2005,"ppt",171.5
"Elem",8,2005,"tmin",20.3
"Elem",8,2005,"tmax",31.2
"Elem",8,2005,"tavg",25.75
"Elem",8,2005,"ppt",184
"Elem",9,2005,"tmin",20.9
"Elem",9,2005,"tmax",31
"Elem",9,2005,"tavg",25.95
"Elem",9,2005,"ppt",234
"Elem",10,2005,"tmin",20.8
"Elem",10,2005,"tmax",32.3
"Elem",10,2005,"tavg",26.55
"Elem",10,2005,"ppt",236.1
"Elem",11,2005,"tmin",20.8
"Elem",11,2005,"tmax",31.5
"Elem",11,2005,"tavg",26.15
"Elem",11,2005,"ppt",374.8
"Elem",12,2005,"tmin",20.9
"Elem",12,2005,"tmax",31.8
"Elem",12,2005,"tavg",26.35
"Elem",12,2005,"ppt",298.2
"Morox",1,2005,"tmin",22.7
"Morox",1,2005,"tmax",32.7
"Morox",1,2005,"tavg",27.7
"Morox",1,2005,"ppt",265.9
"Morox",2,2005,"tmin",22.5
"Morox",2,2005,"tmax",32.2
"Morox",2,2005,"tavg",27.35
"Morox",2,2005,"ppt",214.9
"Morox",3,2005,"tmin",22.2
"Morox",3,2005,"tmax",32.1
"Morox",3,2005,"tavg",27.15
"Morox",3,2005,"ppt",244.3
"Morox",4,2005,"tmin",22.5
"Morox",4,2005,"tmax",32.8
"Morox",4,2005,"tavg",27.65
"Morox",4,2005,"ppt",162.3
"Morox",5,2005,"tmin",22.3
"Morox",5,2005,"tmax",32.6
"Morox",5,2005,"tavg",27.45
"Morox",5,2005,"ppt",186.9
"Morox",6,2005,"tmin",21.8
"Morox",6,2005,"tmax",32.4
"Morox",6,2005,"tavg",27.1
"Morox",6,2005,"ppt",85.2
"Morox",7,2005,"tmin",21.3
"Morox",7,2005,"tmax",31.9
"Morox",7,2005,"tavg",26.6
"Morox",7,2005,"ppt",106.8
"Morox",8,2005,"tmin",21.2
"Morox",8,2005,"tmax",32.7
"Morox",8,2005,"tavg",26.95
"Morox",8,2005,"ppt",80.7
"Morox",9,2005,"tmin",21.6
"Morox",9,2005,"tmax",32.3
"Morox",9,2005,"tavg",26.95
"Morox",9,2005,"ppt",156.2
"Morox",10,2005,"tmin",22.4
"Morox",10,2005,"tmax",32.8
"Morox",10,2005,"tavg",27.6
"Morox",10,2005,"ppt",168.2
"Morox",11,2005,"tmin",22.4
"Morox",11,2005,"tmax",32.3
"Morox",11,2005,"tavg",27.35
"Morox",11,2005,"ppt",284.7
"Morox",12,2005,"tmin",22.5
"Morox",12,2005,"tmax",32.6
"Morox",12,2005,"tavg",27.55
"Morox",12,2005,"ppt",236.8
"Niksek",1,2005,"tmin",21.6
"Niksek",1,2005,"tmax",32.3
"Niksek",1,2005,"tavg",26.95
"Niksek",1,2005,"ppt",286.5
"Niksek",2,2005,"tmin",21.7
"Niksek",2,2005,"tmax",32.1
"Niksek",2,2005,"tavg",26.9
"Niksek",2,2005,"ppt",397.4
"Niksek",3,2005,"tmin",21.5
"Niksek",3,2005,"tmax",32
"Niksek",3,2005,"tavg",26.75
"Niksek",3,2005,"ppt",455.5
"Niksek",4,2005,"tmin",22
"Niksek",4,2005,"tmax",32.2
"Niksek",4,2005,"tavg",27.1
"Niksek",4,2005,"ppt",245.5
"Niksek",5,2005,"tmin",22
"Niksek",5,2005,"tmax",31.6
"Niksek",5,2005,"tavg",26.8
"Niksek",5,2005,"ppt",238.2
"Niksek",6,2005,"tmin",21.7
"Niksek",6,2005,"tmax",31.6
"Niksek",6,2005,"tavg",26.65
"Niksek",6,2005,"ppt",173.7
"Niksek",7,2005,"tmin",21.6
"Niksek",7,2005,"tmax",30.2
"Niksek",7,2005,"tavg",25.9
"Niksek",7,2005,"ppt",372.5
"Niksek",8,2005,"tmin",21.2
"Niksek",8,2005,"tmax",31.2
"Niksek",8,2005,"tavg",26.2
"Niksek",8,2005,"ppt",377
"Niksek",9,2005,"tmin",21.8
"Niksek",9,2005,"tmax",30.8
"Niksek",9,2005,"tavg",26.3
"Niksek",9,2005,"ppt",402.8
"Niksek",10,2005,"tmin",22
"Niksek",10,2005,"tmax",31.9
"Niksek",10,2005,"tavg",26.95
"Niksek",10,2005,"ppt",201.9
"Niksek",11,2005,"tmin",21.9
"Niksek",11,2005,"tmax",32
"Niksek",11,2005,"tavg",26.95
"Niksek",11,2005,"ppt",338.7
"Niksek",12,2005,"tmin",21.7
"Niksek",12,2005,"tmax",31.6
"Niksek",12,2005,"tavg",26.65
"Niksek",12,2005,"ppt",230.4
"Ohu",1,2005,"tmin",22.4
"Ohu",1,2005,"tmax",31
"Ohu",1,2005,"tavg",26.7
"Ohu",1,2005,"ppt",445.6
"Ohu",2,2005,"tmin",22.4
"Ohu",2,2005,"tmax",31
"Ohu",2,2005,"tavg",26.7
"Ohu",2,2005,"ppt",352
"Ohu",3,2005,"tmin",22.4
"Ohu",3,2005,"tmax",30.4
"Ohu",3,2005,"tavg",26.4
"Ohu",3,2005,"ppt",306.6
"Ohu",4,2005,"tmin",22.3
"Ohu",4,2005,"tmax",30.7
"Ohu",4,2005,"tavg",26.5
"Ohu",4,2005,"ppt",265
"Ohu",5,2005,"tmin",22.1
"Ohu",5,2005,"tmax",30.5
"Ohu",5,2005,"tavg",26.3
"Ohu",5,2005,"ppt",189.8
"Ohu",6,2005,"tmin",21.5
"Ohu",6,2005,"tmax",29.8
"Ohu",6,2005,"tavg",25.65
"Ohu",6,2005,"ppt",85.6
"Ohu",7,2005,"tmin",21.2
"Ohu",7,2005,"tmax",29.1
"Ohu",7,2005,"tavg",25.15
"Ohu",7,2005,"ppt",215.1
"Ohu",8,2005,"tmin",21.1
"Ohu",8,2005,"tmax",29.1
"Ohu",8,2005,"tavg",25.1
"Ohu",8,2005,"ppt",268.9
"Ohu",9,2005,"tmin",21.6
"Ohu",9,2005,"tmax",29.6
"Ohu",9,2005,"tavg",25.6
"Ohu",9,2005,"ppt",249.9
"Ohu",10,2005,"tmin",22
"Ohu",10,2005,"tmax",30.7
"Ohu",10,2005,"tavg",26.35
"Ohu",10,2005,"ppt",178.7
"Ohu",11,2005,"tmin",21.9
"Ohu",11,2005,"tmax",30.8
"Ohu",11,2005,"tavg",26.35
"Ohu",11,2005,"ppt",318.2
"Ohu",12,2005,"tmin",22.1
"Ohu",12,2005,"tmax",30.6
"Ohu",12,2005,"tavg",26.35
"Ohu",12,2005,"ppt",259.9
"Utai",1,2005,"tmin",22.7
"Utai",1,2005,"tmax",30.8
"Utai",1,2005,"tavg",26.75
"Utai",1,2005,"ppt",176.3
"Utai",2,2005,"tmin",22.7
"Utai",2,2005,"tmax",30.7
"Utai",2,2005,"tavg",26.7
"Utai",2,2005,"ppt",194.5
"Utai",3,2005,"tmin",22.5
"Utai",3,2005,"tmax",30.7
"Utai",3,2005,"tavg",26.6
"Utai",3,2005,"ppt",291.9
"Utai",4,2005,"tmin",22.6
"Utai",4,2005,"tmax",31
"Utai",4,2005,"tavg",26.8
"Utai",4,2005,"ppt",204
"Utai",5,2005,"tmin",22.3
"Utai",5,2005,"tmax",30.1
"Utai",5,2005,"tavg",26.2
"Utai",5,2005,"ppt",238.8
"Utai",6,2005,"tmin",22.1
"Utai",6,2005,"tmax",30
"Utai",6,2005,"tavg",26.05
"Utai",6,2005,"ppt",127.8
"Utai",7,2005,"tmin",21.9
"Utai",7,2005,"tmax",29.2
"Utai",7,2005,"tavg",25.55
"Utai",7,2005,"ppt",138.6
"Utai",8,2005,"tmin",21.8
"Utai",8,2005,"tmax",29.6
"Utai",8,2005,"tavg",25.7
"Utai",8,2005,"ppt",175.9
"Utai",9,2005,"tmin",22.4
"Utai",9,2005,"tmax",29.5
"Utai",9,2005,"tavg",25.95
"Utai",9,2005,"ppt",273.7
"Utai",10,2005,"tmin",22.4
"Utai",10,2005,"tmax",30.5
"Utai",10,2005,"tavg",26.45
"Utai",10,2005,"ppt",218.1
"Utai",11,2005,"tmin",22.6
"Utai",11,2005,"tmax",30.8
"Utai",11,2005,"tavg",26.7
"Utai",11,2005,"ppt",221.1
"Utai",12,2005,"tmin",22.1
"Utai",12,2005,"tmax",30.4
"Utai",12,2005,"tavg",26.25
"Utai",12,2005,"ppt",285.8
"Wamangu",1,2005,"tmin",22.7
"Wamangu",1,2005,"tmax",32.5
"Wamangu",1,2005,"tavg",27.6
"Wamangu",1,2005,"ppt",178.3
"Wamangu",2,2005,"tmin",22.5
"Wamangu",2,2005,"tmax",31.6
"Wamangu",2,2005,"tavg",27.05
"Wamangu",2,2005,"ppt",158.6
"Wamangu",3,2005,"tmin",22.1
"Wamangu",3,2005,"tmax",31.7
"Wamangu",3,2005,"tavg",26.9
"Wamangu",3,2005,"ppt",228.9
"Wamangu",4,2005,"tmin",22.4
"Wamangu",4,2005,"tmax",32.4
"Wamangu",4,2005,"tavg",27.4
"Wamangu",4,2005,"ppt",135.7
"Wamangu",5,2005,"tmin",22.1
"Wamangu",5,2005,"tmax",32.1
"Wamangu",5,2005,"tavg",27.1
"Wamangu",5,2005,"ppt",191.8
"Wamangu",6,2005,"tmin",21.7
"Wamangu",6,2005,"tmax",31.8
"Wamangu",6,2005,"tavg",26.75
"Wamangu",6,2005,"ppt",101.1
"Wamangu",7,2005,"tmin",21.3
"Wamangu",7,2005,"tmax",31.3
"Wamangu",7,2005,"tavg",26.3
"Wamangu",7,2005,"ppt",111.7
"Wamangu",8,2005,"tmin",21.1
"Wamangu",8,2005,"tmax",32.3
"Wamangu",8,2005,"tavg",26.7
"Wamangu",8,2005,"ppt",100.1
"Wamangu",9,2005,"tmin",21.7
"Wamangu",9,2005,"tmax",31.8
"Wamangu",9,2005,"tavg",26.75
"Wamangu",9,2005,"ppt",169.4
"Wamangu",10,2005,"tmin",22.3
"Wamangu",10,2005,"tmax",32.2
"Wamangu",10,2005,"tavg",27.25
"Wamangu",10,2005,"ppt",195.3
"Wamangu",11,2005,"tmin",22.2
"Wamangu",11,2005,"tmax",31.9
"Wamangu",11,2005,"tavg",27.05
"Wamangu",11,2005,"ppt",239.1
"Wamangu",12,2005,"tmin",22.3
"Wamangu",12,2005,"tmax",32
"Wamangu",12,2005,"tavg",27.15
"Wamangu",12,2005,"ppt",214
"Wanang",1,2005,"tmin",21.5
"Wanang",1,2005,"tmax",30.6
"Wanang",1,2005,"tavg",26.05
"Wanang",1,2005,"ppt",441.5
"Wanang",2,2005,"tmin",21.5
"Wanang",2,2005,"tmax",30.6
"Wanang",2,2005,"tavg",26.05
"Wanang",2,2005,"ppt",393.8
"Wanang",3,2005,"tmin",21.5
"Wanang",3,2005,"tmax",30.7
"Wanang",3,2005,"tavg",26.1
"Wanang",3,2005,"ppt",379.5
"Wanang",4,2005,"tmin",21.6
"Wanang",4,2005,"tmax",30.8
"Wanang",4,2005,"tavg",26.2
"Wanang",4,2005,"ppt",314.9
"Wanang",5,2005,"tmin",21.4
"Wanang",5,2005,"tmax",30.7
"Wanang",5,2005,"tavg",26.05
"Wanang",5,2005,"ppt",206.6
"Wanang",6,2005,"tmin",20.5
"Wanang",6,2005,"tmax",30.4
"Wanang",6,2005,"tavg",25.45
"Wanang",6,2005,"ppt",110
"Wanang",7,2005,"tmin",20.4
"Wanang",7,2005,"tmax",29.1
"Wanang",7,2005,"tavg",24.75
"Wanang",7,2005,"ppt",202.7
"Wanang",8,2005,"tmin",20.6
"Wanang",8,2005,"tmax",29.1
"Wanang",8,2005,"tavg",24.85
"Wanang",8,2005,"ppt",256.6
"Wanang",9,2005,"tmin",21.1
"Wanang",9,2005,"tmax",29
"Wanang",9,2005,"tavg",25.05
"Wanang",9,2005,"ppt",309.3
"Wanang",10,2005,"tmin",21
"Wanang",10,2005,"tmax",30.8
"Wanang",10,2005,"tavg",25.9
"Wanang",10,2005,"ppt",219.5
"Wanang",11,2005,"tmin",21.1
"Wanang",11,2005,"tmax",30.2
"Wanang",11,2005,"tavg",25.65
"Wanang",11,2005,"ppt",362.6
"Wanang",12,2005,"tmin",21.1
"Wanang",12,2005,"tmax",30.9
"Wanang",12,2005,"tavg",26
"Wanang",12,2005,"ppt",283.2
"Yapsiei",1,2005,"tmin",22.5
"Yapsiei",1,2005,"tmax",32
"Yapsiei",1,2005,"tavg",27.25
"Yapsiei",1,2005,"ppt",283.4
"Yapsiei",2,2005,"tmin",22.2
"Yapsiei",2,2005,"tmax",31.7
"Yapsiei",2,2005,"tavg",26.95
"Yapsiei",2,2005,"ppt",403.3
"Yapsiei",3,2005,"tmin",22.2
"Yapsiei",3,2005,"tmax",31.7
"Yapsiei",3,2005,"tavg",26.95
"Yapsiei",3,2005,"ppt",323.3
"Yapsiei",4,2005,"tmin",22.4
"Yapsiei",4,2005,"tmax",31.4
"Yapsiei",4,2005,"tavg",26.9
"Yapsiei",4,2005,"ppt",307.5
"Yapsiei",5,2005,"tmin",22.4
"Yapsiei",5,2005,"tmax",30.7
"Yapsiei",5,2005,"tavg",26.55
"Yapsiei",5,2005,"ppt",303.7
"Yapsiei",6,2005,"tmin",21.8
"Yapsiei",6,2005,"tmax",31.1
"Yapsiei",6,2005,"tavg",26.45
"Yapsiei",6,2005,"ppt",248.6
"Yapsiei",7,2005,"tmin",22
"Yapsiei",7,2005,"tmax",29.6
"Yapsiei",7,2005,"tavg",25.8
"Yapsiei",7,2005,"ppt",405.2
"Yapsiei",8,2005,"tmin",21.8
"Yapsiei",8,2005,"tmax",29.8
"Yapsiei",8,2005,"tavg",25.8
"Yapsiei",8,2005,"ppt",364.1
"Yapsiei",9,2005,"tmin",22.3
"Yapsiei",9,2005,"tmax",30.4
"Yapsiei",9,2005,"tavg",26.35
"Yapsiei",9,2005,"ppt",458.5
"Yapsiei",10,2005,"tmin",22.5
"Yapsiei",10,2005,"tmax",31.8
"Yapsiei",10,2005,"tavg",27.15
"Yapsiei",10,2005,"ppt",279.3
"Yapsiei",11,2005,"tmin",22.5
"Yapsiei",11,2005,"tmax",31.9
"Yapsiei",11,2005,"tavg",27.2
"Yapsiei",11,2005,"ppt",256.8
"Yapsiei",12,2005,"tmin",22.1
"Yapsiei",12,2005,"tmax",31.6
"Yapsiei",12,2005,"tavg",26.85
"Yapsiei",12,2005,"ppt",267.4
"Elem",1,2006,"tmin",20.7
"Elem",1,2006,"tmax",31.8
"Elem",1,2006,"tavg",26.25
"Elem",1,2006,"ppt",483.6
"Elem",2,2006,"tmin",21.2
"Elem",2,2006,"tmax",32
"Elem",2,2006,"tavg",26.6
"Elem",2,2006,"ppt",400.3
"Elem",3,2006,"tmin",20.9
"Elem",3,2006,"tmax",31.5
"Elem",3,2006,"tavg",26.2
"Elem",3,2006,"ppt",461.3
"Elem",4,2006,"tmin",20.8
"Elem",4,2006,"tmax",31.5
"Elem",4,2006,"tavg",26.15
"Elem",4,2006,"ppt",362.9
"Elem",5,2006,"tmin",20.7
"Elem",5,2006,"tmax",31.9
"Elem",5,2006,"tavg",26.3
"Elem",5,2006,"ppt",240.7
"Elem",6,2006,"tmin",20.7
"Elem",6,2006,"tmax",31.3
"Elem",6,2006,"tavg",26
"Elem",6,2006,"ppt",170.5
"Elem",7,2006,"tmin",20.2
"Elem",7,2006,"tmax",30.7
"Elem",7,2006,"tavg",25.45
"Elem",7,2006,"ppt",172.5
"Elem",8,2006,"tmin",20.6
"Elem",8,2006,"tmax",31.1
"Elem",8,2006,"tavg",25.85
"Elem",8,2006,"ppt",220.8
"Elem",9,2006,"tmin",20.6
"Elem",9,2006,"tmax",31.4
"Elem",9,2006,"tavg",26
"Elem",9,2006,"ppt",254.9
"Elem",10,2006,"tmin",20.8
"Elem",10,2006,"tmax",32.1
"Elem",10,2006,"tavg",26.45
"Elem",10,2006,"ppt",236.3
"Elem",11,2006,"tmin",20.6
"Elem",11,2006,"tmax",32.1
"Elem",11,2006,"tavg",26.35
"Elem",11,2006,"ppt",452.9
"Elem",12,2006,"tmin",21.5
"Elem",12,2006,"tmax",32.6
"Elem",12,2006,"tavg",27.05
"Elem",12,2006,"ppt",569.3
"Morox",1,2006,"tmin",22.5
"Morox",1,2006,"tmax",32.5
"Morox",1,2006,"tavg",27.5
"Morox",1,2006,"ppt",244.5
"Morox",2,2006,"tmin",22.8
"Morox",2,2006,"tmax",32.8
"Morox",2,2006,"tavg",27.8
"Morox",2,2006,"ppt",244.7
"Morox",3,2006,"tmin",22.1
"Morox",3,2006,"tmax",31.9
"Morox",3,2006,"tavg",27
"Morox",3,2006,"ppt",298.8
"Morox",4,2006,"tmin",22.2
"Morox",4,2006,"tmax",32.3
"Morox",4,2006,"tavg",27.25
"Morox",4,2006,"ppt",226.2
"Morox",5,2006,"tmin",22.1
"Morox",5,2006,"tmax",32.8
"Morox",5,2006,"tavg",27.45
"Morox",5,2006,"ppt",152.4
"Morox",6,2006,"tmin",21.9
"Morox",6,2006,"tmax",32.1
"Morox",6,2006,"tavg",27
"Morox",6,2006,"ppt",102.5
"Morox",7,2006,"tmin",21.4
"Morox",7,2006,"tmax",32.2
"Morox",7,2006,"tavg",26.8
"Morox",7,2006,"ppt",130.9
"Morox",8,2006,"tmin",21.3
"Morox",8,2006,"tmax",32.7
"Morox",8,2006,"tavg",27
"Morox",8,2006,"ppt",118.4
"Morox",9,2006,"tmin",21.5
"Morox",9,2006,"tmax",32.6
"Morox",9,2006,"tavg",27.05
"Morox",9,2006,"ppt",160.4
"Morox",10,2006,"tmin",22.4
"Morox",10,2006,"tmax",33.2
"Morox",10,2006,"tavg",27.8
"Morox",10,2006,"ppt",121
"Morox",11,2006,"tmin",22.3
"Morox",11,2006,"tmax",32.7
"Morox",11,2006,"tavg",27.5
"Morox",11,2006,"ppt",220.8
"Morox",12,2006,"tmin",22.8
"Morox",12,2006,"tmax",33.3
"Morox",12,2006,"tavg",28.05
"Morox",12,2006,"ppt",253.8
"Niksek",1,2006,"tmin",21.4
"Niksek",1,2006,"tmax",32
"Niksek",1,2006,"tavg",26.7
"Niksek",1,2006,"ppt",279.7
"Niksek",2,2006,"tmin",21.8
"Niksek",2,2006,"tmax",32.1
"Niksek",2,2006,"tavg",26.95
"Niksek",2,2006,"ppt",492
"Niksek",3,2006,"tmin",21.5
"Niksek",3,2006,"tmax",31.9
"Niksek",3,2006,"tavg",26.7
"Niksek",3,2006,"ppt",417.6
"Niksek",4,2006,"tmin",21.7
"Niksek",4,2006,"tmax",31.9
"Niksek",4,2006,"tavg",26.8
"Niksek",4,2006,"ppt",377.4
"Niksek",5,2006,"tmin",21.8
"Niksek",5,2006,"tmax",31.9
"Niksek",5,2006,"tavg",26.85
"Niksek",5,2006,"ppt",211.2
"Niksek",6,2006,"tmin",21.9
"Niksek",6,2006,"tmax",31.1
"Niksek",6,2006,"tavg",26.5
"Niksek",6,2006,"ppt",193.7
"Niksek",7,2006,"tmin",21.7
"Niksek",7,2006,"tmax",30.4
"Niksek",7,2006,"tavg",26.05
"Niksek",7,2006,"ppt",299.9
"Niksek",8,2006,"tmin",21.4
"Niksek",8,2006,"tmax",31.3
"Niksek",8,2006,"tavg",26.35
"Niksek",8,2006,"ppt",285
"Niksek",9,2006,"tmin",21.7
"Niksek",9,2006,"tmax",31.2
"Niksek",9,2006,"tavg",26.45
"Niksek",9,2006,"ppt",268.9
"Niksek",10,2006,"tmin",21.7
"Niksek",10,2006,"tmax",32
"Niksek",10,2006,"tavg",26.85
"Niksek",10,2006,"ppt",302.2
"Niksek",11,2006,"tmin",21.7
"Niksek",11,2006,"tmax",32.7
"Niksek",11,2006,"tavg",27.2
"Niksek",11,2006,"ppt",258.3
"Niksek",12,2006,"tmin",22.2
"Niksek",12,2006,"tmax",32.5
"Niksek",12,2006,"tavg",27.35
"Niksek",12,2006,"ppt",501.9
"Ohu",1,2006,"tmin",22.2
"Ohu",1,2006,"tmax",31.2
"Ohu",1,2006,"tavg",26.7
"Ohu",1,2006,"ppt",457.5
"Ohu",2,2006,"tmin",22.5
"Ohu",2,2006,"tmax",31.2
"Ohu",2,2006,"tavg",26.85
"Ohu",2,2006,"ppt",466.4
"Ohu",3,2006,"tmin",22.2
"Ohu",3,2006,"tmax",30.5
"Ohu",3,2006,"tavg",26.35
"Ohu",3,2006,"ppt",385
"Ohu",4,2006,"tmin",22.1
"Ohu",4,2006,"tmax",30.2
"Ohu",4,2006,"tavg",26.15
"Ohu",4,2006,"ppt",334.5
"Ohu",5,2006,"tmin",21.8
"Ohu",5,2006,"tmax",30.5
"Ohu",5,2006,"tavg",26.15
"Ohu",5,2006,"ppt",290.2
"Ohu",6,2006,"tmin",21.7
"Ohu",6,2006,"tmax",29.5
"Ohu",6,2006,"tavg",25.6
"Ohu",6,2006,"ppt",230.3
"Ohu",7,2006,"tmin",21.1
"Ohu",7,2006,"tmax",29
"Ohu",7,2006,"tavg",25.05
"Ohu",7,2006,"ppt",164.5
"Ohu",8,2006,"tmin",21.1
"Ohu",8,2006,"tmax",29
"Ohu",8,2006,"tavg",25.05
"Ohu",8,2006,"ppt",209.6
"Ohu",9,2006,"tmin",21.5
"Ohu",9,2006,"tmax",29.8
"Ohu",9,2006,"tavg",25.65
"Ohu",9,2006,"ppt",538.4
"Ohu",10,2006,"tmin",21.8
"Ohu",10,2006,"tmax",30.5
"Ohu",10,2006,"tavg",26.15
"Ohu",10,2006,"ppt",244
"Ohu",11,2006,"tmin",21.6
"Ohu",11,2006,"tmax",31
"Ohu",11,2006,"tavg",26.3
"Ohu",11,2006,"ppt",313
"Ohu",12,2006,"tmin",22.3
"Ohu",12,2006,"tmax",30.9
"Ohu",12,2006,"tavg",26.6
"Ohu",12,2006,"ppt",278.1
"Utai",1,2006,"tmin",22.3
"Utai",1,2006,"tmax",30.6
"Utai",1,2006,"tavg",26.45
"Utai",1,2006,"ppt",305.6
"Utai",2,2006,"tmin",22.6
"Utai",2,2006,"tmax",30.5
"Utai",2,2006,"tavg",26.55
"Utai",2,2006,"ppt",300.8
"Utai",3,2006,"tmin",22.3
"Utai",3,2006,"tmax",30.4
"Utai",3,2006,"tavg",26.35
"Utai",3,2006,"ppt",343.8
"Utai",4,2006,"tmin",22.3
"Utai",4,2006,"tmax",30.4
"Utai",4,2006,"tavg",26.35
"Utai",4,2006,"ppt",220.9
"Utai",5,2006,"tmin",22.2
"Utai",5,2006,"tmax",30.5
"Utai",5,2006,"tavg",26.35
"Utai",5,2006,"ppt",179.1
"Utai",6,2006,"tmin",22
"Utai",6,2006,"tmax",29.8
"Utai",6,2006,"tavg",25.9
"Utai",6,2006,"ppt",138.9
"Utai",7,2006,"tmin",22
"Utai",7,2006,"tmax",29.4
"Utai",7,2006,"tavg",25.7
"Utai",7,2006,"ppt",173.6
"Utai",8,2006,"tmin",22
"Utai",8,2006,"tmax",29.6
"Utai",8,2006,"tavg",25.8
"Utai",8,2006,"ppt",198.2
"Utai",9,2006,"tmin",22.2
"Utai",9,2006,"tmax",29.5
"Utai",9,2006,"tavg",25.85
"Utai",9,2006,"ppt",248.2
"Utai",10,2006,"tmin",22.3
"Utai",10,2006,"tmax",30.7
"Utai",10,2006,"tavg",26.5
"Utai",10,2006,"ppt",180.1
"Utai",11,2006,"tmin",22.5
"Utai",11,2006,"tmax",31.5
"Utai",11,2006,"tavg",27
"Utai",11,2006,"ppt",196.2
"Utai",12,2006,"tmin",22.7
"Utai",12,2006,"tmax",31.2
"Utai",12,2006,"tavg",26.95
"Utai",12,2006,"ppt",248.4
"Wamangu",1,2006,"tmin",22.5
"Wamangu",1,2006,"tmax",32.1
"Wamangu",1,2006,"tavg",27.3
"Wamangu",1,2006,"ppt",197.8
"Wamangu",2,2006,"tmin",22.7
"Wamangu",2,2006,"tmax",32
"Wamangu",2,2006,"tavg",27.35
"Wamangu",2,2006,"ppt",187
"Wamangu",3,2006,"tmin",22.1
"Wamangu",3,2006,"tmax",31.4
"Wamangu",3,2006,"tavg",26.75
"Wamangu",3,2006,"ppt",249.4
"Wamangu",4,2006,"tmin",22.1
"Wamangu",4,2006,"tmax",31.9
"Wamangu",4,2006,"tavg",27
"Wamangu",4,2006,"ppt",188.6
"Wamangu",5,2006,"tmin",22
"Wamangu",5,2006,"tmax",32.3
"Wamangu",5,2006,"tavg",27.15
"Wamangu",5,2006,"ppt",172.2
"Wamangu",6,2006,"tmin",21.8
"Wamangu",6,2006,"tmax",31.3
"Wamangu",6,2006,"tavg",26.55
"Wamangu",6,2006,"ppt",118.1
"Wamangu",7,2006,"tmin",21.4
"Wamangu",7,2006,"tmax",31.6
"Wamangu",7,2006,"tavg",26.5
"Wamangu",7,2006,"ppt",164.3
"Wamangu",8,2006,"tmin",21.1
"Wamangu",8,2006,"tmax",32.4
"Wamangu",8,2006,"tavg",26.75
"Wamangu",8,2006,"ppt",155.2
"Wamangu",9,2006,"tmin",21.4
"Wamangu",9,2006,"tmax",32.1
"Wamangu",9,2006,"tavg",26.75
"Wamangu",9,2006,"ppt",192.6
"Wamangu",10,2006,"tmin",22.1
"Wamangu",10,2006,"tmax",32.4
"Wamangu",10,2006,"tavg",27.25
"Wamangu",10,2006,"ppt",135.7
"Wamangu",11,2006,"tmin",22.1
"Wamangu",11,2006,"tmax",32.4
"Wamangu",11,2006,"tavg",27.25
"Wamangu",11,2006,"ppt",173.3
"Wamangu",12,2006,"tmin",22.6
"Wamangu",12,2006,"tmax",32.6
"Wamangu",12,2006,"tavg",27.6
"Wamangu",12,2006,"ppt",172.3
"Wanang",1,2006,"tmin",21.2
"Wanang",1,2006,"tmax",30.8
"Wanang",1,2006,"tavg",26
"Wanang",1,2006,"ppt",473.8
"Wanang",2,2006,"tmin",21.7
"Wanang",2,2006,"tmax",31.1
"Wanang",2,2006,"tavg",26.4
"Wanang",2,2006,"ppt",483
"Wanang",3,2006,"tmin",21.4
"Wanang",3,2006,"tmax",30.5
"Wanang",3,2006,"tavg",25.95
"Wanang",3,2006,"ppt",406.9
"Wanang",4,2006,"tmin",21.3
"Wanang",4,2006,"tmax",30.3
"Wanang",4,2006,"tavg",25.8
"Wanang",4,2006,"ppt",311.6
"Wanang",5,2006,"tmin",21.1
"Wanang",5,2006,"tmax",30.7
"Wanang",5,2006,"tavg",25.9
"Wanang",5,2006,"ppt",241.4
"Wanang",6,2006,"tmin",20.8
"Wanang",6,2006,"tmax",29.9
"Wanang",6,2006,"tavg",25.35
"Wanang",6,2006,"ppt",171.8
"Wanang",7,2006,"tmin",20.3
"Wanang",7,2006,"tmax",29.1
"Wanang",7,2006,"tavg",24.7
"Wanang",7,2006,"ppt",164.8
"Wanang",8,2006,"tmin",20.9
"Wanang",8,2006,"tmax",28.8
"Wanang",8,2006,"tavg",24.85
"Wanang",8,2006,"ppt",196.3
"Wanang",9,2006,"tmin",21
"Wanang",9,2006,"tmax",29.3
"Wanang",9,2006,"tavg",25.15
"Wanang",9,2006,"ppt",400.3
"Wanang",10,2006,"tmin",21.1
"Wanang",10,2006,"tmax",30.6
"Wanang",10,2006,"tavg",25.85
"Wanang",10,2006,"ppt",244.7
"Wanang",11,2006,"tmin",20.8
"Wanang",11,2006,"tmax",31
"Wanang",11,2006,"tavg",25.9
"Wanang",11,2006,"ppt",369.1
"Wanang",12,2006,"tmin",21.6
"Wanang",12,2006,"tmax",31.6
"Wanang",12,2006,"tavg",26.6
"Wanang",12,2006,"ppt",295.3
"Yapsiei",1,2006,"tmin",22.4
"Yapsiei",1,2006,"tmax",32
"Yapsiei",1,2006,"tavg",27.2
"Yapsiei",1,2006,"ppt",286
"Yapsiei",2,2006,"tmin",22.6
"Yapsiei",2,2006,"tmax",31.4
"Yapsiei",2,2006,"tavg",27
"Yapsiei",2,2006,"ppt",435.4
"Yapsiei",3,2006,"tmin",22.1
"Yapsiei",3,2006,"tmax",31.4
"Yapsiei",3,2006,"tavg",26.75
"Yapsiei",3,2006,"ppt",389.8
"Yapsiei",4,2006,"tmin",22.2
"Yapsiei",4,2006,"tmax",31.3
"Yapsiei",4,2006,"tavg",26.75
"Yapsiei",4,2006,"ppt",427
"Yapsiei",5,2006,"tmin",22.1
"Yapsiei",5,2006,"tmax",31.3
"Yapsiei",5,2006,"tavg",26.7
"Yapsiei",5,2006,"ppt",258
"Yapsiei",6,2006,"tmin",22.1
"Yapsiei",6,2006,"tmax",30.9
"Yapsiei",6,2006,"tavg",26.5
"Yapsiei",6,2006,"ppt",222
"Yapsiei",7,2006,"tmin",22.1
"Yapsiei",7,2006,"tmax",29.7
"Yapsiei",7,2006,"tavg",25.9
"Yapsiei",7,2006,"ppt",493
"Yapsiei",8,2006,"tmin",22.1
"Yapsiei",8,2006,"tmax",29.9
"Yapsiei",8,2006,"tavg",26
"Yapsiei",8,2006,"ppt",292.5
"Yapsiei",9,2006,"tmin",22.1
"Yapsiei",9,2006,"tmax",30.2
"Yapsiei",9,2006,"tavg",26.15
"Yapsiei",9,2006,"ppt",355.3
"Yapsiei",10,2006,"tmin",22.3
"Yapsiei",10,2006,"tmax",31.4
"Yapsiei",10,2006,"tavg",26.85
"Yapsiei",10,2006,"ppt",236.5
"Yapsiei",11,2006,"tmin",22.2
"Yapsiei",11,2006,"tmax",32.4
"Yapsiei",11,2006,"tavg",27.3
"Yapsiei",11,2006,"ppt",262.5
"Yapsiei",12,2006,"tmin",22.7
"Yapsiei",12,2006,"tmax",32.5
"Yapsiei",12,2006,"tavg",27.6
"Yapsiei",12,2006,"ppt",283.3
