50    0.212733    0.00227834    0    1    1    0    1    0    1    1    0    0    1    1    1    0    1    0    1    0    1    0    1    1    0    0    1    1    1    0    0    0    0    0    1    1    0    0    1    1    0    1    1    1    0    1    0    1    1    0    1    1    0    0    1    1    0    0    1    1    1    0    0    1    1    0    1    1    1    0    0    1    1    0    1    0    0    1    0    1    1    1    0    1    1    1    1    1    1    0    1    1    1    1    0    1    1    1    1    0    1    1    1    1    0    0    0    0    1    0    0    1    0    1    0    1    1    0    0    0    1    0    1    0    1    0    0    1    0    0    0    1    0    0    1    0    0    0    1    0    0    1    1    1    1    0    0    0    0    1    1    1    1    0    1    0    0    1    0    0    1    0    0    1    1    1    0    0    0    1    0    0    1    0    0    1    0    1    0    0    0    0    1    0    0    1    0    1    0    0    1    1    0    0    0    1    0    0    1    0    0    0    
50    0.355307    0.858883    0    1    0    0    1    0    0    0    0    1    1    1    1    0    1    0    0    1    1    1    0    0    0    0    1    1    1    1    0    0    0    1    1    1    1    0    1    0    1    1    1    0    0    1    0    1    0    0    1    0    0    0    1    1    1    1    1    1    1    1    0    0    0    1    0    1    1    1    1    0    1    0    0    0    1    1    0    1    1    0    0    1    1    0    1    1    0    1    0    0    1    1    0    1    0    1    0    1    0    0    1    1    1    0    1    0    1    1    1    1    0    0    0    1    0    0    0    1    1    0    0    0    0    1    1    0    0    0    0    0    0    0    1    1    1    1    0    0    0    0    0    0    0    1    1    0    0    0    0    0    0    0    1    0    1    1    0    0    1    0    1    0    0    0    0    0    1    1    0    0    0    0    1    0    1    0    0    0    0    0    0    1    0    0    1    0    0    0    1    1    1    1    0    1    0    1    1    1    1    0    
50    0.0371035    0.551124    0    1    1    1    1    1    0    0    1    1    1    0    1    1    0    0    0    0    1    1    1    1    1    1    1    1    1    1    0    1    1    0    1    0    0    1    0    1    1    1    1    0    1    1    1    1    1    1    0    0    1    1    1    1    0    0    1    1    0    1    0    1    1    1    0    1    1    1    1    0    1    1    1    1    0    1    1    0    0    1    1    1    0    0    1    0    1    0    1    0    1    0    1    0    1    0    1    0    1    1    0    1    0    1    1    1    1    1    0    0    0    0    0    0    1    0    0    0    0    1    1    1    0    1    0    0    0    0    0    0    0    1    0    0    1    0    1    1    0    1    0    0    1    0    1    0    0    0    0    1    0    1    0    0    1    0    0    0    0    0    1    0    0    0    0    0    0    0    0    1    0    0    1    0    0    1    1    0    0    1    0    1    1    1    0    0    1    0    0    0    1    0    0    1    1    0    0    0    0    1    
50    0.419646    0.904504    0    1    0    0    1    0    1    0    1    1    1    1    0    0    1    1    1    1    1    1    1    1    1    0    0    0    1    1    0    0    1    1    1    1    1    1    0    0    1    1    1    1    1    1    1    1    0    1    1    0    0    0    0    0    1    1    1    0    0    1    0    1    0    0    0    0    1    0    0    0    0    0    0    1    0    1    0    1    1    1    1    0    1    0    1    0    0    0    1    0    1    0    1    1    1    1    1    0    1    1    1    0    1    0    0    0    1    1    0    0    0    1    1    0    0    1    0    0    0    1    0    1    0    0    1    0    1    0    1    1    1    1    0    0    1    1    0    1    0    0    1    0    0    1    0    0    0    1    1    0    1    0    0    1    1    0    0    1    1    1    0    0    0    1    1    0    0    0    0    0    0    1    1    1    0    0    1    1    0    1    0    0    1    0    1    0    0    1    0    0    0    0    1    0    1    1    1    0    0    0    
50    0.675604    0.899376    1    0    0    1    1    1    0    1    1    0    0    0    0    1    1    0    0    0    0    1    1    1    0    0    1    1    0    0    0    0    0    0    1    1    0    1    0    1    1    0    1    1    0    0    0    1    1    0    0    0    1    0    0    0    0    1    0    1    0    1    1    1    1    1    1    1    0    0    0    0    0    0    1    0    0    0    0    1    1    1    1    1    1    0    0    1    1    0    0    0    0    0    0    1    0    0    0    1    0    0    0    1    1    0    0    0    0    0    1    0    0    0    0    0    1    0    0    0    0    0    0    1    1    0    1    0    1    1    0    1    0    1    0    0    0    1    0    0    1    0    0    0    0    0    0    0    1    1    0    1    1    1    1    1    0    0    0    0    0    0    1    0    1    0    0    0    0    0    0    1    1    1    0    0    1    0    0    0    1    1    0    1    1    1    0    0    0    0    0    1    0    1    0    0    0    1    0    1    0    0    
50    0.83566    0.226686    0    0    0    1    1    0    0    0    1    1    1    1    0    0    1    0    0    0    0    1    1    0    1    0    1    0    1    0    0    1    0    0    0    0    0    0    0    0    0    1    1    0    0    0    0    0    1    0    0    0    1    0    1    1    0    0    1    1    0    0    0    1    0    0    0    1    1    0    0    0    0    1    0    0    1    0    1    0    0    1    1    1    0    0    0    1    0    0    1    1    0    1    1    0    1    0    0    0    0    1    1    0    0    0    0    1    0    1    1    0    0    1    0    0    1    1    1    0    1    0    0    0    1    0    0    0    1    1    1    0    0    0    0    0    0    0    0    1    0    1    0    0    1    0    0    0    0    0    0    1    1    1    0    1    0    0    1    1    0    0    0    0    0    1    0    0    1    0    1    0    0    0    1    0    0    1    0    0    0    1    0    0    1    0    0    0    0    1    0    0    0    1    0    0    0    0    0    1    0    1    
50    0.965484    0.1572    1    0    0    1    0    1    0    1    1    0    0    0    1    0    0    1    1    0    1    1    1    1    1    1    0    0    1    1    0    1    0    1    0    0    1    1    0    1    1    1    1    0    1    0    0    1    1    1    1    0    0    0    0    1    1    0    0    0    0    1    0    0    0    1    1    1    1    1    0    1    1    0    0    1    1    0    1    1    0    1    0    1    1    0    0    1    0    0    0    0    0    0    0    1    0    1    0    1    1    1    1    1    1    0    0    1    1    1    0    1    1    0    0    0    0    0    0    1    1    0    1    1    0    0    1    0    0    0    0    0    0    0    0    0    1    0    0    0    0    1    1    0    1    0    1    1    0    0    0    1    0    0    0    0    0    1    1    0    0    0    1    1    0    0    0    1    0    1    1    0    1    0    0    0    0    0    0    0    1    1    1    0    1    0    0    0    1    0    0    1    0    0    0    0    0    0    0    0    1    1    
50    0.129631    0.543122    0    1    1    1    1    1    0    1    1    1    0    1    0    0    1    0    1    0    1    0    1    0    1    1    1    1    1    1    1    0    0    0    0    1    1    1    0    1    0    1    1    0    0    0    0    1    1    1    1    1    1    1    0    1    0    1    1    0    0    1    1    1    0    1    0    0    0    1    1    1    0    0    0    0    0    0    1    1    0    1    1    1    0    1    1    0    1    0    0    1    0    1    1    1    1    1    1    0    1    0    0    0    0    1    0    1    0    0    0    1    0    0    0    1    1    0    0    1    0    0    1    0    1    1    0    0    0    1    1    1    1    0    0    0    1    1    1    0    1    0    0    0    0    1    0    0    0    1    1    0    0    0    0    0    0    1    1    0    1    0    0    0    1    0    1    1    0    1    0    0    0    1    0    1    0    1    0    0    1    1    0    1    1    0    0    1    0    0    1    0    1    0    0    0    0    0    1    0    0    1    
50    0.0756739    0.66576    1    1    0    1    1    1    1    0    1    1    1    0    1    1    1    0    1    1    0    1    0    0    1    1    0    1    1    1    1    0    0    1    1    0    0    1    0    0    1    1    1    0    1    1    1    1    1    1    0    1    0    0    1    1    0    0    1    1    0    0    1    1    0    1    1    1    1    1    0    1    1    1    0    0    1    1    1    1    0    1    1    1    1    1    0    1    0    0    1    1    0    1    1    0    1    1    1    1    1    0    1    0    0    1    0    1    1    0    1    1    0    0    0    1    0    1    1    1    1    1    0    1    0    1    0    0    0    0    1    0    0    0    0    1    0    1    1    0    1    0    1    0    1    1    1    0    0    1    0    0    1    1    0    0    1    1    1    1    0    1    1    0    0    0    1    1    0    1    1    1    0    0    1    0    1    1    0    0    1    1    0    0    1    1    0    0    0    1    1    0    0    1    0    1    1    0    0    1    1    1    
50    0.689016    0.725894    0    0    0    0    0    0    0    1    1    0    0    0    1    0    0    1    0    0    1    0    0    1    1    0    1    0    1    1    0    1    1    1    0    1    1    1    1    1    0    1    1    1    0    0    1    0    1    1    1    0    1    0    0    1    0    1    0    0    1    0    1    1    1    0    0    1    1    0    0    0    1    1    0    1    1    0    0    1    0    1    0    1    1    1    1    1    0    1    1    0    0    0    1    0    0    1    0    0    1    1    0    0    1    1    0    0    0    1    0    0    0    0    0    0    0    0    1    1    1    0    0    0    1    1    0    1    0    0    1    0    0    0    0    0    0    0    0    0    0    1    0    1    0    0    1    0    0    0    0    1    0    0    0    0    0    0    1    1    0    0    0    1    0    1    0    0    1    0    0    0    1    0    1    0    0    0    1    0    0    0    0    0    1    0    0    0    0    0    0    0    0    1    0    0    0    0    0    0    0    1    
50    0.0295518    0.269537    1    0    0    1    0    0    0    1    0    1    0    1    1    1    1    1    1    0    0    0    0    1    1    0    1    1    1    0    0    1    1    1    1    1    0    0    0    1    1    1    0    0    1    0    1    0    1    1    1    0    1    1    1    1    1    0    1    0    0    0    1    1    0    0    0    1    1    1    1    0    1    1    0    1    1    1    1    1    1    1    0    1    1    0    1    0    1    0    0    1    1    1    0    1    1    1    0    1    0    1    1    1    0    0    0    1    0    1    0    0    0    1    0    0    0    0    0    1    1    0    0    0    1    0    0    0    1    1    0    0    1    1    1    1    1    1    0    0    0    0    0    0    0    0    1    0    0    0    0    1    0    0    0    0    1    1    0    1    0    0    0    0    0    1    1    0    0    0    1    0    1    1    0    1    1    0    0    0    0    1    1    1    0    0    0    0    1    0    1    1    0    0    0    0    0    0    0    1    0    1    
50    0.215003    0.490492    1    1    0    0    0    1    1    0    0    1    1    0    0    1    1    1    1    1    0    1    1    0    0    1    1    1    1    0    1    0    1    0    1    0    1    1    1    0    0    1    0    1    1    0    0    0    1    1    0    1    0    1    0    0    0    1    0    0    1    0    1    1    1    1    0    0    0    0    0    1    0    0    1    1    1    0    0    1    0    0    1    1    1    1    1    1    0    0    1    1    0    0    1    0    0    1    1    1    0    0    1    0    0    0    1    1    0    1    0    1    1    1    0    1    0    0    0    1    0    1    1    1    1    0    1    0    0    0    1    1    1    0    0    0    1    0    1    1    1    0    1    0    1    1    1    0    1    0    1    0    1    1    0    0    1    0    0    0    0    0    0    0    0    1    0    1    1    0    0    0    1    0    0    1    1    0    0    1    0    0    0    0    0    0    0    0    1    0    0    1    1    0    0    1    1    1    0    0    0    0    
50    0.931245    0.0242124    0    1    0    0    0    0    0    1    0    0    1    1    1    1    1    0    0    1    1    0    1    1    1    1    1    1    1    0    0    1    1    0    1    1    1    0    1    1    1    0    1    1    1    1    1    1    1    0    1    0    1    1    1    0    1    1    1    1    1    0    0    0    0    1    1    1    0    1    0    1    1    1    0    0    1    1    1    1    0    1    1    1    1    0    1    1    0    1    1    0    0    0    0    1    1    0    0    1    1    1    0    1    0    0    0    0    1    1    1    0    0    0    1    0    0    1    1    0    0    1    0    0    0    0    0    0    0    0    0    1    1    0    1    1    1    0    0    0    1    1    0    1    0    0    1    1    0    0    1    1    0    0    1    0    0    1    0    1    1    0    1    1    0    0    0    1    1    1    1    0    0    0    0    0    1    0    0    1    0    1    0    1    0    0    1    0    0    0    0    0    1    0    0    0    0    0    0    1    1    0    
50    0.0242167    0.0405795    0    1    1    1    0    0    0    1    0    0    1    1    0    1    0    0    1    1    1    1    1    1    1    1    1    0    1    0    0    1    0    0    0    0    0    0    1    1    1    0    1    1    0    1    1    1    0    0    0    1    0    1    1    1    1    1    0    0    0    1    1    1    1    1    1    1    1    1    0    1    1    0    0    0    1    1    1    1    1    1    1    1    1    1    1    0    0    0    1    1    1    1    1    1    1    1    1    1    1    0    1    0    0    0    1    0    0    1    1    0    1    0    0    0    0    0    0    0    0    1    1    0    0    1    0    1    0    1    0    1    0    1    1    0    0    0    0    0    0    1    1    0    1    1    0    1    1    0    0    1    0    1    0    0    0    1    1    1    0    1    0    1    0    1    1    0    0    0    0    0    1    0    0    0    1    0    1    0    0    0    0    1    1    0    0    1    1    1    1    0    0    0    1    0    0    1    0    0    0    0    
50    0.234882    0.463322    1    0    1    0    1    0    1    1    1    1    0    0    0    0    0    1    1    0    0    0    0    0    0    0    0    1    0    1    0    1    0    1    1    0    0    0    1    1    0    1    0    1    1    0    1    1    1    1    1    1    0    0    0    0    1    0    0    0    0    0    1    1    1    1    0    0    0    0    1    0    0    0    0    0    1    1    0    0    1    0    0    1    1    1    1    0    0    1    0    0    0    1    1    0    0    0    0    1    1    1    0    0    0    1    1    1    1    0    0    1    1    0    0    0    0    0    0    1    0    1    0    0    0    1    0    1    1    0    0    0    1    0    0    0    0    0    0    0    1    0    0    1    0    1    1    1    0    1    0    0    0    0    0    0    1    0    1    0    0    0    0    0    0    0    1    0    0    1    0    0    0    0    0    0    1    0    0    0    0    0    0    0    0    0    1    0    0    0    0    0    0    1    0    0    0    0    0    1    0    0    
50    0.92671    0.135296    0    1    0    1    0    1    1    1    1    0    1    1    1    0    1    1    1    0    1    0    1    0    1    0    1    1    1    1    0    0    1    0    0    1    1    1    0    1    1    1    1    1    0    1    1    1    1    0    0    0    0    0    0    1    1    1    1    1    0    0    1    0    1    1    1    1    1    1    0    1    1    0    0    0    1    0    0    1    0    1    0    1    0    1    0    0    0    1    0    0    0    0    1    1    1    0    0    0    1    0    0    0    1    0    0    0    0    1    0    0    1    0    0    1    1    0    0    0    0    0    0    0    1    0    1    1    0    0    0    1    1    0    0    1    0    1    1    0    1    0    0    1    0    0    0    1    1    0    0    1    0    0    0    1    0    0    0    1    1    0    0    0    1    1    1    0    1    0    0    0    1    1    1    0    0    0    0    0    0    0    1    0    0    0    0    1    0    0    1    0    0    1    0    0    0    1    1    0    0    0    
50    0.685937    0.589056    0    0    0    0    0    1    0    0    1    1    1    0    0    0    0    1    1    1    0    1    0    1    0    0    1    1    0    0    1    0    0    0    1    0    0    1    0    1    0    1    1    0    0    1    0    0    1    0    0    0    0    0    0    0    0    1    1    1    1    1    1    0    1    1    0    1    1    1    1    1    1    0    1    1    0    0    1    0    1    0    0    0    0    1    1    0    1    1    1    1    1    0    1    1    1    0    1    0    0    0    1    1    0    0    1    1    1    0    1    0    0    1    0    0    0    1    1    1    1    1    1    0    0    1    0    0    1    1    1    0    0    0    0    0    0    0    1    0    0    1    0    0    1    0    0    0    0    1    1    0    0    0    0    0    0    0    0    1    1    0    0    0    0    1    0    1    0    0    1    1    0    0    0    0    0    0    0    0    0    0    0    0    0    0    0    1    0    0    0    0    0    0    0    1    1    1    0    1    1    0    
50    0.319598    0.613919    1    0    0    1    0    1    1    0    1    1    1    1    0    0    0    0    1    1    1    0    0    0    1    0    1    1    1    1    1    0    0    0    1    0    0    0    0    1    0    0    0    0    0    1    1    1    0    1    0    0    1    0    0    1    0    0    1    1    1    1    1    1    1    1    0    1    0    1    0    0    1    0    1    1    1    1    0    1    1    0    1    1    0    0    0    0    0    0    1    0    0    1    0    1    0    0    1    1    0    0    0    0    0    0    1    1    0    0    0    0    1    0    1    0    0    1    0    0    0    0    1    0    1    0    0    0    0    1    0    0    0    0    0    1    0    0    0    0    0    0    0    0    0    1    0    0    1    1    1    0    0    0    0    0    0    0    0    0    1    0    1    0    0    0    1    1    0    0    0    0    0    0    0    0    0    1    0    0    1    0    1    0    1    0    0    0    0    0    0    0    0    1    0    0    1    0    0    0    0    0    
50    0.297154    0.372713    1    0    0    0    0    0    0    0    0    1    1    0    0    1    0    1    0    0    0    0    1    0    0    0    0    0    0    1    1    0    1    1    0    0    1    0    1    0    1    0    0    0    0    0    1    1    0    1    1    0    0    1    1    0    1    0    0    0    0    1    1    0    1    0    0    0    0    1    0    0    0    0    0    0    1    0    0    1    0    0    0    0    0    1    0    0    0    0    0    0    0    0    1    0    0    0    1    0    0    0    1    1    0    1    0    0    0    0    0    0    1    1    0    1    0    0    1    0    0    0    0    1    1    0    0    1    0    0    0    0    0    0    1    0    0    0    0    0    1    1    0    0    1    0    0    0    1    1    0    1    0    0    0    0    0    1    1    0    0    0    0    0    0    0    0    0    0    0    0    0    0    0    0    0    0    0    0    0    0    0    1    0    0    0    0    0    0    0    0    0    0    0    0    0    0    0    0    1    0    0    
50    0.12917    0.684561    0    0    0    1    1    0    1    1    1    1    0    0    1    1    1    1    1    1    0    1    0    0    1    1    1    1    1    1    1    0    1    0    1    1    1    1    1    1    0    0    0    1    1    1    1    1    1    1    0    1    0    0    0    1    1    0    0    0    0    0    1    0    1    1    0    1    1    1    0    0    1    1    1    1    1    1    1    1    1    1    1    1    1    1    1    1    1    0    0    1    1    1    1    0    0    1    1    0    0    1    0    0    0    0    0    0    1    0    1    1    0    0    0    0    1    0    1    0    0    1    0    1    1    1    1    0    1    0    0    0    1    1    1    0    1    1    0    1    0    1    1    0    0    0    0    0    1    1    1    1    0    1    0    1    0    1    1    0    0    0    0    1    0    0    0    1    1    0    0    0    1    1    0    0    0    0    1    0    1    0    1    0    1    0    0    1    0    1    1    0    1    1    0    1    0    0    0    0    0    1    
50    0.364801    0.675325    0    1    0    0    0    1    0    1    0    1    1    1    0    0    0    1    1    1    1    0    1    1    1    1    0    1    1    1    0    1    0    0    1    0    1    0    0    1    0    0    1    0    0    1    1    1    0    1    1    1    1    1    1    0    0    0    1    1    1    0    1    0    0    0    0    1    1    1    0    1    1    0    0    1    1    0    0    0    0    0    0    1    1    0    0    1    0    1    1    1    1    1    0    1    1    0    0    1    1    1    0    1    0    0    0    0    1    1    1    0    1    0    1    0    1    0    0    0    0    1    0    0    0    1    0    0    1    1    1    0    0    0    1    0    0    1    1    0    0    0    1    0    0    0    0    0    0    1    0    1    0    0    0    0    1    1    0    0    0    1    0    1    1    0    0    0    0    0    1    0    0    1    0    0    1    0    0    1    0    1    0    1    0    0    0    1    1    1    0    0    0    1    0    0    1    0    0    1    0    0    
50    0.064517    0.155506    1    1    1    0    1    1    1    0    1    1    1    1    0    0    1    0    1    0    1    1    1    1    1    1    0    1    1    0    0    1    1    1    1    1    1    1    1    0    0    1    1    1    1    0    1    0    1    1    1    0    0    1    0    1    0    0    0    1    1    0    0    1    1    0    1    1    0    0    0    0    1    1    0    1    1    1    1    0    1    1    1    0    1    1    1    0    1    1    1    1    1    0    1    1    1    1    0    0    0    0    0    0    0    0    1    1    1    1    0    0    0    1    0    0    1    0    0    0    0    0    1    1    1    0    1    0    0    1    0    1    0    1    1    0    1    0    1    0    1    0    0    0    0    0    0    1    1    0    0    0    0    1    0    0    0    1    0    0    0    1    1    0    1    1    0    1    1    0    0    1    0    1    1    0    0    0    1    0    0    1    1    1    0    1    0    1    0    0    0    1    0    1    1    0    0    0    1    0    1    0    
50    0.324365    0.676785    1    0    0    1    0    1    0    0    0    1    1    1    1    0    1    0    1    1    1    1    1    0    0    0    0    0    0    1    1    0    0    1    1    0    0    0    0    1    1    1    1    0    0    0    1    1    0    1    1    1    0    1    1    0    0    0    0    0    1    1    0    1    1    1    0    0    0    0    0    0    0    0    1    0    1    1    1    1    1    0    0    0    1    1    1    1    1    0    1    0    1    0    0    1    0    0    0    1    0    0    1    0    0    0    0    1    0    1    0    1    0    1    0    0    0    1    0    1    1    0    0    0    1    0    0    1    0    0    0    1    1    0    0    0    1    0    0    0    0    0    1    0    1    0    0    0    0    1    1    1    1    0    0    0    1    1    0    0    0    0    0    0    1    1    1    0    0    0    1    0    0    0    0    1    0    0    0    1    1    1    0    1    0    0    0    0    1    1    1    1    0    0    0    0    0    0    1    0    0    1    
50    0.00900735    0.638059    0    1    1    1    0    1    1    1    1    1    1    1    1    0    1    0    1    1    0    0    1    0    1    1    1    0    1    1    1    1    1    1    1    0    0    1    1    1    1    0    0    1    0    0    1    0    1    1    1    1    1    0    0    1    1    1    1    0    1    1    0    1    1    1    0    1    1    0    1    1    0    0    1    0    0    1    1    1    0    1    1    1    1    1    0    1    1    1    0    1    0    1    1    1    1    1    1    1    1    0    1    1    1    0    0    0    0    1    0    0    0    1    0    0    1    0    1    0    1    0    0    1    1    0    0    0    0    0    1    0    0    0    1    1    0    0    0    0    1    0    1    0    1    1    0    0    1    1    1    1    0    0    0    1    0    1    1    0    0    1    0    1    1    0    1    0    1    1    1    1    0    0    1    1    0    0    1    1    0    1    0    0    1    0    1    0    1    1    0    1    0    1    0    1    0    0    1    1    0    1    
50    0.285362    0.906565    1    1    1    1    0    1    1    0    1    1    1    1    1    0    1    0    1    1    1    1    1    0    1    0    1    0    1    1    1    1    1    1    1    1    1    1    0    1    1    1    1    0    1    1    1    1    1    1    1    1    0    1    1    1    1    0    1    0    0    1    0    1    0    0    0    1    1    1    1    1    1    0    0    1    1    1    0    1    1    1    1    0    0    0    1    0    1    0    1    0    1    0    0    0    0    0    0    1    0    1    0    0    0    1    0    0    0    1    0    0    1    1    1    1    1    1    0    0    0    0    0    0    0    0    1    0    0    0    1    1    0    1    0    0    1    0    0    0    1    0    0    1    0    1    1    0    0    1    1    0    1    0    1    1    0    0    0    0    0    1    0    0    1    1    1    1    1    1    0    1    0    0    0    1    0    0    0    1    0    0    0    0    0    1    0    0    1    0    0    0    1    0    0    0    1    0    0    1    1    1    
50    0.170453    0.110766    0    0    0    0    0    0    0    1    0    0    1    1    0    0    0    1    0    1    1    0    1    0    1    0    1    0    1    1    1    1    0    0    1    1    0    0    1    0    0    1    1    1    0    0    1    0    1    0    0    0    1    1    1    0    1    0    1    1    0    1    0    1    0    1    1    0    0    0    0    0    1    1    1    0    1    1    1    1    1    1    0    0    1    1    0    1    0    1    1    0    1    1    0    1    1    1    0    1    0    1    0    1    1    0    0    0    0    1    0    1    0    0    0    0    1    1    0    1    0    0    0    0    1    1    0    0    1    0    0    0    0    0    0    1    0    1    1    1    0    0    0    1    1    0    1    1    0    0    0    1    0    0    0    0    0    0    0    0    0    1    1    0    1    1    0    0    1    1    0    0    1    0    0    0    1    1    0    1    0    0    0    0    1    0    0    0    1    1    0    0    1    0    1    1    0    0    1    1    0    1    
50    0.0339581    0.828975    1    0    0    1    1    0    0    0    1    0    1    1    1    1    0    1    0    1    1    0    1    1    1    1    1    1    1    1    0    1    1    1    0    1    1    0    0    1    0    0    1    1    1    1    1    0    1    1    0    0    0    0    0    1    1    1    1    0    1    1    1    1    1    1    1    1    0    0    0    1    1    1    0    1    0    1    0    1    0    1    1    0    1    0    1    1    1    0    1    0    0    0    1    0    0    1    0    1    1    1    1    0    1    0    0    0    1    0    1    1    0    0    0    0    0    0    1    0    0    1    0    1    0    0    0    0    0    0    1    0    1    0    0    0    0    1    0    0    0    0    1    0    1    1    1    0    1    1    0    1    0    0    1    0    0    0    0    1    1    1    1    0    0    0    0    0    1    0    1    1    1    0    1    0    0    1    0    0    0    1    0    0    0    1    1    0    0    1    0    1    1    0    1    1    0    1    0    1    0    0    
50    0.062776    0.791166    0    1    1    0    1    0    0    1    1    1    0    1    0    0    1    0    0    1    1    1    1    1    1    0    0    1    0    0    1    0    1    0    1    1    1    1    0    1    0    0    1    1    1    1    1    1    0    1    1    1    0    1    1    1    0    1    1    1    1    1    0    1    0    1    1    1    0    0    1    1    0    1    0    1    0    0    1    1    1    0    1    0    0    1    1    1    0    0    1    1    1    0    1    1    1    0    0    1    1    1    0    1    0    1    0    0    1    1    0    1    0    0    0    1    0    1    1    1    0    1    1    1    1    0    0    0    0    0    0    0    1    0    0    0    0    0    1    0    1    0    1    0    0    1    0    1    1    1    1    1    0    0    1    1    0    1    1    1    0    0    1    0    0    0    0    0    0    1    1    0    1    0    0    0    0    0    0    0    0    0    1    0    1    0    1    0    1    0    1    1    1    0    1    0    0    0    0    1    0    0    
50    0.0542195    0.667402    1    1    0    0    1    0    0    0    1    1    0    0    1    1    0    0    1    0    1    0    1    0    1    1    1    0    1    1    1    0    0    0    1    0    0    1    1    1    0    0    1    1    1    1    1    1    0    1    1    1    1    1    0    1    1    1    0    1    1    1    0    0    0    1    1    0    0    1    0    0    0    1    1    1    0    1    1    1    1    0    1    1    1    1    1    0    1    0    0    1    1    1    1    1    1    1    1    1    1    1    0    0    0    0    1    1    1    0    1    0    0    1    1    0    0    0    0    0    0    1    1    0    1    1    0    0    1    0    1    1    1    0    0    1    0    0    1    1    0    0    1    0    0    0    0    0    1    1    1    0    0    0    0    1    1    0    0    1    0    0    1    1    1    1    1    0    0    0    0    0    1    0    0    0    0    0    0    0    0    0    0    1    1    0    1    0    1    0    0    0    0    1    1    0    0    1    0    0    0    0    
50    0.348462    0.247233    0    1    0    0    0    0    0    0    0    0    0    0    0    0    1    0    0    0    0    0    0    0    0    0    0    0    0    0    0    1    1    1    0    1    1    0    1    0    0    0    1    1    0    0    0    0    1    0    0    0    0    0    1    0    0    1    0    0    1    1    1    0    0    1    1    0    0    0    0    1    0    0    0    1    0    0    0    1    0    1    0    0    0    0    0    1    0    1    0    0    0    0    1    0    1    1    0    0    0    0    0    1    0    0    1    0    1    0    1    0    0    0    0    0    0    0    0    0    1    1    1    0    0    1    0    0    0    1    0    0    1    0    0    1    1    0    0    0    0    1    0    0    1    0    0    0    0    0    0    1    0    0    1    0    0    0    0    0    0    0    0    1    0    0    1    0    0    0    0    0    0    1    0    0    0    1    0    0    1    0    0    0    0    0    1    0    1    1    0    0    0    0    1    0    0    0    0    1    1    0    
50    0.184667    0.038347    1    1    1    1    1    1    1    0    1    1    1    1    1    1    0    0    1    1    0    0    1    1    1    0    1    0    1    1    1    1    0    0    0    1    0    0    1    0    0    0    1    1    1    0    0    1    0    0    0    1    1    0    0    1    1    1    1    1    1    1    1    0    0    0    0    1    1    0    0    0    0    0    0    0    0    0    1    1    1    1    0    0    0    1    0    1    0    1    1    0    1    1    1    1    0    1    1    1    1    0    0    1    0    0    0    0    1    0    0    1    0    0    0    0    0    0    1    1    0    0    1    0    0    0    1    0    0    1    0    1    1    0    1    1    1    1    1    0    0    1    0    1    0    1    0    1    1    0    0    1    1    0    0    0    1    1    0    0    0    0    1    0    1    0    1    0    1    1    1    0    0    0    0    0    0    0    0    1    0    1    0    0    0    0    1    0    1    0    0    0    1    1    1    0    0    0    0    1    0    0    
50    0.52125    0.456342    0    0    0    0    0    0    0    1    0    0    0    0    0    0    0    0    0    0    0    0    0    0    0    0    0    0    0    0    0    1    0    0    0    0    0    0    0    0    0    0    0    0    1    0    0    1    0    0    1    0    0    0    0    0    0    0    1    0    0    0    0    0    0    0    0    0    0    0    0    0    0    0    0    0    0    0    0    0    0    0    0    0    0    0    0    0    0    0    0    0    1    0    0    0    0    0    0    0    0    1    0    0    0    1    0    0    0    1    0    0    0    0    0    0    0    0    1    1    0    0    0    0    0    0    0    0    0    0    0    0    0    0    0    0    0    0    1    0    0    0    0    0    0    0    0    0    0    0    0    0    0    1    0    1    0    0    0    0    0    0    0    0    0    0    0    0    0    0    0    0    0    0    1    0    0    0    0    0    0    0    0    0    0    0    0    0    0    0    0    0    0    0    0    0    1    0    0    0    0    0    
50    0.342408    0.593497    0    0    1    0    0    1    0    0    1    1    1    1    0    0    0    1    0    0    0    1    1    0    0    1    0    1    0    1    1    0    0    1    1    0    0    0    0    1    0    1    0    1    0    1    1    1    1    0    0    1    0    0    1    1    0    0    1    0    1    0    0    0    0    1    0    1    1    1    0    1    0    0    0    1    0    1    0    0    0    1    0    0    0    0    1    0    1    0    1    1    1    1    0    1    0    1    0    1    1    1    1    1    0    0    1    1    0    1    1    1    0    0    0    0    1    0    0    1    0    0    0    0    0    0    0    0    0    1    0    0    1    0    0    0    1    0    1    0    0    0    0    1    0    0    0    0    1    0    0    1    0    0    0    1    0    0    0    1    0    1    0    0    1    0    0    0    1    0    1    1    0    0    1    0    1    1    0    0    1    0    1    1    0    0    0    1    0    1    1    1    1    1    1    0    0    0    0    1    1    1    
50    0.196575    0.867041    1    0    0    1    1    0    0    0    1    0    1    1    1    0    1    0    1    1    1    0    1    1    0    1    0    1    1    1    1    1    1    1    1    1    1    0    1    1    1    0    1    1    0    0    0    0    0    1    1    1    1    1    1    1    1    0    1    1    1    1    1    1    1    0    0    1    0    1    0    1    1    1    1    0    0    1    0    0    1    1    0    1    1    1    1    1    1    0    0    1    0    0    1    1    1    1    1    0    0    1    0    1    1    1    0    0    1    1    1    0    0    1    0    1    0    0    1    1    0    1    0    1    0    0    0    1    1    0    1    0    0    0    0    0    1    0    1    0    1    1    0    0    1    0    0    0    0    0    0    0    1    0    1    1    0    0    0    0    1    1    0    0    1    1    0    1    0    1    0    0    0    0    0    0    0    1    0    0    1    0    1    1    0    0    0    0    0    0    0    1    1    0    0    0    0    1    1    1    1    0    
50    0.385137    0.859262    1    1    0    0    0    1    0    0    1    1    0    1    0    0    0    0    1    1    1    1    1    1    0    1    1    0    1    1    1    1    1    0    1    1    0    1    1    1    0    0    0    1    1    0    1    1    1    1    0    1    1    1    1    1    1    0    1    1    1    1    1    1    1    1    1    1    1    0    1    0    0    1    0    1    1    1    1    1    1    0    1    0    0    0    1    0    0    0    1    1    0    0    0    1    1    1    1    1    1    1    1    0    0    0    0    1    0    0    0    0    0    1    1    0    0    1    1    0    0    0    0    0    0    0    1    1    0    1    1    0    0    1    1    1    0    0    0    0    1    0    0    0    1    0    0    0    0    1    1    1    0    1    0    0    1    0    0    1    0    1    0    0    1    1    0    1    0    1    0    0    1    1    0    1    0    0    0    1    1    1    0    0    0    0    1    0    1    0    0    1    0    0    1    1    1    1    1    0    0    0    
50    0.887624    0.283382    0    1    0    1    1    0    0    0    0    0    1    1    1    1    0    1    0    1    0    0    1    1    1    1    0    1    0    1    0    0    0    0    1    0    1    0    1    1    0    0    0    0    0    0    1    0    1    1    1    1    1    1    1    1    1    1    0    1    0    1    1    0    0    1    0    0    0    1    1    1    0    0    0    0    1    0    1    0    0    0    0    1    1    1    0    1    0    0    0    0    1    0    1    1    0    0    0    1    1    1    0    1    0    1    1    0    1    0    0    1    0    0    1    1    0    1    1    1    1    1    1    1    0    0    1    0    0    0    0    0    0    0    0    0    0    0    0    0    0    0    0    0    1    0    0    1    0    0    0    0    0    0    0    1    0    0    0    0    0    1    1    1    1    0    1    0    0    0    1    0    1    0    1    1    0    1    0    0    1    0    0    0    0    1    1    0    0    0    1    0    0    1    1    0    1    0    0    0    1    0    
50    0.251432    0.969508    0    1    1    1    0    1    1    1    1    0    0    1    1    1    0    1    1    0    0    1    1    0    0    0    1    1    1    0    0    0    1    1    1    1    0    1    1    1    0    1    1    0    0    0    1    1    0    1    1    1    1    1    1    1    1    1    1    1    1    0    0    1    1    0    1    1    0    0    1    0    1    1    1    0    1    1    1    0    1    0    1    0    1    1    1    1    1    1    1    1    1    0    1    1    1    0    0    0    1    1    0    1    1    1    1    1    1    0    0    1    1    0    0    1    1    0    0    0    0    1    1    0    0    1    0    0    0    0    1    1    0    0    1    0    1    0    0    0    0    0    0    0    1    0    0    0    1    0    0    0    0    1    0    0    1    0    0    1    0    0    0    0    1    0    0    1    0    0    0    0    0    1    0    0    0    0    0    0    1    0    0    0    0    0    1    1    0    0    0    0    0    0    0    1    0    1    0    1    0    1    
50    0.958402    0.601016    0    0    0    1    1    0    0    1    0    0    1    0    1    0    0    0    0    0    1    1    0    1    1    1    1    1    1    1    1    0    1    0    0    0    1    0    1    0    0    1    0    1    1    1    0    1    1    0    1    1    1    0    1    1    0    1    1    0    1    0    1    1    0    1    1    1    0    1    1    0    0    1    1    1    0    1    0    1    1    0    1    0    0    1    0    0    0    1    0    1    0    1    1    0    0    1    1    0    1    0    0    0    0    0    0    1    1    1    1    0    0    0    0    0    0    0    1    1    1    0    1    1    1    0    0    0    0    0    1    0    0    0    0    1    0    0    1    0    0    0    0    0    1    0    0    0    1    0    1    0    0    1    0    0    0    0    0    0    0    0    1    0    0    1    1    1    1    0    1    0    0    0    0    0    0    0    0    1    0    1    0    1    0    0    0    0    0    0    1    0    1    0    0    0    0    0    0    0    0    0    
50    0.503586    0.93795    1    0    1    1    1    0    1    1    1    1    1    0    1    1    1    1    0    1    0    1    0    1    0    0    1    0    1    1    1    1    1    0    0    1    1    0    1    1    0    0    1    1    1    1    0    0    0    0    1    1    1    1    0    0    0    0    1    1    1    0    1    0    1    0    1    1    0    1    1    0    1    0    1    1    1    0    1    1    1    0    1    0    1    1    0    1    0    0    1    1    1    1    1    0    1    1    1    0    1    1    0    0    0    0    1    0    0    0    0    1    1    0    1    0    1    0    0    0    0    0    1    1    0    0    0    0    1    1    1    1    0    1    0    0    0    1    1    0    1    0    1    1    0    0    1    0    1    0    0    1    1    0    0    0    1    1    1    0    0    0    0    0    1    1    0    0    0    1    1    0    0    0    0    1    1    0    1    0    1    1    0    0    1    0    0    0    0    1    1    1    0    1    1    0    1    0    1    1    1    1    
50    0.605419    0.0122904    1    0    0    1    1    0    0    0    1    0    0    1    1    0    0    1    0    0    0    1    1    1    1    1    0    1    1    1    0    1    1    0    0    1    0    1    0    1    0    0    0    0    0    1    0    1    1    0    1    0    0    0    0    0    0    1    0    0    0    1    1    1    1    1    0    1    0    1    0    1    1    1    1    1    0    0    0    0    1    0    0    1    0    1    1    0    1    0    0    1    0    1    1    0    0    1    1    1    0    0    0    1    1    0    0    0    0    0    1    1    1    0    0    1    0    0    1    1    1    0    0    0    1    1    0    1    1    1    0    1    0    1    1    1    0    0    1    0    0    0    0    0    1    1    1    1    0    0    0    0    0    1    0    0    0    1    1    1    1    0    1    1    0    0    0    0    0    0    0    1    0    1    0    1    1    0    0    0    1    0    1    1    1    1    0    0    1    1    1    1    0    1    0    0    0    0    1    1    0    0    
50    0.990248    0.708961    1    1    1    1    0    0    1    0    1    1    1    1    0    1    0    0    1    1    1    0    0    0    1    0    1    1    1    1    1    0    1    1    0    1    1    0    1    1    0    0    1    1    1    0    0    1    1    1    1    1    0    0    0    1    1    0    0    1    0    0    0    1    1    0    1    1    1    1    1    1    0    1    1    1    0    1    1    1    1    1    0    1    1    1    0    1    1    0    1    1    1    1    1    1    1    1    1    0    0    1    0    0    1    1    1    0    1    1    1    0    0    1    0    0    1    1    0    0    0    0    0    1    1    0    1    0    0    0    0    0    0    1    1    0    0    0    0    1    1    1    0    0    1    0    0    0    0    1    1    0    0    1    0    0    0    1    1    0    0    0    0    1    1    0    0    0    0    1    0    0    0    0    0    1    0    1    0    0    0    0    0    1    1    0    1    1    0    0    0    0    0    1    1    0    1    1    0    1    0    0    
50    0.375717    0.314229    1    1    0    0    0    0    0    0    0    0    1    0    0    1    0    0    1    0    0    0    0    0    0    0    0    0    0    0    0    0    0    0    0    0    0    0    1    0    1    0    0    1    0    0    1    0    0    0    0    0    0    0    0    1    1    0    0    0    0    1    1    1    0    0    0    0    1    0    1    0    0    0    0    0    0    0    0    0    1    0    0    0    0    1    0    1    1    0    0    0    1    0    1    0    0    0    0    0    0    0    0    0    0    1    1    1    1    1    1    0    0    0    0    0    1    0    0    0    1    0    0    0    0    0    1    0    0    0    0    0    0    0    0    0    1    1    0    0    0    0    0    0    0    0    0    0    0    0    0    0    1    0    0    0    0    0    0    0    1    0    0    0    0    0    0    0    0    0    0    0    0    0    0    0    0    0    0    0    1    0    0    0    1    0    0    0    1    0    0    0    0    0    1    0    0    0    1    0    0    0    
50    0.0503616    0.643707    0    1    1    1    1    1    1    0    0    1    0    1    1    1    1    0    0    1    1    1    1    0    0    1    0    1    1    1    1    0    1    1    1    1    0    1    1    1    1    1    1    0    1    0    1    1    1    1    0    1    1    1    1    0    1    0    1    1    1    0    0    1    0    1    1    1    1    1    0    0    0    1    1    1    1    1    1    1    0    1    1    0    1    1    1    1    1    0    1    1    1    1    1    1    1    1    0    1    0    0    1    1    1    0    0    0    1    0    1    0    0    0    1    0    1    1    0    1    1    1    0    0    0    0    0    1    1    0    1    1    1    0    1    1    0    0    0    1    0    0    1    0    0    0    0    0    0    0    1    1    0    0    0    0    1    1    1    0    0    0    1    0    1    0    1    1    1    1    1    1    0    1    0    0    0    0    0    0    0    1    1    0    0    1    0    0    1    1    0    0    1    0    0    0    1    0    0    0    1    1    
50    0.335222    0.925472    0    1    0    1    1    0    1    1    0    1    1    1    1    1    1    0    0    0    0    1    0    1    0    0    1    1    1    0    0    1    0    0    1    1    0    1    1    1    1    0    1    1    0    0    1    0    0    0    1    1    1    1    0    1    1    0    0    1    1    1    1    1    0    1    1    0    1    1    1    1    1    0    1    0    1    1    0    0    1    1    1    0    0    0    1    0    0    1    1    1    1    0    1    0    0    1    0    1    0    0    0    0    0    1    0    0    0    0    1    0    1    0    1    1    0    1    0    0    0    0    1    1    0    1    1    0    1    1    0    0    0    1    0    1    0    1    0    0    0    0    0    0    1    0    0    0    1    1    0    1    1    0    0    1    0    1    0    0    1    0    0    1    1    1    0    1    1    1    0    0    1    0    0    0    1    0    0    1    1    0    1    0    1    1    1    1    0    1    0    0    1    1    1    0    1    1    0    1    0    0    
50    0.716892    0.145789    1    0    1    1    0    0    1    1    0    0    0    0    1    0    1    0    1    0    0    0    0    1    0    0    0    1    0    0    0    0    0    1    0    1    1    1    1    0    1    0    1    0    0    0    0    0    0    0    0    0    0    0    1    0    1    0    0    0    1    0    0    0    1    0    0    1    1    0    0    1    0    0    1    1    1    0    0    0    1    1    1    0    1    0    0    0    0    1    0    0    1    1    1    1    1    0    0    0    0    0    0    0    0    0    0    0    0    0    0    1    1    0    0    1    0    0    0    1    0    0    0    0    0    0    0    0    1    0    1    0    0    0    1    0    0    0    0    1    0    0    0    1    0    0    0    1    0    1    0    0    0    0    0    0    0    0    0    1    1    1    0    1    1    1    0    0    0    0    0    0    0    1    0    0    0    0    0    0    0    0    0    0    0    1    0    0    0    1    0    0    0    0    0    0    0    1    0    0    0    1    
50    0.436385    0.110619    0    1    1    0    0    1    1    0    0    1    0    0    1    0    0    1    0    0    0    0    0    1    0    1    0    0    0    0    0    0    1    1    1    1    1    0    1    1    1    0    0    0    1    0    1    1    0    0    0    0    1    0    1    0    0    1    1    0    0    1    0    1    1    0    1    0    1    0    0    1    0    0    0    0    0    1    0    0    0    1    0    0    0    1    0    1    1    0    0    1    1    0    1    0    1    0    1    0    0    1    0    1    1    0    1    1    1    0    0    0    1    1    0    0    0    1    0    1    0    1    1    0    1    1    0    0    1    0    1    0    0    0    0    1    1    0    0    0    1    1    1    1    1    1    0    0    1    0    1    1    1    0    0    0    0    0    0    0    0    0    0    0    0    1    0    0    0    0    1    1    0    1    0    0    0    1    0    0    0    1    0    0    1    0    1    0    1    0    0    0    0    0    1    0    0    0    0    0    1    0    
50    0.89275    0.118334    1    1    0    1    1    0    0    0    1    0    1    1    0    0    0    0    1    1    1    1    0    0    0    1    0    1    1    1    0    0    0    1    1    1    0    1    1    1    1    0    1    1    1    0    1    1    0    1    0    0    1    1    1    1    0    1    1    1    1    0    0    0    1    1    1    1    0    1    0    1    0    1    0    1    1    0    0    0    1    1    0    1    1    1    0    0    0    0    0    0    1    1    1    1    1    1    1    1    1    1    1    1    0    0    0    1    0    1    1    0    0    0    0    0    0    1    1    0    0    0    1    0    0    1    0    0    0    0    0    1    1    1    0    0    1    0    1    0    0    0    0    1    0    1    1    1    1    0    0    1    1    1    0    0    0    0    0    1    1    0    0    0    0    0    1    1    1    0    0    1    0    1    0    1    0    1    1    0    0    0    1    0    0    1    0    0    1    1    0    0    1    1    0    1    1    1    0    0    1    0    
50    0.208489    0.934451    1    0    0    1    1    0    1    1    1    1    1    0    1    1    1    1    1    1    1    1    1    0    1    0    1    1    0    0    1    0    1    1    1    0    0    0    1    0    1    1    0    0    0    0    1    1    1    0    0    0    0    1    1    1    0    1    0    1    0    1    1    1    1    1    0    0    0    0    0    0    0    1    0    1    0    1    1    1    1    1    0    0    1    1    1    1    0    0    1    0    1    1    1    1    1    1    1    0    0    0    0    0    0    1    0    0    0    0    0    0    0    0    0    0    0    0    0    0    1    0    0    1    1    0    0    0    0    0    0    0    0    1    1    0    1    0    0    1    1    0    0    0    0    1    0    0    0    1    0    1    1    0    0    1    0    0    0    1    0    0    1    0    0    0    0    0    0    0    0    1    1    1    1    0    0    1    0    1    0    0    0    0    0    0    1    0    0    1    1    0    0    1    0    0    1    0    1    1    0    1    
50    0.186027    0.696599    0    1    1    0    1    1    1    0    1    1    0    1    0    0    0    1    1    1    1    1    0    0    1    1    0    1    1    1    1    1    1    1    0    1    1    1    0    1    1    1    1    0    1    0    0    1    1    1    0    1    1    1    1    1    0    0    1    1    1    1    1    1    0    1    1    0    1    1    1    1    1    1    1    1    0    0    1    1    0    0    0    0    1    1    1    0    1    0    0    1    0    1    0    0    1    1    1    1    0    1    1    1    0    0    0    1    1    1    0    0    0    1    0    1    0    0    0    1    1    0    0    0    1    0    0    0    0    0    1    1    0    1    0    1    0    1    0    0    0    1    0    0    1    0    1    1    0    0    0    0    0    0    0    1    0    0    0    1    0    0    0    0    1    0    0    1    1    1    0    1    1    1    0    0    1    0    0    0    0    0    0    0    1    0    1    0    0    0    1    1    0    1    0    0    0    0    0    1    0    0    
50    0.98392    0.448201    0    0    1    1    1    0    1    1    1    0    0    1    1    0    0    0    1    1    1    0    1    1    1    0    0    0    0    1    1    1    1    1    1    0    0    0    0    1    1    0    1    0    1    0    1    0    1    1    1    1    1    0    1    0    1    0    0    1    1    1    0    1    0    0    0    1    1    1    0    1    0    0    0    0    1    1    0    0    1    1    1    0    0    1    0    1    1    1    0    1    0    0    0    1    1    0    1    0    0    1    0    0    0    1    0    0    0    0    0    0    0    0    1    0    1    0    0    1    0    1    0    0    1    0    0    0    0    1    1    0    0    1    0    0    1    1    0    1    0    0    1    0    0    1    0    1    0    0    1    0    0    0    0    0    0    0    0    1    0    0    0    1    1    1    0    1    0    0    0    0    0    0    0    1    0    0    0    1    0    0    0    0    0    1    0    0    1    0    0    0    0    0    0    0    0    0    0    0    0    1    
50    0.0209818    0.877386    0    0    1    1    1    0    1    1    1    0    0    1    1    0    0    0    0    1    0    0    0    1    1    1    1    1    0    1    1    0    1    0    1    0    1    1    1    1    0    1    1    1    1    0    0    1    1    1    1    1    1    1    1    1    0    1    1    1    1    1    1    0    1    0    0    0    1    1    0    1    0    1    0    1    0    0    1    0    1    0    1    1    1    1    0    0    0    1    1    0    1    0    1    1    1    1    1    1    0    1    0    1    0    0    0    0    0    0    1    1    0    1    0    1    0    1    0    1    0    0    0    0    1    0    1    1    1    1    1    0    0    1    0    0    0    0    0    0    0    0    0    0    0    0    0    0    1    0    0    0    0    1    1    0    1    0    0    1    1    0    0    0    1    0    0    0    0    0    0    1    1    1    0    0    0    1    1    0    0    0    1    0    0    1    0    1    1    0    0    0    1    0    1    0    1    1    1    0    0    1    
50    0.0450759    0.510033    1    1    1    0    0    1    0    0    1    1    1    1    1    0    0    0    1    1    0    0    0    1    0    0    0    1    0    0    1    0    0    1    1    1    1    1    0    1    1    1    1    1    1    1    1    1    1    1    1    0    0    1    0    1    0    0    1    1    1    0    1    0    1    1    0    1    1    1    0    1    1    1    1    1    0    1    1    1    0    0    0    0    0    1    0    0    1    0    1    1    1    1    1    0    1    1    1    0    1    0    0    0    1    1    0    1    0    0    0    1    1    0    1    0    0    0    1    0    0    1    0    0    0    1    0    0    0    0    1    1    0    0    0    1    0    1    0    0    0    0    1    0    0    0    0    1    0    0    0    0    0    1    0    1    1    0    0    0    1    1    0    0    1    0    1    0    0    0    0    1    0    0    1    1    1    0    0    0    0    0    1    1    0    1    0    0    1    0    1    1    0    0    0    0    0    1    0    0    0    1    
50    0.434227    0.595164    0    1    0    0    1    1    1    1    1    1    0    0    0    0    1    0    0    1    1    1    0    1    0    1    0    0    1    1    1    1    1    0    0    1    1    0    0    1    1    0    0    0    1    0    0    1    0    0    0    0    1    0    0    0    1    0    0    1    1    0    1    0    0    1    1    1    1    1    0    1    1    0    0    0    0    0    1    1    1    0    0    1    0    0    1    1    0    1    1    1    0    0    1    0    0    0    0    1    0    1    1    0    1    1    0    0    0    0    0    1    1    1    0    1    1    0    1    1    0    1    0    0    0    0    1    1    1    1    0    0    0    0    1    0    1    1    0    1    0    1    0    0    0    0    0    0    0    0    1    1    1    0    1    1    0    0    0    1    1    0    0    0    0    1    1    0    0    0    0    0    1    0    0    0    0    0    0    0    0    0    0    0    1    0    0    0    1    1    0    0    0    0    0    0    0    1    0    0    1    0    
50    0.719372    0.585575    1    0    0    0    0    0    1    0    1    1    1    0    0    0    1    0    0    1    0    1    0    0    1    0    1    1    0    0    0    0    0    0    1    0    1    1    0    1    0    1    0    1    1    0    0    0    1    0    0    0    0    1    1    1    0    0    0    0    1    1    1    1    0    0    1    1    1    1    1    0    1    0    0    0    1    1    0    0    0    1    0    0    0    1    0    0    0    1    1    0    1    0    1    0    0    0    1    0    1    0    1    0    0    0    0    0    0    1    0    1    1    0    1    0    0    1    1    0    0    1    1    0    1    1    1    1    0    0    0    0    0    0    1    1    1    0    0    0    1    0    0    0    1    0    0    0    1    0    0    1    1    0    1    0    1    0    0    0    0    1    0    0    0    0    0    0    1    1    0    0    1    0    1    0    1    0    0    0    1    1    0    0    0    0    0    0    0    1    0    1    1    1    0    0    0    0    1    1    1    1    
50    0.404316    0.693325    0    1    0    0    1    1    1    0    0    1    1    0    1    0    1    1    0    0    1    0    0    1    0    0    1    1    1    0    1    1    0    1    1    1    1    1    0    0    1    1    0    1    0    0    1    1    0    0    0    0    1    0    1    1    1    0    1    0    1    1    1    0    1    1    0    0    1    1    0    0    0    0    1    0    1    0    0    1    0    1    0    1    0    0    1    0    1    1    1    0    0    1    0    1    1    1    0    1    0    0    1    0    0    1    1    1    0    1    1    1    0    0    1    0    0    0    1    1    0    1    1    1    0    0    0    0    0    0    1    0    1    0    0    0    1    0    0    0    1    1    1    0    0    0    1    1    1    0    1    0    0    0    1    0    0    0    0    0    1    0    0    0    0    1    1    0    0    0    0    0    0    0    0    1    0    0    0    0    0    1    0    0    0    0    0    1    1    1    1    1    1    0    1    0    0    1    1    0    0    0    
50    0.782702    0.586582    1    0    0    1    0    1    1    1    1    0    0    1    0    1    1    1    0    1    1    1    0    0    1    0    0    0    1    1    0    1    1    0    1    1    1    0    1    1    0    1    1    0    0    0    0    1    0    0    0    0    1    0    0    0    0    0    0    1    1    0    0    1    0    0    0    1    0    1    0    0    1    1    1    1    1    0    0    0    1    0    0    0    0    0    0    0    0    1    0    0    0    0    1    0    1    1    0    1    0    0    0    1    0    0    0    1    1    0    0    0    0    0    0    0    0    0    1    0    1    0    0    1    0    0    0    0    0    0    0    0    0    0    0    0    1    1    0    0    0    0    1    0    1    1    0    0    0    0    0    0    1    0    0    1    1    0    0    0    0    0    0    0    1    0    0    1    0    0    1    0    1    1    0    0    0    0    1    0    0    1    1    0    1    0    0    1    1    1    1    1    0    0    0    0    0    0    1    1    0    0    
50    0.5517    0.836287    0    0    0    1    0    0    1    1    1    0    0    1    1    0    1    1    0    0    1    1    1    1    0    0    1    0    0    1    1    0    0    0    1    1    0    1    1    1    1    1    0    1    1    0    0    1    1    0    1    1    0    0    1    0    0    1    1    1    0    1    1    1    1    0    0    0    0    1    0    1    0    1    0    0    1    0    0    1    0    1    0    0    0    1    1    1    1    1    0    0    1    0    1    0    1    0    1    1    1    0    1    1    0    0    1    1    0    0    0    0    1    0    0    0    0    1    1    0    0    0    0    1    1    1    0    0    0    0    0    1    1    0    0    1    0    1    0    0    0    0    0    1    1    0    0    1    1    0    0    0    0    0    0    0    1    0    1    0    0    0    1    1    1    1    0    1    0    1    1    0    0    0    0    1    0    0    0    1    0    0    1    1    0    0    0    0    1    1    0    0    0    0    0    0    0    0    0    1    1    1    
50    0.751198    0.399432    1    0    0    1    0    0    1    1    1    0    0    1    1    1    1    0    0    0    1    0    1    0    1    0    0    0    1    0    0    0    1    1    1    1    1    0    0    0    0    0    0    1    0    0    1    0    1    1    0    1    0    0    0    1    0    1    0    1    0    1    0    0    1    1    1    1    0    0    0    1    0    1    0    0    0    1    1    0    1    0    1    0    0    1    0    1    1    1    1    1    1    0    1    0    0    0    0    1    0    1    0    1    0    0    1    0    1    0    1    0    1    1    1    0    1    1    0    1    1    1    0    0    0    0    1    1    0    1    1    0    0    1    1    0    0    1    0    0    0    0    1    1    0    0    0    1    0    0    1    0    0    0    0    0    1    0    0    0    0    0    0    0    1    0    0    0    0    0    1    0    0    1    0    0    0    0    1    0    0    0    0    0    0    0    0    0    0    1    1    1    0    1    0    0    1    1    0    0    0    0    
50    0.306907    0.943747    1    1    1    0    1    1    0    0    1    1    1    1    0    0    0    1    1    0    1    1    0    1    1    0    0    0    0    1    0    1    1    1    0    1    1    0    1    1    1    0    1    1    0    1    1    1    1    1    1    1    1    1    1    1    0    0    0    1    0    0    1    1    0    0    1    0    0    1    0    1    0    0    1    0    1    1    1    0    1    0    1    1    1    1    1    1    1    0    0    0    1    0    1    0    1    1    0    0    1    1    1    0    0    0    0    0    1    0    1    0    0    1    1    0    0    0    0    0    0    1    1    0    1    0    0    0    1    0    1    0    1    0    1    0    1    1    0    0    0    0    0    1    1    1    1    1    0    0    1    0    0    0    1    1    0    0    0    0    1    0    1    0    1    0    0    0    0    0    0    1    1    0    0    1    0    0    0    1    1    1    0    0    0    1    1    1    1    0    0    0    1    0    1    0    0    0    0    1    1    1    
50    0.644855    0.529965    1    0    0    0    1    0    1    1    0    1    1    1    0    0    1    1    0    1    1    1    0    0    0    1    0    0    0    1    1    0    1    0    0    1    0    0    0    0    0    0    0    0    0    0    0    0    0    0    1    0    0    0    1    0    0    0    0    0    0    0    0    0    0    1    0    1    0    1    0    0    0    0    0    0    0    0    0    0    1    1    0    1    0    1    0    0    1    1    1    0    1    0    0    1    0    0    0    0    0    1    1    0    0    1    1    0    0    0    0    0    0    1    0    0    0    0    0    0    0    0    0    0    0    1    1    1    0    0    1    0    0    0    1    0    0    0    1    0    0    0    0    0    0    0    0    0    0    0    1    0    0    0    1    0    0    0    0    0    0    0    0    0    1    0    1    0    0    0    0    1    0    0    0    0    1    0    0    1    0    0    0    0    0    1    0    1    0    1    0    0    1    1    0    1    1    0    0    1    0    1    
50    0.874632    0.156268    1    0    0    1    1    0    1    1    1    0    0    0    0    0    0    1    0    0    0    1    1    0    0    1    1    1    0    0    0    1    0    0    1    1    1    0    0    0    1    1    1    1    0    0    1    0    1    0    0    0    0    0    1    1    0    1    0    0    1    1    0    1    1    1    1    1    1    0    0    1    1    1    0    1    1    0    1    0    0    0    1    1    0    1    0    1    0    1    0    1    1    0    1    1    1    1    0    0    0    0    1    1    1    1    0    0    0    1    1    0    1    1    0    0    0    0    0    1    1    0    0    1    1    0    1    0    1    0    0    1    1    0    1    1    0    0    0    1    0    1    1    0    0    0    1    1    1    0    0    1    1    1    1    1    1    0    0    0    0    1    0    0    0    1    0    0    0    1    0    1    0    1    0    0    1    0    1    0    0    0    1    1    0    1    1    0    1    0    0    0    0    1    1    0    0    1    0    1    0    0    
50    0.128076    0.272402    0    0    0    1    0    0    1    0    0    1    0    1    1    1    0    0    0    1    0    0    0    1    0    0    0    0    0    1    1    0    1    0    0    0    0    0    0    0    0    0    1    0    0    1    1    0    0    1    0    1    0    1    0    0    0    0    0    1    1    1    0    1    0    0    1    1    0    0    0    0    1    0    0    0    1    0    0    0    1    1    1    1    0    1    0    1    0    0    1    1    0    0    0    0    0    1    1    1    1    0    0    0    0    1    0    1    0    0    0    0    0    0    1    0    1    0    0    0    0    0    0    0    0    0    1    0    1    0    1    0    1    0    1    0    1    0    0    0    1    1    0    0    1    0    0    0    1    1    0    0    0    0    0    0    1    1    0    0    0    0    0    0    0    0    0    0    0    1    1    1    0    1    0    0    0    1    0    0    0    0    1    0    0    1    0    0    0    1    0    1    0    1    1    0    0    0    0    0    1    0    
50    0.103834    0.841986    1    0    0    0    1    1    0    0    1    1    1    0    1    0    1    1    1    1    1    1    1    0    1    1    1    0    1    1    0    1    1    1    0    0    0    1    1    0    1    1    1    1    1    0    0    1    1    1    1    1    1    0    0    1    1    1    1    0    1    1    0    1    0    1    1    1    1    1    0    0    1    1    1    1    0    1    1    1    1    1    1    1    1    1    1    0    1    0    1    0    1    1    1    0    1    1    1    0    1    0    0    1    0    0    0    1    1    0    1    0    0    0    0    1    1    0    0    1    0    1    1    1    1    0    1    0    1    1    0    1    0    1    1    0    0    1    0    1    1    1    0    1    0    0    0    0    0    1    1    0    1    0    0    1    0    0    1    1    1    1    1    1    0    0    1    0    0    0    0    1    0    1    1    0    0    0    0    1    0    0    1    1    0    0    0    0    1    0    0    1    1    0    0    0    1    0    0    1    0    0    
50    0.674829    0.915271    0    0    0    1    0    0    1    1    1    0    1    1    1    0    0    0    0    0    0    1    0    0    0    0    1    0    0    1    0    1    1    0    1    0    0    0    0    1    0    0    1    1    0    1    0    0    0    1    0    1    1    0    0    0    0    1    0    1    0    1    0    0    1    0    0    1    0    1    0    0    0    1    0    0    1    0    0    1    1    1    0    1    1    0    0    0    0    1    0    0    0    1    0    0    1    1    0    1    0    1    0    0    0    0    0    0    0    1    1    0    0    0    1    0    0    0    0    0    1    1    0    0    0    0    0    0    0    0    0    0    0    0    0    1    1    0    0    1    0    0    0    1    0    0    0    1    1    0    0    0    1    0    0    1    0    0    0    0    0    1    1    0    0    1    0    0    1    0    1    0    0    0    0    1    1    1    0    0    0    0    1    0    0    0    1    0    0    0    0    0    0    0    0    0    1    0    0    0    1    0    
50    0.795253    0.820269    0    0    0    1    0    0    1    0    1    0    0    1    1    0    0    1    0    0    0    0    1    0    1    0    0    0    0    1    0    1    0    0    0    1    0    0    1    1    0    0    1    0    0    0    1    0    1    1    0    1    0    1    0    0    0    1    0    0    1    1    0    0    1    1    0    1    1    1    0    0    0    1    0    0    0    0    1    1    1    0    0    0    1    0    0    0    0    0    0    0    0    0    0    1    1    1    1    1    0    0    0    1    0    1    1    1    0    0    0    1    0    0    0    1    0    0    0    0    0    0    0    1    0    1    0    0    0    1    1    0    0    0    0    1    0    1    0    1    0    0    1    0    0    0    0    0    1    0    0    0    0    0    0    0    0    0    0    0    0    0    1    0    0    0    1    0    0    1    0    1    0    0    1    0    1    0    0    0    1    0    1    1    0    1    0    0    0    0    0    0    0    1    0    0    1    1    0    1    0    1    
50    0.41329    0.190086    1    0    1    0    0    0    1    0    0    0    1    0    0    0    0    0    1    0    0    0    0    0    0    1    1    0    1    1    1    0    0    0    0    0    1    0    0    0    0    0    1    1    0    0    1    0    0    0    1    0    0    0    0    0    0    1    0    0    0    0    1    1    1    1    1    0    0    1    1    0    0    1    0    0    0    1    0    1    0    0    1    0    0    0    1    1    0    0    1    0    1    1    0    0    0    0    0    0    0    0    1    0    0    1    0    0    0    1    0    0    1    0    0    0    0    0    0    0    0    0    0    0    0    0    0    0    0    0    0    1    0    0    0    0    0    1    0    1    1    0    1    0    1    1    0    0    0    0    0    0    0    0    0    0    0    0    0    1    0    0    1    0    0    0    0    0    0    1    0    1    0    1    0    1    0    0    1    1    0    0    0    0    0    0    1    0    1    1    0    0    0    1    0    0    0    0    0    0    0    1    
50    0.891729    0.834444    0    1    0    1    0    0    0    0    0    0    0    0    0    1    0    0    1    0    1    1    1    1    1    1    0    1    0    1    1    1    1    0    1    1    1    1    0    0    0    0    1    0    0    1    0    0    1    0    1    0    0    1    0    0    1    1    1    1    0    1    0    0    1    1    0    0    1    1    0    1    0    0    1    1    0    1    0    0    1    0    0    1    1    1    0    1    0    0    0    0    0    0    0    0    1    0    0    1    1    1    0    1    0    0    1    0    0    0    0    1    0    0    0    0    0    0    0    1    0    0    1    1    0    0    0    0    1    0    1    1    0    1    0    1    0    0    0    1    0    1    0    1    0    1    1    0    1    1    0    0    0    1    0    0    1    1    0    0    1    1    1    0    0    0    1    1    0    0    0    0    0    0    0    0    0    1    0    1    0    0    0    0    0    0    0    0    1    1    0    0    1    1    0    0    1    0    1    1    0    1    
50    0.489626    0.0616544    0    0    0    0    0    0    1    0    0    0    0    0    0    1    0    1    0    0    0    1    1    1    1    1    0    0    1    1    0    0    1    0    0    0    0    1    1    0    0    0    0    1    0    0    1    1    1    0    0    1    1    1    0    0    0    1    0    0    0    0    1    0    1    1    1    1    0    1    0    0    0    1    0    0    1    1    0    1    1    1    1    1    0    1    0    1    0    0    0    0    0    0    1    1    1    1    0    0    0    0    1    1    0    0    0    0    1    0    0    1    1    0    1    0    0    1    1    0    1    0    0    0    0    0    0    1    0    0    0    0    0    0    0    0    0    0    0    0    0    0    0    0    0    1    0    0    0    1    0    0    0    0    1    0    0    1    1    0    0    0    1    1    0    1    1    0    0    0    0    0    0    0    0    0    0    0    1    1    0    1    0    0    0    0    1    1    0    0    0    1    1    1    0    0    0    0    1    1    0    1    
50    0.740799    0.494227    1    0    1    1    0    1    1    1    1    1    1    0    0    0    1    0    0    0    1    1    1    0    1    0    1    1    0    1    1    1    1    0    1    1    0    1    0    0    0    0    0    1    0    0    0    0    1    1    0    1    0    1    0    1    1    1    0    0    1    1    1    0    0    0    0    1    1    0    0    1    1    0    0    1    0    1    0    1    0    0    0    1    1    0    0    0    0    1    0    0    0    0    0    0    0    0    1    0    0    0    0    0    0    1    1    0    1    1    1    0    0    1    0    1    0    0    1    1    0    0    1    0    1    0    1    1    1    0    0    0    0    0    0    0    0    1    1    1    0    0    0    0    1    0    1    0    0    0    0    0    1    0    0    0    0    1    1    0    0    0    0    1    0    0    1    0    1    0    0    0    1    1    1    0    0    0    0    0    1    0    1    1    0    1    1    1    0    0    0    0    1    0    0    1    0    0    0    0    0    1    
50    0.772121    0.528203    0    0    1    1    0    1    1    1    0    1    0    0    0    1    1    1    1    0    1    1    0    0    0    1    0    1    0    1    0    0    1    1    1    1    0    0    0    1    0    0    0    0    1    1    0    0    1    1    1    0    1    0    0    1    1    0    0    1    0    0    0    0    0    1    1    1    0    0    1    0    1    0    0    0    0    1    1    0    0    1    0    0    0    1    1    0    1    0    0    1    0    0    0    1    0    1    1    0    0    0    0    0    1    1    1    0    0    0    1    1    0    1    0    0    0    1    1    0    0    0    1    0    0    0    0    1    0    1    0    1    0    1    0    0    0    1    0    0    1    1    0    0    1    0    0    0    0    0    1    0    1    1    1    0    0    0    1    1    1    0    0    0    1    0    1    1    0    0    0    0    0    0    0    0    1    0    0    1    0    1    0    0    0    0    0    1    0    1    0    1    0    0    0    0    0    0    1    0    1    1    
50    0.0135966    0.0853385    1    1    1    0    1    0    1    1    1    0    0    1    0    0    1    1    1    1    1    1    0    0    0    0    0    1    1    0    1    1    1    1    0    1    1    0    0    1    0    1    1    1    1    0    1    1    0    0    1    0    1    0    1    1    1    0    1    0    0    1    0    0    1    0    1    1    0    1    0    1    1    0    0    1    1    1    1    1    1    1    0    0    0    1    0    1    1    1    1    1    0    0    0    1    1    1    1    1    0    1    0    1    1    0    1    1    0    0    0    1    0    0    1    1    0    1    0    0    1    0    0    1    1    1    0    0    0    1    1    0    1    1    1    0    0    0    1    0    0    0    0    0    0    0    0    1    0    0    0    0    0    0    0    1    0    1    1    0    0    1    0    0    1    1    0    0    1    1    0    0    0    1    1    1    0    0    1    1    1    0    1    0    0    0    1    1    0    1    0    0    1    0    0    1    0    1    0    0    1    1    
50    0.0863703    0.218182    0    1    0    1    1    0    0    1    0    1    1    1    1    0    0    1    1    1    0    0    0    0    0    0    0    0    1    0    1    1    0    1    0    0    0    0    0    0    0    0    1    0    1    0    0    0    1    1    0    1    0    0    0    0    0    0    0    1    1    0    0    0    0    0    0    0    0    0    1    0    0    0    1    0    1    1    0    0    0    1    1    1    0    0    1    0    1    0    1    0    1    1    0    0    0    0    0    0    0    0    0    0    0    0    0    0    1    0    0    0    0    0    0    1    0    1    1    1    0    0    0    0    1    0    0    1    1    0    0    1    1    0    0    1    1    0    1    1    0    0    0    1    0    0    1    0    0    0    0    1    0    1    1    0    0    0    1    0    0    0    1    0    0    0    0    0    0    0    0    0    0    1    1    0    0    1    0    0    0    1    1    0    0    0    1    1    1    1    0    0    1    1    1    1    0    0    0    0    0    0    
50    0.355746    0.668051    1    1    0    1    0    1    1    0    0    1    1    1    0    0    1    1    1    1    1    1    1    0    0    0    0    0    0    1    0    1    1    0    1    1    0    1    0    1    0    1    0    1    0    1    0    1    1    1    1    1    0    1    1    1    0    0    1    1    1    1    1    0    0    1    0    0    0    0    0    1    0    1    1    1    0    1    1    1    1    0    1    1    0    1    1    1    0    0    0    1    1    1    0    0    1    0    0    1    1    1    0    0    1    0    1    0    1    0    1    0    0    1    0    1    0    1    1    0    0    0    0    1    0    0    0    0    0    0    1    0    1    1    0    1    1    1    0    0    0    0    0    0    0    0    0    0    0    0    0    1    0    1    0    0    0    1    1    1    0    1    1    0    0    0    0    0    0    1    0    1    1    0    1    1    0    1    0    0    0    0    0    1    1    0    0    1    0    1    1    0    1    0    0    1    1    0    1    0    0    0    
50    0.666704    0.112715    0    0    0    0    1    0    0    1    0    1    0    0    0    0    0    0    0    0    0    0    1    0    0    0    0    0    0    0    0    1    0    0    0    0    1    0    0    0    1    0    1    0    0    0    1    1    0    0    0    1    0    1    0    0    1    0    0    1    1    0    1    0    0    1    1    0    0    1    0    1    0    1    0    0    0    0    1    1    0    1    1    0    1    0    0    0    0    0    1    1    0    0    1    1    0    0    1    0    0    0    1    0    1    0    0    1    1    1    0    1    0    0    0    0    0    1    1    0    1    0    0    0    0    0    0    0    0    0    0    0    0    0    1    0    0    1    0    0    0    0    1    0    0    0    0    0    1    0    0    1    1    0    0    0    0    0    0    1    0    0    1    0    0    0    0    0    0    1    0    1    1    1    0    0    0    0    0    0    0    1    1    0    0    0    1    0    0    0    0    0    1    0    0    0    0    0    1    0    0    0    
50    0.688545    0.766222    1    0    0    0    0    0    0    0    1    0    1    0    0    1    1    1    0    0    0    0    0    1    1    0    1    0    0    1    0    1    1    0    1    1    0    1    0    1    1    0    0    1    1    1    1    1    0    0    1    0    1    0    0    0    0    1    0    0    0    0    1    1    0    1    0    0    1    1    0    0    1    1    0    0    1    0    0    1    0    0    0    1    1    1    0    0    0    1    0    0    0    0    0    1    1    0    1    1    1    0    0    0    1    0    0    0    0    0    0    0    0    1    0    1    0    0    0    0    1    0    0    1    1    1    0    1    1    0    0    0    0    1    0    0    0    1    1    0    1    1    0    1    0    0    0    0    0    0    0    0    0    1    0    0    1    1    0    1    1    1    1    0    0    0    0    1    1    1    1    0    0    1    0    0    1    0    1    1    0    1    0    1    0    0    0    1    0    1    1    0    0    1    0    0    0    0    1    0    0    1    
50    0.962038    0.378797    0    0    0    0    1    0    0    0    0    1    0    1    0    1    0    0    1    1    1    0    0    1    1    0    1    0    0    1    0    1    0    1    0    0    0    1    1    0    1    0    0    0    0    0    0    0    1    0    1    1    1    1    1    1    1    0    1    1    0    0    1    1    0    1    0    0    0    1    0    0    0    1    1    0    1    0    1    0    0    1    0    1    1    0    0    1    0    0    0    1    1    1    0    0    1    1    0    1    1    0    0    0    1    0    0    1    0    0    0    0    0    1    0    1    0    0    0    1    1    1    0    0    1    1    1    0    1    0    0    0    0    0    1    1    0    0    0    0    1    0    1    0    0    0    1    0    0    0    1    1    0    0    0    1    0    0    1    0    1    0    1    0    0    0    0    0    0    0    1    0    1    1    1    0    0    1    0    1    0    0    0    0    1    0    0    0    1    0    0    0    1    0    0    0    1    0    0    0    0    0    
50    0.187226    0.876256    1    1    0    0    0    0    1    0    1    1    0    1    1    0    0    1    0    0    1    0    1    1    0    1    1    1    1    1    0    1    1    0    0    1    1    0    1    1    1    1    1    1    1    1    1    1    1    1    1    0    1    1    1    0    1    1    1    1    0    1    1    1    1    1    1    1    0    1    0    1    0    1    1    0    0    1    1    1    0    0    1    0    0    1    1    0    1    1    1    1    1    0    1    1    1    0    1    1    1    1    1    0    0    0    0    1    1    1    1    0    1    1    1    1    1    1    1    1    1    1    1    1    0    0    0    0    0    1    0    0    1    1    1    0    1    0    1    1    0    1    0    1    0    1    0    1    1    0    0    1    1    0    0    0    1    1    1    1    1    1    0    1    0    0    1    0    1    0    1    1    0    1    1    0    0    1    1    1    1    0    0    0    1    1    0    0    0    1    0    0    0    0    1    1    1    1    0    1    1    1    
50    0.290601    0.498178    1    1    1    1    1    0    1    0    0    1    0    1    0    0    0    0    1    1    0    1    1    1    0    1    0    0    0    0    1    0    1    1    1    0    0    0    0    0    0    1    0    1    1    1    1    1    0    0    0    0    0    0    0    1    0    0    0    1    0    1    1    1    1    0    0    0    1    1    0    1    0    1    0    0    0    1    0    1    1    0    0    1    1    0    1    0    1    1    1    1    0    1    1    1    1    0    0    1    0    0    1    0    0    0    0    1    1    1    0    0    1    1    0    1    0    0    0    0    0    0    0    0    0    0    0    0    1    0    1    0    1    1    1    0    1    0    0    0    1    1    1    0    0    0    1    1    0    0    0    1    1    0    1    1    0    0    0    1    0    0    0    0    0    0    1    1    0    0    1    1    0    0    1    1    1    0    0    0    1    0    0    0    0    1    0    1    1    1    0    0    1    1    0    0    0    0    1    1    0    1    
50    0.878926    0.429694    1    1    0    0    0    1    1    1    1    0    0    0    1    0    0    1    0    1    1    0    0    1    0    1    0    1    0    0    0    1    1    1    1    1    1    0    1    1    1    1    1    0    0    1    0    1    1    1    1    0    1    1    1    1    1    0    0    0    0    1    0    0    1    0    0    1    1    1    1    0    1    1    0    1    0    0    1    0    0    1    1    1    1    1    1    0    1    1    0    0    0    0    0    0    0    1    0    1    1    0    0    0    0    1    1    0    1    1    1    0    0    1    0    0    1    0    0    0    1    0    0    0    1    0    0    1    0    0    1    0    0    0    0    0    0    1    0    0    0    1    1    0    1    1    1    0    1    1    0    0    0    1    1    1    1    1    0    0    1    0    0    1    1    0    1    0    0    0    0    0    0    0    0    0    1    0    0    1    1    0    0    1    0    1    0    0    0    0    0    0    0    1    0    0    0    1    0    0    1    0    
50    0.763921    0.593379    0    0    0    0    0    0    0    1    0    0    1    0    0    0    0    1    1    0    1    1    0    0    0    0    1    0    0    0    1    0    1    1    1    1    0    1    1    1    0    1    0    0    0    0    1    0    1    0    0    0    1    1    0    1    1    0    0    1    1    1    1    0    0    1    0    1    1    1    1    0    0    0    1    1    0    0    1    0    1    0    0    1    0    0    0    1    0    1    1    0    1    0    0    1    0    0    1    0    1    1    0    1    0    0    0    0    0    0    1    1    1    0    0    0    1    0    0    0    1    0    1    1    0    0    1    1    1    0    0    0    0    0    0    0    1    0    1    0    0    0    0    0    0    1    0    0    1    1    0    1    0    0    0    0    0    0    1    1    0    0    0    0    1    0    0    1    0    0    1    1    0    0    0    1    0    0    0    0    0    1    1    0    1    0    1    0    0    1    1    0    0    0    0    0    0    1    1    0    0    0    
50    0.876841    0.634035    1    1    0    1    1    1    0    0    1    0    0    1    0    1    1    0    0    1    1    1    1    0    0    1    1    0    0    0    1    0    1    0    1    1    0    1    0    1    0    0    1    1    1    0    0    1    1    1    0    0    0    1    1    0    0    1    1    1    1    1    1    0    1    1    1    1    0    1    1    0    1    1    1    0    0    0    0    1    1    1    1    0    0    0    0    1    0    1    0    0    1    1    1    1    1    1    0    1    0    1    0    1    1    1    1    1    0    0    1    1    0    1    1    0    1    1    1    0    0    0    0    0    0    1    1    0    0    0    0    0    0    0    0    0    0    0    1    0    0    1    0    1    1    1    1    1    0    0    1    0    1    0    0    1    0    0    0    0    0    0    1    1    0    0    0    0    1    1    1    1    0    0    0    1    1    0    1    0    0    0    0    1    1    0    0    0    1    1    1    1    0    0    0    0    1    0    0    1    0    0    
50    0.360709    0.704328    0    1    0    0    0    1    1    0    1    1    1    1    1    0    0    0    1    0    1    1    1    1    1    1    1    1    0    0    1    0    0    0    0    1    1    1    0    0    1    0    0    1    0    0    0    1    0    1    0    1    0    1    0    1    0    1    1    0    0    1    1    0    1    1    0    0    1    1    0    0    0    0    0    1    0    0    0    1    1    0    0    1    0    1    1    1    0    0    1    0    0    0    0    1    0    1    0    0    1    1    0    1    0    1    0    1    1    1    0    0    0    1    0    0    1    0    1    0    0    1    0    0    1    1    1    0    0    1    0    0    1    1    0    0    1    1    1    1    0    1    0    1    0    0    1    0    0    0    0    0    0    1    0    0    0    0    0    0    0    0    1    0    1    1    1    0    0    0    0    0    0    0    0    1    0    0    1    1    0    1    1    0    0    0    0    0    1    0    0    0    0    0    0    0    0    0    0    1    0    0    
50    0.551928    0.112937    1    0    1    1    0    0    0    0    0    1    0    1    0    1    0    0    1    0    1    0    1    0    0    1    1    0    1    1    0    1    0    1    1    1    1    0    0    0    0    0    0    0    0    0    0    1    1    1    1    1    0    0    0    0    1    1    0    0    1    0    1    0    1    1    1    0    0    0    0    1    1    1    0    1    0    0    0    1    0    0    1    0    1    1    0    0    0    1    0    1    0    1    0    1    1    1    1    0    0    1    0    0    1    0    0    0    0    0    0    0    0    1    0    0    0    1    1    0    1    0    1    0    0    0    0    0    1    1    0    1    0    0    1    0    0    0    0    1    0    0    0    0    0    0    1    1    1    1    0    0    1    0    0    1    0    0    1    0    1    0    0    0    0    0    0    1    0    1    0    0    0    0    0    0    0    1    0    0    0    1    1    0    0    0    1    1    1    0    0    1    0    1    0    1    0    1    0    1    0    0    
50    0.654714    0.99177    1    0    0    0    0    0    0    1    1    1    0    0    1    0    1    0    0    0    1    0    1    1    0    1    0    0    1    1    0    1    0    0    1    1    1    0    1    0    1    0    0    0    1    1    1    1    1    0    1    1    0    0    1    0    0    1    0    1    0    0    1    0    0    0    0    1    0    1    0    0    1    0    1    1    0    0    0    0    1    1    1    0    0    0    0    1    0    0    0    1    0    1    1    0    1    0    1    1    0    1    0    0    0    1    1    0    1    0    1    1    0    0    1    0    0    1    1    0    0    0    0    0    0    0    0    0    1    1    0    1    0    0    0    0    0    0    0    1    0    0    1    0    0    0    0    0    0    1    1    0    0    1    1    0    1    1    1    0    1    1    1    0    0    0    1    1    0    0    0    0    1    1    1    0    0    1    0    0    1    0    0    1    0    0    0    0    0    1    0    1    0    0    0    1    1    1    0    0    1    0    
50    0.187008    0.590674    1    1    1    1    0    1    1    1    1    1    0    1    1    0    0    0    1    1    0    1    1    0    1    0    1    1    0    1    1    1    1    1    1    0    0    1    1    0    1    1    1    1    0    1    1    1    1    1    1    1    1    1    1    0    0    0    1    1    1    1    1    0    1    1    1    1    0    0    1    1    1    1    0    1    1    1    1    0    0    1    1    1    1    1    1    1    1    0    1    1    0    1    1    0    0    1    1    1    1    0    0    0    0    0    0    0    1    0    0    0    1    0    1    0    1    1    1    0    1    1    0    1    0    0    0    0    0    0    0    0    1    0    1    0    0    1    1    1    0    0    0    0    0    0    1    0    1    1    0    1    0    0    0    0    0    0    1    0    0    0    0    1    0    0    0    0    1    0    0    0    0    1    0    0    0    0    0    1    0    0    1    0    0    1    0    0    1    1    0    0    0    0    0    1    0    0    0    1    0    1    
50    0.720578    0.813836    0    0    0    1    0    0    1    1    1    1    0    0    1    0    0    0    0    0    1    0    0    0    1    1    0    0    0    0    0    1    0    0    1    0    0    0    1    1    0    1    0    1    0    0    0    1    1    0    0    1    1    0    0    0    1    1    1    1    0    1    1    0    0    0    0    0    0    0    0    0    1    1    0    0    0    0    0    0    1    1    0    0    1    1    0    1    0    1    0    0    1    1    1    0    0    0    0    1    1    0    0    0    0    0    0    0    1    0    0    0    0    0    1    0    0    1    0    1    1    0    1    1    1    1    0    0    0    1    0    1    0    0    1    0    1    0    1    0    1    1    1    1    0    0    1    1    0    1    0    0    0    0    1    0    0    0    0    0    0    0    0    0    0    1    0    0    0    0    0    1    1    0    0    0    1    0    0    1    0    0    0    0    1    1    0    0    1    0    0    0    0    0    0    0    0    0    0    0    1    0    
50    0.0697684    0.593515    1    0    1    0    1    1    1    0    0    1    0    1    1    0    0    0    1    1    1    0    1    1    1    1    1    0    0    1    1    1    0    0    0    1    0    0    1    1    1    0    0    1    1    1    1    1    0    1    0    1    1    1    1    1    1    0    1    1    0    1    1    1    1    1    1    1    1    0    1    1    0    1    0    0    0    1    0    1    1    0    0    1    1    1    0    1    0    1    1    1    0    1    1    0    0    0    0    1    0    1    0    0    0    1    0    1    0    1    0    1    0    0    0    1    0    1    0    1    1    1    0    0    0    0    1    0    0    0    1    0    1    0    1    0    1    0    0    1    0    1    0    0    0    0    1    1    0    0    0    1    0    0    1    1    1    1    0    0    1    1    1    1    0    0    1    0    0    0    0    0    1    0    0    0    0    1    1    1    1    1    1    0    0    0    0    0    0    1    1    0    1    1    0    1    0    0    0    1    0    0    
50    0.385973    0.0604153    1    0    1    1    0    1    1    0    1    0    1    1    0    0    1    0    1    0    1    0    1    1    1    0    0    0    1    1    0    0    0    1    1    1    1    1    1    1    0    0    1    1    0    1    1    1    1    1    1    1    0    1    0    0    0    1    1    1    1    1    1    0    0    1    1    0    1    1    1    0    0    1    0    0    0    1    1    1    1    0    1    1    1    1    1    1    0    0    0    1    1    0    1    1    1    1    1    0    0    1    0    1    0    0    0    0    0    1    0    0    0    1    1    0    1    1    1    1    0    0    0    0    1    0    1    1    0    0    0    1    1    0    1    0    0    1    1    0    0    1    1    0    1    1    0    1    0    0    0    0    0    0    1    0    1    0    0    0    1    0    1    1    1    0    0    1    0    0    0    0    1    0    0    0    0    0    1    0    0    0    0    0    1    0    0    0    0    1    1    0    1    0    1    0    1    0    0    0    0    1    
50    0.176135    0.992784    0    0    1    0    1    1    0    0    1    1    0    0    0    0    1    1    1    1    0    1    0    1    1    0    0    1    1    1    1    0    1    0    0    0    1    1    1    1    1    1    1    1    1    1    1    1    1    1    1    0    1    1    1    1    1    0    0    1    0    0    0    1    0    0    1    1    0    1    0    1    1    1    1    0    0    0    0    0    0    1    0    0    1    1    1    0    1    1    0    1    1    0    1    1    1    0    1    0    0    0    0    0    1    0    0    1    0    1    1    1    1    1    0    1    0    1    0    0    1    0    1    0    1    1    1    0    0    1    1    0    0    0    0    0    0    0    1    1    1    0    0    0    0    0    0    1    0    0    0    1    0    0    0    1    0    1    0    1    0    1    0    0    1    0    0    0    1    0    1    0    1    0    0    0    0    1    1    1    1    0    1    1    0    1    0    0    0    1    1    0    1    1    1    0    1    0    0    1    0    1    
50    0.57917    0.79469    0    0    0    0    1    0    0    1    1    1    0    0    1    1    0    0    0    0    0    0    0    1    0    0    1    1    0    1    0    1    0    0    0    1    0    0    1    1    1    0    0    0    1    0    0    1    1    0    0    1    0    0    1    0    1    1    1    0    0    1    0    0    1    0    1    0    1    1    1    0    1    1    0    0    0    0    1    0    0    0    0    0    0    0    0    0    0    0    0    0    0    0    1    1    0    0    1    1    1    1    1    1    0    1    0    0    1    1    1    0    1    1    1    0    0    0    0    0    0    0    0    0    1    0    1    0    0    0    0    0    0    0    1    0    0    0    1    0    1    1    0    1    0    0    0    1    1    0    0    0    1    0    1    0    1    1    0    1    1    1    0    0    1    1    0    0    0    0    1    0    1    0    0    1    1    0    0    1    1    0    0    1    1    0    0    0    0    0    0    0    0    0    1    1    0    0    0    1    1    1    
50    0.895915    0.141488    1    0    1    1    0    0    1    0    1    0    1    1    1    0    1    1    0    1    1    1    1    0    1    1    1    1    0    1    0    1    0    1    1    1    1    0    0    1    0    1    1    1    0    1    1    0    1    1    1    0    1    1    0    0    1    1    0    1    1    0    0    0    1    1    0    1    0    1    1    0    1    1    0    0    1    0    1    1    0    1    1    0    1    1    1    1    1    1    1    0    1    0    0    1    1    1    1    1    0    0    1    1    0    0    1    0    0    0    1    0    0    0    0    0    1    0    1    0    0    0    1    1    0    1    0    1    0    0    0    0    0    0    1    0    1    0    0    0    0    1    0    1    1    1    0    1    0    0    1    1    1    0    0    1    0    1    0    1    0    1    0    0    1    0    1    0    1    0    1    0    0    0    1    0    1    0    0    0    1    0    1    0    1    0    1    0    1    1    1    0    1    1    0    1    0    0    1    0    0    0    
50    0.858741    0.450098    1    1    1    1    0    0    0    1    1    0    1    0    1    0    1    0    1    1    1    0    0    1    1    1    0    1    1    1    1    1    1    0    0    1    1    1    0    1    0    0    0    1    0    0    0    1    0    0    1    1    0    1    1    1    1    1    0    0    0    1    1    0    0    0    1    1    0    0    0    0    1    1    1    1    1    1    1    1    0    0    1    1    1    1    0    1    1    0    0    1    0    0    1    0    0    0    1    1    0    1    1    0    1    1    1    0    0    0    0    0    0    0    0    1    0    0    0    0    0    1    1    0    0    0    0    0    1    1    0    1    0    0    0    0    0    0    1    0    0    1    0    0    0    0    0    0    0    0    1    0    0    1    1    0    0    0    0    1    0    0    0    1    0    1    0    1    1    0    0    1    1    1    1    0    0    0    0    0    0    0    0    0    0    0    0    0    1    0    1    0    1    0    1    1    0    0    0    0    1    0    
50    0.47863    0.299615    0    1    0    0    0    0    0    1    0    0    0    0    0    0    0    0    0    0    1    0    0    0    0    0    0    0    0    0    1    1    1    1    0    0    1    0    1    1    1    0    0    0    0    0    0    1    0    0    0    1    0    1    1    0    1    1    0    0    0    1    1    0    0    0    1    0    0    0    0    1    0    1    0    1    0    0    0    0    1    0    0    0    0    1    0    0    1    0    0    0    1    0    0    0    0    0    0    0    0    1    1    0    0    1    0    0    0    1    1    0    0    0    0    0    0    0    0    1    1    0    0    0    0    0    0    0    0    0    0    0    0    0    1    0    1    0    0    0    1    0    0    0    0    0    0    0    0    1    0    0    0    0    0    0    0    1    1    0    0    0    0    1    0    0    1    0    0    0    0    0    1    0    1    0    0    0    0    0    0    0    1    0    0    0    1    0    0    0    0    0    0    1    0    0    0    0    0    0    0    0    
50    0.53094    0.747767    1    1    0    1    0    1    1    1    0    0    0    1    1    0    1    1    0    0    1    0    1    1    0    0    0    0    0    1    0    1    1    1    1    1    1    0    0    1    0    1    0    1    1    0    0    1    1    1    1    1    1    0    0    0    1    1    1    0    1    1    1    1    1    1    1    1    0    0    1    1    0    1    1    1    0    0    0    0    0    0    0    1    0    1    1    0    0    1    0    1    1    1    1    0    0    1    0    1    1    0    0    0    1    0    1    0    1    0    0    1    0    0    1    0    1    0    0    0    0    0    0    1    1    0    1    1    0    0    1    0    0    1    1    0    1    1    0    0    1    1    1    0    1    0    0    1    0    0    0    1    0    1    0    0    0    0    0    0    1    1    0    0    1    0    1    1    1    0    0    0    0    1    1    1    1    0    0    1    0    1    0    0    0    0    0    0    0    1    0    0    0    1    0    1    0    0    1    1    0    0    
50    0.0174729    0.029917    1    0    0    1    1    1    1    0    0    0    0    1    1    0    1    0    1    1    1    1    1    1    1    0    0    1    0    0    0    1    1    1    1    1    0    0    1    0    1    0    1    1    0    1    0    0    1    0    1    0    1    1    0    0    1    1    1    1    1    1    1    1    1    1    1    1    0    1    0    0    1    1    0    1    1    1    0    1    0    1    0    1    1    0    1    0    0    1    0    1    0    0    0    0    1    1    1    0    1    0    1    1    1    0    0    0    0    0    1    0    1    1    1    1    0    0    1    0    1    0    0    1    0    0    0    0    0    0    0    1    0    0    1    0    0    0    1    0    1    0    1    1    0    1    1    1    0    1    0    0    1    1    0    0    0    0    1    0    0    1    1    0    1    0    0    1    0    1    0    0    0    1    1    1    0    0    1    0    1    1    1    0    0    0    1    0    1    1    0    0    1    0    1    0    1    1    0    1    1    1    
50    0.370076    0.796478    1    1    0    0    1    1    0    0    1    1    1    1    1    0    0    1    0    1    1    0    1    1    1    1    0    1    1    1    1    1    0    0    1    1    1    1    0    0    1    0    0    1    1    1    1    1    0    1    1    0    1    0    1    1    1    0    1    1    1    1    0    1    0    1    0    1    1    0    1    1    1    0    1    0    1    1    1    1    1    1    0    1    1    1    1    1    1    0    0    1    1    0    1    0    0    0    0    1    1    1    1    1    0    0    0    0    0    0    1    0    0    0    0    0    0    0    0    0    1    0    1    0    0    0    1    0    0    0    1    0    1    0    0    1    0    1    1    0    1    0    1    0    0    1    0    0    1    0    1    0    0    0    0    0    0    0    1    0    0    1    0    0    0    0    1    0    1    0    1    0    1    0    1    1    1    0    1    1    0    0    0    1    0    1    1    1    0    0    0    1    0    1    0    0    1    0    1    0    1    1    
50    0.967218    0.994842    0    1    0    0    1    0    0    1    0    1    0    1    0    0    0    0    1    1    1    1    0    1    1    1    0    0    1    1    0    1    0    1    0    1    1    0    0    0    1    1    1    1    0    0    1    0    0    0    0    0    0    1    1    0    0    0    0    0    0    0    0    0    1    1    1    1    1    1    0    0    0    1    0    1    1    1    0    1    0    1    1    1    0    1    0    1    0    0    0    1    1    0    1    1    1    1    1    1    0    0    1    1    0    1    1    1    0    1    0    0    0    1    1    0    0    1    1    1    0    0    1    0    0    0    0    1    0    0    1    0    0    1    1    1    1    0    0    1    0    1    0    0    0    1    0    0    0    1    1    0    0    1    0    0    1    0    0    0    1    0    0    0    1    0    1    1    0    0    1    0    1    0    1    0    1    1    0    1    1    0    0    0    0    0    0    0    0    1    1    1    0    0    1    0    0    1    0    0    1    1    
50    0.329063    0.971709    1    1    1    0    0    1    1    1    0    0    1    1    0    1    1    1    0    1    1    1    1    1    1    1    1    1    0    0    0    1    1    0    1    1    1    1    1    1    1    1    1    1    1    0    0    0    1    1    1    1    1    0    0    1    0    1    1    1    0    1    1    0    1    1    1    1    1    0    0    0    1    1    0    0    1    1    1    1    1    1    1    1    0    1    0    1    1    1    1    1    1    0    0    0    1    1    0    1    0    1    1    0    0    1    0    0    0    1    0    0    1    0    0    1    0    1    0    0    1    1    1    0    1    0    1    0    1    1    0    0    0    0    0    0    0    0    0    1    0    1    0    1    0    1    1    0    1    1    0    1    0    1    0    0    0    1    1    0    1    0    0    1    0    0    0    0    0    1    1    1    1    0    0    1    1    0    0    0    0    0    0    0    0    0    1    0    0    0    1    0    0    0    0    0    0    0    0    0    1    0    
50    0.031515    0.684108    1    1    0    1    0    1    0    0    0    0    0    0    1    1    0    1    1    1    1    0    1    0    0    1    1    1    0    1    0    1    1    1    0    1    1    1    1    0    0    1    0    1    1    1    1    1    1    1    1    1    1    1    1    1    0    1    1    1    1    0    0    1    1    1    1    0    0    1    0    1    1    1    1    1    0    1    1    1    0    0    1    1    0    1    0    1    1    1    1    1    1    0    0    0    0    0    1    1    1    1    1    0    1    1    1    1    1    1    0    1    1    0    1    1    1    0    0    1    0    1    0    1    1    0    0    1    0    1    0    1    0    0    0    1    0    0    1    1    0    1    0    0    1    1    0    0    0    1    1    1    0    1    0    0    0    1    1    0    0    0    1    1    0    0    0    1    1    1    1    0    1    1    0    1    1    1    0    1    0    0    0    0    0    0    0    0    1    1    1    1    0    1    0    0    1    0    0    0    1    0    
50    0.356905    0.17052    0    0    0    0    0    1    1    0    0    0    1    1    0    1    0    0    0    0    0    0    0    1    1    0    0    0    1    1    1    0    0    0    1    0    1    0    1    1    0    0    0    1    0    0    0    0    0    0    0    0    0    1    1    0    0    1    1    0    1    0    1    1    0    1    0    0    0    0    0    1    1    0    0    1    1    0    0    0    0    0    0    1    0    1    0    1    1    0    0    0    1    0    0    1    0    1    0    0    0    0    0    1    1    1    0    1    0    1    0    0    0    0    1    0    1    1    0    0    1    0    0    1    0    0    1    1    0    0    1    1    0    0    0    0    0    1    0    1    1    0    0    0    0    0    0    0    0    1    0    1    0    0    0    0    0    0    1    0    0    0    0    1    0    1    0    0    0    1    1    1    0    1    0    1    0    1    0    0    1    0    0    0    1    0    1    0    0    0    0    0    0    0    1    0    0    0    1    0    0    0    
100    0.212733    0.00227834    0    1    1    1    1    1    1    1    1    1    0    1    1    1    0    1    0    0    1    0    1    1    0    1    1    1    1    1    1    0    0    1    1    1    0    1    0    0    0    0    1    0    1    1    1    0    0    0    0    1    0    0    1    0    1    0    1    1    1    0    1    1    1    0    1    1    0    1    1    1    0    0    1    0    0    1    1    0    1    0    0    1    1    1    1    1    1    0    1    0    1    1    0    1    1    0    0    1    1    1    1    1    0    1    0    0    1    0    0    0    0    1    1    1    1    1    0    0    1    1    1    1    0    1    0    0    0    0    1    0    1    0    0    0    0    0    1    0    0    1    1    0    1    1    1    1    0    0    1    1    0    1    0    0    1    1    0    0    1    0    1    1    0    0    1    0    0    0    0    0    0    0    0    0    1    1    1    1    1    1    0    1    0    0    0    0    1    0    1    1    0    1    1    1    0    0    1    0    1    1    
100    0.355307    0.858883    1    1    1    1    0    1    1    1    1    1    0    0    1    1    1    1    1    1    1    1    0    1    0    1    1    0    1    1    0    1    0    0    1    1    0    1    1    1    1    0    0    0    1    0    0    1    1    1    1    1    1    0    1    1    0    1    1    1    1    1    1    0    0    0    0    0    1    1    0    0    1    0    1    0    0    1    0    1    0    0    0    0    1    1    0    0    0    1    1    1    0    1    0    0    0    1    1    1    1    1    1    1    0    1    1    1    0    1    0    0    1    0    0    0    1    0    0    1    0    0    1    0    0    0    1    0    0    0    0    1    0    0    0    1    0    1    1    0    0    0    0    1    1    1    0    1    1    0    0    0    0    0    0    1    1    0    1    0    1    0    0    1    1    0    1    0    0    0    1    0    0    1    1    0    0    1    1    1    0    0    1    1    1    1    1    1    0    0    1    1    1    0    0    0    1    0    1    0    0    0    
100    0.0371035    0.551124    0    0    0    1    0    0    0    0    1    0    0    0    1    0    0    1    1    0    1    1    1    1    1    1    1    0    1    1    0    1    1    1    1    1    0    1    0    0    1    1    1    0    0    1    1    1    0    1    1    1    1    0    1    1    0    1    0    0    1    1    1    1    1    1    0    1    0    1    1    1    1    1    0    1    0    0    1    1    1    1    1    1    1    0    1    1    1    0    1    0    0    1    1    1    0    1    0    1    1    1    0    0    0    0    1    1    0    0    0    0    0    1    1    0    0    0    0    0    0    1    0    1    0    1    1    0    1    0    0    0    0    0    0    0    0    0    1    1    0    1    0    1    1    0    0    0    0    0    1    0    0    0    0    1    0    0    1    0    1    1    0    0    0    1    0    1    0    0    0    0    0    1    1    0    1    0    1    0    1    0    1    0    1    0    0    1    0    1    0    1    0    1    0    1    1    0    0    0    1    1    
100    0.419646    0.904504    1    1    0    1    1    1    0    0    1    1    1    0    0    1    0    0    1    0    1    1    1    1    1    0    0    0    1    0    1    1    0    0    1    0    1    1    0    1    0    1    1    0    1    1    1    1    1    1    1    1    0    0    0    0    1    0    1    1    0    1    1    1    1    1    0    1    1    1    1    1    1    0    1    1    0    1    1    1    1    0    0    0    1    1    1    0    1    0    0    0    1    0    0    0    0    1    0    1    1    1    1    1    0    1    0    1    1    1    0    0    0    1    1    0    1    1    1    0    0    1    0    0    1    0    1    0    0    1    1    1    0    0    0    0    0    0    1    0    0    1    0    1    0    0    0    0    0    0    1    1    0    0    1    0    1    0    1    1    0    0    0    1    1    1    1    1    0    0    0    0    0    1    1    0    1    0    1    0    0    1    0    1    0    0    0    0    1    1    0    0    0    1    1    0    1    1    1    1    0    1    
100    0.675604    0.899376    0    0    1    1    1    0    0    0    0    0    0    0    1    0    1    0    0    0    1    1    1    0    1    1    1    0    0    1    0    0    1    0    1    1    0    0    0    1    0    1    1    1    1    1    1    0    1    0    0    0    0    1    1    0    1    1    0    1    1    1    0    0    1    1    0    1    0    0    0    1    0    0    0    1    0    0    1    0    0    0    0    1    0    0    1    0    0    1    0    1    1    1    0    0    0    0    0    0    0    0    0    1    0    1    0    1    0    0    0    0    1    0    0    0    0    0    0    0    0    0    0    0    0    0    1    0    0    1    0    0    0    0    0    0    0    0    1    0    0    0    1    1    0    1    0    0    0    1    0    0    0    0    1    0    1    0    0    0    1    0    0    0    1    0    0    1    0    0    0    1    1    0    0    1    0    0    0    0    0    1    1    0    0    1    1    0    0    1    0    0    0    0    0    0    0    0    0    0    0    0    
100    0.83566    0.226686    0    0    0    1    0    0    1    1    0    1    0    0    1    1    1    0    1    0    0    1    1    1    0    0    0    0    1    0    1    0    1    0    0    0    0    1    1    0    0    0    0    0    0    1    0    0    0    0    1    0    0    1    1    0    0    0    0    0    0    1    1    0    0    1    1    1    1    1    0    1    0    1    0    1    1    1    0    0    1    0    0    1    1    1    1    0    0    1    0    0    1    0    0    1    1    1    1    1    1    0    0    1    0    0    0    0    0    0    0    0    1    0    1    0    0    0    1    0    0    0    0    0    0    0    0    0    0    0    1    0    1    0    1    0    0    0    1    0    0    0    0    0    1    0    0    0    0    0    0    1    0    0    0    0    0    0    1    1    0    0    0    0    0    0    0    1    0    0    0    1    1    0    0    0    1    0    0    1    0    0    1    0    0    1    0    1    0    0    0    0    0    1    0    1    0    0    1    0    1    0    
100    0.965484    0.1572    0    0    1    1    1    1    1    1    1    1    1    0    1    1    1    1    1    1    0    1    0    1    1    1    0    1    1    0    0    1    1    1    0    0    0    0    1    1    0    1    1    1    1    1    0    0    1    0    0    1    0    0    1    1    1    1    1    0    1    0    1    1    1    1    1    0    1    1    0    0    0    1    0    1    0    1    1    0    1    1    0    1    1    0    1    0    1    1    0    0    1    0    1    1    1    1    0    1    0    0    1    0    0    1    0    0    1    0    1    0    1    0    1    0    0    1    0    0    0    1    1    0    1    0    1    0    0    1    1    1    0    0    0    0    1    0    1    0    1    1    0    0    0    1    1    0    1    0    1    0    1    1    0    0    0    1    0    0    0    0    1    1    0    0    1    0    0    0    0    0    1    1    0    1    1    1    1    0    0    0    0    0    1    1    1    0    0    0    1    1    1    1    0    0    1    0    0    1    0    1    
100    0.129631    0.543122    0    1    0    0    0    1    1    1    1    1    0    1    0    1    1    1    1    1    0    0    0    0    1    0    0    1    1    1    1    1    0    0    1    1    0    1    1    0    1    0    0    0    1    1    1    0    0    0    1    0    0    0    1    0    1    0    1    1    1    1    0    1    1    0    0    1    1    1    1    0    1    1    0    0    1    1    1    1    1    0    1    0    0    1    0    0    1    1    1    0    0    1    1    1    1    1    1    0    1    0    1    0    1    0    0    0    1    0    0    0    0    1    1    0    1    1    0    1    0    1    0    0    0    1    0    1    0    0    1    1    1    0    0    0    0    0    1    1    0    1    0    0    1    1    0    0    0    1    0    0    0    1    0    1    0    0    0    0    0    1    0    0    0    0    1    0    1    0    0    0    0    1    1    0    1    1    0    1    0    1    1    0    0    0    1    0    1    1    0    0    0    1    1    0    0    1    0    1    0    0    
100    0.0756739    0.66576    0    1    0    1    1    0    1    0    0    1    1    0    1    1    1    1    0    1    0    1    0    0    1    1    1    0    1    0    1    1    1    0    1    1    0    1    1    1    1    0    1    1    1    1    1    0    1    1    1    1    0    1    0    1    0    1    1    1    1    1    1    0    0    0    0    1    1    0    1    1    1    0    0    0    1    0    0    0    1    1    1    0    1    1    1    0    0    0    1    1    1    1    1    1    0    1    0    0    1    0    0    1    0    0    1    1    1    1    0    0    1    0    0    1    0    0    1    0    0    1    0    0    0    1    1    0    0    0    1    1    0    0    0    1    1    0    0    0    1    0    0    1    1    0    0    0    0    0    1    0    0    1    0    1    0    1    0    1    0    0    0    1    0    0    1    1    0    0    0    0    1    1    0    0    0    1    0    1    0    0    1    0    0    1    0    1    0    0    0    0    0    1    1    0    1    1    1    0    0    1    
100    0.689016    0.725894    0    0    1    1    0    1    1    0    1    0    0    1    0    0    1    0    1    1    1    1    0    0    1    1    1    1    0    1    0    1    1    0    1    0    0    1    0    0    0    1    1    1    0    1    1    0    1    1    0    0    1    0    1    0    0    0    0    0    1    0    1    0    1    0    1    1    1    1    1    1    0    1    0    1    0    1    0    1    1    1    0    0    0    1    0    1    0    1    1    1    1    0    0    0    1    1    1    0    1    0    1    0    0    0    0    1    1    0    1    0    0    0    0    0    0    0    0    0    1    0    0    0    1    1    0    0    1    0    1    0    0    1    0    0    0    1    1    0    0    0    0    1    0    0    0    1    1    0    1    0    0    0    1    0    1    0    1    0    0    1    0    1    0    0    0    0    1    0    0    1    0    0    0    0    0    1    0    1    0    0    1    0    0    0    0    0    1    1    0    0    0    0    0    0    0    0    0    1    0    0    
100    0.0295518    0.269537    1    0    0    0    0    1    0    0    0    1    1    0    1    1    0    1    1    1    1    1    0    1    1    1    0    1    0    0    1    0    0    0    0    1    0    1    1    1    1    0    1    0    1    1    1    0    1    0    0    1    0    0    1    0    1    0    1    1    0    0    1    1    0    1    0    0    0    1    0    0    0    1    0    0    1    0    1    1    1    1    0    1    0    1    0    0    1    1    1    0    0    0    0    1    0    0    0    0    1    0    1    0    0    1    0    0    0    0    0    1    0    0    0    1    0    1    1    0    0    0    0    1    0    1    1    1    0    0    0    1    1    0    0    0    0    1    1    0    0    0    0    0    0    0    0    1    0    0    0    1    0    1    1    0    0    0    1    0    0    0    1    1    0    0    0    0    0    0    1    1    1    0    0    0    0    1    0    1    0    0    0    0    0    0    0    1    1    1    0    0    0    1    1    1    0    0    1    0    1    0    
100    0.215003    0.490492    0    1    0    0    1    1    1    1    0    0    0    0    0    1    1    1    1    1    1    1    1    0    1    1    1    1    0    1    0    0    1    0    1    1    0    0    0    0    0    1    0    1    0    1    1    1    0    0    1    0    1    0    0    1    1    1    0    1    1    0    1    1    1    1    0    0    0    1    1    0    0    0    1    1    1    1    0    0    0    0    0    1    0    0    0    0    0    1    0    1    0    1    0    0    1    1    1    0    1    1    0    1    0    0    0    1    1    1    1    1    0    0    1    1    0    1    1    0    1    0    1    0    0    1    0    1    0    0    1    0    1    1    0    0    1    1    0    0    1    1    0    1    1    0    0    1    1    1    0    1    1    0    0    0    0    0    0    0    0    0    0    0    1    1    1    0    1    0    1    1    1    0    1    0    0    0    0    0    0    0    0    0    0    0    0    1    0    0    0    0    0    1    0    0    1    0    0    1    0    1    
100    0.931245    0.0242124    1    0    1    1    1    0    1    0    1    1    1    1    1    1    1    1    1    1    1    0    1    1    1    1    1    1    0    0    1    1    0    0    1    1    0    0    1    1    0    1    1    0    1    1    1    0    1    1    1    1    1    1    1    1    1    0    1    0    0    1    1    1    1    1    0    0    0    0    0    0    1    1    1    0    1    1    0    1    1    0    0    0    1    0    1    1    0    1    0    1    0    0    1    0    0    1    1    1    1    1    0    0    1    0    0    0    1    1    0    0    1    0    0    0    0    0    1    1    1    0    0    0    0    1    0    0    1    0    0    1    1    1    0    0    1    1    0    0    1    1    0    0    1    1    1    1    0    0    1    0    0    1    0    0    1    0    1    0    1    1    0    1    1    0    0    0    1    1    0    0    0    0    0    1    0    1    0    1    0    1    0    0    1    0    0    0    0    1    0    0    1    0    1    0    1    0    0    0    1    0    
100    0.0242167    0.0405795    1    1    1    1    1    1    1    0    0    0    1    1    1    0    0    1    1    0    0    0    1    0    1    1    0    1    1    1    0    1    1    0    1    0    0    0    1    0    1    0    0    1    1    0    1    1    1    1    1    1    0    0    1    0    1    1    0    1    1    0    1    1    1    1    1    1    0    0    0    1    1    1    1    1    0    1    0    0    1    0    0    1    0    1    1    0    0    1    1    1    1    0    0    1    1    1    1    0    1    1    0    0    0    0    0    0    0    1    1    0    0    1    1    1    0    1    0    0    0    1    1    0    1    0    0    0    0    1    1    1    1    0    0    0    1    1    1    0    1    1    1    0    0    1    0    0    1    1    1    0    1    0    1    0    0    0    0    0    1    0    1    1    1    0    0    0    1    1    1    1    1    1    0    0    0    0    0    0    0    0    0    0    0    1    0    1    0    1    0    0    1    1    1    0    0    0    1    1    0    0    
100    0.234882    0.463322    0    0    0    1    1    0    1    0    0    0    1    0    1    1    1    1    1    0    1    0    0    1    0    0    0    0    1    1    0    0    1    1    0    1    1    0    0    0    0    1    0    0    0    0    1    0    0    1    0    0    0    0    0    1    0    0    1    0    0    0    1    1    1    1    1    0    0    1    1    0    1    0    1    0    0    0    1    0    0    0    0    1    0    1    1    0    0    0    0    0    0    1    0    1    0    0    1    0    0    1    1    0    1    0    0    1    0    0    1    1    1    0    1    1    1    0    1    0    1    1    1    0    1    1    0    1    1    1    0    0    1    1    1    0    0    0    0    0    1    1    0    0    1    0    1    1    0    0    1    0    1    0    1    1    1    0    0    0    1    1    1    0    1    1    1    0    1    0    0    1    0    0    0    0    1    1    1    1    0    0    0    0    1    1    1    0    0    0    0    0    0    0    1    0    1    0    0    0    0    0    
100    0.92671    0.135296    0    0    1    0    1    0    0    0    1    0    1    0    1    1    0    0    0    1    1    1    0    1    0    0    0    0    1    1    1    0    1    1    0    0    0    0    1    0    1    1    1    1    0    1    0    0    0    1    0    1    0    0    1    0    1    0    0    0    1    0    0    1    1    1    1    1    0    1    1    0    1    1    0    1    1    1    1    1    1    1    0    1    1    0    0    1    0    1    1    0    1    1    1    1    1    1    1    0    1    0    1    0    1    0    0    0    0    1    0    0    0    0    0    0    0    1    0    0    1    1    0    0    0    1    1    0    1    0    0    0    1    1    0    0    0    1    1    1    0    1    0    1    0    1    1    0    1    0    0    0    1    1    1    0    0    1    0    1    1    0    1    1    1    1    1    1    0    0    0    0    0    0    0    1    0    0    1    0    0    0    0    1    1    0    1    0    1    0    0    1    0    0    0    0    0    0    0    1    1    0    
100    0.685937    0.589056    0    1    0    0    1    0    0    0    0    1    1    1    0    0    0    0    0    0    1    0    0    1    1    0    0    1    1    1    1    1    1    0    0    0    0    1    0    0    1    1    0    0    0    1    1    1    1    1    1    0    0    1    1    0    0    0    1    0    1    0    0    0    1    0    0    0    0    1    0    1    0    1    1    1    0    1    0    0    0    1    1    0    0    0    0    0    0    0    1    0    1    1    0    0    0    0    1    0    0    0    0    0    0    0    0    0    0    0    0    0    0    1    0    0    1    1    0    0    1    0    1    1    0    1    1    0    0    0    1    0    0    0    0    1    1    0    0    0    1    1    1    1    0    1    1    0    0    1    0    0    0    0    0    0    1    0    0    0    1    0    0    1    0    0    0    1    0    0    0    0    0    0    1    1    1    0    1    0    0    0    0    0    0    0    0    0    0    0    0    0    0    1    0    0    1    0    1    0    0    0    
100    0.319598    0.613919    0    1    1    1    1    0    1    0    1    0    1    1    1    0    1    1    0    1    1    1    1    0    0    1    0    0    1    1    0    1    1    1    1    0    0    0    0    1    1    0    1    0    0    1    1    0    0    0    1    0    0    1    0    1    0    0    0    1    0    1    0    1    1    0    0    1    1    1    0    1    1    0    1    1    1    1    0    0    0    0    1    0    1    1    1    0    1    0    1    1    0    1    1    0    1    1    0    0    0    1    0    0    0    0    0    1    0    1    0    1    1    0    1    1    0    1    1    0    1    1    1    0    1    1    0    0    1    1    0    0    0    0    0    1    0    0    1    1    0    0    1    0    0    0    0    0    1    0    1    1    0    1    1    0    0    0    1    0    0    1    0    0    0    1    0    0    0    0    0    1    1    0    0    1    0    0    1    1    0    0    0    0    0    1    0    0    0    1    0    0    0    0    1    0    1    0    0    0    0    0    
100    0.297154    0.372713    0    1    1    1    1    0    0    0    0    1    0    0    0    0    1    1    0    0    0    0    0    0    0    0    1    0    0    0    1    0    1    1    0    0    0    0    0    1    1    0    0    0    0    0    0    1    0    0    1    1    0    0    1    0    1    1    0    0    0    0    1    0    0    0    1    1    0    0    0    0    1    1    0    1    1    0    1    0    0    0    0    0    0    0    0    1    0    0    0    0    1    0    0    0    1    1    0    0    0    1    1    1    1    0    0    0    0    0    1    1    0    0    0    0    1    0    1    1    0    0    0    0    0    0    0    0    0    0    0    0    1    0    0    0    0    1    0    1    1    0    0    0    1    1    0    1    1    0    0    0    0    0    0    0    0    0    0    1    0    1    1    0    0    0    0    1    1    0    1    0    1    0    1    0    0    1    0    0    1    1    0    1    0    0    1    0    0    1    1    1    1    1    1    0    1    1    0    1    0    0    
100    0.12917    0.684561    1    0    1    1    1    1    1    0    0    0    1    0    1    1    0    1    1    0    0    1    1    0    1    0    1    1    1    1    1    1    1    1    0    1    1    1    0    1    0    0    1    0    1    1    1    1    1    1    1    1    1    1    1    1    1    0    1    0    1    1    1    0    0    1    1    0    1    1    1    0    0    1    0    1    1    0    1    1    1    0    1    1    1    0    0    0    0    1    1    1    0    1    0    1    1    1    1    1    1    0    0    0    1    0    0    1    0    0    0    0    0    1    0    1    0    1    1    1    0    1    0    1    0    1    1    0    0    0    1    0    0    0    1    0    0    1    1    1    0    1    0    0    1    1    1    0    1    0    0    1    1    1    1    0    1    0    0    1    0    0    0    0    1    0    0    0    1    1    0    0    0    0    1    0    0    0    0    0    0    0    0    1    0    0    0    0    0    0    0    0    0    1    1    0    0    1    1    1    0    0    
100    0.364801    0.675325    1    1    0    1    1    0    1    0    1    1    0    0    0    1    1    0    0    1    1    0    1    0    1    1    0    1    1    0    1    0    0    1    0    0    0    0    0    1    1    0    0    1    1    0    1    0    1    1    1    0    1    1    0    1    1    1    1    1    1    1    1    1    0    0    0    1    0    1    0    0    1    1    1    0    0    1    0    0    1    0    1    0    0    1    1    1    0    1    0    1    0    0    1    0    0    1    0    0    1    1    0    0    0    1    0    0    1    1    1    1    1    0    0    1    1    0    1    0    0    1    1    0    0    1    0    0    1    1    0    1    1    0    0    1    0    0    0    1    1    1    0    1    1    1    0    0    1    1    1    1    0    0    0    0    1    0    1    0    0    1    1    0    0    0    0    1    0    0    1    0    0    0    0    1    1    1    1    1    1    0    0    1    1    1    1    0    0    0    0    0    1    0    0    1    0    0    1    0    1    1    
100    0.064517    0.155506    0    1    0    1    1    0    0    1    1    1    1    1    1    1    0    1    0    1    1    1    0    1    1    1    0    1    1    1    0    1    1    0    1    0    0    0    1    1    1    1    1    1    1    1    1    0    0    1    0    0    0    1    1    0    0    0    1    0    1    1    1    1    0    1    0    1    1    0    1    0    1    0    1    1    0    1    0    1    1    1    1    1    1    0    1    1    1    0    1    0    1    0    1    1    1    1    1    0    0    0    0    0    0    1    0    1    0    0    1    0    1    0    0    0    1    0    1    0    0    0    1    0    1    1    0    0    1    1    1    1    1    0    0    0    0    1    0    1    0    0    1    0    0    0    1    1    0    0    0    1    1    1    0    1    0    1    1    0    1    1    0    1    1    0    1    1    0    0    1    1    0    1    1    0    0    0    0    0    1    1    0    0    0    1    1    0    0    0    0    1    0    1    0    1    0    0    1    1    1    1    
100    0.324365    0.676785    0    1    0    1    1    1    1    0    1    1    0    1    0    0    1    1    0    1    0    1    1    0    1    0    0    0    1    1    0    1    1    1    0    1    1    1    1    1    1    0    1    1    1    0    1    1    0    1    1    1    0    1    0    0    1    0    0    1    0    1    1    1    0    0    0    0    1    0    1    0    1    1    0    1    0    0    1    1    1    1    1    1    1    1    1    1    0    0    1    0    0    0    1    1    1    0    0    0    1    0    0    0    0    0    0    0    0    0    1    0    0    0    0    0    1    0    0    0    1    1    0    1    1    0    0    1    0    1    0    0    0    0    0    0    1    0    0    0    0    0    0    0    1    1    0    0    1    0    1    1    1    1    0    0    0    0    0    0    0    1    0    0    0    0    0    1    0    0    0    0    0    1    0    0    1    1    0    0    0    0    1    0    0    1    1    0    0    1    0    1    0    1    1    1    0    0    0    0    0    0    
100    0.00900735    0.638059    1    1    0    1    1    1    1    0    0    0    0    0    0    1    1    1    0    1    1    0    1    0    1    1    1    1    0    0    1    1    1    1    0    1    1    1    0    1    1    1    1    0    1    1    0    0    0    0    1    1    0    1    0    0    1    1    1    1    1    0    0    0    1    1    1    0    1    0    0    1    1    0    0    0    1    1    0    1    0    1    1    1    1    1    0    1    1    1    0    1    0    1    1    1    1    0    1    0    1    0    0    0    0    1    0    0    0    1    1    0    1    1    0    0    0    0    1    0    0    1    1    1    1    0    1    0    0    0    1    0    0    1    0    0    0    0    0    0    0    0    0    1    0    0    0    1    0    0    0    0    1    0    0    0    1    0    0    0    1    0    0    1    0    1    1    0    1    0    1    1    0    0    1    1    1    1    0    1    1    1    0    0    0    0    0    0    0    0    0    0    0    1    0    1    1    1    0    1    0    0    
100    0.285362    0.906565    0    1    1    1    0    1    0    1    1    0    1    1    1    1    0    0    1    0    0    0    1    1    1    1    1    0    1    1    1    0    0    1    1    1    0    1    1    0    1    0    1    1    1    1    0    0    1    1    1    1    1    0    1    1    1    1    1    1    1    0    1    1    0    0    0    0    1    1    1    1    1    0    1    0    1    0    0    0    1    1    1    0    0    1    1    1    1    0    0    1    0    1    1    1    1    0    1    1    0    1    1    0    0    1    0    1    0    0    0    1    0    0    0    1    0    0    1    0    0    1    0    1    1    0    1    0    0    0    0    0    0    1    0    0    0    1    0    1    1    0    1    1    0    1    0    1    0    0    1    0    1    0    0    0    1    0    1    0    1    0    0    0    0    0    1    0    0    0    0    0    0    1    0    1    1    0    1    1    0    1    0    1    1    0    0    0    0    1    0    1    1    1    1    0    0    0    0    1    0    1    
100    0.170453    0.110766    1    0    1    0    1    0    1    1    0    0    0    1    1    1    1    1    1    0    1    1    0    0    1    1    1    1    1    1    0    1    0    1    1    0    0    0    0    1    0    1    1    0    0    1    0    1    1    0    1    0    0    1    1    1    1    0    1    0    1    1    1    1    0    1    1    1    0    0    0    1    0    0    1    1    0    1    0    1    1    0    0    1    0    1    0    0    1    1    1    0    1    1    1    0    1    1    1    1    0    1    1    0    1    0    1    0    0    0    0    0    0    1    1    0    0    0    0    0    0    0    0    0    0    1    0    1    0    0    0    0    0    0    1    0    1    0    0    1    0    1    1    1    1    0    0    0    0    0    0    0    0    0    0    1    1    0    1    1    0    0    0    1    0    0    0    0    0    0    1    1    1    0    0    0    1    1    1    1    1    0    0    0    0    0    1    0    0    0    0    1    0    0    1    0    1    1    1    0    1    0    
100    0.0339581    0.828975    1    0    0    1    1    0    0    1    0    0    1    1    0    1    0    1    1    1    1    1    1    0    1    0    1    0    1    0    1    0    1    1    1    1    1    0    0    0    1    0    1    0    1    1    1    1    0    1    0    1    1    0    1    0    1    1    0    1    0    0    1    1    1    1    0    1    0    0    0    0    1    1    0    1    1    1    1    1    1    1    0    1    1    0    1    1    0    0    0    0    0    1    0    1    0    0    1    1    1    1    0    1    1    1    0    1    0    1    1    0    1    0    0    1    0    0    0    0    1    1    0    0    0    1    0    0    0    0    0    0    0    0    0    1    0    0    1    0    0    0    1    0    0    1    0    0    1    1    0    0    1    1    0    1    1    0    1    0    0    0    1    1    0    0    0    1    1    0    0    0    0    1    1    0    0    0    0    1    0    0    1    1    1    0    1    0    1    1    1    0    0    0    1    0    1    0    0    1    1    1    
100    0.062776    0.791166    0    1    0    0    1    1    1    0    0    1    1    0    1    0    1    0    0    1    0    0    1    1    1    1    1    1    1    1    1    1    0    1    1    1    0    1    0    0    0    1    1    1    1    1    1    0    1    1    0    1    0    0    1    0    1    1    0    0    1    1    1    1    0    0    0    1    0    0    1    0    1    1    0    1    1    0    1    1    1    1    0    0    1    0    0    1    0    1    1    0    1    1    1    1    0    0    1    1    0    1    0    1    0    0    0    1    1    0    0    0    0    1    1    0    1    0    0    0    0    0    1    1    1    0    1    1    0    0    0    1    0    0    1    0    1    1    0    0    0    0    0    0    1    0    0    0    0    0    0    1    1    0    1    1    0    0    0    1    0    1    1    0    0    1    0    1    1    0    0    0    0    0    0    0    0    0    0    0    0    0    0    0    0    0    0    0    1    0    1    0    0    0    0    0    0    1    0    1    0    1    
100    0.0542195    0.667402    1    1    0    1    1    0    0    0    0    1    1    0    1    1    0    1    0    0    0    1    1    1    0    1    1    0    1    1    0    1    1    0    0    0    0    1    1    1    1    0    0    1    1    0    1    0    1    1    1    0    0    1    1    1    1    1    0    1    0    0    0    1    0    0    0    0    0    0    0    1    0    1    1    0    1    0    1    1    1    0    1    1    0    1    1    1    1    1    0    1    0    1    1    1    1    1    0    1    1    1    1    0    1    0    0    0    0    1    1    0    0    1    1    0    1    0    0    0    1    1    0    1    0    0    0    0    0    0    0    0    1    1    1    1    1    0    0    0    1    1    0    0    1    1    0    0    0    0    1    0    0    1    0    0    1    0    1    0    0    1    0    1    1    0    1    1    1    0    1    1    0    1    0    0    0    1    0    0    1    0    0    0    0    1    0    0    1    0    0    0    0    0    0    0    1    0    1    0    1    0    
100    0.348462    0.247233    0    0    0    1    0    1    1    0    1    0    0    0    0    0    1    0    0    0    0    0    0    1    1    1    0    0    1    1    0    0    1    0    0    0    0    0    1    0    0    1    0    0    0    1    1    0    1    1    1    1    0    0    0    0    0    0    0    1    0    1    0    1    0    0    0    0    0    1    0    0    1    0    0    0    1    0    1    0    0    0    0    0    1    0    0    1    1    0    0    0    1    0    1    0    0    0    0    0    1    0    0    1    0    0    0    0    1    0    0    0    0    0    0    0    0    1    1    1    0    0    1    0    0    0    0    1    1    1    0    0    0    0    1    0    0    0    0    0    0    1    1    1    0    1    0    0    0    0    0    0    0    0    0    0    1    0    0    0    0    0    0    1    1    0    1    1    0    0    1    0    1    0    1    0    0    1    0    1    0    1    0    1    0    0    0    1    0    0    1    0    0    0    0    0    0    0    0    0    1    0    
100    0.184667    0.038347    1    1    0    0    0    0    1    1    0    1    1    1    1    0    0    1    1    0    0    1    1    0    0    0    0    1    1    1    1    0    1    1    0    1    1    1    0    1    0    1    0    0    0    1    1    1    0    1    1    1    0    1    1    1    1    1    1    0    0    0    0    0    1    1    0    1    1    0    1    1    0    1    1    0    1    1    0    1    1    1    1    0    1    0    1    1    0    1    0    0    0    0    0    1    0    0    0    1    1    0    0    1    0    1    1    0    0    0    1    1    0    1    0    1    0    0    0    1    0    0    1    0    0    0    0    1    0    0    0    0    0    1    0    0    0    0    1    1    0    0    1    0    0    0    0    0    0    0    1    1    0    0    0    0    1    0    0    1    0    1    0    0    1    1    0    1    1    0    1    1    0    1    1    0    1    0    0    0    0    1    0    0    0    1    0    0    0    0    1    0    1    0    1    0    0    1    1    0    1    0    
100    0.52125    0.456342    0    0    0    0    0    0    0    0    0    0    0    0    0    0    0    0    0    0    0    0    0    0    0    0    0    1    0    0    1    0    0    0    0    0    0    0    0    0    0    0    0    0    0    1    0    0    0    0    0    1    0    0    0    0    0    0    0    1    0    1    0    0    0    0    1    0    1    0    0    0    0    0    1    0    0    0    0    0    0    0    0    0    0    0    1    0    1    0    0    1    0    0    0    1    1    0    0    0    0    1    0    0    1    0    0    0    0    0    0    0    0    0    0    0    0    1    0    0    0    0    0    0    0    0    0    0    0    1    0    0    0    0    0    0    0    0    0    0    0    0    0    0    0    0    0    0    0    1    0    0    0    0    0    0    0    0    1    1    0    0    0    0    0    0    0    1    0    0    0    0    0    0    0    0    0    0    0    0    1    0    0    0    0    0    0    0    0    0    0    0    0    0    0    0    0    0    1    0    0    0    
100    0.342408    0.593497    1    0    0    0    1    0    1    0    1    1    1    1    0    1    1    0    0    0    0    1    1    0    0    1    0    1    1    1    0    0    1    0    0    1    0    0    1    0    0    1    1    0    0    1    1    1    0    1    0    0    0    1    0    0    1    0    1    1    1    0    1    0    0    0    1    0    0    1    1    0    0    0    0    0    0    1    1    1    0    0    0    1    0    0    1    1    1    1    0    1    0    1    1    0    1    1    1    1    0    1    0    1    1    0    0    1    0    0    0    1    1    0    0    0    1    1    0    1    1    0    0    0    0    0    0    0    0    0    0    0    1    1    0    0    1    0    1    0    1    1    0    0    0    0    0    0    0    0    0    1    0    0    0    0    1    0    0    0    0    1    1    1    0    1    0    0    0    0    1    1    0    0    1    0    1    0    0    1    0    0    0    0    0    0    0    0    1    0    0    1    0    1    0    1    1    0    0    1    1    1    
100    0.196575    0.867041    0    1    1    1    1    1    1    1    1    0    1    0    1    0    0    1    1    1    1    1    1    0    1    0    0    1    1    1    1    0    0    0    1    0    1    1    0    1    1    1    1    1    1    1    1    1    1    1    0    1    0    0    1    1    1    1    1    0    0    0    1    1    1    0    1    0    1    0    1    0    0    0    1    1    1    1    1    1    0    0    1    1    1    1    0    1    1    0    1    0    0    1    1    1    0    1    1    1    1    1    0    1    1    1    0    1    0    1    1    0    0    0    1    0    0    0    0    0    0    1    0    1    1    0    1    1    1    0    0    1    0    0    0    0    1    0    1    1    1    0    0    0    0    1    0    0    1    1    1    0    0    1    0    1    0    0    0    1    1    0    1    0    0    1    0    0    1    1    0    0    0    0    0    1    0    0    0    0    1    1    0    0    0    0    1    0    0    1    0    0    1    1    0    0    1    1    0    0    1    0    
100    0.385137    0.859262    1    1    1    1    1    1    1    1    1    0    1    0    1    1    0    0    1    1    1    0    1    1    1    1    0    1    1    1    0    1    1    0    1    1    0    1    1    1    1    0    1    1    1    1    1    0    0    0    1    1    1    1    0    0    0    1    1    1    1    1    0    1    1    1    1    1    1    1    1    1    0    1    1    0    0    1    1    0    1    0    1    0    1    1    1    1    1    1    1    1    1    1    1    1    1    1    1    0    1    0    1    0    1    0    1    0    0    0    0    1    0    1    0    1    0    0    1    1    0    1    1    0    0    0    1    0    1    0    0    1    0    1    0    0    0    0    0    0    1    1    0    0    0    1    1    0    1    1    1    1    0    0    0    0    1    1    0    0    0    0    0    1    0    0    1    1    0    1    1    1    0    0    1    0    1    0    1    1    1    1    0    1    0    1    1    1    0    0    0    0    1    0    1    0    1    1    0    0    1    1    
100    0.887624    0.283382    1    0    0    1    0    1    0    1    0    1    1    1    1    1    0    1    0    1    0    1    1    1    1    1    0    1    0    1    1    0    0    0    1    1    0    0    1    1    1    0    0    1    0    1    1    1    0    1    0    0    0    0    1    1    0    0    0    1    1    0    1    1    1    0    1    1    0    1    1    1    0    0    0    1    1    1    0    1    0    0    0    1    1    1    0    1    1    1    1    0    0    1    1    1    1    1    0    0    1    0    0    0    1    0    1    0    0    1    0    0    1    0    0    1    1    0    0    0    0    1    0    1    1    0    0    0    1    0    0    0    0    0    1    0    1    1    0    0    1    0    1    0    1    1    1    0    0    1    1    0    0    1    0    0    1    0    0    1    0    0    0    0    1    1    0    0    0    0    0    1    0    1    1    1    0    1    1    0    1    1    1    1    1    1    0    0    0    0    0    0    0    0    1    0    0    0    0    1    0    0    
100    0.251432    0.969508    1    1    0    0    1    1    1    1    1    0    1    1    1    1    0    1    1    0    1    1    0    1    1    0    0    1    0    1    1    0    0    1    1    0    0    1    1    0    1    0    1    0    0    0    1    0    0    1    1    1    0    1    1    1    0    1    1    1    1    0    1    1    0    1    1    1    1    1    1    1    1    0    0    0    1    1    1    0    1    0    0    1    1    1    1    1    1    1    1    1    1    1    1    0    1    0    1    1    0    1    0    1    0    0    0    1    1    0    0    0    0    1    1    1    0    1    1    1    0    1    0    0    0    0    0    1    1    0    0    0    0    1    1    1    0    1    0    0    0    0    1    0    0    1    1    0    0    1    0    1    0    0    1    0    0    1    0    0    1    0    1    0    0    1    0    0    1    0    0    0    0    1    1    1    0    1    0    0    0    0    0    1    0    1    1    1    0    0    1    1    1    1    0    1    1    1    1    0    1    0    
100    0.958402    0.601016    1    1    1    0    0    0    1    0    0    1    0    0    0    1    1    0    1    1    1    1    1    1    0    1    0    1    1    0    0    1    0    0    1    0    1    1    0    1    0    1    1    1    0    1    1    0    0    0    1    1    1    0    1    1    0    1    0    1    1    0    1    0    0    0    1    1    0    0    1    1    1    1    1    0    0    1    0    0    1    0    0    1    1    0    0    0    1    1    1    1    0    0    1    1    1    0    0    0    0    1    0    0    0    0    0    0    0    0    0    1    1    1    0    0    1    1    0    0    1    1    0    0    0    1    1    0    1    0    0    0    0    0    1    0    0    0    0    0    1    0    0    0    1    0    1    1    0    0    1    0    0    1    0    0    0    1    0    0    0    0    1    1    1    0    1    0    1    0    0    0    1    1    0    1    1    0    1    0    0    0    0    0    1    0    1    0    1    1    0    0    0    0    1    1    0    0    0    1    0    0    
100    0.503586    0.93795    0    0    0    1    0    0    1    0    1    1    0    1    0    1    1    1    1    0    1    0    1    1    1    0    1    0    1    1    1    1    1    0    1    1    1    1    1    0    0    1    1    1    0    1    1    0    1    0    1    0    1    1    0    0    0    1    1    1    0    1    1    0    1    1    1    0    1    0    0    0    1    1    1    1    1    1    0    1    1    0    1    1    1    1    0    1    0    1    1    1    1    1    0    1    1    1    1    0    1    0    0    0    0    0    0    0    1    0    0    0    1    1    0    1    0    0    0    1    1    0    0    0    0    1    0    1    1    1    1    0    0    1    0    1    0    0    1    1    0    0    0    0    0    1    0    0    1    0    0    0    1    0    0    0    1    0    1    0    1    1    0    0    1    1    1    1    0    0    1    1    0    0    0    0    0    0    1    0    1    0    0    0    0    0    0    0    1    0    0    0    0    0    1    0    1    0    1    0    0    0    
100    0.605419    0.0122904    0    0    0    0    1    1    0    0    0    1    1    0    1    0    0    0    0    0    0    1    0    0    0    0    0    0    1    1    0    1    0    0    0    0    1    1    0    1    1    1    0    0    0    0    1    0    1    1    1    0    0    0    0    0    0    0    0    0    0    0    0    0    1    1    0    0    0    0    0    0    0    0    0    1    0    1    1    1    0    0    0    1    0    0    1    1    0    0    0    0    1    0    0    1    1    0    1    0    0    0    1    0    0    1    1    0    0    0    0    1    0    0    1    0    0    0    0    0    0    0    0    0    1    1    0    1    1    1    1    1    0    0    0    1    0    0    1    1    0    0    0    0    0    0    1    0    0    1    1    1    0    0    0    1    0    1    1    0    0    0    1    0    0    0    0    0    0    0    0    0    1    0    0    0    0    1    1    0    0    0    0    0    0    1    0    1    1    0    0    0    0    1    0    1    0    0    0    0    1    0    
100    0.990248    0.708961    0    0    0    0    0    1    1    1    1    1    1    0    0    0    1    1    0    0    1    0    1    0    1    0    1    1    0    1    1    1    0    1    1    0    0    1    0    1    0    1    1    1    1    1    0    1    1    1    0    1    1    0    1    1    1    0    1    0    1    0    1    1    0    0    1    1    0    1    0    0    0    1    1    1    0    0    1    0    1    1    1    1    1    1    0    1    1    1    0    1    0    0    1    1    1    1    0    0    0    0    0    0    1    0    0    0    0    1    1    0    0    0    1    1    0    1    0    0    1    0    0    0    0    0    0    1    0    0    1    0    0    0    0    1    0    1    1    1    0    0    1    1    0    0    0    0    0    0    0    0    0    0    0    0    0    0    0    0    1    0    0    0    0    0    0    1    1    1    1    0    0    0    1    0    0    0    1    1    1    0    0    1    0    0    1    0    0    0    1    1    0    0    1    0    0    0    1    0    1    0    
100    0.375717    0.314229    0    0    0    1    1    0    0    0    1    0    0    0    0    0    1    0    0    0    0    1    0    1    0    0    0    0    0    0    0    0    0    0    0    0    0    0    0    0    0    1    0    0    0    0    1    1    0    0    0    0    0    0    0    0    0    0    0    1    0    1    0    1    0    0    0    0    1    0    0    0    1    0    0    0    1    0    0    0    1    0    1    1    1    0    0    0    1    0    0    0    0    0    1    0    1    1    0    0    0    0    0    0    0    0    0    1    0    0    0    1    0    0    0    0    0    0    0    0    0    0    0    1    0    0    0    0    1    1    1    0    0    1    1    0    0    0    0    1    0    0    0    0    0    0    0    0    0    1    0    0    0    0    0    0    0    0    0    0    0    0    0    1    0    0    0    0    1    0    0    0    0    0    0    0    0    0    0    0    0    0    0    1    0    1    0    0    1    0    0    0    0    0    0    0    0    0    1    0    0    0    
100    0.0503616    0.643707    0    1    0    0    1    0    0    0    0    1    1    1    0    0    1    1    1    1    1    0    1    1    1    1    1    1    0    0    1    1    0    0    0    1    0    0    0    1    1    1    1    0    1    1    0    0    1    0    0    1    1    1    1    1    0    0    0    1    1    0    1    1    0    0    0    0    1    1    1    1    0    0    0    1    0    0    1    0    1    0    0    1    0    0    0    0    1    1    0    1    1    0    1    1    0    1    0    0    1    1    1    0    1    1    1    1    1    0    1    1    0    0    0    0    0    0    0    1    0    0    0    1    1    1    0    0    1    0    1    1    1    0    0    1    1    0    1    0    1    0    0    0    0    0    0    0    1    0    1    1    1    0    1    0    1    1    1    0    0    0    1    1    0    1    0    1    0    0    1    1    1    0    0    1    0    1    0    0    1    1    1    1    1    1    1    0    0    1    0    0    0    0    1    0    0    0    1    1    0    1    
100    0.335222    0.925472    0    1    1    1    0    1    1    1    1    0    0    0    0    0    1    0    0    0    0    1    1    0    0    0    0    1    1    1    1    0    0    0    1    0    1    1    1    1    1    1    0    1    1    1    1    0    1    0    0    1    0    0    1    1    1    1    1    0    1    1    1    1    1    1    1    0    1    1    1    1    0    1    1    0    1    1    1    1    0    0    1    0    1    1    0    0    0    1    1    1    0    1    1    0    0    1    1    1    1    1    0    1    0    1    0    1    0    1    0    0    0    0    0    0    1    0    0    0    0    0    0    0    1    0    0    1    0    0    0    0    0    1    1    1    1    0    1    1    1    0    1    1    0    0    0    0    1    1    0    0    0    1    0    1    1    0    0    0    0    0    0    0    0    1    0    0    0    0    1    1    1    1    1    0    0    1    1    0    0    1    0    0    1    0    0    0    0    0    1    0    0    0    0    0    0    1    1    0    0    1    
100    0.716892    0.145789    0    0    1    1    0    1    0    0    0    1    0    0    0    0    0    0    0    0    0    1    0    1    0    0    0    0    1    0    1    0    1    0    1    0    1    0    1    0    0    0    1    1    0    1    1    1    0    1    1    0    1    1    1    0    0    0    0    0    1    0    1    0    1    0    0    1    0    1    0    1    1    1    1    0    1    1    0    1    0    0    1    1    0    1    0    0    0    1    1    0    1    1    1    1    1    1    0    0    1    0    0    1    1    0    0    1    0    0    1    0    1    0    0    0    0    1    1    0    1    0    0    0    0    1    0    0    0    1    1    0    0    0    0    0    1    1    0    0    0    0    0    0    1    0    0    1    0    0    1    0    0    0    1    0    0    0    0    0    0    1    0    0    0    1    1    1    0    0    0    1    0    1    1    0    1    1    1    0    0    0    1    0    0    1    0    0    0    0    1    1    0    1    0    1    1    0    0    0    1    0    
100    0.436385    0.110619    0    1    0    0    0    0    1    0    0    0    0    0    0    0    0    0    0    1    1    1    1    1    0    0    1    0    1    1    1    0    0    0    1    0    0    0    1    0    1    1    1    1    0    0    0    0    0    1    0    1    0    0    0    0    0    0    1    0    1    1    0    1    0    0    1    1    0    1    1    0    0    0    0    0    0    1    0    0    1    0    0    0    1    0    0    0    1    1    0    0    1    1    0    0    1    0    0    1    1    0    0    0    0    0    0    0    0    0    0    1    0    1    0    0    0    0    0    0    0    0    0    1    0    1    1    0    1    0    0    0    0    0    1    0    0    0    0    0    0    0    1    0    0    0    0    0    0    0    0    0    0    0    0    0    1    0    1    0    0    0    1    0    1    0    0    1    0    1    0    0    1    0    0    0    0    0    0    1    1    1    0    1    0    0    0    0    0    0    0    1    0    0    1    1    0    0    0    0    0    0    
100    0.89275    0.118334    1    0    1    1    0    1    1    1    1    1    0    0    0    0    1    1    1    1    1    1    1    1    1    0    0    1    1    1    0    1    1    1    0    0    1    0    0    0    1    1    1    0    1    1    1    1    0    1    1    1    0    0    1    1    0    1    0    0    1    0    0    0    0    1    0    1    0    1    1    1    1    1    1    0    0    1    1    1    1    0    0    1    0    1    0    0    0    1    0    0    1    0    1    1    1    1    1    1    1    0    0    0    0    1    1    1    1    0    0    1    0    0    0    1    0    1    0    0    0    0    1    1    0    1    1    0    0    1    1    0    0    0    1    0    0    0    0    1    1    0    1    0    1    1    0    0    0    0    0    0    0    0    1    1    1    0    0    0    0    0    0    1    1    0    0    1    0    0    0    1    0    0    1    0    0    0    0    0    0    0    0    1    0    1    0    1    0    1    0    1    1    1    0    0    0    0    1    0    1    0    
100    0.208489    0.934451    1    1    0    0    0    1    0    1    1    1    1    0    1    0    0    1    1    0    0    1    1    1    1    1    1    1    1    0    1    1    0    1    1    1    0    1    1    1    0    0    1    1    1    0    1    1    1    1    1    1    0    1    0    1    1    1    0    1    1    1    1    1    0    0    0    0    1    1    1    1    0    0    1    0    1    1    1    0    1    1    1    1    1    1    1    1    1    0    0    1    1    0    0    0    0    0    0    0    1    1    0    1    1    1    0    1    0    0    1    0    1    1    1    1    0    0    0    0    0    1    1    0    0    0    1    0    0    0    1    1    0    0    0    0    0    0    1    1    0    0    0    0    0    1    1    0    0    0    0    0    0    0    1    0    0    1    1    1    0    0    0    0    0    1    0    0    1    1    0    0    0    1    0    0    0    0    1    0    1    0    1    1    1    0    0    0    0    1    0    0    0    0    0    0    1    1    0    0    0    1    
100    0.186027    0.696599    0    1    0    1    1    1    1    0    0    1    0    1    1    1    1    1    1    1    1    1    1    1    1    1    1    1    0    0    1    1    1    1    0    1    1    1    0    1    1    1    0    0    1    1    0    0    0    0    0    0    1    0    1    0    1    1    1    0    1    1    1    0    0    1    1    0    1    0    0    1    0    1    1    0    1    0    0    1    1    1    0    1    1    1    1    1    1    1    0    1    0    0    1    0    1    1    0    0    0    1    0    0    0    0    1    1    0    0    0    1    0    1    0    0    0    0    1    1    1    1    1    0    0    1    1    0    1    1    0    1    0    1    0    0    0    1    0    0    0    0    0    0    1    1    0    0    1    1    1    0    0    1    1    1    0    0    0    0    1    0    0    1    0    0    0    0    0    1    1    0    1    0    1    0    1    1    1    0    0    1    1    0    0    0    0    0    0    1    1    1    0    0    0    1    0    1    1    0    1    0    
100    0.98392    0.448201    0    0    0    0    0    1    1    0    1    1    0    0    0    1    1    1    1    1    0    1    1    1    0    0    0    1    0    1    0    0    1    1    1    1    0    1    0    0    0    0    1    1    0    1    0    1    0    1    1    1    0    0    0    1    1    0    0    1    1    0    1    0    1    1    0    1    0    1    1    0    1    0    1    0    0    0    0    0    0    1    1    1    0    1    0    1    0    1    1    0    0    0    1    0    0    1    0    1    0    0    0    0    1    1    0    1    1    1    0    0    1    0    0    0    0    0    0    0    0    0    1    1    0    0    0    1    0    0    1    0    1    1    1    0    0    0    0    0    0    0    0    0    1    1    1    1    0    0    1    1    0    0    1    1    1    0    1    0    0    0    0    0    0    0    0    0    1    0    0    0    0    0    0    1    0    1    1    0    1    0    0    1    0    1    0    0    0    1    0    0    0    0    1    0    1    0    0    0    0    0    
100    0.0209818    0.877386    1    1    1    0    0    0    1    1    0    1    1    1    0    0    0    0    1    1    0    1    1    1    1    0    0    0    0    1    0    0    1    0    1    0    0    0    1    0    0    1    1    1    1    0    1    0    1    0    0    1    1    0    1    0    0    1    1    0    1    0    1    1    1    0    1    1    0    0    1    1    1    0    0    0    1    0    0    0    1    0    1    0    0    1    1    1    1    0    0    0    1    0    1    1    1    1    1    1    0    1    0    0    0    1    1    0    0    1    1    0    1    0    1    0    0    1    1    0    1    1    1    0    0    1    0    0    0    0    1    0    1    1    1    0    0    1    0    1    1    1    0    1    0    1    0    0    0    0    1    1    1    1    1    1    0    0    0    0    1    0    0    1    1    0    0    0    1    1    0    0    0    1    0    0    1    1    1    0    0    0    1    0    1    0    1    1    0    1    1    0    0    1    0    0    1    0    0    0    0    1    
100    0.0450759    0.510033    1    1    0    1    0    1    1    1    1    1    1    1    1    1    0    0    1    0    0    0    1    1    1    1    0    1    1    0    1    1    1    1    1    1    0    1    0    1    1    1    1    1    0    0    0    0    0    1    1    0    1    1    1    0    1    0    1    0    0    1    1    0    1    1    1    1    1    1    0    0    1    0    1    1    1    1    1    0    1    0    1    1    1    1    0    0    1    1    1    0    0    1    1    0    1    0    1    1    1    0    1    1    1    1    0    0    1    0    0    1    0    1    0    1    0    1    1    1    0    0    0    0    0    0    1    0    1    0    0    0    0    0    0    0    1    0    1    0    1    0    0    1    0    1    0    0    0    1    1    0    0    0    1    0    1    1    0    1    0    1    1    1    1    0    0    0    1    0    1    0    0    1    1    0    0    0    1    0    1    1    1    0    1    0    0    1    0    0    1    1    0    0    1    0    1    1    0    0    0    0    
100    0.434227    0.595164    0    1    1    0    0    0    1    0    1    1    1    0    1    1    0    1    1    0    1    0    1    0    1    0    0    1    1    1    0    1    1    1    1    0    0    0    0    0    0    0    0    1    0    1    0    0    1    1    0    1    0    0    0    0    0    0    1    1    1    0    0    0    0    0    1    0    1    0    1    1    0    0    1    0    0    0    0    0    1    0    0    1    1    1    1    0    0    1    0    1    0    0    0    1    0    0    0    0    0    1    1    0    0    0    0    1    0    0    0    1    0    0    0    1    1    0    1    0    0    0    1    0    0    0    1    0    0    1    1    0    1    1    0    0    1    0    1    0    0    0    0    0    1    0    0    1    0    0    0    1    0    1    0    0    1    1    1    1    0    1    0    0    0    1    1    1    0    0    0    0    1    1    0    0    0    0    0    0    1    1    0    0    0    1    0    0    1    0    0    1    0    0    0    0    0    0    1    0    0    0    
100    0.719372    0.585575    0    1    1    0    1    1    0    0    1    0    0    1    1    0    1    0    1    1    1    0    1    0    1    1    1    1    0    1    0    1    1    0    0    0    0    0    0    0    1    0    0    1    0    1    1    0    1    1    1    1    0    0    0    0    1    0    1    1    0    0    0    0    0    1    1    1    0    0    1    0    1    0    1    1    0    1    0    0    1    1    1    0    0    0    0    0    0    1    1    0    0    0    0    1    0    0    0    1    1    0    0    0    1    0    0    0    0    1    0    0    1    0    0    0    0    0    1    0    1    0    1    0    1    0    1    0    0    1    1    1    0    1    0    1    0    0    0    1    0    0    0    1    1    0    0    0    0    0    1    0    0    1    1    0    0    1    0    0    1    0    0    0    0    0    1    0    0    1    1    0    0    0    0    0    1    1    0    1    0    0    0    0    0    0    0    0    0    0    1    1    0    0    0    1    0    1    0    1    0    0    
100    0.404316    0.693325    0    1    0    1    1    0    0    0    0    1    0    0    1    0    1    1    0    1    1    0    0    0    1    1    0    0    1    0    0    0    1    1    0    0    1    0    0    0    1    1    1    1    0    0    0    1    0    1    1    1    0    0    1    1    0    1    0    1    0    0    0    1    1    1    0    1    0    0    1    1    1    0    1    1    0    1    0    1    1    0    1    0    0    0    1    0    1    1    0    0    0    1    1    1    1    1    1    1    0    1    1    0    1    0    0    0    0    0    0    0    0    0    1    0    1    0    0    1    0    1    0    0    0    0    0    0    1    0    1    0    0    0    0    0    0    1    1    1    0    0    0    0    0    0    1    0    0    1    1    1    0    0    0    0    1    0    1    0    1    1    1    1    0    1    0    0    0    0    0    0    0    1    0    1    0    1    1    0    1    0    0    0    0    1    0    1    0    1    0    1    0    0    1    1    1    1    0    1    0    0    
100    0.782702    0.586582    0    0    0    0    0    1    1    0    1    1    0    0    0    0    0    0    1    0    1    1    0    1    1    1    1    1    1    0    1    0    1    1    0    0    1    1    0    1    0    1    0    1    0    1    1    1    1    0    0    0    1    0    1    0    1    1    1    0    1    1    1    0    0    1    0    1    0    0    0    1    0    1    0    1    1    1    1    0    1    1    1    1    1    1    1    0    1    1    1    1    1    1    1    1    0    1    1    0    0    0    1    0    1    0    0    0    0    0    1    0    0    0    0    0    0    1    1    0    0    0    0    1    1    0    1    0    0    0    0    1    1    0    0    0    0    0    0    0    0    0    0    1    0    0    1    0    0    1    1    1    0    0    0    0    0    1    0    0    0    0    0    0    0    0    1    1    0    0    1    1    1    1    0    1    1    0    0    0    0    0    0    0    0    0    0    1    0    1    1    0    0    0    0    1    1    0    0    1    0    1    
100    0.5517    0.836287    0    0    1    1    0    1    0    0    1    1    1    0    1    0    1    0    0    0    0    0    1    1    1    1    0    0    1    0    1    0    1    0    1    0    0    1    1    1    0    1    1    1    0    1    1    0    0    0    1    0    0    1    1    0    1    1    0    1    1    1    1    0    1    0    1    0    0    0    0    0    0    1    0    1    1    0    0    1    1    0    0    1    0    1    0    1    0    1    1    1    1    1    0    0    1    0    1    0    0    1    0    0    1    1    0    0    1    1    0    0    0    1    0    1    0    0    1    0    0    1    1    1    1    1    0    1    0    0    0    1    1    0    1    0    1    1    0    1    0    0    0    0    1    0    1    1    1    0    1    0    0    0    0    0    0    0    1    1    0    0    0    0    0    1    0    0    0    0    0    0    0    0    0    0    1    0    1    1    0    1    1    1    0    0    0    1    1    0    0    0    1    0    0    0    1    0    0    0    1    1    
100    0.751198    0.399432    0    0    0    0    0    1    0    0    1    0    1    0    0    0    0    0    1    1    0    1    1    0    1    0    0    1    0    0    0    0    0    1    1    0    1    0    1    0    1    1    1    0    0    0    1    1    1    0    1    0    1    0    1    0    0    1    0    0    1    0    1    0    0    0    1    1    1    1    0    0    0    0    1    0    1    1    1    0    0    1    0    1    1    0    0    1    1    1    1    0    1    1    0    0    0    0    0    1    0    0    0    0    0    0    0    0    0    0    0    1    0    1    1    1    1    0    1    0    1    0    0    1    1    0    0    1    1    0    0    0    0    1    0    0    0    0    0    0    0    1    0    0    0    0    0    0    0    0    1    1    0    1    1    1    0    0    0    0    0    1    1    0    0    1    1    0    1    0    1    0    0    0    0    0    1    1    0    0    0    1    1    0    0    0    0    1    0    0    0    0    0    1    0    0    1    1    0    0    0    0    
100    0.306907    0.943747    1    1    1    1    0    1    1    1    1    1    1    0    0    1    1    1    1    1    1    1    0    1    1    0    1    1    0    0    0    1    1    1    1    0    1    1    0    1    1    1    1    1    0    0    0    1    0    1    1    1    0    1    1    1    1    1    0    1    1    0    1    0    0    1    0    1    1    1    0    1    0    1    1    0    1    1    1    1    1    0    1    1    1    1    0    0    0    0    1    1    1    1    0    1    1    1    0    1    1    1    1    0    1    1    1    0    1    1    0    1    0    1    0    1    1    0    0    0    1    0    1    1    1    0    0    1    0    0    0    1    1    0    0    1    0    0    1    0    0    1    0    1    0    1    1    1    1    0    0    0    0    0    0    0    0    1    0    0    0    0    0    1    0    0    0    1    0    1    0    1    0    0    1    0    1    0    1    1    1    0    1    0    1    0    0    0    1    1    0    0    1    0    0    1    0    0    0    0    0    0    
100    0.644855    0.529965    0    0    1    0    0    0    0    1    0    0    0    0    0    0    0    0    0    0    0    1    0    1    0    0    0    0    0    1    0    0    0    1    1    1    0    1    0    0    0    1    0    0    0    1    0    0    0    1    0    1    0    0    0    0    1    1    1    0    0    0    0    0    1    0    1    0    0    0    0    0    0    0    0    1    0    1    0    0    0    1    0    0    0    1    1    0    0    1    0    0    1    1    0    0    1    0    0    0    0    0    0    0    0    0    0    0    0    0    1    0    0    0    0    0    1    0    0    0    0    0    0    1    0    0    0    1    0    1    0    0    1    1    0    0    0    0    0    0    0    1    0    0    0    0    0    0    0    1    0    0    0    0    0    0    0    0    0    0    1    0    1    0    0    1    0    0    0    0    1    0    0    0    0    0    0    0    0    0    1    0    0    1    0    1    0    0    0    0    1    0    0    0    0    0    0    0    0    0    0    1    
100    0.874632    0.156268    1    0    1    0    0    1    1    1    0    0    0    1    1    1    0    0    0    0    1    1    1    1    1    1    1    1    0    1    1    0    1    1    1    1    0    1    1    1    0    1    0    1    0    0    0    0    0    1    0    0    1    0    0    0    0    0    1    0    0    0    1    0    1    1    0    1    0    1    1    0    0    0    0    1    1    0    1    1    1    0    0    0    0    0    0    0    1    0    0    1    1    1    1    1    0    1    0    1    1    1    0    0    0    0    0    0    0    0    0    0    0    0    0    0    0    0    0    1    1    0    0    0    0    0    1    1    0    0    1    0    0    1    0    1    1    0    0    0    1    0    1    1    1    0    0    1    1    0    0    0    0    0    0    1    1    0    1    1    0    1    0    1    1    1    1    0    0    0    1    0    1    1    0    1    0    0    1    1    1    0    0    0    0    1    1    1    0    0    1    1    0    0    0    1    1    0    0    1    1    0    
100    0.128076    0.272402    1    0    0    1    0    0    0    0    0    1    0    0    0    1    0    0    0    1    1    0    0    1    1    0    0    0    0    0    1    1    1    0    1    0    0    0    1    0    1    1    1    0    0    0    0    0    0    0    1    0    0    1    1    0    0    1    1    1    1    0    1    0    1    0    1    0    1    0    0    0    0    0    1    1    0    1    0    1    0    0    0    1    0    0    0    1    0    1    0    0    0    0    1    0    1    1    0    1    0    0    1    0    0    0    0    0    0    1    1    0    0    0    0    1    1    1    0    0    0    1    1    0    0    0    0    0    1    1    0    0    1    0    0    0    0    0    1    0    0    0    0    1    0    0    0    0    1    0    1    1    0    0    1    0    0    0    1    0    1    1    1    0    0    0    1    1    0    0    0    1    0    0    0    0    0    0    0    0    0    0    0    0    0    1    0    1    0    0    0    0    0    0    0    0    1    0    0    1    0    0    
100    0.103834    0.841986    0    1    0    0    1    1    1    0    1    1    1    1    0    0    1    1    0    1    1    1    1    1    0    0    0    1    1    1    1    0    1    1    0    1    0    1    0    1    1    0    1    0    0    1    1    0    0    1    0    1    1    0    1    0    0    0    0    1    1    1    1    1    1    0    0    1    1    0    1    1    0    1    1    0    1    1    0    1    1    1    1    1    1    0    0    1    0    0    0    0    0    0    1    0    0    0    1    1    1    1    1    0    0    0    1    1    0    0    0    0    1    1    0    0    1    0    0    0    1    0    1    0    1    1    1    0    1    1    0    0    0    0    0    1    0    1    0    0    0    0    1    1    0    1    0    1    1    0    0    0    1    0    1    0    0    0    0    1    1    0    0    0    1    0    0    1    0    1    1    1    0    0    0    0    0    1    0    0    1    1    0    1    1    1    0    0    0    0    0    0    1    1    1    1    0    0    0    1    0    1    
100    0.674829    0.915271    0    0    0    1    1    0    0    0    0    0    0    1    1    1    1    0    0    1    1    0    1    1    0    0    1    0    0    1    0    0    0    0    1    0    0    1    1    1    1    1    1    1    0    1    1    1    0    1    0    0    0    0    0    0    0    0    1    0    1    0    1    0    1    0    1    1    1    0    1    1    0    1    0    1    0    0    0    0    0    0    0    1    0    0    0    1    0    0    0    1    1    1    0    1    1    0    1    0    0    0    0    0    0    1    1    1    0    0    0    0    1    0    1    1    1    0    1    0    1    1    0    0    1    1    0    0    1    0    0    1    1    0    1    1    0    0    1    0    0    0    0    0    1    0    0    0    1    1    0    1    0    0    0    0    0    0    1    0    0    0    1    0    1    0    1    0    1    0    0    0    1    0    0    0    0    0    0    1    0    0    0    0    0    0    0    0    0    0    0    0    0    0    1    0    0    0    0    0    0    1    
100    0.795253    0.820269    0    1    1    1    0    0    1    0    1    0    0    0    0    0    1    0    0    1    1    1    0    1    0    0    1    0    0    1    0    1    1    1    0    1    0    1    0    1    0    0    1    1    0    0    0    0    0    0    0    0    0    0    1    0    0    0    1    0    1    0    0    0    1    0    1    0    1    0    0    0    0    1    0    0    0    0    0    0    1    0    0    0    0    0    0    1    0    0    0    1    0    0    0    0    1    0    0    0    0    0    1    1    0    0    1    1    0    0    1    0    1    0    0    0    0    0    0    0    0    0    1    0    0    0    1    0    0    0    0    0    0    0    0    0    1    0    0    0    1    0    0    1    0    0    0    1    0    0    0    0    1    0    0    0    0    0    0    0    1    0    0    0    0    0    0    0    0    0    1    0    1    1    0    1    0    0    1    0    0    1    1    0    0    0    0    0    1    1    1    0    1    1    1    0    0    0    0    0    0    1    
100    0.41329    0.190086    0    0    0    0    0    1    1    0    0    1    0    0    0    0    0    0    0    0    1    0    0    1    0    1    0    0    0    1    0    0    1    0    0    0    1    0    0    0    0    0    1    0    1    0    0    0    0    0    1    0    0    0    1    0    0    1    1    0    1    1    0    1    0    0    0    0    1    1    0    0    0    0    0    1    0    0    0    1    1    0    1    1    1    0    0    0    1    1    0    0    0    0    1    1    1    1    0    1    1    0    0    1    1    0    0    0    1    0    0    0    0    0    0    0    0    0    0    1    0    0    0    1    0    1    1    0    0    1    1    1    0    0    1    0    0    0    0    0    0    0    0    0    0    0    0    1    0    0    0    1    0    0    1    0    1    1    1    0    0    1    1    0    1    0    0    1    1    0    1    0    0    0    0    1    0    1    0    1    0    0    0    1    0    0    1    0    0    1    1    0    0    0    0    0    1    0    0    0    1    0    
100    0.891729    0.834444    1    0    1    0    1    1    1    0    1    0    0    1    0    0    0    0    0    1    0    0    0    1    1    0    0    0    0    1    0    0    1    1    0    0    1    0    1    0    1    1    0    1    0    1    0    0    0    0    0    0    1    0    1    1    0    1    0    1    0    0    0    1    0    0    1    1    0    0    1    1    1    1    0    1    1    0    0    0    1    0    0    1    0    0    1    0    0    0    1    1    0    1    1    1    1    0    0    1    0    0    0    0    0    1    0    0    1    0    0    0    0    0    1    0    1    0    0    1    1    0    1    0    0    1    0    0    0    0    1    0    0    1    0    0    0    0    0    1    1    0    1    0    0    0    1    1    0    0    0    0    0    1    0    0    1    0    1    0    0    0    0    1    0    1    1    1    1    0    0    0    0    1    0    1    0    0    0    0    0    0    1    1    1    0    1    1    1    0    0    0    1    1    1    0    0    0    0    0    0    0    
100    0.489626    0.0616544    0    0    0    1    0    0    1    0    0    1    1    0    0    1    0    1    1    0    1    1    0    1    0    1    1    1    0    1    0    0    0    0    1    1    0    0    0    1    0    1    1    0    0    1    0    0    1    1    0    0    0    0    0    0    0    1    1    0    0    1    1    1    1    0    0    1    0    1    1    0    1    0    0    0    0    1    0    1    1    0    0    1    0    0    1    0    0    1    1    0    0    1    0    0    1    1    0    0    1    0    1    0    0    0    0    0    0    1    0    1    0    0    1    1    1    1    0    0    1    0    1    1    0    1    0    0    0    0    1    0    0    0    1    1    0    1    0    0    0    0    0    1    1    1    0    0    1    1    0    1    0    0    1    0    0    1    0    0    0    0    0    1    1    1    0    0    0    0    1    0    0    0    0    0    0    0    0    0    0    0    0    0    0    1    0    0    0    0    0    0    0    1    1    0    1    1    0    0    0    0    
100    0.740799    0.494227    0    1    0    0    1    1    0    1    1    0    0    0    0    1    0    0    1    1    1    0    0    1    0    0    0    0    1    0    0    1    1    1    0    0    0    0    1    0    1    1    0    0    0    1    1    0    0    1    1    0    1    0    0    1    0    0    1    0    0    0    1    0    1    0    1    0    1    0    1    0    0    0    1    1    1    1    0    0    0    0    1    0    0    0    1    1    0    1    1    0    1    1    0    0    1    0    1    1    0    0    0    1    0    0    0    1    1    1    0    1    0    0    1    1    0    1    0    0    1    0    0    0    0    1    0    0    1    0    0    1    0    0    0    1    0    0    0    0    1    1    1    0    1    0    0    0    0    1    1    0    0    1    0    1    0    1    0    0    1    0    0    1    1    1    0    1    0    0    0    0    0    1    1    0    0    1    0    0    1    0    0    0    1    0    1    1    0    1    0    1    0    0    0    0    0    1    1    0    0    0    
100    0.772121    0.528203    0    0    0    0    0    1    0    1    0    0    0    0    0    0    1    1    0    0    0    1    0    1    0    1    0    1    0    1    0    0    1    1    0    1    0    0    1    1    1    0    1    0    0    0    0    0    1    0    1    0    0    1    1    0    1    1    1    0    0    0    1    0    0    0    1    1    1    0    1    0    0    0    1    1    0    1    1    1    0    0    0    0    1    0    0    0    1    1    1    0    1    0    1    0    0    1    0    0    1    1    1    1    0    0    0    0    0    1    1    0    1    0    1    0    1    0    1    0    0    1    0    1    0    0    0    0    0    1    0    1    1    1    0    0    1    0    1    0    0    0    1    0    0    0    0    0    0    0    1    1    0    0    1    0    0    0    0    1    1    0    0    0    0    0    0    0    0    0    1    0    0    1    1    1    0    0    0    0    0    1    1    0    1    0    0    1    0    0    1    0    0    1    1    1    0    1    0    0    0    0    
100    0.0135966    0.0853385    1    1    0    1    0    0    0    1    1    0    0    1    0    0    1    0    1    1    0    1    0    1    1    0    1    1    1    0    0    1    1    0    1    1    0    1    1    0    0    1    1    1    0    0    0    1    0    1    1    1    1    1    1    1    1    0    1    0    1    0    0    1    0    1    1    1    0    0    1    1    0    1    1    1    0    1    0    1    1    1    1    1    0    0    0    1    1    1    0    1    1    0    1    1    0    0    1    0    1    0    0    1    0    1    1    1    1    0    0    0    0    1    0    1    0    0    0    0    0    0    1    0    0    0    0    0    0    1    1    1    0    0    1    1    0    1    0    1    0    0    1    0    0    0    0    1    0    0    0    0    0    1    0    0    1    0    0    0    1    1    1    0    0    1    0    0    1    1    0    0    1    1    0    0    1    0    1    1    0    0    1    0    1    1    0    0    1    0    0    0    1    1    0    0    0    1    1    0    0    0    
100    0.0863703    0.218182    0    1    0    0    1    1    1    0    0    1    1    0    1    1    0    1    0    1    0    1    0    0    1    1    0    1    1    0    0    0    1    0    1    1    0    0    0    0    1    1    1    0    1    1    0    0    0    1    1    1    0    0    0    0    0    1    1    0    0    1    1    1    1    1    0    0    1    0    1    0    1    1    1    0    0    0    0    1    1    1    1    0    1    0    1    1    0    0    1    0    1    0    0    0    1    0    1    0    0    0    0    0    0    0    0    1    1    0    1    1    1    0    0    0    0    1    0    1    0    0    0    1    1    1    0    0    1    0    1    0    0    0    1    0    0    0    0    0    1    0    0    1    0    0    0    0    0    0    0    0    0    0    1    0    0    0    0    0    0    1    1    0    1    0    0    1    0    0    1    0    0    0    0    0    0    0    1    1    0    0    1    1    1    0    0    0    0    1    1    0    1    0    0    0    1    1    0    1    1    1    
100    0.355746    0.668051    1    1    0    1    1    1    1    1    0    0    1    1    1    0    0    0    1    0    0    0    1    0    1    1    0    0    1    0    0    0    0    1    1    1    0    1    0    0    1    1    0    1    0    0    1    1    1    1    1    1    0    1    1    1    0    0    0    1    1    0    1    1    1    1    0    1    1    0    0    1    0    1    1    1    0    1    0    0    1    1    0    0    1    0    0    1    0    0    0    0    0    1    0    0    0    0    0    1    1    1    1    0    1    0    0    0    1    0    0    0    0    1    1    1    0    1    0    0    0    1    0    1    0    0    0    0    1    0    0    1    0    0    1    0    1    0    0    0    0    1    1    0    0    0    0    0    0    0    1    1    0    1    0    0    0    0    0    1    0    1    0    1    1    1    0    0    0    1    1    0    1    0    0    0    1    0    0    0    0    0    0    1    0    0    0    1    0    0    0    0    0    1    0    0    1    1    1    0    1    1    
100    0.666704    0.112715    0    1    0    1    1    0    0    0    0    0    0    0    0    0    0    0    0    0    0    0    0    0    0    1    1    0    0    1    0    0    1    0    0    0    0    1    0    0    0    1    1    0    0    0    1    0    0    0    0    0    0    1    0    0    0    0    1    0    1    0    0    0    0    0    0    1    0    0    1    0    0    1    0    1    0    0    0    0    0    0    1    1    0    1    0    1    1    1    0    0    1    0    1    0    1    1    1    1    0    0    0    0    0    0    0    0    1    0    1    1    1    0    1    1    0    0    0    0    0    0    0    0    1    1    0    0    0    0    0    0    0    0    0    0    0    1    0    1    0    1    0    1    1    0    0    0    0    0    0    0    0    0    0    1    0    0    0    1    1    0    1    0    0    0    1    0    1    1    0    0    0    0    0    0    1    0    0    0    0    0    0    0    0    1    0    0    0    1    0    0    1    0    0    0    0    0    0    1    0    0    
100    0.688545    0.766222    0    0    0    0    1    0    0    0    1    1    1    0    0    1    1    1    0    1    1    0    0    0    1    1    0    0    1    1    0    0    1    1    1    1    0    1    0    1    1    1    1    1    0    0    0    0    1    1    0    0    0    1    1    0    0    1    0    0    1    1    0    1    1    0    1    1    1    0    0    0    0    0    0    1    1    1    1    1    0    0    1    1    0    1    0    1    0    0    1    1    1    1    0    1    1    0    1    0    0    0    1    0    0    0    1    1    1    0    1    0    1    0    1    0    0    0    1    0    0    1    0    0    0    0    1    1    0    1    0    0    0    0    0    0    1    0    0    0    0    0    0    1    1    0    0    0    0    1    0    0    1    0    0    0    0    0    0    0    0    0    0    0    0    0    1    0    0    0    1    1    0    0    0    0    0    0    0    0    0    0    0    0    0    0    0    0    0    0    0    0    0    0    0    0    0    0    0    1    1    0    
100    0.962038    0.378797    0    0    1    1    0    0    1    1    0    0    1    1    1    0    0    0    1    1    0    0    1    1    1    0    1    1    1    0    0    0    0    0    1    1    0    0    0    0    0    1    0    0    1    1    1    0    1    0    0    1    0    1    1    0    0    0    0    0    0    1    0    1    1    1    0    1    0    0    0    1    0    1    0    1    0    0    0    0    1    0    1    1    0    0    1    0    0    1    1    0    1    0    1    0    0    1    0    1    1    1    1    0    1    0    0    1    0    0    0    1    1    1    1    0    0    0    0    0    0    0    0    0    0    1    0    1    0    1    0    0    0    0    0    0    0    0    0    0    1    1    1    1    0    0    0    0    0    0    0    1    1    1    0    0    0    0    1    0    0    0    1    0    0    0    0    1    0    1    1    1    0    1    0    0    0    0    0    1    1    0    1    0    1    1    0    0    0    0    0    1    1    1    0    1    0    1    1    0    1    0    
100    0.187226    0.876256    1    1    1    1    1    0    0    1    1    1    0    1    0    1    0    0    1    1    1    1    1    1    1    1    0    1    1    1    1    1    1    1    1    0    1    1    1    0    1    0    1    0    1    1    0    1    1    1    1    0    1    1    1    1    1    1    1    0    1    1    1    0    0    1    1    0    1    1    0    1    0    1    1    0    1    1    0    0    1    1    1    1    1    1    1    1    1    0    0    1    0    0    1    1    1    0    1    1    1    0    1    0    0    0    0    1    1    1    0    0    0    1    0    0    0    0    0    1    0    0    0    0    0    1    1    1    0    0    0    1    0    0    1    0    0    1    0    1    0    0    1    1    0    0    0    0    1    0    0    0    0    0    1    1    1    1    1    0    0    1    0    1    0    0    0    1    0    0    1    0    0    1    1    1    0    0    1    0    1    0    0    0    0    1    1    0    1    1    1    0    0    0    0    0    0    0    1    0    1    1    
100    0.290601    0.498178    0    1    0    1    1    1    1    0    1    0    1    1    0    1    1    1    0    0    0    0    0    1    0    0    0    1    1    0    1    0    0    0    0    1    0    1    1    1    1    0    0    0    0    1    1    0    0    0    1    1    0    0    0    0    0    1    0    0    0    1    1    0    0    0    1    0    1    0    0    1    0    0    0    1    0    1    1    0    1    1    1    1    1    0    1    1    0    1    0    0    0    0    1    1    0    1    1    1    0    1    1    0    1    0    0    0    0    0    0    0    1    1    0    1    1    1    0    1    0    0    0    0    1    0    0    1    0    0    1    0    0    1    0    0    1    1    1    1    1    0    0    1    0    0    0    0    0    1    1    1    1    0    0    1    0    0    1    0    0    0    0    1    0    0    0    1    1    1    1    0    1    0    0    1    1    0    1    0    1    1    1    1    0    0    0    0    0    0    0    0    0    1    0    0    0    0    0    1    0    1    
100    0.878926    0.429694    0    1    0    0    1    0    0    1    1    1    1    0    1    0    0    1    1    0    0    0    1    0    0    0    1    0    1    1    1    1    1    0    1    1    0    1    1    1    0    0    1    0    0    1    0    0    0    0    0    1    0    1    1    1    0    1    0    1    1    1    0    1    0    1    1    1    1    0    1    0    0    0    0    0    1    1    1    1    0    1    1    1    0    1    0    1    1    0    0    0    1    0    1    0    0    0    1    1    0    0    0    0    0    0    0    0    0    1    0    0    0    1    0    0    0    0    0    0    1    0    1    0    0    1    1    1    0    0    0    1    0    1    1    1    0    1    0    1    1    0    0    0    0    1    1    0    1    0    0    0    1    1    1    1    1    0    0    0    0    0    1    0    0    1    0    1    0    0    0    0    0    1    0    1    0    1    1    0    1    0    1    1    1    0    1    0    0    1    0    0    0    1    1    1    0    0    0    1    0    0    
100    0.763921    0.593379    0    1    1    0    1    0    0    1    1    0    1    1    1    0    0    1    1    1    1    1    1    1    0    1    0    0    0    1    1    0    1    0    1    0    1    1    1    0    1    1    1    0    1    1    1    0    0    1    1    1    0    0    0    0    1    1    1    0    1    0    1    0    1    0    1    0    1    1    0    1    1    1    0    1    0    1    0    1    0    1    0    1    1    0    1    0    1    1    1    0    1    1    1    0    0    0    0    0    0    0    1    0    0    0    0    1    0    0    0    0    1    0    0    0    0    0    1    0    0    0    0    0    1    0    0    0    1    0    0    0    1    0    0    0    1    1    1    0    1    1    1    1    1    0    1    0    1    0    1    1    0    1    0    0    0    1    1    0    0    1    0    1    0    1    0    0    0    0    1    1    0    0    1    1    0    0    0    1    0    0    1    0    0    1    0    0    0    1    0    0    1    0    0    1    0    0    1    1    0    0    
100    0.876841    0.634035    1    0    1    1    1    1    0    1    1    1    1    1    1    1    1    1    1    0    1    1    1    1    0    0    1    1    1    1    1    0    1    1    0    0    1    1    0    0    1    1    1    1    0    1    1    1    1    1    0    1    0    1    1    1    1    0    0    1    1    1    1    1    0    0    0    1    0    1    0    1    1    1    0    1    1    1    1    1    0    1    1    0    0    1    1    0    0    1    1    1    1    1    0    1    1    0    1    0    1    0    1    0    1    0    1    1    1    1    1    0    1    1    0    0    0    0    0    0    0    0    0    0    0    1    0    0    1    1    1    0    0    0    0    0    0    1    1    0    0    1    0    0    0    0    0    1    1    0    0    1    0    0    1    1    0    0    0    1    1    0    1    0    0    0    1    0    0    0    1    0    0    0    0    0    0    0    0    0    0    1    0    0    1    0    1    0    0    1    1    0    0    0    0    0    0    0    1    1    0    0    
100    0.360709    0.704328    0    1    0    0    1    0    1    0    1    0    0    1    0    0    1    1    0    0    1    1    1    0    1    1    0    0    1    0    0    1    0    0    1    0    0    0    1    0    0    0    0    1    1    0    0    0    0    1    0    1    0    0    1    0    1    1    1    1    1    1    1    0    1    0    0    0    1    1    1    1    0    0    0    1    1    1    0    0    1    1    1    1    1    1    0    1    0    0    1    0    0    0    0    0    0    1    0    1    1    0    0    1    0    0    0    0    1    1    1    1    0    0    1    0    0    0    0    1    1    0    0    0    0    0    0    1    1    1    0    0    0    0    1    0    1    0    0    1    0    1    0    0    1    0    0    1    1    1    0    0    0    1    0    1    0    1    1    0    1    1    1    0    0    0    1    0    0    0    0    1    1    0    0    0    0    1    1    1    1    1    0    1    1    1    0    0    1    0    0    1    0    1    0    0    0    1    1    0    0    0    
100    0.551928    0.112937    0    0    1    0    1    0    0    0    0    1    0    0    0    0    0    0    0    0    0    1    0    1    1    0    0    0    1    0    0    0    1    0    1    1    0    0    0    0    1    1    0    1    0    0    1    0    1    0    1    0    0    0    0    0    0    0    1    0    1    0    0    0    0    1    0    1    0    0    0    0    0    0    1    1    0    0    0    0    1    0    1    0    1    0    1    0    1    0    1    1    0    1    0    0    0    1    0    1    1    0    0    1    1    0    0    1    1    0    0    1    0    0    0    1    1    0    0    1    1    0    0    0    0    0    1    0    0    0    0    0    1    0    0    1    0    0    0    0    0    0    0    0    0    0    0    1    0    0    0    1    0    1    0    0    0    0    1    0    0    0    0    0    0    0    0    0    1    1    0    0    0    0    0    0    1    0    0    0    1    0    1    0    0    0    0    1    0    0    0    0    1    0    0    0    1    1    1    0    1    0    
100    0.654714    0.99177    0    0    1    0    0    0    0    0    1    0    0    0    1    1    0    0    0    1    1    1    0    1    0    1    1    0    0    1    1    1    0    0    1    1    0    1    1    0    0    1    0    1    0    0    1    0    0    1    0    1    0    0    0    0    0    1    0    0    1    1    1    0    0    0    0    1    0    0    0    0    0    1    0    1    0    1    0    1    1    0    1    1    0    0    1    0    0    1    1    1    0    0    1    1    1    0    1    0    1    1    0    0    1    1    0    1    0    0    0    0    1    0    1    0    1    0    1    1    0    0    0    0    0    0    0    1    1    1    0    1    1    1    0    0    0    0    1    1    1    0    0    1    1    0    1    0    1    0    0    1    1    1    0    1    0    0    0    1    0    1    0    0    1    0    0    0    0    0    0    0    0    1    0    1    0    0    0    1    0    0    1    1    0    0    0    0    1    1    0    0    0    1    0    0    0    0    1    0    1    1    
100    0.187008    0.590674    0    1    1    1    0    1    1    1    0    1    1    1    0    1    1    1    1    1    1    0    0    0    1    1    1    1    0    0    0    1    1    0    0    0    1    1    1    0    1    0    1    1    1    1    0    1    0    1    1    0    1    0    1    1    1    1    1    1    1    1    1    0    1    1    1    1    1    1    1    1    1    1    1    0    1    1    1    1    1    0    1    0    0    1    1    1    0    1    1    1    0    0    0    1    1    1    1    1    1    1    0    1    0    0    1    1    0    0    1    0    0    1    0    0    1    1    0    1    0    0    0    0    1    1    0    0    1    0    1    0    1    0    1    0    1    1    1    0    0    0    0    0    0    1    0    1    0    1    0    1    0    0    1    1    0    0    0    0    0    1    1    0    0    0    0    0    1    1    0    0    1    0    1    1    1    0    1    0    0    0    0    0    0    0    1    1    0    0    1    0    0    1    1    1    0    0    0    0    1    1    
100    0.720578    0.813836    1    0    0    1    1    0    0    0    1    0    1    0    1    1    1    0    0    1    0    0    0    1    0    1    0    0    0    0    0    1    1    1    1    0    0    1    0    1    0    1    0    1    0    1    1    0    1    0    0    1    1    0    0    0    0    1    0    0    1    1    1    0    0    0    0    1    1    1    1    1    0    1    1    0    0    1    0    0    0    0    0    0    0    0    0    1    0    1    1    1    1    0    0    0    0    0    0    0    0    0    0    0    0    1    0    1    0    1    0    0    0    0    1    0    0    1    1    1    1    0    0    0    1    1    0    0    1    1    0    0    0    0    0    0    0    0    0    0    0    0    1    0    1    0    0    0    0    0    1    1    0    1    0    1    1    0    0    0    0    0    0    0    0    0    0    1    1    0    0    0    0    1    0    0    0    0    1    0    0    1    1    0    0    0    0    1    1    0    0    1    0    1    1    0    1    0    0    0    1    0    
100    0.0697684    0.593515    0    1    0    1    0    1    1    1    0    1    1    0    1    0    0    1    0    1    0    1    1    1    1    0    1    0    1    0    0    1    0    1    1    0    0    0    0    1    1    0    1    1    1    0    0    1    1    0    1    0    1    1    1    1    0    1    0    1    1    1    0    1    0    1    0    0    1    1    0    1    1    1    1    1    1    0    1    0    1    0    1    1    0    1    0    1    0    1    1    1    0    1    0    1    0    1    1    1    0    1    0    0    0    1    0    1    1    0    1    0    0    0    0    1    0    1    0    0    0    1    0    0    1    0    0    1    1    0    1    0    0    0    0    0    0    0    1    0    0    0    1    0    1    0    1    0    0    1    1    0    0    0    0    0    1    0    0    0    0    0    0    1    0    0    0    0    1    1    0    0    0    1    1    0    0    1    0    1    0    1    1    1    1    1    1    1    0    1    1    0    1    0    0    1    0    1    0    0    1    1    
100    0.385973    0.0604153    0    1    1    1    1    1    1    0    1    1    1    1    1    1    1    0    1    1    1    1    0    1    0    1    0    0    1    1    1    0    1    0    0    1    0    1    1    0    0    1    1    0    1    0    0    0    1    1    1    0    1    1    1    1    0    1    0    1    0    0    1    0    0    1    1    1    0    0    0    0    1    0    0    1    0    1    1    1    1    0    1    0    0    1    0    0    1    1    1    0    1    1    1    1    0    1    1    0    1    0    0    0    1    0    1    1    1    1    0    1    0    1    0    1    0    0    1    0    0    0    1    0    0    0    1    0    0    0    1    1    0    0    1    0    0    0    1    1    1    1    0    1    1    0    0    0    0    1    1    1    0    0    0    0    0    0    1    1    1    0    0    0    0    1    1    0    0    0    1    1    0    0    1    1    0    1    0    0    0    0    1    0    0    1    0    1    0    0    0    0    0    1    0    0    0    0    1    1    0    0    
100    0.176135    0.992784    1    1    1    1    1    0    1    1    1    1    1    1    0    0    1    1    1    0    1    1    0    0    1    0    1    1    1    1    1    1    1    0    1    1    0    0    1    1    1    1    1    0    1    1    1    1    0    1    1    1    0    1    1    1    1    0    1    0    1    1    1    1    0    1    1    0    1    1    1    1    1    0    1    1    1    1    0    0    1    0    1    1    1    1    1    1    1    1    1    0    0    1    0    1    1    0    0    1    1    1    1    0    0    0    0    1    0    0    1    1    1    1    0    1    0    0    1    0    1    1    0    0    1    1    0    0    0    0    0    0    0    0    1    0    1    1    1    1    0    1    0    0    0    1    1    0    0    1    0    0    0    0    0    0    0    1    1    1    1    1    0    1    0    0    0    1    0    0    0    0    0    0    0    0    0    1    0    0    1    0    1    0    0    1    0    0    1    1    0    0    0    0    1    0    0    1    1    1    1    1    
100    0.57917    0.79469    0    0    1    1    1    0    1    0    1    0    0    0    0    0    0    0    0    0    0    1    1    0    0    0    1    0    0    1    0    0    1    0    0    1    0    1    0    0    1    0    1    1    0    0    1    1    0    0    1    1    0    1    1    0    0    1    0    1    1    1    1    0    1    0    0    1    0    0    1    0    0    1    1    0    1    1    0    0    1    0    0    0    1    1    0    0    0    1    0    1    0    0    0    0    1    0    0    0    0    0    0    1    0    0    1    0    0    0    0    1    1    1    0    0    0    0    1    0    1    0    0    0    1    1    0    0    0    0    1    1    0    0    1    0    0    0    0    1    0    0    1    1    0    1    0    1    0    0    1    0    1    0    0    0    0    1    0    0    0    0    0    1    1    0    1    0    0    0    0    0    1    0    0    0    1    1    0    1    0    0    0    0    1    1    0    1    0    0    0    0    0    1    1    0    0    0    1    1    1    0    
100    0.895915    0.141488    1    0    1    1    0    0    1    1    0    1    1    1    0    1    1    1    0    0    1    0    1    1    1    1    1    0    1    1    0    1    1    1    1    1    0    1    1    1    1    1    1    0    0    0    1    1    0    1    0    0    1    1    1    1    1    0    0    0    0    0    1    0    1    1    1    1    0    1    0    1    1    1    1    1    0    1    0    0    1    0    1    1    1    0    0    0    1    0    1    0    0    0    1    1    0    1    1    0    1    1    1    1    1    0    1    1    0    0    0    1    0    0    0    0    0    0    0    0    1    0    0    0    0    0    1    0    1    0    1    1    0    0    1    0    0    0    0    1    1    0    1    1    0    1    0    0    0    1    1    0    0    1    0    0    1    0    0    0    0    1    0    1    0    0    0    0    0    1    1    1    0    1    0    0    0    0    0    0    1    0    0    0    0    0    1    1    1    1    0    0    0    1    0    1    0    0    0    0    0    0    
100    0.858741    0.450098    0    1    1    0    1    1    0    0    1    0    0    1    0    0    1    1    1    1    0    1    1    1    1    1    0    0    1    1    0    1    1    0    0    0    0    1    0    0    0    1    1    0    0    1    0    0    0    1    1    1    0    1    0    1    1    0    0    1    0    0    0    1    1    1    0    1    1    1    1    1    0    1    0    1    0    1    1    1    0    0    1    1    0    0    0    0    1    0    1    1    1    1    1    0    0    0    0    1    0    1    1    0    0    0    1    0    1    1    0    1    1    1    1    0    1    1    1    0    1    0    1    1    0    0    0    0    1    0    0    0    0    0    0    0    0    0    0    0    1    0    0    0    0    1    0    0    1    0    0    0    0    0    0    1    1    0    0    1    0    0    1    0    0    0    1    0    0    1    0    1    0    1    0    0    0    0    0    1    0    0    1    1    0    1    0    1    1    0    0    0    1    1    0    0    0    0    0    1    0    0    
100    0.47863    0.299615    0    0    1    1    0    0    0    0    1    0    0    0    0    0    1    0    0    0    1    0    0    0    0    0    0    0    0    0    1    0    1    0    0    0    0    0    0    0    0    0    0    0    1    0    1    0    1    0    1    0    0    0    1    0    0    1    0    1    0    1    1    0    0    0    0    1    0    1    0    0    0    0    0    0    0    0    0    0    0    0    1    0    0    0    0    0    1    0    0    0    0    0    0    1    0    0    0    1    0    0    1    0    0    0    0    0    0    1    0    0    0    0    0    0    0    1    0    1    0    0    0    0    0    0    0    0    0    0    1    0    0    0    0    1    0    1    0    0    1    0    0    0    0    0    0    0    0    0    0    1    0    0    0    0    0    0    0    0    1    0    0    0    0    0    1    0    1    1    0    0    1    0    0    0    0    1    0    1    1    0    0    0    0    0    1    0    0    1    1    0    0    0    0    0    0    1    0    0    0    0    
100    0.53094    0.747767    0    1    0    1    1    0    1    1    1    1    1    0    1    0    1    0    1    0    1    1    1    1    1    1    0    1    0    0    1    0    0    1    1    1    1    0    0    0    1    0    1    1    1    1    1    0    0    0    0    1    0    1    1    0    0    0    1    1    0    0    1    1    1    0    1    0    1    0    0    0    0    1    1    1    1    0    0    0    0    1    0    0    1    1    1    0    0    0    1    1    0    1    0    0    1    1    1    0    1    1    0    1    0    0    0    0    1    0    0    0    0    1    0    0    0    0    0    1    1    0    0    0    0    1    0    0    1    1    0    1    0    0    0    1    0    0    0    0    1    0    0    0    0    0    0    1    0    1    1    1    0    0    0    1    1    0    0    0    0    0    1    0    1    0    0    1    0    0    1    1    1    0    1    0    0    0    1    1    0    0    0    0    0    0    0    0    1    0    0    0    1    1    1    0    0    1    1    0    0    0    
100    0.0174729    0.029917    0    1    0    0    0    0    1    1    1    1    1    0    1    0    0    1    1    1    1    1    0    1    1    0    0    1    0    0    0    1    0    0    1    1    0    1    1    1    0    0    1    0    0    1    0    0    1    1    0    1    0    0    0    1    1    1    0    1    1    1    0    1    0    1    0    1    0    1    0    1    1    0    1    1    0    1    1    1    1    1    0    1    0    1    0    1    0    1    0    0    1    1    0    0    1    1    1    1    1    1    0    0    1    0    1    0    0    1    0    0    0    1    1    1    1    1    1    0    1    1    1    1    0    0    1    0    0    0    0    0    0    1    1    0    0    0    0    0    0    1    1    0    1    0    0    0    0    1    0    1    1    0    1    0    0    0    1    0    0    0    0    0    0    0    0    0    1    1    0    0    1    1    1    0    0    0    0    0    1    0    0    0    1    1    0    0    0    0    1    1    0    0    0    0    0    0    0    0    1    0    
100    0.370076    0.796478    1    1    1    1    1    1    0    1    1    0    1    1    0    1    0    1    1    1    1    1    1    1    1    1    0    1    1    1    0    0    0    0    0    1    1    0    0    0    0    1    0    1    1    0    1    1    1    0    1    0    1    0    0    0    0    0    1    1    0    1    1    0    1    1    1    0    1    0    0    0    1    1    1    1    0    1    0    0    0    1    1    0    1    0    1    0    1    0    0    0    0    1    0    1    0    1    1    1    1    1    1    0    0    1    1    0    0    0    1    0    0    1    0    0    1    0    0    1    0    1    0    0    0    0    0    0    1    1    1    0    1    0    0    1    1    0    1    1    1    1    0    0    1    1    1    1    0    0    0    0    0    1    0    1    1    1    1    0    0    0    1    0    0    1    1    1    1    1    1    0    1    0    0    0    0    1    0    1    0    0    0    1    0    1    1    1    0    1    1    1    0    0    1    0    0    0    0    1    0    0    
100    0.967218    0.994842    1    1    1    0    1    0    1    0    1    1    1    1    0    0    0    0    0    0    1    0    1    0    0    0    1    1    1    1    0    1    1    0    1    0    1    0    1    1    1    0    0    1    1    1    1    1    1    0    0    1    0    1    1    0    1    0    1    1    1    0    0    1    1    0    1    0    1    1    1    1    1    1    1    0    0    0    1    0    1    0    1    1    1    0    1    1    0    0    0    1    1    1    1    0    1    0    1    0    1    0    1    0    0    0    0    0    0    0    0    1    1    1    1    0    0    0    0    0    1    0    0    0    0    0    1    0    0    1    1    0    0    1    0    1    0    1    0    1    0    0    1    1    0    1    1    0    0    0    0    1    0    0    0    0    0    0    1    1    1    1    0    1    0    1    0    1    0    0    0    0    0    1    1    0    1    1    0    1    0    0    0    0    1    0    0    0    1    0    0    1    0    1    0    1    0    0    1    1    1    0    
100    0.329063    0.971709    1    1    1    0    0    1    1    1    0    1    0    1    0    1    1    1    1    0    1    1    1    1    1    1    0    0    1    1    1    1    0    0    1    0    1    1    1    0    1    0    0    1    1    1    0    1    1    1    1    1    0    0    0    1    1    1    1    1    1    1    1    0    1    0    0    1    1    0    1    0    1    0    1    1    1    1    1    0    1    0    1    1    1    1    0    0    0    1    1    1    1    1    1    1    0    0    0    0    1    0    0    0    1    0    1    1    1    1    0    1    0    1    0    1    0    0    1    0    0    0    0    1    0    0    0    0    1    1    1    0    1    1    0    1    0    0    1    1    1    0    1    1    0    0    0    0    0    0    0    0    1    0    1    0    0    0    0    0    1    0    0    1    0    1    1    1    1    0    1    0    1    1    0    1    0    0    1    0    0    0    1    0    1    0    0    0    1    0    0    1    0    0    1    1    0    1    0    1    0    0    
100    0.031515    0.684108    1    1    1    1    0    1    1    1    0    1    0    1    1    1    0    0    1    0    1    1    1    1    1    0    1    1    0    1    1    0    1    1    1    1    0    1    1    1    1    1    1    1    1    0    1    0    0    0    1    1    0    1    1    1    1    1    1    1    1    1    1    1    1    1    0    1    1    1    1    0    1    1    1    1    1    1    1    1    1    1    1    1    0    0    0    0    0    1    1    0    1    0    1    1    1    1    0    0    1    0    0    0    0    0    0    0    1    0    1    0    0    0    0    1    1    0    0    0    0    1    0    1    0    1    1    0    1    1    0    1    1    0    0    1    0    0    1    0    1    0    1    1    0    0    1    0    0    0    1    1    0    0    0    0    1    0    1    0    0    0    0    0    1    1    0    1    0    0    1    1    0    0    0    0    1    1    0    0    1    0    0    0    0    1    0    0    0    1    1    0    1    0    0    1    1    1    1    0    1    0    
100    0.356905    0.17052    1    0    1    0    0    0    0    1    1    0    1    0    1    0    1    0    0    0    1    0    0    0    0    0    0    0    0    1    0    0    0    0    0    0    1    0    1    0    0    0    0    0    1    1    0    1    1    1    0    1    0    0    0    1    0    0    0    0    0    0    0    0    1    0    1    0    0    1    1    0    0    1    0    0    1    0    1    1    1    0    1    1    0    0    0    1    0    0    0    0    0    1    0    0    0    1    0    1    0    0    0    1    1    0    0    0    0    0    0    0    0    0    0    0    1    0    0    0    0    0    0    0    1    0    0    0    0    1    0    1    1    1    0    0    0    0    1    0    0    0    1    0    0    0    0    0    0    1    0    0    0    1    0    0    1    0    0    0    0    0    0    0    0    0    0    1    1    0    0    0    0    0    0    0    0    0    0    0    1    1    0    0    1    1    0    0    1    0    1    0    1    1    0    1    0    0    0    0    0    0    
