50    0.61068    0.693425    1    1    1    1    0    0    0    0    1    1    0    1    0    0    0    1    1    0    0    1    1    0    1    1    1    1    1    0    0    0    0    1    0    0    0    0    1    0    0    1    0    1    0    1    1    0    0    1    0    0    1    0    0    0    1    0    0    1    1    0    1    1    0    0    1    0    0    0    1    1    0    1    1    1    1    1    0    1    1    1    0    0    0    0    0    0    1    0    1    0    1    0    1    0    1    1    0    1    0    0    0    0    1    1    1    1    1    0    1    0    1    0    0    0    0    0    0    0    0    0    0    0    1    1    1    1    1    0    0    0    1    1    1    0    0    0    0    0    1    0    1    0    1    0    0    0    0    0    0    1    0    0    1    1    0    0    0    0    1    1    1    0    1    0    0    0    0    1    0    1    1    0    0    1    1    1    1    0    1    0    0    0    1    1    0    0    0    1    0    0    0    0    1    0    1    0    0    0    0    0    
50    0.98187    0.742934    0    0    1    0    0    0    0    0    0    0    0    0    0    0    0    0    1    0    0    0    0    0    0    1    0    1    0    0    0    1    0    0    0    0    0    0    0    0    0    1    0    0    0    0    1    0    0    0    0    0    0    1    0    0    0    1    1    1    0    0    0    1    0    0    0    0    0    0    0    0    0    0    1    0    0    0    0    0    0    0    0    0    0    0    0    0    0    0    0    1    1    0    0    0    1    0    0    1    1    0    0    1    0    0    0    1    0    0    0    0    0    0    1    1    1    0    0    0    0    1    0    0    0    0    1    0    0    0    0    0    0    0    1    0    0    1    0    0    0    1    0    0    0    0    1    0    0    0    0    0    0    1    1    0    0    0    0    0    0    0    1    0    0    0    0    1    0    0    1    0    1    1    0    0    1    0    0    1    0    0    0    1    0    0    0    0    0    0    0    1    0    1    0    0    0    0    1    0    1    0    
50    0.999405    0.130181    1    0    0    1    1    0    0    0    1    0    1    1    0    0    0    0    1    0    0    0    1    0    0    0    0    1    0    0    1    0    1    0    0    1    1    1    1    0    0    0    0    1    1    1    0    0    0    1    1    1    0    0    0    0    0    0    1    0    0    1    1    0    1    0    0    1    1    1    0    0    1    0    1    1    1    1    0    0    0    0    1    1    1    0    1    1    0    0    1    0    1    0    0    0    0    0    0    0    0    1    0    1    0    1    1    0    0    1    1    1    1    1    1    1    1    1    1    0    0    1    1    0    0    0    0    0    0    1    0    0    1    1    1    1    1    1    0    0    0    0    0    0    0    0    1    0    0    0    0    1    0    1    1    1    1    1    0    1    0    0    0    1    1    0    0    0    0    0    0    0    1    1    1    0    1    0    0    0    0    0    1    0    0    0    0    1    0    0    0    1    1    0    0    0    0    1    0    0    0    1    
50    0.944273    0.290345    1    0    0    1    1    0    0    0    1    0    0    0    0    0    1    0    0    0    0    1    0    0    0    0    0    1    1    0    0    0    1    0    0    0    1    0    0    0    0    0    0    0    0    0    1    0    0    0    1    0    0    0    1    0    1    0    1    1    0    0    0    1    1    0    1    1    0    0    1    0    0    0    0    0    1    0    0    0    0    1    1    0    1    1    1    0    0    0    0    0    1    0    0    0    0    0    1    0    0    1    1    0    0    0    1    0    0    0    0    0    0    0    0    1    0    0    1    0    0    0    0    0    1    0    0    1    0    0    1    0    1    0    0    0    0    1    1    1    0    0    0    0    0    0    1    0    1    0    0    0    0    1    0    1    1    0    1    1    0    0    1    0    1    0    0    1    0    1    0    0    0    1    1    1    0    1    0    0    1    1    1    1    0    1    0    0    0    1    0    1    0    0    0    0    0    0    0    1    0    0    
50    0.16701    0.137743    1    1    1    1    1    0    1    0    0    0    1    1    0    0    1    0    0    1    0    0    0    0    1    0    0    1    0    0    1    0    0    1    0    0    1    1    0    1    1    1    1    1    1    1    1    0    1    1    0    0    0    1    1    0    1    0    0    0    1    1    1    1    1    1    0    0    0    1    0    0    1    0    1    1    1    0    0    1    1    0    0    1    0    0    0    1    1    0    1    1    0    0    1    1    0    1    0    0    0    1    0    0    0    0    0    1    0    0    0    1    0    0    1    0    1    1    0    0    0    0    1    1    1    1    0    1    0    1    0    0    0    1    0    1    1    1    0    1    1    0    1    0    0    0    0    0    1    1    1    1    0    0    0    0    1    1    1    0    0    1    0    1    1    0    1    1    0    0    1    1    1    0    1    1    0    1    0    1    1    0    1    1    0    0    1    0    0    0    0    1    1    1    1    1    1    1    0    0    1    0    
50    0.882774    0.949943    0    0    0    0    0    1    0    0    1    0    0    0    0    1    0    0    0    0    0    0    0    0    0    0    0    1    0    0    0    0    0    0    0    0    0    0    0    0    0    0    0    0    0    0    1    0    0    0    1    0    0    1    0    0    0    0    0    0    0    0    1    0    0    0    1    0    1    1    0    1    0    0    0    0    0    0    0    1    0    0    0    0    1    0    0    0    1    0    0    0    1    0    1    1    0    0    1    0    0    0    0    1    0    0    1    1    1    1    1    0    0    0    0    0    1    0    0    0    0    0    0    0    0    0    0    0    0    0    0    0    0    1    0    0    0    0    0    0    1    1    0    0    1    0    1    1    1    0    1    0    0    0    0    0    0    0    0    0    0    0    1    1    0    0    0    0    0    0    0    0    1    0    0    1    0    0    0    1    1    0    0    0    1    0    0    0    0    0    0    0    0    0    0    1    0    0    0    0    1    0    
50    0.515527    0.525187    1    1    1    0    1    0    1    1    1    1    1    0    1    1    1    1    1    0    1    1    1    1    0    0    0    0    0    0    0    0    0    1    1    0    1    1    0    0    0    1    0    1    0    0    0    0    0    1    1    1    1    1    0    0    0    1    1    0    0    1    1    0    1    0    1    0    1    1    1    0    0    1    1    1    0    1    0    0    0    1    0    1    1    0    0    0    0    0    1    1    1    1    1    1    0    1    1    1    1    1    0    1    1    0    1    0    1    1    0    0    0    0    0    1    1    1    0    0    0    0    0    1    1    0    0    0    0    1    0    0    0    0    0    0    0    0    1    1    0    1    0    0    0    1    0    1    1    0    0    0    1    1    0    1    1    1    0    0    1    0    0    1    1    1    1    0    1    0    0    1    0    1    1    0    0    1    1    1    0    1    0    0    0    0    1    0    1    0    0    0    0    1    0    1    0    0    0    0    1    1    
50    0.6939    0.812222    0    1    0    1    1    0    0    0    0    0    0    0    0    0    1    0    0    0    0    1    1    1    0    0    0    1    1    1    1    0    0    0    0    0    0    0    1    0    0    0    0    0    0    0    0    0    1    1    0    0    0    1    0    0    0    1    1    0    1    0    1    0    1    1    0    0    0    0    1    0    0    0    0    0    1    0    0    1    0    0    1    0    0    0    0    0    1    0    0    1    1    1    0    0    0    1    0    0    1    1    1    0    0    0    0    0    1    1    0    0    0    0    0    0    0    0    0    1    0    0    1    1    0    0    0    1    0    0    0    0    0    1    0    0    1    1    0    0    1    1    1    0    0    0    0    1    0    1    1    1    0    1    0    1    0    0    0    1    1    0    0    0    0    0    1    0    1    1    0    0    0    0    1    0    1    0    1    1    0    0    0    0    1    1    0    0    1    1    0    0    0    0    0    1    0    0    1    0    1    1    
50    0.442876    0.681188    1    1    1    0    1    0    1    0    0    1    1    0    1    1    1    0    0    0    1    0    1    0    1    1    0    0    1    0    0    0    0    1    0    0    1    1    0    0    0    1    1    1    0    0    0    0    0    0    1    0    0    0    0    0    1    0    1    0    1    0    1    1    0    0    0    1    0    0    1    1    0    0    0    0    1    1    1    0    0    1    0    0    1    0    0    0    0    0    1    1    1    1    1    0    1    1    1    0    0    0    0    0    0    0    0    0    0    0    0    0    0    0    0    1    1    1    0    0    0    0    1    0    0    1    0    1    1    1    0    1    0    1    0    0    1    0    1    0    1    0    1    0    1    1    0    0    1    0    0    0    0    1    1    0    0    0    0    0    0    1    0    0    0    0    0    1    1    0    1    1    0    0    0    1    0    0    0    0    1    1    0    0    1    1    1    0    0    1    0    0    1    0    1    0    0    0    0    0    0    0    
50    0.187953    0.817404    1    0    0    0    0    0    0    0    0    0    0    0    0    0    0    0    0    0    0    0    0    0    0    0    0    0    0    0    0    0    0    0    0    0    0    0    1    0    0    1    0    0    0    1    0    0    0    0    0    0    0    0    0    0    0    0    1    0    0    0    0    1    0    0    0    0    0    1    0    0    0    0    0    0    0    0    0    0    1    0    1    0    0    0    0    0    0    1    0    1    0    0    0    0    0    0    0    0    0    0    0    0    0    0    0    0    0    0    0    0    0    0    0    0    0    0    1    1    0    0    0    1    1    1    0    0    0    1    0    0    0    0    0    0    0    1    0    0    0    0    0    0    1    0    0    0    0    0    0    0    0    1    0    0    0    1    0    0    0    0    0    0    1    1    0    0    0    0    1    0    0    0    1    0    0    0    0    0    1    0    0    0    1    0    0    0    1    0    0    0    0    0    0    0    0    0    0    0    0    0    
50    0.335997    0.208546    1    0    1    0    0    1    0    0    1    1    1    0    0    0    0    0    1    0    1    0    1    0    0    1    0    1    0    0    0    0    0    0    1    0    1    1    0    1    1    1    0    0    0    0    0    0    0    0    0    0    1    1    0    0    1    1    0    1    0    1    0    1    1    0    0    1    0    0    0    1    1    0    1    0    1    0    0    0    1    1    0    1    0    0    0    1    0    1    1    0    1    1    0    0    0    0    1    0    0    0    0    0    0    1    0    0    1    1    0    0    1    0    1    0    1    0    0    0    0    0    1    1    0    0    1    0    0    0    0    0    1    1    0    1    1    0    1    0    1    0    0    0    0    0    1    0    0    0    1    0    0    0    0    1    0    0    0    1    0    1    0    0    1    1    1    1    0    1    1    0    0    0    0    0    0    1    0    0    1    1    1    1    0    1    0    0    0    1    1    0    0    0    0    0    0    0    1    1    0    0    
50    0.0671164    0.267921    0    0    1    1    1    0    1    0    1    0    0    0    1    0    0    0    0    1    0    0    0    0    0    0    0    1    1    0    0    0    1    1    0    0    1    1    1    0    0    0    1    1    1    1    1    0    0    0    0    1    1    1    1    1    0    0    1    0    1    0    1    1    0    1    1    0    1    1    0    1    1    1    0    0    0    0    0    0    0    0    1    0    0    1    1    1    1    1    0    0    1    1    1    0    1    0    0    1    0    1    1    0    0    0    1    1    0    1    0    1    1    0    1    1    1    0    1    0    0    1    0    0    0    1    1    0    0    0    1    1    1    1    0    0    0    0    0    1    1    0    0    1    1    1    0    1    0    0    1    1    0    0    1    1    1    0    0    0    0    0    0    1    1    0    1    1    1    0    1    0    0    0    1    0    0    0    1    0    1    1    0    0    0    1    0    1    0    0    1    0    0    0    0    0    0    0    0    1    0    1    
50    0.636286    0.674616    1    1    1    1    1    0    0    0    1    1    1    1    0    1    0    1    1    1    0    1    1    1    0    0    0    0    1    1    1    1    0    1    1    1    0    1    1    0    0    1    1    1    0    1    1    0    0    1    1    1    0    1    0    0    0    0    1    0    1    1    1    1    1    1    0    1    0    1    1    1    0    1    1    1    0    0    0    1    0    0    1    0    0    1    0    0    0    0    0    0    0    1    1    1    0    0    0    1    1    0    1    0    1    0    0    1    1    1    0    1    1    0    0    1    1    0    0    1    1    0    0    1    0    0    0    1    0    1    1    0    0    0    1    1    0    0    0    0    0    1    1    0    1    1    1    0    0    1    0    0    1    0    1    1    0    1    0    1    0    1    1    0    0    0    1    1    0    1    0    1    1    1    0    0    0    0    1    0    1    0    0    1    0    1    1    0    0    0    0    0    0    0    0    0    0    1    1    1    1    0    
50    0.40052    0.848665    0    0    1    0    0    0    1    1    0    0    0    0    0    0    0    0    1    1    1    0    1    1    1    0    0    1    0    0    1    0    0    1    0    0    0    0    1    0    0    0    0    0    0    0    0    0    1    1    0    0    0    1    1    0    0    0    1    0    1    0    1    1    0    0    1    0    0    0    1    1    1    1    0    0    0    1    1    0    0    0    0    0    0    0    0    0    0    1    0    1    1    1    0    0    1    1    1    1    0    1    0    1    1    0    0    0    0    0    1    0    0    0    0    0    0    1    0    0    0    0    0    0    0    0    1    0    1    0    1    0    1    0    0    0    1    1    0    0    0    1    0    1    1    0    1    1    1    0    0    0    0    0    0    1    0    0    1    0    0    0    1    0    0    1    0    1    1    0    0    0    0    1    0    1    0    0    0    0    0    0    0    0    0    0    0    1    0    0    0    1    1    0    0    0    0    1    0    1    0    0    
50    0.439336    0.0416578    1    0    0    1    0    1    1    0    0    1    0    0    0    0    0    0    0    0    1    0    1    0    0    1    1    0    1    0    0    0    1    0    0    0    0    1    0    1    0    1    1    0    0    0    0    0    0    0    1    0    0    1    1    1    1    0    0    0    0    0    0    1    1    0    0    0    0    0    0    0    1    0    1    0    1    0    1    0    1    1    0    1    0    0    0    1    1    0    0    0    1    0    0    0    0    0    0    0    1    1    0    1    0    0    0    1    0    0    0    0    0    0    0    1    0    0    0    0    0    1    0    1    1    1    0    0    1    0    0    1    0    1    0    0    0    1    1    0    0    1    0    0    1    1    1    1    1    1    0    0    1    1    0    1    1    0    0    0    0    0    0    0    0    0    1    0    0    1    0    0    1    0    0    1    0    0    0    0    0    0    0    0    1    0    1    1    0    1    1    0    1    0    0    1    1    1    0    1    0    0    
50    0.197105    0.472707    0    0    1    0    0    0    0    1    0    0    0    0    0    0    1    0    0    1    0    0    1    0    0    0    0    0    1    0    0    0    1    0    0    0    0    1    0    1    0    0    0    0    0    1    0    0    1    0    0    0    0    0    0    0    0    0    0    0    0    0    0    1    0    1    0    0    0    0    0    0    0    0    0    1    0    0    0    0    1    0    0    0    1    0    0    0    1    0    0    0    0    0    0    0    1    1    0    0    0    1    0    1    0    0    0    0    0    0    0    1    0    0    1    0    0    0    0    0    1    1    0    0    0    0    0    0    0    0    0    0    1    1    0    0    0    1    1    0    0    0    0    0    0    0    0    0    0    0    0    0    0    0    0    0    0    0    0    0    0    0    0    0    0    0    0    0    1    1    0    0    1    0    0    0    0    0    0    0    1    0    0    0    1    0    0    0    0    0    1    0    0    1    0    1    0    1    1    0    0    1    
50    0.949873    0.711323    0    0    1    0    0    0    0    0    0    0    1    0    0    0    0    0    1    1    0    0    0    1    0    0    0    0    0    0    0    0    0    1    1    0    1    1    0    0    1    0    0    0    0    0    1    0    1    0    0    0    0    0    0    1    0    0    0    0    0    0    0    1    0    0    0    0    0    0    0    0    0    0    0    0    0    0    0    1    0    0    1    0    0    0    0    0    0    0    0    1    1    1    1    0    0    0    0    1    0    0    1    0    0    0    0    0    0    0    0    1    1    0    1    1    1    0    1    0    0    1    0    1    1    0    1    0    0    0    0    0    1    1    0    0    1    0    0    0    0    1    0    0    0    1    0    0    0    1    0    0    0    1    0    0    1    0    0    0    0    0    1    0    1    0    0    0    0    1    1    0    0    0    0    0    0    0    0    0    1    1    0    0    0    0    0    0    0    0    0    1    0    0    0    0    1    1    1    0    1    0    
50    0.0905212    0.148636    1    1    0    1    1    0    1    0    0    0    0    1    0    0    0    0    0    1    0    0    1    1    1    1    0    1    0    0    0    0    0    0    0    1    1    1    1    0    0    1    1    0    1    1    0    0    1    0    1    1    0    1    0    1    0    0    0    1    0    1    1    0    1    0    0    0    0    0    0    1    0    0    0    1    0    1    0    1    0    0    0    0    1    1    1    0    1    0    1    0    0    0    0    1    1    1    1    1    0    1    0    0    0    0    0    1    0    0    1    1    0    0    1    1    0    0    0    0    1    0    0    1    0    0    0    0    1    1    0    0    1    0    0    0    0    0    1    0    1    0    0    1    1    0    0    0    1    0    0    0    0    1    0    1    1    0    0    1    0    0    0    0    0    0    0    1    1    1    1    1    1    0    1    0    1    0    0    1    0    1    1    1    1    0    0    0    0    0    0    0    0    0    1    1    1    1    1    1    0    0    
50    0.383381    0.607612    1    0    0    0    1    0    1    0    1    1    1    1    0    0    0    0    0    1    0    0    0    0    0    1    0    0    1    0    0    0    0    1    0    0    0    1    0    0    0    1    0    1    0    0    0    0    0    0    0    1    1    0    1    0    0    1    1    1    0    1    1    1    1    0    1    0    0    0    1    0    0    1    0    0    1    1    1    1    0    1    0    0    1    0    1    0    0    0    1    1    1    0    0    1    1    1    0    1    0    1    0    0    1    0    1    0    1    1    0    0    1    1    1    1    0    0    0    1    1    0    1    1    0    1    0    0    1    0    0    1    1    0    1    1    0    0    0    0    0    0    1    0    0    0    1    1    1    0    0    0    1    0    0    1    0    1    1    1    0    0    0    1    1    1    0    0    1    0    1    1    0    1    1    1    1    1    0    0    1    1    1    0    0    0    1    0    0    0    0    0    1    0    0    0    0    1    0    0    0    1    
50    0.650862    0.151314    0    0    0    0    0    0    0    0    0    1    0    0    0    1    0    0    1    0    0    0    1    1    0    1    0    1    1    0    0    0    1    0    0    0    0    1    0    0    0    0    1    0    1    1    1    1    0    1    1    1    0    0    0    0    1    0    1    1    0    1    0    0    1    0    0    0    0    0    0    0    0    1    0    1    0    0    1    0    0    0    0    0    0    1    1    0    0    0    1    0    0    0    0    0    0    0    0    0    1    1    0    0    0    0    0    0    1    0    0    1    0    0    0    1    0    0    0    0    0    1    0    0    0    1    1    0    1    1    0    0    0    1    1    1    0    0    0    0    0    1    0    1    0    0    0    1    1    0    1    0    0    0    0    1    1    0    0    0    0    0    1    0    1    0    1    0    0    0    1    0    0    0    1    1    1    1    0    0    1    0    0    0    0    0    0    0    0    0    1    1    1    0    1    0    0    0    0    1    0    0    
50    0.614364    0.706108    1    0    1    1    1    0    0    0    0    0    0    0    0    0    0    0    1    0    0    1    0    1    1    0    1    1    0    0    1    1    0    0    0    0    1    0    1    0    0    1    1    0    1    1    1    0    0    1    1    0    1    1    0    0    1    1    0    0    1    0    0    0    0    1    0    1    1    1    0    1    0    1    0    1    1    0    0    1    1    1    0    0    1    1    1    0    0    1    0    1    0    1    0    0    1    1    1    0    1    1    1    1    0    0    0    0    1    1    0    0    1    0    0    0    0    1    0    0    1    1    0    1    0    1    1    1    0    0    0    0    0    0    0    1    0    1    0    0    0    1    0    0    0    0    0    0    0    0    1    0    1    0    1    0    0    1    1    1    0    1    0    1    1    0    0    0    0    0    0    0    0    0    0    0    1    0    1    0    1    1    0    1    1    0    0    0    0    0    0    0    1    0    1    1    0    0    0    1    0    0    
50    0.927994    0.606569    0    0    0    0    0    0    0    0    0    0    1    0    0    0    0    0    0    0    0    0    0    1    0    0    0    0    1    0    1    0    0    1    0    0    0    1    0    0    1    0    0    0    0    0    0    0    1    0    0    0    0    1    0    0    0    0    0    0    0    0    0    1    0    0    0    0    0    0    0    0    1    0    0    0    0    0    0    1    0    0    1    0    0    0    0    0    0    0    0    0    0    0    0    0    0    0    0    0    1    0    0    1    0    0    0    0    0    0    0    0    1    0    0    0    0    0    1    0    0    0    1    1    0    0    1    0    0    0    0    0    0    0    1    0    0    0    0    0    0    0    0    0    0    0    0    0    0    0    0    0    0    0    0    0    0    0    0    1    0    0    0    0    0    0    0    0    0    0    1    0    0    0    1    0    0    0    0    1    0    1    0    0    0    1    0    0    0    1    0    0    0    0    0    1    0    0    0    1    0    0    
50    0.0637724    0.608223    0    0    0    0    0    0    0    0    0    0    0    0    0    0    1    0    0    0    0    0    0    0    0    0    0    1    0    0    0    0    0    0    0    1    0    1    0    0    0    1    0    0    0    0    1    0    1    0    0    0    0    0    0    0    0    0    0    0    0    0    0    0    0    0    0    1    0    0    0    0    0    0    0    0    0    0    0    0    0    0    0    0    0    0    0    0    0    0    0    0    1    0    0    0    0    0    0    0    0    0    0    0    0    0    0    0    0    0    0    0    1    0    0    1    0    0    0    0    0    1    0    0    0    0    1    0    1    0    0    1    1    0    0    0    0    0    0    1    0    0    0    1    0    0    0    0    0    0    0    0    1    0    0    0    0    0    0    0    0    0    0    0    0    0    0    0    0    0    1    0    0    0    0    0    0    0    0    0    0    0    0    0    0    0    0    0    1    1    0    0    0    1    0    0    0    0    0    0    0    0    
50    0.580836    0.572212    1    0    0    1    0    1    1    0    0    1    0    1    0    1    1    1    0    0    1    1    0    0    0    0    0    0    0    1    0    0    0    0    0    0    0    1    1    0    0    0    1    0    1    1    1    1    0    1    0    0    1    1    1    0    1    1    0    0    1    1    1    0    0    1    0    0    1    0    1    1    0    1    0    1    0    1    0    1    0    1    0    1    1    0    0    0    0    1    1    1    1    0    1    1    1    1    0    1    1    1    1    0    1    1    0    0    1    0    1    1    0    0    0    1    0    1    1    0    1    0    0    1    1    0    0    0    0    0    1    0    0    0    1    0    0    0    0    1    0    1    1    1    0    0    0    1    0    1    1    1    0    1    1    0    0    0    0    0    1    1    0    0    1    0    1    1    0    1    1    1    0    0    1    0    1    1    1    1    0    0    0    0    1    1    0    1    0    1    0    1    1    1    0    0    0    1    0    0    1    1    
50    0.378299    0.198088    1    0    1    0    0    0    1    0    0    1    0    0    0    1    0    0    1    1    1    0    0    1    0    1    0    1    0    0    0    0    1    0    0    1    0    0    0    0    0    1    0    0    1    0    0    0    1    1    0    0    0    0    0    0    1    0    1    0    0    1    1    0    1    0    0    0    0    0    1    1    0    0    0    0    1    1    0    0    0    0    1    0    0    0    0    0    0    0    1    0    0    1    1    1    0    0    1    1    0    0    0    0    1    0    1    0    1    0    1    0    0    1    0    0    0    0    1    0    1    1    1    0    1    0    0    0    0    1    1    0    0    0    1    1    0    0    1    0    0    0    0    0    0    1    1    1    0    0    0    1    0    1    1    1    0    1    0    0    0    0    0    0    1    0    1    1    1    1    0    0    1    1    1    0    1    1    0    0    0    0    1    0    0    1    0    1    0    0    0    0    1    0    1    1    0    1    1    0    0    0    
50    0.498427    0.175704    0    0    1    0    0    1    0    1    1    0    0    0    0    1    0    0    0    0    1    1    1    0    0    1    0    1    1    0    0    0    0    0    1    1    0    1    0    1    0    1    0    0    1    1    0    0    0    1    1    1    1    1    0    0    0    1    0    0    0    0    1    0    1    1    1    0    0    0    0    0    0    1    0    1    0    1    1    0    1    1    0    1    0    0    0    0    0    1    0    0    1    1    0    1    1    0    1    1    1    1    1    1    0    0    1    0    0    0    0    1    0    0    1    1    1    1    1    0    0    1    1    1    0    1    1    1    1    0    1    0    0    1    0    1    1    0    0    1    0    1    1    1    0    0    1    1    0    0    0    0    0    0    0    0    0    0    0    0    1    1    0    1    0    0    0    0    0    0    1    0    0    1    0    1    1    0    0    0    0    1    0    0    0    1    1    1    0    0    0    1    0    0    0    1    0    1    1    1    1    1    
50    0.741529    0.332817    1    0    0    0    0    1    1    0    1    1    1    1    0    1    0    1    0    0    0    0    0    0    0    0    0    1    0    0    0    1    0    1    0    1    0    0    0    0    0    0    0    1    1    1    0    1    0    0    0    1    1    0    1    0    1    0    0    1    0    0    1    1    1    0    0    1    0    0    0    1    1    0    0    0    0    0    0    0    0    0    0    0    0    0    0    0    0    0    0    1    0    0    0    0    1    1    1    0    0    1    1    0    0    0    1    0    0    0    0    0    1    0    0    0    1    0    0    1    1    0    1    1    0    0    0    0    1    0    0    0    1    1    0    1    0    0    0    0    0    0    0    0    0    1    0    1    0    0    0    0    0    0    0    1    0    1    0    0    1    0    0    0    0    0    0    1    1    0    0    0    0    1    1    1    1    0    0    0    0    1    0    0    0    1    0    1    0    0    0    0    0    0    0    0    0    0    1    1    1    0    
50    0.699369    0.0812451    0    0    0    0    0    0    0    0    0    1    1    0    0    0    0    0    0    0    1    0    0    0    0    0    0    1    1    1    0    0    1    0    0    0    0    0    0    0    0    0    0    0    0    0    1    0    1    1    0    1    0    1    0    0    1    1    0    1    0    0    0    0    1    0    0    0    1    0    1    0    1    1    0    1    1    0    1    0    0    0    0    0    0    1    0    0    0    0    1    0    1    0    0    0    1    0    1    1    1    0    1    1    0    0    1    0    0    0    0    1    0    0    0    0    0    1    0    0    0    0    1    1    0    1    0    1    0    0    0    1    0    0    0    0    0    0    0    0    1    0    0    0    0    0    0    0    0    0    0    0    0    0    1    0    1    1    0    0    0    0    0    1    1    0    0    0    1    0    0    0    0    1    0    0    1    0    0    0    0    1    1    1    0    0    0    0    0    0    0    0    0    0    1    1    1    0    0    0    0    0    
50    0.78509    0.808081    0    0    1    0    0    0    0    0    0    0    0    0    1    0    1    0    1    1    0    0    0    0    0    1    0    0    1    0    0    0    0    1    0    0    1    1    1    0    0    0    0    0    0    1    0    0    0    0    1    0    0    0    0    0    0    1    0    0    0    0    1    0    1    1    1    1    0    1    0    0    0    0    1    0    1    1    0    0    1    0    0    0    1    0    0    0    1    0    0    0    1    1    1    1    0    0    0    0    1    0    0    0    0    0    0    0    0    0    0    1    0    0    0    1    0    1    0    1    0    0    0    1    1    1    0    1    0    0    0    0    1    0    1    1    1    1    0    1    0    0    0    0    0    0    0    0    0    1    0    0    1    0    1    0    0    0    0    1    0    0    1    0    0    0    0    0    0    1    1    1    0    0    1    1    1    0    1    0    1    0    0    0    0    0    0    1    0    0    1    0    0    0    1    0    1    0    0    0    0    0    
50    0.518814    0.138251    1    0    0    1    0    1    0    0    0    1    1    0    1    0    0    0    1    0    0    0    1    0    0    0    0    0    1    0    1    0    0    0    0    1    0    1    0    0    0    0    1    0    0    0    1    0    1    0    0    0    0    1    1    0    0    0    0    0    0    1    0    1    1    0    0    0    1    0    1    1    0    0    1    0    1    0    1    0    0    0    0    1    1    0    0    0    0    0    1    1    0    0    0    0    0    0    0    0    0    0    0    0    0    1    0    1    1    0    1    0    0    1    0    0    0    0    0    0    1    1    0    0    1    0    1    0    1    1    1    0    1    0    0    0    0    1    0    0    0    0    0    1    0    1    0    1    0    1    1    0    0    1    0    0    0    0    0    0    0    1    0    1    0    0    1    0    0    0    0    0    0    0    1    0    0    0    1    1    0    1    0    0    0    0    0    0    0    1    0    1    0    1    1    0    0    1    0    0    0    0    
50    0.369045    0.197855    0    0    1    0    0    0    1    1    0    0    0    0    1    1    0    0    1    1    0    0    1    0    0    0    0    0    1    1    1    0    0    0    1    0    1    1    1    0    0    0    0    0    1    0    0    0    0    1    0    0    0    0    0    0    0    0    1    1    0    0    0    0    0    1    1    0    1    0    1    0    1    0    1    1    1    1    1    1    1    0    0    0    0    1    1    0    0    0    1    0    0    1    0    0    0    0    1    0    0    1    1    0    1    1    1    1    0    1    0    0    0    0    0    0    0    1    0    0    0    1    0    0    1    0    0    0    0    0    0    0    0    0    0    1    0    0    0    0    0    1    0    0    1    0    1    0    1    0    0    0    0    1    0    1    1    0    0    0    0    0    0    0    0    0    0    1    0    0    1    0    0    0    0    0    0    0    0    1    0    0    0    0    1    0    0    0    0    0    0    1    0    0    1    0    1    0    0    1    0    1    
50    0.558234    0.360105    0    0    1    1    0    0    0    0    1    1    1    1    0    0    0    0    1    0    1    0    1    0    0    0    0    0    1    0    0    0    0    1    0    1    1    0    1    0    0    0    0    1    1    1    0    1    0    1    1    0    1    1    0    0    0    1    0    1    0    1    1    0    0    0    0    0    0    0    0    1    1    0    1    0    0    1    0    1    0    0    0    0    1    1    1    0    0    0    0    0    0    1    1    0    1    0    1    1    1    1    0    1    0    0    1    0    0    0    1    0    0    0    0    0    1    0    0    0    0    0    0    0    1    0    0    0    0    1    0    0    1    0    1    1    0    0    0    1    0    0    0    0    1    0    0    0    0    0    0    0    1    0    0    0    1    1    0    0    1    0    0    0    0    0    0    1    1    0    1    1    1    0    1    1    0    1    1    0    0    0    1    1    1    1    0    1    0    1    1    0    1    0    0    0    0    0    0    0    1    0    
50    0.161562    0.254387    0    1    0    1    1    0    0    1    1    1    0    1    0    1    1    0    0    0    0    1    1    0    1    0    1    1    0    0    1    0    1    0    1    0    1    0    0    1    0    1    1    0    0    0    0    0    1    0    0    0    1    1    1    1    1    1    1    1    1    0    0    1    0    1    0    0    0    0    0    1    1    1    0    1    0    0    1    0    1    0    1    0    0    1    0    0    1    1    1    0    1    1    0    0    0    0    1    1    0    1    1    1    0    0    0    1    0    0    1    1    1    0    1    1    0    1    1    0    0    0    0    0    1    0    0    1    1    1    0    1    1    1    1    0    1    0    1    0    0    0    1    0    1    0    0    0    0    1    0    0    0    0    1    0    0    0    1    0    1    1    0    1    0    0    1    1    1    0    1    1    0    0    1    0    0    0    1    0    1    0    1    1    0    0    1    0    1    1    0    0    1    0    0    1    0    0    1    0    1    1    
50    0.380992    0.820721    1    0    0    0    0    0    1    0    0    0    0    0    0    0    0    0    1    0    0    0    1    0    1    1    0    1    0    1    1    0    0    0    1    0    0    0    1    0    0    0    1    0    0    1    1    0    0    0    1    0    0    0    0    0    0    0    0    0    1    0    1    0    0    0    1    0    0    0    1    0    0    0    0    0    0    0    1    0    0    1    0    0    0    0    0    0    0    1    0    0    0    0    0    1    0    0    1    1    0    0    0    1    0    0    1    0    0    0    0    1    0    0    0    0    0    0    0    1    0    0    0    1    0    0    0    0    0    1    0    0    0    1    0    0    1    0    0    1    0    0    1    0    0    0    0    0    0    0    0    1    0    0    1    0    0    0    0    0    0    0    0    0    0    0    0    1    0    1    0    1    0    1    0    0    0    0    0    1    1    0    0    1    0    0    0    0    1    0    0    1    1    0    0    1    0    1    1    0    0    0    
50    0.0140222    0.989979    1    0    0    0    0    0    1    0    1    0    1    1    0    0    0    0    1    0    0    0    0    0    1    0    0    0    0    0    0    0    0    1    1    0    0    1    1    0    0    0    0    0    0    0    0    0    0    0    0    0    0    1    1    0    0    0    1    0    0    1    1    0    1    0    0    0    1    0    0    0    1    0    0    1    0    1    0    1    0    0    0    0    0    0    0    1    0    0    1    0    1    0    0    1    0    0    0    0    0    1    0    0    1    0    1    0    1    0    0    1    1    0    0    0    0    0    1    0    0    0    0    0    0    0    0    1    0    1    1    1    0    1    1    0    0    1    0    0    1    0    0    1    0    0    0    0    0    0    1    0    0    0    0    0    0    0    0    0    0    0    0    0    0    0    0    0    0    0    0    0    0    0    0    0    0    0    0    0    1    1    0    0    0    0    1    0    0    1    0    0    0    0    0    0    0    0    0    0    0    1    
50    0.0464031    0.0652221    0    1    0    0    1    0    1    0    0    1    1    0    0    1    1    0    1    1    0    0    0    0    0    0    0    0    1    0    0    0    0    1    1    1    1    1    0    0    0    1    0    0    1    0    0    0    0    0    1    0    0    0    0    0    0    0    0    0    0    1    1    0    1    0    1    1    0    0    1    0    1    0    1    0    0    1    0    0    0    0    0    0    1    0    0    1    0    0    0    0    0    0    0    1    1    1    0    1    0    1    0    0    1    0    0    0    0    0    1    1    1    1    1    0    0    1    0    1    0    0    1    0    1    1    0    0    0    0    1    1    0    1    1    0    1    0    1    1    0    0    0    0    0    0    0    1    0    0    0    0    1    1    0    0    0    1    1    0    0    0    1    0    1    0    1    0    0    1    1    0    1    0    0    1    0    0    0    0    0    1    0    0    1    1    0    0    0    0    0    0    0    0    0    0    0    0    1    1    0    0    
50    0.986868    0.517314    0    0    0    0    0    0    0    0    0    1    0    0    0    0    0    0    0    0    0    0    0    1    0    0    0    0    0    0    0    0    0    0    0    0    0    0    0    0    0    1    0    0    0    1    0    0    1    0    1    1    0    0    0    0    0    0    0    1    0    0    1    1    0    0    1    0    0    0    0    1    0    0    0    1    0    0    0    0    0    0    0    0    0    0    0    0    0    0    0    0    1    1    0    1    0    0    0    0    0    0    1    0    0    1    0    0    0    0    0    1    0    1    0    0    1    0    0    0    0    0    0    0    0    0    1    1    1    0    0    0    1    0    0    0    0    1    0    0    0    1    0    1    0    0    0    0    0    0    0    0    1    0    0    0    0    0    1    1    0    0    0    0    0    0    0    0    0    0    0    0    0    0    0    0    0    1    0    1    1    0    0    0    0    0    0    0    0    0    0    0    0    0    0    0    0    1    1    0    0    0    
50    0.205651    0.256642    1    0    0    0    1    0    1    1    1    0    1    0    1    0    1    0    0    1    0    1    1    1    0    0    0    0    1    1    0    0    1    0    0    1    0    1    1    0    0    0    0    1    1    0    0    0    0    1    0    1    1    0    0    0    1    0    0    1    1    1    0    1    0    1    0    1    0    0    0    0    1    0    1    1    1    1    0    0    0    0    1    1    0    0    1    0    0    0    1    0    1    0    0    0    1    0    1    1    0    1    1    0    0    1    1    1    0    0    1    1    1    0    1    0    0    1    1    0    1    1    0    0    0    0    1    1    1    0    1    0    0    1    1    1    1    0    0    0    0    0    1    0    0    1    0    1    0    1    0    0    0    0    0    0    1    1    0    0    1    0    1    0    0    0    0    1    0    1    0    0    0    1    0    0    0    1    0    0    0    0    0    0    1    1    1    0    0    1    0    0    0    0    0    0    0    1    1    0    0    0    
50    0.629647    0.581071    1    0    0    0    0    1    1    1    0    1    1    0    1    0    0    0    1    0    0    1    0    0    0    1    0    0    1    1    0    0    0    0    1    0    0    0    1    0    0    1    0    0    0    1    0    0    0    1    0    0    0    0    0    0    1    1    1    1    1    0    0    0    0    0    0    0    1    0    1    1    0    1    0    1    0    0    0    0    1    0    0    1    0    0    0    0    0    1    1    1    0    1    0    0    1    1    1    1    0    1    1    0    0    1    0    0    0    0    0    1    0    0    1    1    1    0    0    0    0    0    1    0    1    0    0    1    0    0    0    0    0    1    0    0    0    0    1    0    0    0    1    0    1    1    1    0    1    0    1    0    0    0    0    1    0    0    0    0    1    0    0    0    0    1    0    1    1    0    0    0    0    1    1    0    1    0    0    0    0    1    0    0    0    0    1    0    1    0    1    0    0    1    0    1    1    0    1    0    0    1    
50    0.592985    0.163414    1    0    0    0    0    1    0    0    0    0    0    0    0    0    0    0    0    0    0    1    0    0    1    1    0    0    0    1    0    0    0    0    1    0    1    1    0    0    1    0    0    1    1    1    1    0    0    0    0    1    0    1    0    0    1    0    0    0    0    0    0    0    1    0    0    0    1    0    0    0    0    0    1    1    0    1    0    0    0    0    0    0    0    1    1    0    1    0    0    1    1    1    0    1    0    1    0    0    0    0    0    1    1    0    0    0    0    0    0    1    1    0    0    1    1    0    0    0    0    1    0    0    0    0    0    1    1    0    0    0    1    0    1    0    0    0    0    0    1    1    1    1    0    1    0    1    1    0    0    0    1    1    0    0    1    0    0    0    1    0    0    0    0    1    0    1    0    1    0    1    1    0    0    1    0    0    1    0    1    1    0    1    1    0    0    0    1    0    0    1    0    1    1    1    0    0    1    0    0    1    
50    0.384646    0.00618296    1    0    0    0    0    0    0    0    1    0    0    0    0    0    1    0    0    1    0    1    0    0    0    1    0    0    1    1    0    0    0    0    0    1    1    1    1    0    0    0    0    0    0    0    0    0    0    0    0    0    0    0    0    0    0    0    0    0    0    0    0    0    0    1    0    0    0    0    1    0    0    0    1    0    0    0    1    0    0    0    0    1    0    0    1    0    0    0    0    0    0    0    0    1    0    0    0    0    1    1    0    0    0    1    0    0    0    0    0    1    1    0    0    0    0    0    1    1    1    0    0    1    0    1    0    0    0    0    0    0    0    0    1    1    1    1    1    0    0    0    0    0    0    0    0    0    0    0    0    0    1    0    0    0    0    0    1    1    0    1    0    0    0    1    1    0    0    0    0    0    0    1    0    0    0    0    0    0    0    1    1    0    0    1    0    0    0    0    1    0    0    1    0    0    1    1    0    0    0    1    
50    0.418029    0.326675    1    0    0    0    0    0    1    0    1    0    0    0    1    1    0    1    0    1    1    0    1    1    0    0    0    1    0    1    0    0    1    0    1    1    0    0    1    0    1    0    1    1    0    0    0    0    0    0    1    1    1    0    0    0    1    1    1    1    1    0    0    1    0    1    0    0    0    0    0    0    1    1    0    0    0    0    1    0    1    0    1    1    1    0    0    0    0    1    0    0    0    1    0    1    0    0    1    0    0    1    1    0    0    1    0    1    1    1    1    0    0    0    1    1    1    0    0    1    1    1    0    1    0    0    0    1    1    1    0    0    0    1    0    0    1    0    0    0    1    0    0    1    0    0    1    0    0    0    1    0    0    0    1    1    0    0    0    0    1    0    0    0    1    1    1    0    0    0    0    1    1    1    0    0    1    1    1    1    0    0    1    1    0    0    0    0    0    0    0    0    0    1    0    1    0    0    1    0    1    0    
50    0.787482    0.127937    0    0    0    0    0    0    0    0    0    0    1    0    0    0    0    0    0    0    0    0    0    0    1    0    0    0    0    0    0    0    0    0    0    0    0    1    0    1    1    0    0    1    0    0    0    0    0    0    0    0    1    0    0    0    0    1    0    1    0    0    0    0    0    0    0    0    1    0    0    0    0    0    0    0    1    0    0    0    0    0    0    1    0    0    0    0    1    0    0    0    0    0    0    0    1    0    0    0    0    1    0    0    0    0    0    0    0    1    0    0    1    0    0    0    0    1    0    0    0    0    0    1    0    1    0    1    0    0    0    0    0    0    0    0    0    0    0    0    0    1    0    0    0    1    0    0    0    0    0    0    0    0    1    1    0    0    1    0    1    0    0    0    0    0    0    0    0    0    0    0    0    0    0    0    1    0    0    0    0    0    0    0    0    0    0    0    0    0    0    0    0    1    1    0    1    0    0    0    0    0    
50    0.559411    0.449528    0    0    1    0    0    0    0    0    0    1    1    0    1    0    1    1    0    1    0    0    1    1    1    1    0    0    1    0    0    0    0    1    0    1    1    0    1    1    0    1    1    0    0    0    1    0    0    0    1    0    1    1    0    0    1    1    1    0    1    0    1    0    0    1    1    0    0    0    1    0    0    0    1    1    1    0    1    0    1    0    0    0    1    0    1    1    0    1    1    0    1    1    0    1    0    1    1    0    0    1    1    0    0    0    0    1    0    0    1    1    0    1    1    1    0    1    0    0    0    0    0    1    1    1    1    0    0    1    1    0    0    1    1    0    1    0    1    1    0    1    1    0    0    0    0    1    0    0    1    0    1    1    1    1    0    0    0    1    0    1    0    0    0    0    0    0    0    0    0    0    1    0    1    0    0    0    0    0    0    0    1    1    0    1    1    0    0    0    1    1    1    0    1    0    0    0    0    0    0    0    
50    0.682408    0.0401895    0    0    0    1    0    0    0    0    1    1    0    0    0    0    0    0    1    0    0    1    0    0    0    1    0    1    0    0    0    0    0    0    0    0    0    0    0    0    1    0    1    0    1    1    1    1    1    1    0    1    1    0    0    0    0    0    0    0    0    0    0    0    1    0    0    0    1    0    1    0    0    1    0    0    0    1    1    0    0    0    1    1    0    0    0    0    1    0    0    0    1    0    0    1    1    0    1    0    0    1    0    0    0    1    0    0    1    0    1    1    1    0    0    1    1    1    0    0    1    0    0    0    0    0    0    0    0    0    1    0    0    0    1    1    0    0    0    1    0    1    0    1    0    0    1    1    1    1    1    0    0    0    0    0    0    0    0    1    1    0    0    0    0    0    0    0    1    0    0    1    0    1    1    0    0    0    1    0    0    0    1    1    0    0    0    1    0    1    0    0    1    1    0    1    0    0    1    0    0    1    
50    0.441386    0.814868    1    0    0    0    1    0    0    1    0    1    0    0    0    1    0    0    0    1    0    1    1    1    0    1    0    0    0    0    0    0    0    0    1    0    0    0    1    0    0    0    1    0    0    1    0    0    1    0    0    0    0    1    0    0    0    0    0    0    1    1    1    0    0    1    0    0    0    1    1    0    0    0    1    1    0    0    1    0    0    1    0    0    1    0    0    0    1    0    1    0    1    1    0    0    1    0    1    1    1    0    0    0    0    1    1    0    0    0    0    0    0    1    1    0    0    0    0    0    0    0    0    1    1    1    0    0    0    0    0    1    1    0    0    0    0    1    1    0    0    1    0    0    0    1    1    0    0    0    0    0    0    1    0    1    0    1    0    0    0    0    1    1    0    1    0    1    0    1    0    0    0    1    0    0    1    0    0    0    0    0    1    0    1    0    0    1    1    0    1    0    1    0    1    1    0    0    0    0    0    1    
50    0.700638    0.920797    1    0    0    0    1    1    0    0    1    0    0    0    0    1    0    0    0    1    0    1    0    0    0    0    0    0    0    1    0    1    0    1    0    0    0    0    1    0    0    0    0    0    0    0    1    1    0    1    0    0    1    1    0    1    0    0    1    0    0    0    0    0    0    0    0    0    0    0    0    0    0    0    0    0    1    0    0    0    0    1    0    0    0    0    0    0    1    0    0    0    1    1    1    1    1    0    0    0    0    0    1    0    0    0    1    0    0    0    0    1    0    1    0    0    0    0    0    0    1    1    0    1    0    0    0    0    1    0    0    0    0    0    0    1    0    0    0    1    0    0    1    0    0    0    0    0    0    1    0    0    0    1    0    1    0    0    0    0    0    0    0    0    0    1    0    0    0    0    0    0    0    1    0    0    1    1    1    1    0    1    0    0    1    0    1    0    1    0    1    0    0    1    1    0    0    0    1    0    0    0    
50    0.650142    0.869063    0    0    0    0    1    0    0    0    1    0    0    0    0    0    1    1    1    0    1    1    0    0    1    0    1    0    1    0    0    1    0    1    0    0    0    0    0    0    1    1    1    0    0    0    0    1    1    0    0    1    1    1    0    0    0    1    0    0    0    0    1    0    1    0    1    0    0    0    0    0    0    1    0    0    1    1    0    1    1    1    0    0    0    0    0    0    1    1    1    0    0    1    0    0    1    0    0    0    0    0    0    0    1    0    0    0    0    0    0    0    0    0    1    1    0    1    1    0    0    0    1    1    1    0    0    1    1    0    0    0    0    1    0    1    0    0    0    0    1    0    0    0    0    0    0    0    0    0    0    0    0    0    0    0    0    1    0    1    0    0    0    0    0    0    0    0    1    0    1    0    1    1    1    0    0    1    1    0    0    0    0    1    0    0    1    1    1    1    0    1    0    1    0    1    0    0    0    1    1    0    
50    0.365999    0.754053    1    1    0    0    1    0    0    0    0    0    0    1    1    0    0    0    0    1    0    0    0    0    1    0    0    0    0    0    1    0    0    1    1    0    0    1    1    0    0    0    0    1    0    0    0    0    0    0    1    0    0    0    0    0    0    1    0    1    1    0    1    1    0    1    0    0    0    0    1    1    0    1    0    0    1    0    0    0    1    0    0    0    0    1    0    0    0    1    0    1    1    1    1    0    1    1    0    1    0    0    0    1    1    0    1    0    0    1    0    0    0    0    0    1    1    1    1    0    1    0    1    0    1    1    0    0    1    1    0    0    1    1    0    0    0    1    1    0    0    1    1    0    1    0    0    0    0    0    0    1    0    0    1    1    0    1    1    0    0    0    0    0    1    0    0    0    0    1    1    0    1    0    0    1    0    0    1    0    1    1    0    0    1    1    1    0    0    0    0    1    0    0    1    0    0    0    0    0    1    0    
50    0.806928    0.792621    1    1    0    0    1    0    1    0    0    0    0    0    0    0    0    0    0    0    1    0    0    0    0    0    0    0    0    0    0    1    0    0    0    0    0    0    1    1    1    0    0    0    1    0    1    0    1    0    1    0    1    1    0    0    0    1    1    0    0    0    0    0    1    0    0    0    0    1    0    1    0    0    1    0    1    0    0    0    0    0    0    0    0    0    0    0    1    0    0    1    0    0    1    1    0    0    0    1    0    0    0    0    0    1    1    1    0    0    1    0    0    1    0    0    1    0    1    0    1    0    0    0    1    0    0    0    1    0    0    0    0    1    1    0    0    0    1    0    1    0    0    1    0    1    1    1    0    0    0    0    0    0    0    0    1    0    0    1    1    0    1    0    0    1    0    1    0    0    1    0    1    0    0    0    0    0    0    1    0    0    0    0    0    0    0    0    0    0    0    0    0    1    1    0    0    1    1    0    1    0    
50    0.384209    0.523548    1    0    0    0    1    0    1    1    1    1    1    1    0    0    0    1    1    1    0    0    1    1    1    1    1    1    1    0    0    1    0    1    0    1    0    0    1    1    0    1    0    0    1    1    0    0    0    0    1    0    0    0    0    0    0    0    0    0    0    1    1    1    0    1    0    1    0    0    0    0    1    1    0    1    0    0    0    1    1    1    0    1    1    0    0    0    0    0    1    0    1    1    1    0    1    1    1    0    0    0    0    0    0    1    1    0    0    0    0    0    0    1    0    1    0    1    0    0    0    1    0    1    0    0    0    1    0    0    1    0    0    0    1    0    1    0    1    1    1    0    0    1    0    0    0    0    0    0    1    0    0    1    0    0    0    1    1    0    0    1    0    1    0    1    0    1    1    0    1    1    1    0    0    0    0    1    0    0    0    0    1    0    0    0    0    0    0    1    0    1    0    0    0    0    1    1    0    0    0    0    
50    0.60395    0.56788    0    1    1    0    0    1    1    1    1    1    0    0    1    1    1    0    1    1    1    0    0    0    0    1    0    1    1    1    0    1    0    1    1    0    1    1    1    0    0    0    1    0    0    1    0    1    0    1    1    1    1    0    0    0    1    1    1    0    0    1    1    1    0    1    0    0    0    0    1    1    0    1    1    1    0    0    0    1    1    1    0    1    1    0    1    0    0    1    1    0    1    0    1    1    0    1    0    1    0    1    1    0    1    1    1    1    0    1    0    0    1    1    1    1    1    0    1    0    0    1    0    0    1    0    1    0    0    1    0    1    1    0    0    1    1    0    0    1    0    0    0    1    0    1    1    0    0    1    0    0    1    1    1    0    0    0    0    0    0    1    1    1    0    0    0    1    0    0    0    1    0    1    0    0    1    1    0    0    0    0    1    0    0    1    0    1    0    0    0    1    1    1    1    0    1    1    1    1    1    0    
50    0.259937    0.910872    0    0    0    0    0    0    0    0    0    1    1    0    0    0    0    0    0    0    0    0    0    0    1    1    0    0    0    0    0    0    0    0    0    0    0    0    0    0    0    0    1    0    0    0    0    0    1    0    0    0    0    0    0    0    0    0    0    0    0    0    0    0    0    0    0    0    0    0    0    0    0    1    0    0    0    0    0    0    1    0    1    0    0    0    0    1    0    1    0    0    0    0    1    0    0    1    0    0    1    0    0    1    0    0    0    0    1    0    0    0    0    1    1    0    0    0    1    0    0    0    1    0    0    0    0    0    0    0    0    0    0    0    0    1    0    1    0    0    0    1    0    0    1    0    0    0    1    0    0    0    0    1    0    0    0    0    0    0    0    0    0    1    0    1    0    0    0    0    0    0    1    0    0    0    0    0    0    0    0    0    1    0    0    1    1    0    0    0    0    0    0    0    0    0    0    0    0    0    0    0    
50    0.543109    0.498101    1    0    0    1    0    0    1    1    1    1    0    0    1    0    0    1    1    0    1    0    0    1    1    0    0    0    1    1    0    1    0    1    0    0    0    0    1    0    1    1    0    1    0    1    0    0    0    0    1    1    0    1    0    0    1    1    1    0    0    1    0    1    1    1    0    1    0    0    0    1    1    1    0    1    1    0    0    1    0    1    1    1    1    0    0    0    0    1    0    0    0    1    1    0    1    0    1    1    0    0    0    1    1    0    0    0    1    1    1    0    0    1    1    0    0    0    0    1    0    1    0    0    0    0    1    1    0    1    0    0    0    1    0    1    1    0    0    1    1    0    1    1    0    0    1    0    0    0    1    0    1    1    0    0    0    0    1    1    0    0    1    0    1    0    0    1    0    1    0    0    0    1    0    1    1    1    0    0    0    1    0    0    1    1    0    1    1    0    0    1    0    0    1    0    0    0    0    1    0    0    
50    0.414365    0.699386    0    0    0    0    0    0    0    1    1    1    0    0    1    0    0    0    1    0    0    0    0    1    1    1    0    0    0    0    0    0    0    0    1    0    0    0    1    0    0    0    1    0    1    0    0    0    0    1    1    0    0    0    1    0    0    0    1    1    0    0    1    0    0    0    1    0    0    0    1    1    0    0    0    1    1    0    1    1    0    0    0    0    1    0    0    0    0    0    0    0    1    0    0    1    0    0    1    0    0    0    1    0    0    0    0    0    0    0    1    0    1    1    0    0    0    0    0    0    1    0    1    1    0    0    1    1    0    1    0    0    1    0    1    0    0    1    0    0    0    1    1    0    1    0    1    0    0    0    0    0    0    1    0    1    0    1    0    0    0    0    1    0    0    1    0    1    0    0    0    0    0    1    0    0    0    1    0    1    0    0    1    1    0    0    0    1    0    0    1    1    0    0    1    1    1    0    1    0    0    0    
50    0.536154    0.483858    1    0    0    1    1    1    1    0    1    0    0    1    0    0    0    0    1    0    1    1    0    0    1    0    0    0    1    1    1    0    0    1    0    1    1    0    1    0    1    0    0    0    0    1    0    0    0    1    1    1    0    1    0    0    0    0    0    0    0    0    0    1    1    0    0    0    0    0    0    0    1    1    1    1    1    1    0    1    1    1    0    0    0    0    1    0    0    1    0    0    0    0    1    1    1    0    1    1    1    0    1    0    1    0    0    1    0    1    1    0    0    0    1    1    1    1    1    1    1    0    0    1    1    0    0    0    1    0    0    0    0    0    1    1    0    1    0    1    0    1    1    1    0    0    1    1    1    1    1    1    1    0    1    0    1    0    1    1    0    0    1    0    0    1    0    0    1    1    0    1    0    0    1    1    0    0    0    0    1    0    0    1    1    0    1    1    1    1    0    0    0    0    1    1    0    0    0    0    0    1    
50    0.0892581    0.282588    0    0    1    0    0    0    0    0    1    0    0    0    1    0    0    0    1    1    0    1    0    1    1    0    0    1    0    0    0    0    1    0    0    1    1    0    0    1    0    1    1    0    1    1    0    0    1    1    1    0    1    0    1    0    1    0    1    0    0    0    1    1    0    1    1    1    0    0    0    1    0    1    1    0    1    1    1    0    0    1    1    1    1    0    1    0    1    1    1    0    0    0    1    0    1    0    1    0    0    0    0    0    0    1    1    0    0    0    0    0    0    0    0    1    0    0    1    0    0    1    0    0    1    1    1    0    1    0    0    0    0    1    0    0    1    1    1    1    0    1    0    0    0    0    0    1    1    0    0    0    0    0    1    1    0    1    0    1    1    1    1    1    1    1    0    1    0    0    0    0    0    0    1    0    0    1    1    1    1    0    1    0    1    1    0    0    1    0    0    1    0    1    1    0    1    1    0    1    0    0    
50    0.989184    0.247019    0    1    0    0    0    0    1    1    1    0    0    0    1    0    0    0    1    0    0    0    0    1    1    0    0    1    1    0    0    0    1    1    0    1    0    1    1    0    0    0    0    1    1    0    1    0    0    0    0    0    0    0    0    0    0    0    1    1    0    0    1    0    1    0    1    0    0    1    0    0    0    0    1    0    1    0    0    0    0    1    0    0    1    1    1    0    0    1    0    1    1    0    1    1    0    1    0    0    0    0    1    1    0    0    1    0    1    1    0    0    0    0    0    0    0    0    1    1    1    1    0    1    0    1    0    1    0    0    1    0    1    0    0    0    1    1    0    1    0    0    0    0    0    0    0    0    0    1    0    0    0    0    0    0    0    0    0    0    0    1    0    0    0    0    1    1    1    1    1    0    0    1    1    1    0    1    1    1    0    0    0    1    1    0    0    0    0    0    0    0    0    1    0    0    1    1    0    1    1    0    
50    0.95503    0.706451    0    0    0    0    0    0    0    1    0    0    1    0    0    0    1    1    0    0    0    0    0    0    0    0    0    0    1    0    0    1    0    0    0    1    0    0    0    0    0    0    0    0    1    1    0    0    0    0    1    0    0    0    0    0    0    0    0    1    0    0    0    1    0    0    1    0    0    0    0    0    1    1    1    0    0    0    0    0    0    0    1    0    0    0    1    0    0    0    0    1    0    0    0    1    0    0    0    0    1    0    1    0    0    0    0    0    0    0    0    0    0    1    0    0    0    0    1    0    0    0    1    0    1    0    0    0    0    0    1    0    0    0    1    0    0    0    0    1    1    1    0    0    1    0    0    0    0    0    0    0    1    1    0    0    0    0    0    0    0    1    1    0    0    0    0    0    0    0    1    0    0    0    1    0    1    0    0    0    0    0    0    1    0    1    0    0    1    0    0    1    0    0    0    0    0    0    0    0    0    1    
50    0.632313    0.637802    1    0    1    0    0    1    1    1    1    0    1    0    0    0    0    1    0    1    0    1    1    0    0    1    0    1    1    1    1    1    0    0    0    0    0    1    1    0    0    0    1    1    0    1    0    1    0    0    0    1    0    1    0    0    0    1    1    0    0    0    1    1    1    1    0    0    1    1    1    1    0    1    1    1    1    0    1    1    0    0    0    1    0    0    0    0    1    1    1    1    1    1    1    1    0    1    0    0    0    1    0    1    1    0    1    1    0    0    0    0    1    0    1    0    1    0    1    0    1    0    1    1    0    1    1    1    1    1    1    0    1    0    1    1    0    0    0    0    0    1    0    1    1    0    0    1    0    0    1    0    1    0    0    0    0    1    0    1    0    0    0    0    0    0    0    1    1    1    0    1    0    1    0    0    1    0    0    1    1    1    1    1    0    1    0    0    1    0    1    0    1    1    0    0    0    0    0    0    1    0    
50    0.195478    0.361874    0    1    1    1    1    0    0    1    0    0    1    0    1    0    0    0    0    0    0    1    1    1    1    0    0    0    0    0    1    0    1    0    0    1    0    1    0    1    0    1    0    0    1    1    0    0    0    1    1    0    0    1    0    1    1    1    0    1    0    1    0    0    1    0    1    0    0    0    0    0    1    0    0    1    1    0    0    0    0    0    0    0    1    0    0    0    1    1    0    1    1    0    0    0    1    1    0    0    0    0    1    1    0    1    0    1    0    0    1    0    0    0    0    1    0    0    1    1    1    0    1    0    0    1    0    0    1    1    0    0    0    0    0    1    0    0    1    1    1    0    0    1    0    1    1    0    1    1    0    0    0    0    1    0    0    1    1    0    0    1    0    0    1    0    1    1    0    1    1    0    1    0    0    1    0    1    0    0    1    0    0    1    0    0    0    0    0    1    1    0    0    0    0    0    0    0    0    0    1    0    
50    0.983405    0.0101903    1    0    1    0    1    0    0    0    0    0    1    1    0    0    0    0    0    1    0    0    1    0    0    1    0    0    0    0    0    0    0    0    1    0    0    0    1    0    0    0    0    0    0    0    0    0    0    0    0    0    0    1    0    0    0    0    0    1    0    1    1    0    0    0    1    0    1    0    1    0    1    0    0    0    0    0    1    1    0    0    0    0    0    0    0    1    1    1    1    0    0    0    0    1    0    0    1    1    0    1    1    1    0    0    1    1    0    0    0    0    0    0    1    0    0    0    0    0    0    0    0    0    0    0    0    0    0    0    0    1    0    1    0    0    1    0    0    0    1    0    0    0    0    0    0    0    0    0    1    0    0    0    0    1    1    0    0    0    0    0    0    0    0    0    0    0    0    1    0    0    0    0    0    0    0    0    0    0    0    1    0    0    0    0    1    0    0    0    0    0    1    1    0    0    1    0    0    0    0    0    
50    0.1604    0.0904442    0    1    0    0    1    0    0    1    0    0    0    0    0    0    1    0    0    1    0    0    0    0    1    0    0    1    0    1    0    0    0    0    1    1    0    0    1    0    0    0    0    0    1    0    0    0    0    0    1    0    1    0    0    0    0    0    0    0    0    1    1    0    1    0    0    1    0    0    1    0    1    1    1    1    0    0    0    1    0    0    0    0    1    0    1    1    1    0    1    0    0    1    0    1    1    0    0    0    0    1    1    0    0    0    0    0    1    0    1    0    0    0    0    0    0    0    0    0    1    0    1    0    0    0    0    0    0    1    0    1    0    1    1    0    0    1    0    0    1    0    0    1    0    0    0    1    0    1    0    0    0    0    0    1    0    0    1    1    0    1    1    0    0    0    1    0    0    0    0    0    1    0    0    0    0    0    0    0    0    0    0    0    0    0    1    0    0    0    0    1    1    1    0    0    0    1    0    0    0    0    
50    0.38414    0.312478    0    0    0    0    0    0    0    1    0    1    0    0    0    1    0    0    0    0    0    0    0    0    0    0    0    0    0    0    0    0    1    0    0    1    1    1    1    0    1    0    0    0    0    0    0    0    0    0    0    1    1    1    0    0    1    0    1    1    0    0    0    0    0    0    0    1    0    1    0    1    1    0    1    1    0    0    0    0    0    0    1    0    0    0    0    1    0    1    0    0    0    1    0    1    1    1    1    1    0    1    0    1    0    1    0    0    0    1    0    0    1    0    0    0    0    1    0    0    0    1    1    1    0    1    1    1    0    1    0    1    0    1    0    1    0    1    0    0    1    0    0    1    1    0    0    1    1    1    1    1    1    0    0    0    1    1    0    0    1    1    0    0    0    0    1    1    0    0    0    0    0    1    0    0    1    0    0    0    1    0    1    1    0    0    0    0    0    0    0    0    1    1    0    1    0    0    0    1    0    0    
50    0.890066    0.810305    1    1    0    0    0    1    0    1    0    0    1    0    1    0    0    0    0    1    0    0    1    1    0    0    0    1    0    0    0    1    0    0    0    1    0    1    0    0    1    0    0    0    0    0    0    0    0    1    0    0    0    0    0    0    0    0    1    0    0    0    1    0    1    0    0    0    0    1    0    1    0    1    1    0    1    0    1    1    1    0    0    1    1    0    0    0    1    0    0    0    1    1    1    0    1    0    0    0    0    0    1    0    0    0    0    0    1    0    0    1    1    0    0    0    1    0    0    0    0    0    1    0    0    0    0    1    1    0    0    0    0    1    0    0    1    1    1    0    0    0    0    0    1    1    1    0    0    1    0    0    0    0    1    0    0    0    0    1    0    0    1    1    0    0    0    0    1    1    1    0    1    0    0    1    0    0    0    0    0    1    0    0    0    0    0    0    0    0    1    0    1    0    0    1    0    0    0    1    0    0    
50    0.623373    0.957375    0    0    0    0    0    0    1    0    0    0    1    0    0    0    0    0    1    0    0    0    0    1    0    1    0    1    1    0    0    0    0    0    0    0    0    0    0    0    0    0    0    0    1    0    0    0    0    1    0    0    1    0    0    0    0    0    0    0    0    0    0    0    1    0    0    0    1    0    1    0    0    1    0    0    0    0    1    0    1    0    0    0    0    0    0    0    1    0    0    0    1    0    0    1    1    0    0    1    0    1    1    0    1    0    0    1    0    0    0    0    0    0    0    1    1    0    0    0    0    1    0    1    1    0    0    0    1    0    0    0    1    1    0    0    0    0    0    0    0    1    0    1    0    1    0    0    0    0    0    0    0    0    0    0    0    0    0    0    1    0    0    0    0    0    0    0    0    0    0    0    1    0    0    0    0    0    0    0    0    0    0    0    1    0    1    0    0    0    1    0    0    0    0    0    0    0    0    0    1    0    
50    0.740798    0.179901    0    0    0    0    1    0    0    0    1    0    1    0    0    0    0    0    1    0    1    0    1    0    0    0    0    0    0    1    0    1    0    0    0    0    0    0    0    1    0    0    0    0    0    1    0    1    0    0    0    0    0    1    0    0    0    1    0    1    0    0    0    1    1    0    0    0    0    0    0    0    0    0    0    1    0    1    0    0    0    0    0    1    0    1    0    0    1    0    1    0    1    1    0    0    0    0    0    0    0    1    0    0    0    0    0    1    0    0    1    0    0    0    0    1    0    0    0    1    1    1    1    0    0    1    0    0    1    0    0    1    1    1    0    0    0    0    0    1    0    0    1    0    1    0    1    1    1    0    0    0    0    1    0    0    0    0    1    0    1    0    0    0    1    0    0    0    1    1    1    0    0    0    0    0    0    0    0    1    1    1    0    1    0    0    0    1    0    0    0    1    1    0    0    0    0    0    0    0    0    0    
50    0.776287    0.399878    1    0    0    0    1    1    0    0    1    0    0    0    1    1    0    0    0    1    0    1    0    0    0    0    0    0    1    0    0    0    0    1    0    0    0    0    0    0    0    0    0    1    0    0    1    0    0    0    1    1    0    1    1    0    0    0    0    0    0    0    0    0    0    0    0    1    1    0    0    1    0    0    0    0    0    0    0    1    0    0    0    0    0    0    1    0    0    0    0    0    1    0    0    0    1    0    0    0    0    0    1    0    0    0    1    1    0    1    0    0    1    0    0    1    0    0    0    0    0    0    0    0    0    0    1    0    0    0    0    0    1    0    0    0    0    1    0    1    1    0    0    1    0    0    0    0    0    1    0    0    0    0    0    1    0    1    1    1    1    0    0    0    0    0    0    1    0    1    0    0    1    0    0    0    0    1    0    0    0    1    1    1    1    0    0    0    1    0    0    1    1    0    0    1    1    0    1    0    0    1    
50    0.889125    0.925009    1    0    0    0    0    0    0    0    1    0    0    1    1    0    0    0    0    0    0    0    0    1    0    0    0    0    1    0    0    1    0    0    0    0    1    0    1    0    1    0    0    0    0    0    0    0    0    0    1    1    0    0    0    0    0    0    1    0    0    0    0    0    1    0    0    0    0    1    0    0    0    0    0    0    1    0    1    1    0    0    1    0    1    1    0    0    1    0    0    0    1    0    1    0    1    0    1    1    0    1    1    0    0    1    1    1    1    0    1    0    0    1    0    0    1    0    0    0    0    0    0    1    0    0    0    0    0    1    1    0    0    1    0    0    0    0    1    1    0    0    0    0    1    1    0    0    0    1    1    0    0    1    1    0    1    0    0    0    0    0    0    0    0    0    0    0    0    1    1    0    1    0    0    0    0    0    0    0    0    0    0    0    0    1    0    1    0    0    0    0    1    1    0    0    0    1    0    0    0    0    
50    0.667274    0.455545    1    0    0    0    0    0    1    1    0    1    0    1    1    1    1    0    1    1    1    1    0    0    1    0    0    0    1    1    1    1    0    0    0    1    0    1    1    0    0    1    0    1    0    1    0    1    0    1    1    1    1    1    1    0    0    1    1    1    1    0    1    0    1    1    1    0    0    0    1    0    0    1    1    0    0    0    0    0    0    1    0    1    1    0    0    0    0    0    0    1    0    1    1    1    1    1    1    0    1    1    1    1    1    1    0    1    0    0    0    1    1    0    0    0    0    0    0    1    1    0    0    0    0    1    0    0    1    0    1    1    1    0    0    0    1    1    0    1    1    0    0    1    1    1    1    1    0    0    0    1    1    0    0    0    0    0    0    1    1    1    0    1    1    0    0    1    0    1    1    0    1    1    0    0    1    0    0    1    0    0    1    0    0    0    1    0    1    0    0    1    1    0    0    0    1    0    1    0    0    0    
50    0.194138    0.413524    0    0    1    1    0    0    0    0    0    1    0    1    0    0    0    0    0    1    0    0    1    0    0    0    0    1    0    0    1    0    1    0    0    0    1    0    1    0    0    1    0    1    0    0    0    0    1    0    0    1    0    1    1    0    0    0    1    0    0    0    0    0    0    1    0    0    0    0    1    0    1    1    1    0    1    1    1    0    0    1    0    0    0    0    0    0    0    1    0    0    1    0    0    0    1    1    0    0    0    0    1    0    0    0    0    1    0    0    0    1    1    1    1    1    0    1    0    0    0    0    1    0    0    0    0    1    0    1    1    0    0    0    0    0    1    0    0    0    1    0    1    0    0    1    0    0    0    1    1    1    0    0    0    0    0    1    0    0    0    0    0    1    0    1    1    0    1    0    0    0    1    1    0    1    1    0    0    0    1    0    0    0    0    1    0    1    1    1    0    0    1    0    1    1    0    1    0    1    0    0    
50    0.443614    0.329942    1    0    1    0    0    0    0    1    1    1    1    0    0    0    0    0    1    1    1    1    0    0    0    1    0    0    0    1    0    0    0    1    1    0    0    0    1    1    0    0    0    1    0    0    0    1    0    1    0    1    0    0    1    0    1    0    0    1    0    0    0    1    0    0    0    1    0    0    1    0    0    0    0    1    1    1    0    1    0    0    0    0    0    0    0    1    0    0    0    0    0    1    1    1    0    0    1    1    1    0    1    0    1    1    0    0    1    0    1    0    1    0    0    0    1    0    0    0    0    0    1    0    1    0    0    1    0    1    0    0    1    0    0    0    1    0    0    0    0    1    0    0    0    1    0    1    0    1    0    0    0    0    0    0    0    0    1    1    0    0    1    1    0    0    0    0    0    0    0    0    0    1    0    0    0    1    0    0    0    0    1    0    0    0    0    0    0    0    1    0    1    0    1    1    0    0    0    0    1    1    
50    0.689702    0.495123    0    0    1    1    0    1    1    1    1    1    1    1    1    0    0    0    1    1    0    1    1    1    1    1    1    1    1    1    0    0    0    0    1    1    1    1    0    0    0    1    1    1    0    1    1    1    0    1    0    0    1    1    0    0    0    1    0    0    0    1    1    1    0    1    0    0    0    0    1    0    0    0    0    0    0    0    0    1    0    1    1    0    0    0    1    0    0    1    1    1    0    0    1    1    1    0    1    1    0    1    1    1    0    1    1    1    0    1    0    0    1    0    0    0    0    0    0    0    0    1    0    0    0    0    0    1    0    0    1    0    1    0    0    0    0    0    0    1    0    0    0    0    1    1    1    0    0    0    0    0    1    0    1    0    0    1    1    1    0    0    0    0    1    1    1    0    0    0    1    0    0    0    0    0    0    0    0    1    0    0    1    1    0    1    0    0    1    1    1    0    1    0    0    1    1    0    1    0    1    0    
50    0.230086    0.0787435    0    0    0    0    1    1    1    1    1    1    0    1    0    1    1    0    1    0    0    1    0    1    0    1    1    0    0    0    1    0    0    0    1    0    1    0    0    0    1    1    1    1    1    0    0    0    0    1    1    0    0    0    0    0    0    0    0    0    0    1    0    1    1    0    0    0    0    0    1    0    0    1    1    0    1    0    0    0    1    0    0    1    0    1    0    1    0    0    0    0    0    1    0    0    0    0    1    1    0    0    0    0    1    0    0    0    0    0    1    0    1    0    1    0    0    1    1    0    0    1    1    1    1    0    0    0    0    0    0    0    1    0    0    1    0    0    1    1    0    0    1    0    1    1    1    0    0    0    0    0    0    1    0    0    0    0    0    1    0    0    0    0    0    1    0    1    0    0    0    0    1    1    0    0    1    1    1    1    0    0    1    0    0    0    0    1    1    1    1    0    0    0    1    0    0    0    0    0    0    1    
50    0.405695    0.755664    1    0    0    1    1    0    0    1    0    0    1    0    0    0    0    0    1    1    0    0    1    1    0    1    0    0    1    0    0    0    0    1    0    0    0    0    0    0    0    0    1    1    0    1    0    0    0    0    1    0    1    0    1    0    0    1    0    1    1    0    0    0    1    1    0    0    0    1    0    0    1    0    0    1    0    0    0    0    0    0    1    0    0    0    0    1    1    1    0    1    1    1    1    0    0    1    0    1    0    0    0    0    0    1    0    1    0    0    1    0    1    0    0    1    0    0    1    1    1    0    0    0    0    1    1    1    0    1    1    0    0    1    0    1    0    1    0    0    0    1    0    0    1    1    1    0    1    0    0    1    0    0    1    0    0    0    0    1    0    0    0    0    0    0    0    1    0    0    1    0    0    0    1    0    1    0    0    1    0    0    0    0    0    0    1    1    0    0    0    0    0    0    0    1    0    0    1    1    0    0    
50    0.275995    0.270879    1    1    0    0    0    1    1    0    0    1    0    0    0    0    0    0    0    0    0    1    0    0    1    0    0    0    0    0    1    0    0    0    1    1    0    1    0    1    0    1    0    1    1    0    0    0    0    0    0    0    1    0    0    0    1    1    0    1    0    1    0    0    1    1    0    0    0    0    0    1    0    0    1    1    1    0    1    0    0    1    0    0    0    0    1    0    1    0    0    0    1    0    1    0    1    0    0    0    0    1    0    1    0    0    0    1    1    0    0    0    1    0    1    1    1    1    1    0    0    0    0    1    0    0    0    0    0    0    0    1    0    1    1    0    0    1    0    1    0    0    0    1    0    0    1    0    0    0    0    0    0    1    1    1    0    0    0    0    1    1    1    0    1    1    0    0    0    0    0    0    1    0    1    0    0    0    0    0    0    1    0    0    0    0    0    1    0    0    0    0    0    0    0    0    0    0    0    1    0    1    
50    0.806612    0.706954    1    0    1    1    1    1    1    1    1    0    1    0    0    0    1    0    0    0    1    1    0    1    0    1    1    1    0    1    0    1    0    0    0    0    0    0    0    0    1    0    1    0    1    1    1    0    1    1    1    0    0    0    0    1    0    1    0    1    1    0    1    0    0    0    1    1    1    1    0    0    0    1    0    0    1    0    0    1    0    1    0    1    1    0    1    0    0    0    1    1    1    1    0    1    1    1    0    1    0    0    0    1    1    0    0    0    0    0    1    0    0    0    0    0    1    0    0    1    1    1    0    0    0    1    1    0    0    1    1    1    0    1    0    0    1    1    1    1    0    1    0    1    0    0    1    1    0    0    0    0    0    1    0    0    1    0    0    0    0    0    0    0    1    0    0    0    1    1    0    1    0    0    0    0    0    1    1    0    0    0    0    1    0    0    0    1    0    1    0    0    1    0    0    1    0    0    0    0    1    1    
50    0.634088    0.319343    1    0    1    0    0    1    1    1    1    0    0    1    0    0    0    0    1    1    0    1    0    0    1    0    0    0    1    1    0    0    0    1    0    1    0    0    0    0    0    0    1    0    1    1    0    1    0    0    0    0    1    0    0    0    1    0    0    0    0    1    0    1    0    0    0    0    0    0    0    0    0    1    0    1    1    0    0    0    0    0    0    0    1    0    1    0    0    1    0    0    1    1    0    0    0    1    1    0    0    0    1    0    0    1    1    1    0    0    1    0    0    1    0    0    0    1    0    1    1    0    0    0    0    0    0    0    0    0    0    1    1    1    0    0    0    1    0    1    1    0    0    1    1    0    0    0    0    0    0    0    1    1    0    0    0    1    0    1    0    0    0    1    1    1    0    0    0    0    0    0    0    0    0    1    0    1    0    0    0    0    0    0    1    0    0    0    0    0    1    0    0    1    0    0    0    1    1    0    1    1    
50    0.920926    0.462161    0    0    1    0    0    0    0    0    1    0    0    0    0    0    0    0    0    0    0    1    0    0    0    0    0    0    1    0    0    0    0    0    0    0    0    0    0    0    0    0    0    1    0    1    0    0    0    0    0    0    0    0    0    0    1    0    0    0    0    0    0    1    0    0    0    0    0    0    0    0    0    0    0    1    0    0    1    0    0    1    0    0    0    0    1    0    0    0    0    0    0    0    1    0    0    1    0    0    1    0    0    0    0    0    0    1    0    0    0    0    0    0    0    1    0    0    0    0    1    0    0    0    0    1    0    1    0    0    1    0    0    0    0    0    0    0    0    0    0    0    0    0    1    0    0    0    0    0    0    0    0    0    0    0    0    0    1    0    0    0    0    1    0    1    0    0    0    1    0    0    1    1    0    0    0    0    0    1    0    0    1    1    0    1    0    1    0    1    1    1    0    0    0    0    0    0    0    1    0    1    
50    0.123913    0.26245    1    1    1    0    1    0    0    0    0    1    1    1    0    0    1    0    0    1    0    1    1    1    1    1    0    1    1    1    1    0    1    0    0    1    0    1    1    1    0    1    0    1    1    0    0    0    1    0    0    1    1    1    0    1    1    0    0    1    0    1    0    0    0    0    0    1    0    0    0    0    1    0    1    0    1    0    0    0    1    1    1    0    1    1    1    0    1    1    1    1    0    0    0    0    1    0    0    1    0    1    0    1    0    1    0    1    0    0    1    0    0    0    1    1    0    0    0    0    0    1    0    1    1    0    1    1    0    1    0    0    0    1    0    0    0    0    0    0    0    0    0    1    1    1    0    1    0    0    0    1    0    1    1    1    0    0    1    1    0    0    1    1    0    0    1    1    0    1    1    0    1    0    0    1    1    0    0    0    0    0    0    0    1    0    0    1    0    0    0    1    0    0    1    1    0    0    0    1    0    1    
50    0.673744    0.612369    0    0    1    1    0    1    0    0    1    0    0    1    1    0    1    0    1    1    1    1    0    1    0    1    0    0    0    1    0    0    0    0    1    1    1    1    0    0    0    0    1    1    0    0    1    1    0    0    1    1    1    1    1    0    0    1    1    1    1    0    0    1    0    0    1    1    0    0    1    1    0    1    1    1    0    0    1    0    0    1    0    1    0    0    1    0    0    1    1    1    1    1    0    1    1    0    1    1    0    1    1    0    1    1    1    1    0    1    0    0    1    1    0    0    0    1    0    0    1    0    1    1    1    1    1    0    0    0    1    1    0    0    1    0    1    0    0    0    0    0    1    0    0    1    0    1    0    0    0    1    0    0    0    0    1    1    0    0    0    0    1    1    1    1    0    1    1    1    0    0    1    0    0    0    1    1    1    1    0    1    0    1    0    0    1    1    0    1    1    0    0    0    0    0    1    0    1    1    1    0    
50    0.00405792    0.646797    0    0    0    0    0    0    0    0    0    0    0    0    1    0    0    0    0    1    0    0    0    1    0    0    0    1    1    0    1    0    0    1    0    0    1    1    0    0    0    0    0    0    0    0    1    0    1    0    0    1    0    0    0    0    0    0    0    0    0    0    1    0    1    1    1    1    0    0    0    1    0    0    0    0    0    0    0    0    0    0    0    0    0    0    0    0    0    0    0    0    1    0    0    0    0    0    0    0    1    0    0    1    0    1    0    1    0    0    0    0    0    0    0    0    0    0    0    0    0    0    0    0    0    0    0    0    1    0    0    0    0    0    1    0    0    1    0    1    0    1    0    1    0    1    0    0    0    0    0    0    1    0    0    0    0    0    1    0    0    0    0    0    0    0    0    0    0    0    0    0    0    0    1    1    0    0    0    1    0    1    0    0    0    0    0    0    0    0    0    0    0    0    0    0    0    0    0    1    0    0    
50    0.455975    0.808505    0    1    1    1    1    0    1    1    1    0    0    1    0    0    0    0    1    1    0    1    1    0    1    0    0    1    0    1    0    0    0    0    0    1    0    0    0    0    0    0    1    0    0    0    0    0    0    1    1    0    0    0    1    0    1    1    0    0    1    0    1    0    0    1    1    0    0    1    1    1    0    0    1    1    0    0    0    0    0    1    0    0    1    0    0    0    0    0    0    0    1    0    0    0    1    0    1    0    0    1    0    0    1    1    1    0    0    0    1    1    0    0    1    1    1    1    0    0    0    0    0    0    1    0    0    0    0    0    1    1    1    1    0    0    0    0    0    0    0    1    1    1    0    0    0    1    0    1    0    1    1    0    0    1    0    0    0    1    0    1    1    1    1    1    0    0    0    1    0    1    0    1    0    1    0    1    0    0    0    0    1    0    0    1    0    0    0    0    0    0    1    1    1    0    0    1    1    1    1    1    
50    0.671825    0.620197    1    1    0    1    1    0    0    1    1    1    1    0    0    1    0    0    1    0    1    1    0    1    0    1    0    1    1    0    0    0    0    0    1    1    1    0    0    0    0    0    1    1    0    1    0    0    0    1    0    0    1    1    0    0    0    0    1    0    1    0    0    0    1    0    1    1    1    0    1    1    0    1    1    0    0    0    0    1    1    1    0    0    0    1    0    0    0    1    0    1    0    1    1    0    0    1    1    1    0    0    0    0    0    0    0    1    1    0    1    0    0    0    0    0    1    0    0    1    1    0    0    0    0    0    1    0    0    1    1    1    1    0    1    0    0    0    0    1    0    1    1    1    0    0    1    0    0    1    0    0    0    0    1    0    1    0    0    1    0    1    0    0    0    0    0    0    0    1    1    0    1    0    0    0    0    1    0    0    0    0    1    0    0    0    1    1    1    0    1    1    0    0    0    1    0    0    0    0    0    1    
50    0.030087    0.800549    0    1    0    0    0    0    0    0    0    0    0    0    1    0    1    0    1    0    0    0    0    1    0    0    0    1    0    0    0    0    0    0    0    0    1    0    0    0    0    0    0    0    0    0    0    0    0    0    0    0    0    1    0    0    0    0    1    0    0    1    0    0    0    1    0    1    0    1    0    0    0    0    1    1    0    0    0    1    0    0    1    0    0    0    0    0    0    0    0    1    1    0    0    0    0    0    0    0    0    0    1    1    0    0    0    1    0    0    1    0    0    0    1    1    0    0    1    0    0    0    0    0    0    0    0    0    0    0    0    0    0    0    0    0    1    1    1    0    0    0    0    0    1    1    0    0    0    0    0    0    0    0    1    0    0    0    0    1    0    0    0    0    0    0    0    0    0    0    1    0    0    0    0    0    0    0    0    1    0    0    0    0    0    0    0    0    0    0    0    0    1    0    0    0    1    1    0    0    1    0    
50    0.919343    0.973855    0    0    1    0    0    0    0    0    0    0    0    0    1    1    0    1    1    1    0    0    0    0    0    0    0    0    1    0    0    0    1    0    0    1    0    0    1    0    0    0    0    0    0    0    0    0    0    0    0    1    0    1    1    0    0    0    0    0    0    0    1    0    1    0    0    0    1    1    1    0    0    1    0    0    0    1    0    1    0    0    0    0    0    0    0    0    0    0    0    0    1    0    0    1    0    0    0    1    0    1    0    0    0    0    0    0    0    0    0    0    0    0    0    0    0    1    0    0    0    0    0    1    0    0    0    1    1    0    1    0    0    0    1    1    0    0    0    0    1    0    0    0    0    0    1    1    0    0    1    0    1    0    0    0    0    0    0    0    0    0    1    1    0    0    1    0    0    0    0    0    1    0    0    1    0    0    0    0    1    0    0    0    0    1    1    0    1    0    1    1    1    1    0    1    1    0    1    0    1    0    
50    0.403395    0.687854    1    1    0    0    1    0    1    1    1    1    1    0    0    0    1    0    0    0    0    0    0    1    1    0    0    0    1    1    0    0    0    0    0    1    0    0    0    0    0    0    0    0    1    1    0    0    1    0    1    0    1    0    1    0    0    0    0    0    0    1    0    1    1    0    0    0    0    0    0    1    0    1    0    0    0    1    1    0    1    0    0    0    1    0    0    0    0    1    1    0    1    0    1    1    0    1    1    0    0    0    0    0    0    1    0    0    1    0    0    0    1    0    1    0    1    1    0    0    0    0    0    0    1    0    1    0    0    0    0    0    0    1    0    0    1    1    1    1    0    0    0    1    1    1    0    1    0    0    0    0    0    0    1    1    0    0    0    0    1    1    0    1    0    0    1    0    1    0    0    0    0    0    1    1    0    1    1    0    0    0    0    0    0    1    0    0    0    0    0    0    1    0    1    0    0    0    1    1    0    1    
50    0.837737    0.147299    0    1    0    0    0    0    0    0    0    0    1    0    1    1    0    0    0    0    0    1    0    0    1    0    1    0    0    0    0    0    0    0    0    0    0    0    1    0    0    0    0    0    0    1    1    0    0    0    0    0    0    1    0    0    0    0    0    1    0    0    0    1    1    0    0    0    1    1    0    1    1    0    1    1    1    0    1    0    0    0    1    1    0    0    0    0    0    0    0    0    1    0    0    1    0    0    0    0    0    0    1    0    0    0    1    0    0    0    1    0    0    0    1    0    1    0    1    1    0    0    1    1    0    1    0    1    0    0    1    0    0    0    0    0    0    1    0    0    0    0    0    0    1    1    0    0    1    0    0    0    0    1    0    0    1    1    1    1    0    0    1    0    1    0    0    0    1    0    0    0    0    1    1    1    1    0    0    0    0    0    0    0    0    0    0    0    0    0    0    1    0    0    0    0    1    0    0    0    0    1    
50    0.646036    0.885317    1    0    0    0    0    0    1    0    1    0    1    0    1    0    0    0    0    1    0    1    0    0    1    0    0    1    0    0    1    0    0    1    0    1    1    0    0    0    0    0    0    0    0    0    0    0    1    0    0    0    0    1    0    0    0    0    0    0    0    0    1    0    0    0    0    0    1    0    1    0    0    1    0    1    1    1    0    0    0    0    0    0    0    1    0    0    0    0    0    0    0    0    0    1    0    1    0    1    1    0    0    0    0    1    0    0    0    0    0    0    0    0    0    0    0    0    0    1    0    0    0    1    0    0    0    1    0    0    1    0    1    0    0    1    0    0    1    0    1    0    1    1    0    0    1    1    0    0    0    0    1    1    0    0    1    0    0    1    0    0    0    0    0    0    0    0    0    0    0    0    1    0    0    0    0    0    1    1    0    1    0    0    1    0    1    1    0    0    0    1    1    0    0    0    1    1    0    0    0    0    
50    0.170289    0.0403313    1    0    1    0    1    1    0    0    0    1    1    1    0    0    0    0    0    0    0    0    0    0    0    0    0    1    0    0    0    0    0    1    0    1    0    0    0    0    0    0    0    0    1    0    0    1    1    0    1    0    0    1    1    0    0    0    1    0    0    1    1    0    0    0    0    1    0    0    0    0    1    0    1    0    0    0    0    0    0    0    0    0    1    1    0    1    0    1    0    0    0    1    0    0    1    0    0    1    0    1    0    0    0    1    0    0    0    0    1    0    1    0    0    0    0    1    0    0    0    0    0    0    0    0    1    1    0    0    0    0    0    0    0    1    1    0    0    1    1    0    0    0    0    0    1    0    0    0    0    0    0    1    1    1    0    1    0    1    0    0    0    0    0    0    0    0    0    1    0    0    0    0    0    1    1    0    1    1    1    1    0    0    0    0    1    0    0    1    1    0    0    0    0    0    0    1    0    0    0    0    
50    0.117811    0.511982    0    0    0    0    1    0    1    0    0    1    0    1    0    0    0    0    0    0    0    0    0    0    0    0    0    0    0    0    0    0    0    1    0    0    0    0    1    0    0    1    0    0    0    0    0    0    0    0    1    1    0    1    0    0    0    0    1    0    0    0    0    0    0    0    0    1    0    0    0    0    0    0    0    0    0    0    0    0    1    1    0    0    1    0    0    0    0    0    1    1    0    0    0    0    0    0    0    1    0    0    0    1    0    0    0    0    1    0    0    0    0    0    1    0    0    0    1    0    0    1    0    1    1    0    1    0    1    0    1    1    0    0    0    0    1    0    0    0    0    1    0    1    0    0    0    0    0    1    0    0    1    0    0    0    1    0    0    0    0    1    0    0    1    0    0    0    0    0    1    0    1    0    0    0    0    0    0    1    0    0    0    0    0    0    0    0    1    1    0    0    0    0    0    1    1    1    0    0    0    0    
50    0.250427    0.39972    1    1    0    1    1    0    0    0    1    0    1    1    1    0    0    0    1    1    0    0    1    1    1    0    0    0    0    0    1    0    1    1    0    1    0    1    1    1    1    1    0    1    1    0    1    0    1    1    1    0    0    0    0    0    1    0    1    1    0    1    0    1    0    1    0    0    0    0    0    1    1    1    0    1    1    0    0    1    0    0    0    0    0    1    0    1    0    1    0    0    0    1    0    0    1    0    0    0    0    1    0    0    0    1    1    0    0    0    0    1    0    0    1    0    0    1    0    0    1    1    0    0    0    0    0    0    1    0    1    1    0    0    0    0    0    1    0    1    0    0    1    1    0    0    1    1    0    0    0    0    1    0    0    1    0    0    1    1    0    0    0    1    1    0    1    1    0    1    0    0    0    0    0    0    0    1    0    0    0    1    0    0    0    1    0    1    0    0    0    0    0    0    0    0    0    1    1    1    0    1    
50    0.773717    0.437484    0    0    1    0    0    0    0    0    1    0    1    1    0    0    0    1    0    1    0    0    0    0    0    0    0    1    0    1    0    0    0    1    0    0    0    1    0    0    0    1    0    0    0    1    1    1    1    0    0    0    0    0    0    0    0    0    0    0    0    0    1    1    0    0    0    0    1    0    0    1    0    0    1    1    0    0    0    0    0    0    0    0    1    0    0    0    1    0    0    0    0    1    1    0    1    1    0    0    0    0    0    0    0    0    0    0    0    0    1    0    0    0    0    0    0    0    0    0    0    0    0    1    0    0    0    0    1    0    0    1    0    0    0    0    0    1    1    0    1    0    0    0    1    0    0    0    0    0    0    0    1    0    0    0    0    1    0    0    0    0    0    0    0    1    0    0    1    0    0    0    0    1    0    0    0    0    0    0    0    0    0    0    0    0    0    1    0    1    1    0    0    0    0    0    0    0    0    0    1    0    
50    0.0693742    0.32173    0    1    0    0    1    0    1    0    0    0    0    1    1    0    0    0    1    1    0    1    0    1    1    0    0    0    1    0    0    1    1    0    0    1    1    0    0    1    0    1    0    1    0    0    1    0    0    0    0    1    1    0    1    0    0    1    1    0    0    1    0    1    0    1    1    0    0    1    0    1    0    1    1    0    1    1    0    1    1    0    0    0    1    0    0    0    1    0    1    0    1    0    1    0    0    0    0    1    0    0    1    0    0    1    0    0    1    0    0    1    1    0    0    1    1    1    0    1    0    0    1    0    1    0    1    0    1    1    1    0    0    1    1    1    0    1    1    1    0    1    0    1    1    1    1    0    1    1    1    0    0    0    0    0    1    0    0    0    1    0    0    1    1    1    1    1    0    0    1    1    1    0    1    1    1    1    0    1    0    1    0    0    1    0    1    0    0    1    0    0    0    1    1    0    0    0    0    0    0    1    
50    0.969861    0.230418    0    0    0    1    0    1    0    0    1    1    1    0    1    1    0    0    0    1    0    0    0    0    0    0    1    1    1    0    0    0    1    0    0    1    1    0    1    1    0    0    0    0    0    1    0    0    1    0    0    0    1    1    0    0    0    1    1    1    1    0    1    0    0    0    0    0    1    0    1    0    1    1    1    0    1    1    0    0    0    0    0    0    1    0    0    0    0    1    1    1    0    0    1    1    0    0    1    0    0    0    0    1    0    0    0    0    1    1    1    0    0    0    1    1    1    1    1    0    0    0    0    1    0    1    1    1    0    0    0    1    0    0    0    1    1    0    1    0    0    0    0    1    0    1    0    0    0    0    1    1    0    1    1    1    0    0    0    0    1    1    0    0    0    0    0    0    0    0    1    1    0    1    0    1    1    1    1    0    0    0    0    1    0    0    0    0    0    1    0    0    0    0    0    0    0    0    1    1    0    0    
50    0.960861    0.382323    0    0    0    1    0    0    0    0    0    0    0    0    0    0    0    0    0    1    1    0    0    0    1    0    0    0    1    0    0    0    0    1    0    0    0    0    0    1    0    1    0    1    0    1    0    0    0    0    1    0    0    0    0    0    0    1    0    1    0    0    0    1    0    1    1    0    0    0    1    0    0    1    1    1    1    0    1    0    0    0    0    0    0    0    0    0    1    0    1    1    0    0    0    1    0    0    0    0    0    0    0    0    0    1    0    0    0    1    0    1    1    0    0    0    0    1    0    0    0    0    0    0    0    0    1    0    0    0    1    0    1    1    1    1    0    0    1    0    0    0    0    0    0    1    0    1    0    1    0    0    0    0    0    0    0    0    1    1    1    0    0    0    0    1    1    0    1    0    1    0    0    0    1    0    0    0    0    0    0    0    0    0    0    0    1    1    1    1    1    0    0    0    0    0    1    1    1    1    1    1    
50    0.606777    0.100987    1    0    0    1    0    0    0    0    0    1    0    0    0    0    0    0    0    0    0    0    0    0    0    1    0    0    0    1    0    0    0    1    1    0    0    0    0    1    0    0    1    1    0    0    0    0    0    0    0    0    0    1    0    0    1    0    0    0    0    0    1    1    0    0    0    0    1    0    0    0    0    1    0    1    0    0    0    0    0    0    0    0    1    1    0    0    0    0    0    0    1    0    0    1    1    0    0    0    1    1    0    0    1    0    0    0    1    0    1    0    0    0    0    1    0    0    0    0    1    0    0    0    1    1    0    0    0    0    0    0    1    0    1    0    0    1    0    1    0    1    0    0    0    0    0    0    1    0    0    0    1    0    0    1    0    0    1    1    0    0    0    1    0    0    0    0    1    0    0    1    0    1    0    0    0    1    0    0    0    0    1    1    0    0    0    1    0    0    0    0    1    0    1    1    0    0    0    0    1    0    
50    0.268945    0.190711    1    1    1    1    1    1    0    1    1    1    1    0    0    1    0    0    0    1    0    0    0    0    0    0    1    0    0    0    0    0    1    0    1    0    0    0    0    0    1    0    0    1    1    0    0    0    1    1    1    1    1    1    1    0    1    0    1    0    0    0    0    0    0    0    0    1    0    0    0    0    1    1    1    1    0    0    0    0    1    0    1    0    0    0    1    0    1    1    1    0    1    1    0    0    0    1    1    1    1    0    1    0    0    0    0    0    0    0    0    0    0    0    0    1    0    1    0    1    1    1    1    0    1    0    1    1    0    0    0    0    0    1    0    0    1    0    0    0    1    0    0    1    1    0    1    1    1    0    1    0    0    1    1    0    0    1    1    1    0    0    0    1    1    0    1    0    0    1    0    1    0    0    1    1    1    0    1    0    0    0    0    0    0    0    1    0    0    1    0    0    0    1    1    0    0    1    1    1    1    1    
50    0.740637    0.256451    0    0    0    0    1    0    0    0    0    1    1    0    0    1    0    0    0    0    1    0    0    0    1    1    0    0    0    1    0    0    1    0    0    1    0    1    0    0    0    0    1    0    0    0    0    1    0    0    1    0    0    0    0    0    0    0    0    1    0    0    0    0    1    0    0    1    1    0    0    0    0    0    0    1    0    1    0    0    0    0    0    0    0    1    1    0    0    0    1    0    0    1    0    1    1    0    0    0    1    0    0    0    1    1    0    0    0    1    1    0    0    1    0    0    0    0    0    0    1    1    0    1    0    0    1    1    1    0    1    0    1    0    0    0    0    1    0    1    0    0    0    0    0    1    1    0    0    1    0    0    0    1    0    0    0    1    1    1    0    0    1    1    1    0    0    1    0    0    1    0    0    1    0    1    0    0    0    0    0    0    0    0    0    0    0    0    0    0    0    1    0    0    0    1    0    0    0    0    1    0    
50    0.530663    0.782416    1    1    0    0    0    0    1    0    0    0    1    0    0    0    0    1    1    1    0    0    0    1    1    1    0    1    0    0    1    1    0    1    0    1    1    0    0    0    1    1    1    1    0    1    0    0    0    1    0    1    1    1    1    0    0    0    0    0    1    0    1    0    0    0    0    0    0    0    1    1    1    1    0    0    0    0    0    0    1    1    0    0    1    1    0    0    0    0    0    0    0    1    0    1    0    1    0    1    0    0    1    0    0    0    0    0    0    0    1    1    0    1    0    1    1    1    0    1    0    0    1    0    0    1    0    1    0    1    1    0    0    1    1    1    0    1    1    0    1    1    0    0    0    1    0    0    1    0    1    0    1    0    0    0    0    0    0    0    0    0    0    1    0    1    0    1    0    0    0    0    0    1    0    0    1    0    0    0    1    0    1    1    1    1    0    0    1    1    0    1    0    1    1    0    1    0    1    0    0    1    
100    0.61068    0.693425    0    1    0    0    0    0    1    1    0    1    0    0    0    1    1    1    1    0    0    0    1    1    1    0    1    0    1    0    0    1    0    0    1    0    0    0    1    1    1    0    1    0    0    0    1    1    0    0    1    0    0    1    1    0    1    1    0    1    1    0    1    0    1    1    1    1    1    0    1    1    0    0    0    0    1    1    0    1    0    0    0    1    0    1    0    0    0    1    1    1    1    1    0    0    1    1    1    1    0    0    0    0    0    1    0    0    0    1    1    0    1    1    0    0    1    0    1    1    0    0    0    0    0    0    1    0    0    0    1    0    0    1    1    0    0    1    0    1    1    1    0    1    0    0    1    0    0    0    0    0    1    1    1    1    1    0    0    0    1    0    0    0    0    0    1    1    0    1    1    1    1    0    0    0    0    1    1    1    1    1    0    0    0    0    0    0    1    0    0    1    0    0    1    0    0    0    1    0    1    0    
100    0.98187    0.742934    0    0    0    1    0    0    0    0    0    0    1    1    0    1    0    0    0    0    1    0    0    0    1    1    0    0    0    0    0    0    1    0    0    0    1    0    0    0    0    0    0    0    0    0    0    0    0    0    0    0    0    0    0    0    0    0    0    0    1    0    0    0    1    1    0    1    0    0    0    1    0    0    0    0    0    0    0    1    0    0    1    0    0    1    0    0    0    1    0    0    0    1    0    1    0    0    0    1    0    0    0    0    0    1    1    0    0    0    1    0    0    0    0    1    0    0    0    0    0    0    0    1    0    1    0    1    0    0    0    0    0    0    0    1    0    0    0    1    0    1    0    0    0    0    0    0    1    0    0    0    0    1    0    0    0    1    0    0    0    1    0    1    0    1    0    0    0    0    1    1    0    1    0    0    0    0    1    0    0    0    0    0    0    0    0    0    0    1    0    0    0    0    1    0    1    0    0    1    1    1    
100    0.999405    0.130181    0    1    0    0    0    1    0    0    1    0    1    1    1    0    0    0    0    0    0    1    0    0    0    0    1    0    0    1    0    0    0    0    0    1    0    0    1    0    1    0    1    1    0    1    0    1    0    0    0    0    0    1    1    0    1    1    1    0    0    1    0    0    1    0    0    0    1    0    0    0    0    0    0    1    0    0    0    0    0    1    0    1    0    1    0    0    1    0    0    1    0    0    0    1    0    0    0    1    1    1    1    0    1    0    0    1    0    0    0    1    0    0    0    0    1    0    1    0    0    0    0    1    0    1    1    0    0    1    0    1    1    0    1    0    0    1    1    1    0    0    0    1    0    0    1    1    0    1    0    0    0    1    1    0    0    0    0    1    1    0    0    0    0    0    0    0    0    0    0    0    1    0    1    0    0    0    0    1    1    0    0    1    1    0    1    1    0    0    0    1    0    1    0    1    1    0    0    1    1    0    
100    0.944273    0.290345    0    0    1    0    0    1    1    0    0    0    1    0    0    0    0    1    0    0    0    1    0    0    0    0    1    0    0    1    1    0    1    0    1    0    1    0    0    0    0    0    0    0    0    0    0    0    0    1    1    1    0    1    0    0    1    0    0    0    1    0    1    0    0    0    0    0    0    0    1    1    0    0    0    1    0    0    0    0    0    1    0    0    1    0    0    0    0    1    0    0    0    0    0    1    0    0    0    1    0    1    0    1    0    1    0    0    0    1    1    0    0    0    0    1    1    1    1    0    0    0    1    0    0    0    1    0    0    0    0    1    1    0    0    1    0    0    1    0    1    0    0    0    0    0    0    1    0    0    1    0    1    0    0    0    1    1    1    1    0    0    0    1    1    0    1    1    0    0    0    0    0    0    0    0    0    0    0    1    0    0    0    0    1    0    0    1    1    0    1    0    0    0    1    1    1    0    0    0    0    1    
100    0.16701    0.137743    1    0    0    0    0    0    1    0    1    1    0    0    0    1    0    1    0    1    1    1    1    0    1    0    0    1    0    1    0    0    1    0    0    1    1    0    1    1    0    0    0    1    1    0    0    1    1    0    0    1    0    1    1    0    0    1    1    0    1    0    1    1    1    1    1    0    1    0    0    1    0    0    0    1    1    0    1    1    0    0    0    1    0    1    1    1    1    1    0    0    1    1    0    1    0    0    0    0    0    1    1    1    0    1    1    1    0    0    1    1    0    0    0    1    0    1    1    0    0    0    0    1    0    0    0    1    1    0    0    0    0    0    1    1    1    0    1    0    0    1    0    1    0    1    1    0    1    1    0    0    1    1    1    0    0    0    0    0    1    0    0    1    1    0    0    0    0    0    1    1    0    0    0    0    1    1    1    1    0    1    0    1    0    1    0    1    1    1    0    0    1    1    0    1    1    1    1    0    1    0    
100    0.882774    0.949943    1    0    0    0    0    0    0    0    0    0    0    1    1    1    0    0    0    0    1    0    0    0    0    0    0    0    0    1    0    0    0    0    0    1    1    0    0    0    0    1    0    0    0    0    0    1    0    0    0    0    0    0    0    0    0    0    0    0    1    0    1    0    0    1    0    0    0    0    0    0    0    0    0    0    1    0    0    0    0    0    0    0    0    0    0    0    0    0    0    0    0    0    1    0    0    0    0    0    0    1    0    0    1    1    1    0    0    0    0    0    0    0    0    1    0    0    0    1    1    0    0    0    0    0    0    0    1    0    1    0    0    1    0    1    0    0    1    1    0    0    0    1    0    1    1    0    0    0    0    1    1    0    0    0    0    0    0    0    0    0    1    0    0    0    0    1    0    1    0    0    0    0    0    0    0    0    0    0    0    0    0    0    0    0    1    0    0    0    0    0    1    0    0    0    0    0    1    0    1    0    
100    0.515527    0.525187    1    1    0    0    1    1    1    1    0    1    0    1    0    1    0    1    1    1    0    0    1    1    1    0    0    0    1    1    1    0    0    1    1    1    1    1    1    1    0    0    0    1    1    0    1    0    0    1    0    0    1    1    1    0    1    1    1    1    1    1    0    0    0    0    0    1    1    0    1    1    1    0    0    1    1    1    1    0    0    1    0    1    1    1    0    1    0    0    0    1    0    0    1    1    0    0    0    1    1    0    0    0    1    0    0    0    0    1    1    0    1    0    0    0    1    1    0    1    0    0    0    1    0    1    0    0    0    1    0    0    0    1    1    0    1    1    1    1    0    1    0    1    1    0    0    1    1    0    0    0    1    0    0    1    1    1    0    1    0    0    0    1    0    1    0    1    1    0    1    1    0    1    0    0    1    0    1    0    1    1    0    0    0    0    1    0    0    0    0    0    0    1    1    1    0    1    1    0    1    1    
100    0.6939    0.812222    0    1    0    1    0    0    0    0    0    1    1    0    0    1    0    0    0    1    1    1    1    0    0    0    0    1    0    0    1    1    1    0    1    0    1    0    0    1    1    1    0    0    0    0    1    0    0    0    1    0    0    0    1    0    0    1    1    1    0    0    0    1    1    1    1    1    1    0    0    0    0    0    1    1    0    0    0    0    1    0    1    1    0    0    0    1    0    0    1    0    0    0    0    0    1    1    1    0    0    0    0    1    0    1    0    1    0    1    1    1    0    1    0    0    1    0    0    1    0    0    0    0    0    1    0    1    0    1    0    1    1    0    1    1    0    1    1    1    1    1    0    1    0    0    0    0    1    1    0    1    0    1    0    0    0    1    0    1    0    0    0    1    1    0    0    0    1    1    0    0    1    1    0    1    1    0    0    0    1    0    1    1    0    0    0    0    0    1    0    0    1    0    0    0    0    0    0    1    1    0    
100    0.442876    0.681188    1    0    0    1    1    1    0    1    1    1    1    1    1    0    0    0    1    1    0    0    0    0    1    0    0    1    0    0    0    1    0    0    0    0    0    1    1    1    0    1    1    0    0    0    1    0    0    1    1    0    0    1    1    0    0    1    0    0    1    1    1    1    0    1    0    1    0    1    0    0    0    1    0    1    1    0    1    1    0    1    0    0    1    0    0    0    1    1    1    0    0    0    1    1    0    1    0    1    1    0    1    0    1    0    1    1    0    0    0    0    0    0    1    1    0    0    0    0    0    0    1    0    1    1    0    0    0    0    0    1    0    0    0    1    0    1    0    0    0    1    1    0    0    0    1    1    0    0    1    0    0    1    0    0    0    1    0    1    0    1    0    0    1    0    0    0    1    0    0    0    0    0    1    1    1    1    0    0    1    1    0    1    0    1    0    0    0    1    0    1    1    1    0    0    1    1    1    0    1    0    
100    0.187953    0.817404    0    1    0    0    0    0    0    0    0    1    0    0    0    0    0    0    0    0    0    0    0    0    0    0    0    0    0    0    0    0    0    0    1    0    0    0    1    1    0    0    0    0    0    0    0    1    0    0    0    0    1    0    0    0    0    1    0    1    0    0    0    0    0    0    0    0    0    0    0    0    0    1    0    0    1    0    0    0    0    0    0    0    0    0    0    1    0    1    0    0    0    0    1    0    0    1    0    0    0    0    0    1    0    0    0    0    1    1    0    0    0    1    0    0    0    0    0    0    1    0    0    1    0    0    0    0    0    0    0    0    0    0    0    0    0    0    0    1    1    0    0    0    0    0    0    0    0    0    0    0    0    1    0    1    0    0    0    0    0    0    0    1    0    0    0    0    1    0    0    0    0    0    1    0    0    0    0    0    1    0    0    0    0    0    0    0    0    0    0    0    0    0    0    0    0    0    0    0    0    0    
100    0.335997    0.208546    1    0    1    0    0    1    0    1    1    1    0    1    0    0    1    1    0    0    1    0    0    0    1    0    1    0    0    1    0    0    1    1    0    1    1    0    0    1    0    0    0    0    0    0    1    1    0    1    1    1    1    1    0    0    1    0    1    0    0    0    1    1    1    0    0    0    1    0    0    1    0    0    1    1    0    0    1    0    1    0    0    0    0    1    0    0    0    0    1    0    1    0    0    1    0    1    1    0    0    0    0    0    1    1    0    1    0    0    0    0    1    0    0    1    1    1    0    1    0    0    0    0    0    1    0    1    0    0    0    0    0    1    1    1    1    1    0    1    1    0    0    1    1    0    0    0    0    0    1    0    0    1    0    1    0    0    0    1    0    1    0    0    0    1    0    0    0    0    0    0    0    1    0    0    1    1    1    0    0    0    0    1    0    0    0    1    0    1    1    0    1    0    0    1    0    0    1    0    1    0    
100    0.0671164    0.267921    0    0    1    0    1    1    1    1    0    1    0    0    0    0    0    1    0    0    0    0    1    0    0    0    1    0    0    1    0    0    1    0    1    1    1    0    0    0    1    0    0    0    1    1    0    1    1    0    1    0    0    1    1    0    0    0    0    0    0    0    0    1    0    0    0    0    1    1    1    1    1    1    1    1    0    1    0    1    1    0    0    1    0    0    1    0    1    0    0    0    1    0    0    1    0    0    0    0    1    0    0    0    1    0    0    0    0    1    0    1    1    0    1    0    1    0    1    1    1    1    1    0    0    0    1    1    0    0    0    1    0    0    0    1    1    0    0    1    1    1    1    0    0    0    1    0    0    0    0    1    1    1    1    1    0    0    0    1    1    1    1    1    0    0    0    0    0    1    0    0    0    0    0    1    0    0    1    0    1    0    0    0    1    1    0    1    0    1    1    0    1    0    0    0    1    0    0    0    1    1    
100    0.636286    0.674616    1    0    0    0    1    0    1    0    0    0    1    0    1    0    1    1    0    1    1    0    1    0    1    1    1    1    0    1    0    1    1    0    1    0    0    1    0    0    0    0    1    0    0    1    1    0    0    1    1    1    1    0    1    0    0    0    1    1    1    0    0    0    0    1    1    1    0    0    0    1    0    1    0    1    1    1    0    0    1    1    1    1    0    1    0    1    1    1    0    0    1    0    0    1    1    0    1    0    1    0    0    1    1    1    0    0    1    0    0    1    0    1    1    1    0    1    1    1    1    0    1    0    1    1    1    0    1    0    1    0    0    1    1    0    0    0    0    0    1    0    0    1    1    1    0    0    0    0    1    1    0    1    0    0    1    1    0    1    0    0    0    0    0    1    0    1    0    0    1    1    0    0    1    1    0    0    0    0    1    0    1    1    1    0    0    0    0    1    1    1    1    0    1    1    1    0    0    0    0    0    
100    0.40052    0.848665    1    0    1    0    1    0    1    1    0    0    0    1    1    0    0    0    0    0    0    0    0    0    1    0    1    1    0    1    0    1    0    1    0    0    0    1    0    1    1    0    1    0    0    0    0    0    0    1    1    0    1    1    0    0    0    0    0    0    1    1    0    1    1    1    1    0    0    0    0    0    1    0    0    0    1    0    0    0    0    1    0    1    0    1    1    0    1    0    0    0    1    1    0    0    0    1    0    1    1    0    0    1    1    0    0    0    0    1    0    0    0    1    0    0    1    1    1    0    1    0    1    0    0    1    0    1    1    0    1    0    0    1    0    1    0    0    0    1    1    0    0    1    0    1    1    0    1    1    1    0    1    1    0    0    1    1    1    1    0    1    0    1    0    1    0    1    0    0    1    0    1    1    0    0    1    0    0    1    1    1    0    0    0    0    1    0    1    0    1    0    0    0    1    1    1    0    0    1    1    0    
100    0.439336    0.0416578    0    0    0    0    1    0    1    0    0    1    1    0    1    0    1    0    1    0    0    0    0    0    0    0    1    0    0    1    0    0    1    0    0    0    0    0    0    0    1    0    0    0    1    0    0    0    0    1    0    0    0    1    0    0    0    0    1    0    1    0    0    1    1    0    0    1    0    0    0    0    0    0    0    1    0    0    1    0    0    1    0    0    0    0    0    0    0    1    0    0    1    0    0    0    0    1    0    0    1    0    1    0    0    0    0    0    0    0    0    0    0    1    1    0    0    0    1    0    0    0    0    0    0    0    0    1    1    0    0    0    0    0    1    1    1    0    0    1    0    1    0    0    0    0    0    0    0    1    1    0    0    0    0    0    0    1    1    1    0    1    1    1    0    0    0    1    1    0    1    1    0    0    1    0    0    0    0    1    0    0    0    1    1    0    0    0    0    0    0    1    0    0    0    0    0    1    0    0    0    0    
100    0.197105    0.472707    1    0    0    0    0    0    0    0    1    0    1    0    1    1    0    0    1    0    0    1    1    0    1    1    0    0    1    0    0    0    0    0    0    0    0    0    0    0    1    0    0    0    0    0    1    0    1    1    1    0    0    0    0    0    0    0    0    1    1    1    1    0    0    1    0    0    0    1    1    0    1    1    0    0    0    0    0    0    0    0    1    0    0    0    0    1    0    0    0    0    0    0    0    0    0    0    0    0    0    0    0    1    0    1    0    0    0    0    0    0    0    0    1    0    0    0    0    0    1    0    0    0    1    1    0    0    0    0    0    1    1    0    0    0    1    1    1    0    0    0    1    1    0    0    1    0    0    0    0    1    0    1    1    0    0    0    0    1    0    0    1    1    1    0    0    0    0    0    0    0    0    0    0    0    0    0    1    0    1    1    1    1    0    0    0    0    0    0    0    1    0    0    0    0    1    0    1    0    0    0    
100    0.949873    0.711323    0    0    0    0    0    0    0    0    1    0    0    0    1    1    0    0    1    1    1    0    0    0    0    1    1    0    1    1    0    1    0    0    1    0    0    0    0    1    0    1    0    0    1    1    0    1    0    0    0    0    0    0    0    0    0    0    0    1    0    1    0    0    1    0    0    0    1    0    0    1    0    0    0    0    1    1    0    0    0    0    0    0    0    1    0    0    0    0    0    0    1    1    1    1    0    0    0    1    0    0    0    0    1    0    0    0    0    0    1    1    0    1    0    1    0    1    0    1    1    1    0    0    1    1    0    0    1    1    1    0    0    0    0    0    0    0    1    1    0    1    0    0    0    0    0    1    0    0    0    1    1    0    1    1    1    0    0    0    1    1    0    0    0    0    1    1    0    0    0    1    0    0    1    0    0    0    0    0    0    1    0    1    0    0    0    0    0    1    1    0    1    0    0    0    1    0    1    0    0    0    
100    0.0905212    0.148636    1    0    0    0    0    1    0    0    1    0    0    0    1    1    0    1    0    0    0    1    1    1    1    0    0    1    0    1    0    0    0    0    1    0    1    1    0    0    0    0    0    0    0    0    0    0    1    1    0    0    1    1    1    0    1    0    1    0    1    0    0    0    1    1    1    0    1    1    1    1    0    0    0    1    1    0    1    0    0    0    1    1    1    0    1    0    1    1    0    0    1    1    1    0    0    0    1    0    1    1    1    1    0    0    1    0    0    1    1    0    1    1    0    1    0    0    0    1    0    0    1    0    1    1    0    1    0    1    0    1    0    1    0    1    0    0    0    0    0    1    0    0    0    0    1    0    1    0    0    0    1    0    0    1    0    0    1    0    0    0    1    0    0    0    1    1    0    1    0    1    0    0    0    1    0    0    0    0    0    1    0    0    0    0    1    0    0    1    0    0    1    1    1    1    0    1    1    0    0    1    
100    0.383381    0.607612    1    0    0    0    0    1    0    1    0    0    1    0    1    0    1    0    0    1    0    0    1    0    1    0    0    0    0    0    0    0    1    0    0    1    1    1    1    1    0    0    1    0    0    0    1    0    0    0    0    1    0    1    1    0    1    1    1    0    1    1    0    1    0    1    0    0    1    1    0    1    0    0    0    0    1    0    1    0    0    1    0    1    0    0    0    1    0    0    1    0    1    0    0    1    0    0    0    1    0    0    0    0    0    0    0    1    0    0    1    0    0    0    0    1    1    0    0    0    0    1    0    0    0    0    1    1    0    0    1    1    1    1    0    1    0    1    1    1    1    1    1    0    0    0    0    0    0    1    0    0    0    0    0    1    0    0    0    0    0    1    0    0    0    0    0    1    0    0    0    1    0    0    0    0    0    0    0    1    0    1    0    0    1    1    0    1    0    1    0    0    1    0    1    0    0    0    0    0    1    1    
100    0.650862    0.151314    1    0    0    1    0    0    0    1    0    1    1    0    1    0    0    1    0    0    0    0    0    0    1    0    1    0    0    0    0    0    0    0    0    0    1    0    0    0    1    0    1    0    1    0    0    0    0    0    1    1    0    0    1    0    1    1    0    1    1    0    0    0    0    0    0    1    0    0    1    0    0    1    1    0    0    0    0    0    0    0    0    0    0    0    1    0    0    1    0    0    1    0    0    0    1    1    1    0    0    0    0    0    1    1    0    0    0    1    1    0    0    1    0    0    0    0    1    0    1    0    0    1    0    0    0    0    1    0    0    0    0    0    0    0    0    0    0    1    0    0    0    0    0    0    1    0    1    1    1    0    1    0    0    0    0    0    1    1    0    0    0    0    1    0    0    1    1    0    0    1    0    1    0    1    0    0    0    0    1    0    0    1    0    1    1    0    1    0    0    0    1    0    1    1    1    0    1    0    0    0    
100    0.614364    0.706108    0    1    0    0    1    0    0    1    1    1    1    0    0    1    1    1    1    0    1    0    1    1    0    0    1    0    1    0    0    0    0    1    1    0    1    0    0    0    0    0    1    0    0    0    1    1    0    1    1    0    1    1    0    0    0    1    1    0    0    0    0    0    1    0    1    0    1    0    0    0    0    1    0    0    0    1    0    1    0    1    0    1    0    1    0    0    1    0    1    0    1    0    0    1    0    1    1    1    0    1    0    1    1    1    1    1    0    0    0    1    0    1    1    0    0    1    0    0    0    1    1    1    0    1    0    1    0    0    0    0    1    1    1    0    1    0    0    1    0    0    0    0    1    1    0    1    0    1    1    0    0    1    0    0    1    0    0    0    0    0    0    0    0    0    0    0    0    0    1    0    0    0    0    1    1    1    0    1    0    0    0    1    1    0    0    1    1    0    1    1    1    1    0    0    0    0    0    1    0    0    
100    0.927994    0.606569    0    0    0    0    0    0    0    0    0    0    0    1    0    0    0    1    0    1    0    0    0    1    0    1    0    0    1    0    0    0    1    1    1    0    1    0    1    0    0    1    0    1    0    0    0    0    0    0    0    0    0    0    0    0    0    0    0    0    0    0    0    0    1    0    1    0    0    0    0    0    0    0    0    0    0    1    0    1    0    0    0    0    0    0    0    0    0    1    0    0    0    0    1    0    0    1    0    1    0    0    0    0    0    1    0    0    0    0    0    0    0    1    0    1    0    1    0    0    0    0    1    0    1    0    0    0    0    1    0    0    0    0    0    1    0    0    0    0    0    0    0    0    0    0    1    0    1    0    0    0    0    0    0    1    0    0    0    1    0    0    0    0    0    0    1    0    1    1    1    1    0    0    0    0    0    1    1    1    0    0    1    0    0    0    0    0    0    0    0    0    1    1    0    1    0    0    0    0    0    0    
100    0.0637724    0.608223    0    0    0    0    0    0    0    0    0    0    0    0    0    1    0    0    0    0    1    0    1    0    0    0    0    0    0    0    0    0    1    0    0    1    0    0    0    1    0    1    0    0    0    0    0    0    0    1    0    0    0    0    0    0    0    0    0    0    1    0    0    0    1    0    1    0    1    0    0    0    0    0    0    0    1    0    0    0    0    0    1    0    0    0    0    0    0    0    0    0    0    1    0    0    0    1    0    0    0    0    1    0    0    1    0    0    0    0    1    0    0    1    1    1    0    0    0    0    0    0    0    0    0    0    0    0    1    0    0    0    0    0    0    0    0    0    0    0    1    0    1    0    0    0    1    1    0    0    1    0    0    0    0    0    0    0    0    0    0    0    0    0    0    0    0    1    0    0    0    0    0    0    0    0    0    0    0    0    1    0    0    0    0    0    0    0    1    1    0    0    0    0    1    1    0    0    1    1    0    0    
100    0.580836    0.572212    1    1    0    0    1    0    0    1    1    1    1    1    1    1    0    1    1    0    0    0    1    1    0    0    0    1    1    0    0    1    0    0    1    0    0    0    1    1    0    0    1    0    1    1    0    1    0    1    1    0    1    0    0    0    1    1    1    0    0    0    1    0    1    0    0    1    0    1    0    0    0    0    1    0    0    0    0    1    0    1    0    0    0    1    0    0    0    1    1    0    0    0    0    1    1    1    0    1    1    0    0    0    1    0    0    0    1    1    0    0    1    1    0    1    0    0    1    1    1    0    0    0    1    0    0    0    0    1    0    0    1    0    1    1    0    0    1    0    0    1    0    0    0    1    0    1    1    0    1    1    0    1    0    0    1    1    0    0    0    0    1    1    0    0    0    0    1    1    0    1    0    0    0    0    0    1    0    1    1    1    0    1    0    0    0    0    1    0    1    1    1    0    1    1    0    0    0    1    1    0    
100    0.378299    0.198088    1    0    0    1    1    0    0    0    1    1    0    0    1    1    1    0    0    0    1    1    0    1    1    0    0    0    0    0    0    0    1    0    0    0    1    0    0    0    1    0    1    0    1    0    0    1    0    1    0    1    0    0    0    0    1    0    1    0    0    1    1    1    0    0    0    1    1    0    0    1    0    0    1    0    1    0    0    0    0    0    0    1    0    1    1    1    1    0    0    1    0    0    1    1    0    0    0    0    1    1    0    1    1    0    1    1    0    0    1    0    1    0    0    0    0    0    0    0    1    0    1    0    0    0    0    1    1    0    0    0    0    1    0    1    1    0    0    0    0    1    1    1    0    1    0    1    1    0    0    1    0    1    0    1    1    0    0    0    1    1    0    1    0    0    0    0    0    0    0    0    1    0    0    0    0    1    0    1    1    1    0    0    0    0    0    0    0    1    0    1    1    0    0    1    1    0    0    0    0    0    
100    0.498427    0.175704    1    0    0    1    1    1    0    0    1    1    1    0    0    1    0    0    0    1    0    1    0    0    1    0    1    0    0    0    0    0    0    1    0    0    1    0    0    0    0    1    0    1    0    0    1    1    0    1    0    0    0    1    1    0    0    0    1    0    1    0    1    1    1    0    0    0    0    0    0    0    1    1    1    0    1    0    0    0    1    1    0    0    0    1    0    1    0    1    0    0    0    0    0    0    1    1    0    1    1    0    1    0    1    0    1    0    0    1    0    0    0    0    1    1    1    0    1    0    1    1    1    0    0    0    0    1    0    0    1    0    0    1    0    0    0    1    1    1    0    1    0    0    0    0    0    1    1    0    0    0    1    0    0    1    0    1    0    1    0    1    0    0    1    0    0    0    0    1    1    1    1    1    0    1    0    0    0    0    0    1    1    0    0    0    0    0    0    0    0    0    0    0    0    1    0    0    0    0    0    1    
100    0.741529    0.332817    0    1    0    1    0    0    0    1    1    0    1    1    0    0    1    0    0    0    0    0    0    1    1    0    0    0    0    0    1    0    0    1    0    1    0    0    0    0    1    1    0    1    0    0    1    1    0    0    0    0    0    1    0    0    0    1    1    0    0    0    0    0    0    0    1    1    0    0    1    0    0    1    0    1    0    0    0    0    1    0    1    0    0    1    0    0    0    1    0    1    0    0    0    0    0    0    1    0    0    1    0    0    0    0    1    0    0    1    1    0    1    0    0    1    1    1    1    1    0    0    1    1    1    1    0    1    0    1    0    0    1    1    0    0    0    0    1    1    0    1    1    0    0    0    1    0    0    1    0    0    0    0    0    0    1    1    0    0    0    0    0    0    0    0    0    0    0    0    0    1    0    0    0    0    0    1    1    0    1    1    0    0    1    0    0    1    1    0    0    0    1    0    0    0    0    0    0    0    0    0    
100    0.699369    0.0812451    1    0    0    0    0    1    0    0    1    1    0    0    0    0    0    0    1    0    0    0    0    0    1    0    0    1    0    1    1    0    0    0    0    0    1    0    0    0    1    1    0    0    1    0    0    0    0    0    0    0    0    1    1    0    1    0    0    1    1    0    0    0    0    0    1    0    0    0    1    0    0    1    0    1    1    0    0    0    0    0    1    0    0    0    0    0    0    0    0    0    0    0    0    0    0    1    1    0    1    1    1    0    0    0    0    0    0    1    0    1    0    0    1    1    0    0    0    0    1    1    0    0    1    0    0    0    0    0    0    0    0    0    0    0    0    0    1    0    0    0    1    0    0    0    0    0    0    0    1    0    0    1    1    1    0    1    1    1    0    0    0    0    0    0    1    1    0    1    1    0    0    1    0    0    0    0    0    0    0    0    0    1    0    1    1    0    0    0    0    0    0    0    0    0    1    1    1    0    0    0    
100    0.78509    0.808081    0    1    0    1    0    1    0    0    0    0    1    1    1    0    1    1    1    0    1    0    0    0    0    0    0    0    1    0    0    0    0    1    1    1    0    0    0    1    0    0    1    0    1    1    1    0    0    0    0    1    0    0    0    0    1    0    0    0    1    0    0    0    0    0    0    1    0    1    0    0    0    0    0    0    1    0    1    0    0    0    0    1    0    1    1    0    1    0    1    0    0    0    1    0    0    0    1    0    0    0    0    1    0    0    0    0    0    1    0    0    0    1    0    1    0    0    1    0    0    1    1    1    0    1    1    0    1    0    1    0    0    0    0    0    0    0    0    0    0    1    0    1    1    1    0    1    1    1    1    1    0    0    0    0    0    0    1    0    1    1    1    0    1    0    0    0    1    1    1    0    1    1    1    1    0    0    0    0    0    0    0    0    0    1    0    0    0    0    1    1    0    0    1    0    0    0    0    0    1    0    
100    0.518814    0.138251    1    0    0    1    1    0    0    1    0    1    0    1    0    0    0    0    1    1    0    0    0    0    0    0    1    0    0    1    0    0    1    0    0    0    1    0    0    0    0    0    1    0    0    0    0    0    0    0    0    0    1    0    1    0    1    0    1    0    0    0    0    0    0    0    1    0    1    1    0    0    0    0    1    0    0    0    1    0    0    0    1    0    1    0    1    0    1    0    0    0    1    0    0    0    0    0    1    0    1    0    0    0    1    1    1    1    0    0    0    0    0    1    1    0    0    1    0    0    0    1    1    0    0    1    0    1    0    0    1    1    1    0    1    0    0    0    0    0    0    0    0    0    0    0    0    0    0    0    0    0    0    1    0    1    0    0    0    1    1    0    1    0    0    0    1    0    0    0    1    0    1    0    0    0    0    0    1    0    0    0    0    0    0    0    1    0    0    1    0    0    0    0    1    0    0    0    0    1    1    0    
100    0.369045    0.197855    0    0    0    0    1    1    0    0    0    1    0    1    1    0    1    0    0    0    0    0    0    1    0    1    0    1    0    0    1    0    0    1    0    1    1    0    0    0    1    0    0    0    1    0    1    0    0    1    0    1    0    0    0    0    1    0    1    1    1    0    0    0    1    0    0    0    1    0    0    1    1    0    0    1    0    1    1    0    1    0    1    0    0    0    0    0    0    0    0    0    1    1    0    1    0    0    1    0    1    1    0    1    0    0    1    0    0    0    1    0    1    0    0    1    0    1    1    0    0    0    0    1    0    0    0    0    1    0    0    1    0    0    0    0    0    1    0    0    0    0    0    0    1    0    0    1    0    1    0    0    0    1    0    0    0    0    1    0    0    1    1    0    0    1    0    0    0    0    0    1    0    0    0    1    0    1    1    1    1    0    0    0    1    1    0    0    0    0    1    0    0    0    0    0    0    1    1    0    1    0    
100    0.558234    0.360105    1    1    0    1    0    1    0    0    0    0    0    0    0    1    0    0    0    0    1    0    0    0    1    0    0    0    0    0    1    0    1    0    1    1    1    0    1    1    0    1    0    1    0    0    1    1    1    0    1    0    0    1    0    0    0    0    0    0    1    0    0    0    0    0    0    0    1    1    1    1    0    1    0    1    1    0    0    0    1    1    1    1    1    0    1    1    0    0    0    1    0    0    0    0    0    0    1    1    0    1    0    1    1    1    1    1    0    0    1    1    1    0    1    0    1    0    1    0    0    1    0    0    1    0    0    0    1    0    0    0    1    1    0    1    1    0    0    0    1    0    1    0    0    1    0    0    1    0    1    1    0    0    1    0    1    1    0    1    0    1    1    0    0    1    0    1    0    1    0    1    0    0    1    0    1    0    1    1    0    1    1    1    0    0    1    0    0    1    0    1    1    1    1    0    1    0    0    0    0    0    
100    0.161562    0.254387    1    1    1    0    0    1    1    1    1    1    0    1    1    0    1    1    0    0    1    1    0    0    0    0    0    1    0    1    0    0    1    1    1    0    1    0    0    0    1    1    1    1    0    1    1    0    0    0    1    1    0    1    0    0    1    0    1    0    1    0    0    1    0    1    1    0    1    0    1    1    1    1    0    1    0    0    1    1    0    1    0    1    0    0    1    1    0    0    0    0    1    1    1    1    0    0    1    0    0    1    0    0    1    0    1    1    0    0    1    1    0    0    0    0    0    0    1    1    0    0    0    1    1    1    0    1    1    1    1    0    1    0    1    1    0    1    1    0    0    0    1    1    1    0    0    0    0    1    1    1    1    1    0    0    0    0    1    0    0    0    0    0    0    1    0    1    1    0    0    1    0    0    0    0    0    1    1    1    1    1    0    1    0    0    1    1    1    1    0    0    1    1    0    1    0    1    0    0    0    0    
100    0.380992    0.820721    0    1    1    0    0    0    0    0    1    0    0    0    0    0    0    0    1    0    0    0    0    0    1    0    0    0    1    1    0    0    0    0    0    0    0    1    0    0    0    0    0    1    0    1    0    0    0    0    0    1    1    0    0    0    0    1    0    1    0    0    0    0    0    0    1    1    0    0    0    0    0    1    0    1    1    0    0    1    0    0    0    1    1    0    1    1    1    0    1    0    0    1    1    0    0    1    0    0    0    0    0    0    0    1    0    1    1    1    0    1    1    0    0    0    0    0    0    0    0    0    1    0    0    0    1    1    0    0    0    0    0    0    0    0    1    0    0    0    0    0    0    1    0    0    0    1    1    0    0    0    0    0    0    0    0    0    0    1    1    0    1    0    1    0    0    0    0    0    0    1    0    0    0    1    0    0    0    0    0    1    1    0    0    0    0    0    0    0    0    1    0    0    0    1    0    0    1    0    0    0    
100    0.0140222    0.989979    1    0    0    0    0    0    0    0    1    0    0    1    0    0    0    1    1    0    1    0    0    0    0    0    1    0    0    0    1    0    0    1    0    1    0    0    0    0    0    0    0    0    0    0    0    0    0    0    0    0    1    1    1    0    0    1    1    0    0    0    1    0    0    1    0    0    1    0    0    0    0    0    0    1    1    0    0    0    0    0    0    0    0    1    0    0    0    0    0    0    1    0    0    1    0    0    0    1    0    0    0    0    0    0    0    0    0    1    1    0    0    1    0    1    0    0    0    0    1    0    0    0    0    0    0    0    0    1    1    1    0    0    0    0    0    0    0    1    0    1    1    0    0    0    0    0    0    0    0    0    0    0    1    0    0    0    0    0    0    0    1    0    0    0    0    0    0    0    1    0    1    1    1    0    1    0    0    1    0    0    0    0    0    0    0    0    0    0    0    0    0    0    0    0    0    0    0    0    1    0    
100    0.0464031    0.0652221    1    1    1    1    0    1    0    1    1    0    0    1    0    1    1    0    0    0    1    0    0    0    1    0    0    0    0    0    1    0    1    1    1    0    0    0    0    0    0    0    1    0    0    1    0    1    0    0    0    0    0    0    1    0    1    0    0    0    1    0    0    0    0    0    1    0    1    0    0    1    1    0    1    1    1    0    1    0    0    1    1    0    1    1    0    0    1    0    0    0    1    0    0    0    0    0    0    0    1    0    0    0    0    0    0    1    1    0    1    0    0    1    1    0    1    0    0    0    0    0    0    0    1    0    0    0    0    0    0    0    0    0    1    0    0    1    0    1    0    0    0    1    1    0    1    0    0    0    0    0    0    0    1    0    1    0    0    1    1    1    1    0    0    0    0    0    0    0    0    0    0    1    0    1    1    0    1    0    0    0    0    0    1    0    1    1    1    0    0    0    0    0    0    0    1    1    0    0    1    1    
100    0.986868    0.517314    1    0    0    0    0    0    0    1    1    0    0    0    0    0    0    0    0    0    0    0    0    0    0    0    1    0    0    1    0    1    1    0    1    1    0    0    1    0    0    1    0    0    0    0    0    0    0    1    0    0    0    0    0    0    0    0    1    0    0    0    0    0    1    0    0    1    0    1    0    0    0    0    0    0    0    1    0    0    0    0    1    1    0    0    0    0    0    1    0    0    0    1    0    1    0    1    0    1    1    0    0    0    0    1    0    0    1    0    1    0    1    1    0    0    0    1    0    0    1    0    0    0    0    1    0    1    1    1    1    0    1    0    0    0    0    0    0    0    1    0    0    1    0    1    0    1    1    0    0    0    0    0    0    0    0    0    0    0    0    0    0    0    0    0    0    1    0    0    0    0    0    0    0    0    0    0    0    0    0    1    0    1    0    0    0    0    1    0    0    0    0    0    0    1    0    0    0    1    0    0    
100    0.205651    0.256642    0    0    1    1    0    1    0    1    0    1    0    0    0    1    1    1    0    0    0    1    0    1    1    0    0    0    1    0    1    1    1    1    0    0    0    0    0    0    0    1    0    0    1    0    1    0    0    1    0    1    0    1    0    0    1    0    1    0    1    0    0    0    0    1    1    0    1    0    1    0    0    1    0    1    1    0    1    0    0    1    0    0    0    1    1    0    1    1    0    1    1    0    0    1    1    0    0    0    1    0    0    1    1    0    1    1    0    0    0    1    1    1    1    0    0    0    1    0    0    0    0    1    0    1    0    1    0    0    0    1    0    0    0    1    0    0    0    0    1    0    0    0    0    1    1    1    1    0    0    0    0    0    1    1    0    1    0    1    0    0    1    0    0    1    1    1    0    1    0    0    1    1    0    0    0    0    0    0    1    1    0    1    1    1    0    0    1    1    0    1    1    0    0    1    0    0    0    0    0    0    
100    0.629647    0.581071    0    1    1    0    1    0    1    1    0    0    0    0    0    0    0    0    0    1    0    1    1    0    1    0    0    0    0    1    1    1    0    1    1    0    0    1    1    1    0    0    0    1    1    1    1    1    0    0    1    1    0    1    0    0    1    1    1    0    1    0    0    0    1    1    1    1    0    1    0    0    0    0    0    1    1    1    1    0    0    1    1    0    1    0    1    1    0    1    0    1    1    1    0    0    1    1    0    1    1    0    0    0    1    0    0    1    1    0    1    0    1    1    0    0    0    1    0    0    1    1    0    1    0    0    0    0    0    0    1    1    0    0    0    0    0    1    1    1    1    0    0    0    1    0    1    1    0    0    1    0    1    0    0    0    1    1    0    1    1    0    0    1    0    1    1    1    0    0    0    0    0    0    0    0    0    0    0    1    1    1    0    1    1    1    1    0    1    0    0    1    1    1    1    0    0    1    0    0    0    1    
100    0.592985    0.163414    1    0    0    1    1    0    1    0    1    1    1    0    1    0    1    0    0    0    0    0    0    0    0    0    1    0    0    1    0    0    0    1    0    0    1    0    0    0    1    1    0    0    1    0    1    0    1    0    0    0    0    0    0    0    0    0    0    1    0    0    0    0    0    1    0    1    0    1    0    0    0    1    0    0    1    0    0    0    0    0    1    0    1    0    0    0    1    1    1    1    1    0    0    0    0    0    0    0    1    0    1    1    1    0    0    0    1    0    1    0    0    1    0    1    0    0    0    0    1    0    0    0    0    0    0    1    0    0    0    1    0    0    0    0    1    1    0    1    0    0    0    0    0    0    0    1    0    0    0    0    0    0    1    0    0    0    1    0    0    1    1    0    0    0    0    0    0    0    1    0    0    0    1    1    0    1    1    0    0    0    0    0    0    0    1    1    0    0    0    1    0    1    0    0    0    1    0    0    1    0    
100    0.384646    0.00618296    0    0    1    0    0    0    0    1    0    0    0    1    0    1    0    0    1    1    0    0    1    0    0    1    0    0    0    0    0    1    1    0    0    0    1    0    0    0    0    0    0    1    0    0    0    0    0    0    1    0    1    1    1    0    1    1    0    1    1    1    0    0    1    0    1    0    0    0    0    1    0    1    0    1    1    0    0    0    0    1    0    0    0    1    0    0    1    1    1    0    0    1    0    0    0    0    0    0    1    0    0    1    1    0    0    1    0    0    0    0    1    0    0    0    0    1    1    0    0    1    1    1    0    1    1    1    0    0    1    0    0    1    0    0    0    1    0    1    1    0    0    0    0    1    1    0    0    0    0    0    0    1    0    0    0    1    0    0    0    0    0    1    0    1    0    1    0    0    0    1    0    0    1    1    1    0    0    1    1    0    1    1    1    1    0    0    0    1    0    1    0    1    0    0    1    0    0    0    0    1    
100    0.418029    0.326675    1    0    0    1    1    0    1    0    0    1    0    0    1    1    1    1    0    0    0    0    0    1    1    0    0    0    0    0    1    1    1    1    0    1    1    0    0    0    0    1    1    0    0    0    0    0    0    1    0    1    0    1    1    0    1    0    1    1    1    1    0    0    1    0    1    0    1    0    1    0    1    0    0    0    1    0    1    0    0    1    0    0    0    1    0    1    0    1    0    1    0    1    0    0    0    1    0    0    0    0    0    1    0    1    1    0    1    0    1    1    0    0    0    0    0    0    1    0    0    0    1    0    1    1    0    0    1    1    1    0    0    0    1    0    0    0    1    1    1    1    0    0    0    0    0    0    0    0    1    1    0    0    0    0    1    0    1    0    0    1    1    0    1    0    1    1    0    0    1    0    0    1    1    0    1    1    1    0    1    0    0    0    0    1    1    0    0    1    0    0    0    1    1    1    0    0    0    1    0    0    
100    0.787482    0.127937    1    1    1    1    1    0    0    0    0    0    1    0    0    0    1    0    0    0    0    1    0    0    0    0    0    1    1    1    0    0    0    1    0    0    1    0    0    0    1    0    1    1    1    1    0    0    0    0    0    1    0    1    0    0    0    1    0    0    0    1    0    0    0    0    0    1    0    0    0    0    0    1    0    0    1    0    0    1    0    0    1    0    0    0    0    0    0    0    0    0    0    0    1    0    0    0    0    0    1    1    0    0    0    0    0    1    0    1    0    0    1    1    0    0    0    0    0    0    0    0    0    1    0    0    1    0    0    1    0    0    1    0    0    0    0    0    0    0    0    0    0    1    0    1    0    0    0    1    1    0    1    0    0    0    0    1    0    0    0    0    0    0    1    1    0    0    0    1    1    1    0    0    0    0    0    0    0    1    0    0    1    0    0    1    1    1    0    1    0    0    1    0    1    0    0    1    0    0    0    0    
100    0.559411    0.449528    0    1    0    0    0    1    0    0    1    0    1    0    1    0    0    1    1    0    1    0    1    0    0    0    0    0    1    1    1    0    0    1    0    0    0    0    0    0    0    0    0    0    0    0    1    1    0    1    1    1    0    0    1    0    0    0    0    1    0    1    1    0    0    1    1    1    1    1    1    1    0    0    0    0    0    1    0    0    0    0    0    0    1    1    0    1    0    0    0    0    0    0    0    0    0    1    0    1    1    0    0    1    1    0    1    0    0    0    1    0    1    0    0    0    0    0    1    0    1    1    1    0    0    1    1    0    1    1    0    0    0    0    0    0    0    0    0    1    1    0    0    1    0    0    0    0    0    1    0    0    0    1    0    0    0    0    1    0    1    1    1    0    1    0    0    1    1    0    1    1    1    1    0    0    0    1    1    0    0    0    1    0    0    1    0    0    1    0    1    0    0    0    0    0    0    0    1    1    1    1    
100    0.682408    0.0401895    0    0    0    0    0    0    1    0    0    1    0    1    0    0    0    1    0    0    0    1    0    0    1    0    0    1    0    1    0    0    0    1    0    1    0    0    1    1    0    1    1    1    0    0    0    0    1    0    1    0    0    0    1    0    0    0    1    0    0    0    0    1    0    0    0    0    1    0    1    0    0    0    1    1    0    0    0    0    0    0    1    1    0    0    1    0    1    0    0    0    0    0    0    0    1    0    1    0    0    0    0    1    1    0    1    0    0    0    0    0    0    1    0    1    0    0    1    1    1    0    1    1    0    0    1    0    0    1    1    0    0    1    1    0    0    0    0    0    0    1    1    0    0    0    0    1    0    0    0    0    0    0    0    1    0    0    1    0    1    0    0    1    0    0    1    0    0    0    0    1    0    0    0    0    0    1    0    0    1    0    0    1    0    0    1    0    0    0    0    1    0    0    0    0    0    0    0    0    1    1    
100    0.441386    0.814868    0    0    1    0    0    0    0    1    0    0    0    1    0    0    0    0    0    1    0    0    0    0    1    1    1    0    0    1    0    0    0    0    0    0    0    0    1    0    0    1    0    1    1    0    0    0    0    1    0    0    0    1    0    0    1    0    1    1    1    0    0    0    0    0    1    0    0    0    0    1    0    1    0    0    1    0    0    1    0    0    0    0    0    0    1    1    1    1    0    1    1    1    0    1    0    1    0    0    0    0    0    0    0    1    0    0    1    1    1    1    0    0    1    0    0    0    1    0    0    0    0    1    0    0    0    0    1    0    0    0    0    1    1    0    0    0    0    1    0    1    0    0    0    0    0    0    1    0    0    1    0    1    0    0    0    1    0    1    0    0    0    0    1    1    0    0    0    0    0    1    0    0    1    0    0    0    1    1    0    0    0    0    1    0    0    1    0    1    1    0    1    0    1    1    0    1    1    1    1    1    
100    0.700638    0.920797    0    0    1    0    0    0    0    1    0    0    0    1    1    0    0    0    0    1    1    0    0    0    1    0    1    0    1    1    1    0    0    1    1    0    1    0    0    0    0    0    0    0    1    0    0    0    0    0    1    0    0    0    0    0    0    0    1    0    1    0    0    0    1    0    1    0    0    1    1    1    0    0    0    0    1    1    1    1    0    0    1    0    1    1    0    0    0    1    0    0    0    0    1    0    0    0    0    0    1    0    0    0    0    0    0    0    0    1    0    0    0    1    0    0    0    0    0    1    0    0    0    1    1    0    0    0    0    0    1    1    0    0    0    1    0    0    1    1    0    1    0    0    0    1    1    0    0    0    0    0    0    0    0    0    0    0    0    1    0    0    1    0    0    0    0    0    0    1    1    0    1    1    0    0    0    0    1    0    1    0    1    0    1    1    0    0    0    0    1    0    0    0    1    0    0    1    0    0    1    0    
100    0.650142    0.869063    0    0    0    0    0    1    0    0    0    1    0    1    1    0    0    1    1    0    1    1    0    0    0    0    0    1    1    0    0    0    1    0    0    0    0    0    0    0    0    0    1    1    1    0    1    0    0    0    0    0    0    0    0    0    0    0    1    1    1    0    0    1    1    0    0    0    1    0    0    0    0    1    0    0    0    1    0    0    0    1    0    1    1    0    1    1    0    1    0    0    0    0    1    1    1    0    0    0    1    1    1    0    1    0    1    0    0    0    0    1    0    0    0    1    1    1    0    1    1    1    0    0    1    0    1    1    0    1    1    0    0    0    0    0    1    0    0    1    1    1    1    0    0    1    1    0    0    0    0    0    0    1    0    1    0    0    0    0    0    0    1    0    1    0    0    0    0    0    0    0    1    0    0    1    1    1    0    0    1    0    1    1    0    0    0    1    0    0    1    0    0    0    0    1    1    0    0    0    1    1    
100    0.365999    0.754053    0    0    0    1    0    0    1    0    0    1    0    0    0    1    0    0    0    1    0    0    1    0    1    0    1    1    0    1    0    1    1    0    0    0    0    0    1    0    1    0    1    1    1    0    0    1    0    0    1    0    1    1    0    0    0    1    1    0    1    0    0    1    0    1    0    0    0    0    0    0    1    1    0    0    1    0    0    0    0    1    0    0    0    0    1    1    0    0    0    0    1    0    0    1    0    0    0    0    0    0    1    0    1    0    0    1    1    1    0    0    1    0    0    0    0    1    0    1    0    0    0    1    0    1    0    1    1    1    0    0    0    0    0    0    0    0    0    1    0    1    1    1    0    1    0    0    1    0    0    0    0    0    1    0    0    0    0    0    1    0    0    1    1    0    0    1    0    1    0    0    0    0    1    0    1    0    0    0    1    0    0    0    1    0    1    0    0    1    0    1    0    0    0    0    0    1    0    0    0    1    
100    0.806928    0.792621    0    0    0    0    0    1    0    0    0    1    0    0    1    0    0    0    0    0    0    1    0    0    0    0    0    0    0    0    0    0    1    0    0    1    1    0    0    1    0    0    1    0    1    0    0    0    0    0    0    1    1    0    1    0    1    1    0    0    1    1    0    0    0    0    1    1    1    0    0    1    0    0    0    1    1    1    0    0    0    0    1    0    0    0    0    0    0    1    0    0    0    1    1    1    0    0    1    0    0    0    1    0    0    0    1    0    1    0    1    0    0    1    0    1    1    0    0    1    0    0    0    0    0    0    1    1    0    0    0    0    0    0    1    1    0    0    0    1    0    0    0    0    0    0    0    0    0    0    0    0    1    1    0    0    0    0    0    0    1    0    1    1    1    0    1    1    1    0    0    0    1    0    0    0    0    0    0    0    0    0    1    1    0    0    0    1    0    0    1    0    0    0    1    0    0    1    1    1    0    0    
100    0.384209    0.523548    1    0    0    0    0    0    0    1    0    0    0    0    1    0    1    1    0    1    0    0    0    0    1    0    1    0    0    1    1    0    1    0    0    0    0    1    0    0    0    1    1    0    0    1    0    1    0    1    1    1    0    0    0    0    1    0    1    0    0    1    1    0    0    0    1    1    0    0    0    0    1    0    1    0    0    0    0    1    0    1    0    0    0    1    0    0    0    1    0    1    0    1    1    0    0    0    0    0    1    0    1    1    0    1    1    0    0    0    0    0    0    0    1    0    0    0    1    1    0    0    1    0    0    0    1    1    0    1    0    1    1    1    0    0    0    1    0    0    0    1    0    1    0    0    0    0    0    0    0    0    0    0    0    0    0    0    0    0    0    0    0    0    0    0    0    1    0    0    0    0    0    0    0    0    0    0    1    1    1    1    1    0    0    1    1    1    1    0    1    0    0    0    1    1    0    0    1    0    1    0    
100    0.60395    0.56788    1    0    1    0    0    1    0    1    0    1    0    0    1    1    1    1    1    0    0    0    0    0    0    1    1    0    0    0    1    1    1    0    1    0    1    0    0    1    0    0    0    1    0    1    0    1    0    1    0    0    0    0    1    0    1    1    0    0    1    0    1    0    1    1    1    0    1    1    0    0    1    1    1    0    0    1    0    1    1    0    0    1    1    1    0    1    1    0    1    1    0    0    0    1    1    1    1    0    1    1    0    0    0    1    0    0    0    0    0    1    1    0    1    1    0    0    0    0    1    1    0    0    0    1    0    0    0    1    0    0    0    0    0    0    0    1    0    1    0    0    0    0    1    1    1    0    0    0    0    1    1    1    0    0    0    1    0    0    0    1    0    0    0    0    1    0    1    0    1    1    0    1    0    0    0    1    0    1    0    1    1    0    0    1    0    0    0    0    0    0    0    1    1    1    1    1    0    0    0    0    
100    0.259937    0.910872    0    1    1    0    0    0    1    0    0    0    1    0    0    0    0    0    0    0    0    0    0    1    1    0    0    0    0    0    0    0    1    0    0    1    0    0    1    0    0    0    0    0    1    0    0    1    0    0    0    0    0    0    0    0    0    1    0    1    1    0    0    1    1    1    0    0    0    0    0    1    1    0    0    0    0    0    1    0    0    0    0    0    0    0    0    0    0    1    1    0    0    0    0    0    0    0    0    0    0    0    0    0    0    0    0    0    1    1    0    0    0    1    1    0    0    1    0    0    1    1    1    0    0    0    0    1    0    1    0    0    0    0    0    0    0    0    0    0    0    0    0    1    0    0    1    1    0    0    0    1    0    0    0    0    1    0    1    0    0    1    1    0    0    1    0    1    0    0    0    1    1    0    0    0    0    0    0    0    1    0    1    1    1    1    0    0    1    0    1    1    0    0    1    1    0    1    0    1    1    0    
100    0.543109    0.498101    1    0    1    1    1    1    0    1    0    1    1    1    0    0    0    0    1    1    1    0    1    0    1    1    0    0    1    0    1    1    1    0    1    1    0    0    0    0    0    0    0    1    1    1    1    1    0    0    0    0    0    1    1    0    1    0    1    0    1    1    0    0    0    1    0    1    1    1    0    1    0    0    0    0    1    1    0    0    0    1    1    1    0    1    0    1    0    0    1    0    1    0    0    1    0    1    1    1    0    1    0    0    0    0    1    1    0    0    1    0    0    0    0    0    0    1    1    1    0    0    0    0    0    1    0    0    0    0    1    0    0    0    0    0    1    0    0    0    0    0    1    0    0    0    1    1    1    0    1    0    1    0    1    0    0    1    0    0    1    1    0    1    1    1    1    1    1    1    1    0    0    1    0    0    0    0    0    1    0    0    1    0    0    1    0    1    0    0    0    0    0    1    1    0    1    1    1    0    1    0    
100    0.414365    0.699386    0    0    0    0    0    1    0    1    0    0    0    0    0    0    0    0    1    1    0    0    1    0    1    0    0    1    0    0    0    0    0    0    1    1    0    0    0    1    0    0    1    0    0    1    1    1    0    1    1    1    1    1    1    0    0    0    1    1    0    1    0    0    0    1    1    0    0    1    0    1    0    0    0    0    0    0    0    1    0    1    0    0    1    0    0    0    0    0    1    1    1    1    1    0    1    1    0    0    0    0    0    1    0    0    0    0    1    0    1    0    0    0    0    1    1    1    0    0    0    0    0    1    0    0    0    0    0    0    0    0    0    0    1    0    0    0    0    1    1    1    0    0    0    0    1    0    0    0    1    1    0    0    1    0    1    0    0    0    0    0    0    0    0    0    0    0    0    0    1    0    0    1    1    0    0    0    1    1    0    0    1    0    0    0    0    1    1    0    0    0    1    1    0    0    0    1    0    0    1    0    
100    0.536154    0.483858    1    0    1    0    0    1    0    1    0    1    1    1    1    0    1    1    1    1    0    0    1    0    0    0    1    0    0    1    0    0    0    1    1    0    1    0    0    1    0    0    0    0    1    1    1    1    1    1    0    0    0    0    1    0    0    1    0    0    0    1    0    0    1    1    1    0    0    0    1    1    0    0    0    1    0    1    1    1    0    1    0    1    1    0    0    0    1    0    1    1    0    0    0    1    1    1    0    1    1    1    1    0    1    1    0    1    1    0    1    1    0    0    0    1    1    0    0    1    1    0    0    0    1    0    0    0    1    0    0    1    1    0    0    1    1    1    1    0    0    0    1    1    0    0    1    0    1    0    1    0    1    1    0    0    0    1    1    1    1    0    0    0    1    0    0    1    0    0    1    1    0    0    0    1    1    1    1    0    0    0    0    0    0    0    1    0    0    1    1    0    0    1    0    1    0    0    0    0    1    1    
100    0.0892581    0.282588    0    0    0    1    1    1    1    1    0    1    0    1    0    0    0    1    1    0    0    1    1    0    0    0    0    0    0    1    1    0    1    1    0    1    0    0    0    0    1    0    1    1    1    1    0    0    0    0    1    1    0    1    1    0    0    0    0    0    1    0    1    0    1    1    0    1    0    0    0    1    1    1    0    0    0    0    1    1    0    1    0    0    0    1    0    0    0    1    0    0    1    0    1    1    0    0    1    1    1    1    0    1    0    1    0    0    1    1    0    1    1    0    0    0    0    0    1    0    0    0    0    0    1    0    1    1    1    0    1    1    1    0    0    0    1    1    0    0    1    0    0    0    0    1    0    0    0    1    1    0    1    1    1    0    0    1    0    1    1    0    0    1    1    0    1    0    0    0    0    0    0    0    0    0    1    0    1    1    0    0    1    0    1    1    1    0    0    1    1    1    0    0    0    1    0    0    0    1    1    0    
100    0.989184    0.247019    0    0    0    1    0    0    0    0    1    1    0    1    1    1    1    0    1    1    0    0    0    0    1    0    1    1    0    0    0    0    0    0    1    0    0    0    0    0    1    1    0    1    0    0    0    1    0    0    0    1    0    0    0    0    0    0    1    0    0    0    0    0    0    1    1    0    0    0    0    1    0    1    1    1    1    0    1    0    1    0    0    1    1    1    1    0    0    0    0    0    0    0    0    0    0    0    1    1    0    1    1    0    0    1    0    1    1    0    1    0    0    0    0    0    0    1    0    0    1    0    1    1    1    0    0    1    0    1    0    1    1    0    0    0    0    1    0    1    1    0    0    0    1    0    1    1    1    1    1    0    0    1    1    1    1    0    0    1    0    1    1    0    0    1    0    0    0    0    0    0    0    0    0    1    1    0    1    0    0    0    0    0    0    0    0    0    0    0    0    1    1    1    1    1    1    0    0    0    0    1    
100    0.95503    0.706451    1    0    0    0    0    1    0    0    0    0    0    0    1    0    1    1    1    0    1    0    0    0    0    1    1    0    1    0    0    0    0    1    1    0    0    0    0    0    0    0    0    1    0    0    0    0    0    0    0    0    0    0    0    0    1    1    0    0    0    1    0    0    0    0    0    1    0    0    0    1    0    0    0    1    0    0    0    1    0    1    0    0    0    1    0    0    1    1    0    0    0    0    1    1    0    0    1    0    0    0    1    0    0    0    1    0    1    0    0    1    0    0    0    1    1    0    0    1    0    1    0    1    0    0    1    0    1    1    1    0    1    0    0    0    1    0    0    0    1    0    1    0    0    1    0    1    0    0    0    0    0    0    0    0    0    0    0    1    0    0    1    0    1    0    1    1    0    0    0    1    0    0    0    1    1    1    0    1    1    1    0    0    0    0    0    1    1    0    1    0    0    0    0    0    1    0    0    0    0    0    
100    0.632313    0.637802    0    0    0    1    1    1    0    1    0    1    1    1    1    1    1    1    0    1    1    1    0    0    0    0    1    1    0    0    0    1    0    1    0    1    1    1    0    0    0    1    1    1    1    0    0    0    1    0    0    0    0    1    0    0    1    0    1    0    1    1    1    0    1    1    1    0    1    1    1    0    0    1    0    1    0    0    1    0    0    1    0    1    1    0    1    0    1    1    0    0    1    0    0    0    1    0    1    0    0    1    0    0    0    1    0    0    1    0    0    1    1    1    1    0    0    1    0    0    1    0    0    1    1    0    0    0    0    0    0    1    0    1    1    1    0    0    0    0    0    1    1    1    0    1    1    1    1    0    1    0    1    0    1    0    1    1    0    0    0    0    1    0    1    1    0    1    0    0    1    0    1    0    0    0    1    0    0    0    0    0    1    1    1    0    0    1    0    1    1    1    0    1    0    0    1    0    0    1    0    0    
100    0.195478    0.361874    0    1    0    1    0    1    0    1    0    0    0    0    0    0    0    1    0    1    1    0    1    0    0    1    1    0    0    0    0    0    1    0    1    0    0    1    0    1    1    0    1    1    1    0    1    1    1    0    0    0    0    0    0    0    0    0    0    1    0    0    0    1    1    0    0    0    1    0    0    0    0    0    0    0    0    0    1    0    0    1    0    1    0    1    1    1    0    0    1    1    0    0    1    1    1    0    0    0    1    1    0    0    1    0    1    1    1    1    0    0    0    0    0    1    0    0    0    0    1    1    0    1    0    0    0    0    0    0    0    0    0    1    0    0    0    0    1    1    1    1    1    1    0    1    0    1    0    1    0    1    1    1    1    0    0    0    0    0    1    1    1    0    1    0    0    0    0    1    0    0    1    1    0    0    0    0    1    0    1    0    0    0    0    1    1    1    0    1    1    1    1    0    1    0    1    0    0    0    0    0    
100    0.983405    0.0101903    0    0    0    0    0    1    0    0    1    0    0    1    1    0    1    0    0    0    0    1    0    0    1    0    0    0    0    0    1    0    0    0    0    1    0    0    0    0    0    1    1    1    0    0    1    0    0    1    0    0    1    0    0    0    0    0    1    0    0    0    1    0    0    1    0    0    0    0    1    0    0    0    0    0    0    1    1    0    0    0    0    0    0    1    0    0    0    1    0    0    0    1    0    1    0    0    0    1    1    0    0    0    0    1    1    1    0    1    0    0    0    0    0    0    1    0    0    0    1    0    1    0    0    0    0    0    0    1    1    0    0    1    1    0    0    0    0    0    1    0    0    0    0    0    1    0    1    0    0    0    0    0    1    0    0    0    0    0    1    1    0    0    0    0    1    0    0    0    0    0    0    0    0    0    0    1    0    0    0    0    0    0    1    0    0    0    0    1    0    0    0    0    0    1    1    0    1    0    0    0    
100    0.1604    0.0904442    1    0    0    0    0    0    0    1    0    0    0    1    1    1    1    1    0    0    0    1    0    0    1    0    0    1    0    0    0    1    1    0    1    0    1    1    1    1    0    0    1    0    0    0    1    0    0    0    0    0    0    1    1    0    0    1    1    0    1    1    0    1    0    0    1    1    1    0    0    0    0    0    0    1    1    0    1    1    0    0    0    1    0    0    0    0    1    1    0    0    1    1    0    0    0    0    0    1    1    1    1    0    0    0    1    0    1    0    1    0    0    0    0    0    0    0    1    1    1    1    0    0    1    0    0    0    0    0    0    0    1    1    0    1    1    0    1    0    0    0    1    0    0    0    0    1    1    0    0    0    0    1    1    1    0    1    1    0    1    0    0    1    1    1    0    1    1    0    0    1    0    0    1    1    1    0    0    1    0    1    1    0    0    1    0    1    0    0    1    0    1    0    1    1    0    0    0    0    1    1    
100    0.38414    0.312478    0    1    0    0    1    0    0    1    1    1    1    1    0    0    0    0    0    0    0    0    0    0    0    0    0    0    0    0    1    1    1    1    0    1    1    0    0    0    1    1    0    1    1    0    0    0    0    1    1    0    0    0    0    0    1    0    1    1    1    1    0    0    1    0    0    0    1    0    0    1    0    1    0    1    0    1    0    0    0    0    0    0    1    1    1    1    0    1    0    0    0    0    0    1    0    0    0    0    0    0    1    0    1    0    1    1    0    1    0    1    1    0    0    0    1    1    1    0    1    0    1    0    0    0    1    1    0    1    1    0    0    0    0    1    0    0    0    0    1    1    0    1    0    0    0    0    1    0    1    0    0    1    0    0    0    1    0    0    0    0    0    0    0    1    0    0    1    1    0    0    0    0    0    1    0    0    1    0    0    0    1    1    0    0    0    1    1    0    0    1    0    0    0    0    0    0    1    0    0    1    
100    0.890066    0.810305    0    0    0    0    0    0    0    0    1    1    0    1    1    0    1    0    1    0    0    0    1    0    0    0    0    0    1    0    0    0    0    0    0    1    1    0    1    0    0    1    1    0    1    0    1    0    0    0    0    0    1    0    0    0    1    0    0    0    0    0    0    0    0    0    1    1    0    0    0    0    0    0    0    1    0    0    0    0    0    0    1    0    0    0    0    0    1    0    0    0    1    0    1    0    0    0    0    1    0    0    0    1    0    1    0    1    0    0    1    0    1    1    1    0    0    0    0    0    1    0    0    0    0    0    1    1    0    1    1    1    0    1    0    0    0    0    1    0    0    0    0    0    1    0    1    1    0    0    0    1    1    1    1    0    0    0    0    1    1    1    1    1    1    0    1    0    0    0    1    0    0    0    1    1    0    1    1    1    0    0    1    0    1    0    0    0    0    1    0    0    0    1    0    1    0    0    0    0    0    0    
100    0.623373    0.957375    1    0    0    0    0    1    1    0    1    1    1    0    1    0    1    1    0    1    1    0    0    0    0    0    1    1    0    0    0    0    0    0    0    1    0    0    1    0    1    0    0    1    1    0    0    0    0    0    1    0    1    0    1    0    0    0    0    1    0    0    0    0    0    0    0    1    1    0    0    0    0    1    0    0    1    0    0    0    0    0    0    0    0    0    1    0    0    0    0    0    0    0    1    0    0    0    1    0    1    0    0    0    0    0    0    0    0    1    1    0    0    0    0    0    1    0    0    0    0    0    1    0    1    0    0    1    1    0    0    0    0    1    1    0    0    1    0    0    1    0    0    0    0    0    1    1    0    0    0    0    0    0    1    0    0    0    0    1    0    1    1    0    1    0    0    1    0    1    0    0    1    1    1    0    0    1    0    0    0    1    1    0    0    1    1    1    0    1    0    1    1    0    0    0    0    1    0    0    0    0    
100    0.740798    0.179901    0    0    0    1    1    1    0    1    0    0    0    0    0    0    1    0    0    1    0    0    0    0    1    0    0    0    0    1    0    1    0    1    0    0    1    0    0    0    1    0    0    1    0    0    0    0    1    0    0    0    0    0    0    0    0    1    0    1    0    0    0    0    0    0    0    1    0    0    0    0    0    0    0    1    0    0    0    1    0    0    0    1    0    0    0    0    0    0    1    1    0    0    0    0    1    0    0    0    0    1    1    0    0    0    0    1    0    0    0    1    1    0    0    0    1    1    0    0    1    1    1    0    0    0    1    0    0    0    0    1    0    0    0    1    0    0    0    0    0    1    0    0    0    0    0    0    1    0    0    0    0    1    0    1    0    1    0    0    1    1    0    0    0    0    1    0    0    1    0    0    1    0    1    0    0    0    0    0    0    1    1    0    1    0    1    0    1    1    0    0    0    0    0    0    0    0    1    0    0    0    
100    0.776287    0.399878    1    0    0    1    0    0    0    1    1    1    0    0    1    1    0    0    0    0    0    0    0    1    1    0    0    0    0    1    0    0    0    1    0    0    1    1    0    0    0    0    0    0    1    0    0    0    1    0    0    1    0    0    0    0    0    1    0    0    0    0    0    0    0    0    0    0    1    0    0    0    0    0    0    1    0    0    0    0    0    1    0    0    0    0    1    0    0    1    0    0    0    1    0    0    1    0    1    0    1    0    0    0    1    0    0    1    0    1    0    0    1    0    0    0    1    0    0    0    0    0    0    0    0    0    0    0    0    1    0    0    1    0    0    1    0    1    1    0    0    0    0    1    0    0    1    0    1    0    0    0    0    0    0    0    0    0    0    0    0    0    0    1    0    0    0    1    0    0    0    1    1    0    0    0    0    0    0    0    0    1    0    1    0    1    0    0    0    0    1    1    0    0    0    0    1    0    1    0    1    1    
100    0.889125    0.925009    0    0    1    0    0    1    0    1    1    1    0    1    1    0    0    0    0    0    0    0    1    0    0    0    0    0    0    0    0    0    0    1    0    0    1    0    0    0    0    1    1    0    0    1    0    0    0    0    0    0    0    1    0    0    0    0    1    0    1    0    1    0    0    0    0    0    0    1    0    0    0    0    0    0    0    0    1    1    0    1    1    0    0    1    0    0    0    0    0    0    0    0    1    0    0    0    1    1    0    0    0    0    0    0    0    0    0    0    0    0    0    1    0    1    0    0    0    0    0    1    1    1    0    0    0    0    0    0    1    1    1    1    0    0    0    0    0    0    0    1    1    0    1    0    0    0    0    0    0    0    0    0    1    0    1    0    0    1    0    1    0    0    1    0    0    0    1    0    0    1    0    1    0    1    0    0    0    0    0    0    0    0    0    0    1    1    1    0    0    0    0    0    1    1    0    0    0    0    0    0    
100    0.667274    0.455545    0    1    1    1    0    0    0    1    0    0    1    1    0    1    0    1    1    0    0    0    0    1    0    0    0    0    0    0    1    1    0    0    0    0    1    1    1    1    0    0    1    1    1    1    0    1    0    1    0    0    0    1    1    0    1    1    0    1    0    1    0    0    0    1    1    1    1    0    1    0    0    0    0    1    0    0    0    0    1    1    0    0    0    0    1    1    0    1    1    1    1    1    0    0    0    0    1    0    0    1    1    0    1    1    0    1    0    1    0    0    0    0    0    0    0    0    0    1    0    1    0    1    1    0    1    0    0    1    0    1    0    0    0    1    0    0    0    0    0    1    0    0    0    0    1    0    0    0    0    0    0    0    0    0    1    1    0    0    0    0    1    0    0    1    0    0    1    0    0    0    1    1    1    0    1    1    0    0    1    0    1    0    1    0    1    0    1    0    1    1    1    0    0    0    0    1    0    0    0    1    
100    0.194138    0.413524    0    0    1    0    0    1    0    0    0    1    0    0    0    0    0    0    1    0    0    0    1    0    0    0    0    1    1    0    0    0    1    0    1    1    0    0    0    0    0    0    0    1    1    1    0    0    1    0    1    0    1    0    1    0    0    0    0    1    0    0    0    0    1    1    0    0    1    0    0    0    1    0    1    0    0    0    1    0    1    1    0    1    0    0    0    0    0    0    1    0    1    0    0    0    0    0    1    1    0    0    0    0    0    1    0    0    0    1    0    1    1    0    1    1    1    0    0    0    0    0    1    0    1    0    1    0    0    1    0    0    0    1    0    1    0    0    0    0    0    0    1    0    1    0    0    0    1    1    0    1    1    0    0    0    0    1    0    0    1    0    0    0    0    0    1    0    0    0    0    1    1    1    0    1    1    0    0    0    1    0    1    0    1    0    0    1    1    0    0    0    1    0    1    1    1    1    0    0    0    0    
100    0.443614    0.329942    1    0    0    0    1    0    0    0    0    0    0    1    0    0    0    0    0    1    0    0    1    1    0    0    0    0    0    0    0    1    0    0    0    1    0    0    1    0    0    1    0    1    0    0    1    1    0    1    0    0    0    1    0    0    1    0    1    0    1    1    1    0    1    0    1    1    0    0    1    0    0    0    1    1    0    1    0    0    0    1    1    0    0    1    1    1    0    0    1    0    0    1    0    0    0    1    0    0    1    0    1    1    0    1    1    1    0    0    1    1    0    0    1    0    0    0    1    1    0    0    1    0    1    0    0    0    1    0    1    0    1    0    0    1    0    1    1    0    1    1    1    0    1    1    0    0    0    0    1    0    1    1    1    0    0    0    1    0    0    0    0    0    0    0    1    1    0    0    1    0    0    0    0    0    0    0    0    1    0    0    1    0    0    1    0    1    0    1    0    1    0    0    0    1    1    1    0    0    1    1    
100    0.689702    0.495123    1    0    0    1    0    1    0    1    1    0    0    0    1    0    1    0    1    0    1    0    1    1    0    0    0    0    0    1    1    1    0    0    1    0    1    0    0    0    0    1    0    0    1    1    0    0    0    0    0    1    0    0    0    0    1    0    1    0    0    0    0    0    0    0    1    1    0    1    0    0    1    1    1    1    1    0    0    1    1    1    0    1    0    1    1    1    0    0    0    1    0    1    0    1    1    0    1    1    1    1    0    0    0    1    1    1    0    1    1    1    0    0    0    1    0    0    1    1    0    1    1    0    1    1    0    0    0    0    0    0    1    0    1    1    0    0    1    1    0    0    1    0    0    1    0    1    0    1    1    1    1    0    0    0    1    1    0    0    0    1    0    0    0    0    0    1    1    0    1    1    0    1    1    0    1    1    0    1    0    0    0    0    1    1    0    1    1    1    0    0    0    0    0    0    0    1    1    0    0    0    
100    0.230086    0.0787435    0    0    0    0    0    0    0    0    1    1    0    1    0    0    0    0    1    1    0    0    1    0    1    0    0    0    0    1    0    0    1    0    0    0    1    1    0    0    1    1    1    0    1    0    0    0    0    0    0    0    0    0    0    0    0    0    0    1    0    1    0    0    1    0    0    1    0    0    0    1    1    0    1    0    1    0    1    1    0    0    1    0    0    1    0    0    1    1    0    0    0    1    0    0    0    0    0    0    1    0    0    0    1    1    0    1    1    0    0    0    1    0    0    0    0    1    0    0    1    0    1    0    1    0    0    0    0    0    1    0    1    0    1    1    1    0    0    0    0    0    0    0    1    0    0    0    1    0    1    0    0    0    1    0    1    0    0    0    0    0    1    1    0    1    1    1    0    0    0    0    0    1    0    0    1    0    0    1    1    1    0    0    1    0    0    1    1    1    0    1    1    1    0    1    0    1    1    0    1    0    
100    0.405695    0.755664    1    0    0    0    0    0    1    0    0    0    0    1    1    0    0    0    0    0    0    0    0    0    0    1    0    0    0    1    0    1    1    0    1    0    0    1    0    1    1    0    0    0    0    0    0    0    0    1    0    0    0    0    0    0    0    1    0    0    0    0    0    1    0    0    0    0    0    1    0    0    1    0    0    0    1    1    0    0    0    0    0    1    0    0    0    0    0    0    1    1    1    0    1    0    0    0    0    0    0    0    0    0    0    1    1    0    0    0    1    0    1    0    1    0    0    0    0    0    1    1    1    1    1    0    0    0    0    0    0    0    0    0    0    1    0    1    1    0    0    0    0    0    0    0    0    0    0    1    1    0    1    0    0    1    1    1    0    1    1    0    0    0    1    1    1    1    1    1    0    0    1    0    0    0    1    0    1    0    0    0    1    0    0    0    0    0    0    0    0    0    0    1    0    1    0    1    0    1    0    0    
100    0.275995    0.270879    1    0    0    0    1    0    1    0    1    0    0    0    0    1    0    0    1    0    0    1    0    0    0    1    0    1    1    0    1    1    1    1    0    1    0    0    1    1    1    0    1    0    1    0    0    0    0    1    1    0    0    1    0    0    1    0    1    1    0    0    1    0    1    0    1    1    1    0    0    1    1    0    1    1    0    1    1    0    0    0    0    1    1    0    0    0    0    0    1    1    1    1    0    1    1    0    0    1    1    1    0    0    0    1    0    1    0    1    0    0    1    0    0    0    1    0    0    1    1    1    0    1    0    1    1    1    0    1    1    1    0    0    0    1    1    1    0    0    0    0    0    0    0    0    1    0    1    1    1    0    1    1    1    0    1    0    1    1    0    0    0    1    0    1    0    0    0    0    0    1    1    1    1    1    0    0    0    0    1    1    1    0    1    0    1    0    1    0    0    0    0    0    0    1    0    0    0    0    1    1    
100    0.806612    0.706954    0    1    1    1    0    0    1    1    0    0    1    1    0    1    1    1    1    1    1    1    0    0    1    1    0    0    1    1    0    1    0    1    0    0    0    1    1    0    0    1    0    0    0    0    0    1    0    0    1    1    0    0    0    0    0    0    0    0    0    1    0    0    0    1    1    0    0    0    0    0    0    0    1    0    1    1    0    1    0    0    0    1    0    1    0    0    0    0    1    0    0    1    0    1    1    0    1    0    1    1    1    0    0    0    1    1    0    0    0    0    0    1    1    0    1    1    0    1    0    0    0    0    0    0    0    0    1    0    0    0    1    0    1    1    0    0    0    1    0    0    0    0    0    1    1    0    1    0    0    0    1    0    0    1    0    0    0    1    0    0    0    0    1    0    1    1    0    1    1    1    0    0    0    0    1    0    0    0    0    0    0    0    0    1    1    0    1    1    1    0    0    0    0    1    0    0    1    1    1    1    
100    0.634088    0.319343    1    1    0    1    1    0    0    1    1    0    1    0    1    1    1    0    0    1    0    0    0    0    0    1    0    0    0    0    0    0    0    0    1    0    1    0    0    0    0    0    0    0    1    0    1    0    1    1    0    0    0    0    0    0    0    1    1    0    0    1    0    1    0    1    1    1    0    0    1    1    0    0    1    1    0    0    0    0    1    0    0    0    1    1    1    1    1    1    1    1    0    1    0    0    1    1    1    0    0    0    0    1    0    1    1    0    1    1    1    0    0    0    0    0    1    0    1    0    0    0    1    0    1    1    0    1    1    1    1    0    0    1    1    1    1    1    0    0    1    0    0    1    0    0    1    0    0    0    0    0    0    0    0    1    0    0    0    1    0    0    0    1    0    1    1    0    0    0    1    0    0    0    1    1    0    0    0    0    0    0    1    0    0    1    0    1    1    1    0    1    0    0    1    0    1    0    1    0    0    0    
100    0.920926    0.462161    1    0    0    0    0    0    0    0    1    1    0    1    1    1    0    0    0    0    0    1    0    0    0    0    0    0    0    0    1    0    1    0    0    1    0    0    0    0    0    1    1    1    0    0    0    0    1    0    0    0    0    0    0    0    0    0    0    0    0    0    0    0    0    1    0    0    0    0    0    0    0    0    0    1    0    0    0    0    0    0    1    1    0    1    0    0    1    0    0    1    0    0    0    0    0    0    1    0    0    0    0    0    0    0    1    1    0    0    0    0    0    0    1    0    0    0    1    0    1    0    0    0    0    0    0    0    0    0    0    0    0    0    0    0    0    0    0    1    0    0    0    1    0    0    0    0    1    0    0    0    1    1    0    1    0    1    1    0    0    0    0    0    0    0    0    0    0    1    0    1    0    0    0    0    1    0    1    0    0    0    0    0    0    0    0    0    1    0    0    0    0    1    0    1    0    0    1    0    1    0    
100    0.123913    0.26245    0    1    0    0    0    1    1    0    1    0    0    1    0    1    1    0    1    0    0    1    1    0    1    0    0    0    0    1    0    0    1    0    0    1    0    1    0    1    0    0    0    1    1    0    1    1    0    1    0    0    1    0    1    0    0    0    1    0    0    0    0    1    0    1    1    1    0    0    0    0    0    0    0    1    0    0    0    0    0    0    0    1    0    0    0    0    0    0    0    0    1    0    1    1    1    0    1    1    1    1    0    0    0    0    0    1    0    1    1    0    1    1    0    0    1    1    0    0    1    0    1    0    1    0    0    1    0    0    1    1    1    1    0    1    0    1    0    0    0    0    0    1    0    1    1    1    0    1    0    0    1    1    0    1    1    1    0    1    0    0    0    0    0    1    1    1    1    1    0    1    1    0    1    0    1    1    1    0    0    0    0    1    1    1    1    1    0    0    0    0    0    1    0    0    0    0    1    1    0    0    
100    0.673744    0.612369    1    1    1    1    0    0    0    1    1    1    0    0    1    1    0    0    0    1    1    0    0    1    0    0    0    0    0    1    0    1    0    1    1    0    0    0    1    1    0    1    0    1    0    0    1    1    0    1    0    0    1    0    1    0    0    1    0    0    1    1    1    0    1    1    1    1    0    0    1    1    0    1    1    1    1    1    1    1    1    0    0    1    0    0    1    1    1    0    1    1    1    0    0    0    0    0    0    1    0    1    0    0    0    0    0    0    1    1    0    1    1    0    0    1    1    0    0    1    1    0    0    0    1    1    0    0    0    1    1    0    0    1    1    0    0    0    0    0    0    1    0    0    1    1    0    1    1    0    1    1    1    1    1    1    0    0    1    1    0    1    0    0    1    1    0    0    0    0    1    0    0    0    1    1    1    1    0    0    0    0    1    1    1    0    1    1    0    0    0    0    0    0    0    0    0    0    0    0    0    0    
100    0.00405792    0.646797    1    0    0    0    0    0    0    0    1    0    0    1    1    0    0    1    0    0    1    0    1    0    0    0    0    0    1    0    0    0    0    0    1    1    0    0    0    0    0    1    1    1    0    0    0    0    0    1    0    0    0    0    0    0    0    0    0    0    1    0    1    1    1    0    0    0    0    1    0    0    0    0    0    0    1    1    0    1    0    0    0    0    0    1    0    0    0    1    0    0    0    0    0    1    0    0    0    1    0    0    0    0    0    0    1    0    0    0    0    0    0    0    0    0    0    0    0    0    1    0    0    0    0    0    0    0    0    0    1    0    0    0    0    0    0    0    0    0    0    0    0    0    0    1    1    0    0    0    1    0    0    0    1    1    1    0    0    0    0    0    1    0    0    0    0    0    1    1    0    1    0    1    0    0    0    0    1    0    0    1    0    1    0    0    1    0    0    0    1    0    0    0    0    1    0    0    1    0    0    0    
100    0.455975    0.808505    1    0    1    1    1    0    0    1    1    0    0    0    1    0    1    0    0    1    0    0    0    0    1    0    0    0    1    0    0    0    0    0    0    0    0    1    1    1    1    0    0    0    0    0    0    0    0    0    0    0    1    1    1    0    0    1    0    0    0    1    1    0    0    0    1    1    1    0    0    1    0    1    0    0    1    1    0    0    1    1    0    1    0    0    0    1    0    1    0    0    1    0    0    1    0    0    0    0    0    0    1    1    0    1    0    1    0    0    0    0    0    0    1    0    0    0    0    0    0    0    1    1    0    0    0    1    1    0    1    0    0    1    0    0    1    0    0    1    1    0    1    1    1    0    1    1    1    1    0    0    1    0    0    0    1    1    1    0    0    0    0    1    0    1    1    0    0    1    0    0    1    0    0    0    1    1    0    1    0    1    1    0    1    0    0    0    0    1    0    1    0    0    0    0    0    0    1    1    0    0    
100    0.671825    0.620197    1    0    1    0    0    0    0    1    1    0    0    1    0    1    0    0    1    0    0    1    1    0    0    0    1    0    1    1    1    1    1    0    0    0    1    0    1    1    0    0    0    1    0    1    0    1    0    1    0    0    1    0    1    0    1    1    1    1    0    0    0    1    1    1    0    0    1    0    0    1    1    0    0    0    0    1    1    0    1    0    0    1    0    1    1    1    0    1    0    1    1    1    0    1    1    0    1    0    0    1    0    0    0    1    1    0    1    0    0    0    0    1    0    0    0    1    1    1    0    1    1    0    0    0    0    0    1    1    0    1    0    0    0    0    0    1    0    1    1    0    1    1    0    1    1    0    1    0    1    0    1    1    1    1    0    0    1    0    1    1    1    0    0    1    1    1    1    0    1    0    1    1    1    0    0    0    0    0    0    1    0    0    1    0    1    1    1    0    1    1    0    0    0    0    0    0    0    0    0    1    
100    0.030087    0.800549    0    0    0    0    0    0    0    0    1    0    0    0    0    0    0    0    1    0    0    0    0    0    0    1    0    0    1    0    0    0    1    0    1    0    0    0    0    0    0    0    0    0    0    1    0    1    0    0    0    0    1    1    0    0    0    0    0    0    0    1    0    0    0    0    0    1    0    0    0    1    0    0    0    1    0    0    0    1    1    0    1    0    0    1    0    0    0    0    0    0    0    0    0    1    0    0    0    1    0    1    0    0    1    0    0    0    0    1    0    0    0    0    0    0    1    0    0    0    0    0    1    1    1    0    0    1    0    0    0    0    0    0    0    0    0    0    0    0    0    1    0    1    0    0    1    0    0    0    0    1    0    0    0    1    0    0    0    1    0    1    0    1    0    0    0    0    0    1    0    0    0    0    0    0    1    0    0    0    0    0    0    0    1    0    1    0    0    0    0    0    0    0    0    1    1    0    0    0    0    0    
100    0.919343    0.973855    0    0    0    0    0    0    0    0    0    1    0    1    1    0    1    0    0    0    1    1    0    0    0    0    0    0    0    0    0    0    0    0    0    0    0    0    0    1    0    0    1    0    0    1    0    1    0    0    0    0    0    1    1    0    0    0    0    0    0    0    0    0    0    1    0    0    0    0    0    0    0    0    0    0    0    0    0    1    0    0    1    0    0    0    0    0    0    0    0    0    1    1    0    1    0    0    0    0    0    1    0    0    0    0    0    0    1    0    1    0    0    0    0    1    0    0    0    0    1    0    0    0    1    0    0    0    0    0    0    0    0    0    0    0    1    0    1    0    0    0    0    0    1    0    0    1    0    0    1    0    0    1    1    0    0    0    0    0    1    1    0    1    1    0    0    0    0    0    0    0    0    0    0    1    0    1    1    1    0    0    0    1    0    0    0    0    0    1    0    0    0    0    0    0    0    0    1    0    1    0    
100    0.403395    0.687854    0    0    0    1    0    0    1    0    0    1    1    0    0    0    0    0    0    0    0    0    0    0    1    0    1    1    0    1    0    1    0    0    0    0    0    1    1    1    0    0    1    0    1    0    0    1    0    0    0    1    1    0    1    0    1    1    0    0    1    1    0    0    0    0    0    0    1    1    0    0    0    1    0    1    1    1    0    0    0    1    0    0    0    0    1    0    0    1    0    0    1    0    0    0    1    0    0    1    0    1    0    0    0    0    0    1    0    1    0    1    1    1    0    0    0    0    1    1    1    0    0    1    0    0    0    0    0    0    1    0    0    0    0    0    0    0    0    0    0    1    0    0    0    0    0    1    0    0    0    0    0    0    1    1    1    0    1    0    0    0    0    0    0    0    1    0    1    0    0    0    1    0    0    1    0    1    0    0    1    0    0    1    0    0    0    1    0    0    0    0    1    0    0    0    1    0    1    1    1    0    
100    0.837737    0.147299    1    0    0    0    1    0    0    0    0    1    1    0    0    0    1    0    0    0    0    1    0    0    1    0    0    0    0    1    1    0    0    1    0    0    0    0    0    0    1    0    0    0    0    0    0    0    0    0    1    0    0    0    1    0    1    0    0    0    0    1    0    0    0    0    1    1    0    0    1    1    0    1    1    0    0    0    1    0    0    0    0    0    1    1    0    0    0    0    0    0    1    0    0    1    0    0    0    0    1    0    1    0    0    1    0    0    0    0    1    1    1    1    1    1    0    0    0    1    0    0    0    1    1    0    0    0    0    1    0    1    1    0    0    0    0    0    0    1    1    0    1    0    1    0    0    0    0    0    0    0    0    0    1    0    1    0    0    0    0    1    0    1    1    0    1    0    0    0    0    0    0    0    0    0    0    0    0    0    0    0    1    0    0    1    0    0    0    0    0    0    0    0    0    0    0    1    0    0    0    0    
100    0.646036    0.885317    0    0    1    0    0    0    1    0    0    1    0    0    1    1    1    1    0    0    0    1    0    1    0    0    1    0    0    0    0    1    0    1    1    1    0    0    0    1    1    0    1    0    1    0    1    0    0    0    1    0    1    0    0    0    0    0    0    0    0    0    0    0    0    0    1    1    0    0    1    0    0    0    0    0    1    1    0    0    0    0    0    1    0    0    0    0    0    0    0    0    0    0    1    0    0    0    1    0    1    0    1    1    1    0    0    0    0    0    0    1    0    0    0    1    0    0    0    1    0    1    1    0    0    1    0    0    1    0    1    0    1    0    1    0    1    0    1    0    0    1    0    1    0    0    0    0    0    0    0    0    0    0    0    0    0    0    0    1    0    1    0    0    1    1    0    0    0    1    0    1    1    0    1    1    0    0    0    1    0    0    0    0    0    0    0    1    0    0    1    1    0    0    0    0    0    0    0    0    0    1    
100    0.170289    0.0403313    0    0    1    0    0    0    0    0    0    0    0    1    0    0    0    0    1    1    0    0    1    0    0    0    1    0    0    1    1    0    0    0    0    0    0    0    0    0    0    1    1    1    0    0    0    0    0    0    0    0    1    1    0    0    0    0    0    1    1    0    0    1    0    0    0    0    0    0    1    0    0    0    1    1    0    1    1    1    0    0    0    0    0    0    0    0    1    0    0    0    0    0    0    0    0    0    0    1    1    1    1    0    0    1    0    0    1    0    1    0    0    0    0    1    0    0    0    0    0    0    0    0    0    0    0    1    0    0    0    0    0    1    0    0    0    0    0    0    0    1    0    0    0    1    1    0    1    0    0    0    0    0    1    1    0    1    0    0    1    1    0    1    1    0    0    1    0    0    0    0    0    1    0    0    1    0    0    1    0    0    1    1    0    1    0    0    1    1    1    0    1    0    1    1    0    1    0    0    1    0    
100    0.117811    0.511982    0    0    0    0    1    0    0    0    1    0    0    0    1    0    0    1    1    1    0    0    1    0    0    0    0    0    0    0    1    0    1    0    1    0    0    0    0    0    1    0    0    1    1    0    0    1    0    1    0    0    0    0    0    0    0    0    1    0    1    0    0    0    0    0    0    0    1    1    0    0    0    0    0    0    0    0    0    0    0    0    0    1    0    0    1    0    0    1    0    0    0    0    0    0    0    0    0    0    1    0    1    1    1    1    0    1    0    0    0    0    0    0    0    1    0    0    0    0    0    1    1    0    1    0    1    0    0    1    1    0    0    0    0    0    0    1    0    0    0    0    1    0    0    0    1    0    0    0    1    0    0    0    1    0    0    0    1    0    0    0    0    0    0    0    0    1    0    0    1    0    0    0    0    0    0    0    1    0    1    1    0    0    0    1    0    1    0    0    0    0    0    0    0    1    1    0    0    0    1    0    
100    0.250427    0.39972    0    1    1    1    1    0    0    1    1    0    0    1    0    0    0    1    0    0    0    0    0    0    0    0    0    1    1    0    1    1    1    0    0    1    1    0    0    0    1    1    0    0    0    0    0    0    0    1    1    1    0    0    0    0    1    0    1    1    1    0    1    1    1    1    0    1    1    1    0    1    0    0    0    0    1    0    0    0    0    0    0    0    0    0    0    0    0    0    0    1    0    1    0    1    1    0    0    1    1    1    0    1    0    0    1    0    0    0    1    0    0    0    0    0    0    1    0    0    0    0    1    0    0    0    0    1    1    0    1    0    0    0    1    1    0    1    1    0    1    0    1    0    0    0    0    0    0    0    1    1    0    1    1    1    0    1    1    0    0    1    0    1    0    1    1    0    0    1    0    0    0    0    0    0    0    0    1    1    0    0    0    0    0    0    1    0    0    0    0    0    1    0    1    1    0    0    1    1    1    1    
100    0.773717    0.437484    1    0    0    0    0    0    0    1    0    0    1    1    0    0    0    0    0    0    0    0    1    0    0    0    0    0    0    0    1    0    0    1    0    0    0    1    1    0    0    0    1    0    1    1    1    0    0    0    0    1    0    0    0    0    0    1    0    0    0    0    0    0    0    0    1    0    0    0    1    1    0    1    1    0    0    0    0    0    0    0    1    1    0    1    0    0    0    1    0    1    1    0    0    0    0    1    0    0    0    1    0    0    1    0    1    0    1    0    0    0    0    0    0    1    0    0    0    1    0    0    0    1    1    1    0    1    0    1    0    0    0    1    0    1    0    0    0    1    0    0    0    1    0    1    1    0    0    0    1    0    1    0    0    0    1    0    0    0    0    0    0    0    0    0    0    1    0    0    1    0    0    0    0    0    0    0    0    1    1    0    0    0    0    0    1    0    0    0    0    0    0    0    0    0    0    1    0    0    0    0    
100    0.0693742    0.32173    1    1    0    1    0    1    0    0    1    0    0    1    1    0    1    0    1    0    0    1    0    0    0    0    1    1    1    1    0    0    1    0    1    1    1    1    0    0    0    0    1    0    0    0    1    1    1    1    0    1    0    0    0    0    0    0    0    0    0    0    0    1    1    1    0    1    1    0    1    0    0    1    0    0    1    0    1    0    1    0    1    0    0    0    0    0    0    1    0    0    0    0    1    1    1    0    1    0    0    0    0    1    0    0    0    0    0    1    0    0    0    0    0    0    0    0    1    0    1    1    1    0    1    1    0    0    1    0    1    0    1    0    0    1    1    1    1    1    0    0    0    1    1    0    1    0    1    1    0    0    1    1    1    0    1    1    0    0    0    0    0    1    0    1    1    1    1    0    0    0    1    0    0    0    0    0    0    0    0    0    0    1    0    0    1    1    0    1    0    0    1    1    0    1    1    0    0    1    0    0    
100    0.969861    0.230418    0    0    1    0    1    1    0    1    1    1    1    0    1    0    1    1    0    1    0    0    0    0    0    0    0    1    0    1    1    1    1    0    1    0    0    0    0    0    0    0    0    1    0    1    1    1    0    0    0    0    0    1    0    0    0    0    0    0    0    0    0    1    1    1    0    1    1    0    0    1    0    0    1    1    0    0    1    0    0    1    0    0    0    0    0    0    0    0    0    0    0    0    0    0    0    0    0    0    0    0    1    0    0    0    0    0    1    1    0    1    0    0    0    1    0    0    1    0    0    1    0    0    0    0    0    1    0    0    1    1    1    1    0    1    0    1    0    0    1    0    0    1    0    0    0    1    0    1    0    1    0    0    0    1    1    0    0    0    0    0    0    1    0    0    0    1    0    0    0    0    1    1    0    1    0    0    0    0    1    0    0    1    1    1    0    1    1    0    0    0    0    0    0    0    0    0    1    0    0    0    
100    0.960861    0.382323    1    0    0    0    0    0    1    1    1    1    0    1    1    0    0    0    1    0    0    0    1    1    0    0    1    0    0    0    0    0    0    0    0    1    1    0    1    0    0    1    1    1    0    1    1    0    0    0    1    0    0    0    0    0    0    0    0    0    0    0    0    1    0    1    0    1    1    0    1    0    0    0    0    1    0    0    0    0    0    0    0    0    0    0    1    0    0    0    0    1    0    1    0    0    0    0    1    0    0    0    0    0    1    0    1    1    1    0    0    1    1    0    1    0    0    0    0    0    1    1    0    1    1    0    1    0    0    0    1    0    0    0    0    0    0    0    0    0    0    0    0    0    0    0    0    0    0    0    1    0    1    0    1    0    0    1    1    0    0    1    0    0    0    0    0    1    1    0    1    0    0    0    0    0    0    1    1    0    0    1    1    0    0    0    1    0    1    0    0    1    1    1    0    0    0    0    0    0    1    1    
100    0.606777    0.100987    1    0    1    1    1    1    0    0    1    0    1    0    0    0    0    0    1    0    0    0    0    0    0    0    0    0    0    1    0    0    0    0    0    0    1    0    0    0    0    0    0    1    0    0    1    0    0    1    0    0    0    0    1    0    0    0    1    0    0    1    0    0    0    0    0    1    0    0    0    0    0    0    0    0    0    0    0    0    0    1    0    0    0    0    0    0    0    0    0    0    0    1    0    0    0    0    0    1    1    1    1    1    0    0    1    1    0    1    0    0    0    0    0    0    1    0    0    1    0    1    1    0    1    0    1    0    0    1    0    1    0    0    0    1    0    0    1    0    0    0    1    0    0    0    1    0    0    0    0    0    0    0    0    0    0    0    1    1    0    0    0    0    1    0    0    1    0    0    0    0    0    1    0    0    0    0    0    1    0    1    0    0    1    0    0    0    0    0    0    1    0    0    1    0    0    0    0    1    0    1    
100    0.268945    0.190711    1    0    1    0    1    0    0    1    1    1    0    0    0    0    1    1    1    1    0    0    1    0    1    0    0    0    0    1    0    0    1    0    1    1    0    0    0    1    0    0    0    1    1    0    1    1    0    0    0    0    0    0    1    0    1    0    1    0    1    1    0    1    0    0    1    0    0    1    0    0    1    0    1    1    0    1    0    0    1    0    0    1    1    1    0    1    0    1    1    1    0    1    1    1    0    0    0    0    0    1    0    0    1    0    1    0    1    0    1    1    0    0    1    1    0    1    0    0    1    1    0    0    0    0    1    0    0    0    0    0    0    0    1    0    1    0    1    0    1    0    1    1    0    0    1    1    0    0    0    0    0    1    0    0    0    0    1    0    0    0    0    1    1    1    0    0    1    0    0    0    0    0    1    0    0    0    1    0    1    1    0    0    1    0    1    1    1    1    0    1    0    1    0    1    1    1    0    0    0    1    
100    0.740637    0.256451    0    0    0    0    0    0    0    1    0    0    0    0    0    1    0    0    0    0    0    1    0    1    1    0    0    1    0    0    0    0    0    0    0    1    1    0    0    0    1    0    0    0    0    0    1    0    1    0    0    1    0    0    0    0    0    0    0    0    0    1    0    0    1    0    0    0    0    0    1    1    0    0    1    0    0    0    0    1    0    0    0    0    0    0    0    0    0    1    1    0    0    1    0    1    0    0    1    0    1    0    0    0    1    1    1    0    1    0    0    0    0    0    0    0    1    0    1    1    0    0    0    0    0    0    1    1    1    0    1    1    0    0    0    0    0    1    1    0    0    1    0    0    0    0    0    0    1    1    0    0    1    0    0    0    0    0    0    1    1    0    1    1    0    0    0    0    0    0    0    0    0    0    0    1    0    0    1    1    0    0    0    0    0    0    0    0    0    0    0    1    1    0    1    0    1    0    1    0    0    0    
100    0.530663    0.782416    1    1    0    1    0    0    1    0    1    0    1    1    1    0    0    0    0    1    0    1    1    1    1    0    1    1    0    0    1    1    0    0    0    0    0    1    0    1    1    0    1    1    0    1    1    0    0    1    0    0    0    0    0    0    1    1    1    1    0    1    1    1    1    0    1    0    0    0    0    0    1    1    0    1    1    1    0    0    0    0    0    1    0    0    0    1    1    1    1    0    0    0    0    1    1    1    1    1    0    0    1    0    0    0    1    0    1    1    0    0    0    0    0    0    0    0    1    0    1    1    0    0    1    0    1    1    1    1    0    0    0    0    0    0    0    0    0    1    1    0    0    0    1    0    1    0    1    1    0    0    1    0    1    1    0    0    1    1    0    0    0    0    0    0    0    0    0    1    0    1    0    0    0    1    1    1    1    0    1    1    0    1    0    1    1    0    0    0    0    0    1    0    0    0    0    1    1    1    1    0    
