50    0.739474    0.153044    1    1    1    0    1    1    1    1    0    1    0    1    1    0    1    1    1    1    1    1    0    1    1    1    1    0    1    1    1    1    1    1    1    1    0    1    1    1    1    1    1    1    1    1    1    1    1    0    1    1    1    0    0    1    1    1    1    1    1    0    0    1    1    1    1    0    1    1    1    1    1    1    1    1    0    1    1    1    1    1    0    1    1    1    0    1    1    1    1    1    1    1    1    1    1    1    1    1    1    1    0    1    1    1    0    0    0    0    1    0    1    1    1    1    1    1    0    0    1    1    1    1    1    1    0    0    1    1    1    0    1    0    0    0    1    0    0    1    1    1    0    1    1    1    0    1    1    1    0    1    0    0    1    0    1    1    0    0    0    0    0    0    1    1    0    0    1    0    1    1    0    0    1    1    1    0    1    1    1    1    1    1    0    0    0    0    1    1    1    0    0    0    0    1    0    1    1    1    0    0    
50    0.744099    0.261423    0    1    1    1    1    1    1    1    1    1    0    1    1    1    1    1    1    1    1    1    1    1    1    1    1    1    1    1    0    0    1    1    1    1    1    1    1    1    1    0    1    1    1    1    1    1    1    0    1    1    1    1    1    1    1    1    1    1    0    1    1    1    1    1    1    0    1    0    1    1    1    1    0    1    1    1    1    1    1    1    1    1    1    1    1    1    1    1    1    1    1    1    1    1    1    1    1    1    0    0    0    1    0    0    1    0    1    1    1    0    0    0    1    0    0    1    1    1    1    0    1    1    1    0    1    1    1    0    1    0    0    0    0    0    0    1    0    0    0    0    1    0    0    1    0    0    1    1    1    0    1    0    1    0    0    0    0    0    1    1    1    0    1    1    1    1    1    1    0    0    0    0    0    1    1    1    0    0    0    0    0    1    0    0    1    0    0    0    1    0    0    1    1    0    1    0    0    0    1    1    
50    0.867559    0.978323    0    1    1    1    1    1    1    1    1    1    1    1    1    1    1    1    1    1    1    1    0    1    1    1    1    1    1    1    1    1    1    1    1    1    1    1    0    1    1    1    1    1    1    1    1    0    1    1    1    1    1    1    1    1    1    1    1    1    1    1    1    1    1    1    1    1    1    1    1    1    1    1    1    1    1    1    1    1    1    1    1    1    0    1    1    1    1    1    1    1    1    1    1    1    1    0    1    1    1    1    1    0    0    1    0    0    1    1    1    1    0    1    0    0    1    0    1    1    0    1    1    1    1    1    0    1    1    1    1    1    0    0    1    0    1    0    0    0    1    0    1    0    1    1    0    1    0    0    0    1    0    1    1    1    1    1    0    0    0    1    0    1    0    1    0    1    1    0    1    1    0    0    0    0    1    0    1    0    0    0    0    1    0    1    0    0    0    0    0    0    1    0    0    1    1    0    0    0    0    0    
50    0.231512    0.816301    1    1    1    1    1    1    1    1    1    1    1    1    1    1    1    1    1    1    1    1    0    1    1    1    1    1    1    1    1    1    1    0    1    1    1    1    0    1    1    1    1    1    1    0    0    1    1    1    1    1    1    1    1    1    1    1    1    1    1    1    0    1    1    1    1    1    1    1    1    1    1    1    1    1    1    1    1    1    1    1    1    1    1    0    1    1    1    0    1    1    1    1    1    0    1    1    1    1    1    1    0    0    0    0    1    0    1    0    0    1    0    1    0    0    1    0    1    0    1    1    1    1    0    1    1    1    0    1    1    0    1    0    0    0    1    0    1    0    1    1    0    1    1    0    0    1    0    0    1    0    1    1    1    0    1    1    0    1    0    1    0    1    1    1    0    1    0    1    0    0    0    0    0    1    0    1    0    0    0    1    1    1    0    1    1    1    1    0    0    0    0    0    1    1    0    0    0    1    0    0    
50    0.833075    0.857286    0    0    1    1    1    1    1    1    1    1    1    1    1    1    1    1    1    0    1    1    0    0    1    1    1    1    1    1    1    1    1    1    1    1    1    1    1    0    1    1    1    1    1    1    1    1    0    1    1    1    1    1    1    1    1    1    1    1    1    1    0    1    1    1    1    1    1    1    1    1    1    0    1    1    1    1    1    1    1    1    1    1    1    1    1    1    1    1    1    1    1    1    1    1    1    1    1    1    1    1    0    0    0    0    1    0    1    1    1    1    1    1    0    1    1    0    1    0    0    0    0    1    0    1    0    0    0    0    0    1    0    0    1    1    0    1    0    0    0    1    0    0    1    1    1    1    0    1    1    1    1    0    1    1    1    1    0    0    0    1    0    0    0    0    0    1    0    1    0    1    0    1    1    0    0    1    0    1    1    1    1    1    1    0    1    0    0    0    1    0    1    0    1    0    0    0    0    0    0    1    
50    0.966729    0.586893    1    0    1    1    1    1    1    0    1    1    1    0    1    1    1    1    1    1    1    1    1    1    0    1    1    1    1    1    1    1    1    1    0    1    1    1    1    1    1    1    1    1    1    1    1    1    0    1    1    1    1    1    1    1    1    1    1    1    1    1    1    1    1    1    1    1    1    1    1    1    1    0    1    1    1    1    1    0    1    1    1    1    1    1    1    1    1    1    1    1    1    0    1    1    1    1    0    1    1    1    1    0    1    0    0    0    1    1    0    1    0    1    1    0    1    1    0    0    1    0    0    0    0    1    1    0    1    0    1    1    1    0    0    0    1    1    1    1    0    1    0    0    0    0    1    1    1    1    1    0    0    0    0    0    1    0    1    0    1    0    1    0    0    1    1    0    0    0    0    1    1    0    1    0    0    1    1    0    0    1    0    1    1    0    1    0    1    1    0    1    0    1    1    1    0    1    0    1    0    0    
50    0.717681    0.934861    1    0    1    1    1    1    1    1    0    0    1    1    1    1    1    1    1    1    1    0    1    1    1    1    1    1    0    0    1    1    1    1    1    1    1    1    0    1    1    1    0    1    1    1    1    1    0    1    1    1    1    1    1    1    1    0    1    1    1    1    1    1    1    1    1    1    1    1    1    0    0    1    1    1    1    1    1    1    1    1    1    1    0    1    1    1    1    1    1    1    1    0    0    1    1    0    1    1    1    1    0    0    0    0    1    0    0    0    1    1    1    1    0    0    1    1    1    0    1    1    1    0    1    0    0    0    1    1    0    1    0    0    0    1    1    1    0    1    0    1    0    1    1    0    0    1    0    0    0    0    1    0    1    1    0    0    0    1    0    0    1    1    1    0    1    1    0    1    0    1    0    1    1    0    0    0    1    0    0    1    0    1    0    1    0    1    0    0    1    0    0    0    1    0    1    1    0    0    0    1    
50    0.354632    0.0637502    1    1    1    1    1    1    1    1    1    1    1    1    1    1    1    1    1    1    1    1    1    1    0    1    1    1    1    1    1    1    1    1    1    1    1    1    1    1    1    1    1    1    1    1    1    1    1    1    0    1    1    1    1    0    1    1    1    0    0    1    1    1    1    1    1    0    1    1    1    1    1    1    1    1    0    0    1    1    0    1    1    1    0    1    1    1    1    1    1    1    1    1    1    0    1    1    0    1    1    1    1    1    0    1    1    0    1    1    0    0    1    0    1    0    1    0    0    1    0    1    0    1    0    1    1    0    1    1    1    1    0    1    1    1    0    0    0    0    0    0    0    1    1    0    1    0    1    0    1    1    1    0    1    0    0    0    1    1    1    1    0    1    1    0    0    0    0    0    0    0    1    1    1    1    0    1    1    0    0    1    1    0    1    1    1    1    0    1    1    1    1    0    0    0    0    1    1    1    1    1    
50    0.110372    0.200854    1    1    1    1    0    1    1    1    1    1    1    1    1    1    1    1    1    1    1    1    1    1    0    1    1    1    1    1    0    1    1    1    1    1    1    1    1    1    1    1    1    1    1    1    1    1    1    1    1    1    1    1    1    1    1    1    1    1    1    1    1    1    1    1    1    1    1    1    1    1    1    1    1    1    1    1    1    1    0    1    1    1    1    1    1    1    1    1    1    1    1    1    1    1    0    1    1    1    1    1    1    1    1    1    0    1    0    0    1    0    1    0    0    0    1    0    1    0    1    1    1    1    0    1    0    1    0    0    1    1    0    0    0    0    1    1    0    0    1    1    0    1    1    1    1    1    1    1    0    1    0    0    1    0    0    0    0    0    0    0    0    1    0    0    1    1    1    1    0    1    0    0    0    0    0    0    0    0    0    0    1    0    1    0    0    1    1    1    1    0    0    1    0    0    0    1    1    1    0    1    
50    0.131346    0.783504    1    1    0    1    1    1    1    1    1    1    1    1    1    1    1    1    1    0    1    1    1    1    1    1    1    1    1    1    1    1    1    1    1    1    0    1    1    1    1    1    1    1    1    1    1    1    1    1    1    1    1    1    0    1    1    1    1    1    1    1    1    1    1    1    1    1    1    1    0    1    1    1    1    1    1    1    1    1    1    1    1    1    1    1    1    1    1    1    1    1    1    1    1    1    1    1    1    1    1    1    0    1    0    1    1    1    1    0    1    1    0    1    1    1    1    0    0    0    1    0    1    0    1    1    1    1    1    1    1    0    1    1    0    0    1    0    1    1    0    0    0    0    0    1    1    1    0    0    1    1    1    0    0    1    0    1    1    0    1    0    0    1    0    0    0    1    1    0    1    1    0    0    0    0    0    1    0    1    0    0    1    1    0    0    1    0    1    0    0    0    0    1    1    0    0    0    1    1    0    0    
50    0.359318    0.141946    1    1    1    1    1    1    0    0    1    1    1    1    1    1    1    1    1    1    0    0    1    1    1    1    1    1    1    0    1    1    1    0    1    1    1    1    1    1    1    1    1    1    1    1    1    1    1    1    1    1    1    1    1    1    1    0    0    1    0    1    1    1    0    1    1    0    1    1    1    1    1    1    1    1    1    1    1    1    0    1    1    0    1    1    1    1    1    1    1    1    1    1    1    1    1    1    0    1    1    1    0    1    0    0    0    1    1    0    0    1    1    0    0    1    1    1    0    0    1    1    1    1    0    0    0    1    1    1    0    1    0    0    0    0    1    0    1    0    0    0    0    1    0    1    0    0    1    0    1    0    1    1    0    1    1    0    0    0    1    1    1    1    0    1    0    0    1    0    1    1    1    0    0    1    1    1    1    0    0    1    1    0    0    1    0    0    1    0    1    1    0    1    1    1    1    0    1    1    1    1    
50    0.976123    0.245483    0    1    0    1    1    1    1    1    1    1    1    1    1    1    0    1    1    0    1    1    0    1    0    1    1    1    0    1    1    0    0    1    1    1    1    1    1    1    1    1    1    1    0    1    1    0    1    1    0    1    1    1    1    1    1    1    1    1    1    1    1    1    1    1    1    0    0    1    0    1    1    1    1    1    1    1    1    1    1    1    1    1    1    1    1    0    0    1    1    1    1    1    1    1    1    1    1    1    1    0    0    0    1    1    1    0    0    0    1    0    1    0    1    1    1    0    0    1    0    1    0    0    0    1    1    0    1    0    0    0    0    1    1    0    0    1    1    0    0    0    1    1    0    0    0    1    0    0    1    1    0    1    0    0    1    1    0    1    0    0    0    1    0    1    1    0    0    0    1    1    1    0    0    1    0    0    1    1    0    0    0    1    0    0    0    1    1    0    0    1    1    1    0    0    1    0    1    0    0    1    
50    0.967535    0.46383    1    1    1    1    1    0    1    1    1    1    1    0    1    1    1    1    1    1    1    0    1    1    1    1    1    1    1    1    1    1    1    1    1    1    1    0    1    1    1    0    1    1    1    1    1    1    0    1    1    1    0    1    1    1    1    1    1    1    1    1    1    1    1    1    1    1    0    1    1    1    1    1    1    1    1    1    1    0    1    0    1    1    0    1    1    1    1    1    1    1    1    1    0    1    0    1    1    0    0    1    1    1    0    1    0    1    0    0    0    0    0    1    1    0    0    1    0    1    0    1    1    0    1    0    0    1    1    0    1    1    0    0    1    1    0    0    0    1    0    0    0    1    1    0    0    1    0    1    1    0    1    1    1    0    1    0    1    1    0    0    0    1    0    0    1    1    0    1    1    1    1    1    0    0    0    1    0    1    0    0    1    1    0    1    1    0    1    1    1    0    0    0    1    1    1    1    1    1    1    0    
50    0.232607    0.513651    0    0    1    1    1    1    1    1    1    1    0    1    1    1    1    1    1    1    1    1    1    1    1    1    1    1    1    1    1    1    1    1    1    1    1    1    1    1    1    1    1    1    1    1    1    1    1    1    1    1    1    1    1    1    1    1    1    1    1    0    1    1    1    1    1    1    1    1    1    1    1    1    1    1    1    1    1    1    1    1    1    1    0    1    1    1    1    1    1    1    1    0    1    1    1    1    1    1    0    1    0    1    0    0    0    0    0    0    1    1    0    1    0    1    1    0    0    0    1    1    0    0    0    1    0    1    0    0    1    1    1    1    0    0    0    1    0    0    1    1    1    1    1    0    0    1    1    0    0    1    0    0    1    0    0    1    0    0    0    1    0    1    0    0    1    0    1    1    1    0    1    0    1    0    0    1    0    0    1    1    0    0    0    1    0    0    1    0    1    1    0    0    1    0    0    0    0    1    0    1    
50    0.583004    0.194365    1    1    1    1    0    1    1    0    1    1    1    1    1    0    0    0    1    1    1    0    0    1    1    1    1    0    1    1    0    1    0    1    1    1    0    1    1    1    0    1    1    0    1    1    1    1    1    1    1    1    1    1    1    0    1    0    1    1    1    1    1    1    1    1    0    1    1    1    0    1    1    1    1    0    1    1    1    1    0    0    0    1    0    0    1    1    0    1    1    1    1    1    1    1    1    1    1    1    1    1    0    1    0    0    1    1    1    1    1    0    1    0    0    0    1    1    0    1    1    1    0    1    1    0    0    0    0    1    0    1    0    1    0    0    1    1    0    1    1    0    0    1    0    1    1    0    1    0    1    1    0    1    0    1    1    0    1    1    0    1    0    0    1    0    1    1    1    0    0    1    0    0    0    1    0    1    0    1    0    0    1    0    1    1    0    1    0    0    1    0    0    0    0    1    1    0    1    1    1    0    
50    0.286171    0.19864    1    1    1    1    1    1    1    1    1    1    0    1    1    1    1    1    1    1    1    0    1    1    1    0    1    1    1    1    1    0    1    1    1    1    0    1    1    1    1    1    1    1    1    0    1    1    1    1    1    1    1    1    1    1    1    1    1    1    1    1    1    1    1    1    1    1    1    1    1    1    1    1    1    1    1    1    1    1    1    1    0    1    1    1    1    1    1    0    1    1    1    1    1    1    1    1    1    0    1    1    0    1    0    1    1    1    1    0    0    1    0    0    1    0    0    1    0    0    0    1    0    0    1    0    1    0    1    0    1    0    1    0    1    0    1    1    1    0    1    0    0    0    1    0    1    1    1    0    1    1    0    1    0    1    0    0    0    1    1    1    1    0    0    0    1    1    0    0    0    1    1    0    0    0    0    0    0    1    1    0    1    1    1    0    0    0    0    1    0    0    1    0    1    0    0    0    1    0    1    1    
50    0.581845    0.65743    1    1    1    1    1    1    1    1    1    1    1    1    1    1    1    1    1    0    1    1    0    0    1    1    1    0    1    1    1    1    1    0    1    1    1    1    1    1    0    1    1    1    1    1    1    1    1    0    1    1    1    1    1    1    1    1    1    1    1    1    0    1    1    1    1    1    0    1    1    1    1    1    1    1    1    1    1    1    1    1    1    1    1    1    1    1    1    1    1    1    1    0    1    0    1    1    1    1    1    1    1    1    1    1    1    0    1    0    0    0    0    0    0    0    1    0    0    1    0    1    0    0    1    1    1    0    0    1    0    1    0    1    0    0    1    1    0    1    0    0    1    0    0    1    0    0    1    0    1    0    1    1    1    0    1    0    1    0    0    1    0    0    1    0    0    0    0    0    1    1    0    1    0    0    1    1    1    1    0    0    1    1    0    0    1    1    1    1    0    1    1    0    0    1    1    1    1    0    0    1    
50    0.900809    0.738415    1    1    0    1    1    1    0    0    1    1    1    1    1    1    1    1    1    1    1    1    1    1    1    0    1    1    1    1    1    1    1    1    1    1    1    1    1    1    1    1    1    1    1    1    1    1    1    1    1    1    0    1    1    1    1    1    1    1    1    1    1    1    1    1    1    1    1    1    1    1    1    1    1    1    0    1    1    1    1    1    1    1    1    1    1    1    1    1    1    1    1    0    1    1    1    1    1    1    1    1    1    1    0    0    0    0    1    1    1    0    1    0    0    1    1    1    1    0    1    0    0    0    0    1    1    1    1    1    1    1    1    1    1    0    0    0    0    1    0    1    1    1    1    0    1    1    1    0    0    0    0    0    0    1    0    0    0    1    1    1    0    1    1    0    1    1    1    0    0    1    1    1    0    1    1    0    1    1    1    0    1    1    0    0    0    0    0    1    1    1    1    0    1    0    1    0    1    1    1    0    
50    0.428171    0.256205    1    0    1    0    1    1    1    1    1    1    1    0    1    1    1    1    1    1    1    1    1    1    1    1    1    1    1    1    1    1    1    1    1    1    1    1    1    1    1    1    1    1    1    0    0    1    1    1    1    1    1    1    1    1    0    0    1    1    1    1    1    1    1    0    1    1    1    1    0    1    1    1    1    1    1    1    1    1    1    1    1    1    1    1    0    1    1    1    1    1    1    1    1    1    1    0    0    1    1    1    0    1    1    0    0    0    1    1    0    1    1    1    1    0    0    0    1    0    0    0    1    0    0    0    0    1    1    1    0    0    1    1    1    1    1    1    0    0    0    0    0    0    0    0    1    0    1    1    0    0    1    0    0    0    1    0    0    1    0    0    1    0    1    1    0    0    0    0    1    1    0    0    1    1    0    0    0    1    0    0    1    1    1    0    1    0    1    0    0    0    1    0    1    1    1    1    1    1    1    1    
50    0.0887084    0.599631    1    1    1    1    1    1    1    1    1    1    1    1    1    1    1    0    0    1    1    1    1    1    1    1    1    1    1    1    1    1    1    1    1    1    1    1    1    1    1    1    1    1    1    1    1    1    1    1    1    1    1    1    1    1    1    1    0    1    1    1    1    1    1    1    0    1    1    1    1    1    1    0    1    1    1    1    1    0    1    1    1    1    1    0    1    1    1    1    1    1    1    1    1    1    1    1    1    1    1    1    0    0    1    0    0    1    0    0    0    0    0    1    1    1    1    0    0    1    0    0    0    1    1    0    0    0    1    0    0    1    0    1    1    1    1    0    0    1    0    1    0    0    0    1    0    0    1    0    1    0    1    0    1    0    0    0    1    0    0    0    0    1    1    0    0    1    0    0    1    1    0    1    1    1    0    1    1    1    1    0    0    0    1    0    1    1    0    1    1    1    1    0    0    0    0    1    1    0    1    0    
50    0.893642    0.00412172    1    1    1    0    1    0    1    1    1    1    1    0    1    1    1    1    1    1    1    1    1    1    1    1    1    1    1    1    1    1    1    1    1    1    1    1    1    1    1    1    1    1    1    1    1    1    1    1    1    1    1    1    1    1    1    1    1    1    1    1    1    1    1    1    1    1    1    1    1    1    0    1    1    0    1    1    1    1    1    1    1    1    1    1    1    1    1    1    0    1    1    1    1    1    1    1    1    1    1    1    0    0    1    0    1    0    0    0    0    1    0    1    0    1    0    0    1    0    1    0    1    0    0    1    0    1    1    1    0    1    1    1    0    1    0    0    1    0    0    0    1    1    0    0    1    1    1    1    0    0    1    0    1    0    0    1    0    1    1    1    0    0    1    0    1    1    1    0    1    0    0    1    0    0    1    1    1    1    1    0    1    1    0    1    1    1    0    0    0    1    0    1    0    0    0    1    1    1    1    1    
50    0.606139    0.674093    1    1    0    1    1    1    1    1    0    1    0    1    0    1    1    1    1    1    1    1    1    1    1    1    1    1    1    1    0    1    1    1    1    0    1    1    1    1    1    0    0    1    0    1    1    1    1    1    1    1    1    1    1    1    1    1    1    1    1    1    1    1    1    1    1    1    1    1    1    1    1    1    1    1    0    0    1    1    1    1    1    1    1    1    1    1    1    1    1    1    1    1    1    1    1    1    1    1    0    1    0    0    0    1    0    0    0    1    0    1    1    0    1    0    0    1    0    0    1    0    1    1    1    0    1    1    1    0    1    0    0    0    0    0    1    0    1    1    0    0    1    0    1    1    0    0    0    1    0    1    0    0    0    0    0    0    1    1    1    0    1    0    0    1    0    1    1    0    0    1    0    1    1    1    1    0    0    0    0    0    1    1    0    0    0    0    1    1    1    1    1    0    1    0    0    0    1    0    0    0    
50    0.280632    0.936244    1    1    1    1    1    0    1    1    1    1    1    1    1    1    1    1    1    1    1    1    1    1    1    1    1    1    1    1    1    1    0    1    1    1    1    0    1    1    1    1    1    1    1    1    0    1    1    1    1    1    1    1    1    1    1    1    1    1    1    1    1    1    1    1    1    1    1    1    1    1    1    1    1    1    1    1    1    1    1    1    1    1    1    1    1    1    1    1    0    1    0    1    0    1    1    1    1    1    1    0    1    1    0    0    1    0    0    0    1    0    1    0    1    1    1    1    1    1    0    0    0    1    0    0    1    1    1    1    0    1    0    1    0    1    0    1    0    1    0    1    0    0    1    0    1    0    0    0    1    0    0    0    1    0    0    0    0    0    1    1    1    0    0    0    0    0    0    0    0    1    1    1    0    0    0    0    0    0    0    0    1    0    1    0    0    1    1    0    1    1    0    1    0    0    1    0    1    0    0    1    
50    0.483848    0.900438    1    0    1    1    0    1    1    1    1    1    0    1    1    0    1    1    1    1    0    1    1    0    1    0    1    1    1    1    1    1    1    1    1    0    0    1    1    1    1    1    1    1    1    1    1    1    0    1    1    1    0    1    1    1    1    1    1    1    1    1    1    1    0    1    1    1    1    1    1    0    1    1    1    1    1    1    1    1    1    1    1    0    1    1    1    1    0    1    1    1    1    1    1    0    1    1    1    0    1    1    1    0    1    1    0    0    0    1    0    0    0    0    1    0    0    1    1    0    1    1    0    1    0    1    1    1    0    0    0    0    1    0    1    0    1    0    1    0    1    1    1    1    0    1    0    1    0    0    0    1    1    0    1    1    0    0    1    0    1    0    0    0    0    0    0    1    1    1    1    1    1    0    0    1    0    1    1    1    0    1    1    1    1    1    1    0    1    0    1    1    1    0    0    1    0    1    1    1    0    1    
50    0.0528502    0.490623    0    1    0    1    1    1    1    1    1    1    1    1    1    1    1    1    1    1    1    1    1    1    1    1    1    1    1    1    1    1    1    1    1    1    1    1    1    1    0    1    1    1    1    1    0    1    1    1    1    1    1    1    0    1    1    1    1    1    1    1    1    1    1    1    1    1    0    0    1    0    1    1    1    1    1    0    1    1    1    1    0    0    1    1    1    1    0    1    1    1    1    0    1    1    0    1    1    1    0    1    1    1    0    0    1    1    0    0    0    0    0    0    0    0    0    0    0    1    0    1    1    1    0    0    0    0    1    1    1    1    1    1    0    1    1    0    1    1    0    0    1    0    1    0    1    1    0    0    1    0    1    0    1    0    1    1    0    0    0    1    1    1    0    1    0    1    1    1    0    0    0    0    0    0    1    1    1    1    1    1    0    1    1    0    0    0    1    0    0    1    0    0    1    1    0    1    0    1    1    1    
50    0.252179    0.17206    1    1    1    1    1    1    1    1    1    1    1    1    1    1    1    1    1    1    1    1    1    1    1    1    1    1    1    0    1    1    1    1    1    1    0    1    1    1    1    1    1    1    1    1    1    1    1    1    1    1    1    1    1    1    0    1    1    1    1    1    1    1    1    0    1    0    0    0    0    1    1    0    1    1    1    1    1    1    1    1    1    0    1    1    1    1    1    1    1    1    1    1    1    1    1    1    1    1    1    1    0    1    1    1    0    0    0    0    0    1    0    1    0    1    1    0    0    0    0    1    1    0    0    0    1    1    0    0    0    0    0    1    0    0    0    0    0    0    1    1    0    1    1    0    1    0    1    0    0    1    0    0    1    1    0    0    1    0    0    0    0    1    0    0    1    1    1    0    0    1    1    0    0    1    0    0    1    0    1    1    1    1    0    1    1    1    0    0    0    0    1    1    1    0    0    1    0    0    1    1    
50    0.231763    0.759815    1    1    1    1    1    1    1    1    1    1    1    1    1    1    1    1    1    1    1    1    1    1    1    1    1    1    1    1    0    1    1    1    1    1    1    1    1    1    1    1    1    1    1    1    1    0    1    1    1    1    1    1    0    1    1    0    1    1    1    1    1    1    1    1    1    1    1    1    1    1    1    1    1    1    1    1    1    1    1    1    1    1    1    1    1    1    1    1    1    1    1    1    1    1    1    1    1    1    1    1    1    1    0    0    0    0    0    1    1    1    0    1    0    0    0    0    0    1    0    0    1    1    1    0    1    0    1    0    1    1    0    1    1    0    1    0    0    0    1    1    1    1    1    1    0    1    1    0    0    1    0    0    1    0    0    0    0    0    1    1    0    1    1    1    1    1    1    0    0    0    0    0    1    1    0    1    1    1    1    1    1    1    1    0    0    1    0    0    0    1    0    1    1    1    1    1    1    0    0    0    
50    0.0455189    0.760812    1    1    1    1    0    1    1    1    1    1    1    1    1    1    1    1    1    1    1    1    1    1    1    1    1    0    1    1    1    1    1    1    1    1    1    1    1    1    1    1    1    1    1    1    1    1    1    0    1    1    1    1    1    1    1    1    1    1    1    1    1    1    1    1    1    1    1    1    1    1    0    1    1    1    1    1    0    1    0    1    1    1    1    1    1    1    1    1    1    1    1    1    1    1    1    1    1    1    1    0    0    1    0    0    1    1    1    0    1    0    1    1    0    0    0    0    1    0    0    0    0    1    0    0    0    0    1    1    0    1    0    1    1    0    0    0    1    0    0    0    0    1    1    1    0    0    0    0    1    1    0    0    0    1    0    0    0    0    0    0    1    0    1    1    0    0    0    1    1    1    1    0    0    1    0    0    1    1    0    1    0    1    1    0    1    1    0    0    1    0    1    1    0    0    1    0    0    1    0    1    
50    0.448526    0.703278    0    1    1    1    1    1    1    1    1    1    1    1    1    1    1    1    1    1    0    1    1    1    1    0    1    1    1    1    1    1    0    1    0    0    0    1    1    1    1    1    1    1    0    1    1    1    1    1    0    1    0    1    1    0    1    1    1    1    1    1    1    1    1    1    1    1    1    1    1    0    1    1    1    1    1    1    1    1    1    1    1    1    1    1    1    1    1    1    1    1    1    1    1    1    1    1    1    1    1    0    1    1    0    1    0    1    1    1    1    0    1    1    0    1    1    1    1    0    1    0    0    0    0    1    0    0    1    1    0    1    1    0    1    0    0    0    1    1    1    1    0    1    0    0    0    0    1    1    1    0    0    0    1    1    1    1    1    1    1    1    0    0    1    1    0    1    1    0    0    0    1    1    0    1    1    0    0    1    0    1    0    0    1    0    0    0    0    1    1    0    0    1    1    1    0    0    1    0    0    1    
50    0.934708    0.798976    1    1    1    1    1    1    1    1    0    1    1    1    1    1    1    1    1    1    1    1    1    0    1    1    1    1    1    1    1    1    1    0    1    1    1    1    1    1    1    1    1    1    1    1    1    1    1    0    1    1    1    1    1    1    1    1    1    1    1    1    1    1    1    0    1    0    1    1    1    1    1    1    1    1    1    1    1    1    1    1    1    1    1    1    1    1    1    1    1    1    0    1    1    0    1    1    1    1    1    1    0    0    0    1    0    0    0    0    1    1    1    0    1    1    1    1    0    1    1    0    0    1    1    0    0    0    1    0    1    1    1    0    1    1    1    1    1    0    1    0    1    0    0    1    1    1    1    1    1    0    0    1    1    0    0    1    0    0    1    1    0    0    0    0    0    0    0    1    1    0    1    0    0    0    0    0    1    0    0    1    0    1    0    0    0    1    1    1    0    1    1    1    1    1    0    0    1    0    0    1    
50    0.21591    0.627225    1    1    1    1    1    1    1    1    0    1    1    1    1    1    1    1    1    1    1    1    1    1    0    1    1    1    1    1    1    1    1    1    1    1    1    1    1    1    1    1    1    1    1    1    0    1    1    1    1    1    1    1    1    1    1    1    1    0    1    1    1    1    1    1    1    1    1    0    1    0    1    1    1    1    1    1    1    1    1    1    1    1    1    1    1    1    1    1    1    1    1    1    1    1    1    0    1    1    0    1    0    0    0    0    0    1    1    1    0    1    1    0    1    1    0    1    1    1    0    0    0    0    1    1    1    0    0    0    1    0    1    0    0    1    1    0    1    1    0    0    1    1    1    0    0    0    0    1    0    1    1    0    1    0    1    0    0    0    1    1    0    0    1    0    0    1    1    1    0    0    1    0    1    1    0    1    1    0    1    0    0    0    0    0    1    1    0    0    0    1    1    0    1    1    1    1    0    1    0    0    
50    0.0677584    0.0337344    1    1    1    1    1    1    1    1    1    1    1    1    1    1    1    1    1    1    1    1    1    1    1    0    1    1    1    1    1    1    1    1    1    1    0    1    1    0    0    1    0    1    1    0    1    1    1    1    1    0    1    1    1    1    1    1    1    1    1    1    1    1    1    1    1    1    1    1    1    1    1    0    1    1    0    1    1    1    1    1    1    1    1    1    1    1    1    1    1    1    1    1    1    1    1    1    1    1    1    1    1    1    1    0    0    0    1    0    0    0    0    0    0    0    0    0    0    1    0    0    1    1    0    1    0    0    0    0    0    0    1    0    0    1    1    1    0    1    0    1    1    1    1    1    1    0    0    0    0    0    1    0    0    0    1    1    0    0    0    0    0    0    0    0    0    1    1    1    1    0    0    1    0    0    1    1    1    1    0    1    0    0    1    1    0    1    0    0    0    1    0    1    1    1    0    0    0    1    0    0    
50    0.985045    0.984822    1    1    1    1    0    1    1    1    1    1    1    1    1    1    1    1    1    0    1    1    1    1    1    1    1    1    1    1    1    0    1    1    1    1    1    1    1    1    1    1    1    1    1    1    1    1    1    1    1    1    1    1    1    0    1    1    1    0    1    1    1    1    1    1    1    1    1    1    0    1    1    1    1    1    1    1    1    1    1    1    0    1    0    1    1    1    1    1    1    1    1    0    1    1    1    1    1    1    1    0    0    1    1    0    0    0    0    0    1    0    0    0    1    0    0    0    1    1    0    0    0    1    1    0    0    1    0    0    0    0    0    0    1    1    1    1    1    0    1    0    0    0    0    1    0    0    0    0    1    0    0    1    0    0    1    1    0    1    0    1    1    0    0    1    0    0    1    0    0    0    1    0    1    1    0    0    0    0    0    0    0    1    1    1    0    1    0    1    0    1    1    0    1    1    0    0    0    0    1    0    
50    0.225209    0.709259    1    1    1    1    1    1    1    1    1    1    1    1    1    1    1    1    1    1    1    1    1    1    1    0    1    1    1    1    1    1    1    1    1    1    1    1    1    1    1    1    1    0    1    1    1    1    1    1    1    1    1    1    1    1    1    1    1    1    1    1    1    1    1    1    1    1    1    1    1    1    1    1    1    1    1    1    1    1    1    1    1    1    1    1    1    1    1    1    1    1    1    1    1    1    0    1    1    1    1    1    0    0    0    1    0    1    0    1    1    1    0    0    0    1    1    0    1    0    0    1    1    0    1    0    0    0    0    0    0    0    1    1    0    0    0    1    1    1    0    1    1    1    0    1    0    1    0    1    1    1    0    1    1    0    0    0    1    0    1    1    0    1    0    1    0    1    0    0    0    0    0    0    0    1    0    1    0    1    0    0    0    0    0    1    0    1    0    0    0    0    0    1    1    0    1    1    1    1    1    0    
50    0.89944    0.054248    1    1    1    1    1    1    1    1    1    1    1    1    1    1    1    1    1    0    1    1    1    1    1    1    1    1    1    1    1    1    1    1    1    1    1    1    1    1    1    1    1    1    1    1    1    1    1    1    1    1    1    1    1    1    1    1    0    0    1    1    1    1    1    1    1    1    1    1    1    1    1    1    1    1    1    0    1    1    1    1    1    1    0    1    1    1    1    1    1    1    1    1    1    1    1    1    1    1    1    0    0    0    1    0    0    0    1    1    1    0    0    1    1    1    1    1    0    0    0    0    1    0    0    1    0    1    0    0    1    0    1    0    0    1    1    1    1    1    1    1    1    0    1    0    1    0    1    0    0    0    0    1    0    0    0    0    0    1    1    0    1    0    1    0    0    0    0    0    1    1    0    0    0    1    1    1    1    1    0    0    0    0    0    0    0    1    0    1    0    1    0    0    1    1    1    0    1    0    0    0    
50    0.238534    0.838721    1    1    1    1    1    1    1    1    1    1    1    1    1    1    1    1    1    1    1    1    1    1    1    1    1    1    1    1    1    1    1    1    1    1    1    1    1    1    1    1    1    1    1    1    1    1    1    1    1    1    1    1    0    1    1    1    1    1    1    1    1    1    1    1    1    1    1    1    1    1    1    0    0    1    1    1    1    1    1    1    1    1    1    1    1    1    1    1    1    1    1    1    1    0    1    1    1    1    1    1    0    0    1    0    0    0    0    1    0    0    1    0    0    1    0    0    1    1    1    1    1    1    0    0    0    0    0    1    0    1    0    1    1    0    1    1    0    1    1    0    0    1    1    0    1    0    0    0    0    0    1    0    1    1    0    1    0    1    0    0    1    0    1    0    1    1    0    0    1    1    1    1    1    1    0    0    0    1    1    0    0    0    1    0    0    0    0    1    0    1    0    0    1    0    1    0    0    1    1    0    
50    0.717702    0.607926    1    0    1    1    1    1    1    1    1    1    1    1    1    1    1    1    1    1    1    1    0    1    1    1    1    1    1    1    1    1    1    1    1    1    1    1    0    1    1    1    1    1    1    1    1    1    1    1    1    1    1    1    1    1    1    1    1    1    1    1    1    1    1    1    1    1    1    1    1    1    1    1    1    1    1    1    1    1    1    1    1    1    1    1    1    1    1    1    1    1    1    1    1    1    1    1    0    1    0    1    1    0    1    1    1    0    0    1    0    1    1    0    1    0    0    1    0    0    1    1    1    0    0    1    0    0    1    0    1    0    0    0    1    1    0    1    1    0    1    0    1    1    0    0    0    0    0    1    0    0    1    0    1    1    1    0    0    1    1    0    1    1    0    0    1    1    1    0    1    1    1    0    1    0    0    1    0    1    0    1    1    1    0    1    1    1    1    0    0    1    1    1    0    1    1    0    0    1    0    1    
50    0.914521    0.890817    1    0    1    1    1    0    1    1    1    1    1    1    1    1    1    1    1    1    1    1    1    0    1    1    1    1    0    1    1    1    1    1    1    1    1    1    1    1    1    1    1    1    1    1    1    1    1    1    1    1    1    1    1    1    1    1    1    1    1    1    1    1    1    1    1    1    1    1    1    1    1    1    1    1    1    1    0    1    1    1    1    1    1    1    1    1    1    1    1    1    1    1    1    1    1    1    1    1    1    0    0    0    1    0    0    0    0    0    1    1    0    0    1    1    0    0    1    0    1    1    0    0    1    0    0    1    1    0    0    1    0    0    1    1    0    1    0    1    1    1    0    1    0    0    1    0    1    1    1    0    0    0    0    0    1    0    1    1    1    1    1    0    1    1    1    1    1    1    0    1    1    1    1    1    0    1    0    1    0    1    0    1    1    1    1    0    0    1    1    0    0    0    1    0    0    1    0    1    1    0    
50    0.73382    0.660099    1    1    1    1    1    1    1    1    1    1    1    1    1    1    1    1    1    1    0    1    0    1    1    1    1    1    1    1    1    0    1    1    1    1    1    1    1    1    1    1    1    1    1    1    1    0    1    1    1    1    1    1    1    1    1    1    1    1    1    1    0    1    1    1    1    1    0    1    1    1    1    1    1    1    1    1    0    0    1    1    1    1    1    1    1    1    1    1    1    1    1    1    1    1    1    1    1    1    1    0    0    1    0    0    1    0    0    0    1    0    0    1    0    0    0    1    1    0    1    1    0    1    1    1    1    1    1    0    1    1    0    1    0    0    1    1    1    1    0    1    0    0    0    1    0    1    1    1    1    0    1    0    0    1    0    1    1    1    0    0    1    0    0    0    1    1    1    1    1    0    0    0    0    1    1    0    0    1    1    1    0    1    0    1    0    1    1    1    1    1    0    0    1    0    0    1    1    1    0    0    
50    0.601503    0.43414    1    1    1    1    1    1    1    1    1    1    1    1    1    1    1    1    1    1    1    0    1    0    1    0    1    1    1    1    1    1    1    0    1    0    0    1    1    1    0    1    1    1    1    0    1    1    1    1    0    0    0    0    0    1    1    0    1    1    1    1    1    0    0    1    1    1    0    0    1    1    1    0    1    1    0    0    0    1    1    1    1    0    0    1    1    1    0    0    1    0    1    1    1    1    1    1    1    1    0    0    1    0    0    0    1    1    0    0    0    1    1    1    1    0    1    0    1    1    1    1    1    1    0    0    1    1    0    0    0    1    0    0    1    0    0    1    1    0    1    1    0    1    1    1    0    0    1    0    1    0    0    1    0    1    1    0    1    1    1    1    1    1    0    0    1    0    1    0    0    0    0    0    0    1    0    1    1    1    0    0    0    0    0    0    0    0    0    1    0    1    0    0    1    1    1    1    0    1    0    0    
50    0.244978    0.337312    1    0    1    1    1    1    1    1    1    1    1    1    1    0    0    1    1    1    1    0    1    1    0    1    1    1    0    1    1    1    1    0    1    1    1    1    1    1    1    1    1    1    0    1    1    1    1    1    1    1    1    1    1    1    1    1    1    1    1    1    1    1    1    1    1    1    1    1    1    1    1    1    1    1    1    1    1    1    1    1    1    1    1    1    1    1    1    1    1    1    1    1    0    0    1    1    1    1    1    1    1    0    0    0    0    0    0    1    1    1    1    1    0    1    1    1    0    1    1    1    0    1    1    1    0    0    0    0    0    0    1    0    1    1    0    0    1    0    0    1    1    1    0    0    0    1    1    0    0    0    1    1    0    0    1    0    0    0    0    0    1    1    0    1    0    1    0    0    1    0    1    1    1    1    1    1    1    1    0    0    0    0    0    0    1    1    0    0    1    0    1    1    1    0    0    1    1    1    1    0    
50    0.848747    0.362742    0    1    1    1    0    1    0    1    1    1    1    1    0    1    1    0    1    1    1    1    1    0    1    0    1    1    0    1    0    1    1    1    1    1    0    1    1    0    1    1    1    1    1    1    1    1    1    1    0    1    1    1    1    1    1    1    1    1    1    1    1    1    1    1    1    1    1    1    1    1    0    1    1    1    1    1    1    1    1    1    1    1    0    1    1    1    1    1    1    0    1    0    1    1    1    1    1    1    0    1    1    1    1    1    0    1    0    1    1    1    1    1    1    1    0    0    1    0    0    1    0    1    1    1    0    0    1    1    0    1    0    1    0    0    1    1    1    1    1    1    1    0    1    0    0    0    1    1    1    0    1    1    1    0    0    1    1    0    1    1    1    1    0    0    1    0    1    1    0    0    0    0    0    0    1    1    1    0    1    0    1    0    0    1    0    1    1    0    1    1    1    1    0    0    0    1    1    0    0    1    
50    0.224174    0.71498    1    1    1    1    1    1    1    1    1    1    1    1    1    1    1    1    1    1    1    1    1    1    0    1    1    1    1    1    0    0    1    1    1    1    1    1    1    1    1    1    1    0    1    1    0    1    1    1    1    1    1    1    1    1    1    1    1    0    1    0    1    1    1    0    1    1    1    1    1    1    0    1    1    1    1    1    1    1    1    1    1    0    1    0    1    1    1    0    1    1    1    1    1    1    1    1    1    1    1    1    1    0    1    1    1    1    0    1    1    1    0    0    0    1    0    0    0    0    1    0    0    0    0    1    1    0    0    0    0    1    0    0    1    0    0    0    1    0    0    1    0    1    1    1    0    1    0    0    0    0    0    1    1    0    0    0    1    1    0    1    1    1    1    1    1    0    1    0    1    1    1    0    0    0    1    1    0    1    0    1    0    1    1    1    0    0    0    0    0    0    1    0    1    1    0    0    1    0    1    1    
50    0.909941    0.716448    1    1    1    1    1    1    1    1    1    1    1    1    1    1    1    1    1    1    1    1    1    1    1    1    1    1    0    1    1    1    1    1    1    1    1    1    1    1    1    1    1    1    1    1    1    1    0    1    1    1    1    1    1    1    1    1    1    1    1    1    1    0    1    0    1    1    1    1    0    1    1    1    1    1    1    1    1    1    1    1    1    1    1    1    1    1    1    1    1    1    1    1    1    1    1    1    1    1    1    1    0    0    0    0    0    0    0    1    0    0    0    1    1    0    0    1    1    0    0    1    0    0    1    1    0    1    0    1    1    0    1    0    1    1    1    1    0    0    1    0    0    1    0    0    1    1    1    1    1    0    0    1    0    0    0    1    1    1    1    0    0    0    0    1    0    1    1    0    1    0    0    1    1    1    0    0    1    0    1    1    1    0    1    0    0    1    0    0    0    1    1    1    1    1    1    0    1    0    1    1    
50    0.744408    0.609299    1    1    1    1    0    1    1    1    1    1    1    1    1    1    1    1    1    1    1    0    1    1    1    1    1    1    1    1    0    1    1    1    1    1    1    1    1    1    1    0    1    1    1    1    1    0    1    1    1    1    1    1    1    1    1    1    1    1    1    1    1    0    1    1    1    1    1    1    0    1    1    1    1    1    1    1    1    1    1    1    1    1    1    0    1    1    1    1    1    0    1    1    1    1    1    0    1    1    1    1    0    0    1    0    1    0    0    1    0    0    0    1    0    0    0    0    1    0    1    0    1    1    1    0    1    1    0    1    1    0    1    1    1    0    0    0    0    1    1    0    1    0    0    0    1    1    1    1    0    1    1    0    0    0    1    0    0    0    1    0    1    1    0    1    0    1    1    1    0    0    1    1    0    1    0    0    1    1    1    0    1    1    0    1    1    1    0    1    0    1    1    0    0    0    0    1    1    0    0    1    
50    0.847441    0.0297327    1    1    1    1    1    1    1    1    1    1    1    1    1    1    1    1    1    1    1    1    1    1    1    0    1    1    1    1    1    1    1    1    1    1    1    1    1    1    1    1    1    0    1    1    1    1    1    1    1    1    1    1    1    1    1    1    1    1    0    1    1    1    1    1    1    1    1    1    1    1    1    1    1    1    1    1    1    1    1    1    1    1    1    0    1    0    1    1    1    1    1    1    1    1    0    1    1    1    1    1    0    0    0    1    0    1    0    1    0    1    0    0    0    0    0    1    1    0    0    0    0    0    1    0    0    1    1    0    1    1    0    0    0    0    1    0    0    0    1    1    1    1    1    0    0    1    1    0    1    1    1    1    1    0    0    0    1    1    0    0    0    1    1    1    0    0    0    1    0    0    1    0    1    1    0    0    1    0    0    1    0    0    1    0    1    1    0    0    0    0    0    1    1    0    0    1    1    1    0    1    
50    0.352791    0.361618    1    1    1    1    1    1    1    1    1    1    1    1    0    1    1    1    1    0    1    0    1    1    1    1    1    1    1    1    1    1    1    0    1    1    0    1    1    1    1    0    1    1    1    1    1    1    1    1    1    1    1    1    1    1    1    1    1    1    1    1    1    1    1    1    1    1    1    1    1    1    1    1    1    1    1    0    0    1    1    1    1    1    1    1    1    1    1    1    1    1    1    1    0    1    1    1    1    1    1    0    1    1    1    0    1    0    1    0    1    1    1    1    1    1    0    0    0    1    0    0    0    1    0    0    1    0    1    0    0    1    0    1    1    1    0    1    1    1    0    1    1    0    1    1    0    0    0    0    1    0    1    0    0    1    1    1    0    1    0    1    0    0    1    1    0    1    0    1    1    1    1    0    1    0    0    1    0    0    1    0    1    1    1    0    1    0    1    0    1    1    1    1    1    1    0    0    0    0    1    0    
50    0.177749    0.16047    1    1    1    1    1    1    1    1    1    1    1    1    1    0    1    1    1    1    1    0    1    0    1    1    1    1    1    1    1    1    0    1    1    1    1    0    1    1    0    1    1    1    1    1    1    1    1    1    1    1    1    1    1    1    1    1    0    1    1    1    1    1    1    1    1    1    1    1    0    1    1    0    1    1    1    1    1    1    1    1    1    1    1    1    1    1    1    1    1    1    1    1    1    1    1    1    1    1    1    1    0    0    0    1    0    0    0    0    1    0    0    1    0    0    1    1    0    1    0    1    0    0    1    1    0    0    0    1    1    1    0    1    1    0    0    1    0    0    1    1    1    0    1    1    0    1    0    0    0    1    0    1    1    1    0    0    1    0    0    0    1    1    0    1    1    1    0    1    0    1    1    1    1    1    0    1    1    0    1    0    0    1    1    0    0    0    0    1    0    0    0    1    0    0    1    0    1    0    1    1    
50    0.319249    0.461139    1    1    1    1    1    1    1    0    1    1    1    0    1    1    1    1    1    1    1    1    1    1    1    1    1    1    1    1    1    1    0    1    1    1    1    1    1    1    1    1    1    1    1    1    1    1    1    0    1    1    1    1    1    1    1    0    1    1    1    1    1    0    1    1    1    1    1    1    1    1    0    1    1    1    1    1    1    1    0    1    1    0    1    1    1    1    1    1    1    1    1    1    1    0    1    1    1    1    1    0    0    1    0    0    0    0    1    0    0    1    0    1    1    0    1    1    1    1    0    0    0    0    1    0    0    0    1    1    1    0    1    0    0    1    0    0    0    0    1    0    1    0    0    1    1    0    0    1    0    0    0    0    1    0    1    1    1    1    1    1    1    0    0    0    1    0    1    1    1    1    1    1    0    1    1    1    1    1    0    0    0    1    1    1    1    1    1    0    0    1    1    1    1    1    0    0    0    1    1    1    
50    0.518152    0.180716    0    0    0    1    1    1    1    1    1    1    1    1    1    1    1    0    0    1    1    1    1    1    0    1    0    1    1    1    0    0    0    0    0    1    1    1    1    1    1    1    0    0    1    0    1    1    0    0    1    1    0    0    1    1    1    1    1    1    1    1    1    1    0    0    1    0    1    1    1    1    1    0    1    1    1    0    1    1    1    1    1    1    1    1    1    1    0    0    1    1    1    1    1    1    1    1    1    1    1    1    0    1    1    1    0    1    0    1    1    0    0    1    1    0    0    1    0    0    1    0    0    0    1    0    1    1    0    0    1    1    0    1    1    0    0    0    1    0    0    1    0    0    0    1    0    1    1    0    0    0    0    0    0    1    0    0    0    0    0    1    1    0    0    0    0    1    1    0    1    0    1    0    1    1    0    0    1    0    1    0    1    1    0    0    0    1    0    1    0    1    1    0    0    0    1    0    1    1    1    1    
50    0.929963    0.0102938    1    1    1    1    1    1    1    1    1    1    1    1    1    1    1    1    1    1    1    1    1    1    1    1    1    1    0    1    1    1    1    1    1    1    1    1    1    1    1    0    1    1    1    1    0    1    1    1    1    1    1    1    1    1    1    1    1    1    1    1    1    1    1    1    1    1    1    1    1    1    1    1    1    0    1    1    1    1    1    1    1    1    1    1    1    1    1    0    1    1    1    1    1    1    1    1    1    1    1    1    1    0    0    1    1    1    0    1    1    0    0    1    0    1    0    1    1    0    0    0    1    1    0    0    1    1    0    0    1    1    0    0    0    0    1    0    0    0    1    1    0    1    0    1    1    1    0    0    1    1    0    1    0    1    0    1    1    0    0    1    1    1    0    0    1    0    0    1    0    0    1    0    0    1    0    0    0    1    0    1    1    0    1    1    1    1    0    1    0    1    0    0    0    1    1    0    0    0    0    0    
50    0.953091    0.127592    1    1    1    1    1    1    1    1    0    1    1    1    1    1    1    1    1    1    1    1    1    1    0    1    1    1    1    1    1    1    1    1    1    1    1    1    1    1    1    1    1    1    1    1    0    1    1    1    1    1    1    1    1    1    1    0    1    1    1    1    1    1    1    1    1    1    1    1    0    1    1    1    1    1    1    1    1    1    1    1    1    1    1    1    1    0    1    0    1    1    1    1    1    1    1    1    1    1    1    1    0    1    0    0    1    1    0    1    0    0    0    1    0    1    1    1    0    1    1    0    0    1    1    1    1    0    0    0    0    0    1    0    1    1    0    0    1    1    1    1    0    0    0    0    0    0    1    0    0    1    0    0    1    1    0    1    1    0    0    0    1    0    1    0    0    1    1    0    1    1    0    0    0    0    0    1    1    0    1    0    1    1    0    0    1    0    1    0    1    1    1    1    1    1    0    1    1    1    0    1    
50    0.477972    0.496255    1    1    1    1    1    1    1    1    1    1    1    1    1    1    1    1    1    1    1    1    1    1    1    0    1    1    1    1    1    1    1    1    1    0    1    1    1    1    1    1    1    1    1    1    1    1    1    1    1    1    1    1    1    1    1    0    1    1    1    1    1    0    0    1    1    1    1    1    0    1    1    1    1    1    1    1    1    1    1    1    0    1    1    1    1    1    1    1    0    1    1    0    1    1    1    1    0    1    1    1    1    1    1    1    1    1    1    0    0    0    0    1    1    1    0    1    1    0    1    0    0    0    0    0    1    0    1    0    0    1    0    1    1    1    1    0    0    1    1    1    0    0    0    0    0    1    0    0    1    1    1    0    0    0    0    1    1    0    1    1    0    1    0    1    0    1    0    0    0    0    1    1    1    0    1    1    0    0    0    0    0    1    0    0    1    1    0    1    1    1    1    0    0    0    1    1    0    0    0    1    
50    0.501667    0.861815    1    1    1    1    0    1    1    1    1    1    1    1    1    0    0    1    1    0    1    1    1    0    1    1    1    1    1    1    1    1    1    1    1    1    1    1    0    1    0    0    1    0    0    1    1    1    1    1    1    1    1    1    1    1    0    1    1    1    1    1    1    1    1    0    1    1    1    1    0    1    1    1    1    1    1    0    1    0    1    1    0    1    1    1    1    1    1    1    0    0    1    1    1    1    1    1    1    1    1    1    1    1    0    0    0    0    1    1    1    0    1    1    0    0    1    0    0    0    1    1    0    0    0    0    0    1    0    0    1    1    1    1    1    1    0    0    0    1    0    1    1    0    1    0    0    1    1    1    1    0    1    0    1    1    0    0    1    1    1    1    0    0    0    0    0    0    1    0    0    0    0    1    0    0    0    1    0    0    1    1    0    0    1    0    1    1    1    1    0    1    0    0    1    1    0    1    0    0    1    0    
50    0.253837    0.469883    1    1    0    1    1    1    1    1    0    1    1    1    1    1    1    1    0    1    1    1    1    1    1    1    1    1    1    1    1    1    1    1    1    1    1    1    1    1    1    1    1    1    1    1    0    0    0    1    1    1    1    1    1    1    1    1    1    0    0    1    1    1    1    1    1    1    1    1    0    0    1    0    1    1    1    1    1    1    1    0    1    1    1    1    1    1    1    1    1    1    0    1    1    1    1    1    1    1    1    1    1    0    0    1    0    0    0    0    0    0    1    0    1    0    0    0    1    1    1    0    1    1    0    0    0    0    1    0    0    1    1    1    1    0    0    1    0    0    1    1    1    1    1    0    0    0    1    1    0    0    0    0    1    1    0    0    1    0    0    0    0    0    1    1    0    1    0    0    0    0    1    1    0    1    0    0    1    0    1    1    0    1    0    1    1    0    1    0    1    0    1    0    1    1    1    1    1    0    1    0    
50    0.157928    0.665869    1    1    1    1    1    1    1    1    1    1    1    1    1    1    1    0    0    1    1    1    1    1    1    1    1    1    1    1    1    1    1    1    1    1    1    1    1    1    1    0    0    1    1    0    1    1    1    1    1    1    1    1    1    1    1    1    1    1    1    1    1    1    1    1    1    1    1    1    1    1    1    1    1    1    1    1    1    1    1    1    1    0    1    1    1    1    1    1    1    1    1    1    1    1    1    1    1    1    1    1    0    0    0    0    0    1    1    0    1    0    0    1    1    0    1    1    0    0    1    1    0    0    0    0    1    0    1    1    1    0    0    0    1    1    0    1    1    0    0    0    0    0    1    1    1    1    1    0    0    1    1    0    1    1    1    0    1    1    1    0    1    1    0    1    0    0    0    1    1    0    1    1    1    1    1    0    1    1    0    0    1    0    1    0    0    0    1    1    1    0    0    0    0    0    0    0    0    1    0    1    
50    0.933574    0.966217    1    1    1    1    1    1    0    1    1    1    1    1    1    1    1    1    1    1    1    1    1    1    1    1    1    1    1    1    1    0    1    1    1    1    1    1    1    1    0    1    1    1    1    1    1    1    1    1    1    1    1    1    1    1    1    1    1    1    1    1    1    1    1    1    1    1    1    1    1    1    1    0    1    1    1    1    1    1    1    1    1    1    1    1    1    1    1    1    1    1    1    1    1    1    1    1    1    1    1    1    1    0    1    0    1    1    1    1    0    1    1    0    0    1    0    0    1    0    0    1    1    1    1    0    0    1    0    1    1    0    0    0    1    0    0    1    0    1    0    1    0    1    0    1    1    1    0    1    1    1    0    0    1    1    1    1    0    1    1    1    1    1    1    0    1    0    1    1    1    1    1    1    1    0    0    1    1    1    1    0    0    1    0    1    1    0    1    0    1    0    1    0    0    0    0    0    0    0    0    1    
50    0.790922    0.714494    1    1    1    1    1    1    1    1    1    1    1    1    1    1    1    1    1    1    1    1    1    1    1    1    1    1    0    1    1    1    1    1    1    1    1    1    1    1    1    1    1    1    0    1    1    1    1    1    1    1    1    1    1    1    1    1    1    1    1    1    1    0    1    1    1    1    1    1    1    1    1    1    1    1    1    1    1    1    1    1    1    1    1    1    1    1    1    1    1    1    1    0    1    1    1    1    1    1    1    1    0    1    1    0    1    0    1    1    0    0    1    1    0    1    0    1    1    0    1    1    0    0    1    1    1    0    1    1    0    1    0    0    0    1    0    0    1    0    0    1    0    0    0    1    0    1    1    0    0    1    1    0    0    0    1    1    1    0    1    0    1    1    1    0    0    0    1    1    0    0    0    0    0    1    0    1    1    0    1    1    1    0    1    0    1    1    1    0    0    1    0    1    1    0    1    1    0    1    0    0    
50    0.564834    0.582494    1    1    1    1    1    1    1    1    1    1    1    1    1    1    1    1    0    1    1    1    1    1    1    1    1    0    1    1    1    1    1    1    1    0    1    1    0    0    1    1    1    1    1    1    1    1    0    1    1    1    1    1    0    1    1    1    1    1    1    1    1    0    1    1    0    1    1    1    1    1    1    1    1    1    1    1    1    1    1    1    1    1    0    1    1    1    1    1    1    1    1    1    1    1    1    1    1    1    0    1    1    1    1    1    1    0    0    0    0    0    0    1    1    1    0    0    1    0    1    1    1    1    1    0    0    1    0    0    0    1    0    0    1    1    0    1    0    1    1    1    0    1    0    0    1    0    1    0    1    1    0    0    1    0    0    1    0    1    0    1    1    0    1    0    1    1    0    0    1    0    0    0    0    1    1    0    1    1    1    0    1    0    0    0    1    1    1    0    1    1    1    1    1    1    1    0    0    1    0    1    
50    0.904163    0.444341    1    1    0    1    1    1    1    1    1    1    1    0    1    1    1    1    1    0    1    1    1    1    1    1    1    1    0    1    1    1    1    0    1    1    1    1    0    1    1    1    0    1    1    1    0    1    1    1    0    1    0    1    0    0    1    0    1    1    1    1    1    1    1    1    1    1    0    1    1    1    1    1    1    0    0    1    1    0    0    1    1    1    1    1    1    1    1    1    1    1    1    0    1    0    1    1    0    1    1    1    1    0    0    0    1    0    0    0    0    1    0    1    0    1    0    1    0    1    1    1    0    0    1    1    1    0    0    0    0    0    1    0    1    0    1    0    0    0    1    1    1    0    1    0    1    0    1    0    0    1    0    0    1    0    1    1    1    1    1    0    1    0    0    0    1    0    0    1    1    0    1    1    0    1    1    0    1    1    1    0    0    0    1    0    1    1    1    0    0    1    0    0    1    0    0    0    1    1    0    0    
50    0.864212    0.710645    1    1    1    1    1    1    1    1    1    1    1    0    1    1    1    1    1    1    1    1    0    1    1    1    1    1    1    1    1    1    1    1    1    1    1    1    0    0    1    1    1    0    1    1    1    1    1    1    1    1    1    1    1    1    1    1    1    1    1    1    1    1    1    1    1    1    1    1    1    1    1    1    1    1    1    1    1    1    1    1    1    1    1    0    1    1    1    0    1    1    1    1    1    1    1    1    1    1    1    1    0    1    1    1    0    0    0    0    0    1    1    0    0    0    1    0    1    0    1    0    0    1    0    0    1    1    0    0    1    1    0    1    0    1    0    1    0    0    1    1    1    0    0    0    0    0    0    1    0    0    1    0    1    1    1    1    1    1    1    0    1    1    1    1    1    0    1    1    1    1    0    0    0    0    0    0    0    0    0    1    0    0    0    1    0    0    1    1    0    0    1    0    0    1    1    0    1    1    0    1    
50    0.398074    0.851085    1    1    0    1    1    0    1    1    1    1    1    1    1    1    1    0    1    1    0    1    1    1    1    1    1    1    1    1    1    1    1    1    1    1    1    1    1    1    1    1    1    1    1    1    1    1    0    1    1    1    1    1    0    1    1    1    1    1    1    1    1    1    1    1    1    1    1    0    1    1    1    1    1    1    0    1    1    1    1    1    1    1    1    1    1    1    1    1    1    1    1    1    1    1    0    1    1    1    1    1    1    0    1    0    0    0    1    1    0    1    0    0    1    1    0    0    1    0    1    1    1    0    1    0    0    0    1    1    1    1    0    0    1    1    0    1    1    0    1    1    0    1    1    1    0    1    1    0    1    1    1    1    0    1    1    1    1    0    1    1    0    1    1    0    0    0    0    0    1    0    1    1    1    0    0    0    0    1    1    0    1    1    0    0    1    0    1    1    0    1    0    0    1    1    0    1    1    0    0    0    
50    0.367105    0.971316    1    1    1    1    1    1    1    1    1    1    1    1    1    1    1    1    1    1    0    1    0    1    1    1    1    1    0    0    1    1    1    1    1    1    1    1    0    1    1    1    1    1    1    1    1    1    1    1    0    1    1    1    1    1    1    1    1    1    0    1    1    1    1    1    1    1    1    1    1    0    1    1    1    1    1    1    1    1    1    1    1    1    1    1    1    1    0    1    0    1    1    1    1    1    1    1    1    1    1    1    1    1    0    0    1    0    0    0    1    0    1    1    0    0    0    1    0    1    1    0    0    1    1    1    0    1    0    0    1    1    1    0    0    1    0    1    1    0    1    1    0    0    0    0    0    0    1    0    1    0    1    0    0    1    0    1    0    0    1    0    1    1    0    1    1    1    0    1    1    0    1    1    0    1    0    1    1    1    1    1    0    0    0    0    1    0    1    0    0    0    0    1    0    0    1    1    1    1    0    0    
50    0.245468    0.0860595    1    1    1    1    1    1    1    1    1    1    1    1    1    1    1    1    1    1    1    1    1    1    1    1    1    1    1    1    1    1    1    1    1    1    1    1    1    1    1    1    1    1    1    1    1    1    1    1    1    1    0    1    1    1    1    1    1    1    1    1    1    1    1    1    1    0    1    1    1    1    1    1    1    1    1    1    1    1    1    1    1    1    1    1    1    1    1    1    1    1    1    1    1    1    1    1    1    1    1    1    0    1    0    1    1    1    1    0    1    1    0    0    1    1    0    1    0    1    1    0    0    1    1    0    0    1    0    0    0    0    1    0    0    1    1    0    1    0    1    1    1    0    0    0    0    1    1    0    1    0    1    1    1    0    0    0    0    1    1    0    1    1    0    0    1    0    1    1    1    1    1    0    1    0    0    1    1    0    1    0    0    0    0    1    1    1    0    0    1    0    0    1    0    1    0    0    1    1    0    1    
50    0.557735    0.214371    0    0    1    1    1    1    1    0    1    1    1    1    0    1    0    1    0    1    1    0    1    1    1    1    1    1    1    1    0    0    0    1    1    1    1    1    1    1    1    1    1    1    1    0    0    0    1    0    1    1    1    0    1    0    1    1    1    0    1    1    1    1    1    1    1    1    1    1    1    1    1    1    1    0    0    1    1    1    1    0    1    1    1    0    1    0    0    1    1    0    1    1    1    1    1    0    1    1    1    1    0    1    0    0    1    0    0    1    1    0    0    0    0    0    1    1    0    0    0    0    1    1    0    1    0    1    0    1    0    1    0    1    0    0    0    1    1    0    0    0    0    1    0    0    0    0    0    1    0    0    0    0    0    1    1    1    1    0    0    0    1    0    1    1    0    0    0    0    1    1    1    0    0    0    1    1    0    0    1    0    0    1    1    1    0    1    0    1    0    1    0    0    0    1    0    1    0    1    0    1    
50    0.874923    0.1529    1    1    1    1    1    1    1    1    1    1    1    1    0    1    1    0    1    1    1    1    0    1    1    1    1    1    1    1    1    1    1    1    1    1    1    1    0    1    1    1    1    1    1    1    1    1    1    1    1    1    1    1    1    1    1    1    1    1    1    1    1    1    1    1    1    0    1    1    1    1    1    1    1    1    1    1    1    1    1    1    1    1    0    1    1    1    1    1    1    1    1    1    1    0    1    1    1    1    1    1    1    1    0    0    0    1    1    0    1    1    1    1    0    0    0    0    0    1    1    1    0    1    1    1    1    0    0    0    1    0    0    0    0    0    1    0    0    1    1    0    0    0    1    1    0    0    1    0    1    0    0    0    0    1    1    1    1    0    0    1    1    1    1    0    0    0    0    1    1    0    1    1    1    1    1    0    0    0    0    0    1    0    0    1    1    0    1    1    0    0    0    0    1    1    0    1    1    1    0    1    
50    0.201272    0.826175    1    1    1    1    1    1    1    0    1    1    1    0    1    1    1    1    1    1    1    1    1    0    1    1    1    1    0    1    1    1    1    1    1    0    1    1    1    1    1    1    1    1    1    1    0    1    1    0    1    1    1    1    1    1    1    0    1    1    1    1    1    1    0    1    1    1    1    1    1    1    1    1    1    1    1    1    1    1    1    1    1    1    1    1    1    1    1    1    1    1    1    1    1    1    1    1    1    1    1    1    1    1    0    0    0    1    0    1    1    1    0    1    1    0    0    0    1    1    0    1    1    1    0    1    0    0    1    0    0    0    1    1    1    1    1    1    0    0    0    1    0    1    1    0    1    0    0    1    0    0    1    1    0    0    1    1    0    0    1    1    1    0    0    1    1    1    0    0    1    0    0    0    0    0    1    1    0    1    1    1    0    0    0    1    0    1    1    0    1    1    0    1    0    1    1    1    0    0    0    1    
50    0.242202    0.134139    1    1    1    1    0    1    1    1    0    0    1    1    0    1    1    1    1    1    1    1    1    0    1    1    1    1    1    1    0    0    1    1    1    1    1    1    1    1    1    1    1    1    1    1    0    1    1    1    1    1    1    1    1    1    0    1    1    1    0    1    1    1    1    0    1    1    1    1    1    1    1    1    1    1    1    1    1    1    1    1    1    1    1    1    1    1    1    1    0    1    1    1    0    0    0    1    0    1    1    1    1    1    0    1    1    0    0    1    1    1    1    0    0    0    1    0    1    1    1    0    1    0    1    0    1    1    0    0    1    1    1    0    0    0    0    0    0    1    0    1    0    1    1    0    0    0    0    1    1    1    0    1    1    0    1    0    0    1    0    1    0    1    0    1    1    1    0    1    0    1    1    1    1    0    0    1    1    0    1    1    1    1    1    1    0    0    1    0    0    0    0    0    1    0    1    0    0    0    0    0    
50    0.256651    0.37973    0    1    1    1    1    0    1    1    1    1    1    1    1    1    1    1    1    1    1    1    1    1    1    1    1    1    0    1    1    1    1    1    1    1    1    1    1    1    1    1    1    1    1    1    1    1    1    0    1    0    1    0    1    1    1    0    1    1    1    1    1    1    1    1    1    1    1    1    1    1    0    1    1    1    1    1    1    1    1    1    0    1    1    1    1    1    0    1    1    1    1    1    1    1    1    1    1    1    1    1    0    0    0    1    0    1    1    0    0    0    1    1    0    0    0    1    1    1    0    0    0    0    0    0    1    0    1    1    1    0    0    0    1    0    0    0    0    0    0    1    0    1    0    0    0    1    1    0    1    0    1    1    0    1    0    1    0    0    1    1    0    0    0    1    1    1    0    1    0    0    0    0    1    1    0    1    1    0    1    1    1    0    1    1    0    1    1    1    1    0    0    0    0    1    1    0    1    1    0    1    
50    0.189718    0.370381    1    1    0    1    1    1    1    1    1    1    1    1    1    1    1    1    1    1    1    1    1    1    1    1    1    1    0    1    1    1    1    1    1    1    1    1    1    1    1    1    1    1    1    1    1    1    1    1    1    1    1    1    1    1    1    1    1    1    1    0    1    1    1    1    1    1    1    1    1    1    1    1    1    1    1    1    1    1    1    1    1    0    1    1    1    1    1    1    1    1    1    1    1    1    0    1    1    1    1    1    1    0    0    1    1    1    1    0    0    1    0    0    0    0    1    1    0    0    0    0    1    0    0    0    1    0    1    0    1    1    1    0    0    0    0    1    1    0    1    1    0    0    0    1    0    1    0    0    1    1    0    0    1    0    0    1    1    1    0    1    0    0    1    0    1    1    1    0    1    1    1    0    0    1    0    0    1    0    1    1    0    0    1    0    1    0    0    1    0    0    1    1    0    0    0    0    0    0    0    1    
50    0.99779    0.00206505    1    1    1    1    1    0    1    1    0    1    1    1    1    1    1    1    1    0    0    1    1    1    1    1    1    1    1    1    1    1    1    1    1    1    1    1    1    1    1    1    1    1    1    1    1    1    1    1    1    1    1    1    0    1    1    1    1    1    1    1    1    1    1    1    1    1    1    1    1    1    1    1    1    1    1    1    1    1    1    1    1    1    1    1    0    1    1    1    1    1    0    1    1    1    1    1    1    1    1    1    0    1    0    0    1    0    0    0    1    1    1    1    1    0    0    1    0    1    0    0    0    0    0    1    0    1    0    0    1    1    0    1    1    0    0    0    1    1    1    0    0    1    0    0    0    1    0    0    1    0    1    0    1    0    1    0    0    0    1    1    0    1    1    0    1    0    0    0    0    0    1    1    0    0    0    0    1    1    0    0    1    1    0    1    0    1    1    0    0    1    1    1    0    1    0    1    0    1    0    1    
50    0.0617771    0.356624    1    1    1    1    0    1    1    1    1    0    1    1    1    1    1    1    1    0    0    1    1    1    1    1    1    1    1    1    1    1    1    1    1    1    1    1    1    1    1    1    1    1    1    1    1    1    1    1    1    1    1    1    1    1    1    1    1    1    0    1    0    1    1    1    0    1    1    1    1    1    1    1    1    1    1    1    1    1    1    1    1    1    1    0    1    1    1    1    1    1    1    1    1    1    1    1    1    1    1    1    1    0    0    1    1    0    1    1    0    0    1    0    1    1    1    0    0    0    1    0    0    1    0    1    0    1    1    0    1    1    0    0    1    0    1    1    0    0    0    1    1    1    0    1    0    1    0    1    0    0    1    1    1    0    0    1    0    0    1    1    0    1    1    1    0    0    1    0    1    1    0    0    1    1    0    0    1    1    0    1    1    1    0    0    0    1    0    1    1    0    0    1    1    0    1    0    1    1    1    0    
50    0.340377    0.810635    1    1    1    1    1    1    1    1    1    1    1    1    1    1    1    0    1    1    1    1    1    1    1    1    1    1    1    1    1    1    1    1    1    1    1    1    1    1    0    1    1    1    1    1    1    1    1    1    1    1    1    1    1    1    1    1    1    1    1    1    1    1    1    1    1    1    1    1    1    1    1    1    1    1    1    1    1    1    1    1    1    1    1    1    1    1    1    1    1    1    1    1    1    1    1    1    1    1    1    1    0    1    1    1    1    1    1    0    1    1    0    1    1    0    0    0    1    0    0    0    1    1    0    0    1    0    0    0    0    0    0    0    1    0    1    1    1    1    1    0    1    1    0    0    1    0    1    0    0    1    0    0    0    0    1    0    1    1    0    0    1    0    0    0    0    1    0    1    1    0    1    0    1    0    1    1    0    1    0    1    0    0    1    0    0    0    0    0    1    0    0    0    1    1    0    0    0    1    0    1    
50    0.0217013    0.675868    1    1    1    1    0    1    1    1    1    1    1    1    1    1    1    0    0    1    1    1    0    1    1    1    1    1    0    1    1    1    0    1    1    1    1    1    1    1    1    0    1    1    1    1    1    1    1    1    1    0    1    1    1    1    1    1    1    1    1    1    1    1    1    1    1    1    1    1    1    1    1    1    0    1    1    1    1    1    0    1    0    1    1    0    1    0    0    0    1    1    1    1    1    1    1    1    1    1    1    1    1    1    0    0    0    0    1    0    1    1    1    1    0    1    1    0    0    1    0    0    0    0    0    1    0    1    0    0    1    0    1    1    0    1    1    0    0    1    0    0    1    1    1    0    0    0    0    0    0    0    1    0    1    0    0    0    1    1    1    1    0    0    1    0    1    1    0    0    0    1    0    1    0    0    0    1    0    1    1    0    1    1    1    1    0    0    1    1    1    0    1    0    1    1    1    1    1    1    0    0    
50    0.825769    0.531299    1    1    1    1    1    1    1    1    1    1    1    1    1    1    0    1    1    0    1    1    1    1    1    1    1    1    1    1    1    1    1    1    1    1    1    0    1    0    1    1    0    1    1    1    1    1    1    0    1    1    1    0    1    1    1    1    1    1    1    1    1    0    1    1    1    1    1    1    1    1    1    1    1    1    0    0    1    1    1    1    1    1    1    1    1    1    0    1    1    1    1    1    1    1    1    1    1    1    1    1    1    1    1    1    0    1    0    1    1    1    0    0    1    1    1    0    0    1    0    1    0    1    1    0    1    1    0    1    1    0    1    0    0    0    0    0    1    1    1    1    0    0    0    0    1    0    0    0    0    0    0    0    1    0    0    1    1    0    0    0    1    1    1    1    1    1    1    0    1    0    0    1    1    1    1    1    0    1    0    1    0    1    1    1    0    0    1    0    1    1    0    0    0    0    1    0    0    0    0    1    
50    0.691879    0.708795    0    1    1    1    1    0    0    1    1    1    1    1    1    1    1    1    1    1    1    1    0    1    1    1    1    1    1    1    1    0    0    1    1    1    1    1    1    1    1    1    0    1    1    1    1    1    1    1    1    1    1    1    1    1    1    1    1    1    1    1    1    1    1    1    1    1    1    1    1    1    1    0    1    1    1    1    1    1    1    1    0    1    1    1    1    1    1    1    1    1    1    1    1    1    1    1    1    0    1    1    1    0    1    0    1    0    0    1    0    1    0    0    1    0    0    0    1    1    1    1    0    0    0    1    1    1    1    0    0    0    1    1    0    1    0    1    0    1    1    0    1    1    0    0    1    1    0    1    0    0    0    1    0    1    0    0    1    1    1    0    0    1    1    0    1    0    1    0    0    1    1    1    1    0    1    1    1    0    1    1    0    1    1    1    0    1    1    1    1    1    0    0    0    0    1    0    0    0    1    0    
50    0.288695    0.693721    1    1    1    1    1    1    1    1    1    1    1    0    1    1    1    1    1    1    1    1    0    1    1    1    1    1    1    1    1    1    1    1    1    1    1    1    1    1    1    1    1    1    1    1    1    1    1    0    1    1    1    0    1    1    1    1    1    1    1    1    1    1    0    1    1    1    1    1    1    1    1    1    1    1    1    1    1    1    1    1    1    0    1    1    0    1    1    1    1    1    1    1    1    1    1    1    1    1    1    1    0    0    1    0    0    1    1    0    1    1    0    0    0    1    0    0    1    1    0    1    0    1    1    1    1    0    0    0    1    1    0    1    0    1    1    0    1    1    0    0    0    1    1    0    0    0    1    0    0    1    0    1    1    0    1    0    0    0    1    1    0    1    0    1    1    0    0    0    1    0    1    0    0    1    0    0    1    1    0    1    0    0    0    0    1    1    0    0    0    0    0    1    1    1    0    1    1    1    1    1    
50    0.996648    0.94133    1    1    1    1    1    1    0    1    1    1    1    1    1    1    1    1    1    1    1    1    1    1    1    1    1    1    1    1    1    1    0    1    1    1    1    1    0    1    1    1    1    1    1    1    1    1    1    1    1    1    1    0    1    1    1    1    1    1    1    1    1    1    1    1    1    0    1    1    1    1    1    1    0    1    1    1    1    1    0    1    0    1    1    1    1    1    1    1    1    1    1    1    1    1    1    1    1    1    1    1    0    0    0    1    1    0    0    1    1    1    0    1    0    1    1    1    0    0    0    0    0    0    0    0    1    1    0    0    1    1    0    1    0    1    0    0    0    0    1    0    1    0    0    0    0    0    1    1    1    0    0    0    1    1    1    1    0    1    0    1    1    1    0    0    1    0    1    0    0    1    1    1    0    0    1    0    1    0    0    1    0    1    1    0    0    0    1    0    0    0    1    1    0    1    0    1    1    0    0    0    
50    0.422093    0.769785    1    1    1    1    1    1    1    1    1    1    1    1    1    1    1    1    1    1    1    1    1    1    1    1    0    1    1    0    1    1    1    1    1    1    0    1    1    1    1    1    1    1    1    1    1    0    0    1    1    1    1    1    0    1    1    1    1    1    1    1    1    1    1    0    1    1    1    1    1    1    0    1    1    1    1    1    1    0    1    1    1    1    1    1    1    1    1    1    1    0    1    0    1    0    1    1    1    1    1    1    0    1    1    1    0    1    1    0    0    1    1    0    1    1    0    0    1    1    0    1    1    0    1    0    0    0    1    1    1    1    1    0    0    1    1    1    0    0    0    0    0    0    1    1    0    1    1    0    0    1    0    0    1    1    1    0    0    0    0    1    1    1    0    0    0    1    0    0    1    1    0    1    1    1    1    1    0    0    1    0    0    1    0    0    0    1    1    0    1    0    1    0    0    0    1    1    0    0    0    1    
50    0.821258    0.145124    0    1    1    1    1    1    1    1    1    0    0    1    1    0    0    1    1    1    1    1    1    1    1    1    1    1    1    1    1    1    1    1    1    1    1    1    1    1    1    1    1    1    1    1    1    1    1    1    1    1    1    1    0    1    1    0    1    1    0    0    1    1    0    1    1    1    1    1    1    1    1    1    1    1    1    1    1    1    1    1    1    1    1    1    1    1    1    1    0    1    1    1    1    1    0    1    1    1    1    1    0    0    1    0    0    1    1    1    1    0    1    0    1    1    0    1    0    0    1    0    0    0    1    0    0    0    1    1    1    1    0    0    1    1    0    0    0    1    1    1    1    1    1    0    1    0    1    0    1    0    0    1    1    0    0    0    1    1    1    0    0    1    0    0    0    1    1    1    0    0    1    1    1    1    1    0    0    1    0    1    1    1    0    1    0    0    0    1    0    0    0    0    1    1    0    0    0    0    0    0    
50    0.0569889    0.614171    0    1    1    1    1    1    0    1    1    0    1    1    1    1    0    1    1    1    1    1    1    1    1    1    1    1    1    1    1    1    1    1    1    1    1    1    1    1    1    1    1    0    1    1    1    1    1    1    1    1    1    1    1    1    0    1    1    1    1    1    1    1    1    1    0    1    1    1    1    1    1    1    1    1    1    1    1    1    1    1    1    1    0    1    1    1    1    1    1    1    1    1    0    1    1    1    1    1    1    1    1    0    0    0    1    1    0    1    1    0    0    1    1    1    1    0    0    1    0    0    0    0    1    0    1    1    0    1    1    0    0    1    0    1    1    1    0    0    1    0    0    0    0    0    1    0    1    1    1    0    0    0    1    0    0    0    0    1    1    1    1    1    0    0    1    0    0    1    0    1    0    0    1    0    1    0    1    0    0    0    0    0    0    0    0    0    0    1    1    1    1    0    0    1    1    1    1    0    0    0    
50    0.942723    0.255055    1    1    1    1    1    1    1    1    1    1    1    1    1    0    1    1    1    1    1    1    0    1    1    1    1    1    1    1    1    1    1    1    1    1    0    1    1    1    1    1    1    1    1    1    1    1    1    1    1    1    1    1    1    1    1    1    1    1    1    1    1    1    1    1    1    1    1    1    1    1    1    1    1    1    1    1    1    1    1    0    1    1    1    0    1    0    1    1    1    1    1    0    1    0    1    1    1    1    0    1    1    1    1    1    1    1    1    1    0    0    0    0    0    0    0    1    1    0    1    0    0    0    0    1    0    1    0    1    1    0    0    0    1    0    0    0    0    0    1    0    0    0    0    0    0    1    0    1    0    0    0    0    0    0    0    0    0    1    0    0    1    1    0    0    1    0    0    1    0    0    0    0    0    1    1    0    1    0    0    0    0    0    0    0    0    1    0    0    1    1    0    0    0    0    1    1    1    0    0    1    
50    0.253569    0.198745    1    0    1    1    1    1    1    1    1    1    0    0    1    1    1    1    1    1    1    1    1    1    1    1    1    1    1    1    1    0    0    1    1    1    1    1    1    0    1    1    1    1    1    1    1    1    1    1    1    0    0    1    1    1    1    1    1    1    1    1    1    1    1    1    1    0    1    1    1    1    1    1    1    1    1    1    1    1    1    0    0    1    1    1    1    1    1    1    1    1    1    1    1    1    1    1    1    0    1    1    0    1    1    0    0    1    0    1    1    0    0    0    0    1    0    0    0    1    0    0    0    0    0    0    0    1    0    0    1    0    0    0    0    0    1    0    0    0    0    1    1    0    1    0    0    1    0    0    1    1    0    0    1    0    0    0    1    1    0    1    0    0    0    0    0    0    1    1    1    1    1    0    1    0    0    1    1    0    0    0    0    1    0    1    0    0    0    0    0    1    0    0    1    0    0    1    1    1    0    0    
50    0.972168    0.071898    1    1    1    1    1    1    1    1    1    1    1    1    1    1    1    0    1    1    1    1    1    1    1    1    1    1    1    1    1    0    0    1    1    1    1    1    1    1    1    1    1    1    1    1    0    1    1    1    1    1    1    1    1    1    1    0    1    1    1    1    1    1    1    1    1    1    1    1    1    1    1    1    1    0    1    0    1    1    1    1    1    1    1    1    1    1    1    1    1    0    0    1    1    1    1    1    1    1    1    1    1    1    0    0    1    0    0    0    0    1    0    1    0    1    0    0    0    0    1    1    1    1    0    1    1    1    1    1    1    1    0    1    1    0    1    1    0    1    1    0    1    0    0    1    1    1    1    0    1    0    0    1    0    0    1    1    1    0    0    1    0    0    1    1    1    0    1    0    0    1    0    0    1    1    0    0    1    0    0    0    1    0    1    1    1    1    0    1    1    0    1    1    0    0    1    0    1    0    1    1    
50    0.439791    0.0388365    1    0    1    1    1    1    1    1    1    1    1    1    1    1    1    1    0    0    1    1    1    1    1    1    1    1    1    1    1    1    1    0    1    1    1    1    1    1    1    1    1    1    1    1    1    1    1    1    1    1    1    1    1    0    0    1    1    1    1    1    1    0    1    1    0    1    1    1    1    1    1    0    1    1    0    1    0    1    1    1    0    1    1    1    1    1    1    1    1    1    1    0    1    1    1    1    1    1    1    1    0    1    0    0    0    0    1    1    0    1    0    1    0    1    0    1    0    1    0    1    1    1    1    1    0    0    0    0    1    1    1    1    1    1    0    1    0    1    1    1    0    1    0    0    0    0    0    0    1    0    0    0    1    1    1    0    0    1    0    1    1    1    1    1    0    0    0    1    1    0    1    1    0    1    1    0    1    0    1    1    1    1    1    1    1    1    1    0    1    0    0    1    0    1    0    1    1    1    0    0    
50    0.677469    0.437489    1    1    1    1    1    1    1    1    1    1    1    1    1    1    1    1    1    1    1    1    1    1    1    1    1    1    0    1    1    1    1    1    1    1    1    1    1    1    1    0    1    1    1    1    1    1    1    1    0    1    1    0    1    1    1    1    1    1    1    0    1    1    1    1    1    0    1    1    1    1    1    1    1    1    1    1    1    1    1    1    1    1    0    1    1    1    1    1    0    1    1    1    1    1    0    1    1    0    1    1    0    1    0    0    0    1    0    1    0    0    0    0    1    1    1    0    1    1    1    0    1    1    0    0    0    1    0    1    0    1    1    0    0    1    1    1    1    0    0    0    1    1    1    1    0    0    1    1    0    1    0    0    0    1    1    0    1    0    0    1    0    1    1    1    1    1    1    1    0    0    0    1    0    0    0    0    0    1    0    1    0    1    0    1    0    0    1    0    0    0    0    0    0    1    0    0    0    0    1    0    
50    0.00725617    0.039034    1    1    1    0    1    1    1    1    1    1    1    1    1    1    1    1    1    0    1    1    1    1    1    1    1    1    1    1    1    0    1    1    1    1    1    0    1    1    1    1    1    1    1    1    1    1    1    1    1    1    1    1    1    1    1    1    1    1    1    1    0    0    0    1    1    1    1    1    1    1    1    1    1    1    1    1    0    1    1    1    1    1    1    1    1    1    1    1    1    1    1    1    1    1    1    1    1    1    1    1    0    0    1    0    1    0    0    1    0    0    0    0    0    0    1    0    1    1    1    1    1    1    0    1    1    1    0    0    1    1    0    0    1    1    1    0    0    0    1    0    0    1    0    0    0    1    0    0    1    0    1    1    0    1    1    1    0    0    0    1    1    0    0    1    0    0    1    0    1    0    0    1    1    0    0    1    0    0    1    1    1    0    0    1    1    0    1    1    0    0    1    0    1    0    0    1    0    0    0    0    
50    0.487342    0.555333    0    0    1    1    1    1    0    0    1    0    1    1    1    1    1    1    1    1    1    1    1    1    1    1    1    1    1    0    0    1    0    1    1    1    1    1    1    1    0    1    1    1    1    1    1    1    1    1    1    1    1    1    1    1    1    1    1    1    1    1    1    1    1    1    1    1    1    1    1    1    1    1    1    1    1    1    1    1    1    1    1    1    0    0    1    1    1    1    1    1    1    1    1    1    0    0    1    1    1    0    0    0    0    1    0    1    0    0    0    0    1    0    1    0    0    1    1    0    1    0    1    0    0    0    1    1    1    1    0    0    1    0    1    0    0    0    1    1    1    1    0    0    0    0    0    0    0    1    1    1    0    1    0    0    0    1    0    0    1    0    0    0    1    0    1    1    0    0    1    1    1    0    1    1    1    0    1    1    1    0    0    1    1    0    1    0    0    0    0    0    0    1    1    0    1    1    0    1    0    1    
50    0.759419    0.830273    1    1    1    1    1    1    1    0    1    1    1    1    1    1    1    1    1    0    1    1    1    1    1    1    1    1    1    1    1    1    1    1    1    1    1    1    0    1    0    1    1    1    1    1    1    1    1    0    1    1    1    0    0    1    0    1    1    1    1    1    0    1    1    1    1    1    1    1    1    1    1    1    1    1    1    1    1    1    0    1    1    1    1    1    1    1    1    1    1    1    1    1    1    1    1    1    1    0    1    1    1    0    0    0    0    0    1    1    0    0    0    1    0    0    0    1    0    1    1    0    1    1    1    0    1    0    1    0    1    1    0    0    1    0    1    0    1    1    1    0    0    0    1    0    1    1    1    0    0    1    1    0    1    1    1    0    0    0    0    1    1    1    1    1    1    1    1    1    1    1    1    1    1    1    1    1    0    1    0    1    1    1    1    0    0    1    0    0    0    0    0    1    0    0    1    1    1    0    1    1    
50    0.990668    0.712808    1    1    1    1    0    1    1    1    1    1    1    1    1    1    1    1    1    0    1    1    1    1    1    1    1    1    1    1    1    0    1    1    1    1    0    1    1    1    1    1    0    1    1    1    1    1    0    1    1    1    1    0    1    1    1    1    1    1    1    1    1    1    1    0    1    1    1    1    0    1    1    1    1    1    1    1    1    1    0    1    1    0    1    1    1    1    1    1    1    1    1    0    1    1    1    1    1    1    1    0    1    1    1    0    0    1    0    0    1    1    0    0    1    0    0    1    1    1    1    1    1    1    0    1    1    1    0    1    0    1    1    1    1    1    0    0    0    1    0    0    0    1    0    0    0    0    0    1    1    1    0    0    1    0    0    1    1    1    0    0    0    1    1    0    0    0    0    0    0    1    0    0    0    0    0    1    0    1    1    0    0    0    1    1    0    1    0    1    0    0    1    0    0    0    0    1    1    0    1    0    
50    0.038592    0.707322    1    1    1    0    1    1    1    1    1    1    1    1    1    1    1    1    1    1    1    1    1    1    0    0    0    1    1    1    1    1    1    1    1    1    0    1    1    1    1    1    1    1    0    1    1    1    1    0    1    1    1    1    1    0    1    1    1    1    1    1    1    1    1    1    1    1    1    1    0    1    1    1    1    0    1    0    1    1    1    1    1    1    1    1    1    1    1    1    1    1    1    1    1    1    1    1    1    1    1    1    1    0    0    1    0    1    1    0    0    0    1    0    1    1    0    0    0    0    0    1    0    0    0    1    1    1    0    0    1    0    1    1    1    1    0    1    1    1    1    1    1    0    1    0    1    0    0    0    1    1    1    1    1    0    1    0    0    1    1    0    0    1    1    0    1    0    0    1    0    1    0    1    1    0    1    0    1    1    0    1    1    1    0    1    0    0    0    1    0    0    1    0    1    0    0    0    0    0    1    1    
50    0.794455    0.322394    1    1    1    1    1    1    1    1    1    0    1    1    0    1    1    1    1    1    1    1    1    1    1    1    1    0    1    1    1    1    1    1    1    1    1    1    1    1    1    1    1    1    1    1    0    1    0    1    1    1    1    1    1    1    1    1    1    1    1    1    1    1    1    0    0    0    1    1    1    1    1    1    1    1    1    1    1    1    1    1    1    1    1    1    1    1    1    1    1    0    1    1    1    1    1    1    1    1    1    1    1    0    1    1    0    0    0    1    0    1    0    1    0    0    1    1    0    1    1    0    1    1    1    1    0    1    1    1    1    1    0    0    1    1    0    0    1    1    0    0    0    1    0    0    1    0    0    1    0    1    0    0    0    0    1    0    1    1    1    0    0    1    0    1    1    1    0    0    1    1    0    0    0    0    1    1    1    0    0    1    0    1    0    1    1    0    0    0    1    0    1    0    0    1    0    1    0    0    1    1    
50    0.313885    0.717747    1    1    1    1    1    1    1    1    1    1    1    1    1    1    1    1    1    1    1    1    1    1    1    0    1    1    1    1    1    1    1    1    1    1    1    1    1    1    1    1    1    1    1    1    1    1    1    1    1    1    1    1    0    1    1    0    1    1    1    1    1    1    1    0    0    1    1    1    1    1    1    1    1    1    1    1    1    1    1    1    1    1    1    1    1    1    1    0    1    1    1    1    1    1    1    1    1    1    1    1    1    0    1    1    0    0    0    0    0    1    0    1    1    0    0    0    1    1    1    0    1    0    0    1    0    0    0    1    1    1    0    0    1    0    0    0    1    1    1    0    0    1    0    0    0    1    0    1    0    1    1    1    1    0    0    0    1    0    1    0    1    1    1    1    0    1    0    1    1    0    1    0    1    0    1    1    0    1    1    1    1    1    0    0    1    0    0    0    1    1    0    0    0    1    0    0    1    1    1    0    
50    0.107227    0.0496125    1    1    1    1    1    1    0    1    1    1    1    1    1    1    1    1    1    1    1    1    1    1    1    1    0    1    1    1    1    1    1    1    1    1    1    1    1    1    1    1    1    1    0    1    1    0    1    1    1    1    0    1    1    1    1    1    1    1    0    1    1    1    0    1    1    1    1    1    1    1    1    1    1    1    0    1    1    1    1    1    1    1    1    1    1    1    1    1    1    1    1    1    1    1    1    1    1    1    0    1    0    0    0    0    0    0    1    1    0    0    1    1    1    0    0    0    1    0    1    0    1    0    1    0    0    1    1    0    1    0    0    0    1    0    0    1    1    0    0    0    1    1    1    0    0    0    1    1    1    0    1    1    0    0    1    0    1    1    1    1    1    0    1    0    0    0    0    1    0    1    1    1    1    0    1    0    0    0    1    0    1    0    0    0    1    1    0    1    1    0    0    1    0    0    0    1    0    0    1    0    
50    0.360183    0.414864    1    1    1    1    1    1    0    1    1    0    1    1    1    1    1    1    1    1    1    1    1    1    1    1    1    1    0    1    1    1    1    1    1    1    1    1    1    1    0    1    1    1    1    0    1    0    1    1    1    1    1    0    0    1    0    1    1    1    1    0    1    1    1    1    1    1    1    1    0    1    1    1    1    1    1    1    1    1    1    0    0    1    1    1    1    1    1    1    1    1    1    1    1    1    1    1    1    0    1    1    1    0    1    0    1    0    0    0    0    0    1    0    1    1    1    1    0    0    0    1    1    1    1    1    1    0    0    1    0    1    0    1    1    1    0    0    0    0    1    0    0    1    1    0    0    1    1    0    1    0    0    0    1    1    1    1    0    0    0    1    1    0    1    1    0    0    1    0    1    0    0    0    0    1    0    0    1    1    0    0    1    0    1    1    0    0    1    1    1    1    1    1    0    1    1    1    1    1    1    0    
50    0.301772    0.767965    1    1    1    1    1    1    1    1    0    1    1    1    1    0    1    1    1    1    1    1    1    0    1    1    1    1    1    1    1    1    1    1    1    1    1    0    1    1    1    1    1    1    1    1    1    1    1    1    1    1    1    0    1    1    1    1    1    1    1    1    1    1    1    1    1    1    0    1    1    1    1    1    1    1    1    1    1    1    1    1    1    1    1    1    1    1    1    1    1    1    1    1    1    1    1    1    1    1    1    1    0    1    1    1    1    0    0    1    0    1    1    0    0    0    1    1    0    1    1    0    1    1    0    1    1    1    0    0    0    0    1    1    0    0    1    1    1    0    0    1    0    1    0    0    1    0    1    0    1    0    0    0    1    0    1    0    0    1    0    0    1    0    1    0    0    0    1    0    1    0    1    0    1    0    1    1    1    1    0    1    1    1    0    0    0    1    1    0    1    0    0    0    0    0    1    1    0    0    0    0    
50    0.764379    0.605377    0    1    1    1    1    1    1    1    1    1    1    1    1    1    1    0    1    0    1    1    1    1    1    1    1    1    1    1    0    1    1    1    1    1    1    1    1    1    1    1    1    0    1    1    1    1    1    1    1    1    1    1    1    1    1    1    1    1    0    1    1    0    1    1    0    1    1    1    1    1    1    1    1    0    1    1    1    1    1    1    1    1    1    1    1    1    1    1    0    1    1    1    1    1    1    1    1    1    1    1    0    1    1    1    1    0    1    0    0    1    1    1    1    0    0    1    0    1    1    0    1    0    1    0    1    1    1    0    0    1    1    0    0    1    0    1    0    1    1    0    1    0    0    1    1    1    0    0    0    0    1    0    0    1    0    0    0    0    0    1    1    0    0    1    1    1    0    0    1    0    0    1    1    1    0    1    0    1    1    1    0    1    1    1    0    1    0    1    1    1    0    1    1    0    1    1    1    1    0    1    
50    0.361415    0.54677    1    1    1    1    1    1    0    1    0    1    1    1    1    1    1    1    1    1    1    1    1    0    1    1    1    1    0    0    1    1    1    1    1    1    1    1    1    1    1    1    1    1    1    1    1    1    1    1    1    1    1    1    1    1    1    1    1    1    1    1    1    1    0    1    1    1    1    0    1    1    1    1    1    1    1    1    1    1    1    0    1    1    1    1    1    1    1    1    1    0    1    1    1    1    1    1    0    1    0    1    0    0    0    0    1    1    1    0    1    1    0    1    1    0    1    1    0    1    0    0    0    0    0    0    1    0    1    1    0    0    1    1    0    0    1    0    1    0    1    0    0    1    0    0    0    0    0    0    0    1    0    0    1    1    1    0    1    1    1    1    1    1    1    0    0    1    1    1    0    0    0    1    0    1    0    1    0    0    0    1    0    0    1    0    0    0    0    0    0    0    1    1    0    1    0    1    1    0    0    0    
50    0.856792    0.864384    1    1    1    1    1    1    1    0    1    1    1    1    1    1    1    1    1    0    1    1    0    1    1    1    1    1    1    1    1    1    1    1    1    1    1    1    1    1    1    1    1    1    1    1    1    1    1    1    1    1    1    1    1    1    1    1    1    1    1    1    1    1    1    1    1    1    1    1    0    1    1    1    1    1    0    1    1    1    1    1    1    1    1    0    1    1    1    1    0    1    1    1    1    1    1    1    1    1    1    1    0    0    1    1    0    1    0    1    1    1    0    0    1    0    0    0    1    1    1    1    1    0    1    0    0    1    1    0    1    1    0    0    0    0    0    0    1    0    0    0    0    1    1    0    1    0    1    0    0    1    1    0    0    0    1    0    1    1    0    1    1    0    0    0    1    1    0    1    0    0    1    1    0    1    1    1    1    0    0    1    0    0    1    1    1    1    1    0    0    1    1    1    0    1    0    0    0    0    0    0    
50    0.33236    0.662497    0    1    1    1    1    1    1    1    1    1    1    1    0    0    1    1    1    1    1    1    1    1    1    1    1    0    0    1    1    1    1    0    1    1    1    1    1    1    1    1    1    1    1    0    1    1    1    1    1    1    1    1    1    1    1    1    1    1    1    1    1    1    1    1    1    1    1    1    1    1    1    1    1    1    1    1    1    1    1    1    1    1    1    1    1    0    1    1    1    1    1    1    1    1    1    1    1    1    1    1    1    0    0    0    0    1    1    1    1    0    0    0    0    1    1    1    0    0    0    0    1    0    0    1    1    0    1    0    1    1    1    1    0    1    0    0    0    1    0    1    0    0    1    0    0    0    0    1    0    1    1    0    0    1    1    1    0    0    0    1    0    0    0    0    1    1    0    0    0    1    0    0    1    1    0    0    1    1    0    1    0    0    0    1    0    0    0    0    0    0    1    0    0    0    0    1    1    0    0    0    
100    0.739474    0.153044    1    0    1    1    0    0    1    0    0    1    1    1    1    1    1    1    1    1    1    1    0    1    1    1    1    1    1    0    1    1    1    1    1    1    1    1    1    0    0    1    1    1    0    1    1    1    1    1    1    1    1    1    1    1    1    1    1    1    0    0    1    1    0    1    1    1    1    1    1    1    1    1    1    1    1    0    1    0    1    0    1    1    1    1    1    1    1    1    1    1    1    1    1    1    1    1    0    1    1    1    1    1    1    0    0    1    1    0    0    0    0    0    0    1    0    1    0    0    1    1    1    0    0    1    1    0    0    0    1    0    0    0    1    0    1    0    1    1    1    0    0    1    0    0    1    0    0    1    1    0    0    0    1    0    0    0    0    0    0    0    1    0    1    1    1    0    1    0    1    1    0    1    0    1    1    0    0    1    0    1    0    1    1    0    1    0    0    1    1    1    0    0    1    0    0    1    0    0    0    1    
100    0.744099    0.261423    1    1    1    1    1    1    1    1    1    0    1    1    1    1    0    1    1    1    1    1    0    1    0    1    1    1    1    1    1    1    1    1    1    1    1    1    1    1    1    1    1    0    1    1    1    1    1    0    1    1    1    1    0    1    1    1    1    1    1    1    1    1    1    1    1    1    1    1    1    0    1    1    1    1    1    1    1    1    0    1    1    1    1    1    1    1    1    1    0    1    1    1    1    1    1    1    1    1    1    0    1    0    1    1    0    0    0    0    0    1    1    0    1    1    0    1    1    1    0    0    0    0    0    0    1    1    0    0    1    0    1    1    0    0    0    0    0    0    0    1    1    1    0    0    1    0    0    1    1    0    0    1    0    0    0    0    0    0    0    1    0    0    1    1    1    1    1    1    0    0    1    1    1    1    0    0    1    1    1    0    1    0    1    1    0    0    1    0    0    1    0    1    1    0    0    1    1    1    0    0    
100    0.867559    0.978323    1    1    1    1    1    1    1    1    1    1    1    1    1    1    1    1    1    1    1    0    1    1    1    1    1    1    1    1    1    1    1    1    1    1    1    1    1    1    1    1    0    1    1    0    0    1    1    1    1    0    1    1    1    0    1    1    1    1    1    1    1    1    1    1    1    1    1    1    0    1    1    1    1    1    1    1    1    1    1    1    1    1    1    1    1    1    1    1    1    1    1    1    1    1    1    1    1    1    1    1    1    0    0    1    0    0    1    1    1    0    0    1    1    1    1    0    1    0    1    1    1    1    0    1    1    0    1    1    0    0    0    1    1    0    1    0    1    0    1    0    1    0    0    1    1    1    0    0    1    1    1    0    0    1    0    1    0    0    0    1    1    0    0    0    1    1    1    0    1    1    0    1    1    0    1    1    1    1    1    1    1    0    1    0    0    0    1    1    1    1    1    0    1    1    0    0    0    0    0    1    
100    0.231512    0.816301    1    1    1    1    1    1    1    1    1    1    1    1    1    1    1    1    1    1    0    1    1    1    1    1    1    1    1    1    1    1    1    0    1    0    1    0    1    1    0    0    1    1    1    0    1    1    1    1    1    1    1    1    1    1    1    1    1    1    1    1    1    1    1    1    1    1    1    1    1    1    1    1    1    1    1    1    1    1    1    1    1    1    0    1    0    1    1    1    1    1    1    1    1    1    1    1    1    1    1    1    0    1    1    0    1    0    1    0    1    0    1    0    1    1    1    1    1    0    1    1    1    0    1    0    1    0    1    1    1    1    0    1    1    0    0    1    1    0    0    0    1    1    1    0    0    0    0    1    1    0    1    1    1    0    0    0    1    0    1    0    1    0    0    0    0    1    1    1    1    0    1    1    0    0    1    1    0    1    1    1    0    1    0    0    1    0    1    1    1    0    0    1    1    1    0    0    1    0    0    1    
100    0.833075    0.857286    1    1    1    1    1    1    1    1    1    1    1    1    1    1    1    1    1    1    1    1    1    1    1    1    1    1    1    1    1    1    1    1    1    1    1    1    1    1    1    1    1    1    1    1    0    1    1    0    1    1    0    0    1    1    1    1    1    1    1    1    1    1    1    1    1    1    1    1    0    1    1    1    1    1    1    1    1    1    1    1    1    1    0    1    1    1    1    1    1    1    1    1    1    1    1    1    0    1    1    0    1    1    1    1    1    0    0    0    1    0    0    1    0    1    0    0    1    0    1    1    1    0    0    0    0    0    1    0    1    1    0    0    0    1    0    1    0    1    0    0    0    0    1    1    1    1    0    1    0    0    1    0    0    1    0    1    0    1    1    0    1    1    0    0    0    0    0    0    0    0    1    0    1    0    1    1    1    1    0    1    0    0    1    0    0    1    1    1    0    1    0    1    1    0    0    0    1    0    0    1    
100    0.966729    0.586893    1    1    1    1    1    1    1    1    1    1    1    0    1    1    1    1    0    1    1    1    1    1    1    1    1    1    1    1    1    0    1    1    1    1    1    1    1    1    0    1    1    1    1    1    1    1    1    1    1    0    1    0    1    1    1    1    1    1    1    1    1    1    1    1    1    1    1    1    1    1    1    1    1    1    1    1    1    0    1    1    1    1    1    1    1    1    1    1    1    1    1    0    1    1    1    1    1    1    1    1    1    1    1    0    0    1    1    0    1    1    0    0    0    0    0    1    0    0    1    1    1    1    0    1    0    1    1    1    0    0    0    1    0    1    1    1    1    0    1    1    0    0    0    1    1    0    0    1    0    1    0    0    1    1    1    0    0    1    0    1    1    1    0    0    0    1    1    1    0    1    0    0    0    0    1    0    0    1    0    0    0    0    1    1    0    1    0    1    0    1    0    1    1    1    1    1    1    1    0    1    
100    0.717681    0.934861    1    1    0    1    1    1    1    1    1    0    1    1    1    0    1    0    1    1    1    1    1    0    1    1    1    1    1    1    1    1    1    1    1    1    0    1    1    1    1    1    0    1    0    0    1    0    0    1    0    1    1    1    1    1    1    1    1    1    1    1    1    1    1    0    0    1    0    1    1    0    0    1    1    0    1    1    1    1    1    1    0    1    1    1    1    1    0    0    0    0    1    0    1    1    1    1    1    0    1    1    1    1    1    1    0    1    0    0    1    0    1    0    1    0    0    1    1    1    1    0    0    0    1    0    0    1    1    0    1    0    1    0    1    0    0    0    1    1    1    0    1    0    0    0    1    0    0    0    0    1    1    0    0    0    1    1    1    1    1    0    0    0    0    1    0    1    1    1    0    1    1    1    1    0    0    0    0    1    1    0    0    0    0    0    1    1    0    0    0    0    1    1    0    0    0    1    1    1    1    1    
100    0.354632    0.0637502    1    1    0    0    0    1    1    1    1    1    1    0    1    1    1    1    1    1    1    1    1    1    0    1    0    1    1    1    1    1    1    1    1    1    1    1    0    1    1    1    1    0    0    1    1    1    0    1    0    1    1    1    1    1    1    1    1    1    1    1    1    1    1    1    1    1    1    1    1    1    1    1    1    1    1    1    1    0    1    1    1    1    1    1    1    1    1    1    1    1    0    1    1    1    1    1    1    0    1    1    0    1    1    1    1    0    0    1    1    0    0    0    0    1    1    1    1    0    1    0    0    0    1    0    0    1    1    0    1    0    0    1    0    0    1    0    1    0    0    0    0    1    1    1    0    0    1    1    1    0    0    1    0    1    0    1    1    1    0    1    1    0    0    1    1    1    0    0    0    0    0    0    1    1    1    1    0    0    1    1    0    0    1    0    1    1    1    0    1    0    0    0    1    0    1    0    0    0    1    0    
100    0.110372    0.200854    1    1    1    1    1    1    1    1    1    1    1    1    1    1    1    1    1    1    1    1    1    1    1    1    1    1    1    1    1    1    1    1    1    1    1    0    1    1    1    1    1    1    1    0    1    1    1    1    1    1    1    1    1    1    1    1    1    1    0    1    1    1    1    1    1    1    1    1    1    1    1    1    0    1    1    1    1    0    1    1    1    1    1    1    1    1    1    1    1    1    1    1    1    1    1    1    1    1    1    1    1    1    1    0    0    0    1    1    1    0    1    0    1    0    0    1    1    1    0    1    0    0    1    1    1    0    1    1    1    1    0    0    0    1    0    1    0    1    1    1    1    0    0    1    0    0    0    0    1    1    1    0    0    0    0    1    0    0    0    1    1    1    0    1    0    1    1    0    1    0    1    0    1    1    1    0    1    1    1    1    1    0    0    1    1    0    0    0    0    1    1    0    1    0    1    0    1    1    0    0    
100    0.131346    0.783504    1    1    1    1    1    1    1    1    1    0    1    1    1    0    1    1    1    1    1    1    1    1    1    0    1    1    1    1    1    1    1    0    1    1    1    1    1    1    1    1    1    1    1    1    1    1    1    1    1    1    1    1    1    1    1    1    1    1    1    1    1    1    1    1    1    1    1    1    1    1    0    1    1    1    1    1    1    1    1    1    1    1    1    1    1    1    0    1    1    1    1    1    1    1    1    1    1    1    1    1    1    0    0    1    0    0    1    0    1    0    0    1    1    0    0    1    0    0    1    1    0    0    0    0    0    1    1    1    1    0    0    1    1    0    1    0    0    1    1    0    1    1    1    1    0    0    0    1    0    1    0    1    0    1    1    1    1    1    0    0    1    1    0    0    0    1    1    1    0    1    0    1    0    0    1    0    0    1    0    1    1    1    0    1    1    1    1    0    0    1    0    0    0    0    0    0    0    1    1    1    
100    0.359318    0.141946    0    1    1    1    0    1    1    1    1    1    1    1    1    1    1    1    1    1    1    1    1    1    1    1    1    1    1    1    1    1    0    1    1    1    0    1    1    1    1    1    1    0    1    1    1    0    0    1    1    1    1    1    1    1    1    1    1    1    1    1    1    1    1    1    1    0    1    1    1    1    1    1    1    1    1    1    1    1    1    1    1    0    1    1    0    1    1    0    1    1    1    1    1    1    0    1    1    1    0    1    0    0    0    1    0    1    0    1    1    0    0    0    1    0    0    0    1    0    1    0    1    1    0    0    0    0    1    1    0    1    0    1    0    0    1    0    0    1    0    1    1    1    0    0    0    0    0    0    0    0    1    0    0    0    1    1    0    0    1    0    1    1    0    1    0    1    1    1    1    0    0    0    0    0    1    0    0    1    1    1    0    1    0    1    1    0    0    1    0    0    1    0    0    1    1    1    0    1    1    0    
100    0.976123    0.245483    1    0    1    0    1    1    1    1    1    0    0    1    1    0    1    1    1    1    1    1    1    1    1    1    0    1    1    1    1    1    1    1    1    1    1    1    1    1    1    0    1    1    1    1    1    0    0    1    1    1    1    1    1    1    1    1    1    1    1    1    1    1    1    1    1    1    1    1    1    1    0    0    1    1    1    1    1    1    1    1    1    1    1    1    1    1    1    1    0    1    1    1    1    1    1    1    1    1    1    0    1    1    1    1    1    0    1    0    0    1    1    1    0    0    1    0    0    1    1    0    1    1    0    0    0    0    1    1    0    0    1    0    0    1    0    0    1    0    1    0    0    1    0    1    1    0    0    0    0    1    1    1    1    0    0    1    0    0    1    1    1    1    1    0    1    0    0    0    0    0    0    1    1    0    0    1    0    0    0    1    1    1    0    0    0    0    0    1    1    0    1    0    0    0    1    0    1    0    0    0    
100    0.967535    0.46383    1    1    1    1    1    1    1    1    1    1    1    1    1    1    0    0    1    1    0    1    1    1    1    0    1    1    1    1    1    1    1    1    1    1    0    1    1    0    1    1    1    1    1    1    1    1    1    1    1    1    1    1    1    1    1    1    1    1    1    1    1    1    1    1    1    0    1    1    1    1    1    0    1    1    0    1    1    1    1    1    1    1    1    1    1    1    0    1    1    1    1    1    1    1    1    1    1    0    0    1    1    0    0    0    1    1    0    1    0    0    1    0    0    1    1    0    0    0    0    1    1    1    1    0    1    0    0    1    1    1    0    1    1    0    0    0    1    1    1    0    0    0    0    1    0    1    0    1    1    0    1    1    0    0    1    0    1    0    1    1    0    0    1    0    0    0    0    0    0    0    0    1    0    0    0    1    1    0    0    0    1    1    0    0    0    0    0    1    1    0    1    1    0    0    1    0    0    1    1    1    
100    0.232607    0.513651    1    1    0    0    1    1    1    0    1    1    1    1    1    1    1    1    1    1    1    1    1    1    1    1    1    1    1    1    1    1    1    1    1    1    1    1    1    1    1    1    1    1    0    1    1    1    1    1    1    1    1    1    0    1    1    1    1    1    1    1    1    1    1    1    1    1    1    1    1    1    1    1    1    0    1    0    0    1    1    1    1    1    1    1    0    1    1    1    0    1    1    1    1    1    1    1    1    1    0    1    0    1    1    1    1    1    0    0    0    1    1    0    1    0    0    1    0    0    0    1    0    0    0    1    1    1    0    0    1    0    0    1    0    1    0    1    0    0    0    1    0    0    0    1    1    0    1    0    0    1    1    1    1    0    1    0    1    0    0    1    1    1    1    0    0    1    0    1    1    1    0    0    0    0    0    1    0    0    1    0    1    1    1    0    0    1    1    0    1    0    0    0    1    0    1    0    1    1    1    0    
100    0.583004    0.194365    1    1    1    1    1    1    1    0    1    1    1    0    1    0    0    0    1    1    0    0    0    1    1    1    1    1    1    1    1    0    0    0    1    1    1    1    1    0    1    1    1    1    1    1    1    1    1    1    1    1    0    0    0    1    1    1    1    1    1    1    1    1    1    1    0    1    0    0    1    0    1    1    1    1    1    1    0    1    1    1    1    1    1    0    1    1    1    1    1    1    0    1    1    1    1    1    1    0    1    1    1    0    0    1    0    0    0    1    1    0    0    1    1    1    1    0    1    0    0    0    1    0    1    1    0    1    1    1    1    1    1    0    1    1    1    1    1    0    0    0    0    0    1    1    0    0    0    0    0    1    0    0    0    1    0    0    0    1    0    0    0    1    0    1    1    1    1    1    0    0    1    0    0    1    0    1    0    0    1    1    1    1    1    0    0    0    1    1    1    1    1    1    1    1    0    0    0    1    0    0    
100    0.286171    0.19864    1    1    1    1    1    1    1    1    1    1    1    1    1    1    1    1    1    1    1    1    1    0    1    1    1    1    1    1    1    1    1    1    1    1    1    1    1    1    1    1    1    1    1    1    1    0    1    1    1    1    1    1    1    1    1    1    1    1    1    1    1    1    1    1    1    1    1    1    1    1    1    1    1    1    1    1    1    1    1    1    0    1    1    0    1    1    1    1    1    1    1    1    0    1    1    1    1    1    1    1    0    1    1    1    0    1    1    1    1    0    0    0    1    1    0    1    0    1    1    0    1    1    1    0    0    1    0    1    1    1    1    1    0    1    0    0    1    0    1    0    0    0    0    0    0    0    1    1    1    1    1    1    0    0    1    0    1    1    0    0    1    0    0    1    0    0    0    1    1    0    1    0    0    1    1    0    0    1    0    1    0    0    1    1    0    1    1    1    0    1    0    0    1    0    0    1    1    0    0    1    
100    0.581845    0.65743    1    1    1    1    1    1    1    0    1    1    1    1    0    1    1    1    1    1    1    1    1    1    1    1    0    1    1    1    1    1    1    1    1    1    1    0    1    0    1    1    0    1    1    0    1    1    1    1    1    1    1    1    1    1    1    1    1    1    1    1    1    1    1    1    1    0    1    1    1    1    1    0    1    0    1    1    1    1    1    0    0    1    1    1    1    1    1    1    1    1    1    1    1    1    1    1    1    1    1    1    0    1    0    0    1    1    1    1    1    0    0    0    1    1    1    0    1    0    1    0    1    1    1    0    1    0    0    0    0    0    0    1    0    1    0    1    1    1    0    0    0    0    0    0    1    1    1    0    1    1    1    0    1    1    0    1    0    1    0    1    1    1    0    1    1    0    1    1    1    1    0    0    1    1    0    0    0    0    0    0    1    0    1    1    1    0    1    0    1    0    1    1    0    1    0    0    1    0    1    0    
100    0.900809    0.738415    1    1    1    0    0    1    1    1    1    1    1    1    1    1    0    1    1    1    1    1    1    1    1    1    1    1    0    1    1    1    1    1    1    1    0    1    1    1    1    1    1    1    1    1    1    1    1    1    1    1    1    0    1    1    1    1    1    1    1    1    0    1    1    1    1    1    1    1    1    1    1    1    1    0    1    1    1    0    1    1    1    1    0    1    1    1    1    1    1    1    1    1    1    1    1    1    1    1    1    1    0    1    1    0    0    0    1    1    0    1    1    1    0    0    0    1    0    0    1    0    0    0    0    0    1    0    0    0    1    0    0    0    0    0    1    1    0    1    1    1    0    1    0    0    1    1    1    1    1    0    1    0    0    0    1    0    0    0    1    0    0    0    0    0    1    1    0    1    1    1    1    1    1    1    0    0    1    1    0    1    1    0    0    0    0    0    0    0    0    0    1    1    1    1    0    1    1    0    0    1    
100    0.428171    0.256205    1    1    1    1    1    1    1    1    1    1    1    1    1    0    1    0    1    1    1    0    1    1    1    1    1    1    1    1    1    1    1    1    1    1    1    1    1    1    1    1    1    1    0    1    1    0    1    1    1    0    1    0    1    1    1    1    1    1    1    1    0    1    1    1    1    0    0    1    1    0    1    1    1    1    1    1    1    1    1    1    1    1    1    0    1    1    1    1    1    1    1    1    1    1    0    1    1    1    1    1    0    1    1    1    0    1    0    1    1    1    0    0    0    0    0    0    0    0    0    0    1    1    1    0    0    1    0    1    1    1    1    1    1    1    0    1    0    1    0    1    0    0    0    1    0    1    0    0    0    0    1    0    1    1    0    1    0    1    1    1    1    1    1    0    1    1    0    0    0    0    0    1    1    0    0    0    0    0    0    1    1    1    0    0    1    1    1    0    1    1    0    0    1    1    1    1    0    0    0    0    
100    0.0887084    0.599631    1    1    1    1    1    1    1    1    1    1    1    1    1    1    1    1    1    1    1    0    1    1    1    1    1    1    1    1    1    1    1    1    1    1    1    1    1    1    1    1    1    1    1    1    1    1    1    1    1    1    1    1    1    1    1    1    0    0    1    1    1    1    1    1    1    1    1    1    1    1    1    1    1    1    1    1    1    1    1    1    1    1    1    1    1    0    1    0    1    1    1    1    1    0    1    1    1    1    1    1    0    1    1    1    0    1    1    1    1    1    0    0    1    0    1    0    0    0    1    1    0    1    1    0    0    1    0    0    0    1    1    0    0    0    0    0    0    1    1    1    1    1    1    1    0    0    1    1    1    0    1    0    0    0    1    0    0    0    0    0    1    1    1    0    1    0    1    1    1    0    0    0    0    1    0    0    0    1    0    1    0    0    1    0    1    0    0    1    1    0    0    1    1    0    0    0    0    0    1    0    
100    0.893642    0.00412172    1    1    1    1    1    1    1    1    1    1    1    1    1    1    1    1    1    1    1    1    1    1    1    1    1    1    0    1    1    1    1    1    1    0    1    1    1    1    1    1    0    1    1    1    1    1    1    1    1    0    1    1    1    1    1    1    1    1    1    1    1    1    1    1    1    1    1    1    1    0    1    0    1    1    1    1    1    1    1    0    1    1    1    1    1    1    1    1    1    1    0    1    1    1    1    1    1    1    1    1    0    0    0    1    0    0    1    1    1    0    1    0    0    0    1    1    1    0    0    1    1    0    1    1    0    0    0    0    0    1    0    0    0    0    1    0    1    1    1    1    1    1    0    0    0    1    0    0    0    1    0    0    1    0    0    0    0    1    1    1    0    1    0    1    0    0    1    1    1    1    1    1    1    0    0    0    1    0    0    0    0    0    0    1    0    0    1    1    0    1    1    0    1    0    0    0    1    0    1    0    
100    0.606139    0.674093    1    1    1    1    1    1    1    1    1    1    1    1    1    1    1    1    1    1    1    1    1    1    1    1    0    1    1    0    0    1    1    1    1    1    1    1    1    1    1    1    1    1    1    1    1    1    1    1    1    1    1    1    1    0    1    1    1    0    1    1    1    1    1    1    1    1    1    1    1    1    1    1    0    0    1    1    1    1    1    1    1    1    1    1    1    1    1    1    1    1    1    1    1    0    0    1    1    1    1    1    0    0    1    1    0    0    1    1    1    0    1    1    1    0    0    1    1    0    1    1    0    0    0    0    0    0    1    1    0    1    0    0    1    1    0    1    0    1    1    1    0    1    1    1    1    0    0    0    1    0    1    1    0    0    0    0    1    1    0    0    1    1    1    0    0    1    1    0    1    0    0    1    1    0    1    1    1    0    0    1    0    0    0    0    0    0    0    1    0    0    1    0    0    0    1    0    0    1    1    0    
100    0.280632    0.936244    1    0    1    1    1    1    1    1    1    0    0    1    1    1    1    1    1    1    0    1    1    1    1    1    1    1    1    0    1    1    1    1    1    1    1    1    1    1    1    1    1    0    1    1    1    1    1    1    0    1    1    1    1    1    1    1    1    1    1    1    1    1    1    1    1    1    1    1    1    1    1    1    1    1    1    0    1    1    1    1    1    1    1    1    1    1    1    1    1    1    0    1    0    1    1    1    1    1    1    1    1    1    1    1    0    1    1    1    0    1    1    0    0    0    1    1    0    0    1    1    1    1    1    0    1    0    1    0    1    1    0    0    0    0    0    0    0    0    1    0    1    1    0    0    1    0    1    0    0    0    1    1    1    0    1    0    0    0    0    0    1    1    1    0    0    0    0    1    1    0    0    1    1    1    1    1    1    0    1    0    0    0    1    0    1    0    0    1    0    1    0    0    1    1    0    1    1    1    1    1    
100    0.483848    0.900438    1    1    1    1    1    0    1    1    1    1    1    1    0    1    1    0    1    1    1    1    1    1    1    1    1    0    0    0    1    1    1    1    1    1    0    1    0    1    1    1    0    1    1    0    1    1    1    1    0    0    1    1    1    1    1    1    1    0    0    1    1    1    1    0    1    0    1    1    1    1    0    1    1    1    1    1    1    1    0    1    1    1    1    1    0    1    1    1    1    1    1    1    1    1    1    1    1    1    1    1    0    1    0    0    0    0    1    1    0    0    0    0    1    1    0    1    0    1    0    0    0    1    1    0    0    0    0    0    1    1    0    0    1    0    0    0    1    0    0    0    1    1    0    1    0    0    0    1    1    1    0    0    1    0    0    0    0    0    1    1    0    0    0    1    0    1    0    0    0    1    1    0    1    0    0    1    0    1    0    1    0    1    1    1    1    1    1    0    0    1    0    1    0    1    0    0    1    1    0    0    
100    0.0528502    0.490623    1    1    1    1    1    1    1    1    1    1    1    1    1    1    1    1    1    1    1    0    1    1    1    1    1    0    1    1    1    1    1    0    1    1    0    1    1    0    1    1    1    1    1    1    1    1    1    1    1    1    1    0    1    1    0    0    0    1    1    1    1    1    1    1    1    1    1    1    1    1    1    1    0    1    1    1    1    1    1    0    1    1    1    1    1    1    1    1    1    1    1    1    1    1    1    1    1    1    1    1    1    0    0    1    0    1    0    0    1    1    0    1    0    0    1    1    0    0    1    0    0    0    1    0    1    0    1    0    1    1    1    0    1    0    1    0    0    0    0    1    0    1    1    1    0    1    1    0    1    0    1    0    0    1    0    0    0    0    1    0    1    0    1    0    0    1    0    0    0    1    1    0    0    1    0    0    1    1    0    0    1    0    0    1    0    0    0    0    0    1    0    0    0    0    0    0    0    1    1    0    
100    0.252179    0.17206    1    0    1    1    1    1    1    1    0    1    1    1    1    1    1    1    1    1    1    1    1    1    1    0    1    0    1    1    0    1    0    1    1    1    1    1    1    0    1    1    1    1    1    0    0    0    1    1    1    1    1    1    1    1    1    1    1    1    1    1    1    1    1    1    1    1    1    0    1    1    1    1    0    1    1    1    1    1    0    1    1    1    1    1    1    1    1    1    1    1    1    1    1    1    1    1    0    0    0    1    1    0    1    0    0    1    1    1    0    1    1    0    1    1    1    0    0    0    1    1    0    0    0    0    1    0    1    1    1    0    1    0    1    0    1    1    1    0    0    0    1    1    0    1    0    0    1    1    1    1    1    1    0    1    1    0    0    1    1    1    0    1    1    1    1    0    1    0    1    0    0    1    1    0    0    0    1    0    0    0    0    1    1    1    1    0    1    0    1    1    0    1    0    0    0    1    1    0    1    0    
100    0.231763    0.759815    1    1    1    1    1    1    1    1    1    1    1    1    1    0    1    1    1    1    1    1    1    1    1    1    1    1    0    1    1    1    1    1    1    1    1    1    1    1    1    1    0    1    1    1    1    0    1    1    1    1    1    1    1    1    1    1    1    1    1    1    1    1    1    0    1    1    1    1    1    1    1    1    1    1    1    1    1    1    0    1    0    0    1    1    1    1    1    1    1    1    1    1    1    1    1    1    1    0    1    1    1    1    1    0    0    1    0    0    0    1    0    1    0    1    0    1    1    1    0    1    1    0    0    0    1    1    0    1    0    1    1    0    0    1    0    0    1    1    0    0    0    0    1    0    0    0    0    0    0    0    0    1    1    0    0    0    1    0    1    1    0    0    0    1    0    0    0    0    1    0    1    1    1    1    0    0    1    1    0    0    1    0    0    1    0    1    1    0    0    1    1    0    0    1    0    0    0    0    0    0    
100    0.0455189    0.760812    1    1    1    1    1    1    0    1    1    1    1    1    1    1    1    1    1    1    1    1    1    1    1    1    1    1    1    1    1    1    1    1    1    1    1    1    1    1    1    1    1    1    1    1    1    1    1    1    1    1    1    1    0    1    1    1    1    1    1    1    1    1    1    1    1    1    1    1    1    1    0    1    1    0    1    1    1    1    1    1    1    1    0    1    1    1    1    0    1    1    0    1    1    1    1    1    1    1    1    1    0    0    0    1    1    1    0    1    0    0    1    0    0    1    1    0    0    1    1    0    0    0    0    0    1    1    1    1    0    1    1    1    1    0    0    1    0    0    0    0    1    1    0    0    1    1    0    0    1    1    0    1    1    1    0    0    1    1    0    1    0    0    1    0    0    0    1    1    0    0    0    1    1    1    1    1    1    1    1    1    0    0    0    1    1    1    0    0    1    1    0    0    0    1    1    1    0    0    1    1    
100    0.448526    0.703278    1    1    1    1    1    1    1    1    1    1    1    1    1    1    1    1    1    1    1    1    1    1    1    1    1    1    1    1    1    0    1    1    0    1    1    1    1    1    1    1    1    0    1    1    1    1    1    1    1    1    1    1    1    1    1    1    1    0    1    1    1    1    1    1    0    1    1    1    1    1    1    1    1    0    1    1    1    1    1    1    1    1    1    1    1    1    1    1    1    1    1    1    1    1    0    1    1    0    1    1    0    0    1    0    0    1    0    1    1    0    0    1    0    0    0    1    0    0    0    0    0    1    0    1    0    1    0    1    0    0    0    1    0    1    0    1    1    0    0    1    0    1    1    1    1    1    1    0    1    1    0    1    1    1    0    1    1    0    0    0    0    0    0    1    0    1    0    1    0    0    0    1    0    0    0    1    1    1    0    0    1    1    0    1    1    0    1    1    0    1    0    1    0    1    0    1    1    0    0    0    
100    0.934708    0.798976    1    1    1    1    1    1    1    1    1    1    1    1    1    1    1    1    1    1    0    1    1    1    1    1    1    1    1    1    1    1    1    1    1    1    1    1    1    1    1    1    1    0    1    1    1    1    1    1    1    1    1    1    1    1    0    1    0    1    1    1    1    1    1    1    1    1    1    1    1    1    1    1    1    1    1    1    1    1    1    1    1    1    1    0    1    1    1    1    0    1    1    1    1    0    1    1    1    1    1    1    0    0    1    0    1    0    1    0    0    0    0    1    0    1    0    0    1    0    1    1    1    1    0    0    0    1    1    1    1    1    0    0    0    0    0    0    1    1    0    1    1    1    1    0    0    1    0    0    1    0    1    0    1    0    0    0    1    1    0    1    0    0    0    0    0    1    0    1    1    1    0    1    1    0    1    1    1    0    0    1    0    0    0    0    0    1    1    0    0    0    1    1    1    1    1    0    1    0    0    1    
100    0.21591    0.627225    0    1    1    1    1    1    1    0    1    1    1    1    1    1    0    1    1    1    1    1    1    1    1    1    1    1    1    1    1    1    1    1    1    1    1    1    1    1    1    1    1    1    1    1    1    1    1    1    1    1    0    1    1    1    1    1    0    1    0    1    1    1    1    1    1    0    1    1    1    0    1    1    1    1    1    1    1    1    1    1    1    1    1    1    1    1    1    1    1    1    1    1    0    1    1    1    1    1    0    1    1    0    0    1    1    1    1    0    0    0    0    0    0    0    0    0    0    1    1    1    1    0    1    1    1    1    0    1    1    0    1    1    0    1    1    0    1    1    1    0    1    1    0    1    1    1    1    1    1    1    1    0    1    1    0    1    0    0    1    0    1    0    1    1    1    0    1    0    0    0    1    0    0    0    1    0    1    0    1    0    0    0    1    1    0    1    0    0    1    0    1    0    0    1    1    1    1    1    0    0    
100    0.0677584    0.0337344    1    1    1    1    1    1    1    1    1    0    1    1    1    1    1    1    0    1    1    1    1    1    1    1    1    1    1    1    1    1    1    1    1    1    1    0    1    0    1    1    1    1    0    1    1    0    1    1    1    1    1    1    1    1    1    1    1    1    1    1    1    1    1    0    1    1    0    1    1    0    1    1    0    1    1    1    1    1    1    1    1    1    1    1    1    1    1    1    1    1    1    1    1    1    0    1    1    1    1    1    1    0    0    0    1    0    1    0    1    0    0    0    0    1    0    0    1    0    1    1    1    1    0    1    0    1    1    0    0    0    0    1    0    1    1    1    1    0    1    0    0    0    0    1    1    1    1    1    1    0    1    0    1    0    0    0    0    1    0    0    0    0    0    0    1    1    0    1    0    1    0    0    0    1    0    1    1    0    1    0    1    1    0    1    0    0    0    1    1    1    0    0    1    0    0    0    1    0    1    0    
100    0.985045    0.984822    1    1    1    1    1    1    1    1    1    1    1    1    1    1    1    1    1    1    0    1    1    1    1    1    1    1    1    1    1    1    1    1    1    1    1    1    1    1    1    0    1    1    1    1    1    1    1    1    1    1    1    1    1    1    1    1    1    1    1    1    1    1    1    1    1    1    1    1    1    1    1    1    1    1    1    1    1    1    1    1    1    1    1    1    1    1    1    1    1    1    1    1    1    1    1    1    1    1    1    1    0    0    1    1    1    0    1    1    0    0    1    0    1    0    1    1    0    0    0    1    0    1    1    0    0    1    0    0    0    1    1    0    1    0    1    0    1    1    0    0    0    1    0    1    1    0    1    1    1    0    0    0    1    1    0    1    1    0    1    0    0    0    1    1    0    0    1    1    0    0    1    1    0    0    1    1    1    1    1    0    1    1    1    1    1    1    1    0    1    1    0    1    1    1    1    0    1    1    0    0    
100    0.225209    0.709259    1    1    1    1    1    1    1    1    1    0    1    1    1    1    1    1    1    1    1    1    1    1    1    0    1    1    0    1    1    1    1    1    1    1    0    1    1    1    0    1    1    1    1    1    1    1    1    1    1    1    1    1    1    1    1    1    1    1    1    1    1    1    1    1    1    1    1    1    1    1    1    1    1    1    1    1    1    1    1    1    1    1    1    1    1    1    1    1    1    1    1    1    1    1    1    1    1    1    1    1    0    1    1    1    0    0    0    0    0    0    1    1    1    1    1    1    1    0    0    1    0    0    1    1    0    1    0    0    1    0    0    1    1    1    0    1    0    0    0    1    1    0    1    0    0    0    1    1    1    0    0    1    0    0    1    0    0    1    1    1    1    1    0    1    1    1    1    1    0    1    1    0    0    0    1    0    0    1    0    0    0    1    1    1    0    1    1    1    0    0    0    0    1    1    0    1    1    0    1    0    
100    0.89944    0.054248    1    1    1    1    1    0    1    1    1    1    1    1    1    1    1    1    1    1    1    1    1    1    1    1    1    1    1    1    1    1    1    1    1    1    1    1    1    0    1    0    1    1    1    0    1    1    1    1    1    1    1    1    1    1    1    1    1    1    1    1    1    1    1    1    1    1    1    1    1    1    1    1    0    1    1    1    1    1    1    1    1    1    1    1    1    1    1    1    0    1    1    1    1    1    1    1    1    1    1    1    1    1    1    1    0    1    0    0    0    0    0    0    1    0    0    1    0    1    0    1    1    0    1    0    1    1    0    1    1    0    1    0    1    1    0    0    0    0    0    1    0    1    1    1    1    0    1    0    0    1    0    0    0    0    1    1    1    0    1    1    1    0    0    1    0    1    0    0    0    1    1    1    1    0    1    0    1    0    0    1    1    0    1    1    1    1    1    1    0    1    1    1    0    1    1    1    1    1    1    0    
100    0.238534    0.838721    1    1    1    1    1    1    1    1    1    1    1    1    1    1    1    1    1    1    1    1    1    1    1    1    1    1    1    1    1    1    1    1    0    0    1    1    1    1    1    1    1    1    1    1    0    1    1    1    1    1    1    0    1    1    1    1    1    1    1    1    1    1    0    1    1    1    1    1    1    1    1    0    1    1    1    1    1    1    1    1    1    1    1    1    1    1    1    1    1    1    1    1    1    1    1    1    1    1    1    1    0    0    0    0    1    1    1    1    0    1    1    1    0    0    0    1    0    0    1    0    0    1    0    1    1    0    0    1    1    1    1    1    0    1    1    1    1    1    0    0    0    1    0    1    0    1    1    1    1    0    1    0    1    0    1    0    0    1    1    1    0    1    1    1    0    1    0    0    0    1    1    1    1    0    1    1    0    1    1    0    1    0    1    0    0    0    0    1    0    1    0    0    0    0    1    0    1    0    1    1    
100    0.717702    0.607926    1    1    1    1    1    1    1    0    1    1    1    1    0    1    1    1    1    1    1    1    1    1    0    1    1    1    1    1    0    1    1    1    1    1    1    1    1    1    1    1    0    1    1    1    0    1    1    1    0    1    0    1    1    1    1    1    1    1    1    1    1    1    1    1    1    1    1    1    1    1    1    1    1    1    1    1    1    1    1    1    1    1    1    1    1    1    1    1    1    0    1    1    1    1    1    1    1    1    1    1    1    0    1    0    1    1    0    0    1    0    0    1    0    1    0    1    0    0    0    1    0    0    1    0    1    1    0    1    0    1    0    1    0    1    1    0    1    1    1    0    0    0    0    1    0    1    0    0    0    0    1    0    0    0    1    1    0    0    0    0    1    1    0    1    0    1    1    0    1    0    0    1    1    0    0    1    0    0    1    1    0    0    0    0    0    1    1    1    0    1    1    0    0    0    1    0    0    0    1    0    
100    0.914521    0.890817    1    1    1    1    1    1    1    1    1    1    1    1    1    0    1    1    1    1    1    1    1    1    1    1    1    1    1    1    1    1    1    1    1    1    1    1    1    1    1    1    1    1    1    1    1    1    1    1    0    1    1    1    1    1    0    1    1    1    1    1    1    1    1    1    1    1    1    1    1    1    1    1    1    1    1    1    1    1    1    1    1    1    1    1    1    1    0    1    1    1    1    1    1    1    1    1    1    1    1    1    1    1    1    0    1    1    1    0    1    0    0    0    0    1    1    1    0    0    0    1    1    0    0    1    1    0    0    0    0    1    1    0    1    1    1    0    1    0    0    1    1    0    0    0    1    0    0    1    1    1    0    0    1    1    0    0    1    1    0    1    0    0    0    0    1    0    0    1    1    1    0    0    0    0    1    1    1    0    0    1    1    1    0    1    1    0    1    1    0    1    0    1    0    0    0    1    1    0    0    1    
100    0.73382    0.660099    1    0    1    1    1    1    0    1    1    0    1    1    1    1    1    1    1    1    1    1    1    1    1    1    1    1    1    1    1    1    1    1    1    1    1    1    1    1    1    1    1    1    1    1    1    1    1    1    1    1    1    1    1    1    1    0    1    1    1    1    1    1    1    1    0    1    1    1    1    1    1    1    1    1    1    1    1    1    1    1    1    1    1    1    1    1    1    1    1    1    1    1    1    1    1    1    1    1    1    1    1    1    1    0    0    0    0    1    1    0    0    1    0    1    1    0    1    1    0    1    0    1    1    0    0    0    0    1    0    0    1    1    1    0    1    0    0    1    1    0    1    0    1    1    1    1    1    1    1    0    0    0    0    1    0    0    1    0    1    1    0    1    1    1    1    0    0    1    1    0    0    0    0    1    1    1    0    0    0    0    0    1    1    1    1    1    1    1    0    0    0    0    0    0    0    1    0    0    1    0    
100    0.601503    0.43414    1    0    1    1    1    1    1    1    0    1    1    1    1    1    1    1    1    0    1    0    0    1    0    1    1    1    1    1    1    1    0    0    1    1    1    1    0    1    1    1    0    1    0    1    1    1    1    0    0    1    1    1    1    0    0    1    0    1    1    1    0    1    1    1    1    1    1    1    0    0    1    1    1    1    1    1    1    1    1    1    1    1    0    1    0    0    0    1    1    1    1    1    1    0    1    0    1    0    1    1    1    1    1    0    0    0    1    0    0    0    0    0    1    1    0    1    0    0    0    0    0    0    0    1    1    1    1    0    0    1    0    1    1    1    0    0    1    0    1    0    0    1    1    1    1    0    1    1    1    1    0    1    1    0    0    0    0    0    1    0    1    0    0    1    1    0    0    0    0    1    0    1    1    1    1    0    0    1    1    0    0    1    0    1    0    0    0    1    0    1    1    1    0    0    0    1    0    1    0    1    
100    0.244978    0.337312    1    1    1    1    1    1    1    1    1    1    1    1    1    1    1    1    1    1    1    1    1    1    1    1    1    1    1    1    1    1    1    1    0    1    0    1    1    1    1    1    1    1    1    1    1    1    1    1    1    1    1    0    1    1    0    1    1    1    1    1    1    1    0    1    0    1    1    1    0    1    1    0    1    1    1    1    1    1    1    1    1    1    1    1    1    1    1    1    1    0    1    1    1    1    1    1    1    1    1    1    0    0    1    1    1    0    0    1    0    1    1    1    0    0    0    0    0    0    0    1    1    1    1    0    0    1    0    1    0    0    1    0    0    1    0    0    1    1    0    0    1    0    1    1    1    0    0    0    1    0    0    1    0    0    1    0    1    0    1    0    1    0    1    1    1    0    0    1    0    0    0    0    0    0    1    0    0    1    1    1    0    1    1    0    0    0    1    0    0    0    1    0    1    1    0    1    1    0    0    0    
100    0.848747    0.362742    1    1    1    1    0    1    1    1    1    1    1    1    1    1    1    0    1    0    1    0    1    1    1    1    1    1    1    0    0    1    1    1    1    1    1    0    1    1    1    0    1    1    1    0    1    1    1    1    1    0    1    1    0    1    1    1    0    1    1    1    1    1    1    1    1    1    0    0    1    1    1    1    1    0    1    1    1    1    1    1    1    1    1    1    1    1    1    1    1    1    1    1    1    0    1    0    1    1    1    1    1    1    0    1    0    1    0    0    0    0    0    1    1    0    1    1    1    0    0    0    0    1    0    1    1    0    1    1    0    0    1    1    0    0    0    1    0    0    0    0    1    1    0    1    0    0    0    0    0    1    0    1    0    0    1    0    0    0    1    1    1    1    0    1    1    0    1    1    1    0    0    1    0    1    0    1    1    1    1    1    0    1    0    0    0    1    0    1    1    0    0    0    0    0    0    1    1    0    1    1    
100    0.224174    0.71498    1    0    1    1    0    1    1    1    1    1    1    1    1    1    1    1    1    1    1    1    1    1    1    0    1    1    1    1    1    1    1    1    1    1    0    1    1    1    1    1    0    1    1    1    1    1    1    1    1    1    1    1    1    1    1    1    1    1    1    1    1    1    1    1    0    1    1    0    1    0    1    1    1    1    1    1    1    1    1    1    1    1    1    1    1    1    1    1    1    1    1    1    1    1    1    0    1    1    1    1    0    1    0    0    0    1    1    1    0    1    1    0    0    1    1    0    0    0    0    0    0    1    0    0    1    1    1    0    1    1    1    0    1    0    1    1    0    1    1    1    0    0    0    0    1    0    0    0    0    0    0    0    0    0    1    1    0    1    0    1    1    1    1    0    1    0    0    0    1    0    1    1    0    0    0    1    1    1    1    0    0    0    0    1    1    0    1    1    0    0    1    1    0    1    1    1    0    1    1    0    
100    0.909941    0.716448    1    1    1    1    1    1    1    1    1    1    1    1    1    1    1    1    1    0    1    1    0    1    1    1    1    1    1    1    1    1    1    1    1    1    1    1    1    1    1    1    1    1    1    1    1    1    1    1    1    1    1    1    1    1    1    1    1    1    1    0    1    1    1    1    1    1    0    1    1    1    1    1    1    1    1    0    1    1    1    1    1    1    1    1    1    1    1    1    1    1    1    1    1    1    0    1    1    1    1    1    0    0    0    0    1    1    1    0    0    1    0    1    1    1    1    0    1    0    0    0    1    0    1    1    1    0    0    0    0    0    0    1    1    1    1    0    1    1    0    1    0    1    1    1    0    0    1    0    1    0    1    0    1    0    1    1    1    1    0    0    0    1    0    0    1    0    1    0    1    0    0    1    0    0    1    1    1    0    0    0    1    0    1    1    0    0    0    1    0    0    0    0    0    1    0    0    0    1    1    1    
100    0.744408    0.609299    1    1    1    1    1    1    1    0    1    1    1    1    0    1    1    1    1    1    1    1    1    1    1    1    1    1    1    0    1    1    1    1    1    1    1    1    1    1    1    1    1    1    1    1    1    1    1    1    1    1    1    1    1    1    1    1    1    1    1    1    1    1    1    0    1    0    1    1    1    1    0    1    1    1    1    1    1    0    1    1    1    1    1    1    1    1    1    1    1    1    1    1    1    1    1    1    1    1    1    1    0    0    1    1    1    1    1    1    0    0    1    0    0    1    1    0    1    1    1    0    0    0    1    0    1    1    1    0    1    1    1    1    0    0    1    1    0    1    1    0    0    0    0    0    0    0    0    0    0    0    0    0    1    0    1    1    1    1    1    1    0    1    1    1    0    1    1    1    0    1    1    1    1    0    0    1    0    0    0    0    1    1    1    1    0    1    1    0    0    0    1    0    0    1    0    1    1    1    1    1    
100    0.847441    0.0297327    1    1    1    1    1    1    1    1    1    1    1    1    1    1    1    1    1    1    1    1    1    1    0    1    1    1    1    1    1    1    1    1    0    1    1    0    1    1    1    1    1    1    0    1    1    1    1    1    1    1    1    1    1    1    1    1    1    0    1    1    1    1    1    1    1    1    1    0    1    1    1    1    1    1    1    1    1    1    1    1    1    1    1    1    1    1    1    1    1    1    1    1    1    1    1    1    1    1    1    1    1    1    0    1    1    1    1    0    0    0    0    1    0    1    0    0    1    0    0    1    0    0    0    0    1    1    1    0    0    1    1    1    0    1    0    0    1    0    0    0    0    1    1    1    0    0    0    1    0    0    0    0    1    0    1    1    0    0    1    0    0    1    1    1    0    1    1    1    1    0    0    1    1    1    1    1    0    1    0    0    1    0    0    0    1    0    0    0    1    1    0    0    1    1    1    1    1    1    1    1    
100    0.352791    0.361618    1    1    1    1    1    1    1    0    1    1    1    1    1    1    1    1    1    1    1    1    1    1    1    1    1    1    1    0    0    1    1    1    0    1    1    0    1    0    1    1    0    1    1    1    1    1    1    1    1    1    1    1    1    1    1    1    1    1    1    1    1    1    1    1    1    1    1    1    0    1    1    0    0    1    1    1    1    1    1    1    1    1    1    1    1    1    1    1    1    1    1    1    1    1    1    1    1    1    1    1    0    0    1    0    0    1    0    1    1    0    1    0    0    0    1    0    1    0    0    0    1    0    1    0    1    0    1    0    0    0    1    0    1    0    1    0    1    1    0    0    1    1    0    0    0    1    0    1    1    1    0    0    0    1    0    0    1    0    1    1    0    1    1    1    1    0    1    1    0    1    1    0    1    1    0    1    0    0    0    0    0    0    0    0    0    0    0    0    0    0    0    1    1    1    0    0    0    1    0    1    
100    0.177749    0.16047    1    1    1    1    1    1    1    1    1    1    1    1    1    1    1    1    1    1    1    1    1    0    1    0    1    1    1    1    1    0    1    1    1    1    1    1    1    1    1    0    1    1    1    1    1    1    1    1    1    1    1    1    1    1    1    1    1    1    1    1    1    1    1    1    1    1    0    1    1    1    1    1    1    1    1    1    1    1    1    1    1    1    1    1    1    0    1    1    1    1    1    1    1    1    1    1    1    1    1    1    1    0    0    0    1    1    0    0    1    0    0    1    0    0    0    0    0    0    0    0    0    0    0    0    1    1    0    0    0    0    0    0    0    0    0    1    1    1    1    1    1    1    0    1    1    1    0    0    0    1    0    1    1    0    0    0    0    1    1    0    0    0    1    1    1    0    0    1    0    0    0    1    0    1    0    1    0    0    0    0    1    0    0    0    0    1    1    1    0    0    0    1    0    0    1    0    0    1    1    0    
100    0.319249    0.461139    1    1    1    1    1    1    1    1    1    1    1    1    1    1    1    1    1    1    0    1    1    1    0    0    1    1    1    0    1    1    1    1    1    1    1    1    1    1    1    1    1    1    1    1    1    1    1    0    1    1    1    1    1    0    1    1    1    1    1    1    1    1    1    0    1    1    0    1    1    1    1    1    1    0    1    1    1    1    1    1    1    1    1    1    1    1    1    1    1    1    1    1    1    1    1    1    1    1    1    1    1    1    0    0    0    0    0    1    0    1    1    0    1    1    1    1    0    1    0    1    1    0    0    1    1    1    0    1    1    0    1    0    1    0    0    0    1    1    1    0    1    0    0    1    1    1    1    0    1    1    1    1    0    1    1    1    0    0    0    0    1    0    0    1    0    1    1    0    0    0    1    1    0    1    1    1    1    1    1    0    0    0    0    0    0    1    0    1    1    1    1    0    1    0    0    1    0    1    1    0    
100    0.518152    0.180716    1    1    1    1    0    1    0    1    0    1    1    0    1    0    1    0    1    1    1    0    1    1    1    1    1    1    1    0    1    1    1    1    1    0    1    1    1    0    1    1    1    1    1    0    1    0    1    1    1    1    1    1    1    0    1    1    1    1    1    0    1    1    1    0    1    1    1    1    1    0    0    0    1    1    1    1    1    1    0    1    1    1    1    1    1    0    1    0    1    1    1    1    0    1    1    1    0    0    1    1    0    0    0    1    1    0    0    0    1    0    1    1    1    1    0    1    0    1    1    1    1    1    1    1    0    0    0    1    1    0    1    1    0    1    1    1    1    1    1    0    1    1    1    0    1    1    1    0    0    1    0    0    1    1    1    0    1    1    0    0    1    1    1    0    1    0    0    0    0    0    0    1    0    0    1    0    1    0    0    0    0    1    0    1    0    1    1    0    0    0    1    0    0    0    1    0    0    0    0    0    
100    0.929963    0.0102938    1    1    1    1    1    1    1    1    1    1    1    1    1    1    1    1    1    1    1    1    1    1    1    1    1    1    1    1    1    1    1    1    1    1    1    0    1    1    1    1    0    1    1    1    1    1    1    1    1    1    1    1    1    1    0    1    1    1    1    1    1    1    1    1    1    1    1    1    1    1    1    1    1    1    1    1    1    1    1    1    1    1    1    1    0    1    1    1    1    1    1    1    1    1    0    1    1    1    1    1    0    1    0    0    1    1    0    0    0    0    1    1    1    0    0    1    1    1    0    0    1    0    1    1    1    1    0    1    1    0    0    0    0    1    1    1    1    0    1    0    0    0    0    1    0    1    0    0    0    1    1    0    0    1    1    1    0    1    1    1    0    0    1    1    0    0    0    0    1    0    0    0    0    1    0    0    0    0    0    0    0    1    0    0    0    1    0    1    0    0    0    0    1    1    1    0    1    0    1    1    
100    0.953091    0.127592    1    1    1    0    1    1    1    1    1    1    1    1    1    1    1    1    1    1    1    1    1    1    1    1    1    1    1    0    1    1    1    1    1    1    1    1    1    1    1    1    1    1    1    1    1    1    1    1    1    1    0    1    1    1    1    1    1    1    1    1    1    1    1    1    1    1    1    1    1    1    1    1    1    1    1    1    1    1    1    1    1    1    1    1    0    1    1    1    1    1    1    0    1    1    1    1    1    1    1    1    1    1    0    1    0    0    0    1    0    1    0    0    0    1    1    0    0    0    0    1    0    1    1    0    1    0    1    1    1    1    0    1    0    1    1    0    1    0    1    0    1    1    0    0    0    0    1    1    0    0    1    1    1    0    1    0    1    0    0    1    0    1    1    1    0    1    1    0    1    1    0    0    1    0    1    0    0    0    0    1    1    0    1    1    0    0    0    1    0    1    0    0    1    0    0    0    0    0    0    0    
100    0.477972    0.496255    1    0    1    1    1    1    1    1    1    1    1    1    1    0    1    1    0    1    1    1    1    1    1    0    1    1    1    1    1    1    0    1    1    1    1    1    1    1    1    1    1    1    1    1    1    1    1    1    1    0    1    1    1    1    1    1    1    1    1    1    1    1    1    1    0    1    1    0    1    1    1    1    1    1    0    1    1    1    1    1    0    0    0    0    1    1    1    1    1    1    1    1    1    1    1    0    0    1    1    1    1    0    0    1    1    1    0    0    1    1    0    0    1    0    0    0    0    1    0    1    0    1    0    1    0    1    1    0    0    1    1    0    1    0    0    0    0    0    0    0    1    1    0    1    1    0    0    0    1    0    1    0    0    1    0    1    0    0    1    0    1    1    1    1    1    1    0    1    0    1    0    1    1    0    0    0    0    0    1    1    0    1    1    1    1    0    1    1    1    1    0    1    1    1    0    1    0    1    1    0    
100    0.501667    0.861815    1    1    1    0    1    1    1    1    1    1    1    1    1    1    1    1    1    1    1    1    1    1    1    1    1    1    1    1    1    1    1    1    1    1    1    1    0    1    1    1    0    1    1    1    1    1    0    1    0    1    1    1    0    0    1    1    0    1    1    1    1    0    1    1    1    0    1    1    1    1    1    0    1    1    1    1    1    1    1    1    1    1    1    0    1    1    1    1    1    1    0    1    1    1    1    1    1    1    1    1    1    0    1    0    0    0    0    0    1    0    1    1    1    1    0    0    0    0    0    1    0    0    1    0    0    1    0    1    1    0    0    1    0    0    0    1    1    0    0    0    1    1    1    0    1    1    1    1    0    1    0    0    1    0    1    0    0    1    0    1    1    1    0    0    1    0    0    1    0    1    1    1    0    1    1    1    1    0    0    0    1    1    0    1    0    0    0    0    0    0    1    1    1    1    1    0    0    1    1    1    
100    0.253837    0.469883    1    1    1    1    1    1    1    0    1    1    1    1    0    1    1    1    1    0    0    1    1    1    1    1    0    1    1    0    1    1    1    1    1    1    1    1    1    1    1    1    1    1    1    0    1    1    1    1    1    1    1    1    1    1    1    1    1    1    1    1    1    1    1    1    1    1    1    1    0    1    1    1    1    1    1    1    1    1    1    1    1    0    1    0    0    1    0    1    1    1    1    1    1    1    1    0    1    0    1    1    1    0    1    0    0    0    0    0    1    0    1    1    0    1    0    1    1    1    0    0    1    1    0    1    0    0    1    0    0    1    1    1    0    1    0    0    0    1    1    1    0    1    1    0    0    0    0    0    0    0    0    0    1    1    1    0    1    1    0    0    1    0    1    1    0    0    0    1    1    1    1    1    0    0    0    1    0    1    0    0    1    1    1    1    0    0    0    0    0    0    0    1    1    0    0    1    1    1    0    0    
100    0.157928    0.665869    1    1    1    1    1    1    1    1    1    1    1    1    1    1    1    1    1    1    1    1    1    1    1    1    1    1    1    1    1    1    1    1    1    1    1    1    1    1    1    1    1    1    1    0    1    1    1    0    1    1    1    1    1    1    1    1    1    1    1    1    1    1    1    1    1    1    1    1    1    1    1    1    1    1    1    1    1    0    1    1    1    1    1    1    1    1    1    1    1    1    1    1    1    1    1    1    1    1    1    1    0    0    0    0    0    1    1    1    0    1    1    0    0    1    0    0    1    0    0    0    1    0    1    0    1    1    1    0    0    1    0    1    0    1    0    1    1    0    0    0    1    0    1    0    1    1    0    0    0    0    0    1    0    1    0    0    0    1    0    1    1    1    1    0    1    1    1    1    0    0    0    1    1    0    1    0    1    0    1    0    1    1    0    0    1    0    1    0    1    1    0    0    1    0    0    0    0    0    1    1    
100    0.933574    0.966217    0    1    1    1    1    1    1    1    1    1    1    1    1    1    1    1    1    1    1    1    1    1    1    1    0    0    1    1    1    1    1    1    1    1    1    1    1    1    1    1    1    1    1    1    1    1    1    1    1    1    1    1    1    1    1    1    1    0    1    1    1    1    1    1    1    1    1    1    0    1    1    1    1    1    1    1    1    1    1    1    1    1    1    1    1    1    1    1    1    1    1    0    1    1    1    1    1    1    1    1    0    1    0    0    0    0    0    1    0    1    0    0    1    1    1    1    0    1    1    1    0    0    0    0    1    1    1    1    0    0    1    0    0    0    0    0    0    0    0    1    0    1    1    1    1    1    0    0    1    0    1    1    0    0    1    0    1    1    0    0    1    0    0    0    0    1    1    1    1    0    1    0    1    0    1    0    0    1    0    1    0    1    1    1    0    1    0    0    1    0    1    0    0    0    1    0    1    1    0    1    
100    0.790922    0.714494    1    1    1    1    1    1    1    1    1    1    1    1    1    1    1    1    1    1    1    1    1    1    1    1    1    1    1    1    1    1    1    1    1    1    1    1    1    1    1    1    1    1    1    1    1    1    1    1    1    1    1    1    1    1    1    1    1    1    0    1    1    0    1    1    1    1    1    1    1    1    0    1    1    1    1    1    0    1    1    1    1    1    1    1    0    1    1    1    1    1    1    1    0    1    1    1    1    1    1    1    1    0    1    1    0    0    0    0    1    1    1    0    1    1    1    0    1    1    1    1    1    1    1    0    0    1    0    1    1    1    0    0    1    0    1    0    0    0    0    0    1    0    1    1    0    0    0    1    0    0    1    1    1    0    1    0    0    0    1    0    1    1    0    0    0    1    1    1    1    0    0    0    0    0    1    0    0    1    1    1    0    0    1    0    0    0    1    1    1    0    1    0    0    1    1    0    0    1    0    1    
100    0.564834    0.582494    1    1    1    1    1    1    1    1    1    1    1    1    1    1    1    1    1    1    0    1    1    1    1    1    1    1    1    1    1    1    1    0    1    1    1    1    1    1    1    1    1    1    1    0    1    0    0    0    1    1    1    1    1    0    1    1    0    1    1    1    1    1    0    1    1    1    1    1    0    1    1    1    1    0    0    1    0    1    1    1    1    1    0    0    0    1    1    1    1    1    1    1    1    1    1    1    1    1    1    1    0    0    1    0    1    1    1    1    0    0    1    1    0    1    1    1    1    0    1    0    0    1    0    1    1    0    1    1    1    0    1    0    1    0    1    0    1    0    0    0    0    1    0    0    0    1    0    1    0    1    1    1    1    0    1    1    0    1    1    0    1    0    0    1    0    1    1    1    1    0    1    0    0    1    0    1    0    0    1    1    0    1    1    1    0    0    0    1    0    1    1    0    0    0    1    1    1    0    1    1    
100    0.904163    0.444341    1    1    0    0    0    1    1    1    1    1    1    1    1    0    0    1    1    1    1    1    1    1    1    1    1    1    1    1    1    1    1    1    1    1    1    1    1    1    1    1    1    1    1    1    1    1    1    1    1    1    1    1    1    0    1    1    1    0    1    1    1    0    1    1    1    1    1    1    1    1    1    0    1    1    1    1    1    1    1    1    1    0    0    1    1    1    0    1    1    1    1    0    1    1    1    1    1    1    0    0    0    0    1    1    0    0    0    1    1    1    1    1    0    1    1    1    1    1    0    1    1    1    0    0    0    0    1    1    1    1    1    1    0    1    1    0    1    0    0    1    1    0    0    1    1    1    1    1    1    0    1    0    1    1    0    0    1    0    0    1    1    0    0    0    0    0    0    0    0    0    0    0    1    0    1    1    0    0    0    0    0    1    1    0    1    1    1    0    0    0    0    1    0    0    1    1    0    1    0    0    
100    0.864212    0.710645    0    1    0    1    1    1    1    1    1    1    0    1    1    1    1    1    1    1    1    1    1    1    1    1    1    1    1    1    1    1    1    0    1    1    1    0    1    1    1    0    1    1    1    1    1    1    1    1    1    1    1    1    0    1    1    1    0    1    0    1    1    1    1    1    1    1    1    1    1    1    1    1    1    1    1    1    1    1    1    1    1    1    1    1    1    1    1    1    1    1    1    1    1    1    1    1    1    1    1    1    0    1    0    1    1    0    0    0    1    0    1    0    0    0    1    0    0    1    0    0    0    1    0    1    1    0    0    1    0    1    0    1    1    0    0    1    0    1    1    1    1    1    0    1    0    0    1    0    0    0    1    0    1    1    0    1    0    1    0    0    0    1    1    1    0    1    1    1    0    0    1    1    0    1    0    0    0    1    1    1    1    0    0    0    1    0    1    1    1    1    1    0    1    1    1    0    0    1    0    0    
100    0.398074    0.851085    1    1    1    1    1    1    1    1    1    1    1    1    1    1    1    1    0    1    1    1    1    1    1    1    1    1    1    1    1    1    1    1    1    1    1    1    1    1    1    0    1    1    1    1    1    1    1    1    1    1    1    1    1    1    1    1    1    1    1    1    1    1    1    1    1    1    1    0    1    1    0    1    1    1    1    1    1    1    1    1    1    1    1    1    1    1    1    1    1    1    1    1    1    1    1    1    1    1    0    1    0    0    1    0    1    0    0    1    1    0    0    0    0    0    0    0    1    1    1    1    1    1    1    0    0    1    0    1    1    1    1    1    0    0    0    1    1    0    1    0    1    0    1    0    0    0    0    0    1    1    1    0    0    1    0    0    0    0    1    0    1    0    0    1    0    1    0    1    0    0    1    1    0    0    0    1    1    0    0    1    0    0    0    1    1    1    1    1    0    1    1    1    1    1    1    1    0    0    0    0    
100    0.367105    0.971316    0    1    1    1    1    1    1    1    1    1    1    1    1    1    1    0    1    1    1    1    1    1    1    1    1    1    1    1    1    1    1    1    1    1    1    1    1    1    1    1    1    1    1    1    1    1    1    0    1    1    1    0    1    1    1    1    1    0    1    0    1    1    1    1    1    1    1    0    1    1    1    1    1    1    1    1    1    1    1    1    0    1    1    0    1    0    1    1    1    1    1    1    1    1    1    1    1    1    1    1    0    1    1    1    1    1    1    0    0    0    1    1    0    0    0    0    0    0    0    0    1    0    0    1    1    0    1    0    0    1    1    1    0    0    0    0    0    0    0    0    1    0    0    1    0    1    1    1    0    1    1    1    0    0    1    0    0    0    0    1    1    1    1    1    1    0    1    0    0    1    1    1    0    0    0    0    1    0    0    1    1    0    1    1    0    1    1    0    1    0    0    0    1    0    0    0    0    1    1    1    
100    0.245468    0.0860595    1    1    1    1    1    1    1    1    1    1    1    1    1    1    1    1    1    1    1    1    1    1    1    0    1    1    1    1    0    1    1    1    1    1    1    0    1    1    1    1    1    1    0    0    1    1    1    1    1    1    1    1    1    1    0    1    1    1    1    1    1    1    1    1    1    1    1    1    1    1    1    1    1    1    1    0    1    0    1    1    1    1    1    1    1    1    1    1    1    1    1    1    0    1    1    1    1    1    1    1    1    1    1    1    1    0    1    0    1    1    0    1    0    0    0    1    1    0    1    0    0    1    1    0    1    0    1    0    1    0    0    0    1    0    1    1    0    0    1    0    0    1    1    1    0    1    0    0    0    1    0    0    0    1    0    1    1    0    0    0    1    1    1    1    0    0    1    0    1    1    0    0    1    0    0    1    1    0    0    1    1    0    1    1    0    0    1    0    1    1    0    1    0    0    0    1    0    1    0    0    
100    0.557735    0.214371    1    0    1    1    1    1    1    1    1    1    1    1    0    1    1    1    1    1    1    1    1    1    1    1    0    1    1    0    1    1    1    1    1    0    1    1    1    0    1    1    1    1    1    1    1    1    1    1    1    0    1    1    1    1    1    1    1    1    0    0    1    0    1    0    1    1    0    1    1    0    1    0    1    0    1    1    1    1    1    1    1    1    1    1    1    1    1    1    1    1    1    1    1    1    1    1    1    0    0    1    1    1    1    0    1    0    0    1    1    1    0    1    0    1    1    1    1    1    1    1    1    0    0    0    0    1    0    1    1    1    0    0    1    0    0    0    0    0    1    1    1    0    0    0    0    1    0    0    1    1    0    0    0    1    1    1    0    0    0    0    1    0    1    0    0    0    0    1    0    0    0    0    1    1    0    0    1    1    0    0    0    0    0    0    0    1    0    0    0    0    0    0    1    1    0    0    0    0    0    0    
100    0.874923    0.1529    1    1    1    1    0    1    1    1    1    1    1    1    0    1    1    1    1    1    1    1    1    0    0    1    1    1    1    1    1    1    0    1    1    1    1    1    1    1    1    1    1    1    1    1    1    1    1    1    1    1    1    1    1    1    1    1    1    1    1    1    1    1    1    1    1    1    1    1    1    1    1    1    0    0    1    1    0    1    1    1    0    1    0    1    1    1    1    1    1    1    1    1    1    1    1    1    1    1    1    0    1    1    1    1    0    1    1    1    1    1    1    0    0    0    1    1    0    1    0    1    0    0    0    1    1    0    1    1    0    1    0    1    1    0    0    1    1    1    1    0    0    1    1    1    0    0    1    1    0    0    1    1    1    1    1    1    1    0    1    0    1    0    0    0    0    0    1    1    1    0    0    1    0    1    1    1    0    1    0    0    1    0    0    0    0    0    1    1    0    1    1    1    0    0    0    0    0    1    0    1    
100    0.201272    0.826175    1    1    1    1    1    1    1    1    1    1    1    1    1    1    1    1    1    1    0    1    1    1    1    1    1    1    1    1    1    1    1    1    1    1    1    1    1    1    1    1    1    1    0    1    1    1    1    1    1    1    1    1    1    1    1    1    1    1    1    1    1    0    1    1    1    1    1    1    1    1    1    1    1    1    1    1    1    1    1    1    1    1    1    1    1    0    1    1    1    1    1    1    1    1    1    1    1    1    1    1    1    1    0    0    1    0    1    1    0    1    0    1    1    1    1    0    0    0    0    1    1    1    0    1    1    0    1    1    1    1    1    1    0    1    0    0    1    1    0    1    0    0    1    1    1    1    0    0    0    1    1    1    1    0    1    0    1    0    1    0    1    1    0    0    0    1    1    1    0    1    0    0    1    0    0    0    0    0    1    1    0    0    0    1    1    1    1    0    0    1    0    1    0    1    0    0    1    1    1    0    
100    0.242202    0.134139    1    1    0    1    1    1    1    0    1    1    1    0    1    1    1    1    1    1    1    1    1    0    1    1    1    1    0    1    1    1    0    1    0    0    1    1    1    1    1    1    1    1    1    1    1    1    0    1    1    1    1    0    1    1    1    1    1    1    0    1    1    1    0    0    0    1    0    1    1    1    1    1    1    1    1    1    1    0    1    1    1    1    1    0    1    0    1    1    1    1    1    1    1    1    1    1    1    1    1    1    1    0    1    1    0    0    1    0    0    0    1    0    0    1    1    1    1    1    0    0    0    0    1    0    1    1    0    1    1    1    0    1    1    0    1    0    1    1    1    1    0    1    1    0    1    0    0    1    1    0    0    1    1    1    0    0    1    0    1    0    0    1    0    1    1    1    1    1    0    1    1    1    0    0    1    0    1    1    0    0    1    1    1    1    0    1    0    0    0    0    0    0    1    1    0    1    0    1    0    0    
100    0.256651    0.37973    0    1    1    1    1    1    1    1    1    1    1    1    1    1    1    1    1    1    1    1    1    1    1    0    1    1    1    0    1    1    0    1    1    1    1    1    1    1    1    1    0    1    1    1    1    1    1    1    1    1    0    1    1    1    1    0    1    1    1    1    1    1    1    0    1    0    1    1    1    1    1    1    1    1    1    1    1    1    1    1    1    1    1    1    1    1    1    1    1    1    1    1    0    1    1    1    1    1    1    1    1    1    1    0    1    0    1    0    0    0    0    0    1    1    1    0    0    1    0    0    0    1    0    1    1    1    0    1    0    1    1    1    0    1    1    0    0    1    0    0    0    0    1    1    0    0    1    0    0    0    1    1    0    0    0    0    1    0    0    1    1    1    1    0    0    1    1    0    1    1    0    0    1    0    1    0    1    1    0    1    1    0    1    1    0    1    0    1    0    0    0    1    0    0    1    1    1    1    0    1    
100    0.189718    0.370381    1    1    1    1    1    1    1    1    1    1    1    1    1    1    1    1    1    1    1    1    1    1    1    1    1    1    0    1    0    1    1    0    1    1    1    1    1    0    0    1    1    1    0    1    1    1    1    1    1    1    1    0    1    1    0    0    1    1    1    1    0    0    1    1    1    1    1    1    0    1    1    1    1    1    1    1    1    1    1    1    1    1    1    1    0    1    1    1    1    1    1    1    1    1    1    1    1    1    1    1    0    0    1    0    0    1    1    0    0    1    0    0    1    0    0    0    1    0    1    0    0    1    1    0    1    0    0    1    0    0    0    1    1    1    1    1    0    0    0    0    1    1    1    0    0    0    1    0    1    1    0    0    1    1    1    0    0    0    1    0    0    0    0    0    0    1    1    1    0    0    1    1    0    0    0    1    1    1    0    1    1    0    0    0    1    0    0    0    1    1    1    1    1    1    1    1    1    0    0    0    
100    0.99779    0.00206505    1    1    1    1    1    1    1    1    1    0    1    1    1    0    1    1    1    1    1    1    1    1    1    1    1    1    1    1    1    0    1    1    1    1    1    1    1    1    1    1    1    1    0    1    1    1    0    1    1    1    1    1    1    1    1    1    1    1    1    1    1    1    1    1    1    1    1    1    1    1    1    1    0    1    1    1    1    1    1    1    1    1    1    1    1    1    1    1    1    1    1    1    1    1    1    0    1    1    1    1    1    1    0    0    1    1    1    1    0    1    0    0    1    1    0    0    0    1    0    1    0    0    1    0    0    1    1    1    0    1    1    0    0    1    0    0    0    1    0    0    1    0    1    0    1    1    1    0    0    0    0    0    1    1    1    0    1    0    1    1    0    0    1    0    0    1    0    0    1    1    0    0    1    0    0    0    1    0    0    0    1    1    0    1    1    0    0    1    1    0    0    0    1    0    0    1    0    1    1    1    
100    0.0617771    0.356624    0    1    1    1    1    1    1    1    1    0    1    1    1    0    1    1    1    1    1    1    0    1    1    1    1    1    0    1    1    1    1    1    1    0    1    1    0    0    1    1    1    1    1    1    1    1    1    1    1    1    1    1    1    1    1    1    1    1    1    1    1    1    1    0    1    1    1    1    1    1    1    1    1    1    1    0    1    0    1    1    1    1    1    1    1    1    1    1    1    1    1    1    1    1    1    1    1    1    1    1    0    0    0    1    0    0    0    0    1    0    0    0    1    0    0    1    0    1    0    1    0    1    0    0    0    1    0    1    1    1    0    0    0    0    0    0    1    0    1    0    0    1    0    0    1    0    1    0    1    0    0    1    1    1    1    1    1    0    1    0    0    0    0    0    0    1    0    1    0    1    0    0    1    0    0    1    0    1    1    0    1    0    1    1    1    0    0    0    0    1    0    0    0    0    0    0    0    1    0    1    
100    0.340377    0.810635    1    1    1    1    1    1    1    1    1    1    1    1    1    1    1    1    1    1    1    1    1    1    1    1    1    1    1    1    1    1    1    1    1    1    1    1    1    1    0    1    1    1    0    1    1    1    1    0    1    1    1    1    1    1    1    1    1    1    1    1    1    1    0    1    1    1    1    1    1    1    1    1    1    1    1    0    1    1    1    1    1    1    1    1    0    1    1    1    1    1    1    1    1    1    1    0    1    1    1    1    1    0    0    0    1    0    1    0    1    1    0    0    1    1    0    0    1    1    1    1    0    0    1    1    0    0    1    0    0    1    0    1    1    1    0    0    0    0    1    1    1    0    1    1    1    0    0    0    0    0    0    0    0    1    0    1    0    1    1    0    1    0    0    1    1    1    0    1    0    0    1    1    0    0    1    0    0    1    0    1    0    1    1    1    1    0    1    0    0    1    1    1    1    0    0    0    1    0    1    0    
100    0.0217013    0.675868    1    1    1    1    1    1    1    1    1    1    1    1    1    1    1    1    1    1    1    1    1    1    1    1    1    1    1    1    1    1    1    1    1    1    1    1    1    1    1    1    1    1    1    1    1    0    1    1    1    0    1    1    1    1    1    1    1    1    1    0    1    1    1    1    1    1    1    1    1    1    1    1    0    0    1    1    1    1    1    1    1    1    1    1    1    1    1    1    1    1    1    1    1    1    1    1    0    1    1    1    0    1    0    1    0    0    0    1    0    1    1    1    1    1    1    1    0    0    1    0    1    0    0    1    0    0    1    0    1    1    1    1    0    1    1    0    1    1    0    0    1    1    1    1    1    1    1    1    1    1    0    1    1    1    0    1    0    1    0    1    0    0    0    1    0    0    0    0    0    0    1    1    0    0    0    0    1    1    0    0    1    1    1    1    0    1    0    1    0    1    1    0    1    1    0    0    1    1    0    0    
100    0.825769    0.531299    0    1    1    1    1    1    1    1    1    1    0    1    1    0    1    1    1    1    1    1    1    0    1    1    1    1    1    1    0    1    1    1    1    1    1    1    1    1    1    1    1    0    1    1    1    1    1    1    1    1    0    0    1    1    1    0    1    1    1    0    0    1    1    1    1    1    0    1    1    1    1    1    1    1    1    1    1    1    1    1    1    1    1    1    0    1    1    0    1    1    0    1    1    1    1    1    1    1    1    1    0    1    0    0    0    1    1    0    0    0    1    1    1    0    1    1    0    1    0    0    1    1    1    1    0    0    0    1    0    1    0    0    1    0    1    1    1    0    1    0    1    0    0    0    0    0    0    0    0    1    1    1    1    0    0    1    0    0    1    0    0    0    0    0    0    0    0    1    1    0    1    0    0    0    1    0    0    0    1    0    1    1    0    1    0    0    0    0    1    1    1    0    0    0    0    0    0    1    0    0    
100    0.691879    0.708795    1    1    1    1    1    1    1    0    1    1    1    1    1    1    1    0    1    1    1    1    1    1    1    1    1    1    1    0    1    1    1    1    1    1    1    1    0    1    1    1    1    1    1    1    1    1    1    1    1    1    1    1    0    1    1    1    1    1    1    1    1    1    1    1    1    1    1    0    1    1    1    0    1    1    1    1    1    1    1    1    1    1    1    1    1    1    1    1    1    1    1    1    1    1    1    1    1    1    1    0    1    1    0    1    1    1    1    1    0    0    0    1    1    1    0    0    0    0    1    0    1    0    0    1    0    0    0    0    1    1    1    1    1    0    1    0    0    1    0    1    0    0    1    1    0    1    0    0    1    1    0    0    1    0    0    1    1    0    1    0    1    0    1    1    1    0    1    0    0    1    1    0    0    1    1    0    0    0    1    1    1    1    0    1    0    1    1    1    1    1    1    1    0    0    0    1    1    0    1    0    
100    0.288695    0.693721    1    1    1    1    1    1    1    1    1    1    1    1    1    1    1    1    1    1    1    1    1    1    1    0    1    1    1    1    1    1    1    1    1    1    1    1    0    1    1    1    1    0    1    1    1    1    0    1    1    1    1    1    0    1    1    1    1    1    1    1    1    1    1    1    1    1    1    1    1    1    1    1    1    1    1    1    1    1    1    1    1    1    1    1    1    1    1    1    1    1    0    1    0    1    0    1    0    1    1    1    0    1    1    0    1    1    1    1    0    1    1    0    0    0    0    0    0    1    0    0    0    1    1    0    0    0    1    0    0    0    0    1    0    0    0    1    1    0    1    1    0    1    1    0    0    1    1    0    0    1    0    0    0    0    1    1    0    1    0    1    1    1    0    0    0    1    1    1    0    1    0    0    0    0    0    0    1    0    0    0    1    0    1    1    0    0    1    0    1    1    0    1    0    0    1    0    0    1    1    1    
100    0.996648    0.94133    1    1    1    1    1    1    1    1    1    1    1    1    1    1    1    1    1    0    1    1    1    1    1    0    0    1    1    1    1    1    1    1    1    1    1    1    1    1    1    0    1    1    1    1    1    1    1    1    1    1    1    1    1    1    1    1    1    1    1    1    1    1    1    1    1    1    1    1    1    1    1    1    1    1    1    1    1    1    1    1    1    1    1    1    1    1    1    1    1    1    1    1    1    1    1    1    1    1    1    1    1    1    0    1    1    1    1    0    0    1    0    1    1    1    0    0    0    1    1    0    0    1    1    0    1    0    0    1    0    0    1    1    0    0    0    0    0    0    0    1    1    0    0    0    1    0    0    0    1    0    0    1    1    1    1    0    1    1    0    1    1    1    0    0    1    1    0    0    1    0    1    1    1    0    0    0    0    0    1    1    1    1    1    0    1    0    0    1    1    0    0    0    0    0    0    0    1    1    0    1    
100    0.422093    0.769785    1    1    1    1    0    1    1    1    1    1    1    0    0    1    1    1    1    1    1    1    1    1    1    1    1    1    1    1    1    1    1    1    1    1    0    1    1    1    1    1    1    1    1    1    1    1    1    1    1    1    1    1    1    1    1    1    1    1    1    1    1    1    1    1    1    1    0    1    1    1    1    1    1    1    1    1    0    1    1    0    1    1    1    0    1    1    1    1    1    1    1    1    1    1    0    1    1    1    0    1    0    0    0    0    1    0    0    0    1    1    1    1    0    0    0    0    1    0    1    1    0    0    1    0    1    0    0    1    1    1    1    1    0    0    1    1    0    0    0    1    1    0    1    1    0    1    0    1    1    0    0    0    1    0    0    1    1    1    0    0    1    1    0    1    1    1    0    1    0    1    0    0    0    1    0    1    0    1    0    1    1    1    1    0    1    0    1    1    0    1    1    0    1    1    1    0    1    1    0    0    
100    0.821258    0.145124    1    1    1    1    1    1    1    0    1    1    1    0    1    1    1    0    1    1    1    1    1    1    1    1    0    1    1    1    1    1    0    1    1    1    1    1    1    1    1    1    1    1    1    1    1    0    1    1    1    1    1    1    1    1    0    1    1    1    1    1    1    1    0    1    1    1    1    1    1    1    1    1    0    1    1    1    1    1    1    1    1    1    1    1    1    1    1    1    1    1    1    1    1    1    1    1    1    1    1    1    1    1    1    0    1    0    0    0    1    0    0    0    0    1    1    1    0    1    1    0    1    0    1    1    0    1    0    0    1    1    1    1    1    0    1    1    0    1    0    1    1    0    1    0    1    0    1    0    0    1    0    0    0    1    0    1    1    0    0    0    0    1    1    0    1    1    1    0    1    0    0    1    0    0    0    1    0    1    1    0    1    0    1    0    1    0    0    1    0    0    0    1    0    1    0    0    0    0    1    1    
100    0.0569889    0.614171    1    1    1    1    1    1    1    1    1    1    1    1    1    1    1    1    1    1    1    1    1    1    0    0    0    1    1    1    0    1    1    1    1    1    1    1    1    1    1    1    1    1    1    1    1    1    1    0    1    1    1    0    0    1    1    1    1    0    1    1    1    1    1    1    1    1    1    1    1    1    1    1    1    1    1    1    1    0    1    1    1    1    1    1    1    1    1    1    1    1    1    1    1    1    1    1    1    1    1    0    0    0    0    1    1    0    0    0    1    1    0    1    0    1    1    0    0    0    0    0    0    1    0    1    0    1    0    0    0    0    0    0    0    0    0    1    0    0    0    0    0    1    0    1    0    0    0    0    0    0    0    1    0    0    1    0    1    1    1    0    0    1    0    0    0    1    0    1    1    0    0    1    0    1    1    1    0    0    1    0    0    1    0    1    0    1    0    1    1    1    0    1    0    0    0    1    0    1    0    0    
100    0.942723    0.255055    1    1    0    0    1    1    0    1    1    1    1    1    1    1    1    1    1    1    0    1    1    1    1    1    1    1    1    1    1    0    1    1    1    1    1    0    0    1    1    1    0    1    1    1    0    0    1    0    1    1    1    1    1    0    1    1    1    1    1    1    1    1    1    1    1    1    1    1    1    1    1    1    1    1    1    1    1    1    0    1    1    1    1    1    1    1    1    1    1    1    0    1    1    1    0    1    1    1    1    1    1    1    0    1    0    1    1    1    1    1    0    0    1    1    1    0    1    0    0    0    1    0    0    0    1    0    1    1    0    1    1    0    1    1    0    0    0    1    0    0    1    0    1    0    1    1    0    0    0    0    1    0    1    1    1    0    1    0    0    1    0    0    1    0    0    0    1    0    0    0    1    0    1    0    1    1    0    0    0    1    0    0    1    1    0    0    0    0    0    1    1    1    1    1    0    0    0    0    1    0    
100    0.253569    0.198745    1    1    1    1    1    1    1    1    0    1    1    0    1    1    0    1    1    1    1    1    1    1    1    1    1    1    1    1    1    1    1    1    1    1    1    1    1    1    1    1    1    1    1    1    1    1    1    1    1    1    1    1    1    1    1    1    1    1    1    1    1    1    0    1    1    1    1    1    1    1    1    1    1    1    1    1    1    1    1    0    1    1    1    1    1    1    1    1    1    1    1    1    1    1    1    1    1    1    1    1    0    1    1    1    1    1    0    0    0    0    0    0    1    0    1    0    1    1    0    1    1    1    1    1    0    1    0    0    1    1    1    0    1    0    0    0    0    0    1    1    0    0    1    1    0    1    0    1    1    1    0    1    0    1    1    0    0    0    1    0    1    1    1    0    0    1    0    0    0    1    0    0    0    1    1    1    1    0    1    0    0    0    0    1    1    1    1    0    0    0    0    1    1    0    0    1    0    0    0    1    
100    0.972168    0.071898    1    0    1    1    1    1    1    1    1    1    1    1    0    1    1    1    1    1    1    1    1    1    1    1    1    1    1    1    1    1    1    1    1    1    1    1    1    1    1    1    0    1    1    1    1    0    0    1    0    1    1    1    1    1    1    1    1    1    1    1    1    1    1    1    1    1    1    1    1    1    1    1    1    1    1    1    1    1    1    1    1    1    1    1    1    1    1    1    1    1    1    1    1    1    1    1    1    1    1    1    1    0    0    1    1    0    1    0    0    1    0    1    0    1    0    0    0    1    0    0    1    0    1    1    1    1    0    0    1    0    1    0    0    1    0    1    1    0    1    0    0    0    0    0    0    1    0    1    0    0    1    0    1    0    0    0    0    1    0    0    0    0    0    0    1    0    0    0    1    0    0    1    1    1    0    0    1    1    1    1    1    0    0    0    0    0    1    1    1    1    1    0    1    0    1    0    0    0    0    0    
100    0.439791    0.0388365    1    1    1    0    1    1    1    1    1    1    1    1    1    0    1    1    1    0    1    1    1    1    1    0    1    1    0    1    1    1    1    1    1    1    1    1    1    1    0    1    1    0    1    1    1    1    0    1    0    1    1    1    1    1    1    1    1    1    1    0    1    1    1    1    1    1    1    1    1    1    1    1    1    1    1    0    1    1    1    1    1    1    1    1    1    1    1    1    1    1    1    0    1    1    1    1    1    1    1    1    0    1    0    1    0    0    1    1    1    1    1    1    1    1    0    1    0    1    1    0    0    1    0    1    1    0    1    1    1    1    1    1    0    1    0    0    0    1    1    0    1    0    1    1    1    1    1    0    0    1    1    0    1    0    0    0    0    1    1    0    1    1    1    0    0    1    0    1    0    1    0    1    1    0    0    0    0    1    0    0    1    1    0    1    1    1    1    1    1    0    1    0    0    0    1    1    0    0    0    0    
100    0.677469    0.437489    0    0    1    1    1    1    1    1    1    1    1    1    0    1    1    1    1    0    1    1    1    1    1    0    1    1    1    1    1    1    1    1    1    1    1    1    1    1    1    1    0    1    0    1    1    1    1    1    1    0    1    1    1    1    0    0    0    1    1    1    0    1    1    1    1    1    0    1    1    1    1    1    1    1    1    1    1    1    1    1    0    1    1    0    1    1    1    1    1    1    0    1    0    1    1    1    0    1    1    1    1    1    1    0    0    0    0    1    0    0    0    1    1    0    1    1    1    1    1    0    0    0    1    0    1    0    0    0    1    1    0    0    0    1    0    0    0    1    0    0    0    1    1    1    1    0    1    0    0    0    1    0    0    1    1    0    0    1    0    1    0    0    1    1    1    0    0    0    1    1    0    1    0    1    1    1    0    0    0    1    1    1    1    0    1    0    1    1    1    1    0    0    1    0    0    1    1    0    1    1    
100    0.00725617    0.039034    1    1    1    1    1    1    1    1    0    1    1    1    1    1    1    1    1    1    1    1    1    1    1    1    1    1    1    1    1    1    1    1    1    1    1    1    1    1    1    1    1    1    1    1    1    1    1    1    1    1    1    1    1    1    1    1    1    1    1    1    1    1    0    0    0    1    1    1    1    1    1    0    1    0    1    1    0    1    1    1    1    1    1    0    1    1    1    1    1    1    1    1    1    1    1    1    1    1    1    1    0    0    0    0    1    1    0    1    0    1    1    0    0    1    0    0    1    1    0    1    0    1    0    0    1    1    0    1    0    0    0    1    0    0    0    0    1    1    1    0    0    0    0    1    0    0    0    0    0    0    1    1    1    1    1    1    1    1    1    1    1    0    0    1    0    0    1    0    1    1    1    0    0    0    1    1    1    0    0    1    0    0    0    1    1    1    0    0    1    0    1    1    1    1    0    1    1    0    0    1    
100    0.487342    0.555333    1    1    1    1    1    1    0    1    1    1    1    1    1    0    1    1    1    1    1    1    1    1    1    1    1    1    1    1    0    1    1    0    1    1    1    0    1    1    1    1    0    1    1    1    1    0    1    1    1    1    1    1    0    1    1    1    1    1    0    1    1    1    1    1    1    1    1    1    1    1    1    1    1    1    1    1    1    1    1    1    1    0    1    1    1    1    1    1    1    1    1    1    1    1    1    1    1    1    1    1    0    0    1    0    0    0    1    1    0    1    0    1    1    0    0    0    1    1    0    1    0    1    1    0    0    0    1    1    1    0    0    1    1    0    0    1    0    0    0    0    1    1    1    1    1    0    0    1    1    1    0    0    0    1    1    1    0    0    1    1    0    1    0    0    0    0    0    1    0    0    0    1    0    1    0    0    1    0    0    0    0    0    0    0    0    1    1    1    1    0    1    0    0    1    0    0    1    0    0    0    
100    0.759419    0.830273    1    0    1    1    1    1    1    1    1    1    1    1    1    1    1    0    1    1    1    1    1    1    1    1    1    0    1    1    1    1    1    1    1    1    1    1    0    1    1    1    1    1    1    1    1    1    1    1    1    1    0    1    1    1    1    1    1    1    1    1    0    1    1    1    1    1    0    1    1    1    1    1    0    1    1    1    1    1    1    1    1    0    1    1    1    1    1    1    1    1    1    1    1    1    1    1    1    1    1    1    1    1    1    1    1    0    1    1    1    1    0    1    1    0    0    0    1    1    0    1    0    0    1    1    0    0    0    1    1    0    0    0    1    0    1    1    0    0    0    1    0    0    0    1    1    0    0    0    1    1    1    0    1    0    1    1    0    0    1    1    0    1    1    1    0    0    0    1    0    0    1    0    0    0    1    0    1    0    0    0    1    0    0    0    0    1    1    1    0    0    0    1    1    1    0    0    1    0    0    0    
100    0.990668    0.712808    0    1    1    1    1    1    1    1    1    1    0    1    0    1    0    1    1    1    1    1    1    1    1    1    1    1    1    1    1    1    1    1    1    1    1    1    1    1    1    0    1    1    1    0    1    1    1    1    1    1    0    1    1    1    1    1    1    1    1    1    1    1    1    1    1    1    1    1    1    1    0    1    1    1    1    0    1    1    1    1    1    1    1    1    1    1    0    1    1    1    1    1    1    1    1    1    1    1    1    1    1    0    1    1    0    0    0    0    1    1    1    1    1    1    1    0    1    1    0    0    1    0    1    0    0    0    0    0    1    1    0    0    0    1    1    0    1    1    0    1    0    0    0    0    0    1    0    0    1    1    1    0    0    1    0    0    0    1    1    1    0    1    0    1    1    1    0    0    1    0    0    0    0    1    0    0    1    0    0    0    0    1    1    1    0    1    0    0    0    0    0    1    0    0    1    1    0    0    0    0    
100    0.038592    0.707322    1    1    1    1    1    1    1    1    0    1    1    0    1    1    1    1    1    1    1    1    1    1    1    1    0    1    1    1    0    1    1    1    1    1    1    1    1    1    1    1    1    1    1    0    1    0    1    0    1    1    1    1    1    1    1    0    1    1    1    1    1    1    1    1    1    1    1    1    1    1    1    1    1    1    1    1    0    1    1    1    1    1    1    1    1    1    1    1    1    1    1    1    1    1    1    1    1    1    1    0    0    0    0    1    1    1    0    0    1    1    1    1    0    0    1    1    0    0    1    0    1    1    0    1    1    1    0    1    0    0    0    1    0    0    1    1    0    0    1    1    1    1    0    1    0    0    0    0    1    0    1    0    0    1    0    0    1    1    1    1    1    0    0    0    0    1    1    1    1    0    1    0    1    0    0    0    0    0    1    0    0    0    0    0    0    1    1    1    0    0    1    0    1    1    0    1    0    0    0    1    
100    0.794455    0.322394    1    1    0    1    1    0    1    1    1    1    1    1    1    1    1    1    1    1    1    0    1    1    1    1    1    1    1    1    1    1    1    1    1    1    1    1    1    0    1    1    1    1    1    1    1    1    1    1    1    1    1    1    1    1    1    0    1    1    1    1    1    1    1    1    1    1    1    1    1    1    1    1    1    1    1    1    1    1    1    1    1    1    1    1    1    1    1    1    0    0    0    1    1    1    1    1    1    1    1    0    1    0    1    0    1    0    1    1    1    0    1    1    0    1    0    1    1    0    0    0    0    1    0    1    0    1    0    1    1    1    0    1    1    1    0    0    1    1    1    0    1    1    1    1    0    1    1    0    1    1    0    0    0    0    1    0    1    1    0    0    0    0    0    1    1    1    1    1    0    1    1    0    0    0    0    0    0    1    0    1    0    1    0    1    1    0    0    1    1    1    0    1    1    1    1    0    1    0    1    1    
100    0.313885    0.717747    1    1    1    1    1    1    1    1    1    1    1    1    0    0    1    1    1    1    1    1    1    1    1    1    1    1    1    1    1    1    1    1    1    1    1    1    1    0    1    1    1    1    1    1    1    1    1    1    1    1    0    1    1    1    1    1    1    0    1    1    0    1    1    1    1    1    1    1    1    1    1    0    1    1    1    1    1    1    1    1    1    1    1    1    0    0    1    1    0    1    1    1    1    1    1    1    1    1    1    1    0    0    1    1    0    1    0    0    0    0    0    0    0    0    1    0    1    1    0    1    0    0    1    0    0    1    0    0    1    1    1    1    1    0    0    0    1    0    1    0    0    0    1    1    0    0    1    0    0    1    0    1    1    1    1    0    1    0    1    1    0    1    0    0    0    0    1    1    0    1    1    0    0    1    0    0    0    1    0    0    1    1    0    1    1    1    1    1    1    1    1    0    1    0    1    0    1    1    0    1    
100    0.107227    0.0496125    1    1    1    1    1    1    1    1    1    1    1    1    0    1    1    1    1    1    1    1    1    1    1    1    0    1    1    1    0    1    1    1    1    1    0    0    1    1    1    1    0    1    1    1    1    1    1    1    1    0    1    1    1    1    1    1    1    1    1    1    1    1    1    0    1    1    1    1    1    1    1    1    1    1    1    1    0    1    1    1    1    1    1    1    1    1    1    1    1    0    1    1    1    1    1    1    1    1    1    1    0    0    1    0    1    1    0    0    0    1    1    0    0    0    1    1    0    0    0    1    1    0    0    1    1    0    1    1    1    1    0    1    0    1    0    1    1    0    0    0    1    1    1    1    0    1    0    1    1    1    0    1    0    0    0    0    0    1    1    1    0    1    1    1    0    1    1    0    1    1    0    1    0    0    0    1    0    1    1    1    0    0    0    0    0    0    0    1    1    1    0    0    0    0    1    1    0    1    1    0    
100    0.360183    0.414864    1    1    0    1    1    1    1    1    1    1    1    1    0    1    1    1    1    1    1    1    1    1    1    1    1    1    1    1    1    1    1    0    1    1    1    1    1    1    1    1    1    1    1    1    1    1    1    1    1    0    1    1    1    1    1    1    1    1    1    1    0    1    1    1    1    0    1    1    1    1    1    0    1    1    0    1    1    1    1    1    1    1    1    0    1    0    1    1    1    1    1    1    0    1    1    1    1    1    1    1    0    0    0    1    0    1    0    0    1    1    0    0    0    1    1    0    0    0    1    0    0    0    0    0    1    0    1    0    0    1    1    0    1    1    1    1    1    0    0    1    0    0    1    0    0    0    0    1    0    1    1    0    1    0    0    1    0    1    0    1    1    0    0    0    1    1    0    0    0    0    1    1    0    1    1    0    0    0    1    1    0    0    0    1    0    0    1    0    1    0    0    0    0    1    0    1    1    0    0    0    
100    0.301772    0.767965    1    1    1    1    1    1    1    0    1    1    1    1    1    1    0    1    1    1    1    1    1    1    0    1    1    1    1    1    1    1    1    1    1    1    1    1    1    1    1    1    1    0    1    1    1    1    1    1    1    1    1    0    1    1    1    1    1    1    1    1    1    1    1    1    1    1    1    1    1    1    1    1    1    1    1    1    1    1    1    1    1    1    1    1    1    1    1    1    1    1    1    1    1    1    1    0    0    1    1    1    0    0    0    0    1    0    1    1    0    0    1    1    1    0    1    1    1    1    1    0    0    0    1    1    1    1    1    0    0    0    0    0    1    0    0    0    1    0    1    0    0    0    1    1    1    0    0    0    1    1    0    1    1    1    0    1    0    1    1    0    1    1    1    0    0    0    0    1    1    1    1    1    0    1    0    0    0    0    1    0    1    0    0    0    0    0    1    0    1    1    1    1    1    1    0    1    0    1    1    0    
100    0.764379    0.605377    1    1    1    1    1    1    1    1    1    1    1    1    1    1    0    1    1    1    1    1    1    1    0    1    1    1    1    0    1    1    1    1    1    1    1    1    1    1    1    1    1    1    1    1    1    1    1    0    1    1    1    1    1    1    0    1    1    1    1    1    0    1    1    1    1    1    1    1    1    1    0    1    1    1    1    1    1    1    1    1    0    0    1    1    1    0    1    1    1    1    1    1    1    1    1    1    1    1    1    1    0    0    0    0    0    0    0    0    1    1    0    0    1    0    0    1    0    1    0    0    1    1    1    0    0    0    0    0    0    0    0    0    1    0    0    0    0    1    1    1    0    0    1    0    0    1    0    1    1    1    1    0    0    1    1    0    0    0    0    1    1    0    1    0    1    0    0    1    0    1    0    1    0    1    1    0    0    0    0    1    1    0    0    0    0    0    0    0    1    0    1    0    1    1    0    0    0    0    0    1    
100    0.361415    0.54677    1    1    1    1    0    1    1    1    1    1    1    1    1    1    1    1    0    1    1    1    1    1    1    1    1    1    1    1    0    1    1    0    1    1    1    1    1    1    1    1    1    1    1    1    1    1    0    1    1    1    1    1    1    1    1    1    1    1    1    1    1    1    1    1    1    0    1    1    1    1    1    0    1    1    1    1    1    1    1    1    1    1    1    1    1    1    1    1    1    1    1    1    0    1    1    1    1    1    0    1    0    1    0    1    0    0    0    0    1    0    0    0    0    0    0    1    0    1    0    1    0    0    0    1    1    0    1    0    1    0    1    1    1    1    0    1    1    1    0    1    1    0    1    1    1    1    1    1    0    1    1    0    0    1    0    1    0    0    0    1    1    1    1    1    0    0    1    0    0    0    0    1    0    0    1    1    1    0    0    1    0    0    0    0    0    0    0    0    1    0    0    1    1    1    0    1    0    1    0    1    
100    0.856792    0.864384    1    1    1    1    1    1    1    1    1    1    1    1    1    1    1    1    1    1    1    1    1    1    1    1    1    1    1    1    1    1    1    1    1    1    1    1    1    1    1    0    1    1    1    1    1    1    1    1    1    1    1    1    1    1    1    0    1    1    1    1    1    1    0    1    1    1    1    1    1    1    1    1    1    1    1    1    1    1    1    1    1    1    1    0    1    1    1    1    1    1    1    1    1    1    1    1    1    1    1    1    1    0    0    0    0    1    1    0    0    1    1    0    1    1    1    1    0    1    1    0    1    0    0    0    0    0    0    1    0    1    0    0    1    0    0    0    1    1    1    1    1    0    0    0    0    1    0    0    1    1    0    1    0    0    1    1    0    0    0    1    0    1    0    1    0    1    0    1    1    1    1    1    1    0    1    0    1    1    0    1    1    1    0    0    0    0    1    1    0    1    1    1    1    1    1    0    0    0    1    1    
100    0.33236    0.662497    1    1    1    1    1    1    1    1    1    1    1    1    1    1    0    1    1    1    1    1    1    1    1    1    1    1    1    1    1    1    1    1    1    1    0    1    1    1    1    1    1    1    1    1    1    1    1    1    1    1    1    1    1    1    1    1    1    1    1    1    1    1    1    1    1    1    1    1    1    1    1    1    1    1    1    1    0    1    1    1    1    1    1    1    1    1    1    1    1    1    1    1    1    1    1    1    1    1    1    0    1    1    0    0    1    1    1    0    0    0    1    0    1    0    0    1    1    1    0    1    0    1    0    1    0    1    1    0    0    0    1    0    0    1    0    0    0    1    0    0    0    1    1    0    0    0    1    0    1    0    0    1    0    0    1    0    0    0    0    1    1    0    0    1    0    1    0    0    0    0    1    0    0    1    0    1    0    0    0    0    1    0    1    1    1    1    1    1    1    1    0    1    1    1    1    1    0    0    0    0    
