50    0.435978    0.194845    0    0    0    1    1    0    0    0    1    1    0    1    1    1    1    0    1    1    0    1    1    1    1    0    0    0    0    0    1    0    0    1    0    1    1    1    0    0    0    0    1    1    0    0    0    1    0    1    1    1    1    1    1    1    0    1    1    1    1    1    0    1    0    1    0    1    0    1    1    1    0    1    0    1    1    1    0    1    1    1    1    0    0    0    0    1    0    0    1    1    1    0    0    0    1    0    1    0    1    0    0    0    0    1    0    1    1    1    1    0    1    0    0    0    0    0    0    1    0    0    1    1    0    0    1    0    1    0    0    1    0    0    1    1    1    0    0    1    0    0    0    0    1    0    1    0    0    0    1    0    1    0    0    0    0    1    0    1    0    0    0    1    0    1    0    0    0    0    0    0    0    0    0    1    0    0    1    1    0    0    0    0    1    0    0    1    0    0    0    0    0    0    0    0    0    1    0    1    0    1    
50    0.0126843    0.759276    0    1    0    1    0    1    0    1    1    1    1    0    0    1    1    1    1    1    1    1    1    1    1    1    0    1    1    1    1    0    1    1    1    1    1    1    1    0    1    1    1    1    1    1    1    0    1    0    1    1    1    1    1    1    1    1    1    1    1    1    1    1    1    1    1    1    0    1    1    1    1    1    1    1    1    1    1    1    1    1    1    1    1    1    1    1    1    1    1    1    0    1    0    1    1    1    1    1    1    1    1    0    0    1    0    0    1    0    0    0    0    0    0    0    0    0    1    1    0    0    0    0    1    0    0    0    0    1    0    0    0    1    1    0    0    1    0    0    0    0    0    0    0    1    1    0    1    0    1    0    0    0    0    0    0    1    0    1    1    0    1    0    0    0    0    1    0    1    1    0    1    0    0    0    0    1    1    0    0    1    1    1    0    0    1    0    0    0    0    1    1    0    1    0    1    0    0    1    0    0    
50    0.946444    0.419478    0    1    1    0    0    1    1    0    1    1    1    1    1    1    1    1    1    0    1    1    1    1    1    1    0    1    1    0    0    1    0    1    1    1    1    1    1    0    1    1    0    0    1    1    1    1    1    1    1    1    1    1    1    0    1    1    0    1    0    0    1    0    1    1    1    1    0    1    1    1    1    1    1    1    0    0    1    1    0    0    0    0    1    1    1    0    0    1    1    1    0    0    1    1    1    1    1    1    1    1    1    1    0    0    0    0    0    1    1    0    0    0    0    1    0    0    0    1    1    0    1    1    1    1    0    1    1    0    0    1    1    1    1    0    0    0    1    0    1    1    0    1    0    0    1    1    0    0    0    0    0    0    0    1    0    1    1    0    1    1    0    1    1    1    1    1    1    1    1    0    1    0    1    0    0    0    1    1    0    0    0    1    0    0    0    0    1    0    0    1    1    0    1    1    0    0    0    1    0    1    
50    0.747141    0.812825    0    1    1    1    1    1    1    1    1    1    1    1    1    0    1    1    1    1    1    1    1    0    1    1    1    0    1    1    1    1    1    1    1    1    1    1    1    0    1    1    1    1    0    1    0    1    0    1    1    1    1    1    1    1    1    1    1    1    1    1    1    1    1    1    1    1    1    1    1    0    1    1    0    1    0    1    0    1    1    0    1    0    1    1    1    1    1    1    1    0    1    1    1    1    1    1    1    1    1    1    0    1    1    1    1    1    0    1    0    0    0    0    0    0    0    0    0    1    1    0    0    0    0    1    1    0    1    1    1    1    0    1    1    0    0    0    0    0    0    0    1    1    1    0    0    1    0    0    0    0    1    0    0    0    0    0    0    1    0    1    1    0    0    1    0    1    0    0    1    1    0    1    0    0    0    1    1    1    0    1    1    0    0    1    0    1    0    0    1    0    0    0    0    1    0    0    0    1    1    0    
50    0.908904    0.0254441    1    0    1    1    1    1    1    1    0    1    1    1    0    1    1    1    0    1    1    1    1    1    1    0    1    1    1    0    0    0    1    1    1    1    0    1    1    0    1    1    1    1    1    1    1    1    1    1    0    1    1    1    0    1    0    0    1    1    0    1    0    0    1    0    1    1    1    0    1    1    1    1    1    1    1    0    1    1    1    0    1    1    1    1    1    1    1    1    0    0    0    1    1    1    0    0    1    1    1    1    0    0    0    0    1    0    1    1    0    1    1    0    1    1    0    0    0    1    0    1    1    0    0    1    1    0    1    0    1    1    1    1    0    1    0    1    0    1    0    1    1    0    0    0    1    0    0    0    1    1    0    0    1    1    0    0    0    1    0    1    1    1    0    0    0    0    1    1    1    0    1    1    0    1    1    1    1    0    1    1    0    0    0    1    0    0    0    1    0    1    1    1    1    0    0    1    0    1    0    0    
50    0.0201615    0.98745    0    1    1    0    1    1    0    0    0    1    1    1    1    1    1    0    1    0    1    0    0    1    0    0    1    1    1    1    1    0    1    0    1    1    1    0    1    1    1    1    1    1    1    1    1    1    1    0    0    1    1    1    1    1    0    0    1    0    1    1    1    1    1    1    1    0    0    0    0    1    0    1    1    1    1    0    0    1    1    0    0    0    0    1    1    0    1    1    0    1    1    1    1    0    1    1    1    0    1    1    0    0    1    1    0    1    1    1    1    0    1    1    0    1    1    1    0    0    0    1    1    0    0    0    1    0    0    0    0    1    0    0    0    0    0    0    1    0    1    0    1    0    1    0    0    0    1    0    0    1    0    1    1    0    0    0    1    1    0    0    0    0    1    0    0    1    1    1    0    0    0    1    1    0    0    1    1    0    0    1    0    1    0    1    0    0    1    0    0    0    1    0    1    1    1    1    0    1    0    1    
50    0.422406    0.0775298    0    1    1    1    1    0    1    0    0    0    0    0    1    1    1    0    1    1    0    1    0    0    1    1    1    1    0    0    1    1    1    0    0    1    1    1    1    0    1    0    1    1    1    1    1    1    1    1    0    1    0    0    0    0    0    1    1    0    0    1    1    1    1    0    0    1    0    1    0    1    0    1    1    1    1    1    0    0    1    1    1    0    0    0    1    0    1    0    1    1    0    1    0    1    0    0    1    1    1    0    1    1    0    0    0    0    1    1    0    0    1    1    0    1    0    0    0    1    0    0    0    1    1    1    1    0    0    0    0    1    0    1    0    0    0    0    1    0    0    1    0    0    1    0    0    1    0    1    0    1    1    0    1    0    1    0    0    1    0    1    1    1    0    1    0    0    1    1    0    1    0    1    0    0    0    0    0    0    1    0    0    1    1    0    1    1    1    0    0    0    0    0    0    0    0    0    1    0    1    0    
50    0.208702    0.84699    0    1    1    1    1    0    1    1    0    1    1    0    0    1    0    1    0    0    1    0    0    1    1    1    1    0    1    0    0    1    1    0    0    1    0    0    0    0    1    1    0    0    1    0    1    0    0    0    1    0    0    1    1    0    0    0    0    1    1    0    0    1    0    0    0    1    0    0    0    1    1    1    0    0    0    1    1    0    0    1    1    1    1    0    1    0    0    1    1    1    0    1    0    1    1    0    0    1    0    1    0    0    0    0    0    1    1    0    1    0    1    0    0    0    0    0    0    0    0    0    0    0    0    0    0    0    1    0    0    1    1    0    0    0    0    0    1    0    0    0    1    0    1    1    1    0    0    0    0    0    1    1    1    1    0    0    0    0    0    1    0    0    1    0    1    1    1    1    1    1    0    0    0    0    0    0    0    1    1    0    0    0    0    0    0    1    0    0    1    0    0    0    1    0    1    0    0    0    0    0    
50    0.403703    0.577733    1    1    1    1    1    1    0    1    1    1    0    1    1    0    0    1    0    1    0    1    0    1    1    0    0    1    1    1    1    1    1    1    1    0    1    1    0    0    1    1    1    1    1    1    1    1    1    1    0    1    1    1    1    0    0    1    0    1    1    1    0    0    0    1    1    0    1    0    0    1    1    1    0    1    1    0    1    0    1    1    1    1    1    0    1    0    1    0    1    1    1    1    1    0    0    1    0    1    1    1    0    0    1    0    0    0    1    0    0    1    0    1    1    0    0    0    0    1    0    0    0    0    1    1    1    0    0    0    1    0    1    0    1    0    0    1    1    0    0    1    0    0    0    0    0    0    1    0    1    1    1    0    0    0    0    0    0    1    0    1    1    0    0    1    0    1    1    0    1    1    0    1    1    1    1    0    0    0    0    0    0    0    0    1    0    1    0    1    1    0    0    1    0    0    0    0    0    1    1    1    
50    0.329271    0.491835    1    1    1    0    1    1    1    1    0    0    1    1    0    0    1    0    1    1    1    1    1    1    1    0    1    0    1    1    0    1    1    1    0    1    1    1    1    0    1    1    1    1    0    1    1    0    0    1    1    0    1    1    0    1    0    1    1    1    1    1    0    1    0    0    1    1    1    1    1    1    0    1    1    1    1    0    1    1    1    1    1    1    1    1    1    1    1    1    1    1    1    1    0    0    1    1    1    0    0    1    0    1    0    0    0    0    0    0    0    0    0    0    0    0    0    0    1    1    0    1    0    0    1    1    1    1    1    0    0    1    1    0    0    0    0    1    1    0    0    1    0    0    1    0    0    1    1    1    0    0    0    1    1    0    0    0    1    0    0    0    1    0    0    0    1    1    1    1    0    0    0    1    0    0    1    0    0    0    0    0    1    0    0    1    0    0    1    1    1    1    0    0    0    0    1    1    0    0    1    0    
50    0.833315    0.997438    0    1    0    1    1    1    1    1    1    1    1    1    1    1    0    1    1    0    0    1    1    1    1    0    0    1    1    1    0    1    1    1    1    1    1    1    1    0    1    1    1    1    1    1    1    1    1    1    0    1    1    1    1    1    1    1    1    1    1    1    1    1    0    1    1    1    1    1    1    1    0    1    1    1    1    1    1    1    1    1    0    1    0    1    1    1    1    1    1    1    1    0    1    1    0    1    1    1    1    1    1    1    0    0    0    0    0    1    0    1    1    1    0    0    0    0    1    0    0    0    1    1    1    0    1    0    1    0    1    1    0    0    1    0    0    0    0    1    1    1    0    1    1    1    1    0    0    1    0    0    0    0    0    1    1    0    0    1    1    0    1    0    1    0    1    1    1    1    0    0    0    1    1    1    1    0    1    0    0    0    0    0    0    1    0    1    0    1    1    1    0    0    1    0    1    1    0    0    0    0    
50    0.67117    0.663856    0    0    1    1    0    1    1    1    0    1    1    0    0    1    1    0    1    0    1    1    0    1    1    1    1    1    1    1    1    1    0    0    1    0    1    1    1    1    1    1    1    1    1    0    1    1    0    0    1    1    1    1    1    1    0    0    0    1    1    0    1    0    1    1    1    1    1    1    1    1    1    1    1    0    1    1    1    1    0    0    1    1    1    1    1    1    1    1    1    0    1    0    1    0    0    1    1    1    1    1    1    0    0    0    1    0    1    0    1    1    0    0    0    0    0    0    0    1    0    1    1    0    1    1    0    1    1    1    0    1    1    0    0    0    1    1    0    0    0    1    0    0    1    0    1    0    1    0    1    1    1    1    0    1    1    0    1    1    1    1    0    0    0    1    1    0    1    0    0    0    1    1    0    1    0    1    1    0    1    0    1    0    0    0    1    1    0    1    1    0    1    1    1    1    0    1    1    0    0    0    
50    0.246536    0.84371    0    1    1    0    1    0    0    1    0    0    1    0    0    0    0    0    0    0    0    1    0    1    1    0    1    0    0    1    0    0    0    0    0    0    1    1    1    0    0    0    1    1    0    1    1    0    0    0    0    0    0    1    1    0    0    0    0    1    1    0    0    0    0    0    1    1    0    0    0    0    0    0    1    1    1    0    0    0    0    0    1    0    0    0    0    0    1    0    0    1    1    0    0    1    0    0    0    0    1    0    0    0    1    0    0    0    1    0    0    0    0    0    0    0    0    0    0    1    1    1    1    1    0    0    0    0    1    0    0    0    0    0    0    0    1    0    1    0    0    0    1    0    0    0    0    1    1    0    0    0    1    0    0    0    0    0    1    0    1    0    1    1    1    0    1    0    1    1    0    0    0    1    1    0    0    0    0    0    0    1    0    0    0    0    0    0    0    0    0    0    0    1    0    0    0    1    0    0    1    0    
50    0.548466    0.333636    1    0    0    1    0    1    0    0    0    1    1    1    0    0    0    0    1    1    1    0    1    0    1    1    0    1    1    1    0    1    1    0    1    1    0    0    1    1    1    1    1    0    1    0    1    1    1    1    0    1    0    1    1    1    1    1    0    1    1    1    0    1    1    1    1    0    0    1    0    1    0    0    0    0    0    0    1    0    1    1    0    1    1    1    1    1    0    1    0    1    0    0    1    0    0    1    1    0    1    1    1    1    1    0    0    1    0    1    0    0    1    1    0    0    0    0    0    0    0    1    0    0    0    0    0    0    0    0    0    1    0    1    0    1    1    0    0    1    1    0    1    1    0    0    0    0    0    0    0    0    0    1    1    1    0    0    0    1    1    1    1    0    0    0    0    1    0    0    0    1    0    1    0    1    1    0    0    0    0    0    1    1    0    0    0    1    0    1    0    0    1    1    0    0    0    0    1    0    1    1    
50    0.0189658    0.66949    1    1    1    1    1    0    1    1    1    1    1    1    1    1    1    1    1    1    1    1    0    1    1    1    1    0    1    0    1    1    1    0    0    1    1    0    1    1    0    1    1    1    1    1    0    1    1    1    1    0    1    1    1    1    1    1    1    1    1    1    0    1    1    1    1    1    1    1    0    1    0    1    0    1    1    1    1    1    0    0    1    1    1    0    1    1    1    1    1    1    1    1    1    1    1    1    0    1    1    0    0    0    1    0    1    1    0    1    1    0    0    1    0    0    1    1    1    0    0    0    0    0    1    0    0    0    1    0    1    1    1    1    0    1    0    1    0    0    0    0    1    0    0    1    1    1    1    0    0    1    1    0    1    0    0    1    1    1    0    1    0    0    0    1    0    0    0    0    1    1    0    0    1    0    0    1    0    0    0    0    1    0    0    0    1    0    0    0    1    0    1    1    0    0    1    1    0    1    1    0    
50    0.960876    0.676649    1    1    1    1    1    1    1    0    1    0    0    1    0    1    1    1    1    1    0    1    1    1    1    1    1    0    0    1    1    1    1    1    1    0    1    1    1    1    1    0    1    1    0    1    0    1    1    1    1    1    1    1    1    0    1    1    1    1    1    1    1    1    1    1    1    1    1    1    1    1    1    1    1    1    1    1    1    1    1    1    1    0    1    1    1    1    1    1    1    1    0    1    0    1    1    1    1    1    1    0    1    0    0    0    0    1    0    1    1    1    1    0    0    0    0    0    0    1    1    1    1    0    1    0    0    0    1    1    0    0    1    1    0    1    1    0    0    0    1    1    0    1    1    0    0    1    1    1    0    0    0    1    1    1    0    0    0    0    0    1    0    0    0    0    0    0    0    0    1    0    0    0    1    1    0    1    1    0    1    0    1    1    0    0    1    0    0    0    0    1    0    1    0    1    1    1    0    0    0    0    
50    0.11171    0.304583    0    1    1    1    0    0    1    0    0    1    1    1    1    0    1    1    0    0    1    0    1    1    1    0    1    0    0    1    1    1    1    1    1    0    1    0    1    1    1    1    1    1    0    1    0    1    1    1    0    1    0    1    1    1    0    1    1    1    1    1    1    1    0    0    1    1    1    0    1    1    1    1    0    0    1    1    1    1    0    1    1    0    1    1    1    0    1    0    1    1    1    0    1    1    1    0    1    0    1    0    0    1    1    1    1    1    1    0    0    0    0    1    1    1    1    0    0    1    1    0    0    1    0    0    1    0    0    1    0    1    0    0    0    0    0    1    1    1    0    1    1    1    0    1    0    1    0    1    1    0    0    1    1    1    0    0    0    1    1    1    1    1    1    1    0    0    0    0    1    0    0    0    0    1    1    1    0    1    1    0    1    1    1    0    1    0    0    0    1    0    0    1    0    1    0    0    0    0    0    1    
50    0.766141    0.843818    1    1    0    1    0    1    1    1    1    1    1    1    1    1    1    1    1    0    1    1    1    1    1    1    1    1    1    0    1    1    1    0    1    1    1    1    1    1    1    1    0    0    1    1    1    1    1    1    0    1    1    1    1    1    1    0    0    1    1    1    1    0    1    1    1    1    0    1    1    0    1    1    1    1    1    1    1    1    0    1    1    1    1    1    1    1    1    1    1    1    1    1    1    1    1    1    1    1    1    1    0    0    1    0    1    1    0    0    1    0    1    0    0    1    0    1    0    1    0    0    0    0    0    0    0    0    0    0    0    0    0    0    0    0    0    0    0    1    1    1    0    0    1    0    1    1    0    0    0    1    0    0    0    0    0    0    0    0    0    1    0    1    0    0    0    0    1    1    0    1    0    0    0    0    0    1    1    1    1    0    1    0    1    1    0    0    0    1    0    0    1    0    0    1    0    0    1    0    0    1    
50    0.569528    0.993278    1    1    1    1    1    1    1    1    1    0    1    1    0    1    0    1    0    1    1    1    1    0    0    1    1    1    0    1    1    1    1    0    0    1    1    1    1    0    1    1    1    1    1    1    0    1    1    1    1    1    0    1    1    1    1    1    1    1    0    0    1    0    0    0    1    1    0    0    1    1    0    1    1    1    1    1    0    1    1    1    1    1    1    1    1    1    1    1    0    0    0    1    0    1    0    1    1    1    0    1    1    0    1    1    1    1    1    0    0    0    1    0    1    0    0    1    0    0    0    1    0    0    1    1    0    1    0    0    0    0    0    1    1    0    0    0    0    0    0    1    1    0    1    0    0    1    1    1    1    0    0    0    1    1    0    0    0    1    0    0    0    1    0    1    1    0    0    1    1    1    0    0    0    1    1    0    1    0    1    1    0    1    0    1    0    0    0    0    0    0    0    0    0    0    1    0    1    1    0    0    
50    0.820817    0.93413    1    0    1    1    0    0    1    1    1    0    1    0    1    0    0    0    0    1    1    0    1    1    0    1    1    1    1    1    1    1    1    0    1    1    0    0    0    0    1    1    1    1    1    1    1    0    1    0    1    1    1    1    1    1    0    0    0    0    0    1    1    1    0    1    1    1    1    0    1    1    1    1    1    1    1    1    1    1    1    1    1    1    1    1    1    0    1    0    1    1    0    1    1    0    1    1    1    1    1    1    0    1    0    0    0    1    0    0    0    0    0    0    1    0    1    1    0    1    1    0    0    0    0    0    0    1    1    1    1    1    0    0    0    0    1    0    1    1    0    0    0    0    1    1    0    1    1    0    0    1    1    0    0    0    1    1    0    1    0    1    1    0    1    1    0    0    1    0    1    1    1    0    1    0    1    1    0    1    1    0    1    0    1    0    0    0    1    1    1    1    0    1    1    1    0    0    0    0    1    1    
50    0.236422    0.0830288    0    0    0    0    0    0    1    1    1    1    0    0    0    0    0    0    0    1    1    0    0    1    1    0    0    0    1    0    1    0    0    1    0    1    1    0    0    0    1    1    1    0    0    0    1    0    0    0    1    1    1    0    0    0    0    0    1    0    1    1    1    1    0    0    1    0    0    0    0    1    0    0    1    1    1    1    0    1    0    1    0    0    1    0    1    0    0    1    0    1    0    1    0    1    0    0    1    0    0    1    0    0    0    0    0    1    1    0    0    1    0    0    1    0    1    0    0    0    0    0    0    1    0    1    0    0    0    1    1    0    0    1    0    1    1    0    1    0    0    1    0    0    0    1    0    0    0    0    1    0    1    0    0    0    0    1    0    1    1    0    0    0    0    1    0    1    1    1    1    0    1    0    0    0    1    0    0    0    0    1    0    1    0    1    0    1    0    0    1    0    1    1    0    1    0    1    0    1    1    0    
50    0.767283    0.185928    1    0    1    0    1    0    0    1    1    1    0    1    0    0    0    1    1    0    1    1    0    1    1    1    1    1    0    1    0    0    1    0    0    0    1    0    1    0    1    1    0    0    1    1    0    1    1    0    0    0    0    0    1    1    0    0    0    1    0    1    0    1    0    1    0    1    1    0    0    1    1    1    1    0    0    1    0    1    0    0    1    0    1    0    0    1    1    0    0    1    0    0    1    1    1    1    0    0    0    1    1    0    0    0    1    1    0    1    0    1    1    0    1    1    1    0    1    1    0    0    1    0    0    1    1    0    0    0    1    1    1    0    1    1    0    0    0    1    0    1    1    0    0    1    0    0    0    1    1    0    0    0    1    1    0    0    1    1    0    1    0    0    1    1    1    1    1    0    0    0    0    0    0    0    1    1    0    1    1    0    0    0    1    0    1    0    1    1    1    0    1    0    0    0    0    0    0    0    0    0    
50    0.893876    0.707652    1    1    0    1    1    1    1    1    1    1    1    0    1    1    1    1    1    1    0    1    1    1    1    1    1    1    1    1    1    1    1    1    1    1    1    1    1    1    1    1    1    1    1    1    1    1    0    1    1    1    1    1    0    1    1    1    1    0    1    1    1    1    1    1    1    1    0    1    1    0    1    1    1    1    1    1    1    1    1    1    1    1    1    1    1    1    1    1    1    1    0    0    1    1    1    1    1    1    1    1    1    0    0    0    0    0    0    1    0    0    0    1    0    0    0    0    1    1    1    1    0    1    0    0    1    0    1    1    0    0    0    1    1    1    1    1    0    1    0    0    1    1    0    1    1    0    1    0    1    0    1    0    0    1    1    1    0    0    0    0    1    0    0    0    1    0    0    0    0    0    0    1    1    1    0    0    0    0    0    1    0    1    1    1    0    0    0    0    1    0    0    1    0    1    1    0    1    1    1    1    
50    0.000659557    0.918778    1    1    1    1    1    1    1    1    0    1    1    0    1    1    1    0    1    0    1    1    0    0    1    1    1    1    1    1    1    0    0    1    1    1    1    1    0    1    1    1    0    1    1    1    1    0    1    0    1    1    1    1    0    0    0    1    1    1    1    0    1    0    0    1    1    0    1    1    1    1    0    1    1    1    1    1    0    1    0    0    0    1    1    1    0    1    1    1    1    1    1    1    1    1    0    0    1    1    1    1    0    0    1    0    0    1    1    1    0    1    0    1    1    0    1    0    1    0    0    0    0    1    0    0    0    1    1    1    1    1    0    0    1    1    1    0    0    0    1    0    0    1    0    1    1    0    0    1    0    0    0    1    0    0    0    0    1    0    1    0    0    1    1    0    0    0    1    1    0    1    0    0    1    0    1    1    0    0    0    0    0    0    0    1    0    1    0    1    0    1    1    0    1    1    1    1    0    0    1    1    
50    0.0609691    0.305899    1    1    0    0    1    1    1    1    1    0    1    1    1    0    0    1    1    1    1    1    1    0    1    1    1    1    0    1    1    0    0    0    0    0    1    1    0    1    1    1    1    1    0    1    0    1    0    1    1    1    1    1    0    1    1    1    1    1    0    0    0    1    1    0    1    1    1    1    1    0    0    1    0    1    1    1    1    1    0    1    1    0    1    0    1    1    0    0    1    0    1    0    1    0    1    0    0    1    1    1    1    0    0    0    0    0    0    0    0    1    1    1    1    0    1    1    0    0    0    1    0    1    1    0    0    0    1    1    0    0    1    0    0    0    0    0    0    0    0    1    0    1    0    0    1    1    0    0    0    0    0    1    1    0    1    0    1    0    1    1    0    0    0    0    1    0    1    0    0    0    1    1    1    0    0    1    1    0    1    0    0    1    0    1    0    0    1    0    0    0    1    0    0    1    1    0    1    1    1    0    
50    0.872586    0.343963    0    1    0    0    0    0    0    1    1    1    0    1    1    1    1    0    1    1    1    1    1    1    0    1    1    1    0    1    1    1    1    0    1    0    1    1    1    1    1    1    0    1    1    1    0    1    0    1    1    0    1    1    1    1    0    0    0    1    1    0    1    1    0    0    0    1    1    1    1    1    1    1    1    1    1    0    1    0    1    1    1    1    1    0    1    1    0    0    1    0    1    1    1    1    1    1    0    1    1    1    0    1    0    0    1    0    1    0    0    0    0    1    0    0    1    1    0    1    1    0    1    1    1    0    1    1    1    1    0    0    0    0    1    1    0    0    0    0    0    0    0    1    0    1    0    0    1    1    0    0    1    0    0    1    0    1    0    1    1    0    1    1    0    1    0    1    0    0    0    0    1    0    0    0    0    1    0    0    1    0    1    0    0    1    1    0    0    1    1    0    1    0    1    0    0    0    0    1    0    0    
50    0.270138    0.119966    0    0    1    0    1    1    0    1    0    1    0    1    1    0    1    1    1    0    0    1    0    1    1    1    1    1    0    1    1    1    0    0    1    0    0    1    1    0    0    0    0    0    0    0    0    1    0    0    0    1    1    1    0    0    0    1    1    0    0    0    1    1    1    1    0    0    0    1    0    1    0    0    1    1    1    1    0    1    0    1    0    1    1    1    1    0    0    0    0    0    1    0    0    1    0    1    1    1    1    0    0    0    1    1    0    0    1    1    0    0    1    0    1    1    1    0    0    1    1    1    0    0    1    0    0    0    1    1    1    1    0    1    0    0    0    0    1    1    1    0    0    0    0    1    0    0    0    0    0    1    0    1    1    0    1    0    0    1    0    0    1    1    0    1    0    0    1    0    1    1    0    0    1    0    0    0    1    0    0    0    0    0    0    1    0    0    0    0    0    1    0    0    1    1    0    0    0    0    1    0    
50    0.370194    0.0522827    1    1    1    0    0    0    0    1    0    1    0    1    1    0    1    0    1    1    1    0    0    0    1    1    0    1    0    1    0    1    0    1    1    1    0    1    0    0    1    1    1    0    1    0    0    0    0    0    0    1    1    1    0    1    0    1    1    0    0    1    1    0    1    0    0    0    1    1    0    0    0    0    1    0    0    0    0    0    1    0    1    1    0    1    1    0    0    0    1    1    0    1    0    1    1    0    1    1    1    1    0    1    0    1    0    1    0    1    0    1    0    0    1    1    1    0    0    0    0    1    0    0    0    1    1    0    1    1    0    1    0    1    0    0    1    0    0    1    0    1    1    0    0    0    0    0    0    1    1    0    0    1    1    0    1    0    1    0    1    0    0    1    0    1    1    0    0    0    1    0    0    0    0    0    0    0    0    0    0    0    1    1    0    0    0    0    0    0    0    0    0    1    0    1    1    0    1    0    0    1    
50    0.827011    0.882893    1    1    1    1    1    1    1    1    1    1    1    1    1    1    1    1    1    1    1    1    1    0    1    0    1    1    1    1    1    1    1    0    1    1    1    1    1    0    1    0    1    0    0    1    1    1    1    1    1    1    1    0    1    1    1    1    1    1    1    1    1    1    1    1    1    1    1    0    1    1    1    1    1    1    1    0    1    1    1    1    1    0    1    1    1    1    1    1    1    1    1    1    1    1    1    1    1    0    0    1    0    1    0    1    1    1    1    0    1    1    1    1    0    0    1    1    0    0    1    1    1    1    0    0    0    0    1    1    1    1    0    1    1    0    0    0    0    1    1    0    0    1    0    1    0    0    1    0    0    1    0    0    1    0    1    0    0    1    0    0    1    0    1    1    0    0    1    0    0    0    0    1    0    0    0    0    0    1    0    0    1    1    0    1    0    1    0    0    1    0    1    0    0    1    0    0    1    1    0    0    
50    0.705918    0.665109    1    0    1    0    1    1    1    0    1    0    1    1    1    0    1    1    0    0    1    1    1    1    1    1    1    1    1    1    1    1    0    1    0    1    1    1    1    1    1    1    1    1    1    1    0    1    1    1    0    1    1    1    1    1    1    1    1    1    1    1    1    1    1    1    1    1    1    1    1    1    1    1    0    1    1    1    1    1    1    1    1    0    1    0    1    1    1    1    1    1    1    1    1    1    1    1    1    0    1    1    0    0    0    0    1    1    1    1    1    1    0    0    0    1    1    0    0    0    1    0    0    0    1    1    0    0    0    1    1    1    1    0    0    0    0    0    1    0    0    1    0    0    1    0    1    0    1    0    1    0    0    0    0    0    0    1    0    0    0    1    1    0    0    1    0    1    1    1    1    1    0    0    1    0    1    0    1    1    0    1    0    0    0    0    0    0    0    1    0    1    1    0    1    1    1    1    1    1    1    0    
50    0.158197    0.265062    0    0    1    1    1    1    0    1    1    1    0    1    1    0    1    1    0    1    0    1    0    0    1    0    0    1    0    1    1    1    1    0    0    0    0    0    1    1    1    1    1    0    1    0    1    1    1    1    1    0    1    1    0    0    0    0    1    1    0    0    1    1    1    0    1    0    1    0    1    1    0    1    0    1    1    1    1    1    0    0    1    1    1    1    1    0    0    1    1    0    1    0    0    1    1    0    1    0    0    1    1    0    0    0    0    1    0    0    1    1    1    1    0    1    0    1    0    1    0    1    1    1    0    1    0    1    1    0    1    1    0    1    0    0    0    0    1    0    0    1    0    0    1    1    0    1    0    1    1    0    0    1    0    1    1    0    0    1    1    0    0    1    1    0    1    1    0    1    0    0    1    0    0    1    0    0    0    0    0    1    1    0    1    1    1    0    1    1    1    1    0    0    1    0    1    1    0    0    0    0    
50    0.664208    0.973945    1    0    0    1    0    0    0    0    1    0    1    1    1    1    1    1    1    0    1    1    1    1    1    1    0    1    1    1    0    1    1    0    1    1    0    1    1    0    1    1    1    0    1    1    1    1    1    0    1    1    1    0    0    1    0    1    1    1    1    1    1    1    0    1    1    1    0    1    1    1    1    1    1    0    1    1    1    1    0    1    0    1    0    0    0    1    1    1    1    1    0    1    1    0    1    1    0    1    1    1    0    0    0    1    1    1    0    1    0    1    1    0    0    0    0    0    1    0    0    1    0    0    1    0    0    0    1    0    1    0    1    0    1    1    0    1    0    0    0    1    1    0    0    1    0    1    0    0    0    1    1    1    0    1    1    1    1    0    0    0    1    0    0    0    0    0    0    1    0    0    1    0    1    1    0    0    1    0    0    0    0    1    1    1    0    1    0    0    0    0    1    1    1    0    0    0    1    0    1    1    
50    0.980133    0.903377    1    0    1    1    1    1    1    1    0    1    1    0    1    0    1    1    0    1    1    1    1    1    1    0    1    1    1    1    1    1    1    1    1    1    0    1    1    1    1    0    0    0    1    1    1    1    0    1    1    1    1    1    0    1    0    1    1    1    1    0    1    1    0    1    1    1    0    1    1    1    0    1    1    1    0    1    1    1    0    1    1    1    0    1    1    0    0    0    0    0    1    0    0    1    1    1    0    1    1    0    0    0    0    0    1    0    0    1    1    0    1    1    1    1    0    0    1    0    1    0    0    0    0    0    1    0    1    1    0    0    1    1    0    0    0    1    0    1    0    1    0    0    0    0    0    1    0    0    0    1    1    0    0    1    0    0    1    1    0    0    0    1    0    0    0    0    0    0    0    1    1    1    0    0    0    0    0    0    1    0    0    0    1    1    1    1    1    1    1    1    0    0    1    0    0    1    1    1    0    1    
50    0.786151    0.642733    1    1    0    1    1    1    0    1    1    1    1    1    1    0    1    0    1    1    1    1    1    1    1    1    1    1    0    1    1    1    1    1    1    1    1    1    1    1    1    1    1    1    1    1    0    1    1    0    1    1    1    1    1    1    1    1    1    1    1    0    1    1    1    1    1    1    0    0    0    1    1    1    0    1    1    1    1    1    1    1    1    1    1    0    1    1    1    1    0    1    1    1    1    1    0    1    1    1    0    1    0    0    0    1    1    1    0    1    0    1    0    0    0    0    0    1    0    1    0    0    0    1    1    1    0    0    0    0    1    1    0    0    1    0    0    0    0    0    1    1    0    1    0    0    0    0    0    0    0    0    0    1    1    0    0    0    1    1    1    0    1    1    1    1    0    0    0    0    1    1    0    1    1    0    1    0    1    1    0    1    1    0    1    0    0    1    0    0    1    1    0    1    0    0    0    0    0    0    0    0    
50    0.202191    0.365321    1    1    0    1    0    0    1    1    1    1    1    1    1    0    0    1    1    0    1    0    0    0    1    1    1    1    1    1    1    1    1    0    1    0    1    0    0    0    1    0    1    0    1    0    1    0    1    1    0    1    1    1    1    1    0    1    1    1    1    1    1    1    0    0    1    0    1    1    0    1    1    1    1    1    1    1    1    0    1    1    0    0    1    0    1    1    1    1    1    0    0    1    1    1    0    0    1    1    0    1    0    0    1    1    0    1    0    1    0    0    0    1    0    0    0    0    0    1    0    0    0    0    1    0    1    1    1    0    0    0    1    1    0    0    0    1    0    1    0    0    0    1    1    1    0    1    0    0    0    0    1    1    0    1    0    0    0    0    1    1    0    0    0    0    0    0    1    0    1    0    0    0    1    1    0    0    1    1    0    1    0    1    1    0    0    0    0    0    1    1    0    0    1    0    0    0    0    0    0    0    
50    0.672944    0.138742    1    1    1    0    1    1    0    1    1    1    0    0    1    0    0    1    0    1    0    1    1    1    1    1    1    1    0    1    0    1    1    1    1    0    0    1    1    0    0    1    0    1    1    0    1    1    0    1    1    0    1    1    0    0    1    0    1    1    0    0    0    1    1    1    1    1    1    0    1    1    1    1    1    0    1    1    1    1    1    1    0    1    0    0    1    1    0    1    0    1    0    1    0    0    0    1    1    1    0    1    0    0    0    1    0    1    1    0    0    0    0    0    0    1    1    0    1    0    1    0    0    0    0    1    0    1    0    0    0    0    1    0    1    1    1    0    1    1    0    1    1    0    0    1    1    0    1    1    0    1    1    0    0    0    0    0    1    1    0    0    1    1    0    0    1    1    0    1    0    0    1    0    1    0    1    0    0    0    1    1    1    1    1    0    1    0    0    0    1    0    0    0    1    0    0    1    1    0    0    0    
50    0.579432    0.589362    1    1    1    1    1    1    1    1    1    1    0    0    0    0    1    1    0    0    0    0    1    1    0    1    1    1    1    0    0    1    0    1    1    0    1    1    0    0    1    1    1    1    1    1    1    1    0    1    0    1    1    1    1    1    1    1    1    1    1    1    1    1    1    1    0    1    1    0    0    1    1    1    0    1    1    0    1    0    1    1    0    1    1    1    1    0    1    0    1    1    1    1    0    1    0    1    1    1    1    1    1    0    1    0    1    1    0    0    0    1    0    0    1    1    0    0    1    0    0    1    0    0    0    0    0    1    0    1    1    0    1    0    0    1    0    0    0    0    1    0    0    0    0    0    0    0    0    0    0    1    1    1    0    1    0    0    0    1    0    1    0    0    1    1    0    0    1    0    1    0    0    1    0    1    1    0    0    1    1    1    1    0    0    0    1    0    1    1    0    1    0    1    0    0    0    0    1    0    1    1    
50    0.966606    0.105556    1    1    1    1    0    0    0    1    0    1    1    1    1    0    1    0    1    1    1    1    1    0    0    0    1    1    1    0    1    1    1    1    1    0    0    1    1    0    1    1    1    1    1    1    1    1    1    0    0    0    1    1    1    1    1    1    1    1    1    1    1    0    1    1    1    0    0    1    1    1    1    1    0    0    1    1    1    1    1    0    0    1    1    1    0    1    1    0    0    0    1    1    0    0    0    0    1    0    0    1    1    0    0    0    1    0    1    0    0    0    1    1    0    1    0    0    1    0    0    0    1    0    0    0    1    0    1    1    1    1    0    0    0    1    0    1    1    0    0    1    1    1    0    0    0    1    1    0    1    1    0    0    1    0    0    0    1    0    0    0    0    0    0    0    0    0    1    0    1    0    0    1    0    1    0    1    0    0    1    0    0    1    0    0    1    1    1    0    0    0    0    1    1    0    1    0    0    1    1    0    
50    0.354835    0.446327    1    0    1    1    1    1    1    0    1    1    1    1    1    1    0    0    1    1    0    0    0    1    1    1    1    1    0    0    0    1    0    1    1    0    1    1    1    0    1    1    1    1    1    0    0    1    1    0    1    0    1    1    1    1    0    1    0    1    1    1    1    1    0    0    1    1    1    0    0    0    0    1    0    0    0    0    1    1    1    0    1    0    1    0    1    1    1    0    1    1    0    0    1    1    0    0    0    1    1    1    0    0    0    0    0    0    1    0    0    1    1    1    1    1    0    1    0    1    1    0    1    1    1    1    1    1    0    0    0    1    0    0    1    0    0    1    1    0    0    0    0    1    0    1    1    0    0    1    0    1    0    0    1    0    0    1    0    0    1    0    0    0    0    0    1    1    0    0    1    1    1    0    1    1    1    0    0    0    1    0    0    0    1    1    0    0    0    1    1    0    0    0    1    1    1    0    0    0    0    1    
50    0.69886    0.336794    1    1    1    0    1    1    1    1    0    1    1    1    1    1    0    1    1    1    1    0    1    1    1    1    0    1    1    0    1    1    0    0    1    0    1    1    1    0    1    1    1    0    1    1    1    0    0    0    1    0    0    1    1    1    1    0    0    1    0    0    1    1    0    1    1    1    1    1    1    0    1    1    1    0    0    1    1    1    1    0    0    1    1    1    1    1    1    1    0    0    1    0    0    1    1    1    0    0    1    1    1    1    1    0    1    0    1    0    1    0    1    0    0    0    1    0    0    0    1    1    0    0    1    0    0    0    0    0    0    0    0    0    1    0    1    0    1    1    1    0    1    1    0    1    0    0    0    0    0    0    0    1    1    1    1    1    0    0    0    1    0    1    1    0    0    1    0    0    1    0    0    0    1    1    0    0    1    0    0    0    0    1    0    0    1    1    0    0    0    0    0    0    1    1    1    1    1    0    1    0    
50    0.829099    0.641591    0    1    0    1    1    1    1    1    1    1    1    1    1    0    1    0    1    1    0    0    0    1    1    1    1    1    1    1    0    1    1    1    0    1    1    1    1    1    0    0    1    1    1    1    1    1    1    1    1    1    1    0    1    1    1    0    1    0    1    1    1    1    1    1    1    1    1    1    1    0    1    1    1    1    1    1    1    1    1    1    1    1    1    1    1    1    1    1    0    1    1    1    1    0    0    1    0    1    1    1    0    1    0    0    0    1    0    0    1    0    0    0    1    0    1    1    0    1    1    0    0    0    0    1    0    0    0    1    1    0    0    1    1    0    1    1    0    1    0    0    1    1    1    0    0    0    1    1    1    0    0    1    0    1    0    0    1    0    0    1    0    0    1    1    1    1    1    0    0    0    1    0    1    1    0    1    1    1    1    0    0    0    1    0    1    0    1    1    1    1    0    1    0    0    0    0    0    1    0    0    
50    0.838278    0.760767    1    1    1    1    1    1    1    1    1    1    1    0    1    1    1    1    1    1    1    0    1    1    1    1    1    1    1    1    0    1    1    1    1    0    1    1    1    1    1    1    1    1    1    1    1    1    1    1    1    1    1    1    1    1    1    0    1    1    1    1    1    1    1    0    1    1    1    1    0    1    0    1    0    1    1    1    1    1    1    1    1    1    1    1    1    1    1    1    1    1    0    1    1    1    1    1    1    1    1    0    1    0    0    1    1    0    0    0    1    1    0    0    0    1    1    1    1    1    1    1    1    1    1    0    0    1    0    0    1    1    0    0    0    0    1    0    1    0    1    1    0    0    1    0    0    0    0    1    0    0    0    0    1    1    0    0    1    0    1    0    1    0    1    1    0    1    0    0    0    0    1    1    0    1    0    0    0    0    0    1    0    0    0    1    1    1    0    1    0    1    0    0    0    0    1    0    1    0    0    1    
50    0.957688    0.584961    1    1    1    1    1    1    0    0    1    1    1    1    1    1    1    0    1    1    1    1    1    1    1    1    1    1    1    1    1    1    1    1    1    1    1    1    1    0    1    1    1    1    0    1    1    1    1    1    1    1    1    1    1    1    1    0    1    1    1    1    1    0    1    1    1    1    1    1    1    1    1    1    1    0    1    0    1    1    1    1    1    1    0    1    1    1    1    1    1    1    1    1    0    1    1    1    1    1    1    1    0    0    1    0    0    0    1    0    1    1    0    1    0    0    0    1    0    0    1    1    0    1    1    0    1    0    1    0    0    1    0    0    0    0    0    1    1    1    0    1    1    1    1    1    0    0    0    0    0    0    0    0    0    1    1    0    1    1    1    0    1    1    0    1    0    0    0    1    0    1    1    0    0    0    1    1    1    0    1    0    0    0    0    1    0    0    1    0    1    1    1    0    0    0    0    1    0    0    1    1    
50    0.0685231    0.298535    1    1    1    0    1    0    1    1    1    1    0    0    1    0    1    1    0    1    1    1    0    0    0    0    1    1    0    1    1    1    1    0    0    0    0    1    1    0    1    0    1    1    1    1    1    1    0    1    0    1    1    1    1    1    1    1    0    1    1    1    0    1    1    0    1    1    1    0    1    1    0    1    1    1    1    1    1    1    0    0    1    0    1    0    1    1    1    1    1    1    1    0    1    1    1    1    1    0    1    1    0    1    1    0    1    0    0    0    0    0    0    1    1    0    1    0    0    1    0    0    0    0    1    1    0    1    1    1    1    1    0    0    0    0    1    0    1    0    1    1    0    0    0    1    0    1    1    0    0    0    0    0    0    1    0    0    0    0    1    1    0    0    0    1    1    0    0    1    0    1    0    0    0    1    0    0    0    0    0    0    0    1    1    0    1    1    0    0    0    1    0    0    0    0    1    0    0    0    0    1    
50    0.253745    0.372078    1    1    1    1    1    1    1    1    1    1    1    1    1    0    1    1    0    1    1    0    1    0    1    1    1    0    1    1    1    1    1    0    1    0    0    1    1    1    1    1    0    1    0    1    1    1    1    1    0    1    0    1    1    1    0    1    0    1    1    0    0    1    0    1    0    1    0    0    1    1    1    1    1    1    1    1    1    1    1    1    1    1    1    1    1    1    0    1    0    1    1    0    0    1    0    1    1    1    1    1    0    0    0    0    1    0    1    1    0    1    1    0    1    0    0    1    0    0    0    0    1    0    0    0    0    1    0    0    0    1    1    0    0    0    0    0    0    0    0    0    0    0    0    0    0    0    0    0    0    1    1    0    0    0    1    0    1    0    0    0    0    0    1    0    0    1    1    1    0    0    1    0    1    0    0    1    0    0    1    0    0    0    0    0    0    1    0    0    0    1    1    0    0    0    1    0    0    1    0    0    
50    0.399072    0.422049    1    0    1    1    1    1    0    1    0    1    1    0    1    1    0    1    1    1    1    0    1    0    1    1    1    0    0    0    1    1    1    1    1    1    0    1    0    1    1    1    1    0    0    1    1    0    1    1    1    1    1    0    1    1    0    1    0    1    1    1    0    1    1    0    1    1    0    0    0    0    1    1    1    0    1    1    1    0    0    0    0    1    1    0    1    1    1    1    1    0    0    1    0    1    0    0    0    1    1    0    0    1    0    1    1    1    0    1    1    1    0    1    1    1    1    1    0    1    0    0    0    1    0    0    1    0    1    1    0    1    0    0    0    1    0    0    0    0    0    1    0    1    1    1    1    1    1    1    1    1    1    0    0    0    0    0    1    1    0    0    1    0    0    0    0    0    0    0    1    1    0    0    1    0    0    0    1    0    1    0    0    1    1    0    1    0    1    0    1    1    0    1    0    1    1    1    1    0    1    0    
50    0.999131    0.245709    0    1    1    1    1    1    1    1    1    1    1    1    0    1    1    1    1    1    1    0    1    0    1    1    1    0    1    1    1    1    0    1    1    0    0    1    0    1    1    1    1    1    1    0    0    0    0    1    0    0    1    1    1    0    1    1    0    1    1    1    1    1    1    1    0    0    1    0    1    1    1    1    1    1    1    1    1    0    0    0    1    0    1    1    1    1    1    0    1    1    1    0    1    1    1    1    1    0    1    1    0    0    1    1    1    1    0    1    0    0    0    1    0    0    0    0    0    0    0    0    1    0    0    0    1    1    1    0    0    1    0    1    1    1    0    0    1    1    0    0    1    0    1    0    0    0    0    1    0    0    0    1    1    0    0    0    0    1    1    1    0    0    0    0    1    0    0    1    0    1    0    0    0    0    1    0    1    1    0    1    0    1    0    0    0    0    0    1    0    0    0    1    0    0    1    0    0    0    1    1    
50    0.939113    0.477398    1    1    1    1    1    1    0    1    1    1    1    0    0    0    1    1    1    1    1    1    0    0    1    1    1    1    1    1    0    1    1    1    1    1    0    1    1    1    0    0    0    1    1    1    0    1    1    0    1    1    1    1    1    1    1    1    0    1    0    1    1    1    1    0    1    1    0    1    1    1    1    0    1    1    0    0    1    1    0    0    0    0    0    1    0    1    1    1    0    1    1    0    1    1    0    0    1    1    1    0    0    0    1    0    0    0    0    1    0    0    1    0    1    0    0    1    0    0    0    1    1    1    0    0    0    0    0    1    0    0    1    0    0    1    1    1    1    0    0    1    0    1    1    1    0    0    0    0    0    0    1    0    0    0    0    1    0    0    0    0    0    0    1    1    0    1    0    1    0    1    0    1    1    1    0    1    1    0    1    1    0    0    0    0    1    1    1    0    1    0    1    0    1    0    1    0    1    1    1    1    
50    0.546112    0.501189    1    1    1    1    1    0    0    1    0    1    0    1    1    1    0    1    1    1    0    1    1    1    1    0    0    1    0    1    0    1    1    1    1    1    0    0    1    1    1    0    1    0    1    0    0    0    1    1    0    0    1    1    0    0    1    1    1    1    1    0    1    1    1    1    1    1    1    1    0    1    1    0    0    1    0    0    1    1    1    0    1    1    0    0    1    0    0    0    1    0    1    1    1    0    0    0    0    1    0    1    1    1    1    0    0    0    0    1    0    0    1    1    1    0    0    1    0    0    0    0    0    0    1    0    0    1    1    0    0    1    1    0    0    0    1    1    1    0    1    0    0    0    1    0    1    1    0    0    1    0    1    1    0    1    0    0    1    0    1    0    1    1    0    0    1    0    1    1    1    0    1    0    0    1    0    0    1    1    1    1    0    1    0    0    0    1    1    0    0    0    1    0    0    1    1    0    0    1    1    1    
50    0.5373    0.262766    0    1    1    0    1    1    1    1    0    1    0    1    1    0    0    0    1    1    0    1    0    1    1    0    1    0    0    0    1    0    0    1    0    0    0    1    1    1    1    0    0    1    1    1    0    1    0    0    1    1    0    0    0    1    0    1    1    0    0    0    1    1    1    0    0    1    1    0    0    1    0    0    0    0    0    1    0    1    0    0    0    1    0    1    0    1    1    1    0    1    1    0    0    1    0    0    1    0    1    0    1    1    1    0    0    0    0    1    0    1    0    0    0    0    0    0    1    1    0    0    1    1    1    0    1    0    0    0    0    1    1    1    1    0    1    0    1    1    1    0    0    0    1    0    0    0    1    1    1    0    0    1    0    0    1    0    0    0    1    0    1    0    1    0    1    0    1    0    0    1    0    0    0    1    0    0    0    0    0    1    0    0    0    0    0    0    1    1    1    0    0    1    1    0    1    0    1    0    1    0    
50    0.855374    0.399938    0    1    1    1    1    0    0    1    1    1    1    0    1    1    1    1    1    1    1    0    1    0    0    0    0    0    1    1    1    0    1    1    1    0    1    0    1    0    1    1    1    1    0    1    1    0    0    1    1    1    1    1    0    1    1    1    1    1    0    0    1    0    1    1    1    1    1    1    0    1    1    1    1    1    1    1    0    1    1    1    1    0    1    1    1    1    1    1    1    1    1    0    1    1    1    0    1    1    1    1    0    1    0    1    1    1    0    0    0    1    0    1    0    0    1    1    1    1    1    1    0    1    0    0    0    1    1    0    1    1    0    1    0    1    0    1    1    0    1    0    0    0    0    1    1    0    1    1    1    0    1    0    0    0    1    0    0    0    0    1    0    0    0    0    0    1    0    0    0    0    1    0    1    0    0    0    1    0    0    1    0    1    1    1    1    0    0    0    0    1    0    1    0    0    0    0    0    1    1    0    
50    0.189631    0.607573    0    1    1    1    0    1    0    0    0    1    1    1    0    1    1    1    1    1    1    1    1    1    1    1    1    1    0    1    1    1    1    1    1    1    1    0    1    1    1    1    1    1    1    1    0    1    0    1    0    0    1    0    0    1    0    0    1    0    1    0    1    1    1    0    1    1    0    1    1    0    1    1    0    1    1    1    0    0    0    1    1    1    1    1    1    0    0    1    1    1    0    0    0    0    0    1    0    1    1    0    0    1    0    0    0    1    1    0    0    1    1    1    0    1    1    0    0    0    0    1    1    0    0    0    0    0    0    0    1    1    0    1    1    1    1    0    1    0    0    0    0    1    0    1    1    1    1    1    0    0    0    1    0    0    0    1    0    1    1    0    1    0    1    0    0    1    0    0    0    1    1    1    1    0    1    0    0    0    1    0    0    0    1    1    1    1    0    1    1    0    0    0    0    0    1    0    0    0    0    1    
50    0.552749    0.798799    1    1    1    1    0    1    1    1    1    1    0    1    0    1    1    0    1    1    0    1    1    0    1    1    0    1    0    1    1    1    1    1    0    0    1    0    1    1    1    1    1    1    1    0    0    0    1    1    1    1    1    1    0    0    0    0    0    1    1    1    0    0    1    1    1    1    1    1    1    1    0    1    1    1    1    1    0    1    1    0    1    1    1    1    0    1    0    0    1    1    1    1    1    0    0    1    0    1    0    1    0    1    1    1    1    1    0    1    1    0    0    0    0    0    1    1    1    1    0    0    0    0    0    0    0    0    0    0    1    0    0    1    0    0    1    0    0    0    1    0    1    1    1    1    1    1    0    1    1    0    1    1    0    0    1    1    0    1    0    1    0    1    1    0    1    0    1    1    0    0    1    1    1    1    1    1    0    0    0    0    0    0    0    1    1    0    1    0    1    0    1    0    1    0    0    1    1    1    0    0    
50    0.646519    0.850231    1    1    1    1    1    1    1    1    1    1    1    1    1    1    0    0    0    0    1    1    1    1    1    1    1    1    0    0    1    1    1    0    0    1    1    1    0    1    1    1    1    1    1    0    1    1    1    0    1    1    0    1    0    1    0    1    0    1    1    1    0    1    1    1    1    1    1    1    1    1    1    1    0    1    1    1    1    0    1    1    1    1    1    1    1    1    0    1    0    0    0    1    1    1    1    0    1    1    1    1    1    1    1    0    0    0    0    0    0    0    1    0    0    0    1    1    0    0    1    1    0    0    1    1    0    1    1    1    0    0    1    1    0    1    1    0    0    0    0    0    1    1    1    1    1    0    1    1    1    1    0    0    0    0    0    0    0    1    0    1    0    1    0    0    0    0    1    0    0    1    0    0    1    1    0    0    1    0    1    0    0    0    1    1    1    0    1    0    0    1    1    0    1    0    1    0    1    0    0    0    
50    0.650285    0.854483    1    1    1    0    1    0    1    1    1    1    0    1    0    1    0    0    1    1    0    1    0    0    1    1    1    1    1    1    1    1    1    1    1    1    1    1    1    1    0    1    1    1    1    1    1    1    1    0    0    1    1    1    0    1    1    0    0    1    1    1    1    1    0    1    1    0    0    1    1    0    1    0    1    1    1    1    0    1    0    1    1    1    0    1    1    1    1    1    1    1    0    0    1    0    1    1    0    1    0    1    1    0    0    1    1    1    0    1    0    1    1    0    0    0    1    0    1    0    0    1    1    1    0    0    1    0    0    1    1    1    1    0    0    1    0    0    0    1    1    1    0    0    1    0    0    1    0    1    0    1    0    0    1    0    0    1    1    1    1    1    1    0    0    0    0    0    1    0    1    1    0    0    0    1    0    1    0    1    1    0    1    0    0    0    1    1    1    0    0    1    1    0    1    0    1    1    1    1    0    1    
50    0.529051    0.698256    1    1    1    1    0    1    1    0    1    0    0    0    0    0    0    1    0    1    1    1    1    1    1    0    0    1    1    1    0    1    1    1    1    1    1    1    0    0    1    1    1    1    1    1    1    1    1    1    0    1    1    1    0    1    1    1    1    1    1    1    1    0    0    1    1    1    1    1    0    1    1    1    0    0    1    0    1    0    0    1    1    1    1    1    1    1    1    1    1    1    1    1    0    1    1    0    1    0    1    1    1    0    0    0    1    1    1    0    1    0    0    0    0    0    1    1    1    1    1    0    0    0    0    0    0    0    1    0    0    1    1    0    0    1    0    0    0    1    1    0    0    1    1    0    1    0    0    0    0    1    0    1    0    0    1    1    0    1    0    1    1    0    0    0    0    0    1    0    1    0    1    1    0    0    0    0    0    1    0    0    0    1    0    1    0    0    0    0    0    0    1    0    0    0    1    1    1    1    1    1    
50    0.324961    0.523682    1    1    1    1    1    1    1    1    0    1    1    1    1    0    1    1    0    1    0    0    1    1    1    1    1    1    1    0    0    0    1    0    0    0    1    1    1    1    1    0    0    1    1    1    1    1    1    1    0    1    1    0    0    0    0    1    1    1    1    1    1    1    0    1    1    1    1    1    1    1    1    1    1    0    0    0    1    0    0    1    1    1    1    0    1    1    0    1    0    1    0    1    1    0    1    1    0    0    1    1    0    0    0    0    1    1    0    1    1    0    1    0    1    0    1    0    0    1    0    1    1    0    0    1    1    1    0    1    0    0    1    0    1    0    1    1    0    0    1    1    1    1    0    1    1    0    1    0    1    0    0    0    0    0    0    1    1    0    1    1    0    0    1    0    0    0    0    1    1    0    1    0    1    1    0    1    0    0    1    1    0    0    1    0    0    0    0    0    0    0    0    0    1    1    0    1    0    1    0    0    
50    0.012983    0.0951908    1    1    1    1    1    1    1    1    0    0    1    1    0    0    1    1    1    1    1    0    0    1    1    1    0    1    0    1    1    1    0    0    1    1    0    1    1    1    1    0    0    1    1    0    0    1    0    0    0    1    1    0    0    1    1    1    1    0    1    1    1    0    1    0    1    0    1    1    1    1    1    0    1    1    0    0    1    0    0    0    0    1    0    0    0    0    1    0    0    0    0    1    0    0    0    1    1    1    1    1    0    0    0    0    1    0    0    0    0    0    1    1    0    0    1    0    0    1    0    0    0    0    0    1    0    0    1    1    0    0    0    1    1    1    0    1    1    0    0    1    0    0    1    0    0    0    1    0    0    1    1    0    1    0    1    0    0    0    1    0    1    0    0    1    0    0    1    1    0    1    0    1    0    0    1    1    0    0    1    1    0    0    0    0    1    1    0    0    0    0    0    1    0    1    0    1    0    1    1    1    
50    0.0546557    0.754    1    1    1    1    1    1    1    1    1    1    0    1    0    1    1    1    1    1    1    1    1    1    1    1    0    1    1    1    0    1    1    1    1    1    1    1    1    1    1    1    1    1    1    1    1    0    1    1    1    0    0    1    0    1    1    1    0    1    1    1    0    1    1    1    1    1    1    1    1    1    1    1    1    1    1    1    1    1    0    0    0    1    0    1    1    1    0    1    1    1    1    1    1    1    1    1    1    1    1    1    0    0    0    1    0    0    1    0    1    1    0    0    0    1    1    1    0    1    0    1    1    0    1    1    0    0    0    0    1    0    0    1    0    1    0    0    1    1    0    1    0    1    0    1    1    0    0    1    0    1    0    0    1    1    0    0    1    0    1    0    1    1    1    0    0    1    1    1    0    1    0    0    0    1    0    0    0    1    0    1    1    0    0    1    0    1    1    0    1    0    1    0    1    0    0    1    0    1    0    0    
50    0.675086    0.456997    1    1    1    1    0    1    0    1    1    1    1    1    0    1    1    1    1    1    0    0    0    1    1    1    1    1    0    1    0    1    0    0    0    0    0    1    1    1    1    1    1    1    0    1    1    1    1    1    0    1    0    1    0    0    1    1    1    1    1    1    1    1    1    1    1    1    0    0    0    1    0    1    1    0    1    1    1    1    1    1    1    1    0    1    1    0    1    1    0    1    1    1    1    1    1    1    1    1    1    0    0    1    0    0    1    0    1    0    1    1    1    0    0    0    1    1    1    1    1    1    0    1    0    0    1    1    1    0    1    1    0    1    1    0    0    0    0    1    0    1    0    1    0    1    0    0    0    0    0    1    0    0    1    1    1    1    1    1    1    1    1    1    1    0    1    1    1    1    0    1    1    0    0    0    1    1    0    0    0    1    0    1    1    0    0    1    1    1    1    1    0    1    0    1    0    0    1    0    0    1    
50    0.150053    0.0710322    1    1    0    0    1    0    1    1    0    1    1    0    0    0    1    0    0    0    1    1    0    0    1    0    1    1    1    1    1    0    1    1    1    0    1    0    1    1    0    0    1    1    1    1    0    1    0    0    1    0    0    0    1    0    1    1    1    0    1    0    1    1    1    1    1    0    0    0    0    0    0    0    1    1    1    1    1    1    0    0    0    1    1    1    1    0    0    1    1    1    1    1    0    1    0    1    1    1    1    1    0    1    0    0    1    0    0    0    0    1    0    1    1    0    1    0    0    0    0    1    0    0    0    0    0    0    1    1    1    0    0    0    0    1    0    0    0    1    0    0    0    0    0    0    1    0    1    1    0    0    0    1    1    0    1    1    0    1    0    1    1    0    0    1    0    1    1    0    0    1    0    0    1    0    1    0    0    0    0    0    0    0    1    0    0    0    1    0    0    1    0    0    0    1    1    0    0    0    0    1    
50    0.94206    0.907202    1    1    0    0    0    1    1    1    1    1    1    1    1    1    1    1    1    1    1    1    1    1    0    1    1    1    1    1    1    1    1    1    1    1    1    1    1    1    1    0    1    1    1    1    1    1    1    1    1    0    1    1    1    1    1    1    1    1    1    1    1    0    0    0    1    1    1    1    0    1    1    1    1    1    1    1    1    1    1    1    1    0    1    1    1    1    1    1    1    1    1    1    1    1    1    1    0    1    1    1    0    0    0    0    0    0    1    1    0    1    1    1    0    1    0    1    0    1    0    0    0    1    0    1    1    0    0    1    0    0    0    0    0    1    1    1    0    0    0    1    0    1    1    0    0    1    0    0    0    1    1    1    1    0    0    0    1    0    1    1    0    0    1    0    0    1    0    0    0    0    0    1    1    0    1    1    0    0    1    1    0    0    0    1    0    0    0    0    0    0    0    0    0    1    1    0    0    0    1    1    
50    0.761503    0.00712062    1    0    1    1    0    1    0    1    1    1    1    1    1    0    1    0    1    1    1    1    1    1    1    1    1    1    1    1    0    1    1    1    1    1    1    1    1    1    1    0    1    1    1    1    1    0    1    1    0    0    1    1    0    1    1    1    0    1    1    1    1    0    1    0    0    1    1    1    0    1    1    1    1    0    1    1    1    1    1    0    0    1    1    1    1    1    1    1    1    1    0    1    1    1    0    1    1    0    1    1    1    1    0    1    1    0    0    0    0    1    1    0    0    1    0    1    0    1    0    0    0    0    1    1    1    0    0    0    0    1    1    0    1    1    0    0    0    1    0    0    0    1    0    1    1    0    1    0    0    1    0    0    1    0    0    0    0    0    0    0    1    1    0    1    0    0    1    0    0    1    0    0    1    0    0    1    1    1    0    1    0    0    1    0    1    0    1    0    0    0    0    1    1    0    0    0    1    1    1    1    
50    0.887126    0.728317    1    1    1    1    1    1    0    1    1    1    1    1    0    0    1    1    1    1    1    1    1    1    1    1    1    1    1    1    1    1    0    1    1    1    1    1    1    1    1    1    1    1    1    1    1    1    1    1    1    1    1    1    1    1    1    1    1    1    1    1    1    1    1    0    0    1    1    1    1    0    0    0    1    1    1    1    1    1    1    1    1    1    1    1    1    1    1    1    1    1    1    1    1    1    1    1    1    1    1    1    0    1    1    0    1    0    0    0    1    0    0    1    0    0    1    1    0    0    0    0    0    0    0    0    1    0    0    0    0    1    1    1    1    1    0    1    1    1    1    1    0    1    0    0    1    1    0    0    1    0    1    1    0    0    0    0    0    1    1    0    0    0    0    0    0    0    0    1    0    0    1    1    0    0    0    0    0    1    0    0    0    1    1    0    0    1    1    1    0    0    0    0    1    0    0    1    1    1    1    0    
50    0.219917    0.532572    0    0    1    1    0    0    0    1    1    1    1    1    0    1    0    1    0    1    0    0    0    0    1    0    1    1    1    0    1    1    0    1    1    1    1    1    1    1    1    1    0    0    1    1    0    1    1    1    0    0    1    1    1    1    0    1    1    1    0    1    1    1    1    0    0    0    0    1    0    1    1    1    0    1    0    1    0    0    1    1    1    0    1    0    1    0    1    1    0    0    1    0    0    0    1    1    0    1    0    0    0    1    1    1    0    0    0    0    0    0    0    0    0    0    0    0    0    1    0    0    0    0    1    1    0    1    1    0    0    1    1    1    0    0    0    0    0    0    0    0    0    0    1    0    1    1    0    1    1    0    0    1    1    0    0    0    1    0    1    1    1    0    1    1    1    1    0    0    0    1    0    0    0    0    0    1    0    0    1    1    0    0    1    0    0    1    0    1    0    0    1    0    0    1    0    0    0    1    1    1    
50    0.378522    0.6728    1    1    1    0    1    1    0    1    1    1    1    0    1    0    0    1    1    1    1    1    1    1    1    0    1    1    1    0    1    1    1    0    0    1    0    1    0    1    1    1    1    1    1    1    1    1    1    1    0    0    1    1    0    1    0    1    0    1    1    1    1    1    1    0    1    0    1    1    1    0    1    0    1    0    1    1    1    1    1    1    1    1    1    1    0    1    1    0    0    1    1    0    0    0    1    1    1    0    0    1    0    1    0    1    0    0    0    1    1    0    0    0    1    0    1    1    1    0    1    0    1    1    1    1    1    1    1    0    0    0    1    1    0    0    0    1    0    1    0    1    1    1    1    0    1    1    1    0    0    1    0    0    1    0    0    0    1    0    1    1    1    1    1    0    1    0    0    0    0    0    1    1    1    1    1    0    0    1    1    0    0    0    1    0    0    0    0    1    1    0    0    0    0    0    1    0    0    1    0    0    
50    0.919351    0.884374    0    1    1    1    1    0    0    1    1    1    1    1    1    1    1    1    1    1    1    1    1    1    0    1    1    1    1    1    1    1    1    1    1    1    1    1    1    1    1    0    1    1    1    1    1    1    1    1    0    1    0    1    1    1    1    0    1    1    1    1    1    1    1    1    1    0    1    1    1    0    1    1    1    1    1    1    1    1    1    0    1    1    1    1    0    1    1    1    1    1    1    1    0    1    0    1    1    1    1    1    0    0    1    0    0    1    1    1    1    1    1    1    0    0    0    0    1    0    1    0    1    0    0    0    0    1    1    0    0    0    1    1    0    0    0    0    1    1    1    0    1    1    0    1    0    1    1    0    1    1    0    1    0    0    0    0    0    0    0    0    0    0    0    0    1    0    1    0    0    1    0    0    0    1    1    0    1    0    0    1    1    0    1    0    1    1    0    1    0    0    0    0    1    0    0    0    1    1    0    1    
50    0.845106    0.373084    1    1    0    1    1    1    1    1    1    0    0    1    1    1    0    1    1    1    1    0    1    1    1    0    1    1    1    1    0    1    1    1    1    0    0    1    1    1    1    1    0    1    1    1    0    1    1    0    0    1    1    1    1    0    1    1    0    0    1    0    1    1    1    0    0    1    1    1    1    1    1    1    1    1    1    1    0    1    1    0    1    1    1    1    1    1    1    1    1    1    0    0    0    0    1    1    0    1    0    1    1    0    1    0    1    1    0    0    0    1    1    0    0    1    0    0    1    1    1    0    0    1    0    0    0    0    0    0    0    0    0    1    0    0    0    0    0    0    1    0    0    1    1    0    1    0    0    1    1    0    1    0    1    0    0    0    0    1    0    0    1    1    1    0    1    0    1    0    1    1    0    1    0    1    0    0    1    1    0    1    0    0    0    1    1    1    0    0    0    0    0    0    1    0    0    0    1    0    0    1    
50    0.896843    0.433088    1    1    0    1    0    0    1    1    0    1    1    1    0    1    1    1    1    0    1    1    1    1    0    0    1    1    1    1    1    1    1    1    1    0    1    1    1    1    1    1    0    1    1    1    0    1    1    1    1    1    0    1    1    0    0    0    1    1    1    0    1    1    1    1    1    1    0    1    1    1    0    0    1    0    1    1    1    1    1    1    0    0    1    1    1    0    1    0    1    0    0    0    0    0    0    1    1    1    1    1    0    0    0    0    0    0    1    0    1    1    1    1    0    0    0    0    0    1    1    1    0    1    0    0    0    0    0    1    1    0    1    0    1    1    0    0    0    1    0    1    0    0    1    0    1    0    1    0    0    1    0    1    1    0    1    0    0    1    1    1    0    0    1    0    1    0    0    1    0    0    0    0    1    0    0    0    0    0    0    1    1    1    0    1    1    0    1    1    0    0    1    1    0    0    1    1    0    0    1    1    
50    0.463285    0.710429    1    1    1    1    0    1    1    1    1    0    1    1    1    0    0    1    1    0    1    1    1    1    0    1    1    1    1    1    1    0    1    0    1    1    1    0    0    0    1    1    1    0    1    0    1    1    1    1    1    0    1    1    0    0    1    1    1    0    0    0    0    1    1    1    1    0    0    1    0    0    1    0    0    1    1    1    1    1    1    1    0    0    0    1    0    0    1    1    1    1    1    1    1    0    0    0    1    1    0    1    1    1    0    1    0    0    0    0    0    1    0    1    1    1    0    0    1    0    1    1    0    0    0    1    0    0    0    0    1    1    1    0    0    0    0    0    0    0    1    1    1    0    1    0    0    0    0    1    0    0    1    0    0    0    1    1    0    1    1    0    0    1    0    0    0    0    0    1    0    0    1    0    1    1    1    0    1    1    0    0    0    0    0    1    0    1    0    0    1    0    0    1    1    1    1    0    0    0    1    0    
50    0.628222    0.486995    1    1    1    0    1    1    1    0    0    1    1    1    1    1    1    1    1    1    1    1    1    1    0    1    0    1    0    1    1    1    1    0    1    1    0    1    0    1    0    1    0    1    1    1    1    0    1    1    1    1    1    0    1    1    1    0    1    1    1    0    1    1    1    1    1    1    1    1    0    0    1    1    0    0    0    0    0    0    1    1    1    1    0    0    0    1    1    1    0    1    1    1    1    1    0    1    1    1    1    0    0    0    0    0    0    0    0    0    0    1    1    0    0    0    1    0    0    0    0    0    0    1    0    0    0    0    1    0    0    1    0    1    0    0    0    1    0    0    1    0    0    0    1    0    1    1    1    1    1    0    1    1    0    0    1    0    0    0    0    0    0    1    1    1    0    0    1    0    1    0    1    1    1    0    0    1    1    0    0    0    0    0    0    0    1    0    1    1    0    1    0    0    0    0    0    1    0    1    0    0    
50    0.646073    0.946131    1    1    1    0    1    0    1    1    1    1    1    1    1    1    1    0    1    0    1    0    0    1    0    1    1    1    0    1    1    1    1    1    1    1    1    1    1    1    1    1    1    0    1    1    1    1    0    1    1    0    1    1    1    1    1    0    1    0    0    1    1    0    1    1    1    1    0    1    1    0    1    0    0    0    1    0    1    1    1    1    1    0    0    1    1    1    1    1    0    1    0    1    0    1    1    1    1    0    1    1    1    1    0    0    1    0    1    0    0    1    0    1    1    0    0    0    1    1    1    0    0    0    0    0    1    1    0    0    0    1    0    0    1    0    1    0    0    0    0    0    0    0    0    1    0    0    0    0    0    1    1    0    1    1    1    0    1    1    1    0    0    1    0    0    0    1    0    0    1    0    0    0    0    0    0    0    0    0    0    1    1    0    0    0    1    1    0    1    0    0    1    0    0    1    1    0    0    0    0    0    
50    0.9328    0.712683    1    1    1    1    1    1    1    1    0    1    1    0    1    1    1    1    1    1    1    1    1    1    1    1    1    1    1    1    1    1    1    1    0    1    1    1    1    1    0    1    1    1    1    1    1    1    1    1    1    1    1    1    1    1    1    1    1    1    1    1    1    1    1    1    1    1    1    1    0    1    0    1    0    1    1    1    1    1    1    1    1    1    1    1    1    0    0    1    1    1    1    1    1    1    1    1    1    1    1    1    0    0    0    1    0    1    1    1    1    0    0    1    1    1    1    0    1    1    1    1    0    0    1    0    0    0    0    0    0    0    1    0    0    0    1    1    1    0    0    1    1    0    0    0    0    1    0    1    1    0    1    0    0    0    1    1    1    1    0    0    0    1    0    0    0    0    0    0    1    0    1    1    0    1    1    0    1    0    1    1    0    0    1    0    0    1    0    1    1    1    1    0    0    0    1    0    0    1    1    1    
50    0.769741    0.302899    0    1    1    1    1    0    1    1    0    1    1    0    0    1    1    0    1    1    1    0    1    1    0    1    1    1    0    1    1    0    1    1    1    0    1    0    1    0    1    0    1    0    1    1    1    1    1    1    0    0    1    0    1    0    1    1    1    1    0    1    0    1    0    1    0    1    0    0    1    1    1    1    1    0    0    1    1    1    1    1    1    1    1    0    0    1    1    1    1    1    0    0    0    0    1    1    0    0    0    0    0    1    1    0    0    1    0    1    1    0    1    0    0    0    1    0    0    1    0    1    0    0    0    0    0    1    1    0    0    0    0    0    0    1    0    0    0    1    0    0    0    0    1    0    1    0    1    0    0    1    1    0    1    1    0    1    1    0    0    1    0    0    1    1    0    1    0    0    0    0    1    0    1    1    0    0    1    1    1    0    0    1    0    0    0    1    1    0    1    0    0    1    0    0    1    0    1    0    1    0    
50    0.815812    0.545764    1    1    1    1    1    1    1    1    0    1    1    1    1    1    0    0    1    0    1    1    1    1    1    1    1    1    0    0    1    0    1    0    1    1    1    1    1    0    1    1    1    1    1    0    1    1    1    0    1    1    1    1    0    0    1    0    1    1    1    0    0    0    1    1    1    1    1    1    1    1    1    0    1    1    1    1    1    1    0    1    1    1    1    1    0    1    1    1    1    1    1    0    1    1    1    1    1    1    1    1    1    0    1    0    1    1    1    0    1    0    0    0    0    0    0    0    0    0    0    0    1    0    0    0    1    1    1    0    0    0    0    1    0    1    0    0    0    1    1    0    0    1    1    1    1    1    0    0    0    0    1    0    1    1    0    0    0    0    0    1    0    0    0    0    0    0    0    0    1    1    1    0    1    0    1    1    1    0    1    0    0    1    0    0    1    0    0    1    0    0    0    0    0    0    1    0    0    0    0    0    
50    0.715545    0.71976    1    1    1    1    1    1    1    0    1    0    1    1    1    1    1    1    1    1    1    1    1    1    1    1    1    1    1    1    1    1    0    1    1    1    1    1    0    1    0    1    1    0    1    0    1    1    1    1    0    1    1    1    1    1    1    1    1    1    0    1    1    1    0    1    1    0    1    0    1    0    1    0    1    1    0    1    1    1    1    1    1    1    1    1    1    1    1    1    1    1    0    1    0    1    0    1    1    1    1    1    0    0    0    0    0    1    1    1    1    0    0    1    0    0    0    0    0    0    0    1    1    0    0    0    0    0    1    1    1    1    0    1    0    0    0    1    1    0    1    0    0    0    0    0    1    1    1    1    0    0    0    1    1    1    0    1    1    0    0    0    0    1    1    1    0    1    1    1    0    0    0    1    0    0    0    0    1    0    0    0    1    0    0    1    1    1    0    0    0    0    1    1    1    0    1    1    0    1    1    1    
50    0.226692    0.72036    1    0    1    1    0    1    0    1    1    1    0    1    0    1    1    0    1    0    0    1    0    1    1    0    0    1    1    1    0    1    1    0    1    1    1    1    1    0    0    0    1    0    1    1    1    0    0    1    0    1    0    0    0    1    1    1    0    1    1    1    1    1    1    1    0    0    1    1    0    1    0    0    1    0    1    0    1    0    0    1    1    0    1    1    0    1    0    0    1    1    0    0    1    1    0    1    0    1    1    0    0    1    0    1    0    1    0    1    0    0    1    1    1    0    0    1    1    0    0    0    0    1    0    1    0    1    1    0    0    0    0    1    0    1    1    0    0    0    0    1    0    1    1    0    0    1    1    1    0    0    0    0    0    0    0    0    1    0    0    0    1    0    0    0    0    0    1    1    1    1    0    0    0    0    0    0    0    0    0    0    0    1    0    1    1    0    0    0    1    0    1    0    0    0    1    0    0    1    0    1    
50    0.470512    0.876547    1    1    1    0    0    1    1    0    1    1    1    0    0    0    0    1    1    0    1    1    0    1    1    1    0    1    1    0    1    1    1    1    1    0    1    1    0    0    0    0    0    0    1    0    1    1    1    1    1    0    0    1    0    1    1    1    1    0    1    1    0    1    1    1    1    1    1    1    1    0    0    1    0    1    0    0    0    1    0    1    1    1    1    0    0    0    1    1    1    1    0    0    1    0    1    0    0    1    0    0    0    1    0    0    0    0    0    1    1    0    0    1    0    0    0    1    0    0    1    1    1    1    0    0    0    0    1    1    0    0    1    1    0    0    0    0    1    0    1    0    0    0    0    0    1    1    0    1    0    1    1    1    1    0    0    0    0    0    0    0    0    1    1    0    1    0    1    1    0    0    0    1    0    0    0    0    0    0    1    0    1    1    0    1    0    1    0    1    0    1    1    1    1    0    1    1    0    1    0    0    
50    0.946858    0.523075    0    1    0    0    1    0    1    1    1    1    0    1    1    1    1    1    1    1    1    1    1    1    1    1    0    1    1    1    0    0    1    0    0    1    1    0    0    0    1    1    1    1    1    1    1    0    1    1    0    1    1    1    1    1    1    1    0    0    1    1    0    1    1    1    1    0    1    1    1    0    1    0    1    1    1    0    1    1    1    0    1    1    1    1    1    1    1    1    1    1    1    1    1    1    1    1    1    1    1    1    0    0    0    0    0    1    1    0    0    1    1    0    0    1    0    1    1    0    1    1    0    0    0    0    1    0    1    0    0    0    0    0    1    0    0    0    0    0    0    1    0    1    0    0    1    1    0    0    0    0    0    0    0    1    1    0    0    1    0    1    0    0    0    1    1    1    1    1    0    1    0    0    0    0    1    0    1    0    0    1    1    1    1    0    1    0    1    0    1    0    0    0    0    1    0    1    1    0    1    1    
50    0.0217375    0.69242    1    0    0    1    1    1    1    1    1    1    1    1    1    1    1    1    1    1    1    1    1    1    1    1    1    1    1    1    0    1    1    0    1    1    1    1    1    1    1    1    1    1    1    1    1    1    1    1    1    1    1    0    1    1    1    0    0    1    1    1    1    1    1    0    1    1    1    0    1    1    1    1    0    1    1    1    1    1    1    0    1    1    1    1    1    0    1    1    1    1    1    1    1    1    1    1    1    1    1    0    1    0    0    0    0    0    0    0    0    0    0    0    0    1    0    1    0    1    0    1    1    1    1    0    0    0    1    0    1    0    0    1    1    0    0    0    1    1    0    1    0    0    1    0    1    0    1    1    0    0    1    0    1    0    1    1    1    1    0    1    1    0    1    0    1    0    1    0    1    1    1    1    1    1    1    1    0    0    1    1    0    0    1    0    0    1    1    0    1    0    0    1    0    0    1    0    1    0    1    0    
50    0.113862    0.273255    1    1    1    0    0    1    1    1    0    1    0    1    1    1    1    1    1    0    1    1    1    0    1    0    1    0    0    1    1    1    1    1    1    1    0    1    1    1    1    1    1    1    1    0    0    1    0    1    1    1    1    1    0    1    1    0    0    1    1    1    1    0    0    1    1    0    1    0    1    0    1    1    0    1    1    1    1    0    1    0    1    1    1    1    1    1    1    0    1    1    0    1    0    1    0    1    1    1    0    0    1    1    0    0    1    0    1    1    1    1    0    1    0    1    0    0    1    1    0    1    1    0    0    0    0    1    0    0    0    0    0    0    0    1    1    0    0    0    0    0    1    1    0    0    0    1    0    0    0    0    0    1    0    0    0    1    0    0    1    0    1    0    1    1    1    1    0    0    1    1    0    1    1    0    0    1    0    0    1    1    0    0    0    0    0    0    0    1    1    0    1    0    0    0    1    0    0    1    0    1    
50    0.560778    0.727743    1    0    1    0    0    1    0    0    1    1    1    1    1    1    0    0    1    0    0    1    1    0    1    0    0    1    1    1    1    1    0    0    0    1    1    1    1    0    1    1    1    1    1    1    0    1    1    1    1    1    1    1    0    0    1    0    0    1    0    1    1    1    0    0    1    1    1    1    0    1    1    0    1    1    1    1    1    0    1    1    1    1    0    0    0    1    1    0    1    1    1    0    0    0    1    0    1    0    1    1    0    0    1    0    0    1    0    0    1    1    1    1    0    1    1    0    0    0    0    0    1    0    0    0    0    0    0    0    0    0    1    0    1    0    1    0    1    1    0    1    0    0    1    1    0    0    1    0    0    1    0    1    1    0    0    0    0    0    1    0    0    0    0    0    0    1    1    1    0    1    1    0    0    1    1    0    0    0    1    1    0    1    0    1    0    0    1    1    0    0    1    1    1    0    0    1    0    0    0    1    
50    0.245702    0.319037    0    1    1    1    0    0    1    1    1    0    1    1    1    0    1    0    1    1    1    0    1    1    1    1    0    1    1    0    1    0    1    0    1    0    1    0    1    0    0    1    1    1    1    1    0    0    0    1    1    1    1    1    1    1    0    1    1    1    0    1    1    0    1    0    1    1    0    1    1    0    0    1    1    0    0    0    1    1    0    1    0    0    0    0    1    1    1    1    1    1    1    1    0    0    1    0    1    1    0    0    0    0    1    1    0    1    0    0    1    1    0    0    1    1    0    0    0    0    0    1    1    1    0    1    1    0    1    1    0    1    0    0    1    1    0    1    1    1    1    1    1    1    0    0    1    1    0    1    0    0    1    0    1    1    0    0    1    1    1    0    1    0    0    0    0    1    0    1    1    1    0    0    0    1    0    0    1    1    0    0    1    0    1    1    0    0    0    0    0    1    1    0    1    1    1    0    0    1    0    0    
50    0.997933    0.824003    1    1    0    0    1    0    1    0    1    1    1    0    1    0    1    1    1    1    1    1    1    1    1    0    1    0    1    1    1    1    1    1    1    1    1    1    0    1    1    1    1    1    0    1    0    1    1    1    1    1    1    1    1    0    0    1    0    1    1    1    1    0    1    0    0    1    1    1    0    1    1    1    1    1    1    1    1    1    1    1    1    1    0    1    1    1    1    1    1    1    1    1    1    0    1    1    1    1    1    1    1    1    1    1    0    0    1    0    0    0    1    1    1    1    0    0    0    0    1    0    0    1    1    1    1    0    0    1    1    1    0    0    0    0    0    0    1    1    0    0    0    0    0    0    0    1    0    0    1    0    0    0    0    0    0    1    0    1    0    1    0    1    0    0    0    1    0    1    1    0    1    0    0    1    0    0    0    0    1    1    0    1    0    1    0    0    1    1    0    1    0    0    0    0    0    1    0    1    0    0    
50    0.214464    0.869094    0    0    0    1    1    1    0    0    1    1    1    0    0    0    0    1    0    1    1    1    1    1    1    0    1    0    0    1    0    0    0    0    1    1    1    0    1    0    0    0    0    0    0    1    0    1    0    0    1    1    0    0    1    0    1    1    0    1    1    0    0    1    0    1    1    0    1    0    0    0    0    1    1    1    1    0    0    0    0    1    0    0    0    1    0    0    0    1    0    1    0    0    0    0    0    0    1    1    1    0    0    0    0    0    0    0    0    1    0    1    0    1    0    1    0    0    0    0    0    0    0    1    0    0    0    1    0    0    0    0    0    0    0    0    0    0    1    0    0    0    0    0    1    0    0    1    0    0    0    0    0    0    1    1    1    0    1    0    1    1    0    0    0    1    1    0    0    1    0    0    0    0    1    0    0    0    1    0    1    0    0    0    0    0    1    0    0    0    1    0    1    1    1    0    0    1    0    0    0    1    
50    0.838293    0.648858    1    1    1    1    1    1    0    0    1    1    1    1    1    1    1    0    1    1    1    1    1    1    1    1    1    1    1    1    1    1    1    1    1    0    1    1    0    0    1    1    1    1    0    1    1    1    1    1    1    1    1    1    0    1    1    1    1    1    0    0    1    1    1    1    1    1    1    1    0    1    1    1    0    1    1    1    1    1    0    1    1    1    0    1    1    1    1    1    1    1    1    1    1    1    1    1    1    0    1    1    0    1    1    0    0    0    1    0    0    0    0    0    1    0    1    1    1    1    0    0    1    1    1    0    1    0    0    1    1    0    0    1    1    1    1    0    1    1    1    1    0    0    0    1    0    1    1    0    1    1    0    0    0    0    1    0    0    1    0    0    0    1    1    0    0    1    0    0    1    0    1    0    0    0    0    1    1    1    0    1    1    0    0    0    0    0    0    0    0    1    0    1    0    0    0    0    1    0    0    0    
50    0.588794    0.17368    0    0    0    1    0    1    1    1    1    1    1    1    1    1    0    0    0    1    1    1    0    1    1    0    1    1    0    0    0    0    1    1    0    1    1    1    1    1    0    1    1    1    1    1    1    1    0    0    0    1    0    0    1    1    1    0    0    1    0    1    1    1    0    0    0    1    0    1    0    0    0    1    1    1    1    1    1    1    1    1    1    1    1    1    0    1    1    0    1    1    1    0    1    1    1    0    1    1    1    1    0    1    0    1    0    0    1    0    0    1    0    0    1    0    1    1    1    0    0    0    0    0    1    0    0    0    0    0    0    1    0    1    0    1    1    1    0    1    1    0    1    1    1    0    0    0    0    1    0    0    0    0    1    0    0    1    1    0    1    1    0    0    0    1    0    0    1    0    1    1    1    1    0    0    0    0    0    1    0    0    1    1    1    0    1    0    0    0    0    0    1    1    0    0    0    1    0    0    0    0    
50    0.488378    0.0732692    0    1    0    0    0    1    1    1    1    0    0    0    1    1    0    0    1    0    1    1    1    1    0    1    0    0    1    1    1    1    0    1    1    1    0    1    1    0    1    1    1    0    0    1    1    1    0    0    0    1    1    1    0    1    0    0    0    1    0    1    0    1    1    0    0    1    1    1    0    1    0    1    0    1    1    1    1    0    1    0    1    1    0    0    1    1    1    1    1    1    1    1    0    0    0    0    1    0    0    0    0    0    1    0    1    1    0    1    0    1    1    0    1    1    0    1    0    1    0    0    0    1    0    1    1    0    1    0    0    0    0    0    0    1    1    0    0    0    1    1    1    0    0    0    0    0    0    0    0    0    0    0    1    0    0    1    0    1    0    1    0    1    0    1    0    1    0    0    0    1    0    0    0    0    1    0    0    0    1    0    1    0    1    0    0    0    1    1    1    1    0    0    0    1    1    0    0    1    0    1    
50    0.501673    0.575412    1    1    1    0    1    1    1    1    1    1    1    1    1    0    1    0    0    0    1    1    0    1    1    0    0    0    1    0    0    0    1    1    1    0    1    1    1    1    1    1    1    1    1    1    0    1    0    1    0    0    1    1    1    1    1    0    1    1    1    0    0    1    0    0    1    0    1    0    1    0    1    0    1    1    0    1    0    0    1    0    1    1    1    1    0    1    1    1    1    1    0    1    1    1    1    1    1    1    0    0    1    1    0    0    0    1    1    0    1    0    0    1    0    1    1    1    1    0    1    1    0    1    1    1    1    0    1    0    1    0    0    1    1    0    1    1    1    1    1    1    1    0    0    1    0    0    1    1    0    1    0    0    1    1    1    0    0    1    0    1    0    1    1    1    0    0    0    1    0    0    1    1    0    1    0    1    0    1    1    1    1    0    1    0    0    1    0    0    0    0    1    0    1    1    0    1    1    0    0    1    
50    0.767823    0.771475    0    1    0    1    1    1    1    1    1    1    1    1    1    1    1    1    0    0    1    1    1    1    1    1    1    1    1    1    1    0    1    0    1    1    1    1    0    1    1    1    1    1    1    0    1    1    1    1    1    1    1    1    0    0    1    1    1    1    1    1    1    1    1    1    1    1    1    0    0    1    1    0    1    1    1    1    1    1    1    1    1    1    1    1    1    1    1    1    1    1    1    1    1    1    0    0    1    1    0    1    0    1    1    0    1    0    1    1    0    1    1    1    0    0    0    1    1    0    0    0    0    0    1    1    0    0    0    0    1    1    0    1    0    1    1    1    0    0    0    1    1    0    0    0    0    1    0    1    1    0    1    1    0    1    1    0    0    0    0    1    0    1    1    0    1    0    0    0    1    1    0    1    1    0    0    1    0    0    0    1    0    0    0    1    0    1    1    1    1    0    0    0    1    0    1    0    1    0    0    1    
50    0.933873    0.693903    0    1    1    1    1    0    1    1    1    1    1    0    1    1    1    1    0    0    1    1    1    1    1    0    1    1    1    1    1    1    1    1    1    1    1    1    1    1    0    1    1    1    1    1    0    0    1    1    1    1    1    0    1    0    1    1    1    1    1    1    0    1    1    0    1    1    1    1    0    1    0    1    1    1    1    1    0    1    1    1    1    1    1    0    0    1    1    1    1    1    1    1    1    1    0    1    0    1    1    0    1    0    0    1    0    0    1    0    0    0    1    1    1    0    1    0    1    0    1    1    0    0    0    1    1    0    1    0    1    0    0    0    0    1    1    1    0    0    1    1    0    1    0    0    0    1    0    1    0    1    1    0    1    0    0    0    1    1    1    0    1    1    0    1    1    0    1    0    0    1    0    0    0    0    1    1    0    1    1    0    0    1    1    0    1    1    0    0    1    1    1    0    0    0    0    0    0    1    0    0    
50    0.488628    0.216337    1    0    1    0    0    0    1    0    1    0    1    1    0    1    1    0    1    1    0    0    1    0    1    1    0    0    0    0    1    1    0    1    1    0    0    0    1    1    1    1    1    0    1    1    1    1    1    1    1    0    1    0    1    0    0    1    1    1    1    1    1    0    0    1    0    0    0    0    0    1    0    0    1    1    1    0    1    0    1    1    0    1    0    1    0    0    0    1    1    1    0    1    0    0    0    0    0    0    0    0    1    0    0    1    0    0    1    1    0    0    1    1    0    0    0    1    0    0    1    0    0    0    0    1    1    0    0    0    0    0    0    1    1    1    0    1    0    0    0    1    0    0    0    1    1    1    0    1    0    1    0    1    0    0    1    1    1    0    0    1    1    0    0    0    0    0    1    0    1    1    1    0    0    0    1    0    1    0    1    1    0    0    0    1    0    0    0    0    0    0    0    0    1    0    1    1    0    1    0    0    
50    0.790128    0.571659    1    0    1    1    1    1    1    0    1    1    1    1    1    0    1    1    1    1    1    1    1    1    1    1    0    1    1    1    0    1    1    1    1    1    1    1    1    0    1    1    1    1    1    1    0    1    1    1    0    0    1    1    1    1    0    1    1    1    0    0    1    1    1    1    0    1    0    1    0    0    0    1    1    1    1    1    1    1    0    1    1    0    1    1    1    1    0    1    1    0    1    1    1    1    1    1    1    1    1    1    0    0    0    0    1    0    1    1    0    1    0    1    0    0    0    0    1    0    0    0    0    0    0    0    1    1    1    0    0    1    0    1    0    1    1    0    1    1    0    0    1    0    1    0    1    1    0    1    1    1    1    0    0    0    0    0    1    0    0    0    1    0    0    0    1    1    1    1    0    0    0    0    0    0    0    0    0    1    0    1    1    0    0    1    0    0    0    0    0    0    1    0    1    1    0    0    0    1    1    0    
50    0.851547    0.670152    1    0    1    1    1    1    1    1    1    1    1    1    1    1    1    0    1    1    1    1    0    1    0    1    1    0    1    1    1    1    0    1    1    0    1    1    1    0    1    1    0    1    1    1    1    1    1    0    1    1    1    1    0    1    1    1    1    1    1    1    1    1    1    1    1    1    1    1    0    1    1    1    1    1    1    1    1    1    1    1    1    1    1    0    1    1    1    1    1    1    1    1    1    1    1    1    1    1    1    0    0    1    1    1    0    0    1    0    0    1    1    1    1    1    0    0    0    0    0    0    1    0    0    1    1    0    0    0    0    0    0    0    1    1    1    0    0    1    0    1    0    0    0    0    0    0    0    0    1    0    0    1    1    1    1    0    1    0    0    0    0    0    1    1    0    0    0    0    0    1    1    0    1    0    0    0    1    0    0    0    0    1    1    1    1    1    1    0    1    1    1    1    0    0    0    0    1    0    1    0    
50    0.993265    0.403382    1    1    0    0    1    1    1    1    1    1    1    1    1    1    0    1    1    1    0    0    1    1    0    1    1    1    1    1    1    1    1    0    0    0    1    0    1    1    1    1    1    1    1    1    1    1    1    1    1    1    0    1    1    0    1    0    0    1    1    0    0    1    1    1    1    0    1    0    0    1    1    1    1    1    1    1    1    1    0    1    1    0    1    0    1    1    1    1    0    0    1    1    1    1    1    1    0    1    1    1    0    1    0    1    1    1    1    1    0    1    1    1    0    1    0    0    0    0    1    0    1    0    0    0    1    0    1    1    0    0    1    0    0    1    0    1    0    1    1    0    1    1    1    0    0    1    1    1    1    1    0    0    0    1    1    1    1    0    1    0    0    0    0    1    0    0    0    1    1    1    0    1    1    1    0    1    1    1    0    0    1    1    1    0    1    1    1    0    1    0    0    0    1    0    0    0    1    0    0    1    
50    0.993046    0.215534    0    1    1    1    1    0    1    1    0    1    0    1    1    1    1    1    1    0    1    1    1    0    1    0    0    0    0    1    1    1    1    0    0    1    1    0    1    0    1    0    0    1    1    1    0    1    1    1    0    1    0    1    0    1    0    1    1    0    1    0    0    1    1    1    1    1    0    0    0    1    0    0    1    1    1    0    0    1    0    1    0    1    1    0    1    0    1    1    1    1    1    0    0    1    1    1    0    1    1    1    0    1    1    0    0    0    0    1    1    0    0    0    0    0    1    0    0    0    0    0    0    1    0    0    0    0    0    0    0    1    0    0    0    0    0    0    0    1    1    0    1    0    0    1    0    1    0    1    1    0    0    0    1    0    1    1    0    1    0    1    0    1    1    0    0    0    1    0    0    0    0    1    1    1    0    0    1    1    0    0    1    1    0    0    1    0    1    0    0    0    0    0    0    0    0    1    0    0    0    0    
50    0.23389    0.0189828    1    1    1    1    1    0    0    1    0    0    1    0    1    1    1    1    1    0    1    1    0    1    1    1    1    0    0    1    0    0    0    1    1    0    1    0    0    0    0    0    1    0    1    1    0    0    0    1    1    0    1    1    1    0    0    0    0    1    1    0    1    1    0    1    1    1    1    0    0    0    0    1    0    1    1    1    0    0    0    1    1    1    1    0    0    1    0    1    0    1    0    1    0    1    0    1    0    1    0    1    1    0    1    1    0    0    1    0    0    1    0    0    0    1    0    0    0    0    0    0    0    0    0    0    0    0    1    0    1    1    0    0    0    0    0    0    1    0    0    0    1    1    1    1    1    0    1    1    0    0    1    1    0    1    0    0    1    0    0    1    0    1    0    1    1    0    0    1    0    0    0    0    1    0    0    0    0    0    0    0    0    0    0    1    0    0    1    0    0    1    1    0    1    0    0    0    0    1    0    0    
50    0.980613    0.881934    1    1    1    1    1    1    1    1    1    1    0    1    1    1    1    1    1    1    1    1    1    1    1    1    1    1    1    1    1    1    0    1    1    1    1    1    1    1    1    0    1    1    1    1    1    1    0    1    1    1    1    1    0    1    0    1    1    1    1    1    1    1    1    1    1    1    0    1    1    0    1    1    1    1    1    1    1    1    1    1    1    1    1    0    1    1    1    1    0    1    1    1    1    1    0    1    1    1    1    1    1    1    1    1    1    0    0    1    0    1    0    1    1    1    1    1    1    0    0    0    0    0    0    1    1    0    0    0    0    1    0    1    0    0    0    0    1    0    1    0    1    0    0    1    0    1    1    0    1    0    0    1    0    1    1    0    0    0    0    1    0    0    0    1    0    0    0    0    1    0    0    1    1    0    1    0    0    0    0    1    1    1    0    0    1    1    0    0    0    0    1    0    1    1    0    0    0    1    0    0    
50    0.099223    0.670031    0    0    1    1    1    0    1    0    1    1    1    1    1    0    1    1    1    1    0    1    1    1    1    0    1    0    1    1    0    1    1    1    1    1    1    1    0    1    0    1    0    1    0    1    1    1    1    1    0    1    1    1    1    1    1    0    1    0    0    1    0    1    1    1    1    1    1    1    1    1    1    1    1    0    1    1    0    1    0    1    1    1    1    1    1    1    1    1    1    1    0    0    1    1    1    1    0    1    1    1    0    1    0    1    1    0    1    0    1    0    0    0    0    0    0    1    0    0    1    1    1    1    1    1    0    1    1    0    1    1    1    0    1    0    0    1    1    1    1    0    1    0    0    0    1    0    0    0    1    1    0    1    1    0    0    0    0    1    0    1    1    0    1    0    1    1    1    0    1    0    0    1    0    1    0    0    1    0    0    0    1    1    0    1    0    0    0    1    0    0    1    0    0    1    0    0    1    0    0    0    
50    0.6328    0.470871    0    1    0    1    1    1    1    1    1    0    1    1    1    1    0    0    1    0    0    0    1    1    1    1    1    1    1    0    0    1    1    0    1    1    1    1    1    1    1    1    1    1    1    1    0    1    1    1    1    0    1    1    0    1    0    0    0    1    1    1    0    1    1    1    1    1    1    0    0    0    1    1    1    1    1    1    1    0    0    0    0    1    0    0    1    1    1    1    1    1    0    1    1    0    1    0    1    0    0    0    1    1    1    0    1    1    0    0    0    0    1    0    1    0    0    1    1    0    0    1    1    0    0    0    0    0    0    1    1    0    0    0    1    0    0    0    1    1    1    0    0    0    1    1    0    0    0    1    1    0    0    0    1    0    0    0    1    0    0    0    1    0    0    1    0    1    0    1    1    1    0    1    1    0    0    0    1    1    0    0    0    1    1    0    1    1    1    0    0    1    1    0    0    1    0    0    1    0    0    0    
100    0.435978    0.194845    1    0    1    1    0    1    0    1    1    0    0    0    0    1    0    0    1    0    1    1    1    1    0    1    1    0    1    1    0    1    0    0    1    0    0    1    1    1    1    1    1    0    0    0    0    0    0    1    1    0    1    1    1    1    0    1    0    1    1    1    1    1    0    0    0    0    1    1    0    1    1    0    1    0    0    0    0    1    0    0    0    1    0    1    0    1    0    0    1    1    0    1    1    1    1    1    1    1    1    0    0    0    0    1    0    1    1    0    1    0    1    1    0    0    0    0    1    0    1    0    1    0    1    0    0    1    1    0    0    0    0    1    0    0    1    1    0    0    0    0    1    1    1    1    1    0    0    0    0    1    0    0    1    1    0    0    1    0    1    1    0    0    0    0    1    0    1    0    1    0    1    1    0    1    0    1    1    0    1    0    1    0    1    0    1    0    1    1    0    1    1    0    0    0    1    0    1    0    0    0    
100    0.0126843    0.759276    1    0    1    1    1    0    1    0    1    1    1    1    1    1    0    1    0    0    0    1    1    1    0    1    1    1    1    0    1    1    1    1    1    1    1    1    1    1    1    1    1    1    1    1    1    1    0    1    1    1    1    1    1    1    1    1    1    1    1    1    1    0    1    1    1    1    1    0    1    1    1    1    0    1    1    1    1    1    1    0    1    1    1    1    1    1    0    0    1    0    1    1    1    1    1    1    1    1    1    1    0    1    0    0    0    0    1    0    1    0    1    0    1    1    0    1    0    1    1    1    0    0    0    0    0    1    0    1    0    1    0    0    1    1    1    0    1    0    1    0    0    0    0    0    0    0    0    1    1    1    0    0    0    0    0    1    1    0    0    1    0    1    0    1    0    0    1    0    0    0    0    1    0    1    0    0    1    1    1    1    1    1    0    0    1    0    1    0    0    0    1    0    0    1    0    1    0    1    0    0    
100    0.946444    0.419478    1    0    1    1    1    1    0    0    0    1    1    0    1    1    1    0    1    1    1    1    1    1    1    1    0    1    1    1    0    1    1    1    1    1    1    0    0    0    0    1    0    0    1    1    1    1    1    0    1    1    0    0    1    0    1    1    0    1    1    0    1    1    1    1    0    0    1    0    0    1    0    1    1    0    1    1    1    0    1    0    1    1    1    1    1    1    0    1    1    1    1    1    1    1    0    1    0    1    1    1    1    0    0    0    0    0    1    0    0    0    0    1    0    1    0    0    0    1    0    1    0    1    1    0    1    1    0    1    0    1    1    0    0    0    1    1    1    0    0    1    0    0    0    1    1    1    0    1    0    0    0    1    0    1    1    0    1    1    0    0    0    0    1    0    0    0    0    1    0    0    1    0    0    1    0    0    0    1    1    1    1    1    1    0    1    0    0    1    0    0    1    0    1    0    0    1    0    1    1    0    
100    0.747141    0.812825    1    1    1    0    1    1    1    1    1    1    1    0    1    1    1    1    1    1    0    1    1    1    1    0    1    1    1    1    1    1    1    1    0    1    1    1    1    1    1    1    1    1    1    1    1    1    1    1    1    1    1    1    1    0    1    1    1    1    1    0    1    1    1    1    1    1    1    1    0    1    0    1    0    1    1    1    1    1    1    0    1    1    1    1    1    1    1    1    1    0    1    1    1    1    1    1    1    1    1    0    1    0    1    1    0    0    1    0    1    1    1    1    0    0    0    0    0    0    0    1    1    1    0    0    1    0    1    1    0    0    1    1    1    0    0    0    1    0    1    0    1    1    1    1    0    1    0    0    0    0    0    0    1    0    1    0    0    1    0    1    0    0    1    0    1    0    1    0    1    0    0    0    0    0    0    0    1    1    1    0    0    0    1    1    1    1    0    0    0    0    0    0    0    0    1    0    1    1    0    1    
100    0.908904    0.0254441    1    1    1    1    1    0    0    0    0    0    1    1    1    1    1    1    1    1    1    1    1    1    0    1    1    1    0    1    1    1    1    0    1    0    1    0    0    1    0    1    0    1    0    0    1    0    1    0    1    0    1    1    1    1    1    0    0    1    1    1    1    1    1    1    1    0    0    0    1    1    0    1    1    0    1    0    1    1    0    1    1    1    1    1    1    1    1    0    1    0    1    1    0    0    1    1    0    0    1    1    0    0    0    0    0    1    0    0    0    0    0    0    1    0    0    1    1    1    0    0    1    1    1    1    0    0    0    0    1    1    0    0    0    0    0    1    0    1    0    1    0    1    1    0    1    0    1    0    1    0    0    0    0    1    0    0    0    1    0    0    1    1    0    1    0    0    0    0    0    1    1    0    1    1    0    1    0    0    0    1    0    1    0    1    1    0    1    1    0    0    1    1    0    1    0    1    1    0    0    1    
100    0.0201615    0.98745    0    1    1    0    1    1    0    1    0    1    0    1    1    1    1    1    0    1    1    1    1    1    0    1    1    1    1    1    1    1    1    1    1    1    1    1    1    0    1    1    1    0    1    1    1    1    1    1    1    1    0    1    1    1    1    0    0    0    1    0    1    0    1    1    0    1    0    0    1    1    0    1    0    0    1    1    1    1    1    1    1    1    0    1    1    1    1    1    0    1    1    1    0    0    1    1    1    0    1    1    0    0    0    1    0    1    1    1    0    1    0    1    0    0    0    0    0    1    1    1    0    1    1    0    0    0    1    0    1    0    0    0    1    1    0    1    0    0    1    0    0    1    0    0    1    0    0    1    1    0    0    0    0    1    1    0    0    0    0    0    1    0    0    0    1    1    0    0    1    0    1    0    0    1    0    1    0    0    0    0    0    1    1    1    0    1    0    1    1    1    0    0    0    0    1    0    1    1    0    0    
100    0.422406    0.0775298    1    1    1    1    1    1    0    1    1    1    0    1    1    0    1    1    1    1    1    1    1    1    0    1    1    0    1    0    0    1    1    1    1    1    1    0    1    1    0    1    0    1    0    1    1    1    0    1    1    1    1    1    1    1    0    1    0    0    1    1    0    0    0    0    1    0    0    1    0    0    0    0    1    1    0    1    1    1    0    1    1    1    1    0    1    0    1    1    1    1    1    0    0    1    0    0    1    0    0    1    0    0    0    0    0    1    0    0    1    0    0    1    0    1    1    1    0    1    0    0    0    1    1    0    0    1    0    1    1    1    0    0    0    0    0    0    1    0    0    0    0    0    0    0    0    1    0    1    1    0    1    0    0    0    0    1    1    0    1    0    0    0    1    0    0    0    0    1    1    0    1    1    1    0    1    1    0    1    0    1    1    0    1    0    1    0    0    1    1    1    0    0    1    0    0    0    0    1    0    0    
100    0.208702    0.84699    0    0    0    1    1    0    1    1    0    1    0    0    0    0    0    0    1    1    0    0    0    1    0    0    1    0    0    1    1    1    0    1    1    1    1    1    1    0    1    0    1    1    0    0    1    0    1    1    0    1    1    1    0    1    0    1    0    0    0    0    0    0    0    0    1    0    0    0    0    1    0    1    0    1    1    0    0    1    1    0    0    0    1    1    0    1    0    0    1    0    0    1    0    1    1    1    1    1    1    0    0    0    0    0    1    1    0    0    0    0    0    0    1    1    0    1    0    0    0    0    0    0    0    0    0    0    0    0    0    0    0    0    1    1    0    0    0    0    0    0    0    0    0    1    0    0    0    1    0    0    1    0    1    0    1    0    0    0    1    1    0    0    1    0    0    1    1    0    1    0    0    0    0    0    0    1    0    1    0    0    1    0    1    0    1    0    0    1    1    0    0    1    1    0    1    1    1    0    0    0    
100    0.403703    0.577733    1    0    0    1    1    1    0    0    1    0    0    1    0    1    1    0    0    0    0    1    0    0    0    0    0    0    1    1    0    1    0    0    1    1    1    1    1    1    1    1    1    0    0    1    1    0    0    1    1    1    0    0    1    0    1    1    1    0    0    0    1    1    1    1    1    1    1    1    1    1    1    0    1    1    0    0    0    1    1    1    1    0    0    1    1    1    1    1    1    1    1    1    0    1    0    0    1    0    1    1    0    1    1    0    0    1    1    1    0    0    0    0    0    1    1    0    0    1    0    0    0    1    0    0    1    0    1    0    0    0    0    0    1    1    0    0    1    0    0    0    0    1    1    0    1    0    1    0    1    1    0    0    0    0    0    0    1    0    1    0    0    0    0    0    1    1    0    1    1    0    0    1    0    1    0    0    0    1    0    0    1    0    0    1    0    1    0    0    0    0    0    0    1    0    0    0    1    1    0    1    
100    0.329271    0.491835    1    0    1    0    0    1    1    1    1    0    0    0    1    1    1    1    1    1    0    1    1    1    1    1    1    1    1    0    1    1    1    1    1    0    1    1    0    1    0    0    0    1    1    1    0    1    1    0    0    1    1    1    0    0    1    1    0    1    0    0    1    1    0    1    1    1    0    1    1    0    1    1    1    0    1    0    1    1    1    1    0    1    1    1    1    1    1    1    0    1    1    0    1    1    1    1    1    0    0    0    0    0    0    0    0    1    1    1    0    1    0    0    0    1    1    0    0    1    0    0    0    1    0    1    1    0    1    1    0    0    0    1    0    0    0    0    0    0    0    0    0    0    0    0    0    1    1    0    0    1    0    0    1    1    0    1    0    0    0    0    1    1    0    0    0    0    1    1    1    1    0    0    1    1    1    0    0    1    0    1    1    0    0    0    1    1    1    0    0    1    1    0    0    0    0    0    0    1    0    1    
100    0.833315    0.997438    1    1    1    1    1    1    0    0    1    1    1    0    0    0    1    0    1    1    1    1    1    1    1    1    0    1    1    0    1    0    1    1    1    1    1    0    1    0    1    1    1    1    1    0    1    0    1    1    1    1    1    1    1    0    0    1    1    1    1    0    1    1    1    1    1    0    0    1    1    1    0    1    1    1    1    1    1    1    1    0    1    0    0    1    0    1    1    0    1    1    1    1    1    1    1    1    0    1    1    1    0    0    1    0    0    1    1    0    1    1    0    1    1    1    0    0    0    0    0    0    1    0    0    1    0    0    1    1    0    0    1    1    1    0    0    0    0    0    1    1    1    0    1    0    1    1    0    0    0    1    1    0    1    0    0    1    1    1    1    1    0    1    1    0    0    0    1    1    1    0    1    0    1    1    1    0    0    0    0    0    0    0    1    1    0    1    1    1    1    1    0    1    1    0    0    1    1    0    1    0    
100    0.67117    0.663856    1    1    0    0    0    1    0    0    1    1    1    1    0    1    0    0    1    1    1    1    1    1    1    1    1    1    1    0    1    1    0    1    1    1    1    1    1    1    1    1    1    0    1    1    1    1    1    1    1    1    1    1    1    1    0    1    0    1    0    1    0    1    1    1    1    0    1    1    1    1    1    1    1    1    1    1    1    1    0    1    1    1    1    1    0    1    0    1    1    1    1    1    1    1    1    0    1    1    1    1    1    0    1    1    0    1    0    1    1    1    1    1    1    0    0    1    0    0    1    1    1    0    0    0    0    1    1    1    1    1    0    0    1    0    0    1    1    1    1    0    1    0    0    0    0    1    1    0    0    0    0    1    0    0    0    1    1    1    0    1    0    1    1    0    0    0    0    0    0    0    0    1    0    0    0    0    0    1    1    1    0    0    0    0    1    0    1    0    1    1    0    1    0    1    1    0    0    0    1    0    
100    0.246536    0.84371    0    0    1    1    0    0    1    0    1    1    0    0    0    0    1    1    0    1    0    1    0    0    0    1    0    1    0    0    0    0    1    0    0    0    0    0    1    0    0    0    1    1    0    0    0    0    0    0    0    0    1    0    0    1    0    0    0    0    0    0    0    0    1    1    1    0    0    1    0    0    1    0    0    1    0    0    1    1    1    0    0    1    0    0    0    1    0    0    1    0    1    1    0    1    0    1    0    1    0    0    0    0    0    0    1    0    0    0    1    0    0    0    1    1    0    0    0    0    0    0    1    1    0    0    0    1    0    0    0    0    0    1    0    1    0    0    0    0    0    1    1    1    0    0    0    0    0    1    0    0    1    0    0    0    0    1    0    1    0    1    0    0    0    0    1    1    1    1    0    0    0    0    0    0    0    0    0    0    0    0    0    1    0    0    1    0    0    0    0    0    0    0    0    1    1    0    1    0    0    0    
100    0.548466    0.333636    1    1    1    1    0    1    0    0    1    0    0    0    1    0    1    0    1    0    1    0    1    0    0    0    1    0    1    1    0    1    0    1    0    0    1    1    0    1    1    0    1    1    1    1    1    0    1    0    1    0    1    1    1    0    1    1    1    1    1    0    1    0    1    1    1    0    1    1    0    0    1    1    1    1    1    0    1    0    1    1    1    1    1    1    1    1    1    0    1    1    0    1    1    0    1    1    0    0    1    1    1    1    1    0    0    0    0    0    0    1    0    0    0    0    1    0    1    1    1    0    1    0    0    0    1    1    0    0    1    1    0    0    1    0    1    0    0    0    1    0    0    1    0    0    1    1    0    0    1    0    1    0    1    0    0    0    1    0    1    0    0    0    0    0    1    1    0    0    1    0    1    1    0    0    1    0    0    1    0    1    0    0    0    1    1    0    0    0    1    0    0    1    0    0    0    1    0    0    0    0    
100    0.0189658    0.66949    1    0    1    1    1    1    1    1    1    1    1    1    1    1    1    1    1    1    1    1    1    0    0    1    0    1    1    0    1    1    0    0    1    1    1    0    0    1    1    1    1    0    1    1    1    1    1    1    0    1    1    0    1    1    1    1    1    1    1    1    1    1    1    1    0    1    1    1    1    1    1    1    0    1    1    0    1    1    1    1    0    1    1    1    1    1    1    1    1    1    1    1    1    1    0    1    1    1    1    1    1    1    0    0    1    1    0    0    1    0    0    1    0    0    0    1    1    1    0    0    1    0    0    1    0    1    0    0    0    0    1    1    0    0    1    0    0    1    0    0    1    1    0    0    0    1    1    0    0    1    1    0    0    0    1    1    0    1    0    1    0    0    0    1    0    1    1    1    0    1    0    0    1    1    1    0    1    1    0    0    1    0    1    1    1    1    0    0    0    0    0    0    1    0    1    1    1    0    1    0    
100    0.960876    0.676649    1    1    0    1    1    0    1    0    0    1    1    1    1    0    0    1    1    1    1    1    1    1    0    0    1    1    1    0    1    1    1    1    1    0    1    1    1    1    1    1    1    1    1    1    1    1    1    1    1    1    0    1    1    1    1    1    1    0    1    1    1    1    1    1    1    1    1    0    1    1    0    1    0    1    1    1    1    1    1    0    1    1    1    1    1    1    1    1    1    1    0    1    1    1    1    1    1    1    1    0    0    0    1    0    0    1    0    1    1    0    0    1    0    1    0    1    1    0    1    0    0    1    0    0    0    0    0    0    1    1    1    0    1    0    0    0    0    0    0    0    0    1    1    1    0    1    0    1    0    0    1    1    0    0    0    0    1    0    0    1    1    1    1    1    1    0    0    0    1    1    0    1    0    0    1    1    0    0    1    0    1    0    0    1    0    1    1    1    0    1    1    0    1    0    0    0    1    0    0    1    
100    0.11171    0.304583    0    1    1    1    0    1    0    1    0    0    0    1    1    1    1    1    1    0    1    1    1    1    1    1    0    0    1    1    1    0    0    1    1    1    1    0    1    0    0    1    1    1    1    1    1    1    0    0    0    1    1    1    0    1    1    1    0    0    1    1    1    1    0    1    1    1    1    1    1    1    1    1    1    1    1    1    0    1    1    1    1    1    1    0    1    0    0    1    1    1    1    1    1    1    1    1    1    1    0    1    1    0    0    1    1    1    1    0    0    1    0    0    0    1    1    1    0    0    0    0    1    0    1    1    0    0    0    1    1    0    1    1    0    1    0    1    0    0    0    0    0    0    1    0    0    1    0    1    0    0    1    0    0    0    0    1    1    0    0    0    0    1    1    0    0    0    1    0    0    0    1    0    1    1    1    0    1    0    1    0    0    1    0    0    1    0    0    0    0    0    1    1    1    0    0    0    1    0    0    1    
100    0.766141    0.843818    1    0    1    0    0    1    1    1    0    1    1    0    1    1    1    0    1    1    1    1    0    1    1    1    1    1    1    1    1    1    1    1    1    0    1    1    1    1    1    0    1    1    1    0    1    0    1    1    1    1    0    1    1    1    0    0    0    1    0    1    1    0    1    1    1    1    1    0    1    1    1    1    1    1    1    1    1    0    1    1    1    0    0    0    1    0    0    1    1    0    1    1    0    1    0    1    1    1    1    1    0    0    0    0    0    0    0    1    1    1    1    0    0    0    1    0    1    0    1    1    0    0    1    1    1    0    0    1    1    0    0    0    1    0    0    0    0    0    0    1    1    1    0    1    0    0    0    0    0    0    0    1    1    0    1    0    0    0    0    1    1    0    0    1    0    1    0    0    0    1    1    0    0    0    0    1    0    1    1    1    0    0    0    0    1    1    0    0    0    0    1    0    0    0    1    1    0    0    0    0    
100    0.569528    0.993278    1    1    1    1    1    0    0    1    1    1    1    1    1    1    1    0    0    1    1    1    1    0    1    1    1    0    0    1    0    1    1    1    1    1    1    1    0    1    1    0    1    1    1    1    1    1    1    0    1    1    1    1    1    1    1    0    1    1    1    1    0    0    0    1    1    1    0    1    0    1    1    1    1    1    1    1    1    1    1    0    1    0    1    0    1    0    1    1    1    1    0    1    0    1    0    0    1    0    1    1    0    0    0    1    0    0    1    1    0    0    1    0    0    0    0    0    1    1    1    1    1    0    0    0    1    0    0    0    1    1    0    0    1    1    1    0    0    0    0    1    0    0    0    1    0    1    1    1    0    1    1    1    0    0    0    0    0    0    0    1    1    0    0    0    1    1    0    0    1    0    1    0    0    0    1    0    0    1    0    0    1    0    1    1    0    1    1    0    0    0    1    0    1    1    0    0    0    0    0    1    
100    0.820817    0.93413    1    1    1    1    1    1    1    1    1    1    0    0    1    1    1    1    1    1    1    1    1    0    0    1    1    1    1    1    0    1    1    1    0    1    1    1    1    0    1    1    1    1    0    1    1    1    1    1    1    1    1    1    1    1    0    0    1    1    1    0    1    1    1    1    1    1    0    1    0    0    0    1    1    1    0    1    1    1    1    1    1    1    0    1    1    1    0    1    1    1    1    0    0    1    0    1    1    1    0    1    0    0    0    0    1    0    1    1    0    1    1    0    0    0    0    0    0    1    0    0    0    1    1    1    0    1    0    0    0    1    0    0    0    0    0    0    0    1    0    0    1    1    1    0    0    0    0    0    0    1    1    0    1    0    0    0    1    1    0    0    1    0    0    0    1    0    0    0    0    1    1    0    1    0    1    1    1    0    0    0    1    1    1    0    1    1    0    1    0    1    1    1    0    0    0    0    1    0    0    1    
100    0.236422    0.0830288    0    0    1    0    1    0    1    1    1    1    0    1    0    0    1    0    1    1    0    1    1    1    1    0    0    1    1    1    1    1    0    0    1    1    0    1    0    1    1    0    0    0    0    0    1    0    0    0    0    0    0    0    1    1    0    0    0    0    1    1    0    0    1    1    0    0    1    1    0    1    1    0    0    1    1    0    0    0    0    0    0    1    1    0    1    0    0    0    1    1    1    0    0    1    0    0    0    1    1    1    1    0    0    0    1    0    0    0    0    0    0    0    1    1    0    0    1    1    0    0    0    0    1    1    1    0    0    0    0    1    0    0    1    0    1    0    0    1    0    0    0    0    1    0    0    0    1    0    0    1    1    1    1    1    0    0    0    0    0    0    0    0    1    0    1    0    0    1    1    1    1    0    1    0    0    1    1    0    0    0    1    0    0    1    1    0    1    0    0    0    0    0    0    0    1    0    0    1    0    0    
100    0.767283    0.185928    0    1    1    1    0    1    0    1    0    1    1    1    0    0    1    1    0    1    1    1    0    0    0    1    0    1    1    1    1    0    1    0    0    1    1    0    1    1    1    1    1    1    1    0    1    0    0    0    1    1    0    0    1    1    1    0    1    0    1    0    0    1    0    1    0    0    1    1    1    1    0    0    0    0    1    0    0    1    0    0    0    1    1    1    1    0    1    1    0    1    0    0    0    0    1    1    1    0    0    1    0    0    0    0    0    0    0    1    0    0    0    0    0    1    1    1    1    0    1    1    0    0    0    1    1    0    1    1    0    0    1    0    1    0    0    0    0    0    1    0    0    0    0    0    1    1    1    1    1    1    1    0    0    0    1    0    0    1    0    0    0    1    1    1    1    1    1    0    1    0    0    0    1    0    0    0    0    0    1    1    0    0    1    0    0    0    1    0    0    0    0    0    1    1    1    1    1    1    1    1    
100    0.893876    0.707652    1    1    1    1    1    1    1    0    1    1    1    1    1    1    1    1    1    1    0    1    1    1    0    1    1    1    1    1    0    1    1    1    1    0    1    1    1    1    1    1    0    1    1    1    1    1    1    1    1    1    1    1    1    1    1    1    1    1    0    1    1    1    1    1    1    1    1    1    1    1    1    1    1    1    1    1    1    1    1    1    1    1    1    1    1    0    1    0    1    1    1    1    1    1    1    1    1    0    1    1    1    1    0    1    1    1    0    1    0    1    1    0    0    0    1    0    0    1    0    0    1    0    0    0    1    0    0    0    0    1    0    0    0    0    1    1    0    0    1    0    1    0    1    0    1    1    0    0    0    0    0    1    1    0    1    1    0    0    0    1    0    0    0    0    0    0    0    0    0    1    0    1    1    0    1    1    1    0    1    1    1    0    1    1    0    0    0    0    0    0    0    1    1    0    0    0    0    0    0    0    
100    0.000659557    0.918778    1    0    1    0    1    1    1    1    0    1    1    1    1    1    0    0    1    0    1    1    1    1    1    1    0    1    1    1    1    1    0    0    1    0    1    1    1    1    0    1    0    0    1    0    1    1    0    0    1    1    1    1    0    1    1    1    1    0    0    1    0    1    0    1    1    1    0    1    1    1    1    1    1    1    1    1    1    1    1    1    1    0    1    1    0    1    1    0    1    1    0    1    0    1    1    1    1    1    1    0    0    0    1    0    1    0    0    0    1    0    1    0    0    1    0    0    1    1    0    0    0    0    0    0    0    1    0    1    0    0    0    1    1    1    0    0    0    1    0    1    0    0    0    0    1    1    1    0    1    0    0    0    0    1    0    0    1    1    0    1    0    1    0    1    0    1    0    0    0    0    0    0    0    0    0    0    0    1    0    1    1    0    1    0    0    1    1    1    0    1    1    1    1    1    1    0    0    0    1    0    
100    0.0609691    0.305899    0    1    1    1    1    1    1    1    0    0    0    0    0    0    1    0    0    0    1    1    1    1    1    1    1    1    1    1    1    1    0    1    1    1    0    0    1    1    0    1    1    1    0    0    1    0    1    0    0    0    1    1    0    0    1    1    1    1    0    1    0    1    0    1    1    1    0    1    1    1    1    0    1    0    1    1    1    1    0    1    1    0    1    0    1    1    1    0    1    1    1    1    1    1    0    0    0    1    1    1    0    0    1    0    0    1    0    0    0    1    0    1    1    0    0    0    1    0    1    0    1    0    1    0    1    1    0    0    0    1    0    1    0    0    0    1    0    1    0    0    1    0    1    1    0    0    1    0    1    0    0    0    0    0    0    0    0    0    0    0    1    1    1    0    0    0    0    0    1    0    0    0    1    1    1    1    1    1    1    1    1    0    0    1    0    0    1    0    1    1    0    0    1    0    0    0    1    1    1    0    
100    0.872586    0.343963    1    1    1    1    1    1    1    1    0    1    1    1    1    0    1    1    0    1    1    0    1    1    0    1    0    0    1    0    0    1    1    0    1    1    1    1    0    1    1    0    1    1    0    1    1    1    0    1    1    1    1    0    1    1    1    1    0    1    1    1    0    1    0    1    1    1    0    1    0    1    0    0    1    1    1    1    1    1    0    1    1    1    1    1    1    0    1    0    0    1    1    1    1    0    1    0    1    0    1    1    0    1    1    1    0    1    0    1    0    0    1    0    1    1    0    1    1    1    0    1    0    1    0    0    1    0    0    0    0    0    0    1    1    1    0    0    0    1    0    1    1    0    1    1    0    1    0    0    0    0    0    0    0    0    0    0    1    0    0    0    1    1    0    1    0    1    1    0    0    0    0    1    0    0    0    1    0    1    1    0    0    0    1    0    1    0    1    0    1    0    1    0    1    1    0    0    1    1    1    1    
100    0.270138    0.119966    0    1    0    1    0    1    0    0    1    1    0    0    1    1    0    0    0    0    0    0    0    1    0    1    1    0    1    0    1    0    0    0    1    0    1    1    1    1    0    0    1    1    0    0    0    1    0    0    0    0    1    0    0    1    0    0    0    1    1    0    0    0    0    1    1    0    1    1    0    1    1    0    1    1    0    0    0    1    0    0    0    0    1    0    1    1    0    0    1    1    0    0    1    1    0    0    0    1    1    1    1    0    1    0    0    0    0    0    0    0    0    0    1    0    0    1    1    1    0    0    0    0    0    0    1    0    0    0    1    0    0    1    0    0    0    0    0    0    0    0    0    1    1    0    0    0    0    0    1    0    0    1    1    0    0    0    1    0    0    1    1    0    0    0    0    1    1    0    0    0    1    1    1    0    0    0    0    1    0    1    0    1    1    0    1    1    1    1    1    1    0    0    1    0    0    0    1    1    0    0    
100    0.370194    0.0522827    0    0    0    1    0    1    1    1    0    0    0    0    0    1    1    1    1    1    1    1    1    1    1    1    1    0    1    1    0    1    0    0    0    1    0    0    1    0    0    0    1    0    0    0    1    0    0    1    1    0    1    1    1    1    0    1    0    0    0    1    0    1    1    0    1    1    1    0    1    0    0    0    0    0    1    0    0    1    0    0    0    0    1    0    1    1    0    0    1    0    0    1    0    0    0    0    1    1    1    1    0    0    0    0    1    1    1    0    0    0    1    0    1    1    0    0    0    1    0    0    1    0    0    0    1    1    0    0    0    1    0    0    1    0    0    0    0    1    1    0    0    0    0    1    0    0    0    0    0    0    0    0    0    1    0    0    0    0    0    0    0    0    1    0    1    1    0    0    1    1    0    0    1    0    0    1    0    0    0    1    0    1    0    1    0    1    0    0    0    1    0    1    1    1    0    0    0    0    0    0    
100    0.827011    0.882893    1    1    1    1    1    0    1    0    1    1    1    1    1    1    1    1    1    0    0    1    1    1    1    1    1    1    1    1    1    1    1    1    0    1    0    1    1    1    0    1    1    1    1    1    1    1    1    1    1    1    0    1    1    1    0    1    1    1    1    1    1    0    1    1    1    0    1    1    1    0    1    1    1    1    1    1    1    1    0    1    0    1    1    1    0    1    1    1    1    1    1    1    1    1    1    1    1    1    1    1    0    1    0    0    0    0    1    0    0    0    1    0    1    0    0    1    0    0    0    0    0    0    1    0    0    0    0    0    0    0    1    0    1    1    0    1    0    1    1    0    1    0    0    0    0    0    0    0    0    1    0    0    1    1    1    0    1    0    1    1    1    0    0    0    1    0    0    1    1    0    1    1    1    0    0    0    0    1    0    1    1    1    0    0    1    0    1    1    0    1    0    1    1    1    0    1    0    0    1    0    
100    0.705918    0.665109    1    1    1    1    1    0    1    1    1    0    1    1    1    1    1    1    1    1    0    1    1    1    1    1    0    1    1    1    0    1    0    1    1    1    1    1    1    1    1    1    1    1    1    0    1    1    1    1    1    1    0    1    1    1    1    0    1    1    1    1    1    1    1    1    1    1    1    0    1    1    0    1    1    1    1    0    1    1    1    1    1    1    1    0    0    0    1    1    0    0    1    1    1    1    1    1    1    0    1    0    1    1    1    0    1    0    1    0    0    1    1    1    1    0    0    0    1    0    1    1    1    1    1    0    0    0    0    0    0    1    0    0    0    0    1    0    0    0    0    0    1    1    0    0    1    1    0    0    0    0    0    1    0    0    1    1    0    1    1    0    1    1    0    1    1    0    1    0    1    1    0    1    1    0    0    0    1    1    1    1    0    0    0    1    0    1    1    1    1    0    0    1    1    0    0    1    1    0    0    1    
100    0.158197    0.265062    1    1    0    0    1    1    1    1    1    1    1    1    1    1    1    1    0    0    1    1    0    1    1    1    1    1    0    1    1    1    0    0    1    1    1    1    1    1    0    1    0    1    1    1    1    0    0    1    0    1    1    0    1    1    0    1    1    1    1    0    1    1    1    1    1    0    0    1    1    0    1    1    1    0    1    0    1    0    1    1    1    1    1    0    0    0    1    0    1    1    1    1    1    1    0    1    0    1    1    0    1    0    0    0    1    0    0    1    0    1    0    0    0    0    0    0    1    1    0    0    1    0    1    1    0    1    0    0    1    0    0    1    0    0    0    0    0    0    0    1    0    1    0    0    0    1    0    1    0    1    1    0    0    1    0    0    0    0    0    1    0    0    0    0    0    1    1    1    1    1    0    0    0    1    1    1    1    0    1    0    0    0    0    1    0    1    1    0    0    1    1    1    0    1    0    0    0    0    1    1    
100    0.664208    0.973945    1    1    1    1    1    1    0    1    1    0    0    1    1    1    0    0    1    1    1    0    1    1    1    1    1    1    0    1    0    1    1    1    1    0    1    1    1    0    1    1    1    1    0    1    0    0    1    1    1    1    0    1    1    1    1    0    1    1    1    0    0    1    1    0    1    1    1    1    1    1    1    1    0    1    0    0    1    1    1    0    1    0    1    1    1    1    1    1    1    1    1    1    1    1    0    1    1    1    0    0    0    1    1    0    0    0    0    0    1    0    0    0    0    0    1    1    0    1    0    1    0    1    1    0    1    1    0    0    0    0    0    0    1    0    1    1    0    0    0    1    0    1    1    0    0    1    0    1    0    0    1    0    1    0    1    1    1    0    1    0    0    0    0    1    0    0    1    1    0    0    0    0    1    0    1    1    0    1    1    0    1    0    1    0    1    0    0    1    0    1    1    1    0    1    1    0    1    0    0    1    
100    0.980133    0.903377    1    1    1    1    1    1    1    1    0    1    1    1    1    1    1    1    0    0    0    1    1    1    1    0    0    0    0    1    1    1    0    1    1    1    0    1    1    0    0    1    0    1    1    1    1    1    0    1    0    1    1    0    1    1    1    1    1    1    1    1    0    1    1    0    0    1    0    1    1    1    0    1    1    1    1    1    1    0    1    1    1    1    1    0    0    1    1    1    1    1    1    1    1    1    1    1    0    1    1    1    0    1    1    1    1    1    0    0    0    0    0    1    0    0    0    0    0    0    0    1    0    0    1    1    0    1    1    0    1    0    0    1    1    1    0    1    0    0    1    0    1    1    1    1    1    0    0    1    0    1    0    1    0    0    0    0    1    1    0    0    0    0    0    0    1    1    0    0    0    0    0    0    0    0    1    0    1    1    1    1    0    1    0    1    0    0    1    0    1    1    1    0    0    0    0    0    1    0    0    0    
100    0.786151    0.642733    1    1    1    1    1    1    1    1    1    1    0    1    1    1    0    1    1    1    0    1    1    0    1    1    1    1    1    1    1    0    0    1    0    1    1    1    1    1    1    0    1    1    1    1    1    1    1    0    1    1    0    1    1    1    1    1    1    0    1    1    1    0    1    1    1    1    1    1    1    1    0    1    1    1    1    0    1    1    1    1    1    1    0    1    1    1    0    1    1    0    0    1    1    1    1    0    1    1    1    1    1    1    0    1    0    0    0    1    0    0    0    0    0    0    1    1    0    0    0    1    1    0    0    1    0    0    0    0    1    1    0    0    0    1    1    0    1    1    0    0    0    0    1    0    0    0    0    0    1    0    0    1    0    1    1    1    1    0    1    0    0    0    1    1    0    1    0    1    0    0    1    1    0    0    0    1    1    1    0    1    0    0    0    0    1    1    1    1    0    0    0    0    1    0    1    1    0    0    1    1    
100    0.202191    0.365321    1    0    1    0    1    1    0    1    1    0    0    1    0    1    1    1    1    1    1    1    1    1    1    1    1    1    1    0    1    1    0    1    1    1    0    1    0    1    1    0    0    1    0    1    1    1    1    1    0    1    1    0    0    1    0    1    1    1    1    0    0    0    1    0    0    1    1    1    1    0    1    0    0    0    1    1    1    0    0    1    1    1    0    1    0    1    0    1    1    1    1    1    1    1    1    1    1    1    0    0    1    1    1    0    0    1    1    0    1    1    0    0    0    0    0    1    0    0    1    1    0    0    0    0    0    0    1    0    1    1    1    1    0    0    1    1    0    1    1    0    0    0    0    0    0    0    1    0    0    0    1    0    0    0    0    0    0    0    0    0    1    1    0    1    0    0    0    0    1    0    1    0    0    1    0    1    0    0    0    1    1    1    0    1    0    0    0    0    1    1    1    0    0    1    1    0    0    0    0    1    
100    0.672944    0.138742    1    0    1    1    1    1    1    1    0    0    0    1    1    1    1    1    0    0    1    0    1    1    1    1    1    0    1    0    1    1    1    0    1    1    1    0    0    1    0    1    1    1    0    1    1    0    1    1    1    0    0    1    1    1    1    1    0    0    1    1    1    1    0    1    1    1    1    1    1    1    1    0    1    0    0    1    1    1    1    1    1    1    1    1    1    1    1    1    1    0    1    1    1    0    1    0    1    0    1    1    0    0    1    0    1    0    0    0    1    1    1    0    1    1    1    0    0    0    0    0    1    0    0    0    0    1    0    0    0    0    0    1    1    0    1    0    0    0    0    0    1    0    0    1    0    1    0    0    1    0    1    1    1    1    1    0    1    0    0    0    0    0    1    1    1    0    0    0    1    1    1    1    1    1    1    0    1    1    1    1    1    0    0    0    0    1    0    0    1    0    1    1    0    0    1    1    0    0    1    0    
100    0.579432    0.589362    1    1    0    1    1    1    1    0    1    1    0    0    1    0    1    1    1    1    0    1    1    1    1    1    1    0    1    1    1    1    1    1    1    1    1    1    1    1    0    0    1    1    0    0    0    1    1    1    1    1    1    0    1    1    0    1    1    0    1    1    1    1    0    1    0    0    0    1    0    0    1    1    1    1    1    1    1    0    1    1    0    1    1    0    1    0    1    1    1    1    0    1    1    0    0    1    1    0    1    1    0    0    1    1    1    1    1    1    0    1    0    0    0    0    0    1    1    0    1    1    1    0    1    0    0    0    0    0    1    1    1    0    1    1    1    1    0    0    1    0    0    0    0    0    0    0    1    0    0    0    0    0    1    1    1    1    0    1    0    1    0    0    0    1    0    0    1    0    1    0    0    1    0    0    0    1    1    1    0    0    1    1    1    1    1    0    1    0    0    0    0    0    1    1    0    0    0    0    1    0    
100    0.966606    0.105556    0    1    1    1    1    1    1    1    1    1    1    0    1    0    0    0    0    1    0    0    1    1    0    1    0    1    1    1    1    1    0    0    1    1    1    0    1    0    0    0    1    0    0    0    1    1    1    1    0    1    1    0    0    0    0    1    0    0    1    0    1    1    1    0    1    1    0    0    1    1    1    1    0    1    1    1    1    1    0    0    1    1    0    1    0    1    1    1    0    0    0    0    1    0    0    1    0    1    0    1    1    0    0    0    1    0    1    1    0    1    0    1    1    0    1    1    0    1    0    0    0    0    1    0    0    0    0    0    0    0    0    0    0    1    0    1    0    0    0    0    1    0    1    0    0    0    0    1    1    1    1    1    0    1    0    0    1    1    1    0    1    0    0    0    1    0    1    0    0    1    1    0    0    0    0    1    0    0    0    0    0    0    0    1    1    1    0    0    0    0    0    0    0    0    0    0    0    1    0    0    
100    0.354835    0.446327    0    1    0    0    1    1    1    1    1    0    1    1    0    0    0    1    1    1    1    1    1    1    0    1    1    0    1    0    1    0    1    1    1    1    0    1    0    1    1    0    1    0    0    0    1    0    1    0    1    0    1    1    1    1    0    1    0    1    1    0    1    1    1    1    1    1    1    1    0    1    1    1    1    0    1    0    0    1    1    1    1    1    1    1    1    1    1    1    1    0    1    0    1    1    0    1    1    1    1    1    1    1    0    1    1    0    0    1    1    1    0    1    1    1    0    0    0    0    1    0    1    1    0    0    1    0    1    1    0    1    1    1    0    0    1    1    0    0    0    0    1    0    1    0    0    0    0    1    1    1    0    1    0    1    1    0    1    0    1    1    0    0    1    1    0    0    0    1    1    1    0    0    0    1    1    0    0    0    0    0    0    0    0    1    0    0    0    1    1    0    0    1    0    1    1    1    1    1    0    0    
100    0.69886    0.336794    1    1    1    1    1    1    1    1    0    1    1    1    1    0    0    0    1    0    1    1    1    1    1    1    1    1    1    1    1    1    0    1    0    1    0    1    0    1    1    0    1    1    0    1    1    0    0    1    1    0    1    1    1    1    1    1    1    0    1    1    0    0    1    1    1    0    0    1    1    1    0    1    1    0    0    0    1    1    1    1    1    1    1    0    1    1    1    0    0    1    0    1    1    0    1    1    1    1    1    0    0    1    1    0    1    0    0    0    0    0    0    0    0    1    0    0    0    1    0    0    1    0    0    0    0    1    0    0    0    0    0    1    1    0    1    1    0    1    0    0    1    0    0    1    1    0    1    0    0    1    1    0    0    0    0    0    1    0    1    0    0    0    0    0    1    0    1    0    1    0    0    0    0    0    0    0    0    0    0    0    0    1    1    0    1    1    1    0    1    0    0    0    0    1    0    0    0    0    0    0    
100    0.829099    0.641591    0    1    1    1    1    1    1    1    1    1    1    1    1    0    1    1    1    1    0    1    1    1    0    1    1    1    1    1    1    1    1    1    1    0    0    1    1    1    1    1    1    1    1    0    1    1    1    1    1    1    1    1    1    0    1    0    1    1    0    1    1    1    1    1    1    0    0    1    1    1    0    0    1    0    1    1    0    1    1    1    1    1    1    1    1    1    1    1    1    1    1    0    1    1    1    1    1    1    1    0    0    0    0    0    1    0    0    0    0    1    0    0    0    0    1    1    1    0    1    0    1    1    0    1    1    0    0    1    0    0    0    0    0    0    1    1    0    0    1    0    1    0    1    0    0    1    0    1    1    1    0    1    1    1    1    0    0    0    0    0    1    1    1    0    0    1    0    0    0    0    0    0    0    1    1    0    1    0    1    1    0    1    0    0    0    0    0    0    0    1    0    0    0    1    1    1    1    0    0    0    
100    0.838278    0.760767    1    1    1    1    1    1    1    1    1    1    0    1    1    1    1    1    1    1    1    0    0    1    1    1    1    1    1    0    0    1    1    1    1    1    1    1    1    1    1    1    0    1    0    1    1    1    1    1    1    1    1    1    1    1    1    1    1    1    1    0    0    1    1    1    1    1    1    0    1    1    1    1    1    0    1    1    1    1    1    1    1    1    1    1    1    1    1    1    1    1    1    1    1    1    0    1    0    1    0    1    1    0    0    1    0    0    1    1    1    1    0    0    0    1    0    1    1    0    1    1    1    1    1    0    1    0    1    0    0    0    0    0    0    0    0    0    0    1    1    1    0    0    0    1    0    0    1    1    0    0    1    1    0    1    0    0    1    0    1    1    1    0    1    0    1    1    1    0    1    0    1    0    1    1    0    0    1    0    1    0    1    0    0    1    0    1    1    0    1    0    1    1    0    0    1    1    0    0    0    0    
100    0.957688    0.584961    1    0    1    1    1    1    0    0    0    1    0    1    1    0    0    1    1    1    1    1    1    1    1    1    1    1    1    0    1    1    0    1    1    0    1    1    0    1    1    1    1    0    1    1    1    1    1    1    0    1    1    1    1    1    1    0    1    1    1    1    1    1    1    1    1    1    1    1    1    0    1    0    1    1    1    1    1    0    0    1    1    1    1    1    1    1    1    1    1    1    0    1    0    1    0    1    1    0    1    0    1    0    0    1    1    1    0    0    0    0    0    0    0    1    0    1    0    0    1    1    0    0    1    1    0    1    0    1    0    0    1    1    0    0    0    1    0    1    0    0    0    1    1    1    0    0    0    0    1    1    0    0    0    0    0    0    0    0    1    1    0    0    0    0    1    1    0    0    0    0    1    1    0    0    0    0    1    1    1    0    1    1    1    0    0    1    1    1    1    0    1    1    1    1    1    0    0    0    0    1    
100    0.0685231    0.298535    1    1    0    1    1    1    1    0    1    1    1    1    0    0    1    1    1    0    1    1    1    0    1    1    1    1    1    0    1    1    0    1    1    1    1    1    1    1    1    1    1    1    1    1    0    1    0    1    1    1    1    0    0    1    1    1    0    1    1    1    0    1    0    1    1    0    1    0    1    1    0    0    0    0    1    0    0    1    1    1    0    0    1    0    0    1    0    1    1    0    1    0    1    1    1    1    1    1    1    0    1    1    1    1    1    1    0    0    0    0    0    0    0    0    0    1    0    0    1    1    1    0    0    1    0    0    0    1    1    0    0    1    0    0    0    1    1    0    0    1    0    0    0    1    1    1    1    0    0    1    1    0    1    1    1    0    0    0    0    1    0    0    1    0    0    0    1    1    0    1    0    1    0    1    1    1    0    1    1    0    1    0    0    1    0    0    0    0    0    1    0    0    0    0    1    1    0    0    0    0    
100    0.253745    0.372078    0    0    1    0    1    1    1    1    1    1    1    1    0    0    1    1    1    0    0    1    1    1    0    1    1    1    1    1    0    0    0    1    1    1    0    1    1    1    1    0    1    1    0    1    1    1    0    1    0    1    0    0    0    1    1    1    1    1    1    0    1    1    1    1    0    0    0    0    0    0    0    1    1    1    1    1    0    1    1    1    0    0    1    0    1    0    0    1    1    0    1    0    1    1    0    1    1    0    0    1    1    0    1    0    0    1    0    0    0    1    0    1    0    1    0    0    0    0    1    0    0    1    0    1    0    0    0    1    0    0    1    1    1    1    0    1    1    0    1    0    0    0    1    0    1    0    0    1    0    0    0    0    0    0    1    0    0    0    0    0    1    1    0    0    0    0    0    0    0    0    1    0    1    0    0    1    1    0    0    0    0    0    1    1    0    0    0    0    0    0    0    1    0    0    1    0    0    0    0    0    
100    0.399072    0.422049    1    0    1    0    1    1    1    1    1    1    1    0    1    1    0    1    1    0    0    0    1    1    0    1    1    1    1    1    1    0    0    1    1    1    0    0    1    1    1    0    1    1    0    0    1    1    0    0    0    1    1    1    1    0    1    1    1    0    1    0    1    0    1    1    1    1    0    1    0    1    1    0    0    0    0    0    0    0    0    1    1    0    1    1    1    1    0    1    1    1    1    0    1    1    1    1    1    1    1    1    1    0    0    1    1    1    0    1    1    1    0    0    1    1    1    0    0    0    1    0    0    0    1    1    1    1    1    0    1    0    1    1    0    0    0    1    1    1    1    1    1    1    0    1    1    1    0    1    1    1    0    0    0    1    0    1    0    0    0    0    0    0    1    1    1    0    0    1    1    0    1    0    0    1    1    0    0    0    0    0    1    1    0    0    0    0    0    0    0    1    0    0    0    1    0    0    0    0    0    0    
100    0.999131    0.245709    1    0    0    1    1    0    1    1    1    1    1    1    1    0    1    0    1    1    1    1    1    0    1    1    1    1    1    1    1    1    0    0    0    1    1    1    1    1    1    1    1    0    1    0    1    0    1    1    1    0    1    0    0    1    1    1    1    0    1    0    0    1    1    1    1    1    1    0    0    1    1    1    0    1    1    1    1    0    0    1    1    1    0    1    1    0    0    0    1    1    1    1    1    0    1    0    1    1    0    0    1    0    1    1    1    0    1    1    0    1    1    1    0    1    1    0    0    0    0    0    0    0    0    1    0    1    0    1    0    0    1    0    1    0    0    1    0    0    0    0    1    0    1    0    1    0    1    1    1    0    0    0    1    0    1    1    1    0    0    0    0    0    0    1    0    0    0    0    0    0    0    0    0    1    0    0    1    0    1    1    0    1    0    1    0    0    0    1    0    1    1    0    1    1    0    0    0    1    1    1    
100    0.939113    0.477398    1    1    0    0    1    1    1    0    1    1    1    1    1    1    0    1    1    1    1    1    0    1    1    1    0    1    0    1    0    1    1    0    1    1    0    1    0    0    1    1    0    1    0    1    1    1    1    1    1    1    0    1    1    0    1    0    1    1    1    0    1    0    1    1    1    1    0    1    1    1    1    0    1    1    1    1    1    1    1    1    1    1    1    1    0    0    1    1    1    0    0    1    0    1    0    0    0    1    0    1    0    1    1    0    0    0    0    1    1    0    0    0    1    0    0    1    1    1    0    0    1    1    0    0    0    0    0    1    0    1    1    0    0    0    1    0    0    0    1    0    1    0    0    0    0    0    0    1    0    0    1    1    0    0    1    1    1    1    0    0    0    0    1    0    0    1    0    0    0    0    0    0    0    1    0    0    1    1    1    0    1    1    0    1    1    1    1    0    0    1    0    0    0    1    0    1    1    0    0    1    
100    0.546112    0.501189    1    0    0    1    0    0    0    1    1    1    1    0    1    1    0    1    1    0    1    1    1    1    1    0    1    1    1    1    0    1    0    1    0    1    0    1    1    1    0    0    0    0    1    1    1    0    1    1    0    1    1    0    1    1    0    1    1    1    1    1    1    0    1    1    1    0    0    0    0    0    0    0    1    1    1    1    1    1    1    1    1    1    1    0    1    1    1    1    1    0    1    1    1    1    1    1    1    0    1    1    0    0    0    1    1    1    0    0    1    1    0    0    1    1    1    1    0    0    0    0    0    1    1    0    1    1    1    0    0    1    0    0    0    0    0    0    0    0    1    0    0    1    1    0    1    1    0    1    0    0    0    0    0    0    0    1    0    0    0    1    1    0    0    1    0    1    1    0    0    1    0    1    0    0    0    1    0    0    1    1    0    0    1    0    1    0    1    1    0    1    1    1    0    0    0    1    0    0    0    1    
100    0.5373    0.262766    1    1    0    1    0    1    1    0    1    0    0    1    1    0    1    1    1    1    0    1    0    0    1    1    0    0    1    1    0    1    0    0    1    0    1    0    0    0    0    1    0    1    1    1    1    0    0    1    1    0    1    1    1    1    1    0    1    0    1    1    1    0    1    1    1    1    0    1    1    1    1    0    0    1    1    1    0    0    1    0    0    0    0    0    1    1    1    0    1    1    1    1    1    1    0    0    1    1    0    1    1    1    0    0    0    1    0    0    0    1    1    0    1    1    1    1    0    0    0    1    1    0    1    0    1    1    0    0    1    1    1    1    1    0    1    1    1    0    1    0    1    0    1    1    0    0    0    0    1    0    0    0    1    1    1    0    0    1    1    0    1    0    0    1    1    0    0    0    1    1    1    0    0    1    0    1    1    0    1    1    1    1    1    0    0    0    0    0    0    0    0    1    0    1    1    1    1    0    1    0    
100    0.855374    0.399938    1    1    1    1    0    1    0    1    1    1    1    0    1    0    0    0    1    1    1    1    1    1    1    1    1    1    0    1    1    1    1    1    0    1    0    1    1    1    0    1    1    0    0    1    1    1    1    0    1    0    0    1    1    1    1    1    1    1    1    1    1    1    0    1    1    1    1    1    1    1    1    1    1    1    1    0    0    1    1    0    1    1    1    0    1    1    1    0    1    1    1    1    1    0    1    1    1    1    0    1    1    0    1    1    0    0    0    1    0    0    1    1    1    0    0    1    1    1    1    0    0    1    0    1    0    1    0    1    0    1    0    0    0    0    0    0    0    0    0    0    1    1    0    1    0    0    0    0    1    0    1    0    1    1    1    1    1    0    0    1    0    1    0    0    1    0    0    0    1    0    0    0    1    0    0    0    0    0    1    0    0    1    1    0    1    1    1    0    0    0    1    1    1    0    0    1    0    0    0    0    
100    0.189631    0.607573    1    0    1    1    1    1    0    1    0    0    1    0    0    0    1    0    1    1    0    0    0    1    1    1    0    1    1    0    0    1    1    1    1    0    0    0    1    1    1    1    0    0    0    1    1    1    1    1    0    1    1    1    0    1    0    1    1    0    1    0    0    1    1    1    1    1    1    1    1    1    1    1    1    0    1    1    0    0    0    1    1    0    1    1    1    0    0    1    1    0    1    0    0    1    1    0    1    1    0    1    0    0    0    0    1    1    0    0    1    0    0    0    1    0    0    1    0    1    1    1    0    0    1    1    1    1    0    0    0    0    1    1    0    0    0    0    0    0    0    0    0    1    1    0    1    0    1    1    1    0    0    0    1    1    1    1    1    0    1    0    0    1    1    1    1    1    1    1    0    1    0    0    0    1    0    1    1    1    1    1    1    1    0    0    0    0    0    1    1    1    0    1    0    0    0    0    0    0    0    0    
100    0.552749    0.798799    0    0    1    1    1    0    1    1    1    1    1    1    1    0    1    0    1    0    0    1    1    1    0    1    0    1    1    1    1    0    1    0    1    1    0    0    0    0    1    0    1    1    1    1    1    1    1    1    1    1    1    0    1    1    1    0    1    0    0    0    0    0    1    1    1    1    0    0    1    1    0    1    0    1    1    1    1    1    1    1    1    1    0    1    1    0    1    1    0    1    0    1    0    1    1    1    1    1    1    1    1    1    0    0    0    0    0    1    1    0    0    0    1    0    0    1    1    0    1    1    0    0    1    0    0    0    0    1    0    0    0    0    0    1    1    0    1    0    0    1    0    1    1    1    0    0    0    0    0    0    1    1    1    1    0    1    0    0    0    0    0    0    1    1    0    1    1    0    1    0    0    0    0    0    1    1    1    0    0    0    0    0    0    1    1    1    0    1    1    1    1    0    1    0    0    0    1    1    0    0    
100    0.646519    0.850231    0    0    1    1    1    1    1    1    1    1    0    1    1    1    1    1    1    1    1    0    1    1    0    1    1    0    1    1    1    1    1    1    1    0    1    0    1    1    0    1    1    1    1    1    1    1    1    0    1    1    0    0    1    1    1    0    1    1    1    1    1    1    0    1    0    0    1    0    1    1    1    1    1    1    1    1    1    1    1    1    1    1    1    1    1    1    0    1    1    1    0    1    0    1    0    1    1    1    0    1    1    0    1    0    1    0    1    0    1    1    1    1    0    1    1    1    0    0    0    0    0    1    1    1    0    0    1    0    1    1    1    1    0    1    0    0    0    1    0    1    0    0    1    0    0    1    1    1    0    1    1    0    0    0    0    1    1    0    0    0    0    1    0    1    0    0    0    0    0    1    0    1    1    0    1    1    0    0    1    1    0    1    0    0    1    0    1    0    1    0    1    0    0    0    1    1    0    0    1    1    
100    0.650285    0.854483    1    1    1    1    1    1    0    1    1    1    1    0    1    1    0    1    0    1    1    1    0    0    1    1    0    1    1    1    0    1    1    0    0    0    0    1    0    1    1    1    0    1    1    1    0    1    1    1    1    1    0    1    1    1    1    0    0    0    1    1    1    1    1    1    1    1    1    1    1    1    1    1    1    1    1    0    1    0    1    1    1    1    1    1    1    1    1    0    0    1    1    1    1    1    0    1    1    1    0    1    0    0    1    1    0    0    0    1    1    0    1    0    1    1    0    0    0    1    1    1    1    1    0    1    0    1    0    0    1    1    0    0    1    0    0    0    0    1    0    1    0    0    1    1    1    1    1    1    0    0    0    0    0    1    0    1    0    1    0    1    1    0    1    1    0    0    0    0    1    1    0    0    0    1    1    0    0    0    1    0    0    0    0    1    1    0    0    1    1    1    1    0    1    0    0    1    0    1    1    1    
100    0.529051    0.698256    1    1    1    1    1    0    0    0    1    1    0    1    1    0    1    1    0    0    1    1    0    0    0    1    0    1    1    1    1    1    1    0    1    1    0    1    1    1    1    0    1    0    1    0    1    1    1    1    1    1    0    1    1    1    0    1    1    0    1    0    1    0    1    1    1    1    1    1    1    1    1    1    1    1    0    1    1    0    1    1    1    1    1    1    1    1    1    1    1    1    0    1    1    1    0    1    1    0    1    0    0    1    0    0    0    0    0    0    1    1    1    1    0    0    0    1    0    0    1    0    1    1    0    1    1    1    0    1    1    1    0    0    1    1    0    1    0    0    0    1    0    0    0    1    0    0    0    0    1    1    1    0    1    0    0    1    0    1    0    1    0    0    0    1    0    0    0    1    0    1    1    0    0    0    0    0    1    0    0    1    0    1    0    0    1    0    0    1    0    0    1    0    0    1    1    0    1    0    1    0    
100    0.324961    0.523682    0    0    0    0    0    1    1    1    1    1    1    0    1    1    1    0    1    0    0    1    0    1    1    1    0    0    0    0    1    1    1    0    1    1    1    1    1    1    1    1    1    0    1    1    0    1    1    0    1    1    1    1    1    0    1    1    1    0    1    1    0    1    1    1    1    1    0    1    1    1    0    1    1    0    1    1    0    1    1    1    1    1    1    1    0    1    1    1    0    1    0    1    1    0    0    0    1    0    0    1    1    0    1    0    0    1    0    0    0    0    0    1    1    0    0    0    0    0    0    0    1    1    0    0    1    1    1    1    1    0    1    0    0    0    0    1    0    0    1    1    1    1    1    0    1    0    0    1    0    0    1    1    1    1    0    0    1    0    0    1    1    0    0    0    0    0    0    1    1    0    1    0    0    1    0    0    1    1    1    0    0    1    0    0    0    1    0    1    1    0    0    0    0    1    1    0    0    0    0    1    
100    0.012983    0.0951908    1    1    1    0    1    0    1    0    0    1    1    0    0    1    0    1    1    0    0    1    1    0    1    1    1    1    1    1    0    1    1    0    1    1    1    0    1    1    0    0    1    0    0    0    1    1    1    1    1    1    1    0    1    1    0    1    0    0    0    0    0    1    1    0    0    0    0    0    1    0    0    0    1    0    1    1    1    1    1    0    1    1    0    1    1    1    1    0    0    1    1    0    1    0    0    1    1    1    0    1    0    0    0    1    0    0    1    0    0    1    0    0    0    0    0    1    1    1    0    1    1    0    0    0    0    1    0    0    0    1    1    1    0    1    1    0    0    0    1    1    1    1    0    0    0    0    1    0    0    1    0    0    0    1    0    0    0    0    0    1    0    1    0    0    0    1    0    1    0    0    1    0    0    0    1    0    1    0    0    0    0    0    1    0    0    1    1    0    0    1    1    0    1    1    1    1    0    0    0    0    
100    0.0546557    0.754    0    0    0    1    1    0    1    1    0    1    1    1    1    1    0    1    1    1    0    1    1    1    1    1    1    0    0    1    1    1    1    1    1    1    1    1    1    1    0    1    0    1    1    0    1    0    0    1    0    1    1    0    1    1    1    1    1    1    1    1    0    1    1    1    1    1    1    1    0    1    1    1    1    1    1    1    1    1    1    1    1    0    1    1    1    1    0    1    0    0    1    1    1    1    1    1    1    0    1    1    1    1    0    1    0    0    0    0    0    1    0    0    0    1    1    1    0    0    0    1    0    0    1    0    0    0    0    1    0    0    1    1    1    0    0    1    1    0    0    1    0    0    0    0    0    1    0    1    0    1    0    0    0    0    1    0    1    0    0    1    1    0    0    0    0    1    1    0    0    1    1    1    0    0    0    1    1    1    0    0    1    0    0    0    0    0    1    0    1    0    0    0    0    0    1    1    0    1    1    0    
100    0.675086    0.456997    1    1    1    1    0    1    1    1    0    1    1    0    0    1    0    1    1    1    1    1    1    0    1    1    1    1    1    1    1    1    0    0    1    0    1    1    0    1    1    1    0    0    1    0    1    1    0    1    1    1    0    0    1    1    1    0    1    1    1    1    1    1    1    1    1    1    1    1    1    0    1    1    1    0    1    1    1    1    1    1    1    0    1    1    1    0    1    0    1    1    1    0    0    1    1    1    0    0    0    0    0    0    1    1    0    0    0    0    1    1    1    0    1    0    1    0    0    1    0    0    0    0    0    0    1    1    1    0    0    0    1    1    1    1    0    0    1    1    1    1    0    1    1    1    1    1    1    0    0    0    1    1    1    0    0    0    1    0    0    1    0    1    0    1    0    0    0    1    1    1    1    0    0    1    0    0    1    1    0    1    1    1    0    1    0    1    1    0    1    0    1    1    0    1    1    1    0    1    1    1    
100    0.150053    0.0710322    1    1    0    1    1    0    1    1    1    1    1    1    0    0    0    1    1    1    1    0    1    0    0    1    0    0    1    1    1    1    1    0    0    1    1    1    1    1    0    1    1    0    1    0    0    1    0    0    1    1    1    0    1    0    0    1    1    0    1    0    1    1    0    1    1    0    1    0    0    1    1    1    0    0    0    0    1    1    1    1    1    0    0    1    0    1    0    1    0    0    0    0    1    1    0    1    0    1    1    1    1    1    0    0    0    0    0    0    1    1    0    1    0    0    1    0    0    1    0    1    0    1    1    1    1    0    0    1    0    0    1    1    1    0    1    1    0    1    0    1    0    0    0    1    1    1    1    1    0    1    1    1    1    1    0    1    1    1    1    0    0    1    0    0    1    0    1    1    1    1    0    1    0    0    1    0    1    1    0    0    1    0    1    1    1    1    0    0    0    0    0    0    0    0    1    0    0    1    0    0    
100    0.94206    0.907202    0    1    1    1    1    0    1    1    0    1    0    1    1    1    1    0    1    1    1    1    1    1    1    0    1    0    1    0    1    1    1    0    1    1    1    1    1    1    1    0    1    1    0    1    1    1    1    1    1    1    0    1    0    1    0    1    1    1    1    0    1    0    0    1    1    1    1    1    0    1    1    1    1    1    1    1    1    1    1    1    1    0    1    1    1    1    1    1    1    1    1    1    0    1    1    1    1    1    1    1    1    0    1    0    0    1    0    1    0    0    1    1    0    1    0    0    0    1    0    0    1    0    0    0    0    0    0    1    0    0    1    1    0    1    1    0    1    1    0    0    0    0    1    1    1    0    1    0    0    0    0    0    1    0    0    0    0    0    1    0    0    0    1    1    0    1    1    0    0    0    1    1    0    0    1    0    0    0    1    0    0    0    0    1    0    0    0    0    0    1    1    1    0    1    1    0    0    0    1    0    
100    0.761503    0.00712062    0    0    1    0    1    1    0    0    1    1    1    1    1    1    1    1    1    0    0    0    1    1    0    1    1    1    0    1    0    1    1    0    1    1    1    1    1    0    1    1    1    1    1    1    0    1    1    1    1    0    1    0    1    1    1    1    1    1    1    1    0    1    1    1    1    0    0    1    1    0    1    1    0    1    1    1    1    1    1    1    1    1    1    1    1    0    0    1    1    1    1    0    0    1    1    1    1    1    1    0    0    1    0    0    0    1    0    0    0    1    1    0    1    1    0    0    1    0    0    0    0    0    1    0    0    1    1    1    0    1    0    1    1    1    0    0    1    0    1    1    0    0    1    1    0    0    0    0    0    0    1    0    0    1    0    0    0    0    1    1    0    1    0    1    1    0    1    1    1    1    0    1    0    0    0    0    0    1    0    0    0    1    0    1    1    1    1    0    0    0    1    0    0    0    0    0    0    0    1    0    
100    0.887126    0.728317    1    1    1    1    1    1    1    0    1    1    1    1    1    1    1    1    1    1    1    1    1    1    1    1    1    1    1    1    1    1    1    1    1    1    0    0    1    1    1    1    1    1    1    1    1    0    0    0    1    1    1    1    1    1    1    1    1    1    1    1    1    1    1    1    1    1    0    1    1    1    1    1    1    1    1    1    0    0    1    1    1    1    1    1    1    1    1    0    1    1    1    1    1    1    1    1    1    1    1    1    1    0    0    0    0    0    1    0    0    0    1    1    1    0    0    1    1    0    0    0    0    0    0    1    0    0    0    0    1    1    1    0    0    0    0    0    1    0    0    1    0    1    1    1    0    1    1    1    1    0    0    0    1    0    0    0    1    0    0    0    0    0    0    1    0    0    0    1    0    1    0    1    1    0    1    1    0    1    0    1    0    1    0    0    1    0    1    0    1    1    0    0    1    0    0    1    0    0    1    1    
100    0.219917    0.532572    0    1    1    1    0    1    0    1    1    1    0    1    1    0    0    1    1    0    0    1    0    0    1    1    0    0    1    1    0    1    1    0    1    0    1    1    1    1    1    0    0    0    1    1    1    1    1    0    1    0    1    0    1    0    1    1    1    1    1    1    0    1    1    0    1    1    1    0    1    1    1    1    1    0    0    0    0    0    1    1    1    1    1    1    1    0    1    1    1    0    1    0    1    1    0    1    1    0    1    1    1    0    1    1    0    1    1    0    0    0    0    0    0    0    1    1    1    1    0    1    0    0    0    0    1    1    1    1    0    0    0    1    0    1    0    1    0    0    1    0    1    1    0    0    0    0    1    0    1    1    0    0    0    1    0    1    0    0    1    0    0    1    1    0    1    1    1    0    1    1    0    1    0    1    0    0    1    1    0    0    0    1    0    0    0    1    1    1    0    1    1    0    1    1    0    0    0    0    0    1    
100    0.378522    0.6728    0    0    1    1    1    1    0    0    1    0    1    0    1    0    1    1    0    0    1    1    1    0    1    1    0    0    0    0    1    1    1    1    1    1    1    0    1    1    1    1    0    0    0    0    0    1    1    1    1    1    1    0    1    0    1    1    1    0    1    1    1    1    1    1    0    1    1    1    1    0    1    1    0    0    1    0    0    1    1    1    0    0    0    0    1    1    1    1    0    1    1    1    1    1    0    1    1    1    1    1    0    1    0    0    0    1    0    0    1    0    0    0    1    0    0    1    0    0    1    0    0    0    0    0    0    0    1    1    1    0    0    1    0    1    0    0    1    1    1    0    0    1    0    1    0    0    0    1    0    1    0    0    0    1    1    0    1    0    1    0    1    0    0    0    1    0    1    0    0    1    1    1    0    0    0    0    1    1    1    1    0    1    0    0    1    0    0    0    0    0    1    1    0    0    1    0    0    0    0    1    
100    0.919351    0.884374    1    1    1    1    1    1    1    1    1    1    0    1    1    1    0    1    1    1    1    1    1    1    0    1    1    1    1    1    1    1    1    1    1    1    0    1    1    0    1    1    1    1    1    0    1    1    0    0    1    0    0    1    1    1    1    0    1    1    0    1    0    0    1    1    0    1    1    0    1    0    1    0    1    0    1    1    0    1    1    0    1    0    0    1    1    1    1    1    1    1    1    1    1    1    1    1    1    1    0    1    0    1    0    1    0    0    0    0    0    1    1    1    0    0    1    0    1    1    1    0    1    1    1    0    0    0    0    0    1    1    1    0    0    1    0    1    1    0    1    1    1    1    1    0    0    1    1    1    0    0    1    0    1    1    1    0    0    1    0    1    1    1    0    1    0    0    0    1    0    0    1    0    0    1    1    1    1    0    1    0    0    0    1    1    1    1    0    0    0    0    0    1    1    0    0    1    1    0    1    0    
100    0.845106    0.373084    1    1    0    1    1    1    0    0    0    1    0    1    1    0    1    1    1    1    1    0    1    1    1    1    0    1    1    0    1    1    0    0    1    1    1    1    1    0    1    1    1    1    0    1    1    1    0    0    1    0    1    0    1    1    1    1    1    1    1    1    1    1    1    1    1    1    1    0    0    1    0    1    1    1    1    1    0    1    0    1    1    0    1    1    1    1    0    0    1    0    1    1    1    1    1    1    1    1    1    1    0    0    1    1    0    0    0    1    0    1    1    0    0    1    0    0    0    0    1    1    0    1    0    1    0    0    0    0    1    0    1    0    1    1    0    0    0    0    0    1    0    0    0    0    0    1    0    1    1    1    0    1    1    0    1    0    0    0    0    0    1    0    1    1    1    0    1    1    0    1    1    0    1    1    1    1    0    1    1    1    0    0    0    0    1    0    1    1    0    1    1    0    0    1    1    0    0    1    0    0    
100    0.896843    0.433088    1    1    1    1    1    1    0    1    0    1    1    0    1    0    0    1    1    1    1    1    1    1    1    1    1    1    1    1    1    1    1    1    1    1    1    1    1    1    1    1    0    1    0    1    1    1    1    0    1    1    1    0    1    1    0    1    1    1    0    1    1    1    0    1    0    1    1    1    0    1    1    1    1    0    0    1    1    1    1    0    1    1    1    0    0    1    0    1    1    0    1    0    1    1    1    0    0    1    1    1    1    0    1    1    0    0    0    0    1    0    0    0    1    1    0    1    0    0    1    1    0    1    0    1    0    0    0    1    0    0    1    0    0    0    0    1    1    1    1    0    0    0    0    0    1    1    1    0    1    0    0    1    0    1    0    0    0    0    0    0    0    0    1    0    1    0    0    0    0    0    1    0    0    1    0    0    1    0    0    1    0    1    1    1    0    0    1    0    1    0    0    1    0    0    1    0    0    0    1    1    
100    0.463285    0.710429    1    0    0    1    1    0    0    1    1    1    0    1    1    1    0    1    1    1    1    1    1    1    0    1    1    1    1    1    1    1    0    0    1    1    1    0    0    1    1    1    0    0    1    0    1    0    1    1    0    1    0    1    0    0    0    1    1    0    1    1    0    1    0    1    1    0    0    1    0    1    0    1    0    0    1    1    0    1    1    1    0    1    0    0    1    1    1    1    0    1    0    1    0    0    1    1    1    0    1    1    1    0    0    0    1    0    0    1    1    0    0    0    0    0    0    0    0    0    0    0    0    0    0    1    0    0    0    0    1    0    1    0    1    1    0    0    1    0    0    0    1    1    1    1    0    0    1    0    0    0    0    0    0    0    0    0    1    1    0    0    0    0    0    1    0    0    1    1    0    0    0    1    0    1    1    0    0    0    0    0    0    1    0    1    1    1    0    1    0    1    1    1    0    1    1    0    0    0    0    0    
100    0.628222    0.486995    1    1    0    0    1    1    1    1    1    1    1    1    1    1    0    1    1    1    0    1    1    0    1    1    1    1    1    0    0    1    1    1    0    1    1    1    0    0    1    1    0    1    1    1    0    1    0    1    0    1    1    1    1    0    1    1    1    1    1    0    1    1    0    1    1    1    0    1    1    1    1    1    0    1    0    1    1    1    1    0    1    1    1    1    0    0    1    1    1    0    1    1    1    1    1    1    0    0    1    0    0    0    1    0    0    1    1    0    0    0    0    1    0    1    0    1    0    1    1    1    0    1    0    1    0    0    0    1    0    0    0    0    1    1    0    1    1    1    0    1    0    0    1    1    0    1    0    0    1    0    0    1    0    0    1    0    0    0    0    0    0    0    1    1    1    0    0    0    1    0    0    0    0    1    1    1    1    1    0    0    0    0    1    0    0    0    0    1    1    0    0    0    1    0    0    0    0    1    1    1    
100    0.646073    0.946131    1    0    1    1    1    1    1    1    0    0    1    1    0    1    1    1    0    1    1    0    1    0    1    1    1    1    1    1    1    1    1    1    1    1    0    1    1    1    1    1    1    0    1    1    1    1    1    1    1    1    0    1    0    1    1    1    1    1    0    1    1    1    1    1    1    1    0    1    0    1    0    1    1    1    1    1    0    1    1    1    1    1    1    1    1    0    1    1    1    1    0    0    0    1    1    0    1    1    0    1    0    1    0    0    0    0    0    1    0    0    1    1    0    1    0    1    0    0    1    0    0    0    0    0    1    0    0    1    0    1    0    0    0    0    0    1    0    0    0    0    0    0    0    0    0    0    0    1    1    0    1    0    0    1    1    0    1    1    0    0    1    0    0    1    1    0    1    1    0    1    0    1    1    1    1    0    1    0    0    0    1    1    0    1    1    0    0    0    0    0    1    0    0    0    1    0    0    0    1    0    
100    0.9328    0.712683    1    1    0    0    1    1    1    1    1    0    1    1    1    1    0    1    1    1    1    1    1    1    1    1    1    1    0    1    1    1    1    1    1    1    1    1    1    0    1    0    1    1    1    1    1    1    1    1    0    1    1    0    1    1    1    1    1    1    1    1    1    1    1    1    1    1    1    1    1    1    1    1    1    1    1    1    1    1    1    1    1    1    1    1    1    1    1    1    1    1    1    1    1    1    1    1    0    1    1    1    0    0    0    1    1    0    0    0    0    1    1    0    0    0    1    1    0    0    0    0    1    0    0    1    0    0    0    1    0    0    0    1    0    1    1    1    1    0    0    1    1    0    1    1    0    1    0    1    0    1    0    1    0    0    0    0    0    1    1    0    0    0    0    0    0    0    1    1    1    0    0    0    1    0    1    1    0    0    0    1    0    0    0    1    1    0    1    1    0    0    0    0    1    0    1    0    0    0    0    0    
100    0.769741    0.302899    1    1    1    1    0    0    1    1    0    1    0    1    1    1    0    1    0    1    1    1    1    1    1    1    1    0    1    0    0    1    0    0    1    0    1    1    1    1    1    1    1    1    0    0    0    1    0    0    1    0    0    1    0    0    1    0    1    0    1    1    0    0    1    0    0    1    1    1    0    0    0    1    1    0    1    0    1    1    1    1    1    1    1    1    0    0    1    0    0    0    1    0    1    1    0    0    0    1    1    1    1    1    0    0    1    1    1    0    0    0    1    1    1    0    1    1    0    0    0    1    0    1    0    1    0    1    0    0    0    0    0    0    0    0    1    0    0    1    0    0    0    0    0    1    1    0    1    0    0    0    0    0    0    0    1    1    0    1    1    0    0    0    0    1    1    0    0    0    1    1    1    1    1    0    1    0    1    1    0    0    1    1    0    1    0    0    0    0    0    1    1    1    1    0    0    1    1    1    0    1    
100    0.815812    0.545764    1    1    1    1    1    1    1    1    1    1    1    1    1    1    1    1    1    1    1    1    1    1    0    1    1    0    1    1    1    1    1    1    1    0    1    1    1    1    1    1    0    1    0    0    1    1    1    0    0    0    1    0    1    0    0    1    1    1    1    1    1    0    1    1    1    1    1    1    1    1    0    1    1    1    0    1    1    1    1    1    0    1    1    1    1    0    0    0    1    1    1    1    1    1    0    1    1    1    1    1    0    1    1    0    0    1    0    1    0    1    1    1    1    1    1    0    1    1    1    1    0    1    1    1    1    1    0    0    0    1    0    0    0    1    0    0    0    1    0    1    0    1    0    1    1    1    0    0    1    0    1    1    0    1    0    0    0    0    0    1    0    0    1    0    0    0    1    1    0    0    1    0    0    0    0    1    1    0    1    0    1    0    0    0    0    0    0    1    0    0    0    0    0    1    0    0    1    0    1    0    
100    0.715545    0.71976    1    1    1    1    1    1    0    1    1    1    1    0    1    1    1    0    0    1    0    0    1    1    1    1    1    0    0    1    1    1    1    1    1    1    1    0    1    0    1    1    1    1    1    1    1    0    0    1    1    0    1    1    1    1    1    1    1    0    0    1    1    1    1    0    1    0    1    1    1    1    1    1    1    1    0    1    1    1    1    1    1    1    1    1    1    0    1    1    1    1    1    1    1    0    1    1    1    1    1    1    1    0    0    0    1    0    1    1    1    1    1    1    0    0    0    1    0    0    1    0    0    0    1    0    0    0    0    1    1    1    0    1    1    0    1    0    0    1    0    1    1    0    1    1    0    0    1    1    0    0    1    1    1    0    1    1    0    0    0    0    1    0    0    1    1    1    0    0    0    0    0    0    0    0    1    0    0    0    1    0    1    0    1    0    0    0    0    1    1    1    1    0    1    0    1    1    0    1    0    0    
100    0.226692    0.72036    1    1    1    0    0    1    1    1    0    1    1    0    0    0    0    0    0    1    0    1    0    1    1    1    0    1    0    1    1    0    1    1    1    0    1    1    1    1    1    1    0    1    1    1    1    1    1    1    1    1    0    0    0    0    1    1    1    1    1    0    1    1    1    1    1    1    0    0    0    1    0    1    1    0    1    1    1    1    1    0    0    0    0    0    0    1    1    0    1    0    0    0    0    0    1    1    0    0    1    0    0    0    0    0    1    1    1    0    0    1    0    0    0    1    1    0    0    1    0    0    0    1    1    0    0    1    1    1    1    0    1    1    0    0    1    1    1    1    0    0    0    0    0    0    1    0    0    0    0    0    1    1    0    0    0    0    0    0    0    1    0    1    0    1    0    0    0    1    1    0    0    1    0    1    1    1    0    0    0    0    0    0    0    0    0    1    0    1    1    1    1    0    0    0    1    1    1    1    0    0    
100    0.470512    0.876547    1    0    1    0    0    1    1    1    0    1    0    0    1    1    1    0    1    1    1    1    1    0    1    1    1    1    0    1    0    0    1    0    1    0    0    1    1    1    0    1    1    0    0    0    1    1    1    1    1    1    1    1    0    1    1    1    0    0    0    1    1    0    1    1    0    0    1    1    1    0    1    1    0    1    1    1    1    1    1    1    0    0    1    0    1    1    1    1    1    1    1    1    0    1    0    0    1    0    1    1    1    0    1    0    0    0    1    0    1    0    0    0    0    0    1    0    0    0    0    0    0    0    1    1    0    1    0    1    0    1    0    0    0    0    0    0    0    1    0    0    0    1    1    1    0    0    0    1    0    1    0    1    0    0    1    0    1    0    1    0    0    1    0    0    0    1    1    1    0    0    0    1    0    0    1    0    0    1    1    0    0    1    0    0    1    0    1    1    1    0    0    1    0    0    1    0    1    0    0    0    
100    0.946858    0.523075    1    1    1    1    1    1    1    1    0    1    1    1    1    1    0    0    0    1    1    1    0    1    1    0    0    1    1    1    1    1    1    1    1    1    1    1    0    1    1    1    1    1    1    1    1    1    0    1    1    1    1    1    1    1    1    1    1    1    1    1    1    1    1    1    1    1    1    0    1    1    1    1    1    1    1    1    1    1    0    1    1    1    1    1    1    1    1    0    0    1    1    1    1    1    1    0    1    1    1    1    1    0    0    0    1    0    1    1    1    0    1    1    0    0    1    0    0    0    0    0    0    1    0    0    1    0    0    1    1    0    0    1    1    1    0    0    0    0    0    0    0    1    1    0    0    1    1    1    0    1    1    0    0    0    0    0    1    1    0    1    1    1    0    0    0    0    0    0    1    0    0    1    1    0    0    0    1    0    1    1    0    1    0    0    1    1    0    1    1    0    0    1    0    1    1    0    1    0    0    1    
100    0.0217375    0.69242    1    1    1    1    1    1    1    1    1    1    0    0    1    1    1    1    1    1    1    1    1    1    1    1    1    1    0    1    1    1    1    1    1    1    1    1    1    1    1    1    1    1    1    1    1    1    1    1    1    1    1    1    1    1    1    0    1    0    1    1    1    1    0    1    1    1    1    0    1    1    1    1    1    1    1    1    1    1    1    0    0    1    1    1    1    1    1    1    1    0    1    1    0    1    1    0    1    1    1    1    0    1    1    1    1    0    0    0    0    0    0    0    1    1    0    0    1    0    0    0    0    0    0    1    1    0    0    1    0    0    0    1    1    0    1    1    0    0    1    1    0    0    0    1    1    0    0    1    1    0    1    1    0    0    1    1    1    1    0    1    0    1    0    0    1    0    0    0    0    1    0    0    0    1    0    1    0    0    0    1    0    1    0    0    0    0    0    0    0    1    0    1    0    1    0    0    0    1    1    0    
100    0.113862    0.273255    1    0    1    1    0    1    1    1    1    0    0    1    1    1    0    1    1    1    0    1    1    1    1    1    1    1    1    1    1    1    0    1    1    1    1    1    1    1    1    1    1    1    0    1    1    1    1    0    1    1    0    0    0    1    1    0    0    1    0    1    0    1    1    1    1    1    1    0    0    0    0    1    0    1    1    0    0    0    1    0    1    0    0    0    1    1    1    0    1    1    0    1    0    1    0    0    1    0    1    0    0    0    1    0    1    1    1    1    0    1    1    0    0    0    0    1    1    0    0    0    0    1    0    1    0    1    1    0    1    1    0    0    1    1    1    1    1    0    0    1    0    0    0    0    1    0    0    0    0    0    0    0    0    0    1    0    1    1    1    1    1    1    1    0    1    1    0    0    0    1    0    0    1    0    0    0    1    0    0    0    0    0    1    0    0    1    1    1    0    1    0    1    1    0    1    1    0    1    1    0    
100    0.560778    0.727743    1    0    1    0    1    1    1    0    1    1    1    1    1    0    1    0    1    1    1    1    1    0    1    1    1    1    1    0    1    1    1    0    1    1    1    1    1    1    1    1    1    1    1    1    1    1    1    1    1    1    1    0    0    1    1    0    1    0    1    1    0    1    1    0    0    1    1    1    1    1    0    1    1    0    1    1    1    1    1    1    1    1    1    1    1    0    1    1    1    1    1    1    1    1    1    0    1    1    1    0    1    0    1    0    0    0    0    0    1    1    0    1    0    0    1    1    0    1    0    0    1    1    1    1    0    1    0    1    0    1    0    0    1    1    0    1    0    1    0    0    0    1    0    0    0    0    1    1    0    1    1    0    1    0    0    0    0    0    0    0    1    1    0    0    1    1    0    0    0    1    0    0    0    1    0    0    0    0    0    0    1    0    0    0    1    0    1    1    0    0    0    1    1    0    1    1    1    0    1    0    
100    0.245702    0.319037    1    1    1    0    0    1    1    1    1    1    0    0    0    1    0    1    1    1    1    0    0    1    1    0    1    1    1    0    1    1    1    1    0    1    0    1    0    1    1    1    1    1    1    0    1    1    0    1    1    1    1    0    0    1    1    0    0    1    0    0    1    0    1    0    1    1    0    0    0    0    1    1    1    0    1    1    1    1    1    1    1    1    0    0    1    1    1    1    1    1    0    1    0    1    1    0    1    0    0    1    0    0    0    0    1    0    1    0    1    0    1    0    0    1    0    0    1    0    0    1    0    0    0    1    0    1    0    0    0    0    0    0    1    0    0    0    1    1    0    0    0    1    0    1    0    1    1    0    1    1    1    0    0    0    1    1    1    0    1    1    0    0    0    0    1    0    0    1    1    0    1    0    1    0    1    0    1    1    1    1    0    1    0    0    0    1    0    0    0    0    0    0    0    1    1    0    0    1    0    0    
100    0.997933    0.824003    0    1    1    1    1    1    0    0    0    1    1    1    0    1    1    1    0    1    0    0    1    1    0    1    1    1    1    1    0    1    1    1    1    1    0    1    1    0    1    1    0    1    0    1    1    1    0    1    0    0    0    1    1    0    1    1    1    1    0    1    0    1    1    0    1    1    1    0    1    0    1    1    1    1    1    1    1    1    1    1    1    1    1    1    1    1    0    0    1    1    1    1    1    0    1    1    1    1    1    1    1    1    1    0    0    0    1    1    0    1    1    0    0    0    1    1    0    1    1    1    1    0    1    0    1    0    1    0    1    1    0    1    1    1    0    0    0    0    1    0    1    1    1    1    1    1    1    0    0    1    0    1    0    1    1    0    0    0    0    0    0    0    1    1    0    1    0    0    0    0    0    0    0    0    0    1    0    0    1    0    0    1    0    0    0    1    0    1    0    0    1    0    1    0    0    0    1    1    1    0    
100    0.214464    0.869094    1    0    0    1    1    1    1    0    0    1    1    0    0    0    1    0    0    0    0    0    0    0    1    0    0    1    0    1    1    0    0    1    0    0    1    0    1    1    1    0    0    1    1    0    1    0    0    0    0    0    0    1    1    0    0    0    0    1    0    1    1    0    0    1    1    0    0    0    0    0    0    0    0    1    1    0    1    1    1    0    1    1    1    1    1    1    0    0    0    1    0    0    0    1    0    1    1    1    1    1    1    0    0    0    0    1    0    1    1    0    0    1    1    0    1    1    0    1    0    0    0    1    0    0    0    0    0    0    0    0    0    1    1    1    1    1    0    0    0    0    0    0    0    1    0    0    0    0    0    1    1    0    0    0    0    0    1    1    0    1    0    1    0    0    0    1    0    1    1    1    1    0    0    0    1    0    1    1    0    0    0    0    1    0    0    0    0    0    0    0    1    0    0    1    1    0    1    0    0    0    
100    0.838293    0.648858    1    1    1    1    1    1    1    1    1    1    0    1    1    1    1    1    0    0    0    1    1    1    1    1    1    1    1    0    1    1    1    1    1    1    1    1    0    1    1    1    1    1    1    1    1    1    0    1    1    1    1    1    1    1    1    1    0    1    1    1    1    1    1    1    1    1    0    0    1    0    1    1    1    1    1    1    0    1    1    1    1    1    1    1    1    1    1    1    0    1    1    1    1    1    0    1    1    1    0    0    0    0    0    0    1    0    0    1    0    1    0    1    1    0    0    0    0    0    1    0    0    1    0    0    1    1    0    1    1    1    0    1    0    0    0    1    1    0    0    1    0    0    1    0    0    1    0    0    1    1    0    1    0    0    0    0    1    1    0    0    0    0    0    1    1    0    1    1    0    0    1    1    1    0    1    0    0    0    0    0    1    1    1    0    1    1    0    1    0    0    0    0    0    0    0    0    0    1    1    0    
100    0.588794    0.17368    1    1    1    1    1    1    1    1    0    1    1    0    1    0    1    0    1    1    0    0    0    1    0    1    1    0    1    1    0    1    1    0    1    1    1    1    1    1    1    1    1    1    1    0    0    0    0    1    0    0    0    1    1    0    0    1    0    1    1    1    0    0    1    1    1    1    1    0    1    1    0    0    1    0    1    1    1    1    1    0    0    1    0    1    1    1    0    0    1    1    0    0    1    1    1    1    1    1    1    1    0    1    0    1    0    1    0    0    0    0    0    0    0    0    1    1    0    0    0    0    1    0    0    0    0    1    0    0    1    0    0    1    0    1    1    1    0    0    0    1    1    0    0    1    1    0    0    0    0    0    0    0    0    0    0    0    0    0    0    1    0    1    0    0    0    1    0    1    1    0    1    1    1    1    1    0    1    0    1    0    0    0    0    0    0    1    1    1    1    1    0    0    0    1    0    0    1    0    1    1    
100    0.488378    0.0732692    1    1    0    1    1    1    0    0    1    1    1    0    1    1    1    1    1    1    0    1    1    1    0    1    1    0    0    1    0    1    1    0    1    0    0    1    1    1    0    1    0    1    0    1    0    0    0    1    1    0    1    1    0    1    0    1    1    1    1    1    0    1    1    1    0    1    0    0    0    1    1    0    0    0    1    0    1    1    1    0    0    1    0    1    1    1    1    1    1    0    1    1    1    1    0    1    0    0    1    1    0    0    1    0    0    1    0    1    1    1    1    0    0    1    1    0    1    0    0    0    0    1    0    0    1    1    0    0    0    0    1    0    1    0    0    1    0    0    1    0    0    0    0    1    1    0    0    1    1    1    1    0    0    0    0    0    0    1    0    1    0    0    0    1    1    1    1    1    0    1    1    0    1    0    1    0    1    0    0    0    0    0    1    1    1    1    0    1    1    0    1    1    1    1    1    0    0    1    0    1    
100    0.501673    0.575412    1    1    0    0    0    0    1    1    0    1    0    1    1    1    1    1    1    0    1    1    1    0    1    1    0    1    1    1    0    1    1    0    0    1    1    1    0    1    1    1    1    1    0    0    1    0    1    1    1    0    1    1    1    0    0    1    1    0    1    1    0    1    1    1    1    1    0    0    0    1    0    0    1    0    1    1    1    1    1    1    1    1    1    1    1    1    1    1    0    1    1    1    1    0    1    0    0    1    1    1    0    0    0    1    0    1    1    0    0    1    1    1    0    1    0    0    1    1    0    0    1    1    0    0    0    0    0    0    1    1    0    0    0    0    1    1    0    1    0    0    1    1    0    1    1    1    0    0    0    0    0    0    1    1    0    1    0    1    1    0    1    1    0    1    0    0    0    1    1    1    1    1    1    1    0    1    1    0    0    0    1    0    1    0    0    1    1    1    0    1    1    1    1    1    1    0    0    0    0    0    
100    0.767823    0.771475    0    1    1    1    1    1    1    1    1    1    1    1    1    1    0    1    1    1    1    1    1    0    1    1    1    1    1    1    1    1    1    1    1    1    1    1    1    1    1    1    1    1    0    1    1    1    1    1    1    1    0    0    1    0    1    0    1    1    1    0    1    1    1    1    0    1    0    0    0    1    1    0    1    1    1    0    1    1    1    0    0    1    0    0    1    1    1    1    1    1    0    1    1    1    1    1    1    1    1    1    0    0    0    1    1    1    1    0    0    0    1    1    1    1    0    0    1    0    0    0    0    1    1    0    1    0    1    0    1    0    0    0    1    1    0    0    0    1    1    1    1    1    0    0    0    1    0    0    1    0    1    1    0    0    0    0    0    1    0    1    0    0    0    0    0    0    0    1    1    1    0    0    0    0    0    0    1    0    1    0    0    0    1    1    1    0    0    0    1    0    1    0    1    1    0    1    1    1    0    1    
100    0.933873    0.693903    0    1    1    1    1    1    1    1    1    1    1    1    1    1    1    1    1    0    1    1    0    1    1    1    1    1    1    0    1    1    1    1    1    1    1    1    1    1    1    0    1    1    1    1    1    1    1    1    0    1    1    1    1    1    1    1    0    1    0    1    1    1    1    1    1    1    1    1    1    1    0    1    1    1    1    0    1    1    1    1    0    0    1    1    1    1    1    1    0    0    1    1    1    1    1    1    1    1    1    1    1    0    0    0    0    1    0    1    0    0    0    0    0    1    0    1    0    1    0    0    1    0    0    1    0    1    1    1    1    0    1    0    1    1    1    0    0    0    1    0    0    1    0    0    0    0    0    1    0    0    1    0    0    0    1    1    1    1    1    1    0    0    0    0    1    0    1    0    0    1    0    0    0    1    0    1    1    0    0    1    0    0    0    1    1    0    0    1    1    0    1    1    0    1    0    0    1    1    1    0    
100    0.488628    0.216337    0    1    1    1    1    1    1    0    1    0    0    0    0    0    1    0    1    1    0    1    0    0    1    1    1    1    1    0    0    1    1    0    1    0    1    0    1    1    1    0    1    1    1    1    1    1    1    0    1    1    1    1    1    0    0    1    1    0    1    0    0    1    1    1    1    0    1    0    1    1    1    1    1    0    0    1    1    0    1    1    1    1    0    1    1    0    0    0    0    0    0    0    1    0    1    1    0    1    1    0    1    1    0    0    0    0    1    0    0    0    1    0    1    0    0    0    0    1    0    0    0    0    1    1    1    0    0    0    1    0    0    0    0    0    0    0    1    0    1    0    1    1    0    1    1    0    0    1    0    0    0    0    1    1    0    0    1    1    0    1    0    1    0    1    1    1    1    1    0    1    1    0    0    0    1    0    1    0    0    0    0    0    1    0    0    1    1    0    1    1    0    0    1    1    0    0    0    0    0    0    
100    0.790128    0.571659    1    1    1    1    1    1    1    1    1    1    1    0    1    1    0    0    1    1    1    1    1    1    1    1    1    0    1    0    1    1    1    1    1    0    1    1    0    0    1    1    1    1    0    1    0    1    1    1    0    1    1    0    1    0    1    1    1    1    1    1    1    1    0    1    1    0    1    1    0    1    0    1    1    1    0    1    1    1    1    1    1    1    1    0    1    1    0    1    1    1    1    1    0    1    1    1    1    0    1    1    1    0    0    1    1    1    1    1    0    1    0    0    0    0    1    1    1    1    1    0    0    0    1    0    0    1    0    0    0    1    1    0    1    1    0    1    0    0    0    0    1    0    0    0    0    0    0    1    1    1    1    0    0    0    1    1    1    0    1    0    1    1    0    1    1    0    1    1    0    0    0    1    0    1    1    0    1    0    0    0    0    0    0    1    0    1    1    1    1    0    0    0    1    1    1    1    1    1    0    0    
100    0.851547    0.670152    1    1    1    1    1    1    0    1    1    1    0    1    1    1    0    1    1    0    1    1    1    0    1    0    1    1    1    1    1    1    1    1    1    1    1    1    0    1    1    1    0    1    1    1    1    1    1    1    1    0    1    1    0    1    1    1    1    1    1    1    1    1    1    1    1    1    1    1    0    1    1    1    1    1    1    1    1    1    0    1    1    1    1    0    1    1    1    1    1    1    1    1    1    1    0    1    1    1    1    0    1    0    0    1    0    1    1    1    0    0    0    1    0    1    0    0    0    1    0    0    1    1    0    0    0    0    1    0    1    0    0    0    1    1    0    0    1    0    1    1    0    1    0    1    0    0    0    0    1    1    1    0    1    1    0    0    1    1    0    1    0    0    1    0    1    1    1    0    0    1    0    0    0    0    0    1    1    0    1    1    1    0    0    1    0    0    1    0    0    1    0    1    0    0    0    1    0    0    1    0    
100    0.993265    0.403382    1    0    1    1    1    1    1    1    1    0    1    0    1    1    1    1    1    1    1    1    1    1    1    1    1    1    1    0    1    0    1    0    1    1    1    1    1    1    0    1    1    1    1    0    1    1    1    1    1    1    0    1    1    1    0    0    1    0    0    1    0    1    1    1    1    1    1    1    0    1    1    0    1    1    1    1    1    0    0    1    1    1    1    1    1    1    1    1    1    1    0    1    1    1    1    1    1    1    1    1    1    1    0    0    1    0    0    1    0    0    0    0    0    0    1    0    0    1    0    1    0    0    1    0    0    1    1    1    0    1    0    1    0    0    1    1    0    0    1    0    0    1    1    0    0    1    0    1    1    0    1    0    0    1    1    1    0    0    1    1    1    0    1    0    1    1    0    1    1    1    0    0    0    1    1    0    0    1    1    0    0    1    1    0    0    0    1    0    0    1    1    0    0    1    1    0    1    1    0    0    
100    0.993046    0.215534    1    0    1    1    1    1    1    1    0    1    1    1    1    0    1    0    1    1    1    0    0    1    1    1    0    1    0    1    1    1    0    1    1    1    1    1    0    1    0    1    1    0    1    1    1    1    1    1    1    1    1    0    1    1    0    1    0    0    1    1    1    1    0    1    1    1    1    0    0    0    1    1    1    0    0    1    0    0    1    1    1    1    1    0    1    0    1    1    0    1    1    1    0    0    1    1    1    0    1    1    1    1    1    1    0    1    1    1    1    0    0    1    0    0    0    1    0    0    0    1    1    0    1    0    0    1    0    1    0    0    1    0    0    0    1    0    0    0    1    1    0    0    1    0    1    1    1    0    1    1    1    0    1    1    0    0    1    1    1    0    1    0    0    1    0    0    1    0    0    1    0    0    1    1    1    0    1    0    0    0    1    0    0    0    0    1    1    1    0    0    0    0    1    0    0    0    1    0    0    1    
100    0.23389    0.0189828    0    1    0    0    0    0    1    1    1    1    0    1    0    1    0    0    0    1    0    1    0    1    0    1    1    1    0    0    1    1    1    0    1    0    0    0    1    0    1    0    1    1    1    0    0    1    0    1    0    0    0    0    0    0    0    1    0    0    0    0    1    0    0    1    1    1    1    1    0    1    0    0    0    1    0    1    0    1    0    1    1    1    1    1    1    1    1    1    1    1    0    0    0    1    0    0    0    1    0    0    0    1    1    0    1    0    0    0    1    1    0    1    0    0    1    0    1    0    0    0    0    1    0    0    1    0    0    0    0    0    0    1    0    1    0    1    1    0    0    1    0    0    0    0    0    0    1    1    0    0    1    0    1    0    0    1    1    0    1    0    1    0    0    0    0    0    1    0    1    0    0    0    0    0    1    0    0    0    1    0    1    1    1    1    1    0    0    1    1    0    0    1    1    0    1    1    0    1    0    0    
100    0.980613    0.881934    1    0    1    1    1    1    1    1    1    1    1    1    0    1    0    1    1    1    1    1    1    1    1    1    1    1    0    1    1    1    0    0    1    1    1    1    1    0    1    1    1    0    0    1    1    1    1    1    0    1    1    1    1    0    1    1    1    0    1    1    1    1    1    1    1    1    0    1    1    1    0    1    0    1    1    1    1    1    1    1    1    1    1    1    1    1    1    1    1    1    1    0    1    1    0    1    1    0    1    1    0    0    1    0    1    0    1    1    0    0    0    1    0    0    0    0    1    0    0    0    0    0    0    0    0    0    0    0    1    1    0    1    1    1    1    1    0    1    0    0    1    0    0    0    1    0    0    0    1    1    1    1    0    1    1    0    1    0    1    0    1    0    0    0    1    1    1    1    1    1    0    1    0    1    0    0    0    1    0    1    1    1    1    1    0    0    1    0    0    1    0    1    0    0    0    1    1    0    0    1    
100    0.099223    0.670031    1    1    1    1    0    1    1    0    1    1    1    1    1    1    1    1    1    1    0    1    1    1    1    0    1    1    1    1    1    1    1    1    1    0    1    0    1    1    1    1    1    1    1    1    0    1    1    1    1    1    1    1    0    1    0    1    0    0    1    1    0    1    1    0    1    0    1    1    0    1    0    1    1    1    1    1    1    0    1    1    1    0    1    0    1    1    1    1    1    1    0    1    1    1    1    0    1    1    1    1    1    0    0    1    0    0    1    0    0    0    1    0    1    1    1    1    0    1    0    0    0    0    0    0    1    0    1    0    0    0    0    1    0    1    1    1    0    1    0    1    1    0    1    0    0    0    0    0    0    1    1    1    1    1    1    0    0    0    0    0    0    1    0    0    1    1    1    0    1    0    0    0    0    0    1    0    1    0    0    0    0    0    0    0    0    1    0    1    0    1    0    0    1    1    1    0    1    0    0    1    
100    0.6328    0.470871    0    1    1    1    1    1    0    1    0    0    1    0    1    1    0    1    1    0    0    0    1    0    0    1    1    0    0    1    0    1    0    0    1    1    1    1    0    1    1    1    0    1    1    0    1    1    1    1    0    0    1    0    0    0    0    1    0    1    1    0    1    1    0    0    1    1    1    1    0    1    0    0    1    1    1    1    1    0    1    1    0    1    1    1    1    1    1    1    1    1    0    1    1    0    1    1    1    0    1    1    0    0    1    0    1    0    0    0    1    0    0    1    1    1    0    1    1    1    1    0    0    0    1    0    1    1    0    0    1    0    0    1    0    0    0    0    0    0    0    0    1    0    0    0    1    0    0    0    1    0    1    0    1    0    0    1    1    0    0    1    0    0    0    1    0    1    0    0    1    0    1    0    0    0    0    1    1    1    1    1    0    0    1    1    0    0    0    1    0    1    1    1    0    0    1    1    1    1    1    0    
