50    0.975497    0.0364839    1    1    1    1    1    1    1    1    1    1    1    1    1    1    1    1    1    1    0    1    1    1    1    1    1    1    1    1    0    1    1    1    1    1    1    1    1    1    1    1    1    1    1    1    1    1    1    1    1    1    1    1    1    1    1    1    1    1    0    1    0    1    1    1    1    1    1    1    1    1    1    1    1    1    1    0    1    1    1    1    1    1    1    1    1    1    1    1    1    1    1    1    1    1    0    1    1    1    1    1    1    1    0    0    0    0    1    0    1    1    1    0    0    1    1    1    0    1    1    0    1    0    1    0    0    0    1    0    1    0    0    0    0    1    1    0    0    0    1    0    0    1    0    0    0    1    0    0    0    1    1    1    0    0    0    0    0    0    1    0    1    1    1    0    0    0    1    0    1    0    0    1    0    1    1    0    0    0    0    0    0    0    0    0    0    1    0    0    0    1    1    1    0    0    0    0    1    0    0    0    
50    0.11926    0.615911    1    1    1    1    0    1    1    1    1    1    1    1    1    1    1    1    1    1    1    0    1    1    1    1    1    1    1    1    1    1    1    0    1    0    1    1    1    1    1    1    1    1    1    1    1    1    1    1    1    1    1    1    1    1    1    1    1    1    1    1    1    1    1    1    1    1    1    1    1    1    1    1    1    1    1    1    1    1    1    1    1    1    1    1    1    1    1    1    1    0    1    1    1    1    1    1    1    1    1    1    0    1    1    1    1    1    0    1    1    1    0    0    0    0    0    0    0    0    0    0    1    1    1    0    1    1    1    0    0    1    0    1    1    0    0    0    0    0    1    1    0    0    0    0    0    1    0    0    1    0    1    0    1    0    0    1    1    0    0    0    1    0    1    1    0    0    0    0    0    0    0    1    0    1    1    0    1    1    1    0    0    0    0    0    0    0    1    0    0    1    1    0    0    0    0    1    1    0    0    1    
50    0.83014    0.256503    1    1    1    1    0    0    0    1    1    1    1    1    1    0    1    1    1    1    1    1    1    1    1    1    1    1    1    1    1    1    0    1    1    1    1    1    1    1    1    1    1    1    1    1    1    1    1    1    0    1    1    1    1    1    1    1    1    1    1    1    1    1    1    1    1    1    1    1    1    1    1    1    1    1    1    1    1    1    1    0    1    1    1    1    1    1    1    1    1    1    1    1    1    1    1    1    1    1    1    1    0    1    1    1    0    1    0    1    0    1    0    0    1    1    0    0    0    0    1    0    0    0    1    1    0    1    1    0    0    1    1    0    1    1    0    0    0    0    1    1    1    1    0    1    0    1    1    0    0    0    0    1    1    1    1    1    0    1    1    1    0    0    0    0    0    0    0    0    1    0    0    0    1    0    0    0    0    0    1    0    0    0    0    0    0    1    0    1    1    1    0    0    1    1    0    1    0    0    0    0    
50    0.160026    0.293518    1    1    1    0    1    1    1    1    1    1    1    1    1    1    0    0    1    1    0    1    1    1    1    1    0    1    1    1    1    1    0    1    1    1    1    1    1    1    1    1    0    1    0    1    1    1    1    0    1    1    0    1    1    1    0    1    1    1    1    1    1    1    1    1    1    1    1    1    1    1    1    1    1    0    1    1    1    1    1    1    0    1    1    1    1    1    1    1    1    1    1    1    1    1    1    1    1    0    1    1    0    0    0    0    1    0    1    0    0    0    0    1    0    0    1    0    0    0    0    0    0    0    0    0    0    1    0    0    0    0    0    1    1    0    0    1    1    1    0    1    0    0    0    0    1    0    0    0    0    0    1    1    0    1    1    1    0    1    1    0    1    1    0    0    0    0    1    0    0    0    0    1    0    1    0    1    1    1    1    0    1    0    0    0    1    0    0    1    0    0    0    0    1    0    0    1    1    0    0    0    
50    0.8433    0.391644    1    1    1    1    1    1    1    1    1    0    1    1    1    1    1    1    1    1    1    1    1    1    1    1    1    0    1    0    1    1    1    1    1    1    1    1    1    1    1    1    1    1    1    1    1    1    1    1    1    1    1    1    1    1    1    1    1    1    1    1    1    1    1    1    0    1    1    1    1    1    1    1    1    1    1    1    1    1    1    1    1    1    1    1    1    1    1    1    1    1    1    1    1    1    1    1    0    0    1    1    1    0    0    1    0    0    1    0    1    1    0    1    1    0    1    0    1    0    1    0    1    1    1    0    0    1    0    0    0    1    0    1    0    0    0    0    0    1    1    0    0    0    1    0    1    1    0    1    0    0    0    1    0    0    1    0    0    1    0    1    1    1    0    0    0    0    0    0    1    0    0    1    0    0    0    0    1    0    1    1    1    1    1    1    0    1    1    0    0    0    1    0    0    0    1    0    1    0    1    0    
50    0.751647    0.242388    1    1    1    1    1    1    0    1    1    1    1    1    1    1    1    1    1    1    1    1    1    1    1    1    1    1    1    1    1    1    1    1    1    1    1    1    0    1    1    1    0    1    1    1    1    1    0    0    1    1    1    0    1    1    1    1    0    1    1    1    1    1    1    1    1    1    1    1    1    1    1    1    1    1    1    0    1    1    1    1    1    1    1    1    1    1    1    1    1    1    1    1    1    1    1    1    1    0    1    1    1    1    0    1    0    1    0    0    0    0    0    1    0    0    0    1    0    0    0    1    0    0    0    0    1    0    1    0    0    0    0    0    0    1    0    1    0    0    0    1    1    0    0    1    1    0    1    0    1    0    0    0    1    0    0    0    0    0    0    0    1    1    0    0    0    0    0    0    0    1    1    0    1    0    1    0    0    0    0    1    1    0    1    1    0    1    1    1    0    1    1    1    0    0    0    0    1    0    1    1    
50    0.0648405    0.513478    1    1    1    0    1    0    1    1    1    1    1    1    1    1    1    1    1    1    0    1    1    1    0    1    1    1    1    1    1    1    1    0    1    1    1    1    1    0    1    1    1    1    1    1    1    1    1    0    1    1    1    0    1    1    1    1    0    1    1    1    1    1    1    0    1    1    1    1    1    1    1    1    1    0    1    1    1    1    1    1    1    1    1    1    1    1    1    1    1    1    1    0    1    1    1    1    1    1    1    1    0    1    0    1    1    0    1    0    0    1    1    1    1    0    0    0    0    0    0    1    1    0    0    1    0    1    0    0    0    1    0    0    1    0    1    1    0    0    1    1    0    1    0    1    0    1    1    0    0    1    1    0    0    0    0    0    0    0    0    0    1    0    1    1    0    1    0    1    0    0    0    0    1    0    1    0    0    0    0    0    0    0    1    1    0    0    0    0    0    0    0    0    0    1    0    0    1    0    0    1    
50    0.167836    0.0756548    1    1    1    1    1    1    0    1    1    1    1    0    1    1    1    1    1    1    1    1    1    1    1    1    1    1    1    1    1    1    0    1    1    1    1    1    1    0    1    1    1    1    0    1    1    1    1    1    0    1    1    1    1    1    1    1    0    1    1    1    1    1    1    1    1    1    1    1    1    1    1    1    1    1    1    1    0    1    1    1    0    1    1    1    1    1    1    1    1    1    1    1    1    1    1    1    1    1    1    1    1    1    0    0    0    1    1    0    1    1    0    0    1    0    0    0    1    1    0    0    0    0    0    0    0    0    0    0    0    0    1    1    0    1    1    0    0    1    0    1    1    0    0    1    0    1    1    1    0    0    0    0    1    0    0    0    1    1    0    0    1    0    0    0    0    0    1    1    0    0    1    0    1    0    1    0    1    0    1    0    0    1    0    1    0    1    0    1    0    1    0    0    1    1    1    0    0    0    0    0    
50    0.790628    0.976145    1    1    1    0    1    0    1    1    1    0    1    1    1    1    1    1    1    1    1    1    1    1    0    1    1    1    1    1    1    1    1    1    1    1    1    1    1    0    1    1    1    1    1    1    1    1    1    1    1    1    1    1    1    1    1    0    1    0    0    1    1    0    1    1    0    1    1    1    1    1    1    1    1    1    1    1    1    1    1    1    1    1    1    1    1    1    1    0    1    1    1    1    1    0    1    1    1    1    0    1    0    0    1    0    0    0    0    0    0    0    0    1    0    0    1    0    1    0    1    1    0    1    0    0    0    0    0    0    0    1    0    0    0    1    0    1    0    0    0    0    1    0    0    1    1    0    0    0    1    1    1    0    1    0    0    1    0    0    0    1    0    1    1    0    0    0    0    1    1    0    1    0    1    1    1    1    1    0    1    0    0    0    0    0    1    1    0    0    0    1    1    0    0    0    0    0    0    0    0    0    
50    0.262253    0.227819    1    1    1    0    1    1    1    0    1    1    1    1    1    1    1    1    1    1    1    1    1    1    1    1    1    1    0    1    1    1    1    1    1    1    1    1    1    1    1    1    1    1    1    1    0    1    1    1    1    1    1    1    1    1    1    1    1    1    1    1    1    1    1    1    1    1    1    1    1    1    1    1    0    1    1    1    1    1    1    1    1    1    1    1    1    1    1    1    1    1    1    1    1    1    0    1    1    0    1    1    0    0    0    0    1    0    0    0    0    1    1    0    1    1    0    0    0    0    0    0    1    1    1    0    0    0    0    0    0    0    1    0    0    0    0    0    1    0    0    0    0    1    0    0    0    1    0    1    0    1    0    1    0    1    0    0    1    0    0    1    0    0    0    0    1    0    1    1    0    1    0    1    0    0    1    1    0    1    1    0    0    0    0    1    1    1    0    1    1    1    1    0    0    1    1    0    0    0    0    0    
50    0.327648    0.584571    1    1    1    1    1    1    1    1    1    1    1    1    1    1    1    1    1    1    1    1    1    1    1    1    0    1    1    1    1    0    1    1    1    1    1    1    1    1    1    1    1    1    1    1    1    1    1    1    1    1    1    1    1    1    1    1    0    1    1    1    0    1    1    1    1    1    1    1    1    1    1    1    0    1    1    1    1    1    1    1    1    1    1    1    1    1    1    1    1    1    1    1    1    1    1    1    0    0    0    1    1    0    0    1    0    0    0    0    1    0    1    1    0    0    0    1    0    0    0    0    0    1    0    1    0    0    0    0    1    0    0    1    1    1    1    0    1    1    1    0    1    1    0    0    0    0    1    0    0    0    1    1    0    0    0    1    1    0    0    1    0    0    1    0    1    0    0    1    0    1    1    1    0    0    1    0    1    1    0    0    0    0    0    0    0    1    1    0    1    0    1    0    1    1    0    1    0    0    1    0    
50    0.214368    0.13499    1    1    1    1    1    1    0    1    1    0    1    1    1    1    1    1    1    1    1    1    1    1    1    0    1    1    1    1    1    1    1    1    1    1    1    1    1    1    1    1    0    1    1    1    1    1    1    1    1    1    1    0    1    1    1    1    1    1    1    1    0    0    1    1    1    1    1    1    1    1    1    0    1    0    1    1    1    1    1    1    1    1    1    1    1    1    1    1    1    1    1    1    1    1    1    1    1    1    1    1    0    1    0    0    0    0    1    0    0    1    0    1    0    0    1    1    1    0    1    0    1    0    0    1    1    1    1    1    0    0    1    1    0    1    1    1    0    1    1    1    0    0    1    0    1    1    0    0    0    0    1    0    1    0    0    0    1    0    0    1    0    0    1    1    0    1    1    0    0    0    1    1    1    0    0    1    0    0    0    1    1    1    0    0    1    0    0    1    0    1    1    0    1    0    0    0    0    0    1    0    
50    0.203405    0.294081    1    1    1    1    1    1    1    1    1    1    0    1    1    1    1    1    1    1    1    1    1    1    1    1    1    1    0    1    1    0    1    0    1    1    1    1    1    1    1    1    1    1    1    1    1    1    1    0    0    1    1    1    0    1    1    1    0    1    1    1    1    1    1    0    1    1    1    1    1    1    1    1    1    1    1    1    1    1    1    1    1    0    1    1    1    1    1    1    1    1    0    1    1    1    1    1    1    1    1    1    0    1    0    0    0    1    1    1    1    1    0    1    0    0    1    0    0    0    0    1    1    0    0    0    0    0    1    1    1    1    0    0    0    0    1    1    1    0    0    0    1    1    0    0    0    0    0    0    0    1    0    0    0    1    1    0    0    0    1    0    0    1    0    0    0    1    0    1    0    0    1    0    0    1    0    1    0    1    1    0    0    1    1    0    0    0    1    0    1    0    0    0    1    1    1    1    1    1    1    0    
50    0.416062    0.490406    1    0    1    1    1    1    1    1    1    1    0    1    1    1    1    1    1    1    1    1    0    1    1    1    1    1    1    1    1    1    1    1    1    1    1    0    1    1    1    1    1    1    1    1    1    1    1    1    1    1    1    1    1    1    1    0    1    1    1    1    1    1    1    1    1    1    1    1    1    0    1    1    1    1    1    1    1    1    1    1    1    1    1    1    1    1    1    1    1    1    1    1    1    1    0    1    1    0    0    1    1    0    1    0    0    1    0    0    0    1    0    0    1    0    0    0    0    0    1    1    0    0    0    1    0    0    1    0    1    1    1    0    0    0    1    1    0    0    0    0    1    1    0    0    0    1    1    0    1    1    1    0    0    1    1    0    0    0    0    1    1    1    0    1    0    0    0    0    0    1    1    1    0    0    1    0    1    1    0    0    0    1    0    1    0    0    0    0    0    0    0    0    1    1    1    0    1    1    0    0    
50    0.825925    0.457633    1    1    1    1    1    1    1    1    1    1    1    1    1    1    1    1    1    1    1    1    1    1    1    1    1    1    1    1    1    1    1    1    1    1    1    1    1    1    1    0    1    1    0    1    0    1    1    1    1    1    1    0    1    1    1    1    1    1    1    1    1    1    1    0    1    1    1    1    1    1    0    1    1    1    0    1    1    1    1    1    1    1    1    1    1    0    1    1    1    1    1    1    1    1    1    1    1    1    1    1    1    0    0    0    0    1    0    0    1    1    0    0    0    1    0    1    0    0    0    0    0    1    0    1    1    0    1    0    0    0    0    1    1    0    1    0    1    1    0    1    1    0    1    1    0    0    0    0    0    0    0    0    1    0    0    0    0    1    1    0    1    0    1    1    0    0    0    0    0    0    0    0    0    1    1    0    0    0    0    1    0    0    1    1    0    1    0    0    0    0    1    1    0    0    0    0    0    1    1    0    
50    0.648128    0.376941    1    1    1    1    1    1    1    1    1    1    1    1    1    0    1    0    1    1    1    1    0    1    1    1    1    1    1    1    1    1    1    1    1    1    0    1    1    1    1    1    1    0    1    1    1    1    1    1    1    1    1    1    1    1    1    1    1    1    1    1    1    1    1    1    1    1    1    1    1    1    1    1    1    1    1    1    1    0    1    1    1    1    1    1    1    1    1    1    1    1    0    1    1    0    1    1    0    0    1    1    0    0    1    0    1    0    0    0    0    0    0    0    1    0    0    0    1    0    1    1    0    0    0    0    1    0    0    0    1    1    1    1    0    0    1    0    0    1    0    0    0    1    0    0    1    0    1    0    0    1    0    0    1    0    0    0    1    0    1    1    1    1    0    1    1    0    0    0    1    0    1    0    0    0    1    1    0    0    0    0    1    1    0    0    1    0    0    0    1    1    0    0    0    0    0    0    1    0    1    1    
50    0.884138    0.275564    1    1    1    1    1    1    1    1    0    1    0    1    1    1    1    1    1    1    1    1    1    1    1    1    1    1    1    0    1    1    1    0    1    1    1    1    1    1    1    1    1    1    1    1    1    1    1    1    1    1    1    1    1    1    1    1    1    1    1    1    1    1    1    1    1    1    1    1    1    1    0    1    1    1    1    1    1    1    1    1    1    0    1    1    1    1    1    1    1    0    1    1    1    0    1    1    1    1    1    1    0    1    1    0    0    0    1    0    1    1    1    0    0    1    1    1    0    0    0    0    0    0    1    0    0    1    1    0    0    0    0    1    0    1    0    0    0    0    0    1    1    1    0    0    0    0    0    0    0    1    0    1    0    1    0    1    0    0    0    0    1    0    1    0    0    0    0    0    1    0    1    1    1    0    0    1    1    1    0    0    1    1    0    0    0    1    0    1    1    1    0    1    1    0    1    0    1    0    1    1    
50    0.611594    0.0682005    1    1    1    1    1    0    1    1    1    0    1    1    1    1    1    1    0    1    1    1    1    1    1    1    1    1    1    1    1    0    1    0    0    1    1    0    1    1    1    0    1    1    1    1    1    1    1    1    1    1    1    1    0    1    0    0    1    1    1    1    1    1    1    1    1    1    0    1    1    1    1    0    1    1    1    1    1    1    1    1    0    1    1    1    1    1    1    1    1    1    1    1    1    1    1    1    1    1    1    1    1    1    1    1    1    1    1    0    0    1    1    1    0    0    0    0    0    0    1    0    1    0    1    0    0    0    0    1    0    0    0    0    0    0    1    1    1    0    1    1    1    1    0    0    0    0    1    0    1    0    0    0    1    0    1    0    0    0    0    1    0    1    1    1    1    1    0    1    1    1    0    1    1    0    0    1    1    0    0    0    1    0    1    0    0    0    0    0    0    0    0    1    1    1    0    0    1    0    0    0    
50    0.999437    0.207004    1    1    1    1    1    1    1    1    1    1    1    1    1    1    1    1    1    1    1    1    1    1    1    1    1    1    1    1    1    1    0    1    1    1    1    1    1    1    1    1    1    1    1    1    1    1    1    1    1    1    1    1    1    1    1    1    1    1    1    1    1    1    1    1    1    1    1    1    1    1    1    1    1    1    1    1    1    1    1    1    1    1    1    1    1    1    1    1    1    1    1    1    1    1    1    1    1    1    0    1    0    1    0    1    0    0    0    0    0    0    0    0    0    0    0    1    0    1    1    1    1    0    1    0    1    0    0    0    0    1    1    1    0    0    1    1    1    0    1    0    0    0    0    0    0    0    1    0    1    1    1    0    0    0    1    1    0    0    0    0    1    0    1    0    0    0    0    0    1    0    0    1    0    0    0    0    1    0    1    0    0    0    0    0    0    0    0    1    0    0    0    1    0    0    0    0    0    1    0    0    
50    0.056953    0.583289    1    1    1    1    1    1    1    1    1    1    1    0    1    0    0    1    1    1    1    1    1    1    1    1    1    1    1    1    1    0    1    1    1    1    1    0    0    1    1    1    1    1    1    1    1    1    1    0    1    0    1    1    1    1    1    1    1    1    1    1    1    1    0    1    1    1    1    1    1    1    1    1    0    1    1    1    1    0    1    1    1    1    1    1    1    1    1    1    1    1    0    1    1    1    1    1    0    0    1    1    1    0    1    0    1    1    0    0    0    0    0    1    0    0    1    0    0    0    0    0    1    0    0    0    0    1    0    0    1    0    0    0    1    1    0    1    0    0    0    0    1    0    0    1    1    0    0    1    0    1    0    1    1    0    0    0    0    1    1    0    0    0    1    1    1    0    0    1    0    0    0    1    0    0    0    0    1    0    1    0    1    1    0    1    0    1    1    0    1    0    0    0    0    0    0    0    0    0    1    0    
50    0.661354    0.465316    0    0    1    1    1    0    0    1    1    1    0    1    1    1    1    1    1    1    1    1    1    1    1    1    1    1    1    1    1    1    1    1    1    1    1    1    1    1    1    1    1    1    1    1    1    1    1    1    1    1    1    1    1    1    1    1    1    1    1    1    1    1    1    1    1    1    1    1    1    0    1    0    1    1    0    1    1    1    1    1    1    1    1    1    1    1    1    1    1    1    1    1    1    0    1    1    1    1    1    1    0    1    1    1    0    0    0    0    0    0    0    0    1    0    0    0    0    0    0    1    1    0    0    0    0    0    0    0    0    0    0    1    1    0    0    1    0    1    0    1    0    0    1    0    0    0    1    1    0    0    0    0    0    1    1    0    1    0    1    1    1    0    0    0    0    1    1    0    1    0    0    0    0    0    0    0    1    0    0    1    1    0    1    1    0    0    0    0    1    1    0    0    0    0    0    0    0    0    1    1    
50    0.837599    0.825088    1    1    1    0    1    1    1    1    1    1    1    1    1    1    1    1    1    1    1    1    1    1    1    1    1    1    1    1    1    0    1    1    1    1    1    0    1    0    1    1    1    1    1    0    1    1    1    1    1    1    1    1    1    1    1    1    1    1    1    1    1    1    1    1    1    1    1    1    0    1    1    1    1    0    1    1    1    1    1    1    1    1    1    1    1    0    1    1    1    1    1    1    0    1    1    1    1    1    1    1    0    1    1    0    0    0    0    0    1    1    1    1    0    0    0    0    1    0    0    0    0    0    0    0    1    0    1    0    1    0    0    0    0    0    1    1    1    1    1    0    0    0    0    0    0    0    1    1    1    1    0    1    0    1    1    1    0    1    1    0    0    0    0    0    0    0    1    0    1    0    0    1    0    0    0    0    0    1    0    1    0    1    0    1    0    0    0    0    0    0    0    0    1    0    0    0    0    0    1    0    
50    0.6887    0.476218    1    1    1    1    1    1    1    1    1    1    1    1    1    1    1    1    1    1    1    0    1    1    1    1    1    1    0    1    1    1    1    1    1    1    1    1    1    1    1    1    1    1    1    1    1    1    1    0    1    1    0    1    1    1    1    1    1    1    1    1    1    1    1    1    1    1    1    1    1    1    0    1    1    1    1    1    1    1    1    1    1    1    1    1    1    1    1    1    1    1    1    1    1    0    1    1    1    1    1    1    1    0    1    1    0    1    1    1    0    0    1    0    1    1    1    0    1    0    0    0    1    0    1    1    1    0    0    0    0    1    0    1    0    0    1    0    0    1    0    0    1    1    0    0    0    0    0    0    0    0    0    1    1    1    0    0    0    1    1    0    0    0    0    1    0    0    0    1    0    0    0    1    0    1    1    1    0    1    0    0    1    0    0    0    0    0    0    1    0    1    0    0    1    1    1    1    1    0    1    1    
50    0.925272    0.263217    1    1    1    1    1    1    1    1    1    1    0    1    1    1    1    1    1    1    1    1    1    1    0    1    1    1    1    0    1    1    1    1    1    1    1    1    1    0    1    1    1    1    1    1    0    1    1    1    1    1    1    1    1    1    1    1    1    1    1    1    0    1    1    1    0    1    1    1    1    1    1    1    1    1    1    1    1    1    1    1    1    1    1    1    0    1    1    0    1    1    1    0    1    1    1    0    1    1    1    1    0    1    1    0    1    0    0    1    1    0    1    1    0    0    0    1    1    0    0    1    0    0    1    1    1    0    1    1    1    0    0    0    0    1    0    0    1    1    1    1    0    0    1    1    0    1    1    0    0    0    0    0    0    0    0    1    1    1    1    0    0    1    1    0    0    0    1    1    0    0    0    0    0    1    0    0    1    0    0    1    0    0    1    1    0    1    1    0    0    0    1    1    1    0    0    0    1    1    1    0    
50    0.54402    0.170492    1    1    1    1    1    1    1    1    1    1    1    1    1    1    1    1    1    1    1    1    1    1    1    1    1    1    1    1    1    1    1    0    1    1    1    1    1    1    1    0    1    1    1    1    1    1    1    1    1    1    1    1    1    1    1    1    1    1    1    1    1    1    1    1    1    1    1    1    0    1    0    1    1    1    1    1    1    1    1    1    0    1    1    1    0    1    0    1    1    1    1    1    0    1    1    1    1    1    1    1    0    0    1    1    0    1    1    0    1    1    0    0    0    0    0    1    0    0    1    0    1    0    0    0    1    0    0    1    1    1    1    0    0    1    0    1    1    0    1    1    1    1    0    1    0    1    1    1    0    1    1    0    0    1    1    0    1    1    0    1    1    0    0    0    1    1    0    0    1    1    0    1    1    1    1    1    0    1    0    0    0    0    1    0    0    1    1    0    0    0    0    0    0    1    1    1    1    1    0    1    
50    0.4549    0.92853    1    1    1    1    1    1    1    0    1    1    1    1    1    1    1    1    0    1    1    1    1    1    1    1    1    1    1    1    1    1    1    1    1    0    0    0    1    0    1    1    0    1    1    1    1    1    1    1    1    1    1    1    1    1    1    1    1    1    1    1    1    1    1    1    1    1    1    1    1    1    1    1    1    1    1    1    1    1    1    1    1    1    0    1    1    1    1    1    1    1    1    1    0    1    1    1    0    1    1    1    0    1    1    0    0    1    0    1    1    1    0    1    0    1    0    1    0    0    0    1    1    0    0    1    0    0    0    1    0    0    1    1    1    0    1    0    0    0    0    0    0    1    0    1    0    0    0    1    0    0    1    1    0    0    1    0    0    1    0    1    0    1    1    0    0    0    0    0    1    1    0    1    0    1    0    0    0    0    1    0    0    0    1    0    0    1    1    0    1    0    1    1    1    0    0    0    0    1    1    1    
50    0.54981    0.835031    1    0    1    1    1    1    0    1    1    1    1    1    1    1    1    1    1    1    1    1    1    0    1    1    1    1    1    1    0    1    1    1    0    1    1    1    1    0    1    1    1    1    1    1    1    1    1    1    1    1    1    1    1    1    0    1    1    1    1    1    1    1    1    1    1    1    1    1    1    1    1    0    1    1    1    1    1    1    1    1    1    1    1    0    1    1    1    1    1    1    1    1    1    1    1    1    1    1    1    1    1    1    1    0    1    0    0    0    0    0    1    1    0    0    1    0    1    1    0    1    1    0    1    0    0    1    1    0    0    0    0    1    0    1    0    0    1    0    1    1    0    0    0    1    0    1    1    0    1    1    1    1    0    1    1    1    0    1    1    0    0    0    0    1    0    0    1    1    0    0    0    0    0    0    1    1    0    0    0    1    0    0    0    1    0    0    0    1    1    1    0    1    0    1    0    0    1    1    1    1    
50    0.49719    0.629428    1    1    1    1    1    1    1    1    1    1    1    1    1    1    0    1    1    1    1    1    1    1    1    1    1    1    1    1    1    1    1    1    1    1    1    1    1    1    1    1    1    1    1    1    1    0    1    1    1    1    1    1    1    1    1    1    1    1    1    1    1    1    1    1    1    1    1    1    1    1    1    1    1    1    1    1    1    1    1    1    1    1    1    1    1    1    1    1    1    1    1    1    1    1    1    1    1    1    1    1    0    0    0    0    0    1    1    1    1    1    1    1    0    0    1    1    1    0    1    1    1    1    1    0    0    1    1    0    0    0    1    0    0    1    0    0    0    0    1    1    1    1    1    0    1    1    0    0    1    1    1    1    1    0    0    0    1    0    1    1    1    1    1    0    0    1    1    1    0    1    0    0    0    1    1    1    1    1    0    0    0    0    1    0    1    1    1    0    0    0    1    1    1    1    0    1    1    0    0    0    
50    0.698603    0.0525425    1    1    1    1    1    1    1    1    0    1    1    0    1    1    1    1    1    1    1    0    1    1    1    1    1    1    1    1    1    1    1    1    1    1    1    1    1    1    1    1    0    1    1    1    1    1    1    1    1    0    1    1    1    1    1    1    0    1    1    1    1    1    0    1    1    1    1    1    1    1    1    1    1    1    1    1    1    1    1    1    1    1    1    1    1    1    1    1    0    1    1    1    1    1    1    1    1    1    1    1    0    0    0    0    0    0    0    0    0    0    1    0    0    1    1    0    0    1    0    0    1    1    1    1    0    1    0    0    1    1    1    0    0    1    1    0    1    0    0    1    0    0    1    0    0    0    0    0    0    1    0    0    0    0    1    1    0    0    1    0    0    1    0    0    1    0    0    0    0    0    0    1    0    0    1    1    1    0    0    1    0    1    1    0    0    0    0    1    0    0    0    1    1    0    0    1    0    0    0    1    
50    0.40056    0.741048    1    1    1    1    0    1    1    1    1    1    1    1    1    1    1    1    1    1    1    1    1    1    1    1    1    1    1    1    1    1    1    1    1    1    1    1    1    1    1    1    1    1    1    1    1    1    1    1    1    1    1    0    1    1    1    1    0    1    1    1    1    1    1    1    1    1    1    1    1    1    0    1    0    1    1    1    1    1    1    1    1    1    1    1    1    1    1    1    1    1    1    1    1    1    1    1    1    1    1    1    1    1    0    1    1    1    0    0    0    1    0    0    0    1    0    0    0    1    0    0    0    1    1    1    0    0    0    1    0    0    1    0    1    0    0    0    1    0    1    0    0    0    0    0    1    0    0    1    0    1    0    0    1    1    1    1    1    1    1    0    1    1    0    0    0    1    1    0    0    0    1    0    1    1    0    0    1    1    0    1    0    1    1    1    0    1    1    0    0    1    0    0    0    0    0    1    1    0    1    1    
50    0.107398    0.646392    0    1    1    1    1    1    1    1    1    1    1    1    1    0    0    1    1    1    0    1    0    1    1    0    1    1    1    1    1    1    1    1    1    1    1    1    1    1    1    1    1    1    1    1    1    0    1    0    1    1    1    1    1    0    1    1    1    1    1    1    1    1    1    1    1    1    1    1    1    1    0    1    1    1    1    1    1    1    1    1    1    1    1    1    1    1    1    1    1    0    1    1    1    1    0    1    1    1    1    1    1    1    0    1    1    0    0    0    0    1    0    0    1    0    1    1    0    1    0    0    0    0    0    1    0    1    0    0    0    0    0    1    1    0    0    0    0    0    0    1    1    0    0    0    0    0    1    0    1    1    0    0    1    0    1    0    0    1    1    0    1    1    1    1    0    1    0    0    1    1    1    1    1    1    0    0    0    0    0    1    0    0    0    1    1    1    1    0    0    1    0    0    1    0    1    0    0    0    1    1    
50    0.656046    0.28379    1    1    1    0    1    1    1    1    1    1    1    1    1    1    1    1    1    1    1    1    1    1    0    1    1    1    1    1    1    1    1    1    1    1    1    1    1    1    1    1    1    1    0    1    1    1    1    1    1    1    1    1    1    1    1    1    1    1    1    1    1    1    1    1    1    1    1    1    1    1    1    1    1    1    1    1    1    1    1    1    1    1    1    1    1    1    1    1    1    1    1    1    1    1    1    1    1    0    1    1    1    0    0    0    0    1    1    0    1    0    0    0    1    1    1    0    0    0    1    0    0    0    0    0    0    0    0    0    0    0    0    1    1    0    1    0    1    0    0    1    1    1    0    0    1    0    1    1    1    0    0    1    1    1    1    0    0    0    1    1    0    1    0    0    0    0    0    0    1    1    1    1    0    0    0    1    1    0    0    0    0    0    1    1    1    0    1    0    0    0    1    1    0    0    0    1    0    1    0    1    
50    0.534761    0.504168    1    1    1    1    1    1    0    1    1    1    1    1    1    1    1    1    1    1    1    1    1    1    1    1    1    1    1    1    1    1    1    1    1    1    0    1    1    1    1    1    1    0    1    0    1    1    1    1    1    1    1    1    1    1    1    1    1    1    1    1    1    1    1    1    1    1    1    1    0    1    1    1    1    1    1    1    1    1    1    1    1    1    1    1    1    1    1    1    1    1    0    1    1    1    0    1    0    1    1    1    1    1    1    0    0    0    0    0    1    0    1    0    0    0    1    1    1    1    0    0    0    1    0    1    0    0    0    0    0    0    0    0    0    1    0    0    1    1    0    0    1    1    0    0    1    1    0    0    0    0    1    1    1    1    0    1    0    0    0    1    1    0    1    1    1    0    1    1    1    1    1    0    1    0    0    1    0    0    1    0    0    0    1    0    0    1    1    1    0    0    0    0    1    0    0    1    1    1    0    0    
50    0.923218    0.185732    1    1    1    1    0    0    0    1    1    1    1    1    1    1    0    1    1    1    1    1    1    1    1    1    1    1    1    1    1    1    1    1    1    0    1    1    1    1    1    1    1    1    1    1    1    1    1    1    1    1    1    1    1    1    1    1    1    1    1    1    1    1    1    1    1    0    1    1    1    1    1    1    1    1    1    1    1    0    1    1    1    1    1    1    1    1    1    1    1    1    1    1    1    1    1    1    1    1    1    1    0    1    1    1    0    0    0    1    1    0    0    1    1    1    0    1    1    1    0    0    0    0    0    1    0    1    1    1    1    0    0    0    1    1    1    0    0    1    1    1    1    0    0    0    0    0    0    1    1    1    1    0    1    1    1    1    0    0    0    0    0    0    0    0    0    0    0    0    1    0    1    0    0    1    1    0    0    1    1    0    0    0    1    1    1    1    1    0    0    0    0    0    0    1    0    0    1    0    0    0    
50    0.143147    0.746301    1    1    1    1    1    1    0    1    1    1    1    1    0    1    1    1    1    1    1    1    1    1    0    1    1    1    1    1    1    0    1    1    1    1    1    1    1    1    1    1    1    1    1    1    1    0    1    0    1    0    1    1    1    1    1    1    1    1    1    1    0    1    1    1    0    1    1    0    1    1    1    1    1    1    1    1    1    0    1    1    1    1    1    1    1    1    1    1    1    1    1    1    1    1    1    1    1    1    1    0    0    1    1    1    1    0    1    1    0    1    1    1    0    1    1    0    1    0    1    1    0    1    0    1    1    0    0    0    0    1    1    0    0    0    0    1    0    0    1    1    0    0    0    0    1    1    0    1    0    1    0    0    0    0    0    1    0    0    1    0    1    0    0    1    0    0    1    1    0    0    1    0    0    0    1    0    0    1    1    1    1    1    1    1    1    0    0    0    1    0    0    1    0    0    0    0    1    0    0    1    
50    0.762689    0.562918    1    1    1    1    1    0    1    1    1    1    1    1    1    1    1    1    1    1    1    1    1    1    1    0    1    1    1    1    1    1    1    1    1    1    1    1    1    1    1    0    1    1    1    1    1    1    1    1    1    1    1    1    1    1    1    1    0    1    1    1    1    1    1    1    1    1    1    1    1    1    1    1    0    1    1    1    1    1    1    1    1    1    0    1    1    1    1    1    0    0    1    1    1    1    1    1    1    0    1    1    0    1    0    0    0    1    1    1    0    0    1    0    1    1    1    1    0    0    0    0    1    1    1    0    0    0    1    1    0    0    1    1    0    0    0    0    1    0    1    0    0    0    0    0    0    0    0    0    1    0    1    0    0    1    0    0    1    0    0    1    0    0    1    0    1    0    0    0    0    0    1    1    1    0    1    1    0    1    0    0    1    1    1    1    0    0    1    1    1    0    0    0    0    0    1    1    0    1    0    1    
50    0.264567    0.930142    0    1    1    1    1    0    1    1    1    1    1    1    1    1    0    1    1    1    1    1    1    1    1    1    1    1    1    1    1    0    1    1    1    1    0    1    1    1    0    1    1    1    1    1    1    1    1    0    1    1    1    1    1    1    1    1    1    1    1    1    1    1    0    0    1    1    1    1    1    1    0    1    1    1    1    1    1    1    1    1    1    1    0    1    1    1    1    1    1    1    0    1    1    1    1    1    1    1    1    1    0    1    0    1    1    1    0    0    0    0    0    0    0    0    0    0    1    0    1    1    1    0    0    1    0    1    1    0    0    0    0    1    0    0    0    1    1    0    0    1    0    0    0    0    0    0    0    1    1    1    0    0    1    0    1    0    0    0    1    1    0    1    1    0    0    1    0    0    0    0    0    1    0    0    0    0    0    0    0    0    1    0    1    0    0    0    0    0    0    1    1    0    0    0    1    0    0    0    0    0    
50    0.577115    0.82052    1    1    1    1    1    1    1    1    0    1    1    0    1    1    1    1    0    1    1    1    1    1    0    0    1    1    0    1    1    1    1    0    0    0    1    0    1    1    1    1    1    1    1    1    1    1    1    1    1    1    1    0    1    1    1    1    1    1    1    1    0    0    1    1    1    0    1    1    1    1    1    1    0    1    1    1    1    1    1    1    1    1    1    1    1    1    1    1    1    1    1    0    1    1    1    1    1    1    1    1    1    0    1    0    1    1    0    1    0    0    0    1    1    0    0    1    0    0    1    1    0    1    0    1    0    1    0    0    1    0    0    1    1    1    1    1    0    1    0    0    1    0    1    1    0    1    0    1    0    0    0    1    0    1    0    0    1    0    0    1    0    0    0    1    0    1    0    0    1    1    0    1    0    1    0    0    0    1    0    1    0    0    0    1    0    1    0    0    0    0    1    1    1    1    1    0    0    0    1    1    
50    0.245498    0.904151    1    1    1    1    1    1    0    1    1    1    1    0    1    1    1    1    1    1    1    1    1    1    1    0    1    1    1    1    1    1    1    1    1    1    1    1    1    1    1    1    1    1    1    1    1    1    1    1    1    1    1    1    1    1    1    1    1    0    1    1    1    1    1    1    1    1    1    0    1    1    1    1    1    0    1    1    1    1    1    1    1    1    1    1    1    1    1    1    1    1    1    1    1    1    1    1    1    1    1    1    0    0    0    0    1    0    0    1    1    0    1    1    0    1    0    1    0    1    0    0    1    1    0    0    0    0    0    0    0    0    0    1    0    1    0    1    0    0    1    0    0    1    0    0    0    1    0    1    0    0    1    1    0    0    0    1    1    1    0    1    1    1    0    0    0    0    0    0    0    1    0    1    0    1    1    0    0    0    0    1    1    0    1    0    1    0    0    0    1    1    0    1    1    1    0    1    1    0    1    0    
50    0.656099    0.977437    1    1    1    1    1    1    1    1    1    1    0    1    1    1    1    1    1    1    1    1    1    1    1    1    1    1    1    1    0    1    1    1    0    0    1    0    1    1    1    1    0    1    1    1    1    1    1    1    1    1    1    1    0    1    1    1    1    1    1    1    1    1    1    1    1    1    1    1    1    0    1    0    0    0    1    1    1    1    1    1    1    1    1    1    1    1    1    1    1    1    1    0    0    1    1    1    0    1    1    1    0    0    0    1    0    1    1    0    0    0    0    0    0    0    0    0    1    0    1    0    0    0    0    0    0    1    0    0    0    0    1    1    0    0    1    0    1    1    1    1    1    1    0    1    1    0    0    0    0    1    1    1    1    1    1    1    1    1    0    0    0    0    0    0    0    1    0    0    1    0    0    0    0    0    0    0    0    1    0    0    0    1    1    1    0    1    1    1    1    0    1    0    1    0    1    1    1    1    1    1    
50    0.584514    0.586547    1    1    1    1    1    1    1    1    1    1    1    1    0    1    1    1    1    1    1    1    1    1    1    1    1    1    1    1    1    1    1    1    1    1    1    1    0    1    1    1    1    1    1    1    0    1    1    1    1    1    1    1    1    1    1    0    1    1    1    1    1    1    1    1    0    1    1    1    1    1    1    1    1    1    1    1    1    1    1    1    1    1    1    1    1    1    1    1    1    1    1    1    1    1    1    1    1    1    1    1    0    0    1    1    1    1    0    1    0    1    0    1    1    0    0    1    0    1    0    0    0    0    1    1    1    0    0    1    0    0    1    1    1    0    0    1    0    0    0    1    0    0    0    1    0    0    1    0    0    1    0    1    0    0    0    0    0    1    0    1    0    0    0    0    0    0    0    0    0    1    0    1    1    0    1    0    0    1    0    1    0    1    1    1    1    0    0    0    1    1    1    0    0    0    0    0    1    0    0    0    
50    0.474345    0.311276    1    1    1    1    1    1    1    1    1    1    1    1    1    1    1    1    1    1    1    1    1    1    1    1    0    1    1    1    1    1    1    1    1    1    1    1    1    1    0    1    1    1    1    1    1    1    1    1    0    1    1    1    1    1    0    1    1    1    1    1    1    1    1    1    1    0    1    1    1    1    1    1    1    1    1    1    1    1    1    1    1    1    1    1    1    1    0    1    1    1    1    1    1    1    1    1    1    1    1    1    0    0    0    1    0    1    1    1    1    0    0    1    1    0    0    0    0    0    0    1    0    0    1    0    1    1    0    1    0    1    0    1    0    1    0    0    0    0    1    0    0    0    1    1    0    1    1    0    0    1    0    0    0    0    1    0    1    1    1    0    0    0    0    0    0    1    0    0    0    1    1    0    0    1    0    0    1    0    0    1    0    0    0    1    0    0    0    1    0    0    1    1    0    0    0    1    0    0    0    0    
50    0.16242    0.886089    1    1    1    1    1    1    1    1    1    1    1    1    0    1    1    1    1    0    1    0    1    1    1    1    1    1    1    1    1    0    1    1    1    1    1    1    1    1    1    1    1    1    1    1    1    1    1    1    1    1    1    1    1    1    1    1    1    1    1    1    1    1    1    1    1    1    1    1    1    1    0    1    1    1    1    1    1    1    1    1    1    0    1    1    0    1    1    1    1    1    1    1    1    1    1    1    0    1    1    1    0    1    1    0    0    1    1    0    0    1    1    0    1    1    0    0    0    0    1    0    0    0    1    1    1    0    1    1    0    1    0    1    0    0    0    0    0    0    0    1    1    0    1    0    1    1    0    1    1    1    1    0    1    0    1    1    0    1    1    1    1    0    0    1    0    1    1    1    0    0    0    0    0    0    1    0    0    0    1    1    1    1    0    1    0    0    1    0    1    0    0    0    1    1    0    0    0    0    0    0    
50    0.627771    0.590738    1    1    1    1    1    1    1    1    1    1    0    1    1    1    1    1    1    1    1    1    1    1    1    1    1    1    1    1    1    1    1    1    1    1    1    1    1    1    1    1    1    1    1    1    1    1    1    1    1    1    1    1    1    1    1    1    1    1    1    1    0    1    1    1    1    1    1    1    1    1    1    1    1    1    1    1    1    1    1    1    1    1    1    1    1    1    1    1    1    0    1    1    1    1    1    1    0    1    1    1    0    0    0    0    0    0    1    0    1    1    0    1    0    1    0    0    1    1    0    1    0    0    1    1    0    1    1    0    1    1    0    0    1    1    1    0    0    0    1    1    1    0    1    0    0    0    0    0    0    1    0    1    1    0    0    1    0    0    0    0    1    0    1    0    0    1    0    1    0    1    0    0    0    0    0    1    1    1    0    0    0    1    0    0    0    0    0    0    1    0    1    1    0    1    0    1    1    0    0    0    
50    0.819608    0.944077    1    0    1    1    1    1    1    1    1    1    1    1    1    1    1    0    1    1    1    1    1    1    1    1    1    1    0    1    1    1    1    1    1    1    1    1    1    1    1    1    1    1    1    1    1    1    1    1    1    1    1    1    1    1    0    1    1    1    1    1    1    1    1    1    1    1    0    1    1    1    1    1    1    1    1    1    1    1    1    1    1    1    0    1    1    1    1    1    1    1    1    1    1    0    1    1    1    1    1    1    1    1    1    1    0    0    1    0    0    0    1    1    0    1    0    1    0    1    1    1    1    0    0    0    0    0    1    0    0    1    0    0    1    1    0    0    1    0    1    1    0    0    1    1    1    0    0    0    0    0    1    0    0    1    0    0    1    0    1    0    1    0    0    0    1    1    0    1    1    0    1    0    0    1    0    0    0    0    0    0    0    0    0    0    0    1    0    0    1    1    0    0    0    1    0    1    1    1    1    1    
50    0.983399    0.827516    1    1    1    1    1    1    1    1    1    1    1    1    1    1    1    0    0    1    0    1    1    1    1    0    1    0    1    1    1    1    1    0    1    1    1    1    1    0    0    1    1    0    1    1    1    1    1    0    1    1    1    1    1    1    1    0    1    0    1    1    0    1    1    0    1    1    1    0    1    1    1    1    1    1    1    1    1    1    1    1    1    1    1    0    0    1    1    1    1    1    1    1    1    1    1    1    1    0    1    1    1    0    1    1    0    0    1    1    0    0    1    0    1    1    0    0    0    0    0    1    0    0    0    1    0    1    0    0    0    0    0    0    0    1    0    0    1    0    1    0    0    0    0    0    1    0    1    1    0    1    0    0    0    1    0    1    0    0    0    1    0    1    0    0    0    0    1    0    1    0    0    1    1    0    0    0    0    0    1    0    0    1    1    0    1    0    1    0    0    0    0    0    0    0    0    0    0    0    1    1    
50    0.363561    0.274462    0    1    1    1    1    0    0    1    1    1    1    1    1    1    1    1    0    1    1    0    1    1    1    1    1    1    1    1    1    1    1    1    1    1    1    1    1    1    1    1    1    1    1    1    0    1    1    0    1    1    1    1    1    1    1    1    1    1    1    1    1    1    1    1    0    0    1    1    1    1    1    1    1    1    1    1    1    1    1    1    1    1    1    1    1    1    1    0    1    1    0    1    1    1    1    1    1    1    1    1    0    0    0    0    0    1    0    0    1    0    0    1    0    1    0    0    0    0    1    1    0    0    0    1    0    0    0    0    0    0    0    1    0    0    1    1    0    0    0    0    0    0    1    1    1    0    0    1    1    0    0    0    1    1    0    0    1    1    1    0    0    0    0    1    1    0    1    1    0    1    0    0    0    1    1    1    0    1    0    0    0    1    0    0    1    1    0    0    0    1    1    1    0    1    0    0    0    0    0    1    
50    0.99696    0.0612073    1    1    1    0    1    1    1    1    1    1    1    1    1    0    1    1    1    1    1    1    1    1    1    1    1    0    1    1    1    0    1    1    1    1    1    1    1    1    1    1    1    1    1    1    1    1    1    1    1    1    1    1    1    1    1    1    1    1    1    1    1    1    1    1    1    1    1    0    1    1    1    1    1    1    1    1    1    1    0    1    1    1    1    1    1    1    1    0    1    1    1    1    1    1    1    1    1    1    1    1    0    1    1    1    0    0    1    0    0    0    1    1    0    1    0    1    1    0    1    1    0    0    0    1    0    0    0    0    1    0    0    0    0    0    1    1    1    0    1    1    0    0    0    0    0    1    1    1    0    1    0    0    1    0    0    1    1    0    1    1    0    1    0    1    1    1    1    1    1    1    1    0    1    1    0    0    1    0    0    1    0    1    0    0    1    0    0    0    1    0    0    0    0    0    0    0    0    0    0    1    
50    0.521588    0.693374    1    1    1    1    1    1    1    1    1    1    1    1    1    1    1    1    1    1    1    1    1    1    1    1    1    1    1    1    1    0    1    1    1    1    1    1    1    1    1    1    1    1    1    0    1    1    0    1    1    1    1    1    1    1    1    1    1    1    1    1    0    1    1    1    1    1    1    1    1    1    1    1    1    1    1    1    1    1    1    1    1    1    1    1    1    1    1    1    1    1    1    1    1    1    1    1    1    1    1    1    0    1    0    0    1    1    0    0    1    0    1    1    1    0    0    0    0    1    0    1    0    1    0    0    0    0    0    0    1    1    0    0    1    0    0    0    0    0    0    1    1    0    0    0    0    1    0    0    0    1    1    0    1    0    0    1    0    0    1    0    1    1    1    1    1    0    0    0    1    0    0    1    0    1    1    0    1    0    1    0    1    0    0    1    0    0    0    0    0    0    0    0    1    1    1    0    0    0    0    0    
50    0.169374    0.761097    1    1    1    1    1    1    1    1    1    1    1    1    0    1    1    1    1    1    1    0    1    1    1    1    1    1    1    1    1    1    1    1    1    1    1    1    1    1    0    1    1    1    1    1    1    0    1    1    1    1    1    1    1    1    1    1    1    1    1    1    1    1    1    0    1    1    1    0    1    0    1    1    1    1    1    1    1    1    1    1    1    1    1    1    1    1    0    1    1    1    1    1    0    1    1    1    1    1    1    1    0    1    1    0    0    0    0    0    1    0    0    0    0    1    0    0    1    1    1    1    0    0    0    0    0    0    1    0    0    0    0    1    0    0    0    0    1    0    0    0    0    1    0    1    0    1    0    0    0    1    1    0    0    0    0    0    0    1    1    1    0    0    1    0    1    1    1    0    0    1    1    0    1    1    1    0    0    1    0    1    1    1    0    1    0    0    0    0    1    1    1    1    0    0    1    0    0    1    1    1    
50    0.610065    0.669354    1    1    1    1    0    1    1    1    1    1    1    1    1    1    1    0    1    1    1    1    1    1    1    1    1    1    1    1    1    1    1    1    1    1    1    1    1    1    1    1    1    1    1    0    1    1    1    1    1    1    1    1    1    1    0    1    1    1    1    1    1    1    1    0    1    1    1    0    1    1    1    1    1    1    1    1    0    1    1    1    1    1    1    1    1    1    1    1    1    1    1    1    1    1    1    1    1    1    1    1    0    0    0    0    0    0    0    0    0    1    0    1    1    0    1    0    1    0    0    1    0    1    0    0    0    0    0    0    1    0    0    1    1    1    1    1    1    0    0    1    0    0    0    0    1    1    0    0    1    0    0    0    1    0    0    0    0    1    0    0    1    0    1    0    1    0    0    0    0    1    0    1    0    0    1    0    0    1    0    0    0    0    1    0    0    0    1    1    1    1    0    0    0    0    1    1    0    1    0    1    
50    0.102863    0.376908    1    0    1    1    1    1    1    0    1    1    1    1    1    1    1    1    1    1    1    1    1    1    1    1    1    1    1    1    1    1    1    1    1    1    0    1    1    1    1    1    0    1    1    1    1    1    1    1    1    1    1    1    1    1    1    1    1    1    1    1    1    1    1    1    1    1    1    1    1    1    1    1    1    1    1    1    1    1    1    0    1    1    1    1    1    1    1    1    1    1    0    1    1    1    1    1    1    1    1    1    0    0    0    0    1    1    1    0    0    1    0    1    0    0    0    0    0    1    1    0    1    0    0    1    0    0    1    0    0    1    1    1    0    0    1    0    0    1    0    0    0    1    0    0    1    1    0    0    0    1    1    0    0    0    0    1    0    0    0    1    0    1    0    0    0    0    0    0    1    0    0    0    1    0    0    1    1    0    0    0    1    0    0    0    0    1    0    0    0    0    1    0    1    1    0    1    0    0    0    0    
50    0.912321    0.122572    1    1    1    1    1    0    1    0    1    1    0    1    1    0    1    1    1    0    1    1    1    1    1    1    1    1    1    1    1    1    1    1    1    1    1    1    1    1    1    1    1    1    1    1    1    1    1    1    1    1    1    1    1    1    1    1    1    1    0    0    1    1    1    1    1    1    1    1    1    1    1    1    1    1    1    1    1    1    1    1    1    1    1    1    1    0    1    1    1    1    1    1    1    1    1    1    1    1    1    1    0    1    0    1    1    0    0    1    1    1    1    0    0    0    1    0    1    1    0    0    0    0    0    0    0    1    1    1    0    0    1    1    0    0    0    0    0    0    1    0    0    1    1    1    1    0    0    0    1    0    0    1    0    0    0    0    0    1    1    1    1    0    1    0    1    0    0    0    1    0    1    0    0    0    1    1    0    0    0    1    1    1    0    0    0    0    1    0    1    0    1    1    0    0    0    0    1    1    1    1    
50    0.229834    0.3292    1    1    1    1    1    1    1    1    0    1    1    1    1    1    1    1    1    1    1    1    1    1    1    1    0    1    1    1    1    1    1    1    1    1    1    1    1    1    1    0    1    1    1    1    0    1    1    1    1    0    1    1    0    1    1    1    1    1    1    1    0    1    1    1    1    1    1    1    1    1    1    1    1    1    0    1    1    1    1    1    1    1    1    1    1    0    1    1    1    1    1    1    1    1    1    1    1    1    1    1    0    0    0    0    1    0    0    1    0    0    1    1    1    1    0    0    1    0    0    0    0    1    1    0    0    0    0    0    1    0    0    0    1    0    0    1    0    1    1    0    1    0    1    0    1    1    1    1    0    1    0    1    1    0    1    0    1    1    1    0    1    1    1    0    0    1    1    0    0    0    0    0    0    0    1    0    0    0    1    0    0    1    0    0    1    0    0    0    0    0    1    1    0    1    0    1    0    1    0    1    
50    0.43563    0.686136    1    1    1    1    1    1    1    1    1    1    0    1    1    0    1    1    1    1    1    1    1    1    1    1    1    1    1    1    1    1    0    1    1    1    1    1    1    1    1    1    1    1    1    1    1    1    1    1    1    1    1    1    1    1    1    1    1    1    1    1    0    0    1    1    1    1    1    1    1    1    1    1    1    1    1    1    1    1    1    1    1    1    1    1    1    1    1    1    1    1    1    1    1    1    1    1    1    1    1    1    1    0    1    1    0    1    1    1    0    1    0    0    1    1    1    0    1    1    0    1    1    0    1    1    1    1    0    0    0    0    0    0    0    0    1    1    1    0    1    0    0    0    1    1    1    1    1    0    1    1    0    1    1    0    1    1    0    0    1    1    1    1    0    1    0    0    0    0    1    1    0    0    0    1    0    0    0    1    0    0    0    0    0    1    1    1    0    0    0    0    0    0    0    0    0    1    1    1    1    0    
50    0.667879    0.616803    0    1    1    1    1    1    1    1    1    1    1    1    1    1    0    1    1    1    1    1    1    1    1    1    1    1    1    1    1    1    1    0    1    1    1    1    1    0    1    1    1    1    1    1    1    0    1    1    1    1    1    1    1    1    1    1    1    1    1    1    1    1    1    1    1    1    1    1    0    1    1    1    0    1    1    1    1    1    1    1    1    1    1    1    1    1    1    1    1    1    1    1    1    1    1    1    1    1    1    1    0    1    0    0    0    0    1    0    1    1    1    0    0    0    1    1    1    0    0    0    1    0    1    0    0    1    1    0    1    1    0    0    0    1    0    0    0    0    0    0    1    1    0    0    0    1    1    0    1    1    0    1    0    0    0    1    0    1    0    0    1    0    0    1    1    0    0    1    1    1    0    0    0    0    1    1    0    1    1    0    0    0    1    0    1    1    1    0    1    0    0    0    0    0    0    0    0    0    0    0    
50    0.967656    0.504147    1    1    1    1    1    1    0    1    1    1    1    0    1    1    1    1    1    0    1    1    1    1    1    1    1    1    0    1    1    1    1    1    1    1    1    1    1    1    1    1    0    1    0    1    0    1    1    0    0    1    1    0    1    1    1    1    1    0    0    1    1    1    1    1    1    1    1    1    0    1    1    1    1    1    0    1    1    1    1    1    0    1    1    1    0    1    1    1    1    1    1    1    1    1    1    1    1    1    1    1    1    1    1    1    0    0    1    0    0    0    0    0    1    0    1    1    0    1    0    1    1    0    0    0    1    1    0    1    1    1    0    1    0    1    1    1    0    0    1    0    0    1    0    0    1    1    0    0    0    0    0    0    0    0    0    1    1    0    0    0    1    0    0    0    1    0    0    1    0    1    1    0    0    0    0    0    0    1    1    1    0    1    0    1    1    0    1    0    1    0    0    0    1    0    0    1    0    0    1    1    
50    0.502792    0.548232    1    1    1    1    1    1    1    1    1    1    1    1    1    1    1    0    1    1    1    1    1    1    1    1    1    1    1    1    1    1    1    1    1    1    1    1    1    1    1    1    1    1    1    1    1    1    1    1    1    1    1    1    1    1    1    0    1    0    1    1    1    1    1    1    1    1    1    1    1    1    1    1    1    1    1    1    1    1    1    1    1    1    1    1    1    1    1    1    1    0    1    1    0    1    1    1    0    1    1    1    0    0    0    0    0    1    1    1    1    0    0    0    0    0    1    1    1    0    0    0    1    1    0    0    1    0    0    0    0    1    0    1    0    1    1    1    1    1    0    0    0    0    0    0    1    0    1    0    0    0    0    1    0    1    0    1    0    0    0    0    1    1    1    0    0    0    0    0    0    0    0    0    0    0    0    0    1    0    0    0    0    0    1    0    1    0    1    0    1    0    0    0    1    1    0    0    0    0    1    1    
50    0.281994    0.881123    1    1    1    1    1    1    1    0    1    1    1    1    1    1    1    1    1    1    1    1    1    1    1    1    1    1    1    1    1    1    1    1    1    1    1    1    1    0    1    1    0    1    1    1    1    1    1    1    1    1    1    1    1    1    1    1    1    1    1    0    1    1    0    1    1    0    1    1    1    1    1    0    1    1    0    1    1    1    1    1    1    1    1    1    1    1    1    1    1    1    1    1    1    1    1    1    1    1    1    1    0    1    0    0    0    0    0    0    0    0    0    0    0    0    1    0    0    0    1    0    1    0    1    0    0    1    1    0    1    1    0    1    0    0    0    1    0    0    0    0    1    1    1    0    1    0    0    0    0    0    1    1    0    0    0    0    0    1    0    1    1    0    0    0    1    0    1    0    0    1    0    0    0    1    1    0    1    0    0    0    0    0    0    0    1    0    0    0    0    1    1    0    0    1    1    0    0    1    0    0    
50    0.198512    0.712836    1    1    1    1    1    1    1    1    1    1    1    1    1    1    1    1    1    1    1    1    1    1    1    0    1    1    1    1    1    1    1    1    1    1    1    0    1    1    1    1    1    1    0    1    1    0    1    1    1    1    1    1    1    1    1    1    1    1    1    1    1    1    1    1    1    1    1    1    1    1    1    1    1    1    1    1    1    1    1    1    1    1    1    1    1    1    1    1    1    1    1    0    1    1    1    1    1    1    1    1    1    1    0    0    1    1    0    0    1    0    1    0    0    0    0    0    0    0    0    1    0    0    1    0    0    1    1    1    0    0    0    0    1    0    1    0    0    0    0    1    0    1    0    1    1    0    0    0    0    0    1    1    0    1    1    0    1    1    1    0    1    0    1    0    0    0    0    0    1    0    0    0    0    1    0    0    0    1    1    0    0    1    1    1    0    1    1    0    1    0    0    0    1    0    0    0    0    1    1    0    
50    0.160629    0.422279    1    1    1    1    1    0    1    1    1    1    1    1    1    1    1    1    1    1    1    1    1    0    1    1    0    1    1    1    1    1    1    1    1    1    1    1    0    1    1    1    1    1    1    1    1    1    1    1    1    1    1    1    1    1    0    1    1    1    1    1    1    1    1    1    1    1    1    1    1    1    1    1    1    0    1    1    1    1    0    1    1    1    1    1    1    0    0    1    1    1    0    1    1    0    1    1    1    1    1    1    1    0    1    0    0    1    1    1    1    0    0    0    0    0    1    0    0    1    1    0    0    0    0    1    0    0    0    1    1    1    0    0    1    0    1    0    0    0    0    0    0    1    0    0    1    0    0    1    1    1    1    0    0    0    1    0    1    1    1    0    0    0    0    0    1    0    0    1    1    0    0    0    0    1    1    0    0    1    0    0    0    1    0    0    1    0    0    1    1    1    0    1    0    0    0    1    1    1    0    0    
50    0.423746    0.557292    1    1    0    0    1    1    1    0    1    1    1    1    0    1    1    1    1    1    1    1    1    1    1    1    1    1    0    1    1    1    1    1    1    1    1    1    1    1    0    1    1    1    1    0    1    1    1    1    1    1    1    1    1    1    1    1    1    1    1    1    1    1    1    1    1    1    1    1    1    1    1    1    1    1    1    1    1    1    1    1    1    1    1    1    1    1    1    1    1    1    1    1    1    1    1    1    1    1    1    1    1    0    1    0    0    1    1    0    1    0    0    1    1    0    1    0    0    0    1    1    0    0    1    0    1    0    0    0    0    0    0    0    0    0    0    1    1    1    1    1    1    1    0    0    0    1    0    0    0    1    0    0    1    1    0    0    0    1    1    0    0    0    1    0    1    0    0    1    0    1    0    1    1    0    1    1    1    1    0    0    0    1    0    0    1    0    0    0    0    1    0    0    0    0    0    0    0    0    1    0    
50    0.858391    0.0820653    1    1    1    1    1    1    1    1    1    1    1    0    1    1    1    1    1    1    0    1    1    1    1    1    1    1    1    1    1    0    0    1    1    1    1    1    1    1    1    1    1    1    1    1    1    1    1    1    1    1    1    1    1    1    1    1    1    1    1    1    1    1    1    1    1    1    1    1    1    1    1    1    1    1    1    1    1    1    1    1    1    1    1    0    1    1    0    1    1    1    1    1    1    1    1    1    1    1    1    0    0    1    1    0    0    0    1    0    1    0    0    1    0    0    0    0    1    0    0    0    1    0    0    0    1    0    0    0    0    0    1    0    0    0    0    1    0    0    1    0    0    1    0    0    0    1    0    1    0    0    0    0    1    0    1    0    1    0    0    1    1    1    0    0    0    1    0    1    0    0    0    1    0    0    0    1    0    1    0    0    1    1    1    1    1    0    1    0    1    1    0    0    0    0    0    1    1    1    1    0    
50    0.291766    0.000856022    1    1    1    1    1    1    1    1    1    1    1    1    1    1    0    1    1    1    1    1    1    1    1    1    1    0    1    1    1    1    1    1    1    1    1    1    1    1    0    1    1    1    1    1    1    1    1    1    1    0    1    1    1    1    1    1    1    1    1    0    1    0    1    1    1    1    1    1    1    1    1    1    1    0    1    1    1    1    1    1    1    1    1    1    1    0    1    1    1    1    1    1    1    1    1    1    1    0    1    1    0    1    0    0    0    1    1    1    1    1    0    0    0    0    1    0    1    1    1    0    0    0    1    1    0    0    0    0    0    1    0    1    1    0    0    1    0    0    0    0    1    1    1    0    0    1    0    1    0    0    0    0    1    0    0    0    0    0    1    1    1    1    0    1    0    0    0    0    0    0    0    1    1    0    1    1    0    0    0    0    1    1    1    1    0    0    1    0    1    1    0    0    1    0    1    0    1    1    1    1    
50    0.949317    0.484664    1    1    1    1    1    1    1    1    0    0    1    1    1    1    0    1    1    1    0    1    1    1    1    0    1    1    1    1    1    1    1    1    0    1    1    1    1    0    1    1    1    1    1    1    0    1    1    1    1    1    1    1    1    1    0    1    1    0    1    0    0    0    1    1    1    1    1    1    1    1    1    1    1    1    1    1    1    0    1    1    1    1    1    1    1    1    1    0    0    1    1    1    1    1    1    1    1    1    1    1    1    1    0    0    1    1    0    0    1    0    1    0    1    0    0    0    1    1    1    0    1    1    1    0    0    0    1    0    1    1    0    0    0    0    1    0    0    0    1    1    1    0    1    0    1    0    0    1    0    1    0    1    0    0    1    1    0    0    0    1    0    1    0    1    0    0    1    1    0    0    1    0    0    0    1    1    1    1    0    1    0    0    0    1    0    0    1    0    1    0    1    0    0    0    0    0    1    0    0    0    
50    0.734896    0.506692    0    1    1    1    1    1    1    1    1    1    1    1    1    1    1    1    1    1    1    1    1    1    1    1    1    1    1    1    1    1    1    1    1    1    1    1    1    1    1    1    1    1    1    1    1    1    1    1    1    1    1    1    1    1    1    1    1    1    1    1    1    1    1    1    1    1    1    1    1    1    1    1    1    0    0    1    1    1    1    1    1    1    1    1    1    1    1    1    1    1    0    1    1    1    1    1    1    1    1    1    0    0    0    0    1    0    0    1    0    0    0    1    0    0    0    1    1    1    1    0    1    0    0    1    1    0    1    1    1    1    0    0    0    0    0    0    1    1    1    0    1    0    1    0    0    1    0    0    1    0    1    0    0    0    1    0    0    0    0    0    0    0    1    0    0    1    0    0    0    1    0    1    0    1    0    1    1    1    1    0    1    0    0    1    1    0    1    1    1    0    0    1    0    1    0    1    1    1    0    1    
50    0.852272    0.324497    1    1    1    1    1    1    1    1    1    1    1    1    1    1    1    1    1    1    1    1    1    1    1    1    1    1    1    1    0    1    0    1    1    1    1    1    1    1    1    1    1    1    1    1    1    1    1    1    0    1    1    1    1    1    1    1    1    1    1    1    1    1    1    1    1    1    0    1    1    1    1    1    1    1    1    1    1    1    1    1    1    1    1    1    1    0    1    1    1    1    1    1    1    1    1    1    0    1    1    1    0    0    0    1    1    0    1    0    0    1    0    0    0    0    0    0    0    0    0    1    0    1    0    0    1    0    1    0    0    0    1    0    0    1    1    0    0    0    1    0    1    0    0    0    0    0    0    0    1    0    0    0    0    0    0    1    0    0    1    0    0    0    0    0    0    1    1    1    1    0    0    1    1    1    1    0    1    1    1    1    0    0    0    0    0    1    1    0    0    1    1    1    1    1    0    0    1    1    0    1    
50    0.789619    0.321112    1    1    1    1    1    1    1    0    1    1    1    1    1    1    1    1    1    1    1    1    1    1    1    1    1    1    1    1    1    0    1    1    1    1    1    1    1    1    1    1    1    0    1    0    1    1    1    1    1    1    1    0    1    1    1    1    1    1    0    1    1    1    1    1    1    1    1    1    1    1    0    1    1    1    1    1    1    1    1    1    1    1    0    1    1    1    1    1    1    1    0    1    1    1    1    1    1    1    1    1    1    0    1    1    0    0    0    0    1    0    0    0    0    0    1    0    1    0    1    0    0    0    1    1    1    0    0    0    0    1    0    0    0    1    1    0    0    0    0    1    0    0    0    0    1    1    0    0    0    1    0    1    0    0    0    1    0    0    0    0    0    0    0    0    1    1    0    1    0    1    1    0    0    0    0    0    1    0    1    0    0    0    0    1    1    0    1    0    0    0    0    0    1    0    0    1    1    0    1    0    
50    0.408787    0.402873    1    0    1    1    1    1    1    1    1    1    1    1    1    1    1    1    1    1    1    1    1    1    1    1    1    1    1    1    1    0    1    1    1    1    1    1    1    1    1    1    1    1    1    1    1    0    1    1    1    1    1    1    1    1    1    1    1    1    1    1    1    1    1    1    1    1    1    1    1    1    0    1    1    1    1    1    1    1    1    1    1    1    1    1    1    1    1    1    1    1    1    1    1    1    1    1    1    1    1    1    1    0    0    1    0    1    0    0    0    1    0    0    0    0    0    0    0    0    0    0    0    1    0    0    0    1    0    0    1    1    1    0    0    0    1    1    1    0    0    1    1    0    1    0    0    1    1    0    1    1    0    0    0    0    0    1    0    0    1    1    0    1    0    0    0    1    0    1    0    0    0    1    0    1    0    1    0    0    0    0    0    1    0    1    1    0    0    0    0    1    0    1    0    1    0    0    0    0    0    1    
50    0.372875    0.574697    1    1    1    1    1    1    0    1    1    1    1    1    1    1    1    1    1    1    1    1    0    1    1    1    1    1    1    1    1    1    1    1    1    1    1    1    1    1    1    1    1    1    1    1    1    1    1    1    1    1    1    1    1    1    1    1    1    1    1    1    1    1    1    1    1    1    1    1    1    1    1    1    1    1    1    1    1    1    1    1    1    1    1    1    1    1    1    1    1    1    1    1    1    0    1    1    1    1    1    1    0    0    0    1    0    0    0    1    0    1    0    0    0    1    0    0    1    1    1    0    1    0    0    0    1    1    1    1    0    1    0    0    0    1    1    0    0    0    0    0    0    1    1    0    0    1    0    1    0    0    1    1    0    1    0    1    1    1    0    0    0    0    1    0    1    0    1    0    0    1    0    0    1    0    0    0    0    0    0    0    0    0    1    0    0    0    0    0    1    1    0    1    0    1    1    1    1    0    0    0    
50    0.7505    0.876538    1    1    1    1    0    1    1    1    1    0    1    1    1    1    1    1    0    0    1    1    1    1    1    1    1    1    1    0    1    1    1    1    1    1    1    1    1    1    1    1    1    1    0    1    1    1    1    1    1    1    1    1    1    1    1    1    1    1    1    1    1    1    1    1    1    1    1    1    1    1    1    1    1    1    1    1    1    1    1    1    1    1    0    1    1    1    1    1    1    1    1    1    1    1    1    1    1    1    1    1    0    1    0    0    0    0    1    1    0    1    0    1    0    0    0    0    0    1    1    1    1    0    0    0    1    0    0    0    0    1    1    0    1    1    0    0    1    1    0    0    1    0    1    1    0    0    0    0    0    1    0    0    0    0    0    0    1    1    1    0    0    1    0    0    0    0    0    0    0    0    1    1    1    0    0    0    0    1    0    1    0    1    1    0    0    1    0    0    1    0    0    0    1    1    0    0    0    0    1    0    
50    0.6485    0.566231    1    1    1    1    0    1    1    1    1    0    1    1    1    1    1    1    1    1    1    1    1    1    1    1    1    1    1    1    1    1    1    1    1    1    1    1    1    1    1    1    1    1    1    1    1    1    1    0    1    1    1    1    1    1    1    1    1    1    1    1    1    1    1    1    1    1    1    1    1    1    1    1    1    1    0    1    1    1    1    1    1    1    1    1    1    1    1    1    0    1    1    1    1    1    1    1    1    1    1    1    1    1    0    0    1    0    0    0    1    0    1    0    0    1    0    1    1    0    1    0    0    0    0    1    0    0    0    0    0    0    0    1    0    0    0    0    0    0    0    1    0    1    0    0    1    0    1    0    0    1    1    1    0    0    0    0    0    1    0    0    1    1    0    0    1    0    1    0    0    0    0    0    1    0    1    0    0    0    0    0    0    0    1    0    1    0    0    1    1    1    1    1    1    1    1    0    1    1    1    1    
50    0.401698    0.334912    1    0    1    1    1    0    1    1    0    1    1    1    1    0    1    1    1    1    1    1    1    1    1    1    1    0    0    1    1    1    1    1    1    1    1    0    1    0    1    1    1    1    1    1    1    1    1    1    1    1    1    1    1    1    1    1    1    1    0    1    0    1    1    1    1    1    1    1    1    1    1    0    1    1    1    1    0    0    1    1    1    1    1    1    1    1    1    1    1    1    1    1    1    1    1    1    1    1    1    1    0    0    1    1    0    0    1    1    0    0    0    0    1    1    0    1    0    1    1    1    0    1    0    1    1    0    0    1    0    0    1    1    1    1    1    0    0    0    0    0    0    0    1    0    1    0    1    1    0    0    1    0    0    0    0    0    0    0    1    1    0    1    0    0    1    0    0    0    0    0    0    0    0    1    0    1    1    1    1    0    0    0    0    0    0    1    1    0    1    0    1    0    1    1    0    1    0    1    1    1    
50    0.852663    0.373974    1    1    1    1    0    0    1    0    1    1    1    1    0    1    1    1    1    0    1    1    1    1    1    1    1    1    1    1    1    0    1    1    1    1    1    1    1    0    1    1    1    0    0    1    0    1    1    1    1    0    1    1    1    1    1    1    1    0    1    1    1    1    0    1    1    0    1    1    1    1    1    1    1    1    1    1    1    1    1    1    1    1    1    1    1    1    1    1    1    1    1    1    1    1    1    1    1    1    1    1    1    0    0    1    0    1    0    0    0    0    0    0    0    1    0    0    1    0    0    1    0    1    0    0    1    1    1    0    0    0    0    1    0    0    1    0    1    0    0    1    1    1    0    0    1    1    1    0    0    1    0    0    0    0    0    0    1    0    0    1    0    1    1    1    1    0    1    0    0    0    1    0    1    1    0    0    1    0    1    1    1    1    1    0    1    0    0    0    1    1    1    0    1    1    0    0    1    0    0    0    
50    0.320265    0.85419    1    1    1    1    1    1    1    1    1    1    1    1    1    1    0    0    1    1    1    1    1    1    0    1    1    1    1    1    1    1    1    1    1    1    1    1    1    1    1    1    1    1    1    1    1    1    1    1    1    1    1    1    1    1    0    1    1    1    1    1    1    1    0    1    1    1    1    1    1    1    1    1    1    1    1    0    1    0    1    1    1    1    1    1    1    1    1    1    1    1    1    1    1    1    1    1    1    0    1    1    1    0    0    0    1    0    1    0    0    1    0    0    0    0    0    0    1    0    1    1    1    1    1    0    0    1    1    1    1    0    0    0    0    0    0    0    1    1    1    1    0    1    1    1    1    0    1    0    0    0    0    0    0    1    1    0    1    1    1    0    0    1    0    0    0    1    0    1    0    0    0    1    0    0    1    1    0    0    0    0    1    0    1    1    1    0    0    0    0    0    0    0    1    1    1    0    1    0    1    0    
50    0.896001    0.619995    1    1    0    1    1    1    0    1    1    1    1    1    0    1    1    1    1    1    1    0    0    1    1    1    1    1    1    1    1    1    1    1    0    1    1    1    1    1    1    1    1    1    1    0    1    1    1    1    1    1    1    1    0    1    1    1    1    1    1    1    1    1    1    1    1    1    1    1    1    1    1    1    1    1    1    1    1    0    1    1    1    1    1    1    0    1    1    1    1    1    1    1    1    1    1    1    1    1    1    1    1    1    0    0    1    0    1    0    0    1    1    0    1    0    1    0    0    0    0    1    0    1    0    1    1    0    0    0    1    0    1    0    1    0    0    1    1    0    0    1    0    1    1    0    0    1    0    1    0    0    0    1    1    0    0    1    1    0    0    1    0    0    0    0    1    0    0    1    1    0    1    0    1    0    0    0    0    1    0    1    1    0    0    1    0    1    0    0    0    0    0    0    1    0    0    0    1    1    0    0    
50    0.552349    0.223419    1    1    1    0    1    1    1    1    1    1    1    0    1    1    1    1    1    1    1    1    1    1    1    1    1    1    1    1    1    1    1    0    1    1    1    1    1    1    1    1    1    1    1    1    1    1    1    1    1    1    1    1    1    1    1    1    1    1    1    1    1    1    1    1    1    1    1    1    1    1    1    1    0    1    1    1    1    1    1    1    1    1    1    1    1    1    1    1    1    1    0    1    1    1    1    1    0    1    1    1    1    0    1    1    1    1    1    0    0    0    0    0    0    0    0    1    0    1    0    0    1    0    0    0    0    0    0    1    1    0    1    0    0    1    0    0    0    0    0    0    0    0    1    0    0    1    0    0    1    1    0    1    0    0    1    0    0    1    0    0    0    0    0    1    1    0    0    1    0    0    0    0    1    1    1    1    1    0    1    1    0    0    0    1    0    1    0    1    1    0    1    0    1    0    1    0    1    1    0    0    
50    0.851145    0.917933    1    0    1    1    1    1    1    1    1    1    1    1    1    1    1    1    1    0    1    1    1    1    1    1    1    1    1    1    1    1    1    1    1    0    0    1    1    1    1    1    1    1    1    1    1    1    1    1    1    1    1    0    1    1    1    1    1    1    0    1    1    1    0    1    0    1    1    1    1    1    1    1    1    1    1    1    1    1    1    1    1    0    1    1    1    1    1    0    0    1    1    1    0    1    0    1    1    1    1    1    1    1    0    1    1    0    1    1    0    1    0    1    0    0    0    0    0    1    1    1    0    0    0    1    0    0    0    0    1    0    0    0    0    1    0    1    0    1    0    0    0    0    0    0    0    0    0    0    0    1    1    0    1    0    0    1    0    0    1    0    0    0    0    1    0    1    0    0    0    0    1    1    0    1    1    0    1    1    0    0    1    0    1    0    1    0    1    0    0    1    0    1    0    0    0    1    0    1    0    0    
50    0.863779    0.0348853    0    1    1    1    1    0    1    1    0    1    1    1    1    1    0    1    1    1    1    1    1    1    1    1    1    1    1    1    1    1    1    1    1    1    1    1    1    1    1    1    0    1    1    1    1    1    1    1    0    1    1    1    1    1    0    1    1    1    1    1    1    1    1    1    1    1    1    1    1    1    1    0    0    1    1    0    1    1    1    1    1    1    1    1    1    1    0    1    1    1    1    0    1    1    1    1    1    1    0    1    0    0    0    0    1    0    0    1    1    0    0    0    1    0    1    1    1    0    0    1    0    1    1    1    1    0    0    1    0    1    1    1    0    0    0    0    0    1    0    0    0    0    1    0    1    0    1    1    0    0    0    1    0    0    1    1    1    0    1    1    0    0    1    0    1    1    1    0    1    0    0    1    1    0    1    0    0    1    1    0    0    0    0    1    0    1    0    1    1    1    0    1    1    1    0    0    1    0    1    0    
50    0.336268    0.341589    1    0    0    1    1    0    1    1    1    1    1    1    1    1    1    1    1    1    1    1    1    1    1    1    1    1    1    1    1    1    1    1    1    1    1    1    1    1    1    1    1    1    1    1    1    1    1    1    1    1    1    1    1    1    1    1    1    1    1    1    1    1    1    1    1    1    1    1    1    1    1    1    1    1    1    1    1    0    1    1    1    1    0    1    1    1    1    1    1    1    1    1    1    1    1    1    1    1    1    1    0    1    0    0    0    0    1    0    0    1    1    0    0    0    0    1    1    1    1    1    0    0    1    0    0    0    1    1    1    0    1    0    0    0    1    0    0    0    0    1    1    1    1    0    0    1    0    1    1    0    0    1    0    0    0    1    0    0    1    0    1    1    0    0    0    1    1    0    0    0    1    1    0    1    1    0    0    1    0    0    1    1    1    1    0    0    0    0    0    1    1    0    1    1    1    1    0    0    0    1    
50    0.291596    0.637542    1    1    1    1    1    1    1    1    1    1    1    1    0    1    1    1    1    1    1    1    1    1    1    1    1    1    1    1    0    1    1    0    1    1    1    1    0    1    1    1    1    1    1    1    1    1    1    1    0    1    1    1    1    1    1    1    1    1    1    1    1    1    1    1    1    1    1    1    1    1    1    1    1    1    1    1    1    1    1    1    1    0    1    0    1    1    1    1    0    1    1    1    1    1    1    1    1    1    1    1    0    1    0    0    0    0    0    0    0    1    1    0    0    0    1    1    0    0    0    0    0    1    1    1    0    0    0    1    1    1    0    0    0    0    0    1    0    0    1    0    0    0    0    0    0    0    0    0    0    0    0    0    0    0    1    0    0    1    1    0    0    0    1    1    0    1    0    0    0    1    1    1    1    1    1    0    0    0    1    0    0    1    1    1    1    0    0    1    0    1    0    0    0    1    1    1    0    0    0    1    
50    0.57052    0.417623    1    1    1    1    1    1    1    1    1    1    1    1    1    1    1    1    1    1    1    1    1    1    1    1    1    1    1    1    1    1    1    1    1    1    0    1    1    1    1    1    1    1    1    1    1    1    1    1    1    1    1    1    1    1    1    1    1    1    1    1    1    1    1    1    1    1    1    0    1    1    1    1    1    1    1    1    1    1    1    1    1    1    1    1    1    1    1    1    1    1    1    1    1    1    1    1    1    1    1    1    0    1    0    1    1    0    0    1    0    0    0    1    0    1    1    0    0    0    1    1    1    0    1    0    0    0    0    1    0    0    0    0    1    0    1    1    1    0    0    0    1    0    0    0    0    0    0    1    0    0    0    1    0    1    0    1    0    1    1    0    0    1    1    0    0    1    0    0    1    0    0    0    0    1    0    1    0    1    1    1    0    1    1    0    0    0    1    1    0    0    0    1    0    0    0    0    1    0    1    0    
50    0.439713    0.417498    1    1    1    1    1    1    1    1    1    1    1    1    1    1    1    1    1    1    1    1    1    0    1    1    1    1    1    1    1    1    1    1    1    1    1    1    1    1    1    0    1    1    1    1    1    1    1    1    1    1    1    1    0    1    1    1    1    1    1    1    1    1    1    1    1    1    1    1    1    1    1    1    1    1    1    1    1    1    1    1    1    1    1    1    0    1    1    1    1    1    1    1    1    1    1    1    1    1    0    1    1    0    1    1    0    1    1    0    1    0    0    1    0    1    0    1    0    1    0    1    0    0    0    1    0    1    1    0    0    0    1    0    0    0    0    1    0    1    1    0    0    0    1    0    1    0    0    1    0    1    0    0    0    0    0    0    1    1    1    1    0    0    0    0    0    1    0    1    0    0    1    0    0    0    0    0    0    0    0    0    1    1    0    0    0    1    0    0    0    1    0    0    0    0    0    1    1    1    0    1    
50    0.0992298    0.0841862    1    1    1    1    1    1    1    1    1    1    1    0    1    1    1    1    1    1    1    1    0    1    1    1    1    1    1    1    1    1    1    1    0    1    1    1    1    1    1    1    1    1    1    1    1    0    1    1    0    1    1    1    0    1    0    1    0    0    1    0    1    1    1    1    1    1    0    1    1    1    1    1    1    1    1    1    1    1    1    1    1    1    1    1    1    1    1    1    1    0    1    1    1    1    1    0    1    1    1    1    0    0    0    1    0    1    0    1    1    0    1    0    0    0    0    0    0    0    0    1    0    1    1    1    0    0    0    1    1    1    1    1    0    0    1    0    1    1    0    1    0    0    1    1    0    0    1    1    1    0    0    0    0    0    0    1    1    0    0    0    1    1    1    1    0    0    0    0    1    0    0    1    1    0    0    0    1    0    0    1    0    0    1    0    1    1    1    0    0    1    1    0    0    0    0    0    1    0    0    0    
50    0.364188    0.874771    1    1    1    1    1    1    1    0    1    1    1    1    1    1    1    0    1    1    1    1    1    1    1    1    1    0    1    1    1    1    1    1    1    1    1    1    1    1    1    1    0    1    1    1    1    1    1    1    1    1    1    0    1    1    1    0    1    1    1    1    1    1    1    1    1    1    1    1    1    1    1    1    1    1    1    1    1    1    1    1    0    1    1    1    1    0    1    0    1    1    0    1    1    1    1    1    1    1    1    0    1    0    1    1    0    0    0    0    0    0    0    0    0    0    0    0    0    0    0    0    0    1    1    1    0    0    0    0    0    0    0    1    1    0    0    1    0    0    0    1    1    1    0    0    0    1    0    0    0    0    0    1    1    0    1    0    0    0    0    1    0    0    1    0    0    1    1    0    0    0    1    0    0    1    1    1    0    0    0    1    0    0    1    0    0    1    1    0    0    0    1    0    1    1    1    1    1    0    1    0    
50    0.744751    0.646324    1    1    1    1    1    1    1    1    0    1    1    1    1    1    1    1    1    1    1    1    1    1    1    1    0    1    1    1    1    1    1    1    0    1    1    1    1    1    1    1    1    1    1    1    1    1    1    1    1    0    1    0    1    1    1    1    1    1    1    1    1    1    0    1    1    1    1    1    1    1    1    1    1    1    1    1    1    0    1    1    1    1    1    1    1    1    1    1    1    1    1    1    1    1    1    1    1    1    1    1    0    0    1    1    0    1    0    0    0    0    0    0    1    0    1    1    1    0    0    0    0    1    0    0    1    0    0    1    0    1    0    0    1    0    0    0    0    0    0    1    0    1    0    1    1    1    1    0    1    0    0    1    0    1    1    1    0    1    0    1    1    1    1    0    0    1    0    0    0    0    0    1    0    0    0    1    0    0    0    0    1    1    1    0    1    0    1    0    1    0    0    1    0    1    1    1    1    1    0    1    
50    0.928376    0.171052    1    1    1    1    1    1    1    1    1    1    1    1    1    1    1    1    1    1    1    1    0    0    1    0    1    1    1    1    1    1    0    1    0    1    1    1    1    1    0    1    1    1    1    1    1    1    1    1    1    1    1    1    0    1    1    1    1    1    1    1    1    1    1    1    1    1    0    1    1    1    1    1    1    1    1    1    1    1    1    1    0    1    1    0    1    1    1    1    1    1    1    1    1    1    1    1    1    1    1    1    1    0    1    1    0    0    0    0    1    0    0    1    1    0    0    0    0    0    0    1    1    1    1    1    0    0    0    0    0    0    1    0    1    0    1    0    1    0    1    0    1    0    1    0    1    0    0    0    0    0    0    0    1    1    1    0    1    1    0    1    0    0    0    0    0    0    1    1    0    1    1    0    1    0    0    1    0    1    0    0    0    0    1    0    1    0    0    1    1    0    0    1    1    0    0    1    1    0    0    0    
50    0.419977    0.796713    1    1    1    1    1    1    1    0    1    1    1    1    1    1    0    1    1    1    1    1    1    1    1    0    1    0    1    1    1    1    1    1    1    1    1    1    1    1    1    1    1    1    1    1    1    1    1    1    1    1    1    1    1    1    1    1    1    1    1    1    1    1    0    1    1    1    1    1    1    1    1    1    1    1    1    1    1    1    1    1    1    1    1    1    1    1    1    1    1    1    1    1    1    1    1    1    1    1    1    1    1    1    1    1    0    0    0    0    1    1    0    0    0    0    0    0    0    0    0    0    1    1    0    1    1    1    0    1    0    1    1    1    1    1    1    0    0    1    0    0    1    1    0    0    0    1    0    0    0    0    0    1    0    1    0    1    0    1    0    1    0    0    0    0    0    0    0    0    0    0    0    1    0    0    0    0    1    1    1    1    1    0    0    0    0    1    0    1    1    1    0    0    0    1    1    0    1    0    0    1    
50    0.118419    0.0993538    1    1    1    1    1    1    1    1    1    0    1    1    1    0    1    1    1    1    1    1    0    1    1    1    1    1    1    1    1    1    1    1    1    1    1    1    1    1    1    1    1    1    1    1    1    1    1    1    1    1    1    1    1    1    1    1    0    1    1    1    1    0    1    1    0    1    1    0    1    1    1    1    1    1    1    0    1    1    1    1    1    1    1    1    1    1    1    1    1    1    1    1    1    1    1    1    1    1    1    1    0    1    1    1    0    0    0    0    0    0    1    1    1    0    0    0    0    1    0    1    1    0    0    0    0    0    0    0    0    0    0    0    0    1    0    1    1    0    0    0    1    1    0    0    0    1    0    0    0    0    1    0    1    0    1    1    1    0    1    1    0    0    1    0    1    0    1    1    0    0    1    0    1    0    1    0    1    1    0    1    0    1    1    0    1    1    0    1    1    0    1    1    1    0    1    0    0    1    0    1    
50    0.367315    0.173784    1    1    1    1    1    1    1    1    1    1    1    1    1    1    1    0    1    1    1    1    1    1    1    1    1    1    1    1    1    1    0    0    1    1    1    1    1    1    1    1    1    1    1    1    1    1    1    1    1    0    1    1    0    1    0    1    1    1    1    1    1    1    1    1    1    1    1    1    0    1    1    1    1    1    1    1    1    1    1    1    1    1    1    1    1    1    1    1    1    1    1    1    1    1    1    1    1    1    1    1    1    0    0    1    0    0    0    0    1    0    0    0    1    0    1    1    0    1    0    0    0    0    1    0    0    1    0    0    0    1    0    1    1    0    0    0    0    1    0    1    0    0    1    1    0    0    1    1    1    1    0    1    0    0    0    0    0    0    1    1    0    1    0    0    0    1    1    0    0    1    0    0    1    1    0    0    1    1    0    0    0    1    0    0    1    0    0    1    1    0    0    1    0    0    0    0    1    0    1    0    
50    0.321037    0.638684    1    1    1    1    1    1    1    1    1    1    1    1    0    1    1    1    1    1    1    1    1    1    1    1    1    1    1    1    1    1    1    1    1    1    0    0    1    0    0    1    1    1    1    1    1    1    1    1    1    1    1    1    1    1    1    1    1    0    1    1    1    1    1    1    1    1    1    1    1    1    1    1    1    1    1    1    1    1    1    1    1    1    1    1    0    1    1    1    1    1    1    1    1    1    1    1    1    1    1    1    0    1    1    0    1    1    0    1    1    1    0    0    1    1    1    0    1    0    0    0    0    0    1    0    0    0    0    0    0    0    0    0    1    0    1    0    0    0    1    1    0    0    1    0    1    1    1    0    0    0    0    0    1    0    0    1    0    0    1    0    0    1    0    0    0    0    0    0    0    1    0    0    1    0    0    0    1    1    0    0    0    0    0    0    1    0    0    0    1    0    1    1    0    1    0    0    0    0    0    0    
50    0.434722    0.739877    1    1    1    1    1    1    1    0    1    1    1    1    1    1    1    1    0    1    1    1    1    1    1    1    0    1    1    1    1    1    1    1    1    1    1    1    1    1    1    1    1    1    1    1    1    1    1    1    1    1    1    1    1    1    1    1    1    1    1    1    1    0    1    1    1    1    1    1    1    1    1    1    1    1    1    1    1    1    1    1    1    1    1    1    1    1    1    1    1    0    1    1    1    1    1    1    1    1    1    1    0    0    1    0    1    0    0    0    1    0    1    0    1    1    0    0    1    0    0    0    1    1    1    1    0    0    0    1    0    0    0    0    1    0    1    0    0    0    1    0    0    1    0    0    0    0    1    0    0    0    0    0    1    0    1    1    1    0    0    0    0    0    0    0    0    1    1    1    0    0    1    0    0    1    0    0    1    1    0    1    0    0    1    1    1    0    1    1    0    0    0    1    0    0    1    0    0    0    0    0    
50    0.921038    0.776149    1    1    1    1    1    1    1    1    1    1    1    0    1    1    1    1    1    1    1    1    1    1    1    1    1    0    1    1    1    1    0    1    1    1    1    1    1    0    1    0    1    1    1    1    1    1    1    1    1    0    1    1    1    1    1    1    1    1    1    0    0    1    1    1    1    1    1    1    1    1    1    1    1    0    1    1    1    1    1    1    1    1    1    1    0    1    1    1    1    1    0    1    0    1    1    1    1    1    1    1    1    0    1    0    1    1    1    1    1    1    1    1    1    1    1    1    1    0    0    0    0    0    0    1    0    0    1    1    1    0    0    0    1    1    1    0    0    0    0    1    0    0    0    0    1    0    1    1    0    0    1    1    0    0    0    1    0    0    1    1    0    0    0    0    0    1    1    0    1    0    0    1    1    1    0    0    0    0    0    0    1    0    1    1    0    1    0    0    0    1    0    0    0    1    1    1    1    0    0    0    
50    0.460915    0.123464    1    1    0    1    1    1    1    1    1    1    1    0    1    1    1    1    1    1    1    1    1    0    1    1    1    1    0    1    1    1    1    1    1    1    1    1    1    1    1    1    1    1    1    1    0    1    1    1    1    1    0    0    1    1    1    0    1    1    1    1    1    1    0    1    1    1    1    1    1    1    1    0    1    0    0    1    1    1    1    1    1    0    1    1    1    1    1    1    1    0    1    1    1    1    1    1    1    0    1    1    1    1    0    0    1    0    0    0    1    0    0    0    0    1    0    0    0    1    0    0    0    0    0    0    0    0    0    1    1    0    0    0    1    0    1    1    0    0    1    0    0    0    1    0    1    1    1    1    1    0    0    1    1    1    0    0    0    1    0    0    0    1    0    0    0    1    0    1    0    1    0    0    1    1    1    1    1    1    0    0    0    0    0    0    0    1    0    0    1    0    1    1    1    1    1    0    0    0    0    0    
50    0.609677    0.496129    1    1    1    1    1    1    1    1    1    1    0    1    1    1    1    1    1    1    1    1    1    1    1    1    1    1    1    1    1    1    1    1    1    1    1    1    1    1    1    1    1    1    1    1    1    1    1    1    0    1    1    1    1    1    1    1    1    1    1    1    1    1    1    1    1    0    1    1    1    1    1    1    1    0    1    1    1    1    1    0    1    1    1    1    1    1    1    1    1    0    1    1    1    0    1    1    1    1    0    1    1    0    1    0    0    1    0    0    0    1    0    1    1    1    1    0    0    0    0    1    1    0    0    0    1    1    1    1    0    0    0    0    1    1    1    1    1    1    1    0    0    0    0    0    1    0    1    0    0    0    1    0    0    0    1    0    0    0    0    0    0    1    1    0    0    0    0    1    1    1    1    1    0    0    0    0    1    1    0    0    0    0    1    1    1    0    0    0    1    1    0    0    0    1    1    0    0    0    0    1    
50    0.352526    0.853795    1    1    1    1    1    1    1    1    1    1    1    1    0    1    1    1    1    1    1    1    1    1    1    1    1    1    1    1    1    1    1    1    1    1    1    0    0    1    1    0    1    1    1    0    1    1    1    1    1    1    1    1    1    1    1    1    1    1    1    1    1    1    0    1    1    1    1    1    1    1    1    1    1    1    0    1    1    1    1    1    1    1    1    1    1    1    1    1    1    1    1    1    1    1    0    1    0    1    1    0    0    0    1    1    0    1    1    0    0    1    0    1    1    1    0    1    1    0    0    0    1    1    0    0    1    0    0    0    0    0    0    1    1    1    0    0    1    1    0    0    0    1    0    0    0    0    0    0    1    0    0    1    1    0    1    0    1    0    0    0    0    0    0    0    0    0    1    0    1    1    0    1    0    1    1    1    1    0    0    1    0    0    1    0    1    0    0    1    0    1    0    0    1    0    0    1    0    0    1    0    
50    0.165529    0.521427    1    1    1    1    1    1    1    1    1    1    1    1    1    0    1    1    1    1    1    1    1    1    1    1    1    1    1    1    1    1    1    0    0    0    1    0    1    0    0    1    1    1    1    1    1    0    1    1    1    1    1    1    1    1    1    1    1    1    1    1    1    1    1    1    1    1    1    1    1    0    1    1    1    1    1    1    1    1    1    1    0    1    1    1    1    1    1    1    0    0    1    0    1    1    1    1    1    1    1    1    1    0    0    0    0    0    0    0    0    1    1    0    0    0    1    1    0    0    1    0    0    0    1    0    1    1    0    0    0    0    1    0    0    0    0    0    1    0    0    0    0    0    0    0    0    0    0    0    1    0    1    0    0    0    1    0    0    0    0    0    0    0    0    1    1    1    1    1    1    1    0    1    0    1    0    1    1    0    0    1    1    0    1    1    0    0    1    0    0    1    0    0    0    1    1    1    1    0    0    0    
50    0.896819    0.70454    1    0    1    1    1    1    1    0    1    1    1    1    1    1    1    1    1    1    1    0    1    1    1    1    1    1    1    1    0    1    1    1    1    1    1    1    1    0    1    1    1    1    1    1    1    1    1    1    1    1    1    0    0    1    1    1    0    1    1    0    1    1    1    1    1    1    1    1    1    1    1    1    1    0    1    1    1    0    1    0    1    1    1    1    1    0    1    1    1    1    1    1    1    1    1    1    1    1    1    1    0    1    0    0    1    1    1    0    1    0    0    0    0    1    1    0    0    0    0    0    1    1    0    0    1    0    1    0    0    1    0    1    0    0    1    0    1    1    1    1    0    0    0    1    0    0    0    1    1    1    0    0    0    0    0    1    0    0    0    0    1    1    0    0    1    1    0    0    0    0    1    0    1    1    1    0    0    0    0    1    1    1    0    0    1    0    0    0    1    0    0    1    1    0    0    1    0    0    0    0    
50    0.542397    0.292869    1    1    1    1    1    1    1    1    1    1    1    1    1    1    1    1    1    1    1    1    1    1    1    1    1    1    1    1    1    1    1    1    1    1    1    1    1    1    0    1    1    1    1    1    1    1    0    1    1    1    1    1    1    1    1    1    1    1    1    1    1    1    1    1    1    1    1    1    1    1    1    1    1    1    1    1    1    0    1    1    1    1    1    1    1    1    1    1    1    1    1    1    1    1    1    1    1    1    1    1    0    1    0    0    1    0    0    1    0    1    0    1    1    0    1    0    0    1    0    1    0    0    1    0    1    1    1    0    0    0    1    1    1    0    0    0    0    0    0    0    0    0    0    1    1    1    0    0    1    0    0    0    0    0    0    1    1    1    0    0    0    1    1    0    0    0    1    1    0    0    1    1    1    0    1    0    0    1    0    0    1    0    0    0    1    0    1    1    0    1    1    0    0    1    0    1    0    1    0    0    
50    0.199463    0.0446807    0    1    1    0    1    1    1    1    1    1    1    1    1    1    0    1    1    1    1    1    1    0    0    1    1    1    1    1    1    1    1    1    1    1    1    1    1    1    1    0    1    1    1    1    1    1    1    1    1    1    0    1    1    1    1    1    1    1    1    1    1    1    1    1    1    1    1    1    1    1    1    1    1    1    1    0    1    0    1    1    1    1    0    1    1    1    1    1    1    1    1    1    0    1    1    1    1    1    1    1    0    1    0    1    1    1    1    1    0    0    0    0    1    0    1    0    1    1    1    0    1    0    1    1    1    0    1    0    0    0    0    0    0    0    0    0    0    1    0    0    1    1    0    0    1    1    1    1    0    1    0    0    0    1    0    0    0    0    1    1    1    1    0    0    1    1    1    1    0    1    1    0    0    0    0    0    0    0    1    1    0    0    0    0    0    1    0    1    1    0    1    1    1    1    0    0    1    0    0    0    
100    0.975497    0.0364839    1    1    1    1    1    1    1    1    1    1    1    1    1    1    1    1    1    1    1    1    1    1    1    1    1    1    1    1    1    0    1    0    1    1    1    1    1    1    1    1    1    1    1    1    1    1    1    1    1    1    1    1    1    0    1    1    1    1    1    1    1    1    1    1    1    1    1    1    1    1    1    1    1    1    1    1    1    1    1    1    1    1    1    1    0    1    1    1    1    0    1    1    1    1    1    1    1    1    1    1    0    1    0    1    1    1    1    0    1    0    0    0    0    0    0    0    1    0    0    1    0    0    1    1    1    0    0    1    0    0    1    1    0    0    0    0    0    0    0    1    0    0    0    0    0    1    0    0    1    0    0    0    1    1    1    0    0    0    0    1    0    0    0    1    0    1    0    0    0    0    0    1    0    1    1    0    0    1    1    0    0    1    0    0    1    1    0    0    0    0    1    0    0    0    1    1    1    0    0    0    
100    0.11926    0.615911    1    1    1    1    1    1    0    1    0    1    1    1    1    1    1    1    0    1    1    1    0    1    1    1    1    1    1    0    1    0    1    1    1    1    1    1    0    1    1    1    1    1    1    1    0    1    0    1    1    1    0    1    1    1    1    1    1    1    0    0    1    1    1    1    1    1    1    1    1    1    1    0    1    1    1    1    1    1    0    1    1    1    1    1    1    1    1    1    1    1    1    1    1    1    1    1    1    1    1    1    1    0    1    1    1    0    0    0    1    0    0    0    0    0    0    0    1    0    0    0    0    1    0    1    0    1    0    0    1    0    0    1    1    0    1    0    0    0    0    0    1    0    0    1    0    1    0    1    1    0    1    0    0    0    0    1    0    0    0    1    1    1    1    0    1    0    1    0    1    1    0    0    1    0    1    0    1    0    1    0    1    1    0    0    1    0    0    0    1    1    0    1    1    0    1    1    1    0    1    0    
100    0.83014    0.256503    1    1    1    1    1    1    1    1    1    1    1    1    1    1    1    1    1    0    1    1    1    1    1    1    1    1    1    1    1    1    1    1    1    1    1    1    1    1    1    1    1    1    1    1    1    1    1    1    1    1    1    1    1    1    1    1    0    1    1    1    1    1    1    1    1    1    1    1    1    1    1    1    1    1    1    1    0    1    1    1    1    1    0    1    1    1    0    1    1    1    1    1    1    1    1    1    0    1    1    1    1    0    0    0    0    0    0    0    0    0    0    1    0    1    0    0    1    0    0    0    1    0    0    1    0    1    0    1    0    0    0    0    0    0    1    1    1    1    1    0    1    0    1    0    1    0    1    0    1    1    1    1    0    0    1    0    0    0    1    0    0    1    0    0    1    0    1    0    0    0    1    0    1    0    0    0    0    0    0    1    0    0    1    1    0    0    1    0    0    1    0    1    0    0    0    0    0    0    0    0    
100    0.160026    0.293518    1    1    1    1    1    1    0    1    1    1    1    1    1    1    1    1    1    1    1    1    1    1    1    1    1    0    1    1    1    1    1    1    0    1    1    1    1    1    1    1    1    1    1    1    1    0    0    1    1    1    1    1    1    0    1    1    1    1    1    1    1    1    1    1    0    1    0    1    1    0    1    1    1    1    0    1    1    0    1    1    1    1    1    1    1    1    0    1    1    1    1    1    1    1    1    1    1    1    1    0    1    0    0    0    0    0    0    0    1    1    0    0    0    1    0    1    0    1    1    0    1    0    0    0    1    0    0    0    0    1    1    0    0    0    0    0    1    1    1    0    1    1    1    1    0    1    0    1    1    0    0    1    1    0    0    0    0    1    1    1    0    1    1    1    1    0    0    1    0    1    0    1    0    1    0    0    0    1    0    0    0    0    1    0    1    0    1    0    0    1    1    0    1    0    0    0    1    0    0    0    
100    0.8433    0.391644    1    1    1    1    1    1    0    1    1    1    1    1    0    1    1    1    1    1    1    1    1    1    1    1    1    1    1    1    1    1    1    1    1    1    1    1    1    1    1    1    1    1    1    1    0    1    1    1    1    1    1    1    1    0    1    1    1    0    1    1    1    1    1    1    1    1    1    1    1    1    1    1    1    1    1    1    1    1    1    1    0    1    1    1    1    1    1    1    1    1    1    1    1    1    1    1    1    1    1    1    1    0    0    0    1    0    0    0    0    1    0    0    0    0    1    1    1    0    0    0    1    0    1    0    0    1    1    0    1    1    1    0    0    1    0    0    0    0    0    1    0    1    1    0    0    0    0    0    1    0    0    0    1    1    1    1    1    1    0    0    1    1    1    1    0    0    0    1    1    1    0    1    0    0    1    1    1    1    0    0    0    0    1    0    0    0    0    1    0    1    0    1    1    0    0    1    0    1    1    1    
100    0.751647    0.242388    1    1    1    1    1    1    1    1    1    1    0    1    1    1    1    1    1    1    1    1    1    1    1    1    1    1    1    1    1    1    1    0    1    1    1    1    1    1    0    1    0    1    1    1    1    1    1    0    1    1    1    1    1    1    1    1    1    1    0    0    1    1    1    1    1    1    1    1    1    1    1    1    1    1    1    1    1    1    1    1    1    1    1    1    1    1    1    1    1    0    1    1    1    1    1    1    1    1    1    1    1    0    0    1    1    0    1    0    0    1    1    1    0    1    1    1    0    1    1    0    0    1    1    1    0    0    1    1    0    0    0    0    1    0    1    1    0    0    1    1    0    1    0    0    0    0    0    1    0    1    0    1    0    1    0    0    1    0    0    0    1    0    0    1    0    0    1    0    0    0    0    0    1    0    0    1    0    0    1    1    0    0    0    0    1    1    0    1    0    1    1    0    0    1    0    0    1    1    0    1    
100    0.0648405    0.513478    0    1    1    1    1    1    1    1    1    1    1    1    1    1    1    1    1    1    1    1    0    1    1    1    1    1    1    1    1    1    1    1    1    1    1    1    1    1    1    1    1    1    1    1    1    1    1    1    1    1    1    1    1    1    1    1    1    1    1    1    1    1    1    1    1    1    1    1    0    1    1    1    1    1    1    1    1    1    1    1    1    1    1    1    1    1    1    1    1    1    0    1    1    1    1    1    1    1    1    1    0    0    1    0    0    1    1    1    0    0    0    0    0    0    0    1    0    0    1    0    1    1    1    1    0    0    0    0    0    1    1    0    1    0    0    0    0    1    1    0    0    1    0    0    1    1    0    0    1    0    1    1    0    0    0    1    0    0    0    1    0    0    1    0    0    1    0    0    0    0    0    0    0    1    0    0    0    0    0    0    0    1    0    1    0    1    1    1    0    0    1    1    1    0    0    1    1    1    1    1    
100    0.167836    0.0756548    1    1    1    1    1    0    1    1    1    1    1    0    0    1    1    1    1    1    0    1    1    1    1    1    1    1    1    1    1    1    1    1    1    1    1    1    1    1    1    1    1    1    1    1    0    1    1    1    1    1    1    1    1    1    1    1    1    1    1    1    1    1    1    1    1    1    1    1    0    1    1    1    1    1    1    1    1    1    1    0    1    1    1    1    1    1    1    1    1    1    0    1    1    1    1    1    1    1    0    1    1    0    0    0    0    1    1    0    0    1    0    0    0    0    0    0    1    0    1    1    0    0    0    0    0    1    1    1    1    1    0    0    1    0    0    0    0    0    1    1    1    0    0    0    0    1    0    0    1    0    0    1    0    0    0    0    0    0    0    1    1    0    0    0    0    0    0    0    0    1    0    0    1    1    0    0    1    0    0    0    1    0    1    0    1    0    1    0    0    0    0    1    0    1    1    1    0    1    0    0    
100    0.790628    0.976145    1    1    1    1    0    1    1    1    1    1    0    1    1    0    0    1    1    1    0    0    1    1    1    1    1    1    0    0    1    1    1    1    1    1    1    1    1    1    0    1    0    0    1    1    1    1    1    1    1    1    1    1    1    1    1    1    1    1    1    1    1    1    1    1    1    1    1    1    0    1    1    1    0    1    1    1    1    1    1    1    1    1    1    1    1    1    1    1    1    1    1    1    1    1    1    1    0    1    1    1    0    0    0    1    1    0    0    1    0    1    1    0    1    0    0    1    0    0    0    1    0    0    0    1    0    0    0    1    0    0    1    0    1    0    0    1    0    0    1    1    0    1    1    0    1    1    0    1    0    1    1    1    0    0    1    1    1    0    0    0    1    0    0    1    1    1    0    0    0    1    1    0    1    0    1    1    0    0    0    0    1    1    0    0    1    1    0    0    1    0    0    1    0    0    1    0    1    0    1    1    
100    0.262253    0.227819    1    1    1    1    1    1    1    1    1    0    1    1    1    1    1    1    1    1    1    1    1    1    1    1    0    1    1    1    1    1    1    1    1    1    1    0    1    0    1    1    1    1    1    1    1    1    0    0    1    1    1    1    1    0    0    1    1    1    1    1    1    1    1    1    1    1    0    1    1    1    1    1    1    1    1    0    1    1    1    0    1    1    1    1    1    1    1    1    0    0    1    1    1    1    1    1    1    1    1    1    0    0    1    1    0    1    1    1    0    0    0    0    0    1    1    1    1    0    1    1    1    0    0    0    0    0    1    1    1    0    0    1    0    0    0    1    1    0    1    0    0    0    1    0    1    1    0    1    1    0    1    1    0    1    0    0    1    0    0    1    1    1    0    0    1    1    1    1    0    0    1    1    1    0    1    1    0    1    0    0    0    1    0    1    1    1    0    1    0    1    1    0    1    0    1    0    0    1    1    1    
100    0.327648    0.584571    1    1    1    1    1    1    1    1    1    1    1    1    1    1    1    1    1    1    1    1    1    1    1    1    1    1    1    1    1    1    1    1    1    0    1    1    1    1    1    1    0    1    1    1    1    1    1    1    1    1    1    1    1    1    1    1    1    1    1    1    1    0    1    1    1    1    1    1    1    1    1    1    1    1    1    1    1    1    1    1    1    1    0    1    1    0    1    1    0    1    1    1    1    1    1    1    1    1    1    1    0    0    0    0    0    0    1    0    0    0    1    0    0    1    1    0    1    0    1    0    1    0    0    0    1    0    0    0    1    0    0    0    0    0    1    1    0    1    1    1    1    0    0    0    1    1    1    1    1    1    0    1    1    0    1    0    1    1    0    0    1    0    1    0    0    0    1    0    0    0    0    1    0    0    1    1    0    0    1    0    0    0    0    1    0    0    0    0    0    0    0    1    1    0    0    1    0    0    0    0    
100    0.214368    0.13499    0    1    1    1    0    1    1    1    1    1    1    1    1    1    1    1    1    1    1    1    1    1    1    1    1    1    1    1    0    1    1    1    0    1    1    1    1    1    1    0    1    1    1    1    1    0    1    0    1    1    1    1    1    1    1    1    1    1    1    1    1    1    1    1    1    0    1    1    1    1    1    1    1    0    1    1    1    1    0    1    1    1    1    1    1    1    1    1    1    1    0    0    1    1    1    1    1    1    1    0    1    0    0    0    1    0    0    1    0    1    1    1    0    0    0    0    0    0    0    0    0    0    0    0    1    0    0    0    0    0    1    0    0    0    1    0    0    0    0    0    1    1    1    0    0    0    0    1    1    0    0    0    0    0    0    1    1    1    1    1    0    0    0    1    1    1    1    0    1    1    0    1    1    0    0    0    0    0    0    0    1    1    1    0    0    1    0    1    1    1    1    0    1    0    0    0    0    1    0    0    
100    0.203405    0.294081    1    1    1    1    1    1    1    1    1    1    1    1    1    1    1    1    1    1    1    1    1    1    0    1    1    1    1    1    1    0    1    1    1    1    1    1    1    1    1    1    1    1    1    1    1    0    1    1    1    1    1    1    0    1    1    1    1    0    1    1    1    1    1    1    1    0    1    1    1    1    1    0    1    0    1    1    1    1    1    1    1    1    0    1    0    1    0    1    1    1    1    1    0    1    1    1    1    1    1    1    0    1    0    0    0    1    0    0    0    1    1    1    0    0    0    0    0    1    1    0    1    0    1    1    0    0    0    0    0    0    0    0    0    0    1    0    0    0    1    0    1    0    1    1    1    1    0    1    0    0    1    0    1    0    0    0    1    0    0    0    1    1    1    0    0    1    0    0    0    1    1    0    1    1    0    1    1    0    1    1    0    0    1    1    0    1    1    1    0    0    0    0    1    1    0    1    1    0    0    1    
100    0.416062    0.490406    1    1    0    1    1    1    1    1    1    1    1    1    1    1    1    1    1    1    1    0    0    1    1    1    0    1    1    1    1    1    1    0    1    0    1    1    1    1    1    1    1    1    1    1    1    1    1    1    1    1    1    1    0    1    1    1    1    1    1    1    1    1    1    1    1    1    0    1    1    1    1    1    1    0    1    0    0    1    1    1    1    1    1    1    1    1    1    1    1    1    1    1    1    1    1    1    1    1    1    1    0    0    1    1    0    0    0    0    0    1    1    1    1    1    0    0    0    0    1    1    0    0    0    1    0    0    0    0    1    0    0    1    0    0    0    0    0    0    1    1    1    1    0    0    1    0    0    0    1    1    1    0    1    1    0    1    0    1    0    0    1    0    0    0    0    1    0    1    1    1    1    1    1    1    0    1    0    0    1    0    1    1    0    0    0    0    1    0    1    1    1    0    1    0    1    1    0    1    0    0    
100    0.825925    0.457633    1    1    1    1    1    1    1    1    1    1    1    1    1    1    1    1    1    1    0    1    1    1    1    1    1    1    1    0    1    1    1    1    1    1    1    1    1    1    1    1    1    0    0    1    0    1    1    1    1    1    1    1    1    1    1    1    1    1    1    1    1    1    1    1    1    1    1    1    1    1    1    1    1    1    1    1    1    1    1    1    1    1    1    1    1    1    1    0    1    1    1    1    1    1    1    1    1    1    1    1    0    0    0    0    0    1    1    0    1    1    1    1    0    1    0    1    0    0    0    0    1    0    0    0    0    0    0    0    1    0    0    1    1    0    0    0    1    1    1    0    0    1    1    1    0    0    1    0    0    0    1    0    1    0    0    0    1    1    0    0    0    0    1    1    1    1    0    1    0    0    1    1    1    1    0    0    1    0    0    0    0    1    1    1    1    1    0    1    1    0    0    0    1    1    0    1    0    0    0    0    
100    0.648128    0.376941    1    1    1    1    1    1    1    1    1    1    1    1    1    1    1    1    1    1    1    1    1    1    1    1    1    1    1    0    1    1    1    1    1    1    1    1    1    1    0    1    1    1    1    1    1    1    1    1    1    1    1    1    1    1    1    1    1    0    1    1    1    1    1    1    1    1    1    0    1    1    1    1    1    1    1    1    1    1    1    1    1    1    1    1    1    1    1    1    1    1    1    1    1    1    0    1    1    1    1    1    0    0    0    0    1    0    0    1    1    0    1    0    0    0    1    1    0    0    1    1    0    1    1    0    0    0    1    1    1    1    1    0    0    0    0    1    0    1    0    0    0    1    0    1    1    0    1    0    0    1    1    0    0    1    0    1    0    0    0    1    1    1    0    1    1    1    0    0    1    1    0    1    0    1    0    1    0    1    1    1    0    0    0    0    0    1    0    0    0    1    1    0    0    0    0    1    0    1    0    1    
100    0.884138    0.275564    1    1    0    1    1    1    1    1    1    1    1    1    1    1    1    1    1    0    1    1    1    1    1    1    1    1    1    1    1    1    1    0    1    1    1    1    1    1    1    1    1    1    1    1    1    1    1    1    1    1    1    1    1    1    1    1    1    1    1    1    1    1    1    1    1    1    1    1    1    1    1    1    1    1    1    1    1    1    1    1    1    1    1    1    1    1    1    0    1    1    1    1    1    1    1    0    1    1    0    1    1    0    0    0    0    0    0    1    1    0    0    1    1    1    1    1    0    0    0    0    0    0    0    0    1    0    0    1    0    1    0    1    0    0    1    1    1    0    0    0    0    0    0    0    0    1    1    0    1    1    0    1    0    0    0    0    1    0    1    1    1    0    1    1    0    0    0    1    0    0    0    0    0    1    1    0    0    1    0    0    0    0    0    1    1    1    1    0    1    0    1    1    0    1    1    0    1    1    0    0    
100    0.611594    0.0682005    0    1    1    1    1    1    1    0    1    1    1    1    1    1    1    1    1    1    1    0    1    0    1    1    1    1    0    0    0    0    1    1    1    1    1    1    1    0    1    1    1    1    0    1    1    1    1    1    1    1    1    1    1    1    1    1    1    0    0    1    1    1    0    1    1    1    1    1    1    1    1    1    1    1    1    1    1    1    1    0    1    1    1    1    1    1    0    1    1    1    1    1    1    0    1    1    1    1    1    1    1    0    1    0    0    0    0    0    1    0    1    1    0    0    0    1    0    1    1    0    0    1    1    0    1    0    1    1    0    0    1    1    0    0    1    0    0    1    0    1    0    1    0    0    1    1    0    0    0    1    0    0    0    1    1    1    1    0    1    0    0    1    1    1    0    0    0    0    0    1    0    1    0    1    0    1    0    1    1    0    0    0    1    1    0    1    1    1    0    1    0    0    0    0    0    1    1    0    0    0    
100    0.999437    0.207004    1    1    1    1    1    1    1    0    1    1    1    1    1    1    1    1    1    1    1    1    1    1    1    1    1    0    1    1    1    1    0    1    1    1    0    1    1    1    1    1    0    0    1    1    1    1    1    1    1    1    0    1    1    1    1    1    1    1    1    1    1    1    1    1    1    1    0    1    1    1    1    1    1    1    1    1    1    1    1    1    1    1    0    1    1    1    0    1    1    1    1    1    1    1    0    1    1    1    1    1    0    1    0    0    0    0    0    1    1    1    0    0    0    0    0    0    1    0    1    0    0    0    1    1    0    1    0    0    0    0    1    1    1    0    1    1    1    0    1    1    0    1    1    1    0    0    1    0    0    1    1    1    0    0    1    0    1    0    1    1    1    1    0    0    1    0    1    1    0    1    1    1    0    0    0    0    1    0    1    0    0    0    0    1    1    1    0    1    0    0    1    0    1    0    1    1    1    0    1    1    
100    0.056953    0.583289    1    1    1    1    1    1    1    1    1    0    1    1    1    1    1    1    0    1    0    0    0    1    1    0    1    1    1    1    1    1    1    1    1    1    0    1    1    1    1    1    1    1    1    1    1    1    1    1    1    0    1    1    1    1    1    1    1    1    1    1    1    1    1    1    1    1    1    1    0    1    1    0    1    0    1    0    1    1    0    1    1    1    0    1    1    1    1    1    1    1    1    1    1    1    1    1    1    1    1    0    1    0    0    1    1    0    0    0    0    1    1    0    1    0    0    0    1    0    0    0    1    0    0    0    1    0    1    1    1    0    0    0    0    1    0    0    0    1    0    0    0    0    1    1    1    1    1    0    1    0    0    0    0    1    0    1    1    0    1    0    0    0    0    0    1    1    0    0    0    0    1    1    0    0    1    0    0    0    1    1    0    0    1    1    0    0    0    1    1    1    0    1    0    0    1    0    1    1    1    1    
100    0.661354    0.465316    1    1    1    1    1    1    1    1    1    1    1    1    1    1    1    1    1    1    1    1    1    1    1    1    1    1    1    1    1    1    1    1    1    1    1    1    1    1    1    1    1    1    1    1    1    1    0    1    1    1    1    1    1    1    1    1    1    1    1    1    1    1    1    1    1    1    1    1    1    0    1    1    1    1    0    1    1    1    1    1    1    1    1    1    1    1    1    1    1    1    1    1    1    1    1    1    1    1    1    1    0    0    1    1    1    0    0    1    1    1    1    0    0    0    0    0    0    0    0    0    1    1    1    0    0    0    0    0    0    0    0    0    1    1    1    1    0    1    0    0    0    0    1    0    0    1    1    0    1    1    0    1    1    0    1    1    0    0    0    1    1    1    0    1    0    0    1    0    1    1    1    0    1    0    1    0    1    0    1    0    1    0    1    1    0    0    1    0    0    1    0    1    1    0    0    1    0    1    0    1    
100    0.837599    0.825088    0    1    1    1    0    1    1    1    1    1    1    1    0    1    1    1    0    1    0    1    1    1    1    1    1    0    1    1    1    1    1    0    0    1    1    1    0    0    1    1    1    1    0    0    1    1    1    1    1    1    1    1    1    0    1    1    1    1    0    0    0    1    1    1    1    1    1    1    1    1    0    1    1    1    1    1    1    1    1    1    1    0    1    1    1    1    1    1    1    1    1    1    1    1    1    1    1    1    0    1    1    0    1    0    0    0    1    0    0    0    0    1    1    1    1    0    0    0    0    0    1    0    0    1    0    1    0    0    0    1    1    0    0    0    1    1    0    1    1    0    1    1    0    1    1    0    0    0    0    0    0    0    1    0    0    1    1    0    0    0    0    0    0    0    0    1    0    0    0    0    0    1    1    0    1    1    1    0    0    0    1    0    0    0    0    0    1    1    1    0    0    1    0    1    1    0    0    0    1    0    
100    0.6887    0.476218    1    1    1    1    1    1    1    1    1    0    1    1    1    1    1    1    1    1    1    1    1    1    1    1    1    0    1    0    1    1    1    1    1    1    1    1    1    1    1    1    1    1    1    1    1    1    1    1    1    1    1    1    1    1    1    1    1    1    1    1    1    1    1    1    1    1    1    1    1    1    1    1    1    1    1    1    1    1    1    1    1    1    1    1    1    1    0    1    1    1    1    1    1    1    1    1    1    0    1    1    1    1    0    0    1    1    1    1    0    1    1    0    0    0    1    0    1    0    0    0    1    0    0    1    0    1    0    1    1    1    0    0    1    1    0    0    0    1    1    1    0    0    1    1    1    1    0    0    0    0    1    0    0    1    0    0    1    1    0    0    0    0    0    1    0    1    0    0    0    1    0    0    1    0    0    1    1    0    0    0    1    0    0    1    0    0    1    1    1    0    0    1    0    0    0    1    1    1    0    0    
100    0.925272    0.263217    1    1    1    1    1    1    0    0    1    1    1    1    1    1    1    1    1    1    0    1    1    0    1    1    1    1    1    1    1    1    1    1    1    1    1    0    1    1    1    1    1    1    0    1    1    1    1    1    1    1    1    1    1    1    1    1    1    1    1    1    1    1    1    1    1    1    1    1    1    1    1    1    1    0    1    1    1    1    1    1    1    1    1    1    1    1    1    1    1    1    0    1    1    0    1    1    1    1    1    1    0    1    0    1    1    0    0    0    0    1    0    0    0    0    1    1    0    0    1    1    0    1    1    0    0    0    0    0    0    1    0    1    1    0    1    1    0    0    1    1    0    1    1    0    0    0    1    0    0    1    0    1    0    1    0    0    0    0    0    0    0    0    0    1    1    0    0    1    0    0    1    1    1    0    1    1    1    1    0    0    1    0    0    0    0    0    0    1    0    0    0    0    1    0    0    1    1    1    0    1    
100    0.54402    0.170492    1    1    1    1    1    1    1    0    1    1    1    1    1    1    1    1    0    1    1    0    1    1    1    1    1    1    0    1    0    1    1    1    1    1    0    0    1    0    1    1    1    1    1    1    1    1    1    1    1    0    1    1    1    0    1    1    0    1    1    0    0    1    1    1    1    1    1    1    1    1    1    1    1    1    1    1    1    1    1    1    1    1    1    1    1    1    1    1    1    1    1    1    1    1    1    1    1    1    0    1    1    0    0    0    0    0    1    1    0    0    0    0    1    0    0    1    1    1    0    0    0    0    1    0    1    0    0    0    1    0    1    0    1    1    0    0    0    0    1    1    1    0    1    0    0    0    1    0    0    0    1    0    0    0    0    1    1    0    0    1    0    0    0    0    1    0    0    0    0    1    1    1    0    0    1    0    0    1    1    1    0    0    0    0    0    0    1    1    1    1    0    1    0    0    0    1    1    1    0    0    
100    0.4549    0.92853    0    1    1    1    0    1    1    1    1    1    1    1    1    1    1    1    1    1    1    1    1    1    1    1    1    1    0    1    1    1    0    1    1    1    1    0    1    1    1    0    1    1    1    1    1    1    1    0    1    1    1    1    1    1    1    1    1    1    1    1    1    1    1    1    1    1    1    0    1    1    1    1    1    1    1    1    1    1    1    1    1    1    1    1    1    0    1    1    1    1    1    1    1    1    1    1    1    1    1    1    0    0    1    0    0    0    0    1    0    0    0    0    0    0    0    0    0    1    1    0    0    0    1    0    0    0    1    0    0    0    0    0    1    0    1    0    0    0    1    0    0    1    0    1    0    0    0    0    1    1    1    1    0    0    0    0    0    0    1    1    0    0    0    1    0    0    1    0    0    1    1    0    1    0    0    1    0    1    0    0    1    0    0    1    1    1    0    1    0    0    0    0    1    1    1    1    1    0    0    1    
100    0.54981    0.835031    1    1    1    1    1    1    1    1    1    1    1    1    1    1    1    1    1    1    1    1    1    1    1    1    1    1    1    1    1    1    1    1    1    1    1    1    1    0    1    1    1    1    1    1    1    1    1    1    1    1    1    1    1    1    1    1    1    1    1    1    1    1    1    1    1    1    1    1    1    1    1    1    1    1    1    1    1    1    1    1    1    1    1    1    1    1    1    1    1    1    1    1    1    1    1    1    1    1    1    1    0    0    0    0    1    0    0    0    0    1    0    1    0    0    0    1    1    1    0    0    1    0    0    1    0    0    1    0    1    0    1    0    0    1    0    1    1    0    0    1    1    0    1    0    1    0    1    1    0    1    1    0    0    0    1    0    1    0    1    1    0    1    0    0    0    0    0    1    0    0    0    1    0    1    1    0    1    0    1    0    0    1    0    1    0    0    0    0    0    1    1    0    1    1    1    0    0    0    0    0    
100    0.49719    0.629428    0    1    1    1    1    1    1    1    1    1    1    1    1    1    1    1    0    1    1    1    1    1    1    1    1    1    1    0    1    1    1    1    1    1    1    1    1    1    1    1    1    1    1    0    1    1    1    1    1    1    1    1    1    1    1    1    1    1    1    1    1    1    1    1    1    1    1    1    1    1    1    1    1    1    1    1    1    1    1    1    1    1    1    1    1    1    1    1    1    1    1    1    1    1    1    0    1    1    1    1    0    1    1    0    0    0    0    1    0    1    0    0    1    1    1    0    1    0    0    0    0    1    0    0    0    1    1    1    1    1    1    0    0    0    0    1    0    1    1    0    0    0    1    0    1    0    0    1    1    0    1    0    1    0    1    1    0    0    0    0    1    1    0    0    0    1    0    0    0    0    0    1    0    0    1    1    1    1    0    1    1    0    1    0    0    1    1    1    1    0    0    0    0    0    1    0    0    0    0    1    
100    0.698603    0.0525425    1    1    1    1    1    1    1    1    1    1    1    1    1    0    1    1    1    0    1    1    1    1    1    1    1    1    1    1    1    1    0    1    1    1    1    1    1    1    1    1    1    1    1    1    1    1    1    1    1    1    1    1    1    1    1    1    1    1    1    1    0    1    1    1    1    1    1    1    1    1    1    1    1    1    1    1    1    1    0    1    1    1    0    1    1    1    1    1    1    1    1    1    1    1    1    1    1    1    1    1    0    0    0    0    1    0    1    0    1    0    1    1    0    1    0    1    1    0    0    1    0    0    1    0    1    0    0    0    0    0    0    0    0    1    1    0    0    1    0    0    0    1    0    1    0    0    0    0    1    0    0    0    1    1    0    0    1    1    0    0    1    1    0    0    0    0    0    0    0    1    0    0    1    0    1    0    0    0    0    0    0    0    1    1    1    1    0    0    1    0    1    1    0    1    0    0    0    0    0    0    
100    0.40056    0.741048    1    1    1    1    1    1    1    0    1    1    1    1    1    1    1    1    1    1    1    1    1    1    1    1    1    1    1    1    1    1    1    1    1    1    1    1    0    1    1    1    1    1    1    1    1    1    1    1    1    1    1    1    1    1    1    1    1    1    0    1    1    1    0    1    1    0    1    1    1    1    1    1    1    1    1    1    1    1    1    1    1    1    1    1    1    1    1    1    1    1    1    1    1    1    1    1    1    1    1    1    0    0    1    0    1    0    1    1    1    1    1    0    0    0    0    1    0    0    0    0    1    1    1    0    0    1    0    1    0    0    1    1    0    1    1    1    0    1    0    1    0    1    0    0    0    1    1    0    0    0    0    0    0    0    0    1    0    0    1    0    0    0    0    1    0    1    0    1    1    0    1    0    0    0    0    0    1    1    1    0    1    0    1    1    1    1    0    0    1    1    1    0    0    0    1    1    0    0    0    0    
100    0.107398    0.646392    1    0    1    1    1    1    1    1    1    1    1    1    1    1    1    1    0    1    1    1    1    1    1    0    1    1    0    1    1    1    1    1    1    1    1    1    1    1    1    1    1    1    1    1    0    1    1    1    0    1    1    1    1    1    1    1    1    1    1    1    1    1    1    1    1    0    1    1    1    1    1    1    1    1    1    0    1    1    1    1    1    0    1    1    1    1    1    1    1    1    1    0    1    1    1    1    1    1    1    1    0    0    1    0    0    1    1    0    0    0    0    1    1    1    0    0    1    0    0    1    1    0    1    1    0    0    1    0    0    1    0    0    0    0    0    0    0    0    1    0    1    0    1    1    0    1    0    0    1    1    0    0    0    0    1    0    1    0    0    1    0    0    0    1    1    0    1    0    1    1    1    0    1    0    0    1    0    1    0    1    1    0    0    0    0    1    0    0    0    0    0    0    1    0    0    0    0    1    1    1    
100    0.656046    0.28379    0    0    1    1    1    0    1    1    0    1    1    1    1    1    1    1    0    1    1    1    1    1    1    1    1    1    0    1    1    1    1    1    1    1    1    1    1    1    1    1    1    1    1    1    1    1    1    1    0    0    1    0    1    1    1    1    1    1    1    0    1    1    1    1    1    1    1    0    1    1    1    0    1    1    1    1    1    1    1    1    1    1    1    1    0    1    1    1    1    1    1    1    0    1    1    1    1    1    1    0    1    0    0    1    0    1    1    0    0    0    1    1    0    1    0    1    1    0    0    0    0    1    1    0    0    0    0    0    0    0    1    1    0    1    1    0    1    1    1    0    1    1    0    1    1    1    1    1    1    1    0    1    0    1    0    1    0    1    0    1    0    1    0    1    0    0    0    0    0    0    0    1    1    0    1    1    1    1    0    1    0    1    0    0    0    0    0    1    1    0    1    0    1    0    0    1    1    1    0    0    
100    0.534761    0.504168    1    1    1    1    1    1    1    1    1    1    1    1    1    1    1    1    1    1    1    1    1    1    1    1    1    1    1    1    1    0    1    1    1    1    1    1    0    1    1    1    1    1    1    1    1    1    0    1    1    1    1    1    1    1    1    1    1    1    1    1    1    1    1    1    1    1    1    0    1    0    1    1    1    0    1    1    1    1    1    1    1    1    1    1    1    1    1    1    1    1    1    1    1    1    1    1    1    1    1    1    1    1    1    0    0    1    0    0    0    0    0    1    1    0    0    0    0    1    1    0    0    1    1    1    1    1    0    1    1    1    0    0    0    1    0    0    0    1    1    1    1    0    0    0    0    1    0    0    1    0    0    0    0    0    0    0    0    0    1    0    1    0    0    0    0    0    1    0    0    0    1    1    0    1    0    1    0    1    0    0    0    0    0    1    1    1    0    0    1    0    0    0    0    0    0    1    1    0    0    0    
100    0.923218    0.185732    1    1    0    1    1    1    1    1    1    1    1    1    1    1    1    1    0    1    1    1    1    1    1    1    1    1    1    1    1    1    0    1    1    1    1    1    1    1    1    1    1    1    1    1    1    1    1    1    1    1    1    1    1    1    1    1    1    1    1    1    1    1    1    1    1    1    1    1    0    1    1    1    1    1    1    1    1    1    1    1    1    1    0    1    1    1    1    1    1    1    1    1    1    1    1    1    1    1    1    1    1    0    0    1    0    1    0    1    1    1    0    1    0    1    1    0    0    0    0    0    0    1    0    1    1    0    0    1    1    1    0    0    1    1    0    0    0    1    0    0    0    0    0    1    0    0    1    0    0    0    1    1    1    0    0    1    1    1    0    1    1    0    1    1    0    0    1    0    1    0    0    0    1    1    0    0    1    0    0    0    1    1    0    0    0    0    0    1    0    0    0    1    1    0    0    0    0    0    0    0    
100    0.143147    0.746301    1    1    1    1    1    1    1    1    1    1    1    1    1    1    0    1    1    1    1    1    1    1    1    1    1    0    1    0    1    1    1    1    1    1    1    1    1    1    1    1    1    1    1    1    1    1    1    1    1    1    1    1    1    0    1    1    1    1    1    1    1    1    1    1    1    1    1    1    1    1    0    1    1    1    1    1    1    1    1    1    1    1    1    1    1    1    1    1    1    1    1    1    1    1    1    1    1    1    1    1    0    0    1    1    1    0    1    0    0    0    0    0    1    1    0    1    1    0    1    0    0    1    1    0    0    1    1    1    0    1    0    0    0    0    0    1    0    1    1    0    0    1    1    0    1    0    0    0    0    0    1    0    1    0    0    1    0    0    1    0    0    0    0    0    1    0    0    1    0    0    1    0    1    0    0    0    0    1    1    0    1    0    0    0    0    1    0    1    0    1    1    0    0    0    0    0    0    0    1    1    
100    0.762689    0.562918    0    1    1    1    1    1    1    1    1    1    1    1    0    1    1    1    1    1    1    1    1    1    1    0    1    1    1    1    1    1    1    0    1    1    1    1    1    1    1    1    1    1    1    1    1    1    1    1    1    1    1    1    1    1    1    1    1    1    1    1    1    1    1    1    0    1    1    1    1    1    1    1    1    1    1    1    0    1    0    1    1    1    1    1    1    1    1    1    1    1    1    1    1    1    1    1    1    1    1    1    0    1    1    0    0    0    1    0    1    0    1    0    0    0    1    1    1    1    0    1    1    0    1    1    0    0    0    0    0    1    0    1    1    1    0    0    0    0    0    1    0    1    1    0    1    1    0    0    1    0    0    1    1    0    0    0    1    1    1    0    1    0    0    1    1    0    0    0    1    0    0    0    1    0    0    0    1    1    0    0    1    0    1    0    0    0    1    1    1    0    0    1    0    0    0    1    0    0    1    0    
100    0.264567    0.930142    0    1    0    1    1    1    1    1    1    1    1    0    1    1    1    1    1    1    1    1    1    1    1    1    1    1    0    1    1    1    1    1    1    1    1    1    1    1    1    1    0    1    1    1    1    0    1    1    0    0    1    1    1    1    0    1    1    1    1    1    1    1    1    1    1    1    1    1    0    1    0    1    1    1    1    1    1    1    1    1    1    1    1    1    1    1    1    1    1    1    1    1    1    1    1    1    1    1    1    1    0    0    1    0    1    0    1    1    1    0    0    0    0    0    0    0    0    1    1    1    0    1    1    0    0    1    0    1    1    1    0    0    0    0    0    1    0    0    0    0    0    1    0    0    1    0    0    0    0    1    1    1    0    1    1    0    0    1    0    0    0    0    0    0    0    0    1    0    0    1    0    0    0    1    0    0    0    1    0    0    0    1    1    1    1    1    0    0    0    0    0    0    1    1    1    0    0    0    0    0    
100    0.577115    0.82052    1    1    1    1    1    1    1    1    1    1    1    1    1    0    1    1    1    1    1    1    1    0    1    1    0    1    1    1    1    1    1    1    1    1    1    1    1    1    1    1    1    1    1    1    1    1    1    1    1    0    1    1    1    1    1    1    1    1    1    1    0    1    1    1    1    1    1    1    1    1    1    1    1    1    1    1    1    1    1    1    1    1    1    1    0    1    0    0    1    1    1    1    1    1    1    1    1    1    1    1    1    0    0    1    0    0    0    0    0    0    0    0    0    0    0    0    0    0    0    0    1    0    0    1    1    1    1    0    0    1    1    0    1    0    1    1    0    0    1    1    0    0    1    0    0    0    1    1    0    0    0    1    0    0    1    0    0    1    0    0    0    0    0    0    1    0    1    0    0    1    1    0    0    0    0    0    1    0    1    1    0    0    0    0    1    1    1    0    1    0    1    0    0    1    1    0    1    0    0    0    
100    0.245498    0.904151    1    1    0    1    1    1    1    1    1    1    1    1    1    1    1    1    1    1    1    1    1    1    1    1    1    0    1    0    1    1    1    1    1    1    0    1    1    1    1    1    1    1    1    1    1    1    1    0    1    1    1    1    1    0    1    1    1    1    1    1    1    1    1    0    1    0    1    1    1    1    1    1    1    1    1    1    1    1    1    1    1    1    1    1    1    1    1    1    1    1    1    1    1    1    1    1    1    1    1    1    1    1    0    0    0    1    1    0    1    1    1    0    0    0    0    1    0    0    0    1    0    0    1    1    1    1    1    1    1    1    1    0    0    0    0    1    0    1    0    0    0    1    0    0    0    0    0    1    0    0    0    0    0    0    0    1    1    0    1    1    1    0    1    0    0    0    1    0    0    1    0    1    1    0    1    0    1    1    1    1    1    1    0    1    0    0    1    0    0    0    1    0    0    1    0    0    1    0    0    0    
100    0.656099    0.977437    1    1    1    1    1    1    1    1    0    1    0    1    1    1    1    1    1    1    1    1    0    1    1    1    1    1    1    1    1    1    1    0    1    1    1    1    1    1    1    0    1    0    0    1    1    1    1    1    1    1    1    1    1    1    1    1    0    1    1    1    1    1    1    1    1    1    1    1    1    0    1    1    1    1    1    1    1    1    1    1    1    0    1    1    1    1    1    1    1    1    0    1    1    1    1    1    1    1    1    1    1    1    0    0    1    1    1    1    1    0    0    1    1    0    0    0    1    0    1    0    0    0    1    0    0    0    0    0    0    0    0    0    0    0    1    0    1    1    0    0    0    0    0    0    1    1    0    0    1    1    0    1    0    1    0    0    0    1    1    0    0    0    1    0    1    0    1    1    1    1    1    1    1    0    0    0    0    0    1    0    0    0    1    1    1    1    0    0    0    1    1    1    0    0    1    1    0    0    1    0    
100    0.584514    0.586547    1    1    1    0    1    1    0    1    1    1    0    1    1    1    1    1    1    1    1    1    1    1    1    1    1    1    1    1    1    1    0    0    1    1    1    1    1    1    1    1    1    1    1    1    1    1    0    1    1    1    1    0    1    1    1    1    0    1    1    1    1    1    0    1    1    1    1    1    1    1    1    1    1    1    1    1    1    1    1    1    1    1    1    1    1    1    1    0    1    1    1    1    1    0    1    1    1    1    1    1    1    1    1    1    0    0    0    0    1    1    0    0    1    1    0    1    0    0    0    1    0    1    0    1    0    0    1    0    0    1    1    0    1    0    1    0    0    0    0    1    0    1    0    0    0    1    1    1    0    0    0    1    1    0    0    0    1    0    0    1    0    1    0    0    0    1    1    0    0    0    1    0    0    1    0    1    1    0    1    1    0    0    0    1    0    0    1    1    1    0    0    0    0    0    1    1    1    0    0    1    
100    0.474345    0.311276    1    1    1    1    1    1    1    1    1    1    1    1    1    1    1    1    1    1    1    1    1    1    1    1    1    1    1    0    1    1    1    1    1    1    1    1    1    0    1    1    1    1    1    1    1    1    1    0    0    1    1    1    1    1    1    1    1    1    1    1    1    0    1    1    1    1    1    1    1    1    1    1    1    1    1    0    1    1    1    1    1    1    1    1    1    1    1    1    1    1    1    1    0    1    1    1    1    1    1    1    1    0    0    0    0    1    1    1    1    0    0    1    0    0    0    0    1    0    0    1    0    0    0    1    0    1    1    0    0    0    0    0    1    0    0    0    0    0    1    0    0    0    0    0    0    1    1    1    1    1    1    0    1    0    0    0    1    0    0    0    1    0    0    0    1    0    0    0    0    0    0    0    0    0    0    1    1    1    1    1    1    0    1    1    0    1    0    1    0    1    0    1    1    1    0    0    0    0    0    1    
100    0.16242    0.886089    1    1    1    1    1    1    1    1    1    1    1    1    1    1    1    1    1    1    1    1    1    0    1    1    0    1    0    1    1    1    1    1    1    1    1    1    1    1    1    1    1    1    1    1    1    1    1    1    1    1    1    1    1    1    1    1    1    1    1    1    1    1    1    1    1    1    1    1    0    1    1    1    1    1    1    1    0    1    1    1    1    1    1    1    1    0    1    1    1    0    1    1    1    1    1    1    1    1    1    1    1    0    1    1    0    1    0    1    0    0    0    1    0    1    1    0    0    0    0    0    1    0    0    0    0    0    1    0    0    1    1    0    0    1    0    1    0    0    1    1    0    1    0    1    0    1    0    0    1    0    1    1    0    1    1    1    1    1    1    0    0    0    0    1    1    1    0    0    1    0    1    0    0    1    0    1    0    0    0    0    1    0    0    0    0    0    0    0    0    1    1    0    1    0    1    1    0    1    0    1    
100    0.627771    0.590738    1    1    0    1    1    1    1    1    1    1    1    1    0    1    1    1    1    1    1    1    1    1    1    1    1    1    1    1    1    1    1    1    1    1    1    1    1    1    1    1    1    1    1    0    1    1    1    1    1    1    1    0    1    1    1    1    1    0    1    1    1    1    1    1    1    1    1    1    1    1    1    1    1    1    1    1    1    1    1    1    1    1    1    1    1    1    1    1    1    1    1    1    1    1    1    1    1    1    1    0    1    1    0    0    0    0    0    1    0    0    0    1    0    1    0    0    0    1    0    1    0    1    1    0    1    0    1    0    1    1    1    1    1    0    0    1    1    0    1    1    0    1    0    1    0    0    0    0    1    1    1    0    0    1    0    0    0    0    0    1    0    0    1    0    0    1    0    0    0    0    0    0    0    0    1    1    0    0    0    1    0    0    0    1    0    0    1    1    0    0    0    1    0    0    0    1    1    0    0    0    
100    0.819608    0.944077    1    1    1    1    0    0    0    1    1    1    1    1    1    1    1    0    1    1    1    1    1    0    1    1    1    1    1    1    1    1    1    1    0    1    1    1    1    0    1    1    1    1    1    1    0    1    1    1    1    1    1    1    1    1    0    1    1    1    1    1    1    1    0    1    1    1    1    1    1    0    1    1    1    1    1    1    1    1    1    1    1    0    1    0    1    1    1    1    1    1    1    0    1    1    1    1    1    1    1    1    0    0    1    1    1    1    0    0    0    0    1    0    0    0    0    0    0    0    1    0    1    1    1    0    0    0    1    0    1    1    0    1    1    0    0    1    1    0    0    0    0    1    0    0    0    0    0    1    0    0    1    0    1    1    0    1    0    0    0    0    0    0    0    0    0    1    1    0    1    0    0    0    0    0    0    1    0    0    1    0    1    0    1    1    0    0    1    0    1    0    0    1    0    0    0    1    0    1    1    1    
100    0.983399    0.827516    1    1    1    1    1    1    1    1    1    1    1    1    0    0    0    1    1    1    1    1    1    1    1    1    1    1    1    1    1    1    1    0    1    1    0    0    1    0    1    1    1    1    0    1    1    0    1    1    1    1    1    1    1    1    1    1    1    1    1    1    1    0    1    1    1    1    0    1    0    1    1    0    1    1    1    1    1    1    1    1    1    1    0    1    1    1    1    1    1    1    1    1    1    1    1    1    1    1    1    1    0    0    1    1    0    1    1    0    0    0    0    0    0    0    0    1    0    0    0    0    0    0    0    1    1    0    1    0    0    0    0    0    0    0    1    0    0    0    0    1    0    0    1    0    1    1    0    0    0    0    1    0    0    0    1    0    0    0    0    0    0    1    0    0    0    0    1    1    1    0    1    0    0    0    0    0    0    1    1    0    1    0    0    0    1    1    0    0    0    0    1    1    0    0    1    0    0    1    0    0    
100    0.363561    0.274462    1    1    1    1    1    1    0    1    1    1    1    1    1    0    0    1    1    1    1    1    1    1    1    1    1    0    1    1    1    1    0    1    1    0    1    1    1    1    1    1    1    1    1    0    1    1    1    1    0    1    1    1    1    1    0    1    1    1    1    1    1    1    1    1    1    1    1    1    1    0    1    1    1    1    1    1    0    0    1    1    1    1    1    1    1    1    1    1    1    1    1    1    1    1    1    1    1    1    1    1    0    0    0    1    1    0    1    1    0    0    0    0    0    0    0    0    0    0    0    0    0    1    0    0    0    0    0    0    1    0    0    0    1    1    0    0    0    1    1    0    1    1    0    1    0    0    1    1    1    1    0    0    0    1    0    0    1    0    0    1    0    0    0    0    0    1    0    0    1    1    0    0    0    1    0    1    1    0    0    0    0    0    0    1    0    0    0    0    0    0    0    0    0    0    1    0    0    1    0    1    
100    0.99696    0.0612073    0    1    1    1    1    1    1    1    1    1    1    1    1    1    1    1    1    1    1    1    1    1    1    1    1    1    1    1    1    1    1    1    1    1    1    1    1    1    1    1    1    1    1    1    1    1    1    1    1    1    1    1    0    0    0    1    1    1    1    1    1    1    1    1    1    1    1    0    1    1    1    1    1    1    1    1    1    1    0    1    1    1    1    1    0    1    1    1    1    1    1    1    1    1    1    1    1    1    1    1    0    1    1    1    1    1    1    1    0    0    0    0    0    1    0    0    0    0    1    0    1    1    1    1    0    1    0    1    1    0    0    1    0    1    1    0    1    1    0    0    0    1    0    0    0    0    0    0    1    0    1    0    1    0    0    0    0    1    0    0    0    0    0    0    1    0    0    0    0    0    1    0    0    1    0    0    0    0    0    1    1    0    0    0    0    0    0    0    0    0    1    1    0    0    1    0    1    0    1    1    
100    0.521588    0.693374    1    1    1    1    1    1    1    1    1    1    1    1    1    1    1    1    1    1    1    1    1    1    1    1    1    0    1    1    1    1    1    1    1    1    1    0    0    1    1    0    1    1    1    1    1    0    1    1    1    1    1    1    1    1    1    1    1    1    1    1    1    1    1    1    0    1    1    1    1    1    1    1    1    1    1    1    1    1    1    0    0    1    1    1    1    1    1    1    1    1    1    1    1    1    1    1    1    1    1    0    0    0    0    0    0    0    0    1    1    1    1    0    1    0    0    1    0    0    0    0    0    0    1    0    0    0    1    0    1    1    0    0    0    1    1    1    0    0    1    0    0    1    1    0    1    0    0    1    0    0    0    1    1    0    1    0    1    0    0    0    0    1    0    1    1    0    1    1    1    0    1    0    0    0    1    0    1    1    0    0    0    1    0    1    1    0    0    1    1    0    0    0    0    0    1    0    0    0    0    1    
100    0.169374    0.761097    1    1    1    1    1    1    1    1    1    1    1    1    1    0    1    1    1    1    1    1    1    1    1    1    1    1    1    1    0    1    1    1    1    1    0    0    1    1    0    1    1    1    1    1    1    1    1    1    1    1    1    0    1    1    1    0    1    1    1    1    1    1    1    1    1    1    1    1    1    1    1    1    1    1    1    1    1    0    1    1    1    0    1    1    1    1    1    1    1    1    1    1    1    1    1    1    1    1    0    1    1    0    0    0    1    1    1    1    0    0    0    0    0    0    0    1    0    0    0    1    0    1    1    1    0    0    0    1    1    1    1    1    1    0    0    0    0    1    0    0    1    0    1    1    1    1    0    0    1    0    1    1    1    0    0    0    1    1    0    0    1    0    0    0    0    1    1    1    0    1    1    1    0    1    0    1    0    0    0    1    0    1    0    1    1    1    0    0    0    0    1    1    0    1    0    0    0    1    1    1    
100    0.610065    0.669354    1    1    1    1    1    1    1    1    0    1    1    1    0    1    1    1    1    1    1    1    1    1    1    1    1    1    1    1    1    1    1    1    1    1    1    1    1    1    1    1    0    1    1    1    1    1    1    1    1    0    1    1    0    1    1    1    1    1    1    1    1    1    1    1    1    1    1    1    1    1    1    1    1    1    1    1    0    1    1    1    0    1    1    1    1    1    1    1    1    1    1    1    1    1    1    1    1    1    1    1    0    1    1    1    0    0    1    0    1    1    1    1    0    1    0    0    1    1    0    1    0    1    0    1    1    1    0    0    1    1    0    1    0    0    0    0    0    1    1    0    0    1    0    0    0    0    1    0    1    0    1    0    1    0    1    0    1    0    0    1    1    0    1    0    0    0    1    0    1    0    0    0    0    1    0    0    0    0    1    0    0    1    0    0    1    0    1    0    1    0    0    0    1    1    1    0    1    1    0    1    
100    0.102863    0.376908    1    1    1    1    1    1    0    1    1    1    0    0    1    1    0    1    1    0    1    1    1    1    1    1    1    1    1    0    1    1    1    1    1    1    1    1    0    1    1    1    1    1    1    1    1    0    1    1    1    1    1    1    1    1    1    1    1    1    1    1    1    1    1    1    1    0    1    1    0    1    1    1    1    1    0    1    1    1    0    0    1    1    1    1    1    1    1    1    1    1    1    1    1    1    1    1    1    1    1    1    0    0    1    0    0    0    1    0    1    0    1    0    0    1    0    1    0    0    0    1    0    0    0    0    1    0    0    0    0    0    0    1    0    0    0    1    1    1    1    0    0    1    0    1    0    0    1    1    0    0    0    1    0    1    0    0    0    1    0    0    0    1    1    0    0    1    0    0    0    0    0    0    1    0    1    1    1    1    0    0    1    1    0    0    0    1    0    1    1    1    0    1    0    0    0    0    1    1    0    0    
100    0.912321    0.122572    1    1    0    1    1    1    1    1    1    1    1    1    0    1    1    1    1    1    1    1    1    1    0    1    1    1    1    1    1    1    1    1    1    1    1    1    1    0    1    1    1    1    1    1    1    1    1    1    1    1    1    1    1    1    1    1    1    1    1    1    1    1    1    1    1    1    1    1    1    1    1    1    1    0    1    1    1    1    1    1    1    1    1    1    0    1    1    1    1    0    1    1    1    1    1    1    0    1    1    1    1    1    0    0    0    1    0    0    0    0    0    1    1    0    0    1    0    0    1    0    0    1    0    1    0    0    0    0    0    0    0    0    0    0    1    0    0    1    1    0    0    0    1    0    0    0    0    0    1    0    1    0    1    1    0    0    0    0    1    1    1    0    1    1    0    0    0    0    1    0    1    0    0    0    0    0    0    0    1    0    0    0    1    0    0    1    1    1    0    1    1    0    0    1    0    0    1    1    1    1    
100    0.229834    0.3292    1    1    1    1    1    1    1    1    1    1    0    1    1    1    1    1    1    0    1    1    1    1    1    1    1    1    1    1    1    1    1    1    1    1    1    1    1    0    1    1    1    1    1    1    1    1    0    1    1    1    0    0    1    1    1    1    1    1    1    1    1    1    1    1    1    1    1    1    1    0    1    1    1    1    1    1    1    1    1    1    1    1    1    1    1    1    1    1    1    1    1    1    1    1    1    1    1    1    1    1    1    0    0    0    0    0    0    1    0    0    1    0    1    1    0    0    1    1    0    1    0    0    0    0    0    0    1    0    0    1    1    0    1    0    0    0    0    1    0    0    0    0    0    0    0    1    0    0    0    0    0    1    0    1    0    1    1    0    1    0    0    1    1    0    0    0    1    0    1    1    1    0    0    1    1    1    1    0    1    0    1    0    0    0    0    1    1    0    1    0    1    0    1    1    0    0    0    1    0    0    
100    0.43563    0.686136    1    1    0    0    1    1    1    1    1    1    1    1    1    1    1    0    1    1    1    1    1    1    1    1    1    1    1    1    1    1    1    1    1    1    1    1    1    1    1    1    1    1    1    1    1    1    0    1    1    0    1    1    1    1    1    1    1    1    1    1    1    0    1    1    1    1    1    1    1    1    1    1    1    1    1    1    1    1    1    1    1    1    1    1    1    1    1    1    1    1    1    0    1    1    1    1    1    1    1    1    0    1    0    0    0    0    0    1    1    0    1    0    1    1    0    0    1    0    1    1    1    0    0    0    0    0    1    1    0    0    1    0    1    1    0    0    0    1    0    0    0    0    0    0    1    0    0    1    0    0    0    1    0    0    0    1    1    1    0    1    1    0    0    0    1    0    0    1    1    1    1    1    0    1    1    1    0    0    0    0    0    0    0    0    0    0    1    0    0    0    0    1    0    0    0    0    1    0    0    1    
100    0.667879    0.616803    1    1    1    1    1    1    0    1    1    1    1    1    1    0    1    1    1    1    1    1    1    1    1    1    0    1    1    1    1    1    0    1    1    1    0    1    1    1    1    1    1    1    1    1    1    1    1    1    0    1    1    1    1    1    1    1    1    1    1    1    1    1    1    1    1    1    1    1    1    1    1    1    1    1    1    1    1    1    1    1    1    1    1    1    1    1    1    1    1    1    1    1    1    1    1    1    1    1    1    1    0    1    0    1    0    1    1    1    0    0    1    0    0    0    0    0    1    0    0    0    0    0    0    0    1    1    0    0    0    0    0    1    1    0    0    1    1    1    0    1    1    1    0    0    1    0    0    0    1    0    0    0    0    0    1    0    1    1    0    0    0    0    0    0    1    0    1    0    0    1    1    0    1    0    0    0    0    0    0    0    0    1    0    0    1    0    1    1    1    0    0    1    1    1    0    1    1    1    1    1    
100    0.967656    0.504147    1    1    1    1    1    1    1    1    1    1    1    1    1    1    1    1    1    1    0    1    1    1    1    1    0    1    1    1    1    1    1    1    0    1    1    1    1    1    1    1    1    1    1    1    1    1    1    1    0    1    1    1    1    1    1    1    0    1    1    1    1    1    1    1    1    1    0    0    1    0    1    0    1    1    1    1    1    1    1    1    1    1    1    1    1    1    1    1    1    1    1    1    1    1    1    1    1    0    1    1    1    1    1    0    0    1    1    0    0    0    0    0    1    1    1    1    0    0    1    0    1    0    1    1    0    0    0    0    0    0    0    0    1    1    0    1    0    1    0    0    1    0    1    0    1    0    1    1    1    0    0    1    1    0    0    1    0    0    1    0    0    0    1    0    0    1    0    0    1    1    1    0    1    0    0    1    1    1    1    1    0    0    1    1    1    0    1    0    0    0    0    0    1    0    1    0    0    1    1    0    
100    0.502792    0.548232    1    1    1    1    1    1    0    1    1    1    1    1    0    1    1    1    1    1    1    1    1    1    1    1    1    1    1    1    1    0    1    1    1    1    1    1    0    1    1    1    1    1    1    1    1    1    1    1    1    1    1    1    0    1    1    1    1    1    1    1    1    1    1    1    1    1    1    1    1    1    1    1    1    1    1    1    1    1    1    1    1    1    1    1    1    1    1    1    1    1    1    1    1    1    1    0    1    1    1    0    1    0    0    0    0    1    0    1    0    0    1    1    0    1    0    0    0    0    0    1    1    1    1    0    0    0    1    1    1    0    0    0    1    0    0    1    0    0    0    0    1    1    1    1    0    0    1    1    0    0    0    1    0    1    0    1    0    0    1    0    0    0    1    1    1    0    1    1    0    0    0    0    0    1    0    1    0    0    0    0    0    1    0    0    1    1    0    0    1    0    1    0    0    1    1    0    0    0    1    1    
100    0.281994    0.881123    1    1    1    1    1    1    1    1    1    1    1    1    1    1    1    1    1    1    1    1    1    1    1    1    1    1    1    1    1    1    1    1    1    1    1    1    1    1    1    1    1    1    1    1    1    1    1    1    1    1    1    1    0    1    1    1    0    1    1    1    1    1    1    1    1    1    1    1    1    0    1    1    1    1    1    1    1    1    1    1    1    1    1    1    1    1    1    1    1    1    1    1    1    1    1    1    1    1    1    1    1    0    0    0    0    0    0    0    1    0    1    0    0    0    1    1    1    0    0    1    0    0    0    0    1    1    0    1    0    0    1    0    1    0    0    1    1    0    1    1    0    0    0    0    0    1    0    0    1    0    1    1    0    0    0    0    1    1    1    1    0    0    0    1    0    0    1    0    1    1    0    1    1    0    1    0    0    0    0    0    0    1    1    0    1    1    1    0    0    1    1    0    1    0    0    0    1    1    0    0    
100    0.198512    0.712836    1    0    1    1    1    1    1    1    1    1    1    1    1    1    1    1    1    1    1    0    0    1    1    1    1    1    1    1    1    1    1    1    1    1    1    1    1    1    1    1    1    1    1    1    1    1    1    1    1    1    1    1    1    1    1    1    0    1    1    0    1    1    1    1    1    1    1    1    1    1    1    1    1    1    1    1    1    1    1    1    1    1    1    1    1    1    1    1    1    1    1    1    1    1    1    1    1    1    1    1    1    1    0    1    0    0    0    0    0    1    1    1    0    1    0    0    0    0    1    0    0    1    1    1    0    0    1    0    0    0    0    0    1    1    0    0    0    0    0    0    1    0    0    1    0    1    0    0    0    0    0    0    1    0    0    1    0    0    1    0    0    0    0    1    1    1    0    0    1    1    0    0    0    1    1    1    0    1    0    1    0    0    0    1    1    0    1    1    0    0    0    0    0    1    0    1    1    1    0    0    
100    0.160629    0.422279    1    1    0    1    1    1    0    1    1    1    0    1    1    1    1    1    1    1    1    1    1    1    1    1    0    1    1    1    1    1    1    1    1    0    1    1    0    1    1    1    0    1    1    1    1    1    1    1    0    1    1    1    1    1    1    1    0    1    0    1    0    0    1    1    1    1    1    1    1    1    1    1    1    1    1    1    1    1    1    0    1    1    1    1    1    1    1    0    1    1    1    1    1    1    1    1    1    1    1    1    0    0    1    1    0    0    0    1    0    1    1    0    0    1    0    0    1    0    0    0    0    0    0    1    0    0    0    0    0    1    0    1    1    1    0    1    1    0    1    1    0    0    0    0    1    0    0    0    1    0    0    1    0    1    0    0    1    0    1    1    0    0    1    0    0    0    1    1    0    1    0    1    1    1    0    0    0    1    1    0    0    1    1    0    0    1    0    1    0    0    1    0    0    1    1    1    1    0    0    0    
100    0.423746    0.557292    1    1    1    1    1    1    1    1    1    1    1    1    1    1    1    1    1    0    1    1    1    1    1    1    1    1    1    1    1    1    0    1    1    1    1    1    1    1    1    1    1    1    1    1    1    1    1    1    1    1    1    1    1    1    1    1    0    1    1    1    1    1    1    1    1    1    1    1    1    1    1    1    1    0    1    1    1    1    0    1    1    0    1    0    1    1    0    1    1    1    1    1    1    1    1    1    1    1    1    1    0    0    0    1    1    1    1    0    0    1    1    0    1    0    1    0    0    1    0    0    0    0    0    0    0    0    0    1    1    1    0    1    0    1    1    0    1    0    0    0    0    1    1    1    1    0    0    0    1    0    1    1    0    0    1    0    1    1    0    0    1    0    1    0    0    1    1    1    1    1    0    1    0    0    0    0    0    0    1    0    0    1    1    1    0    0    0    1    1    0    0    0    0    0    0    1    0    0    0    0    
100    0.858391    0.0820653    0    1    1    1    1    1    1    0    1    1    1    1    1    1    0    0    1    1    1    1    1    1    1    1    1    1    1    1    1    1    1    1    1    1    1    1    1    1    1    1    1    1    1    1    1    1    0    1    1    1    1    1    0    1    1    1    1    1    1    1    1    1    1    1    1    1    1    1    1    1    1    1    1    1    0    0    1    0    0    1    1    0    1    1    1    1    1    1    1    1    1    1    1    1    1    1    1    1    0    0    0    1    0    0    1    0    0    0    1    0    0    0    0    0    0    0    1    0    1    0    0    1    0    0    1    1    0    1    0    0    0    1    1    0    0    0    0    0    1    0    0    0    0    1    0    0    1    1    1    0    1    1    1    0    1    0    0    0    1    0    0    0    0    1    0    0    0    0    0    0    0    0    0    0    1    0    0    0    1    0    0    0    1    0    1    1    0    0    0    1    1    0    1    0    0    0    0    0    1    0    
100    0.291766    0.000856022    1    1    0    1    1    1    1    1    1    1    1    1    1    1    1    1    1    1    0    1    1    1    0    1    1    1    1    1    1    0    1    1    1    1    1    1    1    1    1    1    1    1    1    1    1    1    1    1    1    1    1    1    1    1    1    1    0    0    1    1    1    1    0    1    1    1    1    1    1    1    1    0    1    1    1    1    1    1    1    1    1    1    1    1    1    1    1    1    0    0    1    0    1    1    1    1    1    1    1    1    0    1    0    0    1    0    1    0    1    0    0    1    1    0    1    1    0    0    1    0    0    0    1    0    0    0    0    1    0    0    0    1    0    0    0    1    0    0    1    0    1    0    1    1    0    0    1    1    0    0    0    0    1    0    1    1    1    1    0    0    1    0    0    0    0    0    1    1    0    1    0    1    1    1    1    1    0    0    0    1    1    1    1    0    1    0    0    0    1    0    0    0    1    0    0    0    0    1    0    1    
100    0.949317    0.484664    1    1    1    1    1    1    0    1    1    1    1    1    1    1    0    1    1    1    1    1    1    1    1    1    1    1    1    1    1    1    1    0    1    1    1    1    1    1    0    1    1    1    1    0    1    1    1    1    1    1    1    1    1    1    1    1    0    1    1    1    1    1    1    1    1    1    1    1    1    1    1    1    0    1    1    1    1    1    1    1    1    1    0    1    1    1    1    1    1    1    1    1    1    1    1    1    1    1    1    0    1    0    1    1    1    0    0    0    1    1    1    1    0    1    1    1    1    0    0    0    1    0    0    1    0    0    1    0    1    0    0    1    0    0    1    0    0    0    0    0    0    0    1    0    1    0    0    1    0    0    1    0    1    1    0    0    1    0    1    0    0    0    0    0    0    0    0    1    1    0    0    1    0    1    0    0    0    1    0    1    0    0    1    1    1    0    1    0    1    1    0    1    0    0    1    1    1    0    1    0    
100    0.734896    0.506692    0    1    1    1    1    1    1    1    1    1    1    1    1    0    1    1    1    1    1    1    0    1    1    1    1    1    1    1    1    1    1    1    1    1    0    1    1    1    0    1    1    1    1    1    1    1    1    1    1    1    1    0    1    1    1    1    1    1    1    1    0    1    1    1    1    1    1    1    1    1    1    1    1    1    1    1    1    1    1    1    1    1    1    1    1    1    1    0    1    1    1    0    1    1    0    1    1    1    0    1    1    1    1    0    1    0    1    1    0    1    0    0    0    1    0    0    0    1    1    0    0    0    1    0    1    1    0    0    1    0    0    0    1    0    0    0    0    0    1    1    0    1    0    1    1    0    1    0    1    0    1    0    0    0    0    1    1    0    1    0    0    0    0    1    1    1    0    1    0    1    0    0    1    0    0    0    0    1    0    0    0    0    0    1    0    0    1    0    1    0    0    0    1    1    1    0    0    1    1    0    
100    0.852272    0.324497    1    0    1    1    1    1    1    1    1    1    1    1    0    1    1    1    1    1    1    0    1    1    1    1    1    1    1    1    1    1    1    1    0    1    1    1    1    1    1    1    1    1    1    1    1    1    1    1    1    1    1    1    1    1    1    1    0    0    1    1    0    1    1    1    1    1    1    1    1    1    1    1    0    1    1    1    1    1    1    1    1    1    1    1    1    1    1    0    1    1    1    1    1    1    1    1    1    1    1    1    1    1    1    0    0    0    1    0    1    0    0    0    0    0    0    0    1    0    0    0    0    0    1    1    1    1    0    0    0    0    1    0    0    0    0    1    1    0    0    0    0    0    0    0    0    0    0    0    1    0    1    1    1    0    0    0    0    0    0    0    1    0    0    1    0    0    0    0    1    1    1    1    1    0    0    0    0    0    0    0    1    1    0    0    1    1    0    0    0    1    0    0    0    0    0    1    0    1    1    0    
100    0.789619    0.321112    1    1    1    1    1    1    0    1    0    1    1    1    1    1    1    1    1    1    0    1    0    1    1    1    1    1    1    1    1    1    1    1    1    1    1    1    1    1    1    1    1    1    1    1    1    1    1    1    1    1    1    1    1    1    1    0    1    1    0    1    1    1    0    1    1    1    1    1    1    1    1    1    1    1    1    1    1    1    1    1    1    1    1    1    1    0    1    1    1    1    1    1    1    1    1    1    1    1    1    1    1    1    0    0    0    0    0    0    1    0    1    0    1    0    0    0    0    1    1    1    0    0    1    1    0    1    1    0    0    1    1    0    1    1    1    0    0    1    0    0    0    0    1    1    0    1    0    0    1    1    1    0    0    1    1    0    1    0    0    1    0    1    1    0    0    0    0    0    1    1    1    0    1    0    0    0    0    1    1    1    0    0    0    0    0    1    1    0    0    0    0    1    1    0    0    1    1    0    0    0    
100    0.408787    0.402873    1    1    1    1    1    1    1    0    1    1    1    1    1    1    1    1    1    1    1    1    1    1    1    1    1    1    1    1    1    1    1    1    1    1    0    1    1    1    1    1    1    1    1    1    1    1    1    1    1    1    0    1    1    1    1    1    1    0    1    1    1    1    1    1    1    1    1    1    1    1    1    1    1    1    1    1    1    1    0    1    1    1    1    1    0    1    1    1    1    1    0    1    1    1    1    1    1    1    1    1    1    1    0    0    0    1    1    0    0    1    0    0    1    0    0    0    0    1    0    0    1    0    0    1    0    0    0    0    0    1    1    0    0    1    1    1    0    1    0    1    0    1    1    0    0    0    1    0    0    0    0    0    0    1    1    0    1    0    0    0    0    0    0    1    1    0    0    1    0    1    1    1    1    0    0    1    0    0    0    0    1    0    1    1    0    0    1    1    0    0    0    0    0    0    0    1    0    0    0    1    
100    0.372875    0.574697    1    1    1    1    1    1    1    1    1    1    1    1    1    1    1    1    1    1    1    1    1    1    1    1    1    1    1    1    1    1    1    1    1    1    1    1    1    1    1    0    1    0    0    1    1    1    1    1    1    1    1    1    1    1    1    1    1    1    1    1    1    1    1    1    0    1    1    1    0    0    1    1    1    1    1    1    1    1    1    1    1    1    1    1    1    1    1    1    1    1    1    1    0    1    1    1    1    1    0    1    0    0    1    1    1    0    0    0    1    0    0    0    1    1    1    0    0    0    1    0    0    1    0    0    1    1    1    0    0    0    0    0    1    0    0    1    0    1    1    0    1    0    1    0    1    0    1    0    1    1    1    1    0    0    1    0    1    1    0    0    1    0    1    1    0    0    0    1    0    0    0    1    1    1    0    0    0    0    0    1    0    0    0    1    0    1    1    1    1    1    0    1    1    0    0    0    0    0    1    0    
100    0.7505    0.876538    1    1    1    1    1    1    1    1    1    1    1    1    1    1    1    1    1    1    1    1    1    1    1    1    1    1    1    1    1    1    1    1    1    1    1    1    0    1    1    0    0    1    1    1    1    1    1    1    1    1    1    1    1    1    1    1    1    1    1    1    0    1    0    0    0    1    1    1    1    1    1    1    1    1    1    1    1    1    1    1    1    1    1    0    1    1    1    1    0    1    1    1    1    1    1    1    1    1    1    0    0    1    1    1    1    1    1    0    1    0    0    0    1    0    0    1    0    1    1    0    1    0    0    1    1    0    1    0    1    0    0    0    0    0    1    0    1    0    0    0    1    1    1    0    0    0    0    1    0    0    0    1    0    1    1    1    1    0    1    0    1    0    0    0    1    0    1    0    0    0    0    0    0    0    1    0    0    0    0    1    0    1    1    1    0    0    0    0    0    1    0    0    1    0    1    1    0    0    0    1    
100    0.6485    0.566231    1    1    1    1    1    1    1    1    1    1    0    1    1    1    1    1    1    1    1    1    1    1    1    1    1    1    0    1    1    1    1    1    1    1    1    1    1    1    1    1    1    1    1    0    0    1    1    1    1    1    1    1    0    1    1    1    1    1    1    1    1    1    1    1    1    1    1    0    1    1    1    1    0    0    1    1    1    1    1    1    1    1    1    1    1    1    1    1    1    1    1    1    1    0    1    1    1    1    1    1    1    1    0    0    1    0    0    0    1    0    0    0    1    0    0    0    0    1    0    1    0    0    1    0    0    0    1    0    1    1    0    0    0    1    0    1    1    0    0    0    1    1    0    0    1    1    0    0    1    0    1    0    1    0    0    1    1    0    0    0    0    0    1    0    1    0    1    1    0    1    1    1    1    1    0    1    0    1    1    1    1    1    0    1    0    0    0    0    0    0    0    0    1    1    1    1    0    1    1    0    
100    0.401698    0.334912    1    1    1    1    0    1    1    1    1    1    0    1    0    1    1    1    1    1    1    1    1    1    1    1    1    0    1    1    1    1    1    1    1    1    1    1    1    0    1    1    1    1    1    1    1    0    1    1    1    1    1    1    1    1    0    0    1    1    1    1    1    1    1    1    1    1    0    1    1    1    1    1    0    1    1    1    1    1    1    1    1    1    1    0    1    1    1    1    1    1    1    1    1    1    1    1    1    1    1    1    0    0    0    1    1    0    0    1    1    0    0    0    1    0    0    1    0    0    0    1    1    1    1    0    1    0    1    0    1    1    0    0    1    0    0    1    0    0    1    0    0    0    0    1    1    1    0    0    1    1    0    1    0    1    1    0    0    1    0    1    0    0    0    0    0    1    0    0    1    1    0    1    1    0    1    0    1    0    0    0    0    0    1    0    0    1    0    1    0    0    0    1    1    0    0    1    1    1    0    1    
100    0.852663    0.373974    1    1    1    1    1    1    1    1    1    0    1    1    1    1    1    1    1    0    1    1    1    1    1    1    0    1    1    1    1    1    1    1    1    1    0    1    0    1    1    1    1    0    1    1    1    1    0    1    1    1    1    1    1    1    1    1    1    1    0    1    1    1    1    1    1    1    0    1    0    1    1    1    1    1    1    1    1    1    1    1    1    1    1    0    1    1    1    1    1    1    1    1    1    0    1    1    1    1    1    1    0    1    0    0    1    0    1    0    1    0    1    1    0    1    1    0    1    0    0    1    1    0    1    0    1    0    0    0    1    0    1    1    1    0    0    1    0    0    1    1    0    1    0    0    0    0    1    0    1    1    0    1    0    0    0    0    0    0    0    0    0    1    0    0    0    0    0    1    0    0    0    1    1    0    0    1    1    1    0    1    1    0    0    0    0    1    0    1    1    0    0    1    1    1    1    1    0    0    1    1    
100    0.320265    0.85419    1    1    1    1    1    1    1    1    1    1    1    1    0    1    1    1    1    1    1    0    1    1    1    1    1    1    1    1    0    1    1    1    1    1    1    1    1    1    1    1    1    1    1    1    1    1    1    1    1    1    1    1    1    1    1    1    1    1    1    1    1    1    1    1    1    1    1    1    1    1    1    1    1    1    1    1    1    1    1    1    1    1    1    0    1    1    1    1    1    1    1    1    1    1    1    0    1    1    1    1    0    0    0    1    0    0    1    1    0    1    0    0    0    1    1    1    0    1    1    0    0    1    1    1    1    0    0    0    0    0    0    1    0    1    0    0    0    0    0    1    0    0    0    1    1    0    0    1    0    1    0    0    1    1    0    0    0    0    1    0    0    1    1    0    1    0    1    0    0    0    1    1    1    1    0    1    0    0    0    1    1    0    1    0    1    1    0    0    0    0    0    0    0    0    0    0    0    0    1    0    
100    0.896001    0.619995    1    1    0    1    1    0    1    1    1    1    1    1    1    1    1    1    1    1    1    1    1    0    1    1    1    1    1    1    0    1    1    1    0    0    0    1    1    1    1    1    1    1    1    0    1    1    1    1    1    1    0    1    1    1    0    1    1    1    1    1    1    1    1    1    1    1    1    1    1    0    1    1    1    0    1    1    1    1    1    1    1    0    1    1    1    1    1    1    0    1    1    1    1    1    1    1    1    1    0    0    1    0    0    1    0    0    0    0    0    0    1    1    0    0    1    0    1    1    0    0    0    0    0    0    1    0    0    0    1    0    1    0    1    0    1    0    1    0    1    1    1    1    1    0    0    1    0    0    0    1    0    1    0    1    0    0    0    0    1    0    1    0    0    0    1    1    0    1    0    1    1    0    1    0    1    0    0    1    1    0    1    1    1    1    0    0    1    0    0    0    0    1    1    1    1    0    0    0    0    0    
100    0.552349    0.223419    0    1    1    1    1    1    1    1    0    0    1    1    1    1    0    1    1    1    1    0    1    1    1    1    1    1    1    1    1    1    1    1    1    1    1    1    1    1    1    1    0    1    1    1    1    0    1    1    1    1    1    0    1    1    1    1    1    1    1    1    1    1    1    1    1    1    1    1    1    1    1    1    1    1    1    1    1    1    1    1    1    1    1    0    1    1    1    1    0    1    1    1    1    1    1    1    1    1    1    1    0    0    0    1    1    1    0    1    0    0    0    1    1    1    0    0    0    1    0    1    0    0    1    1    1    0    0    1    1    0    0    1    0    0    0    0    0    1    0    0    1    1    1    0    0    0    0    1    1    1    0    0    0    1    0    0    1    0    1    0    1    1    0    1    1    0    0    0    0    0    0    0    1    0    0    0    0    1    1    1    1    1    0    0    0    0    1    0    1    1    0    0    1    1    0    1    1    0    1    1    
100    0.851145    0.917933    1    1    1    1    1    1    1    0    0    1    1    1    1    1    1    1    1    1    1    1    1    1    1    1    1    1    0    1    1    1    1    1    1    1    1    1    1    0    1    1    1    1    1    1    1    1    1    1    1    1    1    1    1    1    1    0    1    0    1    1    1    1    0    1    1    1    0    1    1    1    1    1    1    1    1    1    0    1    1    1    1    1    1    1    1    1    1    1    1    0    1    1    1    1    1    1    1    1    1    1    0    0    1    1    1    1    1    0    0    1    0    1    0    0    0    0    0    1    1    0    0    0    0    0    0    1    0    0    1    0    0    1    0    0    0    1    0    1    0    1    1    0    0    1    0    0    1    1    1    0    0    0    0    0    0    1    1    0    0    0    0    0    1    0    1    0    1    0    1    1    1    1    1    0    0    1    1    0    0    0    1    1    0    0    1    1    1    1    1    1    1    1    1    0    1    1    0    0    0    0    
100    0.863779    0.0348853    1    1    1    1    1    1    1    1    1    1    1    0    1    1    1    1    1    1    1    1    1    1    1    1    1    1    1    1    1    1    1    1    1    1    1    1    1    1    1    1    1    1    1    0    1    1    1    1    1    1    1    1    1    1    1    0    1    1    1    1    1    1    1    1    1    1    1    1    1    1    1    1    1    1    1    1    1    1    1    1    1    1    1    1    1    1    1    1    1    1    1    1    0    1    1    1    1    1    1    0    0    1    1    0    1    1    0    0    0    0    1    1    1    0    0    0    1    0    0    0    0    1    0    0    1    0    0    0    1    0    1    0    0    0    1    0    0    1    0    1    0    1    1    0    0    0    0    1    0    0    0    0    1    1    1    0    0    1    0    0    1    1    0    1    0    0    0    0    0    1    0    0    0    0    0    1    0    0    0    0    1    1    0    0    0    0    0    0    1    0    1    0    1    1    0    0    1    0    1    0    
100    0.336268    0.341589    1    1    1    1    1    1    1    1    1    1    1    1    1    1    1    0    1    0    1    1    1    1    1    1    1    1    1    1    1    1    1    1    1    1    1    0    1    1    1    1    1    1    1    1    1    0    1    1    1    1    1    1    1    1    1    1    0    1    1    1    1    1    1    1    1    1    1    1    1    1    1    0    1    1    0    1    1    1    1    1    1    1    1    1    1    1    1    1    1    1    1    1    1    1    1    1    1    1    1    1    0    0    1    0    0    1    0    1    1    0    0    1    1    1    0    1    0    0    0    0    0    1    0    1    1    0    1    0    1    0    0    0    0    0    0    1    1    0    0    0    0    0    0    0    1    0    0    0    0    0    1    1    1    0    0    0    1    0    0    0    0    0    1    1    1    0    0    1    0    0    0    0    0    0    0    0    1    0    1    1    0    1    0    0    0    1    1    0    1    0    1    0    0    1    0    1    1    1    0    0    
100    0.291596    0.637542    1    1    1    1    1    1    1    1    1    1    1    1    1    1    1    1    1    0    1    1    1    1    1    1    1    1    1    1    1    1    1    1    1    1    1    1    0    1    1    1    1    1    1    1    0    1    1    1    1    1    1    1    1    0    1    1    0    1    1    1    1    1    1    1    1    1    1    1    1    1    1    1    1    1    1    1    1    1    1    1    1    1    1    0    1    1    1    1    1    1    1    1    1    0    1    1    1    1    1    0    0    1    1    0    0    0    0    0    0    0    0    1    0    0    1    1    1    1    0    1    0    1    1    0    1    0    0    1    0    0    0    0    1    1    1    0    0    0    0    1    0    0    1    0    0    0    0    1    1    1    1    0    0    0    1    1    1    1    0    0    0    0    0    0    0    1    1    1    0    0    1    1    0    1    1    1    1    1    0    0    0    1    0    0    1    1    0    0    0    1    0    0    0    0    0    1    1    0    1    1    
100    0.57052    0.417623    1    1    1    1    1    0    1    1    1    1    1    1    1    1    1    1    1    1    1    1    0    1    1    1    1    1    1    1    1    1    1    1    1    1    1    1    1    1    0    1    1    1    1    1    1    1    1    1    1    1    1    1    1    1    1    1    1    1    1    1    1    1    1    1    1    1    1    1    1    1    1    0    1    1    1    1    1    1    1    1    1    1    0    1    1    1    1    1    1    1    1    1    1    1    1    1    0    1    1    1    1    0    1    1    1    0    1    0    1    0    1    1    1    0    0    0    1    0    1    0    0    0    0    0    0    1    1    0    0    1    1    1    1    1    1    1    0    1    0    1    0    1    0    1    1    1    1    1    1    1    0    1    1    0    0    0    0    1    1    1    0    1    0    1    1    1    0    0    0    1    1    0    0    1    0    0    0    1    0    0    0    0    0    0    0    0    0    0    1    1    1    1    0    0    1    0    0    0    1    0    
100    0.439713    0.417498    1    1    1    1    1    1    1    1    1    1    1    1    1    1    0    0    1    1    1    1    1    1    1    1    1    0    1    1    0    1    1    1    1    1    1    1    1    1    1    1    1    1    1    1    1    1    0    1    1    1    1    1    1    1    1    1    1    1    1    1    1    1    1    1    1    1    1    1    1    1    1    1    0    1    1    1    1    1    1    1    1    1    1    1    1    1    1    1    1    1    1    1    1    1    1    1    1    1    1    1    1    0    1    1    1    0    0    1    1    0    1    1    1    0    1    0    1    0    0    1    0    0    0    1    0    1    0    0    0    0    0    1    0    0    1    0    1    0    0    1    1    0    0    1    1    0    1    0    0    1    0    0    0    0    0    0    0    0    0    0    1    1    0    1    0    1    0    0    1    0    0    1    0    0    1    0    1    1    1    0    0    0    1    1    0    1    0    0    0    0    0    0    1    0    0    0    0    1    1    0    
100    0.0992298    0.0841862    1    1    1    1    1    1    1    1    1    1    1    1    1    0    1    1    1    1    1    1    1    1    1    1    1    1    1    1    1    0    1    1    1    1    0    1    1    1    1    1    1    1    0    1    1    1    1    1    1    1    1    1    1    1    1    1    1    1    1    1    1    1    0    1    1    1    0    1    1    0    1    1    1    1    1    1    1    1    1    1    1    0    1    1    1    1    1    1    0    1    1    1    1    1    1    1    1    1    1    1    0    0    1    1    1    0    1    1    1    1    0    1    0    0    0    0    1    0    0    1    0    1    1    1    0    1    0    0    0    0    0    0    0    1    0    0    1    1    0    1    1    0    1    0    0    1    1    0    0    0    1    1    1    1    0    0    0    0    0    1    1    1    0    1    0    0    1    0    0    0    1    1    0    1    1    1    1    1    0    1    1    0    0    1    0    1    0    1    0    0    0    0    0    0    1    1    0    0    1    1    
100    0.364188    0.874771    1    1    1    1    1    1    1    1    1    1    0    1    1    1    1    1    1    1    1    1    1    1    1    1    1    1    1    1    0    1    1    1    1    1    1    1    1    1    1    1    1    1    1    1    1    1    1    1    1    1    1    1    1    1    0    1    0    0    1    1    1    1    0    1    1    1    1    1    1    1    0    1    1    1    1    1    1    0    1    0    1    1    1    1    0    1    1    0    1    1    1    1    1    1    1    1    1    0    1    1    0    0    0    1    1    0    0    0    1    0    1    0    1    1    0    0    1    0    1    0    1    0    1    0    0    1    1    0    1    1    1    0    0    0    0    0    0    1    1    1    1    0    1    0    1    0    1    0    0    1    1    1    1    0    1    0    1    1    0    0    1    0    1    1    0    0    1    0    1    0    0    1    1    0    1    0    0    0    0    0    1    0    0    1    0    1    0    1    0    1    1    0    1    0    0    0    1    0    1    1    
100    0.744751    0.646324    1    1    1    1    1    1    1    1    0    1    1    1    1    1    1    1    1    1    1    1    1    1    1    1    1    1    1    1    1    0    1    1    0    1    1    1    1    1    1    1    1    1    1    1    1    1    1    1    1    1    1    1    1    1    1    1    1    1    1    1    1    1    1    1    1    1    1    1    1    1    1    0    1    1    1    1    1    1    1    1    1    1    1    1    1    1    1    0    1    1    0    1    1    0    1    1    1    1    1    0    1    0    0    0    1    1    1    1    0    0    1    1    0    0    0    0    0    0    0    1    0    0    0    0    1    1    0    0    0    0    0    0    0    1    1    0    1    0    1    0    1    0    1    0    1    0    0    0    1    0    1    0    0    0    0    1    0    0    0    0    0    0    0    0    0    0    1    0    0    0    1    0    0    1    1    1    0    1    1    1    0    0    1    0    1    0    1    0    0    1    0    0    0    0    1    0    1    0    1    1    
100    0.928376    0.171052    1    1    1    1    1    1    1    1    1    1    1    1    0    0    1    1    1    1    1    1    1    1    1    1    1    1    1    1    1    1    1    1    1    1    1    1    1    1    1    1    1    1    1    1    1    1    0    1    1    1    1    1    1    1    1    1    1    1    1    1    1    1    1    1    1    1    1    1    1    1    1    1    1    1    1    1    1    1    1    1    1    1    1    1    1    1    1    1    1    1    1    1    1    1    1    1    1    1    1    1    1    0    0    0    1    0    0    0    0    1    0    1    0    1    0    0    0    0    1    0    0    1    0    1    1    0    0    0    0    1    1    0    0    0    1    0    1    0    1    0    1    1    1    0    0    0    0    0    1    0    1    1    1    1    0    0    0    1    1    0    1    1    1    0    1    1    1    0    0    0    1    0    1    1    0    1    1    0    0    1    1    1    1    1    0    0    0    0    0    1    0    0    0    1    0    0    1    1    1    0    
100    0.419977    0.796713    1    1    1    1    1    1    1    1    1    1    1    1    1    1    1    1    1    1    1    1    1    1    1    1    0    1    1    1    1    1    1    1    1    1    1    0    1    1    1    0    1    1    0    1    1    0    1    1    1    1    1    1    1    1    1    1    1    0    1    1    1    1    0    1    1    1    1    1    1    1    1    1    0    1    1    1    1    1    1    1    0    1    1    1    1    1    1    1    1    1    1    1    1    1    1    1    1    1    1    1    1    1    0    0    1    1    1    0    0    1    1    0    0    0    0    1    0    1    1    1    0    1    1    0    0    0    1    0    0    0    0    0    0    0    1    0    1    1    1    0    0    0    1    0    0    0    0    0    0    1    0    0    1    1    0    0    1    0    0    0    0    1    1    0    0    0    0    0    0    1    0    1    1    0    1    0    0    0    0    0    1    1    0    0    0    0    0    1    0    0    0    0    0    1    0    1    0    0    0    1    
100    0.118419    0.0993538    0    1    1    1    1    1    1    1    1    1    1    0    1    1    1    1    1    1    1    0    1    1    1    1    1    1    1    1    1    1    1    0    1    1    1    1    1    1    1    0    0    1    0    1    0    1    1    0    1    1    1    0    0    1    1    1    1    1    1    1    1    1    1    1    1    1    1    1    1    1    1    1    1    1    1    1    1    1    1    1    1    1    1    0    1    1    1    0    1    1    1    0    0    1    0    1    1    0    1    1    1    0    0    0    0    0    0    1    0    1    0    1    0    1    0    0    1    0    0    1    0    1    0    0    1    1    0    0    0    0    0    0    0    0    0    0    1    0    1    1    0    0    1    0    1    1    1    0    0    0    0    0    0    0    0    1    1    0    0    1    0    0    0    1    1    0    0    0    1    1    0    1    0    0    0    0    0    1    0    0    0    1    1    1    0    0    1    1    0    1    1    1    0    1    0    1    0    0    1    1    
100    0.367315    0.173784    1    1    0    1    1    1    1    1    0    0    1    1    1    1    1    1    1    1    1    1    1    0    1    1    0    1    1    0    1    0    1    1    1    1    1    1    1    1    1    1    0    1    1    1    1    1    1    1    1    1    1    1    1    1    0    0    1    1    1    1    1    0    1    1    1    1    1    1    1    1    1    1    0    1    1    1    1    1    1    1    1    1    1    1    1    1    1    1    1    1    1    1    1    1    1    1    1    1    1    1    1    0    1    0    0    0    0    0    0    0    1    1    0    0    0    0    0    0    0    0    0    1    0    0    1    0    0    1    1    0    0    1    0    0    1    1    0    0    1    1    0    0    0    0    1    0    0    0    0    1    0    0    1    1    0    0    0    0    0    1    1    0    0    0    1    1    0    1    1    0    1    0    0    1    0    1    0    0    0    1    1    1    0    0    1    0    0    0    1    1    1    0    1    0    0    0    1    1    0    1    
100    0.321037    0.638684    1    1    1    1    0    1    1    1    1    1    1    1    1    1    1    1    1    1    1    1    1    0    0    1    1    1    1    1    1    1    1    1    1    1    1    1    1    1    1    1    1    1    1    1    1    1    1    1    1    1    1    1    1    1    1    1    1    1    1    1    1    0    0    1    1    1    1    1    1    1    1    1    1    1    1    1    1    1    1    1    1    1    1    1    1    1    1    1    1    1    1    1    1    0    1    1    1    1    1    1    0    1    0    0    0    0    1    0    0    0    1    1    0    0    0    1    0    1    1    0    1    0    0    0    0    0    0    0    0    0    0    0    0    0    1    0    1    0    0    0    0    0    0    0    0    1    0    0    0    0    1    0    1    1    1    0    0    1    0    0    0    0    1    1    1    0    0    1    1    0    0    1    0    0    0    1    1    0    0    0    1    0    1    0    1    0    0    0    0    0    1    0    0    1    0    1    1    0    1    1    
100    0.434722    0.739877    1    1    1    0    1    1    1    1    1    1    1    1    1    1    0    1    1    1    1    1    1    1    1    1    1    1    0    1    1    1    1    1    1    1    1    1    1    0    0    1    1    1    1    1    0    1    1    1    1    1    1    0    1    1    1    1    1    1    1    1    1    1    1    1    1    0    1    1    1    1    1    1    0    1    1    1    1    1    1    1    1    1    1    0    1    1    1    1    1    1    1    1    1    1    1    1    1    1    1    1    1    1    1    0    1    1    1    0    0    0    0    0    0    1    1    1    1    0    1    1    1    0    0    0    0    0    0    1    0    1    0    0    0    0    1    1    1    1    0    0    1    1    0    1    0    0    1    1    0    0    1    0    1    1    1    0    0    1    0    1    0    0    1    1    1    0    1    1    0    1    0    0    1    0    0    0    0    1    1    0    0    1    1    0    1    1    1    0    0    0    1    0    1    1    0    0    1    0    0    0    
100    0.921038    0.776149    1    1    1    1    1    1    1    1    1    1    1    1    1    1    1    1    0    1    1    0    1    1    0    1    1    1    1    1    1    1    1    1    1    1    1    1    1    1    1    0    1    1    1    1    0    0    1    1    1    1    1    1    1    1    0    0    1    0    1    1    1    1    1    0    1    1    1    1    1    1    0    1    1    1    1    1    1    1    1    1    1    0    0    1    1    1    1    0    1    0    1    1    1    1    1    1    1    1    1    0    0    1    1    0    1    0    1    1    0    0    0    0    0    1    0    1    0    1    1    0    0    1    0    0    0    0    1    1    0    0    0    1    1    1    0    0    0    0    0    1    0    0    1    0    1    1    0    1    0    1    0    0    0    0    0    0    0    0    0    0    0    0    0    0    0    0    0    0    1    1    1    0    1    0    0    0    0    0    1    1    0    0    0    1    0    1    1    1    0    1    0    1    1    0    0    0    1    0    0    0    
100    0.460915    0.123464    1    1    1    1    1    1    1    1    1    1    1    1    1    1    1    0    1    1    1    1    1    1    1    1    1    1    1    1    1    1    1    1    1    1    1    1    1    1    1    1    1    1    1    0    1    1    0    1    1    1    1    1    1    0    1    1    1    1    1    1    1    1    0    1    1    1    1    1    0    1    0    1    1    1    1    1    1    1    1    1    1    1    1    1    1    1    1    1    1    1    1    1    1    1    1    1    1    0    1    1    0    1    1    0    0    0    0    0    1    0    0    0    0    1    0    0    0    1    0    0    0    0    1    1    0    1    0    1    0    1    0    0    0    1    0    0    0    1    1    1    0    1    0    0    0    1    0    0    0    0    1    1    1    0    0    0    0    1    1    1    1    0    0    1    0    1    0    1    0    0    0    0    0    0    0    0    1    0    1    1    1    0    1    0    1    0    1    1    0    0    0    1    0    1    0    0    0    1    1    0    
100    0.609677    0.496129    1    1    1    1    1    1    1    1    1    1    1    1    1    1    1    1    1    1    1    1    1    1    1    1    1    1    1    0    1    1    0    1    1    1    1    1    1    0    1    1    1    1    1    0    1    1    1    1    1    1    1    1    1    1    1    1    1    1    1    1    1    0    1    1    1    1    1    1    1    1    1    1    1    1    1    1    1    1    1    1    1    1    1    1    1    0    1    1    1    1    1    1    1    1    1    0    1    1    1    1    0    1    1    0    1    0    1    0    1    1    0    1    1    1    1    0    1    1    0    1    1    0    0    1    1    1    0    0    0    1    1    1    1    0    0    0    0    1    0    1    0    0    1    1    0    0    0    1    0    1    0    0    0    1    0    0    0    1    0    1    0    0    0    0    0    0    1    1    0    0    0    0    1    0    1    1    0    0    1    0    1    1    1    0    0    1    1    0    0    1    0    0    0    1    0    0    1    1    0    0    
100    0.352526    0.853795    0    1    0    1    1    1    1    1    1    1    1    1    1    0    1    1    1    1    1    0    1    1    1    1    1    1    1    1    1    1    1    1    1    1    1    1    1    1    1    1    1    0    1    0    1    1    1    1    1    1    1    1    1    1    1    1    1    1    1    1    1    1    1    1    1    1    1    1    1    1    1    1    1    1    1    1    1    1    1    1    0    1    1    1    1    1    1    1    1    1    1    1    1    1    1    1    1    1    1    1    1    0    1    0    1    1    0    0    1    0    0    0    1    0    0    0    1    0    0    0    0    1    0    0    1    1    0    0    0    1    0    1    0    0    0    0    1    1    1    0    0    0    0    1    0    1    0    1    0    1    0    0    1    0    0    0    0    1    0    1    0    0    0    0    0    0    0    0    0    1    1    0    1    1    0    0    1    0    1    0    0    0    1    0    1    1    1    0    1    1    0    1    0    1    0    0    1    0    1    1    
100    0.165529    0.521427    1    1    1    1    1    0    1    1    1    1    1    1    1    1    1    1    1    1    1    0    1    1    1    1    1    1    1    1    1    1    1    0    1    1    1    1    1    0    1    1    1    1    1    1    0    1    1    1    1    1    1    1    1    1    1    1    1    1    1    1    1    1    1    1    1    1    1    1    1    1    1    1    1    1    1    1    1    1    1    1    1    1    1    1    1    1    1    1    1    0    1    1    1    0    1    1    1    1    1    1    1    0    0    1    0    0    0    1    0    1    1    0    0    1    0    1    0    1    0    1    1    0    1    0    1    1    1    0    1    0    0    0    0    0    1    0    0    1    0    1    0    0    0    0    1    0    0    0    0    0    0    1    0    0    1    0    0    1    0    1    0    1    0    0    0    0    1    1    0    0    1    0    0    0    1    0    0    0    0    0    0    1    0    0    1    0    0    0    0    0    0    0    1    1    1    1    1    0    0    0    
100    0.896819    0.70454    1    1    1    1    1    0    1    0    1    0    1    1    0    0    0    1    1    1    1    1    1    1    0    0    1    1    1    1    1    1    0    1    1    1    1    1    1    1    1    1    1    1    0    1    0    1    1    1    1    1    0    1    0    1    1    1    0    0    0    1    1    1    1    1    1    1    1    1    0    1    0    1    1    1    1    0    1    1    0    0    1    1    0    1    1    1    1    1    1    1    1    1    1    1    1    1    1    1    1    1    0    0    0    0    0    1    0    0    0    1    1    0    1    1    0    0    0    1    1    0    0    0    1    0    1    0    0    1    0    0    1    1    0    1    1    0    0    1    0    0    0    0    0    1    0    0    0    1    0    0    1    0    0    0    1    0    0    0    0    1    0    0    0    0    1    0    1    0    0    1    1    0    1    0    0    1    0    0    1    0    1    0    0    1    1    0    0    1    1    1    0    0    1    1    1    0    1    0    0    0    
100    0.542397    0.292869    1    0    1    1    1    1    1    1    1    1    1    1    1    1    1    1    1    1    0    1    1    1    1    1    1    1    1    1    1    1    1    1    1    1    1    1    1    0    1    1    1    1    1    1    0    1    1    1    1    0    1    1    1    1    1    1    1    1    1    1    1    0    1    1    1    1    1    1    1    0    1    0    1    1    1    1    1    1    1    1    1    1    1    1    1    1    1    1    1    1    1    1    1    1    1    1    0    1    0    1    0    0    0    1    1    0    0    1    1    1    0    0    0    0    1    0    0    0    1    1    0    1    0    0    0    0    1    1    1    0    0    1    0    1    1    0    0    1    0    0    0    1    0    0    1    0    1    1    0    0    0    0    1    1    0    0    1    1    0    1    1    0    1    0    0    1    0    0    0    1    1    0    1    1    0    0    1    1    0    0    0    0    1    0    0    1    0    0    0    0    0    0    1    1    0    1    1    0    0    1    
100    0.199463    0.0446807    1    1    1    1    0    1    1    1    0    0    1    0    1    1    1    1    1    1    1    1    1    1    1    1    1    1    1    0    1    0    1    1    1    1    0    1    1    1    1    1    1    1    1    1    1    1    1    1    1    1    0    1    1    1    1    1    1    1    1    1    1    1    0    1    1    1    1    1    0    1    1    1    1    1    1    1    1    1    1    1    1    1    1    1    1    1    1    1    1    1    1    0    1    1    1    1    1    1    1    1    1    0    0    0    0    0    1    0    0    0    0    0    1    0    1    1    0    0    1    0    0    0    1    0    0    1    1    0    0    0    0    1    1    0    0    1    1    0    1    0    0    0    1    0    1    1    0    0    0    1    0    1    0    0    1    1    0    0    0    0    0    0    0    1    1    1    0    0    1    0    0    1    1    1    0    0    0    0    0    1    0    1    0    0    0    0    1    0    0    0    0    0    0    0    0    1    1    0    1    1    
