50    0.664394    0.131874    1    1    1    1    0    0    0    0    1    1    1    1    1    1    1    1    1    1    1    1    0    1    0    1    1    1    0    1    1    1    1    1    1    1    1    1    1    1    1    1    1    1    1    1    1    1    1    1    1    1    1    1    1    0    0    1    1    1    0    1    1    0    1    1    0    1    0    1    1    1    1    1    1    1    0    1    1    1    1    1    1    1    1    0    0    1    1    0    1    1    1    1    1    1    1    1    1    1    1    0    0    1    1    0    0    1    0    0    1    0    0    1    1    1    0    1    0    1    0    0    0    0    0    1    1    0    1    1    0    0    0    1    0    0    1    1    1    0    0    0    0    0    0    1    0    1    0    1    0    1    1    0    1    0    0    0    0    0    1    0    1    0    1    0    1    0    0    1    0    0    0    1    1    0    1    0    0    1    0    0    1    1    1    0    0    0    0    1    0    1    1    0    0    0    0    1    0    1    1    1    
50    0.396493    0.986772    1    1    1    1    1    1    1    1    1    1    1    1    0    0    1    1    1    0    1    1    0    1    1    0    0    1    1    0    1    1    1    1    1    0    1    0    1    1    1    0    0    0    1    0    1    1    1    0    1    1    0    1    0    1    0    0    1    0    1    0    1    1    1    1    0    0    0    1    0    1    1    1    1    1    1    1    1    1    1    1    1    1    0    1    1    1    1    1    1    1    1    1    1    1    1    1    1    1    1    0    1    1    0    0    0    1    1    0    0    0    0    0    1    1    0    0    0    0    0    1    0    1    0    0    1    0    1    0    0    1    0    1    1    1    1    1    1    0    1    0    1    0    1    1    0    0    0    0    0    0    0    1    0    1    0    0    0    0    1    1    1    1    0    0    0    0    0    1    0    0    0    0    1    0    1    0    0    0    0    0    1    1    0    1    0    0    1    1    1    0    1    0    0    0    0    0    1    1    1    0    
50    0.671523    0.979715    1    1    1    1    1    1    1    1    0    1    1    1    0    0    1    1    1    1    1    1    1    1    1    0    1    1    1    1    1    1    1    1    1    1    1    0    1    1    1    1    1    1    1    1    0    1    0    1    1    1    1    1    1    1    1    1    1    1    1    0    1    1    1    1    1    1    0    1    1    1    1    1    1    1    1    1    1    1    1    1    1    1    1    1    1    1    0    1    1    0    1    0    0    1    1    1    1    1    1    1    0    1    1    1    0    0    1    1    0    0    0    0    1    0    0    0    1    0    0    1    1    1    0    1    1    0    1    1    1    1    1    1    1    0    0    0    0    0    0    1    0    1    0    0    0    1    0    0    1    0    0    0    0    1    0    0    0    0    0    0    0    0    0    0    0    0    0    0    1    0    1    0    0    1    1    0    0    1    1    0    1    0    0    0    0    1    0    1    1    1    1    1    1    0    0    1    1    0    1    0    
50    0.363709    0.281691    1    1    1    1    1    1    1    1    1    1    1    1    1    1    0    1    0    1    0    0    1    0    0    1    1    0    1    1    1    1    1    1    0    1    1    1    1    1    1    1    1    0    1    1    1    1    1    1    0    1    1    1    0    1    0    0    1    1    1    1    0    1    1    1    1    1    1    1    1    1    1    1    1    1    0    1    1    1    1    1    1    1    1    1    1    1    0    1    1    1    1    0    1    0    1    0    1    0    1    0    0    1    0    0    0    0    0    1    0    1    0    0    0    1    0    0    1    0    1    0    1    0    1    0    1    0    0    0    1    0    1    0    1    0    0    0    0    0    0    0    0    1    0    0    0    1    1    0    1    0    0    0    0    0    1    1    0    0    0    1    0    0    0    1    0    0    0    0    1    1    0    1    0    0    1    0    0    0    0    0    0    0    1    1    0    0    0    1    1    0    0    1    1    0    0    0    0    0    1    0    
50    0.209318    0.289662    0    1    1    1    0    0    1    1    1    0    1    0    1    1    1    0    1    1    1    1    1    1    1    1    1    0    1    1    1    1    1    0    1    1    0    1    0    1    1    1    1    1    1    1    1    1    1    1    1    1    0    1    1    1    1    1    1    1    1    1    0    1    0    0    1    1    0    0    0    1    1    1    1    1    1    1    0    1    0    1    1    1    1    1    0    1    1    0    1    1    1    1    0    1    1    1    1    0    1    1    0    1    1    1    0    0    0    0    0    0    0    0    1    0    1    0    0    0    0    0    0    1    1    0    1    0    0    0    0    0    1    0    0    1    1    1    0    0    0    0    1    0    0    0    1    1    1    1    0    0    1    1    0    0    0    1    1    0    0    1    0    1    1    0    0    0    1    0    1    1    1    1    0    1    0    0    0    1    0    1    1    0    0    0    0    0    0    0    0    0    0    0    0    0    1    0    1    0    1    0    
50    0.62758    0.327082    1    1    1    1    1    1    1    1    1    1    1    1    1    0    1    0    1    0    1    1    1    1    1    1    1    1    1    1    0    1    1    1    1    1    1    0    1    0    1    1    1    1    1    1    0    1    0    1    1    1    1    1    1    1    1    1    0    0    1    0    1    1    1    0    1    0    0    1    1    1    1    1    1    1    1    0    1    1    0    1    0    1    1    1    1    1    1    1    1    1    1    1    1    1    0    1    0    1    0    1    1    0    1    0    0    0    0    0    0    0    0    1    0    1    1    0    1    0    1    0    0    0    1    0    0    0    0    1    1    1    0    0    1    1    0    0    1    0    1    1    1    0    1    0    1    0    0    1    0    0    1    1    0    1    0    0    0    0    1    0    0    0    0    0    0    1    0    1    0    0    0    0    0    0    0    1    0    0    0    1    1    1    0    0    1    1    1    0    0    1    0    1    0    0    0    1    1    1    0    1    
50    0.998341    0.212745    1    1    1    1    0    1    1    0    1    0    1    1    1    1    1    1    0    1    1    1    1    1    1    1    1    1    0    1    1    1    1    1    1    1    0    1    1    0    1    0    1    1    1    1    1    1    1    0    1    1    0    1    0    1    1    1    1    1    1    1    1    0    1    1    1    1    1    1    1    0    1    0    0    1    1    0    1    0    1    1    0    1    1    1    1    1    1    1    1    1    1    1    1    1    1    1    0    1    1    1    0    0    1    0    0    0    1    0    0    1    1    1    1    1    1    1    1    1    1    0    0    0    0    1    0    0    0    0    0    0    0    0    1    1    0    0    0    0    1    1    0    1    0    0    0    0    0    0    0    0    0    1    0    0    1    1    0    1    0    0    1    0    0    1    0    0    1    0    0    1    0    1    0    0    1    1    0    1    0    1    1    1    1    1    0    0    0    1    1    0    0    0    0    0    1    0    1    0    0    1    
50    0.845659    0.831558    1    1    1    0    1    1    1    0    1    1    1    1    1    0    1    0    0    1    1    1    1    0    1    1    1    1    1    1    1    1    1    1    1    1    1    1    1    1    1    1    0    1    0    1    1    1    1    0    1    1    0    1    1    1    1    1    1    1    1    1    1    1    0    1    1    0    1    1    1    0    0    1    1    1    0    1    1    1    1    1    1    1    1    1    0    1    1    1    1    1    1    1    0    1    1    1    1    0    1    1    0    1    1    0    0    1    1    1    1    0    1    1    0    0    0    1    0    1    1    1    0    0    0    1    0    0    1    0    0    0    0    1    1    1    1    0    1    1    0    0    1    1    1    0    0    1    0    0    0    1    0    1    1    1    0    0    0    0    0    0    1    0    1    0    1    0    1    0    0    0    1    1    0    0    0    0    1    1    1    0    0    0    0    0    0    0    1    0    0    1    1    0    0    0    1    1    1    1    0    1    
50    0.486716    0.459142    1    1    1    1    0    1    1    1    1    1    1    1    1    1    1    1    1    1    1    1    1    1    1    1    1    1    1    1    0    1    1    1    1    1    1    1    0    1    1    1    0    0    1    1    1    1    1    1    1    1    0    1    0    1    1    1    1    1    1    1    1    1    1    1    1    1    0    1    1    1    1    0    1    1    1    1    1    0    1    1    1    1    0    0    1    1    1    1    1    0    1    1    1    1    1    1    1    1    1    1    1    0    0    0    1    0    0    1    0    1    0    1    0    0    1    0    0    0    0    1    0    1    1    0    0    0    0    1    0    0    0    0    0    0    1    1    0    0    0    0    0    1    0    1    0    1    1    0    1    0    1    0    1    0    1    0    0    1    1    0    0    0    0    0    0    0    1    1    1    1    1    0    0    0    0    0    0    1    1    1    1    0    1    0    1    1    1    1    1    0    0    1    1    0    0    0    1    0    1    0    
50    0.35059    0.705055    1    1    1    1    1    1    1    1    1    1    0    1    0    0    1    1    1    0    1    1    1    1    1    0    1    1    1    0    1    0    1    1    1    1    0    0    1    1    1    1    1    1    1    1    1    1    1    1    1    1    1    1    1    1    0    1    1    1    0    1    1    1    1    1    1    1    1    1    1    1    1    1    1    1    0    1    1    1    0    1    0    1    1    1    1    1    0    1    1    1    0    1    1    0    1    0    0    1    1    0    0    1    0    0    0    0    1    1    1    0    1    0    1    0    0    0    0    0    0    1    0    0    1    0    1    0    1    1    0    0    1    0    1    0    0    0    1    0    0    0    1    0    0    1    1    0    0    0    0    1    0    0    0    0    0    0    0    0    1    0    0    0    1    1    0    1    1    0    0    0    1    1    0    0    0    1    1    0    0    0    0    0    1    1    0    1    0    1    0    1    0    0    0    1    0    0    0    0    1    0    
50    0.0314129    0.617713    1    1    0    1    1    1    1    0    1    1    1    1    1    1    1    0    1    1    1    1    1    1    1    1    1    1    1    0    1    1    1    1    1    1    1    1    0    1    1    1    1    1    0    1    1    0    1    1    1    1    1    1    1    0    0    1    1    1    1    1    1    1    1    1    1    1    0    0    1    0    1    1    1    1    0    1    1    1    1    1    0    0    0    1    1    1    1    1    0    1    1    1    1    0    1    1    1    1    0    0    0    0    0    0    0    0    0    0    0    1    0    0    1    1    0    0    0    1    0    0    0    1    1    0    0    1    0    0    0    0    0    1    1    1    0    0    0    1    1    0    0    0    0    0    0    0    0    0    0    0    0    1    1    1    0    0    1    0    0    0    0    0    0    1    0    0    0    1    0    1    0    0    0    0    1    0    0    0    0    1    0    1    0    0    0    1    0    0    1    0    0    0    0    1    0    0    0    0    0    0    
50    0.526968    0.482267    1    1    0    1    1    1    1    1    1    1    1    0    1    1    0    1    0    1    1    1    1    1    1    0    0    1    0    1    0    1    0    1    1    1    1    1    1    1    1    1    1    1    1    1    1    1    1    1    1    1    1    0    0    1    1    0    1    0    1    0    0    1    1    1    0    1    1    1    1    1    1    1    0    0    0    1    1    1    1    1    0    1    1    0    1    1    1    1    1    1    0    1    0    0    1    0    1    1    1    1    0    0    1    1    1    0    0    0    0    0    0    0    1    0    0    0    0    0    0    1    0    0    0    1    0    0    1    0    1    1    0    0    0    1    0    0    1    1    1    0    1    0    1    0    0    0    0    1    0    1    1    0    0    0    0    0    1    1    1    0    1    1    0    0    0    1    1    1    1    1    0    0    0    0    0    0    1    1    0    1    1    1    1    0    1    1    0    0    1    0    1    0    1    0    1    0    0    0    1    0    
50    0.818382    0.44239    1    1    1    1    0    1    1    1    1    1    1    1    1    1    0    1    0    0    1    1    1    1    1    1    0    1    0    1    1    1    1    1    0    1    1    1    1    1    1    1    1    1    0    0    1    1    1    1    1    0    1    1    1    0    1    0    1    1    1    1    1    1    0    1    1    1    0    0    1    1    1    1    1    1    1    1    1    1    1    1    1    1    1    1    1    1    1    1    1    1    0    1    1    1    1    0    1    1    1    0    0    1    1    0    0    0    0    0    0    1    0    0    0    0    0    0    1    0    0    0    0    0    0    1    0    0    1    1    0    0    0    1    0    0    1    0    1    0    1    0    1    0    1    0    0    1    0    1    0    1    0    0    1    0    0    0    0    0    1    1    1    1    1    0    0    0    0    1    0    1    1    1    1    0    0    0    0    1    0    0    0    0    1    0    1    0    0    0    0    0    1    0    0    0    1    1    0    1    0    0    
50    0.516488    0.481751    1    1    1    0    1    1    1    1    1    1    1    1    1    1    1    0    1    1    1    1    1    1    1    1    1    0    0    1    0    1    1    1    0    1    1    1    1    1    1    0    1    1    1    1    1    1    0    1    1    1    0    1    0    1    1    1    1    1    1    1    1    1    1    1    1    1    1    1    1    0    1    1    0    0    1    0    1    1    1    1    1    1    1    0    0    1    1    1    1    0    1    1    1    1    0    1    0    1    1    1    0    1    1    0    0    0    0    0    1    1    0    0    0    0    1    0    0    1    0    0    0    0    0    0    0    1    0    0    0    0    0    1    0    0    0    1    1    0    1    0    0    0    0    1    1    0    1    0    0    0    1    0    1    0    1    0    1    0    1    0    0    1    0    0    1    1    1    0    0    0    0    0    0    1    0    0    1    0    0    0    0    0    0    1    0    0    1    1    1    0    0    0    0    0    1    0    0    1    0    0    
50    0.48692    0.603735    0    0    1    0    1    0    1    1    1    1    1    1    1    1    1    1    1    1    1    1    0    0    0    1    1    0    1    1    1    1    1    1    1    1    1    1    1    1    1    1    0    1    1    1    1    1    1    1    1    0    1    1    1    1    1    1    0    1    1    1    0    1    1    1    1    1    1    1    1    1    1    1    0    0    1    1    1    0    1    1    0    1    1    1    1    0    1    1    1    0    0    1    0    1    1    0    1    1    1    1    0    0    0    1    0    0    0    1    1    1    0    0    0    0    0    0    0    1    1    1    0    0    0    0    0    0    0    0    1    1    0    1    0    0    0    0    0    1    0    1    1    0    1    1    0    1    0    0    0    1    0    0    0    1    0    0    1    1    1    1    0    0    1    0    0    1    1    1    0    0    0    0    0    1    0    0    1    1    0    0    0    1    0    0    0    0    0    1    0    0    1    0    0    0    1    0    0    0    1    0    
50    0.30745    0.343138    0    1    1    1    0    1    1    1    1    1    0    1    1    1    1    1    1    1    0    1    1    1    1    1    1    0    1    1    0    1    1    1    1    1    1    0    1    1    0    1    1    1    1    1    1    1    1    0    0    1    0    1    1    1    1    0    1    1    1    0    1    1    1    1    0    0    1    1    1    1    1    0    1    1    0    1    0    1    1    1    0    0    1    0    1    0    1    1    1    0    0    0    1    0    1    1    1    1    0    1    1    1    0    0    1    1    1    1    0    1    0    0    1    0    1    1    1    0    1    0    1    0    0    0    0    0    1    0    1    0    1    1    0    0    1    1    0    0    0    1    1    0    1    0    1    1    1    1    1    1    1    1    0    1    1    0    0    0    1    1    1    1    1    1    0    1    0    1    1    0    0    0    0    0    0    0    0    0    0    1    0    0    0    0    1    0    0    0    1    0    0    1    1    1    1    0    0    1    0    0    
50    0.619465    0.0237464    1    1    1    1    1    1    1    1    0    1    1    1    1    1    1    1    1    1    0    1    1    1    1    1    1    1    0    1    0    1    1    1    1    1    1    1    1    1    1    1    1    1    1    1    1    1    1    1    1    1    1    1    1    1    1    1    1    1    1    1    1    1    1    1    1    1    1    1    1    1    1    1    0    1    1    1    1    1    1    1    1    1    1    1    1    1    1    1    1    1    1    0    1    1    1    1    1    1    1    1    0    0    1    1    1    0    0    1    0    1    1    1    1    1    1    0    0    1    0    0    0    1    0    1    1    0    0    1    0    1    1    0    1    1    0    1    1    0    0    0    0    0    0    0    1    0    1    1    0    1    0    1    1    0    1    1    0    1    1    0    1    0    1    0    1    1    1    0    0    0    1    0    0    0    0    1    0    1    0    1    0    1    1    0    0    1    1    0    0    0    1    0    0    0    0    1    1    0    0    0    
50    0.27699    0.14177    1    1    0    1    1    0    1    0    1    1    1    1    0    1    1    1    1    1    1    0    1    1    0    1    1    1    1    0    0    1    0    1    1    1    1    0    1    1    1    1    1    1    1    1    1    0    1    1    0    1    1    1    1    1    0    1    1    0    0    1    0    0    0    1    1    1    1    1    1    1    1    1    1    0    1    0    1    1    1    0    1    1    1    1    0    1    1    1    1    1    1    1    1    1    1    1    1    1    1    1    1    1    1    1    0    0    1    1    1    1    0    1    0    1    0    0    0    0    0    1    1    1    0    0    1    1    1    0    0    0    0    0    1    0    1    1    0    0    0    1    0    1    1    1    1    0    0    0    0    0    0    0    0    0    0    0    0    1    0    0    1    1    1    0    1    1    0    0    1    0    0    0    0    0    0    0    1    1    0    1    0    1    1    1    0    0    1    0    0    1    0    1    0    1    0    0    1    0    1    0    
50    0.475238    0.855574    0    1    1    1    0    1    1    1    1    1    1    1    1    1    1    1    1    1    1    1    1    1    1    1    1    1    0    1    1    0    1    1    1    1    0    0    1    1    1    0    1    0    1    1    1    1    1    1    0    1    1    1    0    1    1    1    1    1    1    1    1    1    1    1    1    1    1    1    1    1    1    1    1    1    0    1    1    1    1    1    1    0    0    1    1    1    1    1    1    1    1    1    1    0    0    1    0    0    1    0    0    0    1    1    0    0    0    0    0    0    0    1    0    0    1    1    0    0    0    1    1    0    1    0    1    0    1    0    0    1    0    0    0    1    1    1    0    0    0    1    1    0    1    0    0    0    0    1    1    1    1    0    0    0    0    0    0    0    1    1    0    1    0    1    0    0    1    1    1    1    0    0    1    0    0    0    0    1    0    0    0    0    0    0    1    1    1    0    0    0    1    0    1    1    0    1    1    0    1    1    
50    0.645529    0.932774    1    1    1    0    1    1    1    1    1    1    1    1    1    1    1    1    1    1    1    1    1    1    1    1    1    1    1    1    1    1    1    1    0    1    1    0    1    1    1    1    1    1    1    1    1    1    1    1    1    1    1    1    1    1    1    1    1    1    1    1    1    0    1    1    1    1    1    1    1    1    0    0    1    1    1    1    1    1    1    1    1    1    1    1    1    1    1    1    0    1    0    1    0    1    1    0    1    1    0    1    0    0    0    1    0    0    0    1    0    0    1    1    0    0    1    0    1    0    0    1    1    0    0    1    0    0    1    0    1    0    1    1    0    1    1    1    1    1    1    1    1    0    0    0    0    1    0    1    1    0    0    1    0    0    1    1    1    1    0    0    1    1    0    0    0    0    0    1    0    0    0    0    0    0    0    0    0    1    0    0    0    0    0    1    0    0    0    1    1    0    0    1    0    1    0    1    1    0    1    0    
50    0.540924    0.711529    1    1    0    1    1    0    1    1    1    1    1    0    1    1    1    1    1    1    1    0    1    1    0    1    1    1    0    1    1    1    1    0    1    1    0    0    1    1    1    1    1    1    1    1    1    1    1    1    1    1    1    1    1    0    1    1    1    1    1    1    1    1    0    1    0    1    1    1    1    1    0    1    1    0    1    1    1    0    0    1    1    1    1    1    0    1    1    1    1    0    1    1    1    0    0    1    0    1    0    1    0    1    0    0    0    0    0    1    0    0    0    0    0    0    0    1    1    0    0    0    0    0    0    0    1    1    0    0    1    0    0    0    1    0    0    0    0    0    1    0    1    1    1    0    0    1    1    0    0    0    0    0    1    0    0    0    1    0    1    0    0    1    0    0    0    0    0    1    0    1    1    0    1    0    0    0    1    0    0    1    0    0    1    0    1    0    1    0    1    0    0    0    0    1    1    1    0    1    0    0    
50    0.152814    0.117698    1    1    0    1    1    0    1    1    1    1    1    1    1    0    1    1    1    1    1    1    1    1    1    0    1    0    1    1    1    1    1    1    1    1    1    1    0    1    1    1    0    1    1    1    1    1    1    1    0    0    0    1    1    1    1    1    1    1    1    1    1    0    1    1    0    0    0    1    1    1    1    1    0    1    0    1    1    1    1    0    1    1    1    1    1    1    1    1    1    1    0    1    0    1    1    0    1    1    0    1    1    0    1    1    0    1    0    0    0    1    1    1    1    0    0    1    0    0    0    0    0    0    0    1    1    1    1    1    1    1    0    1    1    1    0    0    1    1    1    0    0    0    1    0    0    1    0    0    0    1    0    0    1    1    1    1    0    0    0    0    0    0    0    0    1    1    1    0    0    0    1    1    0    1    0    0    0    0    0    1    0    0    1    1    0    0    0    0    0    1    1    0    0    1    0    0    0    0    1    1    
50    0.202332    0.848809    1    1    1    1    0    1    1    0    0    1    1    0    1    1    1    1    0    0    1    1    1    1    1    1    1    1    1    1    1    1    1    1    0    1    1    1    1    1    0    1    1    1    1    1    1    1    1    1    1    1    1    1    1    1    1    1    0    1    1    1    1    1    1    1    0    1    1    1    1    1    1    0    1    1    1    1    1    1    1    1    1    1    0    1    1    1    1    1    1    1    1    1    1    0    1    1    1    1    1    1    1    1    0    0    0    0    1    1    1    0    0    0    0    1    1    0    1    0    0    1    1    1    0    0    1    1    0    1    1    1    0    0    1    1    0    0    0    0    0    0    1    0    1    1    0    1    0    0    0    0    0    0    0    1    1    0    1    0    1    0    1    1    0    0    0    0    1    0    0    1    1    0    0    0    1    0    1    1    0    0    0    0    0    0    1    0    0    1    0    0    1    1    1    1    0    0    0    0    0    1    
50    0.218922    0.106376    1    1    1    1    0    0    1    1    0    1    0    1    0    0    1    1    1    1    1    0    1    1    1    1    1    1    1    1    0    1    0    1    1    1    0    1    1    0    1    0    1    0    1    1    1    1    0    1    1    1    1    1    1    1    1    1    1    1    1    0    0    1    1    1    1    0    0    1    1    0    0    1    1    1    1    1    1    1    1    0    1    0    1    0    1    1    1    1    1    1    1    1    1    1    1    1    1    1    1    1    1    1    1    1    1    0    1    0    1    0    0    1    0    1    0    1    0    0    0    1    0    0    0    1    0    1    1    1    0    0    0    0    0    0    0    0    0    0    0    1    0    1    0    1    1    0    0    1    0    0    1    0    1    1    1    0    0    0    1    0    1    0    0    0    1    0    1    1    0    0    0    0    0    0    0    1    0    0    0    0    0    0    1    0    1    0    1    1    0    1    0    0    0    0    1    0    1    1    1    0    
50    0.871031    0.521403    1    1    1    1    1    1    1    0    1    1    1    1    1    0    1    0    1    1    1    1    1    1    0    0    1    1    1    1    1    0    1    0    1    1    1    1    1    0    0    1    1    0    1    1    1    1    1    1    1    1    1    1    1    1    0    1    1    0    1    1    1    1    0    1    1    1    1    1    1    1    1    1    1    1    0    1    0    0    1    1    1    1    1    1    1    1    1    0    1    0    1    1    1    1    1    1    1    1    1    0    0    0    0    1    0    0    0    0    1    1    0    0    1    1    0    1    1    0    0    0    0    1    0    0    0    1    0    0    0    0    0    0    1    1    0    0    1    1    1    0    0    0    0    0    0    0    0    0    0    0    0    0    0    1    1    1    1    0    1    1    0    1    0    1    1    0    0    0    0    0    0    1    1    0    1    0    1    1    0    0    0    0    0    0    0    0    1    1    1    0    1    0    1    0    1    1    1    1    1    1    
50    0.958617    0.163098    1    1    1    0    1    1    1    1    1    1    1    1    1    1    1    1    1    1    0    1    1    1    1    1    1    1    0    1    1    1    1    1    1    1    1    0    1    0    1    0    1    1    0    1    1    0    1    1    1    1    0    1    0    1    1    1    0    1    1    0    0    1    0    0    1    1    1    0    0    1    1    1    1    1    1    1    1    0    1    1    1    1    1    1    1    1    0    1    1    1    0    1    1    0    1    1    0    1    1    1    0    1    1    1    0    0    0    0    0    0    0    0    0    0    0    1    1    0    1    0    0    0    1    1    0    0    1    0    1    0    0    1    1    1    0    0    1    0    0    1    1    1    0    1    0    0    0    1    0    1    0    1    0    1    1    0    1    0    0    0    0    1    1    0    0    0    0    1    1    1    0    0    0    1    1    0    1    1    1    0    1    1    1    0    0    0    0    0    0    0    0    0    0    0    0    1    1    1    1    0    
50    0.799189    0.962569    1    1    1    1    0    0    1    1    1    0    1    1    1    1    1    1    1    0    1    1    1    0    1    0    0    1    1    1    1    1    1    0    1    1    1    1    1    1    1    0    1    1    1    1    1    1    1    1    0    1    1    1    1    1    1    1    1    1    1    1    1    1    1    1    1    1    1    1    1    1    1    1    1    1    1    1    0    0    1    1    1    0    1    1    0    1    0    1    1    0    1    0    1    1    1    1    1    1    1    1    0    0    1    0    0    1    0    0    0    0    0    0    0    0    1    0    1    1    1    0    1    0    1    0    0    0    1    0    0    0    0    1    1    0    1    0    1    0    1    1    0    1    0    1    1    0    0    1    0    1    1    0    1    1    0    0    1    0    1    0    0    1    1    0    0    0    0    1    1    1    1    0    0    0    0    1    0    1    0    1    0    0    0    0    0    1    0    1    0    1    0    1    1    0    0    1    1    0    0    1    
50    0.701942    0.178302    1    1    1    1    1    1    1    1    1    0    1    1    1    1    1    1    1    1    1    1    1    1    1    1    1    1    1    1    1    1    0    0    1    1    1    0    1    0    0    1    1    1    1    1    1    1    1    1    1    1    1    1    1    1    1    1    1    1    1    1    1    0    1    1    1    1    1    1    1    1    1    1    1    1    1    0    1    1    0    1    1    1    1    1    1    1    1    1    0    1    1    1    1    1    1    1    0    1    1    1    0    1    0    0    1    1    0    0    0    0    1    0    1    0    1    0    0    0    0    1    0    0    1    1    0    1    1    0    0    1    0    0    0    0    1    0    0    0    1    0    1    1    0    0    0    1    0    0    0    1    0    0    0    0    0    0    0    0    1    0    1    0    0    1    0    1    0    1    1    1    1    0    1    1    1    0    0    1    0    0    0    0    0    1    0    1    1    0    0    0    1    0    1    0    0    0    0    1    0    0    
50    0.249094    0.581975    1    1    1    1    1    1    1    1    1    1    1    1    1    0    1    0    1    1    1    1    1    1    1    1    0    1    0    1    1    1    1    1    1    1    1    1    0    0    0    0    1    1    0    1    1    0    1    1    1    1    0    0    1    1    1    1    1    1    1    1    1    0    1    1    1    1    1    0    1    0    1    1    1    1    1    1    1    1    1    1    1    1    1    1    1    1    1    1    0    1    1    1    1    1    0    0    1    1    1    1    0    0    1    0    1    0    1    0    0    1    0    0    0    1    0    0    1    1    0    0    1    0    0    0    0    0    0    0    0    1    0    1    0    1    1    0    0    1    1    0    0    1    1    0    0    0    1    0    0    1    0    1    1    0    1    0    1    1    0    1    1    1    0    0    0    1    0    0    1    0    1    0    0    0    0    0    0    0    0    1    1    1    0    0    0    0    0    0    1    0    1    0    1    1    1    0    1    0    0    0    
50    0.0508875    0.995403    0    1    1    1    1    1    1    1    1    1    1    1    1    1    1    1    1    1    1    1    1    1    1    1    1    1    1    0    1    0    1    1    1    1    1    1    1    1    1    1    0    0    1    1    1    1    1    0    1    1    1    1    1    1    1    1    1    0    1    1    1    0    1    1    1    1    1    1    1    0    1    1    1    1    1    1    1    1    1    1    1    1    1    1    1    1    1    1    1    1    1    1    1    1    0    1    1    1    1    0    1    0    0    0    0    1    1    1    0    1    0    1    0    1    0    0    1    0    1    0    1    0    0    1    1    0    0    0    0    1    1    0    1    1    0    0    0    1    1    0    1    0    1    0    0    0    0    1    1    0    0    1    0    0    0    1    1    0    1    0    1    0    0    1    1    0    0    0    0    0    0    0    0    0    0    0    0    0    0    0    0    0    0    0    1    1    0    1    1    0    0    0    0    1    0    0    0    0    1    1    
50    0.13585    0.254778    1    1    1    1    1    0    0    1    1    1    1    1    0    0    0    1    1    0    1    1    0    1    0    1    0    0    1    1    1    1    1    1    1    0    0    1    1    1    1    0    1    0    1    1    1    1    1    1    0    1    1    1    1    1    1    1    1    1    1    0    1    1    1    1    1    1    1    1    1    1    1    1    1    1    1    1    1    1    1    0    1    1    1    1    1    0    1    1    1    1    1    1    0    1    1    1    1    1    1    1    0    0    0    1    1    0    0    0    0    1    0    0    1    0    1    1    0    0    1    0    1    0    1    0    0    1    1    0    0    0    1    0    0    1    1    1    1    0    1    0    0    0    0    0    0    0    0    1    0    0    1    0    0    0    1    0    0    0    0    0    0    1    1    0    0    1    1    0    1    0    0    0    0    0    0    1    0    0    0    1    1    1    0    1    0    0    0    0    1    1    1    0    1    1    1    0    1    1    0    0    
50    0.95121    0.995324    1    1    1    1    1    1    1    1    1    1    1    1    1    0    1    1    1    1    1    1    1    1    1    1    1    1    1    1    1    1    1    1    0    1    1    1    1    1    1    0    1    1    0    1    1    1    1    1    1    1    0    0    1    1    1    0    1    1    1    0    0    1    1    1    1    1    1    1    1    1    1    1    1    1    1    1    1    1    1    1    0    1    1    1    1    0    1    1    1    1    1    1    1    1    1    0    1    1    1    1    1    1    1    1    1    0    0    0    1    1    0    1    0    0    0    0    1    1    1    0    1    0    0    1    0    0    1    0    0    1    1    0    0    0    1    0    0    0    0    1    0    1    0    1    0    0    0    1    0    0    1    1    0    1    1    0    0    1    0    0    1    1    0    0    1    0    0    0    0    0    0    0    0    0    1    1    0    0    0    0    0    1    1    0    0    0    0    0    1    0    0    0    0    0    1    1    0    0    1    0    
50    0.874533    0.574033    1    1    1    1    1    1    1    1    1    1    1    1    0    1    1    1    1    1    1    0    1    0    1    1    1    1    1    0    1    1    1    1    1    1    1    1    0    1    1    0    1    1    0    1    1    1    1    1    1    0    1    1    1    0    1    1    1    1    1    0    1    1    1    0    1    0    1    1    1    1    1    0    1    1    0    1    0    1    1    1    1    1    1    1    1    1    1    1    1    1    1    1    1    1    1    1    1    1    1    1    0    0    0    0    1    0    0    0    1    0    0    0    1    0    0    0    1    0    0    1    1    1    0    1    0    0    0    1    1    0    0    0    0    0    1    0    0    0    0    1    0    1    0    0    1    0    0    1    0    0    0    1    0    0    1    1    1    1    1    1    0    0    1    0    0    0    1    1    1    0    1    0    0    0    1    0    0    1    1    0    0    1    0    1    0    0    0    0    0    1    1    1    1    1    1    0    1    0    0    0    
50    0.00873258    0.25695    1    1    1    1    1    1    1    1    0    0    1    1    1    1    1    1    1    1    0    1    0    1    1    1    0    0    1    1    1    1    0    1    1    1    0    1    1    1    1    0    1    1    1    1    1    0    1    1    1    0    1    1    0    1    0    1    1    1    0    1    1    1    1    0    1    1    1    0    1    0    1    1    1    1    1    1    1    0    1    1    0    0    1    1    0    1    0    1    0    1    0    0    1    1    1    1    1    1    1    1    1    1    1    1    0    0    0    0    1    0    1    0    0    0    0    0    0    1    0    1    0    0    1    1    1    1    0    1    1    0    0    0    0    0    0    0    1    0    1    1    1    1    0    0    1    0    1    0    1    1    1    0    0    0    0    1    1    1    1    1    0    0    0    0    0    1    0    1    0    0    1    0    1    1    0    1    0    1    1    1    0    0    1    0    0    1    1    0    0    1    0    0    1    0    1    0    0    0    1    0    
50    0.664716    0.856592    1    1    1    1    1    0    1    1    1    1    1    1    1    1    1    1    1    0    1    1    0    1    1    1    1    0    0    1    0    1    0    1    1    1    0    1    1    1    1    1    1    1    1    1    1    1    1    1    0    1    0    1    1    1    1    1    1    0    1    1    1    1    1    1    1    1    1    1    0    1    0    1    1    0    1    1    1    1    1    1    1    1    1    1    1    1    1    1    1    1    1    1    1    1    1    1    1    1    1    1    0    0    1    0    0    1    0    0    1    0    0    0    0    0    0    0    0    1    0    0    0    1    1    1    0    1    1    0    0    1    0    1    0    0    1    0    0    0    0    0    0    0    1    0    0    0    0    1    1    1    0    0    0    0    0    1    1    1    0    0    0    0    0    1    0    1    1    1    0    0    1    0    0    0    1    0    1    0    1    0    1    0    1    0    0    0    1    1    1    0    0    1    0    1    0    0    0    0    1    0    
50    0.268085    0.689714    1    1    1    1    0    1    1    1    0    0    1    1    1    1    1    0    1    0    1    1    1    0    1    0    0    1    0    1    1    1    1    1    1    1    1    1    1    1    1    1    1    1    0    1    1    1    1    1    1    0    1    1    1    1    1    1    1    0    1    0    1    1    1    1    1    1    1    0    1    1    1    1    0    0    1    1    0    1    1    1    1    1    1    1    1    1    0    0    1    1    1    0    1    0    0    1    1    1    0    1    0    0    1    1    0    0    0    1    1    1    1    1    1    0    0    1    1    1    1    1    0    1    1    0    0    1    0    1    1    0    1    1    0    0    0    0    0    1    1    0    0    0    0    0    0    0    0    0    1    1    0    0    1    1    1    0    1    1    1    0    0    0    0    0    0    1    1    0    0    0    1    0    0    0    1    0    0    1    0    0    0    0    0    1    0    1    1    0    0    0    0    1    1    1    1    0    0    0    0    1    
50    0.0756848    0.872466    1    1    1    1    1    1    1    1    1    1    1    1    1    1    1    0    1    1    1    1    1    1    1    1    1    0    1    0    1    0    1    1    1    1    1    0    1    1    1    1    1    1    0    1    1    1    1    1    1    1    1    1    1    1    1    1    0    1    1    1    1    1    1    1    0    1    1    0    1    1    1    0    1    1    1    1    1    1    0    1    1    1    1    1    0    0    0    0    1    1    0    1    1    1    1    1    1    1    1    1    1    0    1    1    0    0    0    0    0    1    0    1    0    0    0    0    0    0    1    1    1    1    1    1    0    0    1    1    0    0    0    1    0    0    0    0    0    1    1    0    1    1    1    0    0    0    0    1    1    0    1    1    0    0    1    0    1    1    0    1    1    1    0    1    0    1    1    1    1    1    1    0    1    0    0    0    1    0    1    0    0    0    0    0    0    0    0    0    0    0    1    1    0    1    0    1    1    1    0    0    
50    0.986741    0.0983555    1    1    1    1    1    1    1    1    1    1    1    0    1    1    1    0    1    0    1    0    0    1    1    1    1    1    1    1    1    1    1    1    1    1    1    1    1    1    1    1    1    1    1    1    1    1    1    1    1    1    1    1    1    1    1    1    1    1    1    1    1    1    1    1    1    1    1    1    1    1    0    1    1    1    0    0    1    0    1    1    1    1    1    1    1    1    1    1    1    0    1    1    1    1    1    1    1    0    1    1    0    0    1    0    0    0    0    0    0    0    1    1    0    1    0    1    1    1    1    0    1    0    0    0    1    0    1    0    1    0    1    1    1    0    1    0    1    0    0    1    1    1    0    1    1    0    1    0    1    0    0    0    0    0    0    0    1    0    0    1    0    1    0    1    0    1    1    0    0    0    1    0    0    1    1    0    0    0    0    1    1    0    0    0    0    1    0    1    0    0    0    0    0    0    0    0    0    1    0    0    
50    0.637593    0.187904    1    1    1    1    1    1    1    0    0    1    1    0    0    0    0    1    1    1    0    1    1    1    1    1    0    1    1    1    1    1    1    1    0    1    1    1    1    1    1    1    1    1    1    1    1    0    1    1    0    1    1    1    1    1    1    1    1    1    1    1    1    1    1    1    1    1    1    1    1    1    1    0    1    1    1    1    1    1    1    1    1    1    1    1    1    1    1    1    1    1    1    1    0    1    1    1    1    1    1    1    0    0    0    1    1    1    1    0    0    0    0    0    1    0    0    0    0    1    1    0    1    0    0    0    0    0    0    1    0    0    1    0    0    0    1    0    0    0    1    1    1    0    1    0    0    0    1    1    0    0    0    0    1    1    0    0    0    0    0    1    0    1    0    1    1    1    1    0    1    0    0    1    1    1    1    1    1    1    1    0    0    0    1    1    1    1    0    0    0    1    0    0    0    0    1    0    0    1    0    1    
50    0.732177    0.0251687    1    1    0    1    1    1    1    1    0    1    1    1    1    0    0    1    1    1    1    1    1    1    1    1    1    1    1    0    1    1    1    1    1    1    1    1    1    1    1    1    1    1    1    1    1    1    1    1    1    1    1    1    1    1    1    1    0    1    1    1    1    0    1    1    1    1    0    1    1    1    0    1    1    1    1    1    1    1    1    1    1    1    1    1    1    0    1    1    1    1    1    1    1    0    1    1    0    1    1    0    0    0    0    0    1    0    1    0    1    1    0    1    0    1    0    0    0    0    1    0    1    1    0    0    1    0    0    0    1    0    1    1    1    1    1    0    0    1    0    0    0    1    0    0    0    0    0    0    0    0    1    0    1    1    1    1    0    0    0    0    0    0    0    1    0    0    0    0    1    0    1    0    0    0    0    1    0    0    1    1    0    0    1    1    1    1    1    0    1    0    0    1    1    1    1    0    1    0    0    1    
50    0.134181    0.605957    1    1    1    1    1    1    1    1    1    0    0    1    1    1    1    1    1    1    1    1    1    1    1    1    1    1    1    1    1    1    1    0    0    1    1    1    1    0    1    1    1    1    1    1    1    0    1    1    1    1    1    1    1    1    1    1    1    1    1    1    1    1    1    1    1    1    1    0    1    1    1    0    1    1    1    1    1    1    1    1    1    1    1    1    1    1    1    1    1    1    1    1    1    1    1    1    1    1    1    1    1    0    1    0    1    1    0    1    0    0    0    0    0    0    1    1    0    0    0    0    0    1    0    0    1    1    0    1    0    1    1    0    0    0    0    0    0    1    0    0    1    0    0    1    0    1    0    1    1    1    0    0    1    0    0    0    0    0    0    1    0    1    1    1    1    0    0    0    1    0    0    0    0    1    0    1    1    0    1    1    1    0    1    1    1    0    1    0    1    0    1    1    0    0    1    0    0    0    0    1    
50    0.0245536    0.873602    1    1    1    1    1    1    1    1    1    1    1    1    0    1    0    1    1    1    1    1    1    1    1    0    1    0    1    1    1    1    1    1    1    1    1    1    1    1    1    1    1    1    1    1    0    1    1    1    1    1    0    0    1    0    1    1    1    1    1    1    1    1    0    1    1    1    1    1    1    1    1    1    1    1    1    1    0    1    0    1    1    1    1    1    1    1    1    1    1    1    1    1    1    1    0    1    1    1    1    1    0    0    1    0    0    1    0    0    0    0    0    0    1    0    0    1    0    0    1    1    0    0    0    0    0    0    0    0    0    0    1    1    0    0    0    1    0    0    0    0    0    0    1    1    0    1    0    0    1    0    0    1    0    0    0    1    1    0    0    0    1    0    1    0    0    0    0    0    0    0    0    1    0    0    0    0    0    1    1    1    0    1    1    0    0    0    0    0    1    0    0    0    1    0    0    0    0    0    1    0    
50    0.0716873    0.878626    1    1    1    1    1    0    1    1    1    1    1    1    1    0    0    1    0    1    1    1    1    0    1    1    1    0    1    0    1    0    1    1    1    0    1    1    1    1    0    0    1    1    1    0    1    1    1    1    1    1    1    1    1    1    1    1    1    1    1    1    0    1    1    1    1    1    1    1    1    1    0    1    0    1    1    1    1    1    1    1    1    1    0    1    1    1    1    1    1    1    0    1    1    1    1    1    1    1    1    1    1    0    1    0    0    1    1    0    0    1    1    1    1    0    0    1    1    1    0    0    1    1    0    0    0    1    1    0    1    1    1    1    0    1    1    0    0    1    1    0    1    0    1    1    0    1    1    0    0    1    0    1    0    0    0    0    0    0    1    0    1    1    1    0    1    1    0    1    1    0    1    0    1    0    0    0    0    0    1    1    0    0    0    0    0    0    0    1    1    1    0    1    0    0    0    1    0    1    0    0    
50    0.927076    0.180474    1    1    0    1    1    1    1    1    1    1    1    1    0    1    1    1    1    1    0    1    1    1    1    1    1    0    1    1    1    1    1    1    1    1    1    1    1    0    1    0    1    1    1    1    1    1    0    1    1    1    1    1    1    1    1    1    1    1    1    1    1    1    1    1    1    0    0    0    1    1    1    1    1    1    1    1    1    1    0    0    0    1    1    1    0    1    1    0    1    1    1    1    1    1    1    1    1    1    1    0    0    0    0    1    1    0    0    0    0    1    0    1    1    0    1    0    0    1    0    1    0    0    1    0    1    1    1    0    0    0    1    1    1    0    0    0    0    1    0    1    0    1    0    0    0    0    1    0    1    0    0    0    0    0    0    0    1    1    1    1    1    1    0    0    1    1    1    0    1    0    0    1    0    0    0    0    0    0    0    0    0    0    1    1    0    1    0    0    0    0    1    0    0    1    1    0    1    0    0    0    
50    0.783121    0.610653    1    1    1    1    1    0    1    1    0    1    1    1    1    1    0    1    1    1    1    0    1    1    1    1    1    1    0    0    1    1    1    1    1    1    1    1    1    0    1    0    1    1    1    1    1    1    1    1    1    1    1    1    1    0    0    1    1    1    1    1    1    0    0    1    1    0    0    1    1    1    0    1    1    1    1    1    0    1    1    1    1    1    0    1    0    1    1    1    1    1    1    1    1    1    1    1    1    1    1    1    0    1    0    0    0    0    0    0    0    0    0    0    0    0    1    1    0    0    0    0    0    1    1    0    0    1    0    0    0    1    0    1    1    1    0    0    0    0    0    0    1    0    0    0    1    0    0    0    0    0    0    0    1    0    0    0    0    0    0    0    1    0    1    0    1    0    0    0    0    0    1    1    0    0    0    0    1    1    0    0    0    0    0    0    0    1    0    0    0    1    0    1    1    1    1    1    0    1    1    0    
50    0.857039    0.146973    0    1    1    1    1    1    1    1    1    1    1    1    1    1    1    1    1    1    1    1    1    1    1    1    1    1    1    0    1    1    1    1    1    1    1    1    1    0    1    1    1    0    1    1    0    1    0    1    0    1    1    1    1    1    1    1    1    1    1    1    1    1    0    0    1    1    1    1    1    1    1    1    1    1    1    1    1    0    1    1    1    1    1    0    1    1    0    1    1    1    1    1    0    1    1    1    1    1    1    0    0    1    0    1    0    0    1    0    0    0    0    1    0    0    0    0    1    0    1    0    0    0    1    0    0    0    0    0    0    0    0    0    0    0    0    1    0    0    1    0    1    0    1    1    0    0    0    0    1    0    1    1    0    0    0    0    1    0    0    1    0    0    1    1    1    0    0    0    1    0    1    0    0    0    0    1    0    0    1    0    0    0    0    0    0    0    0    0    1    0    1    0    0    1    0    0    1    0    0    1    
50    0.869091    0.865112    1    0    1    0    1    1    1    1    1    1    1    1    1    1    1    1    1    1    1    1    1    1    1    1    1    1    1    0    1    1    1    0    1    1    1    1    1    1    1    1    1    1    1    1    0    1    1    0    1    1    1    1    1    1    1    1    1    1    1    1    0    0    1    1    1    1    0    1    1    0    1    0    1    1    1    0    1    0    1    1    1    1    1    1    0    1    1    0    1    1    1    0    1    1    1    1    1    1    1    1    1    0    0    0    0    0    1    0    0    0    1    0    0    1    1    0    0    1    1    1    0    0    1    0    0    0    1    1    0    1    1    0    0    1    1    1    1    0    0    0    0    0    1    1    0    0    0    0    0    1    0    1    0    0    0    0    1    1    0    0    1    0    1    0    0    0    1    0    0    0    1    0    0    0    1    1    0    1    0    0    0    0    1    1    1    0    0    1    0    0    0    1    1    0    1    1    0    0    1    0    
50    0.522631    0.84332    1    0    1    1    1    1    1    0    1    1    1    1    1    1    1    1    1    1    1    0    0    1    1    1    1    1    1    1    1    1    1    1    0    0    1    1    1    1    0    1    1    1    1    1    1    0    0    1    1    1    0    1    1    0    0    1    1    1    1    0    1    1    0    1    1    0    1    1    1    1    1    1    1    1    1    1    0    1    1    1    1    1    0    1    1    1    1    1    1    1    1    1    1    0    1    1    0    1    1    1    1    0    1    1    0    0    1    0    1    0    1    1    0    0    0    0    0    0    0    0    0    0    0    0    0    1    0    0    0    1    1    0    0    0    0    0    1    1    0    1    0    1    1    1    1    0    0    0    1    1    1    0    0    1    0    1    1    1    0    0    1    1    0    0    0    1    0    0    1    1    0    0    0    0    0    1    1    0    1    0    0    0    1    0    1    0    1    0    1    1    1    1    0    0    1    0    1    0    0    0    
50    0.567124    0.967774    1    1    1    1    1    1    1    1    1    1    1    1    1    1    1    1    1    1    1    1    0    1    1    1    1    1    1    1    1    1    1    1    1    1    1    1    1    1    1    1    0    1    1    0    1    1    1    1    1    1    1    1    1    1    1    1    1    1    1    0    1    1    1    1    1    1    1    1    0    1    0    0    0    1    1    1    1    1    0    1    1    1    1    1    1    0    1    1    1    1    1    1    1    1    1    1    1    1    0    1    0    0    0    1    1    1    1    0    1    1    0    0    1    1    0    1    0    1    1    0    0    0    1    1    1    0    1    0    1    1    0    0    0    1    0    0    1    0    0    1    1    1    0    1    1    1    0    0    1    0    0    0    1    1    0    1    1    1    0    0    0    0    0    1    0    1    1    1    0    0    0    0    1    0    1    0    0    0    1    1    0    1    1    1    0    1    0    0    0    1    1    0    0    0    0    0    1    0    0    0    
50    0.0630535    0.940911    1    1    1    1    0    1    1    1    1    1    1    0    0    1    1    1    0    1    1    1    1    0    1    1    1    1    1    1    1    1    1    1    1    1    1    1    1    1    1    1    1    1    1    1    1    1    1    1    1    1    0    1    1    1    1    1    1    1    1    0    1    1    0    1    1    1    1    1    1    1    1    0    1    1    1    1    1    1    1    1    1    1    1    1    0    1    1    1    1    1    1    0    1    1    1    1    1    1    1    1    0    0    0    0    0    1    0    0    0    0    0    0    0    0    0    0    0    0    0    1    0    0    1    0    0    0    1    1    0    0    0    0    0    1    1    0    1    1    0    1    1    1    0    1    1    1    0    0    1    0    0    0    1    0    1    1    0    0    1    1    0    0    1    1    1    0    0    1    0    1    0    0    0    0    0    0    0    1    1    0    1    0    0    0    1    0    1    0    1    1    1    0    0    0    1    0    1    0    0    0    
50    0.122564    0.470896    1    0    1    0    1    1    1    1    0    1    0    1    1    1    1    0    1    1    1    1    0    1    1    1    1    0    0    1    1    1    0    1    1    1    0    1    1    1    1    1    1    0    1    1    1    1    0    1    1    0    1    1    1    1    1    1    1    1    1    0    1    1    1    1    1    1    1    1    1    1    1    1    1    1    1    1    1    1    1    0    1    0    1    0    0    1    1    1    1    1    1    1    1    1    1    1    1    0    0    1    0    0    1    0    1    0    0    1    0    1    1    0    1    0    1    0    0    0    0    1    0    0    1    0    1    1    0    0    1    0    0    0    0    0    0    0    0    0    1    1    1    0    1    0    0    0    1    0    0    0    0    0    0    1    1    0    0    0    0    1    0    1    0    0    1    0    1    1    0    0    0    1    0    1    1    0    0    0    1    0    1    0    1    0    1    1    0    1    0    0    1    0    0    0    0    0    1    0    0    0    
50    0.131121    0.771216    1    1    1    1    1    0    1    1    1    1    1    1    1    1    1    1    1    1    1    1    1    1    1    0    1    1    1    1    1    0    1    1    1    1    1    0    1    1    1    1    1    1    1    1    1    1    1    1    1    1    1    0    1    1    1    1    1    1    1    0    1    1    1    1    0    1    1    1    1    1    1    0    1    1    1    1    1    1    0    1    1    1    1    0    1    1    1    1    1    1    1    1    1    1    1    1    0    1    1    1    1    1    0    1    0    0    1    1    1    0    0    1    0    0    1    1    1    0    0    0    0    1    1    0    0    1    0    0    0    1    0    0    0    0    1    0    0    0    0    1    1    0    1    0    1    0    1    0    1    1    1    1    1    0    0    0    0    0    0    1    0    1    0    1    0    0    0    0    1    0    0    0    0    1    0    0    0    0    1    1    0    0    1    0    1    1    0    1    0    1    1    0    0    1    0    0    0    1    0    1    
50    0.429268    0.0527763    1    1    1    1    1    1    1    1    1    1    0    1    1    1    0    1    1    0    1    1    1    0    0    1    1    1    1    0    1    1    1    1    1    0    1    0    1    0    1    1    1    1    1    1    1    1    1    1    1    0    1    0    1    1    1    1    1    1    1    1    0    1    1    0    1    0    0    1    1    1    1    1    0    0    1    1    0    1    0    1    1    0    1    1    1    1    0    1    0    1    1    1    1    1    0    1    1    1    0    0    0    1    1    0    1    0    1    0    0    0    0    1    1    0    0    0    0    0    1    0    1    0    0    0    0    1    0    1    1    0    0    0    0    0    0    0    0    0    0    0    1    1    1    1    0    1    0    0    1    0    1    1    0    0    0    0    1    0    0    1    0    0    0    0    0    1    0    0    1    0    1    1    0    0    1    0    0    0    1    1    0    0    0    0    0    1    1    0    0    1    1    0    0    1    0    1    0    1    1    1    
50    0.254234    0.54194    1    1    1    1    1    0    1    1    1    0    1    1    1    1    1    0    1    1    1    1    1    1    1    1    1    1    1    0    1    0    1    0    1    1    1    0    0    1    1    1    1    1    1    1    1    1    0    1    1    1    1    1    1    1    1    0    1    0    1    1    1    1    0    1    1    1    0    1    1    1    1    1    1    1    0    1    1    1    1    1    1    1    1    1    1    1    1    1    0    1    1    0    0    1    1    1    0    1    0    1    0    1    1    1    1    0    0    1    1    0    1    0    0    0    0    0    0    0    0    0    1    0    0    0    1    0    0    1    0    0    1    0    0    1    0    1    0    0    0    1    0    0    0    0    0    0    0    0    1    0    0    1    0    1    0    1    0    0    1    1    0    0    0    0    0    0    1    1    0    0    0    0    0    0    1    1    1    1    0    1    1    0    1    0    1    1    0    0    0    1    0    1    1    0    1    1    0    1    1    0    
50    0.708491    0.9723    1    1    0    1    1    1    1    1    1    1    1    1    1    1    0    1    1    1    1    1    1    1    1    1    1    1    1    1    1    1    1    1    1    1    1    1    0    1    1    1    1    0    1    1    1    1    1    1    0    1    1    0    1    1    1    1    0    1    0    1    1    1    1    1    1    1    1    1    1    0    1    1    1    1    1    0    1    1    1    1    1    1    1    1    1    0    1    0    1    1    1    1    0    1    1    1    1    1    1    1    0    1    0    1    0    1    0    1    1    1    1    1    0    1    1    0    1    1    0    0    0    0    0    0    0    0    1    1    0    0    0    0    0    0    0    0    1    0    1    0    1    0    1    0    1    0    0    0    1    0    1    1    1    0    1    1    0    0    0    0    1    1    1    0    0    1    0    1    0    1    1    1    0    0    0    0    0    0    1    0    0    0    0    0    0    0    0    1    0    1    0    0    0    0    0    0    1    0    0    0    
50    0.713443    0.0527763    1    1    1    1    1    1    1    1    1    1    1    1    1    0    1    1    1    1    1    1    1    0    0    1    1    0    1    1    1    1    1    1    0    1    1    1    1    1    1    1    1    0    0    1    0    1    0    1    1    0    1    1    0    1    1    1    1    1    0    1    1    1    1    0    1    1    1    1    1    1    1    1    1    0    1    1    1    1    1    1    1    1    1    0    1    1    1    1    1    1    1    1    1    1    1    1    1    0    1    1    1    0    0    1    0    1    0    0    0    0    0    0    1    0    0    0    1    0    0    0    0    0    0    0    1    0    1    0    1    1    0    1    1    0    0    0    0    1    0    0    1    1    0    1    0    0    0    1    1    0    0    0    1    0    1    0    0    1    0    0    1    1    0    0    0    0    0    0    1    1    1    0    0    1    0    0    0    1    1    0    1    1    0    0    0    0    1    0    0    0    0    1    0    0    0    1    0    0    1    1    
50    0.436284    0.308647    1    1    1    1    1    1    1    1    1    0    1    0    1    0    1    0    0    0    1    1    0    1    0    1    1    1    1    1    1    1    0    0    1    0    1    0    0    0    1    1    1    0    0    1    1    1    1    0    1    1    0    0    1    0    1    1    1    1    1    1    1    1    0    1    1    0    1    1    1    0    1    1    1    1    1    1    1    1    1    1    0    1    1    1    1    0    1    1    0    1    1    0    1    1    1    1    1    0    1    1    0    0    0    0    0    1    0    0    0    1    0    1    0    0    0    0    1    0    0    0    1    1    1    1    0    0    0    0    1    0    1    1    0    1    0    0    0    0    0    1    1    0    0    0    0    0    0    0    1    1    1    0    0    0    1    0    0    1    1    1    0    0    1    1    1    0    0    0    0    0    0    0    1    0    0    0    0    1    0    1    1    0    1    0    0    0    0    1    1    0    0    0    0    1    0    1    0    0    1    0    
50    0.857754    0.46036    0    0    1    1    1    1    1    1    1    1    1    0    1    1    1    1    1    1    1    1    1    1    0    1    1    1    1    1    1    1    1    1    1    1    0    1    0    1    1    1    1    1    1    1    1    0    1    1    1    1    1    1    1    1    1    0    1    1    1    1    1    1    1    1    1    1    1    1    1    1    0    1    0    1    1    1    1    1    1    1    1    1    1    0    0    1    1    1    1    1    1    1    1    0    1    1    1    1    1    1    0    0    1    0    0    0    0    0    0    1    0    0    0    1    1    0    1    1    0    0    0    0    0    0    0    1    0    1    1    1    1    1    0    0    0    0    0    0    0    0    0    1    0    1    0    0    1    0    1    1    0    0    1    0    0    1    1    0    1    0    1    0    0    0    1    0    1    0    0    1    0    0    1    0    1    0    1    0    0    0    0    0    1    0    0    1    0    0    1    0    1    1    0    1    0    0    1    0    1    0    
50    0.124832    0.958144    1    1    1    0    1    1    1    1    1    0    1    1    1    0    0    1    1    1    1    1    1    1    1    1    1    1    1    1    1    1    1    1    1    1    1    1    1    1    1    1    1    1    1    1    1    0    1    1    1    0    1    1    1    1    1    1    1    1    1    1    1    1    1    0    1    1    0    1    1    1    1    1    1    1    1    0    1    1    1    1    1    1    1    1    1    1    1    1    1    1    1    1    1    1    0    1    1    0    1    1    0    0    0    0    0    1    0    0    1    0    1    1    0    0    1    0    1    1    0    1    1    1    1    0    1    1    0    0    1    0    0    1    1    0    0    0    0    0    1    0    1    0    0    0    0    0    0    0    1    0    0    1    0    1    0    0    0    0    0    0    0    1    1    0    0    0    0    0    0    0    1    0    0    0    1    1    0    1    0    0    0    1    0    0    0    0    0    0    1    0    0    0    0    0    0    1    1    1    0    0    
50    0.0132251    0.902503    1    0    1    1    1    1    1    1    1    1    1    1    1    1    0    1    1    1    1    1    1    1    0    0    1    1    0    1    0    1    1    1    0    1    1    1    1    1    1    1    1    1    1    1    1    1    1    1    0    1    1    1    1    1    1    1    1    1    1    1    1    1    1    1    1    1    1    1    1    0    1    0    0    1    0    1    1    1    1    1    1    1    1    1    1    1    1    1    1    0    1    1    0    1    0    1    1    1    1    1    0    1    0    1    0    0    0    0    0    1    0    0    0    0    0    1    0    1    0    0    0    1    1    0    0    0    0    0    1    1    0    0    0    1    0    0    1    0    0    1    0    1    0    1    0    0    1    0    1    0    0    0    1    0    1    0    1    0    0    1    1    0    0    0    0    0    1    0    1    0    0    0    0    0    1    0    1    1    0    0    0    0    0    0    1    0    1    0    0    0    1    0    1    1    0    0    0    0    0    1    
50    0.310513    0.638937    1    1    1    1    1    1    1    1    1    1    1    1    1    1    1    1    1    1    0    1    0    1    1    1    1    0    0    1    1    1    1    0    1    1    1    1    0    1    1    1    1    1    1    1    1    0    1    1    1    1    0    1    0    1    1    1    1    0    0    1    0    1    1    1    1    0    1    1    1    0    1    1    1    1    1    1    1    1    1    1    1    1    1    1    1    1    1    0    1    1    1    0    0    1    1    1    1    1    1    1    1    0    1    0    1    1    1    0    0    0    0    0    1    0    1    0    0    1    1    0    1    1    0    0    0    0    0    0    0    0    1    0    0    0    0    1    0    0    0    0    0    0    0    0    0    1    0    0    0    1    0    0    0    0    0    1    1    0    0    1    1    1    0    0    1    0    0    0    0    0    0    0    0    1    1    1    1    1    1    0    1    0    1    0    0    1    0    0    1    0    1    0    0    1    1    0    0    0    1    1    
50    0.923991    0.807501    1    1    1    1    1    1    0    1    1    1    1    1    1    1    0    1    1    1    1    1    1    1    1    1    1    0    1    0    0    1    1    1    1    1    1    1    1    1    1    1    0    1    0    1    1    1    1    1    1    1    1    1    0    1    0    1    1    1    1    1    0    0    1    0    0    1    1    1    1    1    1    1    1    1    1    1    1    0    1    1    0    1    0    0    1    1    1    1    1    1    1    1    1    0    0    1    1    1    1    1    1    0    1    0    1    0    0    0    0    1    0    0    0    1    0    0    0    1    1    0    0    1    0    0    0    0    1    0    1    0    0    0    0    0    0    1    0    1    0    0    0    0    0    1    0    1    1    0    0    0    0    0    1    0    0    0    0    0    1    0    0    0    0    0    0    0    0    1    0    0    1    0    0    0    1    0    1    1    0    1    1    0    0    0    0    0    1    0    0    1    1    1    1    0    0    0    1    0    1    1    
50    0.259997    0.88816    1    0    0    1    1    1    1    1    1    0    1    1    1    1    0    0    1    0    1    1    0    1    0    1    1    1    1    1    1    1    1    1    1    1    1    1    1    1    1    1    1    1    1    1    1    1    0    1    1    1    1    0    0    1    1    1    0    1    1    1    1    1    1    1    0    1    1    1    1    1    0    1    0    1    1    0    1    1    0    1    1    1    1    1    1    1    1    1    1    1    1    0    1    0    1    1    1    1    1    0    1    0    0    0    0    1    0    0    0    0    1    0    0    0    1    1    0    1    1    1    0    0    1    0    0    0    0    0    1    0    0    0    1    0    0    1    1    0    1    1    1    0    1    0    0    0    0    0    0    1    1    1    0    1    1    1    0    0    1    1    0    0    0    1    0    1    1    1    0    0    1    1    1    0    0    1    1    0    1    0    0    1    1    1    1    0    0    0    0    1    1    1    1    0    0    0    1    1    0    0    
50    0.0699387    0.920483    0    1    1    1    1    1    1    1    1    1    1    1    1    1    1    0    1    1    1    1    1    0    1    1    1    1    1    1    1    1    1    1    1    1    0    1    1    1    0    0    1    1    0    0    1    1    1    1    0    1    1    1    1    1    1    1    1    0    1    1    1    1    1    1    0    1    1    1    1    1    1    1    0    1    1    1    1    1    1    1    1    0    0    1    1    1    1    1    1    0    0    1    1    1    1    1    1    1    1    1    0    0    0    1    0    1    1    0    1    1    1    0    0    0    0    0    0    1    1    1    0    1    0    0    0    1    1    1    1    1    0    1    0    1    0    1    0    0    0    0    0    1    0    1    1    1    1    1    0    0    0    1    0    0    0    1    0    1    0    1    0    0    0    1    1    1    1    0    0    0    1    0    0    0    0    0    1    0    1    0    1    1    0    1    1    0    1    1    0    0    0    0    0    1    0    0    0    0    1    0    
50    0.590325    0.686417    1    0    1    1    0    0    1    1    1    1    0    1    1    1    1    1    1    0    1    1    1    1    0    0    1    1    0    1    1    0    0    1    1    1    1    1    0    1    1    0    0    1    1    1    1    1    1    1    1    1    1    0    1    1    1    1    1    1    1    1    1    1    1    1    1    0    1    1    0    1    1    1    1    1    1    1    0    1    1    1    0    0    0    1    1    1    1    1    0    1    1    1    0    0    1    1    0    1    1    1    0    1    1    0    0    1    1    1    0    0    0    0    0    0    0    0    1    0    1    1    0    0    1    0    1    1    0    0    0    0    1    0    1    0    0    1    1    0    1    1    0    0    0    0    0    1    0    0    1    0    0    0    0    0    1    1    1    1    0    0    0    1    0    0    0    1    1    0    0    0    0    1    0    0    1    1    0    1    1    0    0    1    0    0    0    0    0    1    0    1    0    0    1    0    0    0    0    0    1    1    
50    0.488498    0.876506    0    1    1    1    1    1    1    1    1    1    1    1    1    1    1    1    1    0    1    1    1    1    1    1    0    1    1    1    1    1    1    0    1    1    1    0    1    1    0    1    1    1    1    1    1    1    1    1    1    1    1    1    1    1    1    1    1    1    1    1    1    1    1    1    0    1    1    0    1    1    0    1    1    1    1    0    1    0    1    1    1    1    1    1    1    0    1    1    1    1    0    1    1    1    1    1    1    1    1    1    0    1    0    0    0    0    0    0    0    1    0    1    1    0    0    0    0    0    0    0    0    0    1    0    0    0    1    0    1    0    0    1    1    0    1    0    0    1    1    0    0    1    0    0    0    1    0    1    0    0    1    1    1    0    1    1    0    0    1    1    0    1    1    0    1    0    0    0    0    0    0    1    1    0    0    1    1    1    0    1    1    0    0    1    0    0    0    0    1    0    0    1    0    0    0    0    1    0    0    1    
50    0.838579    0.571754    1    1    1    0    1    0    1    1    1    1    1    1    1    1    1    0    0    1    1    1    1    1    1    1    1    1    1    1    0    1    1    1    1    1    1    0    1    1    1    1    1    1    0    1    1    0    1    1    1    1    1    1    1    0    1    1    1    0    1    1    1    1    1    1    1    0    1    1    1    1    1    1    1    1    1    1    0    0    1    1    1    1    1    1    1    1    1    1    1    1    1    1    1    1    1    1    1    1    1    1    1    0    0    1    1    0    0    0    0    0    1    0    0    1    0    0    1    1    0    1    1    1    1    0    0    1    1    0    1    1    0    0    0    0    0    0    0    1    1    0    0    1    0    0    0    1    0    1    0    1    0    0    0    0    0    1    1    0    1    0    0    0    0    0    0    0    0    0    1    0    1    0    0    0    1    0    1    1    1    0    1    1    1    0    0    0    1    1    0    1    0    0    0    1    0    1    0    0    0    0    
50    0.916252    0.843225    1    1    1    1    1    1    0    0    1    1    1    1    1    1    1    1    1    0    1    1    1    1    1    1    1    1    0    1    1    1    0    1    1    1    0    0    1    1    1    0    0    1    1    1    1    0    1    0    0    1    0    1    1    0    0    1    1    1    1    1    1    1    1    1    1    1    1    0    1    1    1    1    1    1    0    1    1    1    1    1    0    1    0    1    1    1    1    1    1    1    1    0    0    1    1    1    1    1    1    1    0    0    0    0    0    0    1    1    0    1    1    1    0    1    0    0    0    0    0    0    1    1    0    1    0    1    0    1    0    1    1    1    0    0    1    0    0    1    1    0    0    0    0    0    0    0    0    0    0    0    0    0    0    0    1    1    0    1    1    0    0    1    0    1    0    1    0    0    0    0    0    1    0    0    1    1    1    0    1    0    0    1    0    1    0    1    1    0    1    0    0    0    0    0    1    0    1    0    0    0    
50    0.0349804    0.170326    1    1    1    1    1    1    1    1    1    1    1    1    0    0    1    1    1    1    1    1    1    1    1    1    1    1    1    1    1    1    1    1    0    1    0    0    1    1    1    1    0    1    1    1    1    1    1    1    1    1    1    1    1    1    1    1    1    1    1    0    1    0    1    1    1    1    0    0    1    1    0    1    1    1    1    0    1    1    1    0    1    0    0    1    1    0    1    1    0    0    1    1    1    1    1    1    1    1    1    1    0    0    0    0    0    1    1    1    1    1    0    1    0    0    1    1    1    1    0    0    0    0    1    1    1    0    0    1    0    1    0    0    0    1    0    0    0    1    1    0    0    0    0    0    0    0    0    1    0    0    0    0    1    0    0    1    0    0    1    0    0    0    0    1    1    1    0    0    1    1    1    1    0    1    1    1    1    0    1    0    0    0    1    1    1    1    0    0    1    1    0    0    0    0    0    0    0    1    0    0    
50    0.826347    0.45114    1    1    1    1    1    1    1    0    1    0    1    1    1    1    0    1    1    0    0    1    1    1    1    1    1    1    1    1    0    1    1    1    1    0    1    1    1    1    1    1    1    1    1    1    1    1    1    0    1    1    1    1    1    1    1    1    1    1    1    0    1    1    1    1    1    0    1    1    1    1    0    1    1    1    1    1    1    1    0    1    1    1    1    1    1    0    0    0    1    1    1    1    1    1    1    1    1    1    1    1    0    0    0    0    1    1    0    1    1    1    1    1    0    1    0    0    0    1    1    0    1    1    0    1    0    1    1    1    0    0    0    0    0    1    0    1    0    0    0    1    0    0    0    0    0    0    1    0    0    1    1    0    0    1    0    0    0    0    0    0    1    0    1    0    0    0    0    0    0    1    0    1    0    0    0    0    1    1    0    0    0    1    1    1    0    1    1    0    0    0    1    0    1    0    0    0    0    1    1    0    
50    0.846136    0.545681    0    1    1    1    1    1    1    1    1    1    1    1    1    0    1    1    0    1    1    0    0    1    1    1    1    1    1    0    0    1    0    0    0    1    0    1    1    0    1    0    1    1    1    1    1    1    1    1    1    1    1    0    1    0    1    0    1    1    0    0    1    1    1    1    1    0    1    1    1    1    1    1    1    1    0    1    1    1    1    1    0    1    1    1    1    1    1    1    1    1    1    0    1    1    1    1    1    1    1    0    1    1    0    0    0    1    0    0    0    1    1    1    1    0    0    1    0    1    0    1    1    1    1    1    1    0    1    0    1    1    0    0    0    0    0    1    0    0    0    1    1    1    1    1    0    0    1    1    0    0    1    1    1    1    0    0    1    1    0    0    1    0    0    1    1    0    0    0    0    1    0    0    1    0    0    0    0    1    0    0    0    0    0    0    0    0    0    0    1    0    0    0    1    1    0    0    1    1    1    1    
50    0.791135    0.293953    1    1    1    1    1    1    1    0    1    1    0    1    1    0    1    1    1    1    1    0    1    1    1    1    1    1    1    1    0    1    1    0    1    1    1    0    1    1    1    1    1    1    1    1    0    1    1    1    1    1    1    1    1    1    1    1    1    0    1    1    1    0    0    1    1    1    1    1    1    0    1    1    0    1    1    1    1    1    1    1    1    1    1    1    1    1    1    0    1    1    1    0    1    1    1    1    1    1    1    1    0    0    0    1    0    0    1    1    0    0    0    0    1    1    1    0    0    1    1    0    1    1    0    1    1    0    1    1    0    1    0    0    1    0    0    1    0    0    0    1    0    0    0    0    0    1    0    0    0    0    0    1    1    1    0    1    0    0    0    1    1    1    1    0    1    0    1    1    1    0    1    0    1    0    0    1    0    0    0    0    1    0    1    0    0    0    1    0    1    1    0    1    0    0    0    0    0    0    0    0    
50    0.570249    0.33637    1    0    1    1    1    1    1    1    1    1    1    1    1    1    1    1    1    0    1    1    1    1    1    1    0    0    1    1    1    1    1    1    1    1    1    1    1    1    1    1    1    1    1    0    1    1    1    1    1    0    1    1    0    0    1    1    1    1    0    0    1    1    1    1    1    1    0    1    1    1    0    1    1    1    1    1    1    1    0    1    1    1    1    1    0    1    1    1    1    1    1    1    1    1    1    1    1    0    0    1    0    0    1    0    0    1    0    0    1    1    1    0    0    1    1    1    0    1    1    1    0    1    0    0    0    0    0    1    0    1    1    0    0    0    0    1    0    0    0    0    1    1    0    0    0    1    0    0    0    0    0    0    0    1    0    1    0    0    0    0    0    0    0    0    0    0    0    1    0    0    0    0    0    0    0    0    0    1    1    1    0    0    0    1    0    0    1    0    0    1    0    1    0    0    1    1    0    1    0    0    
50    0.257754    0.068727    1    1    1    1    1    1    0    1    1    1    1    1    1    1    0    1    1    1    1    1    1    1    1    1    0    1    1    1    0    0    0    0    1    1    1    1    1    1    1    1    1    1    0    1    0    1    0    1    1    1    1    0    0    1    0    1    0    1    1    1    1    1    1    1    0    1    1    1    0    1    0    1    0    1    1    1    1    1    0    1    0    0    1    1    1    1    1    0    0    1    1    0    1    1    1    1    1    1    1    1    0    1    0    1    1    1    0    0    1    1    0    0    0    0    1    0    0    0    0    0    0    1    1    1    0    0    0    0    0    0    1    1    0    1    0    1    0    0    0    0    0    0    1    1    0    0    0    1    0    0    0    1    1    0    1    0    1    0    1    0    1    1    1    0    0    1    0    0    1    0    0    1    1    1    0    0    0    0    1    0    1    0    0    0    0    0    1    1    0    0    1    1    1    1    0    0    1    0    0    0    
50    0.277489    0.730597    1    1    1    1    1    1    1    0    1    0    0    1    1    1    1    0    0    1    1    1    1    1    1    1    0    1    1    1    1    0    1    1    1    1    1    1    1    1    1    0    0    0    1    1    1    1    1    1    1    1    1    1    1    1    1    1    1    0    1    0    1    1    1    1    1    1    1    1    1    1    1    0    0    1    1    1    1    1    1    0    1    1    1    0    0    1    1    1    0    1    1    1    1    1    1    1    0    1    1    1    1    0    1    1    1    1    0    1    0    1    0    0    0    1    1    1    0    0    1    0    0    0    0    1    1    0    0    1    1    0    0    0    0    0    1    0    0    1    0    0    0    0    0    0    1    0    1    1    0    0    0    1    0    1    0    0    1    1    0    1    1    0    1    1    0    1    0    0    1    0    0    0    0    0    0    0    1    1    0    1    0    0    1    0    0    0    0    1    1    1    0    1    0    0    1    1    1    1    1    0    
50    0.90143    0.866082    1    1    1    1    1    1    0    0    1    1    1    0    1    0    1    1    1    1    1    1    1    0    1    1    1    1    1    1    1    1    1    1    1    0    1    1    1    1    1    1    0    1    0    1    1    1    1    1    1    1    1    1    1    1    0    1    1    1    1    1    1    1    1    1    1    1    1    1    1    0    1    1    1    1    1    1    1    1    1    1    0    1    1    1    1    1    1    1    1    1    1    1    1    1    1    1    1    1    1    1    0    0    0    1    0    0    1    0    0    1    0    1    0    0    0    1    0    1    0    0    1    1    0    0    1    0    0    0    0    1    1    1    0    1    0    0    0    0    0    0    1    1    0    0    0    0    1    0    1    0    0    0    1    0    0    0    0    1    0    1    0    0    1    0    0    0    0    1    0    0    0    0    0    0    0    0    0    0    0    1    0    0    1    1    0    0    0    1    0    0    0    1    0    0    0    1    1    1    0    1    
50    0.544386    0.12973    0    1    1    0    1    0    1    1    1    1    1    0    1    1    1    1    0    1    1    1    1    1    1    1    1    1    1    1    1    1    1    1    1    1    1    1    1    1    1    1    1    0    1    0    1    1    0    0    1    0    0    1    1    1    1    1    1    1    0    1    0    1    1    1    0    1    0    1    0    1    1    1    1    1    1    1    1    1    1    1    0    0    1    1    1    1    1    1    1    1    1    1    0    1    1    1    1    1    1    1    1    0    1    0    0    1    0    1    1    0    1    0    0    0    1    0    0    1    1    1    1    0    0    0    0    1    1    1    1    1    1    0    1    0    1    0    0    1    1    0    0    1    0    0    0    0    1    1    0    0    0    1    0    1    1    0    0    1    0    0    0    0    0    1    0    1    1    0    0    0    1    1    0    1    1    0    0    1    0    0    0    0    1    1    0    1    1    0    0    0    0    1    0    0    0    0    0    0    0    0    
50    0.512816    0.746963    0    1    1    1    1    1    1    1    1    1    1    1    0    1    0    1    1    1    1    0    0    1    1    1    1    0    1    1    1    1    1    1    1    1    1    0    1    1    1    1    1    1    0    1    1    1    1    1    1    0    0    1    1    1    0    1    1    1    1    1    1    1    1    1    1    0    1    1    1    1    1    1    0    1    1    1    1    0    0    1    1    1    1    1    1    1    1    1    1    1    1    1    1    1    1    1    1    0    1    1    0    1    0    1    0    0    1    0    0    0    0    0    1    0    1    1    0    0    1    1    1    0    1    1    1    0    0    1    1    0    0    1    0    0    0    0    0    0    1    1    1    0    1    0    1    0    1    1    0    1    0    1    0    0    0    0    1    0    0    1    0    0    0    1    0    1    1    0    1    1    1    1    1    0    0    0    1    1    1    1    0    1    1    0    0    0    0    1    1    0    0    1    0    0    1    0    0    0    0    1    
50    0.0272898    0.57153    1    1    1    1    1    1    1    1    1    1    0    1    1    0    1    1    0    1    0    1    0    0    0    1    1    1    1    1    1    1    1    1    0    1    1    1    1    1    1    0    1    1    1    1    1    1    1    1    1    1    0    1    1    1    1    1    0    1    1    1    1    1    0    1    0    1    1    1    1    1    1    1    0    1    0    1    1    1    1    0    1    1    0    1    1    1    1    1    1    1    1    1    1    1    1    1    1    0    1    1    0    1    1    0    1    0    0    1    0    0    1    0    1    0    0    0    0    0    1    0    0    1    1    0    1    1    0    0    0    0    1    0    0    1    0    0    1    0    0    0    1    0    1    1    0    0    0    0    0    0    0    1    0    0    1    0    0    1    0    1    0    0    1    0    1    0    1    1    1    0    0    0    1    0    1    0    1    0    1    0    0    0    0    1    0    0    0    0    1    1    0    0    0    0    0    0    0    0    1    0    
50    0.637288    0.764018    1    1    1    1    1    1    0    0    1    0    0    1    1    1    1    1    0    1    1    0    0    1    1    1    1    0    1    1    1    1    1    0    1    1    1    0    1    1    0    1    0    1    1    1    1    1    1    1    1    1    1    1    0    1    1    1    1    1    1    1    1    1    0    0    1    1    0    0    1    0    0    1    1    1    1    1    1    0    1    1    1    1    1    1    0    1    1    0    1    0    1    1    0    1    1    1    1    1    1    1    0    0    1    0    0    1    0    1    1    1    1    0    0    0    0    1    0    0    0    1    0    0    0    0    1    0    0    1    0    1    0    0    0    1    1    0    0    0    0    1    0    1    0    0    0    0    0    1    1    1    1    1    0    0    1    1    0    0    0    1    0    0    0    1    0    0    1    1    0    0    1    0    0    0    0    1    1    1    1    0    0    0    0    0    1    1    0    0    0    1    0    0    0    0    0    0    1    0    0    0    
50    0.365423    0.322843    1    1    1    1    1    1    1    1    0    1    0    0    1    1    1    0    1    1    1    1    1    1    1    1    1    0    1    1    0    1    0    1    1    1    1    1    0    1    0    1    1    1    1    1    1    1    1    1    1    1    1    1    1    1    1    1    1    1    1    0    1    1    1    1    0    1    0    1    1    1    1    0    0    1    1    0    1    1    0    1    1    1    1    1    1    1    1    1    1    1    0    1    1    0    0    1    0    0    1    0    1    1    0    1    0    0    0    1    0    0    0    1    0    0    1    0    0    0    0    1    0    0    0    0    0    1    0    0    1    0    0    0    1    0    0    0    0    1    1    1    1    0    0    1    1    0    1    1    0    1    0    0    1    1    0    0    1    0    0    0    0    1    0    0    0    0    0    0    0    0    0    1    0    0    0    0    1    0    0    0    0    1    0    0    0    0    0    1    0    0    0    0    1    0    0    1    1    0    1    1    
50    0.788762    0.700546    1    1    1    0    1    1    1    1    1    1    1    1    1    0    0    1    1    1    1    0    1    1    1    1    1    0    1    0    1    1    1    1    1    1    1    1    0    1    1    1    0    0    1    0    0    1    1    1    1    1    0    0    1    1    0    1    0    1    1    1    0    1    1    1    1    1    1    1    1    1    0    1    1    1    1    1    1    1    0    0    0    1    1    1    0    1    0    1    1    1    1    0    1    1    1    1    1    1    0    0    0    1    0    0    0    1    0    0    1    0    1    0    1    0    1    0    0    0    1    0    1    1    0    1    0    0    0    0    1    1    1    1    0    1    1    1    1    0    1    0    0    0    0    0    1    0    1    0    0    0    0    0    0    1    0    0    0    0    0    1    0    1    1    1    0    0    0    0    0    1    1    0    0    0    1    0    1    1    0    1    0    1    1    0    0    1    1    1    0    1    0    0    1    0    1    0    0    0    0    0    
50    0.194127    0.626918    1    1    1    1    1    0    0    1    1    1    1    0    1    1    1    0    1    1    0    1    0    1    1    1    1    0    1    1    1    1    1    1    0    1    1    1    0    1    1    1    0    1    1    1    1    1    1    1    1    0    1    1    0    1    0    1    0    0    1    1    1    1    1    1    1    1    1    1    1    1    1    1    1    1    1    1    0    1    0    0    1    1    1    1    0    1    1    1    1    1    1    1    1    1    1    1    0    1    1    0    1    1    0    1    1    0    0    1    0    1    1    0    0    1    0    0    0    0    0    0    0    0    1    1    0    0    1    0    1    0    0    1    1    0    1    1    0    0    0    1    0    1    0    1    0    0    0    0    0    0    0    0    1    1    0    0    0    0    0    0    1    0    1    0    0    0    0    0    0    1    0    0    1    1    0    1    1    0    1    0    0    0    0    0    0    1    0    0    0    0    0    1    0    0    0    0    1    0    0    0    
50    0.359932    0.326161    1    1    1    1    1    0    1    1    1    0    0    0    0    0    1    0    0    0    0    0    1    1    0    1    1    1    1    0    1    1    1    1    1    1    0    1    0    0    1    0    1    1    1    1    1    0    1    1    1    1    1    1    0    1    1    1    1    1    1    1    1    1    1    1    1    1    1    1    0    1    1    1    1    1    1    1    0    1    1    1    1    1    1    1    1    0    1    1    1    0    1    1    1    0    1    1    1    0    0    1    0    1    1    1    1    1    1    0    0    1    0    0    1    0    0    0    0    0    0    1    0    0    0    0    1    0    0    0    0    0    1    0    1    1    0    0    0    0    0    0    0    0    0    0    1    0    0    1    1    1    0    1    0    0    0    0    0    0    0    0    0    0    1    1    0    1    1    1    0    0    1    0    0    0    1    0    1    1    1    0    1    0    0    0    1    0    0    0    1    1    0    0    0    0    1    0    1    1    0    1    
50    0.918643    0.185154    1    1    1    1    1    1    1    1    1    1    1    0    1    1    1    1    0    1    1    1    1    1    1    1    0    0    0    1    0    1    1    0    1    1    1    1    1    1    1    1    1    0    1    1    1    1    1    1    1    0    1    0    1    1    1    1    1    1    1    1    1    1    1    1    1    1    1    1    1    1    1    1    0    1    1    1    1    1    1    1    0    1    1    1    1    0    0    1    1    1    0    0    1    1    1    0    1    1    1    1    0    1    0    0    0    1    1    0    1    0    0    1    1    0    1    0    0    0    0    1    0    0    0    1    1    0    0    1    0    1    0    0    1    0    0    1    0    1    0    1    1    1    0    1    1    0    1    1    0    0    1    1    0    0    0    0    0    0    0    0    0    0    1    0    0    0    1    0    0    0    0    0    0    0    0    1    1    1    0    0    1    0    1    0    0    1    1    1    0    1    0    0    0    1    0    1    0    0    1    1    
50    0.824692    0.553524    1    1    1    1    1    0    1    1    1    0    1    1    1    1    1    1    1    1    1    1    1    1    0    0    1    1    1    1    1    1    0    1    0    1    1    1    1    1    1    1    1    0    1    1    1    1    1    1    1    1    1    1    0    1    1    1    1    1    0    1    0    1    1    1    1    0    0    0    1    1    1    1    1    1    1    1    1    1    1    1    1    0    1    1    1    0    1    1    1    1    1    1    0    1    0    1    1    0    1    0    0    0    0    0    0    0    1    0    0    1    0    0    1    1    1    0    1    1    0    0    0    0    1    1    0    0    0    1    1    0    0    0    0    1    0    1    0    1    0    0    1    1    1    0    0    0    1    0    1    0    0    0    1    0    0    0    1    1    0    0    0    0    0    1    0    0    1    0    0    1    0    0    1    0    1    0    0    0    0    0    0    0    0    0    1    1    1    0    0    1    0    0    0    0    1    1    0    0    0    0    
50    0.412203    0.553906    0    1    1    1    1    1    1    1    1    1    1    0    1    1    1    0    1    1    1    0    1    1    1    1    1    1    1    1    1    1    1    1    1    0    1    0    1    1    1    0    1    0    1    0    1    1    1    1    1    0    1    1    1    1    0    1    1    1    1    1    1    1    1    1    1    0    0    1    1    1    1    1    0    1    1    1    1    1    0    1    0    1    1    1    1    1    1    1    1    0    0    1    0    1    1    1    1    1    1    0    0    0    0    1    0    1    0    0    0    1    1    0    0    0    0    0    0    0    0    0    0    0    1    0    0    0    1    0    0    0    1    0    1    0    0    0    0    0    1    0    1    0    0    0    0    0    0    1    1    0    0    0    1    0    0    0    1    1    1    1    1    0    0    0    0    0    1    0    1    0    0    0    1    1    1    0    0    0    0    0    0    1    0    0    0    0    0    0    1    0    0    0    0    0    1    1    0    0    0    1    
50    0.673679    0.0471058    1    0    1    1    1    0    1    1    1    1    1    1    0    1    0    1    0    1    0    1    1    0    1    1    1    1    1    1    1    1    1    1    0    1    1    1    1    1    1    1    1    1    1    1    1    1    1    1    1    1    0    1    1    0    1    1    1    1    1    0    1    1    1    1    1    1    0    1    1    1    1    1    1    1    1    1    1    0    1    1    1    1    1    1    0    1    1    0    1    1    0    1    1    1    1    1    1    1    0    1    1    0    0    1    0    0    1    0    1    1    1    1    1    0    1    0    0    0    1    1    1    1    1    1    0    1    1    0    1    0    1    0    0    0    0    0    0    0    0    1    1    0    0    0    0    1    0    1    1    1    0    1    0    0    0    0    0    0    0    0    0    0    1    0    1    0    0    1    1    0    0    1    0    1    1    1    0    0    0    1    1    0    1    0    1    0    0    1    0    0    0    0    1    0    1    0    1    0    0    0    
50    0.581032    0.863961    1    1    1    1    1    1    1    1    1    1    1    1    1    1    1    1    1    0    1    1    1    1    1    1    1    1    1    1    1    1    1    1    1    1    0    1    0    1    1    1    1    1    0    1    1    0    1    1    1    1    1    1    0    1    1    1    1    1    1    1    1    1    1    1    1    1    1    1    1    0    1    1    0    1    0    1    1    1    1    1    0    1    0    1    0    1    1    1    1    1    1    1    1    1    1    0    1    1    1    1    1    1    0    0    0    0    1    1    0    0    1    1    0    0    0    0    0    0    0    0    0    1    0    1    0    0    0    0    1    0    0    0    0    0    1    0    0    1    0    0    0    0    0    1    1    1    0    0    1    1    1    0    0    0    0    0    1    1    0    0    1    1    0    1    1    0    0    1    0    0    0    1    0    0    1    1    0    0    0    0    0    0    0    1    1    0    0    1    0    1    0    0    1    1    0    0    0    0    0    0    
50    0.0669174    0.531678    1    0    1    1    1    1    1    1    1    1    1    1    1    1    1    1    1    0    1    1    1    0    1    1    1    0    1    1    1    1    0    1    1    1    0    1    1    0    1    1    1    1    1    1    1    1    1    1    1    1    1    1    1    1    1    0    1    1    1    0    1    1    1    1    0    1    1    1    0    1    1    1    1    1    1    1    0    1    1    1    1    1    1    1    1    1    1    1    1    1    1    1    1    1    0    1    1    0    1    0    1    0    0    0    1    0    0    1    0    1    1    0    0    1    0    0    0    0    0    0    1    0    1    0    1    0    0    0    1    1    0    0    0    0    1    1    0    1    0    1    0    1    1    0    1    1    0    1    0    0    0    0    0    0    0    0    0    1    1    0    0    0    1    0    0    0    0    0    1    1    1    0    0    0    0    0    1    1    1    1    0    0    0    1    0    0    1    0    1    1    1    0    1    1    1    1    0    0    1    0    
50    0.429438    0.413242    1    0    1    0    1    1    1    1    1    1    1    1    1    1    1    0    0    1    1    1    1    1    1    1    1    1    0    0    0    1    1    0    0    1    1    1    1    1    1    1    1    1    1    1    1    1    0    0    1    1    1    1    1    1    0    1    1    0    1    1    1    1    1    1    1    1    1    0    1    1    0    1    1    1    1    0    1    1    0    1    1    1    1    0    1    1    1    1    0    1    1    1    0    0    1    1    0    1    0    1    1    0    0    0    0    0    0    0    0    0    1    1    0    1    0    0    0    0    0    1    1    1    1    0    0    1    0    1    0    0    0    0    0    0    1    1    0    0    0    0    0    0    0    0    0    1    0    1    0    0    1    0    0    1    0    1    0    0    1    0    1    0    0    0    0    0    0    1    1    0    1    0    0    0    0    0    0    0    1    0    0    0    1    0    1    0    0    1    0    0    0    0    0    0    0    0    0    0    0    0    
50    0.925224    0.459028    1    1    1    1    1    1    1    1    1    1    1    1    1    1    1    1    0    1    1    1    1    1    1    1    0    1    1    1    1    1    1    1    1    0    1    1    1    1    0    0    1    0    1    1    1    1    1    1    1    1    0    0    1    1    1    1    1    1    0    0    1    1    1    1    0    1    1    1    1    1    1    0    1    1    1    1    0    1    1    1    1    1    0    1    0    1    1    1    1    1    0    1    1    1    1    1    0    1    1    0    1    0    1    0    0    0    1    1    0    0    0    0    1    1    0    0    1    0    0    1    0    0    1    0    0    0    0    0    0    0    0    1    0    1    0    1    0    1    0    0    1    1    0    0    1    0    0    0    0    1    0    0    0    0    1    1    0    0    0    1    1    0    1    0    0    0    0    0    1    1    1    0    0    0    0    0    1    1    0    0    1    0    1    0    0    1    0    1    0    1    1    0    0    0    1    0    0    1    0    0    
50    0.419475    0.802914    1    1    1    1    1    1    1    1    1    1    1    1    0    1    0    1    1    0    1    1    1    1    1    1    1    1    1    1    1    1    1    1    1    1    0    1    1    0    1    0    0    1    1    1    1    0    0    1    1    1    0    0    1    1    0    1    0    1    1    1    1    1    1    1    1    1    1    0    1    1    1    1    1    1    1    1    1    1    1    1    1    1    0    0    1    1    1    1    1    1    1    1    1    1    1    1    0    1    1    1    1    1    0    0    1    0    0    0    1    0    0    0    0    0    1    1    1    0    1    0    0    0    0    1    1    0    0    0    0    0    0    1    0    1    0    1    1    0    1    1    0    1    0    0    1    0    0    0    1    0    0    1    1    1    1    0    1    0    0    1    0    0    0    0    1    0    0    1    1    1    1    0    1    0    0    1    0    1    0    0    0    0    1    0    0    0    1    0    1    0    0    0    0    0    0    0    1    0    1    0    
50    0.770233    0.163567    1    1    0    1    0    0    1    1    1    1    0    1    1    1    0    1    1    1    1    1    1    0    0    1    0    0    1    0    0    1    1    1    0    1    0    0    1    1    1    1    1    1    0    1    1    1    1    1    1    0    1    1    1    0    1    1    1    1    1    0    1    0    1    1    1    1    1    1    1    1    0    1    0    0    1    1    1    1    0    0    1    1    1    1    1    0    1    1    1    1    1    1    1    0    1    0    1    1    1    0    1    0    0    0    0    0    0    0    1    1    1    0    1    1    1    0    0    0    0    0    1    0    0    1    0    0    0    0    0    0    1    0    1    0    0    1    0    0    0    0    0    0    0    1    1    0    1    0    0    0    0    1    0    0    1    0    0    1    0    0    1    1    1    1    0    1    0    0    1    0    0    1    0    1    1    1    1    1    0    1    0    1    0    1    0    0    0    0    0    1    0    0    0    0    0    0    1    1    0    0    
50    0.673115    0.372163    1    0    1    1    1    1    1    1    1    1    1    1    1    1    0    1    0    1    1    1    1    1    1    1    1    1    1    1    0    1    1    1    1    1    1    1    1    1    1    1    1    0    1    1    1    1    1    1    1    1    1    1    1    1    1    1    1    1    1    0    1    1    0    1    1    1    0    1    1    1    1    1    1    1    1    1    1    0    1    1    1    0    1    1    1    1    1    0    1    1    0    1    0    1    1    0    1    1    1    1    0    0    1    0    0    1    0    0    0    1    0    1    0    1    0    0    0    0    1    0    0    0    1    0    0    1    0    0    1    1    1    0    1    0    1    0    0    0    1    0    1    1    0    0    0    1    1    1    1    0    0    0    1    1    0    1    1    1    0    0    1    1    0    1    0    0    0    0    1    0    1    1    0    0    1    0    1    0    0    1    0    0    1    0    0    0    0    0    0    0    1    0    0    0    1    1    0    0    1    1    
50    0.0854631    0.185681    0    1    1    1    0    1    1    1    1    0    1    0    0    1    0    0    1    0    1    1    1    1    1    1    1    1    1    1    1    1    1    0    1    1    1    1    1    1    1    1    1    1    1    1    1    1    1    1    1    1    1    1    1    1    1    1    1    1    0    1    1    1    1    1    0    1    1    1    1    1    1    1    1    0    1    1    1    1    1    1    1    0    1    1    0    1    1    1    1    0    1    0    0    1    1    1    1    1    1    1    1    0    0    0    0    0    0    0    0    1    1    1    0    1    0    0    0    1    1    0    1    0    0    1    0    1    0    0    1    1    0    1    1    0    0    0    1    1    0    1    1    1    0    0    0    0    1    1    1    1    0    1    1    0    1    0    0    0    0    1    0    0    1    0    0    1    1    1    0    0    0    0    0    1    0    1    1    0    1    1    0    1    0    0    1    0    1    1    0    0    1    0    1    0    1    0    1    1    0    0    
50    0.708152    0.368977    1    1    1    1    0    1    1    1    1    0    1    1    1    1    0    1    0    0    1    1    1    1    1    1    1    0    1    1    1    1    1    1    1    1    1    1    0    1    0    1    1    0    1    0    0    0    1    1    1    1    1    1    0    0    1    1    1    1    1    0    1    1    1    1    1    1    1    1    1    1    1    0    1    1    1    1    1    1    1    0    1    0    1    1    1    1    1    1    1    1    1    1    1    1    1    1    1    1    1    0    1    1    0    0    1    1    0    1    1    1    0    0    1    0    0    0    1    0    0    0    0    0    1    0    0    0    1    1    1    0    1    0    0    1    1    1    0    0    0    0    1    1    0    0    0    0    0    0    1    0    1    0    1    0    0    0    0    1    0    0    1    1    1    0    0    0    1    1    1    0    0    0    0    0    0    0    0    1    0    0    0    1    0    0    0    0    1    0    0    0    0    0    0    1    0    1    1    0    0    1    
50    0.587336    0.480048    1    1    1    1    1    1    1    1    1    0    0    0    1    1    1    1    0    1    1    1    1    1    1    1    1    0    1    1    0    1    0    1    1    0    1    1    0    1    1    1    0    1    1    1    1    1    1    1    1    1    1    1    1    1    1    1    0    0    1    1    1    1    1    1    1    1    1    1    1    1    1    0    1    1    1    1    1    1    1    1    1    1    1    0    0    1    1    1    0    0    1    1    1    1    0    1    0    1    1    0    1    0    0    0    1    0    1    0    0    1    0    0    1    1    0    0    0    0    0    0    1    0    0    0    1    1    1    0    0    1    1    0    0    0    0    0    0    0    0    0    1    0    0    1    1    1    0    0    0    1    0    0    0    0    1    0    0    0    1    0    1    0    0    1    0    0    1    0    0    0    0    1    0    1    0    0    0    0    1    1    0    0    0    1    1    1    0    0    0    1    0    0    0    1    0    0    1    1    1    0    
50    0.107446    0.676528    0    1    1    1    1    1    1    1    1    1    1    1    1    0    1    1    1    0    0    0    1    0    0    0    1    1    1    1    1    1    1    1    0    1    1    1    1    1    1    1    1    1    1    1    1    1    1    0    1    1    1    1    1    1    1    1    1    1    1    1    1    1    1    1    1    0    1    1    1    1    1    0    1    0    1    1    1    0    0    1    1    1    1    1    1    1    0    1    0    1    1    1    1    1    1    1    1    1    1    1    0    1    0    0    0    0    0    1    0    0    0    0    1    1    1    1    0    0    1    1    0    0    0    0    0    0    0    1    0    0    0    0    0    1    0    0    1    1    0    0    1    0    0    0    0    0    1    1    1    1    0    0    1    1    0    1    0    0    0    0    1    1    1    1    0    1    1    0    0    0    0    1    1    0    1    1    1    0    1    1    0    0    0    0    1    0    0    0    0    0    1    1    0    0    0    0    0    0    1    1    
50    0.544073    0.0397468    1    1    1    1    1    1    1    1    0    1    1    1    1    1    1    1    1    1    0    1    0    1    1    1    0    1    1    1    0    1    1    1    1    1    1    1    1    1    1    0    1    0    1    1    1    1    1    1    1    1    1    1    1    1    1    0    1    1    0    1    1    1    1    1    1    0    1    1    1    1    1    1    0    1    1    0    1    1    0    1    1    0    1    1    1    1    1    1    1    1    1    1    1    1    1    1    1    1    1    1    1    1    1    1    0    0    1    0    0    1    0    0    0    0    1    0    0    1    1    0    0    0    1    1    0    1    1    1    0    0    1    1    0    1    1    1    0    0    0    0    0    0    0    1    0    0    0    1    0    0    0    0    0    0    1    1    1    1    0    1    1    0    0    1    1    0    0    0    0    0    0    0    0    0    0    0    0    0    0    0    0    0    0    0    1    1    1    0    1    1    0    1    1    0    1    1    1    0    1    0    
100    0.664394    0.131874    1    1    1    1    1    1    1    0    1    1    1    1    1    1    0    1    1    1    1    1    1    1    1    1    1    1    1    1    1    1    1    0    1    1    1    1    1    1    1    1    1    1    1    1    1    0    1    1    1    1    1    0    1    1    1    1    1    1    1    1    1    1    1    1    1    1    1    1    1    1    1    1    1    1    0    1    1    1    1    1    1    1    1    1    1    1    0    1    0    1    1    1    1    1    1    1    1    1    1    0    0    0    1    0    1    1    0    0    0    0    1    1    0    1    1    0    0    1    0    0    0    0    0    0    0    1    1    0    0    0    0    0    0    0    0    0    1    0    1    1    0    0    1    1    1    0    0    0    0    0    1    0    0    1    0    1    1    0    1    0    0    1    0    1    0    1    1    1    1    0    0    0    0    0    0    1    0    0    0    0    0    0    1    1    0    0    0    0    0    0    0    0    0    0    0    0    0    1    1    0    
100    0.396493    0.986772    1    1    1    1    0    1    1    1    1    0    1    1    1    1    1    1    1    1    1    1    1    1    0    1    1    1    1    1    1    1    0    0    1    1    1    0    1    1    1    0    1    1    0    1    1    1    1    1    1    0    1    1    1    1    0    1    0    1    1    1    1    1    1    1    1    0    0    1    1    1    1    1    1    1    0    1    1    1    1    1    1    1    0    1    1    1    1    1    1    1    1    1    1    1    0    0    1    1    1    1    0    1    1    0    0    1    1    0    0    0    1    0    0    1    0    0    0    0    1    0    0    0    1    0    0    1    0    0    0    0    0    1    0    0    0    0    0    0    0    1    1    1    0    1    0    1    0    1    0    0    0    0    0    0    0    1    1    0    0    1    0    0    0    0    1    0    1    1    0    1    0    0    1    0    0    0    0    0    1    1    1    1    0    0    0    1    0    0    0    0    1    0    1    0    1    0    0    0    1    1    
100    0.671523    0.979715    1    1    1    1    0    1    1    1    1    1    1    0    1    1    1    1    1    1    1    1    1    1    1    1    1    1    0    1    1    0    1    1    1    0    1    1    1    1    1    1    1    0    0    1    0    1    1    1    1    1    1    1    1    1    1    1    1    0    1    1    1    1    1    1    1    0    1    1    1    1    1    1    1    0    1    1    1    1    1    1    0    1    1    1    1    1    1    0    1    1    1    1    1    1    1    1    1    1    1    0    0    1    1    1    1    0    1    1    0    1    0    0    0    1    1    1    1    0    1    1    1    0    0    0    0    0    0    0    1    0    1    0    0    0    0    1    1    0    1    0    0    0    0    0    1    0    0    1    0    0    0    0    1    1    1    1    1    0    0    1    0    0    0    1    1    1    1    1    1    0    0    0    0    1    0    0    0    1    0    1    0    0    0    1    0    1    0    1    0    0    0    1    1    0    0    0    0    0    0    0    
100    0.363709    0.281691    0    0    0    1    1    1    0    1    1    1    1    1    1    0    1    1    1    1    1    0    1    1    1    1    0    1    1    1    1    1    1    1    1    1    1    0    1    0    1    1    1    0    1    0    1    1    1    0    1    1    1    1    0    1    1    1    1    1    1    0    1    1    1    1    0    1    1    1    1    1    0    1    1    1    0    0    0    1    1    1    1    1    1    1    1    1    1    0    0    1    0    1    1    1    1    0    0    0    1    0    0    1    1    0    0    0    1    0    0    0    0    0    1    0    0    1    0    0    1    0    0    0    0    1    0    1    1    0    0    1    1    1    1    0    1    1    0    0    0    0    0    0    1    0    0    1    1    0    1    1    0    0    0    1    1    0    1    0    1    0    1    0    0    0    0    0    0    1    0    0    1    1    1    1    1    0    0    0    0    0    0    0    1    0    0    0    1    0    0    1    1    0    0    0    1    0    0    1    0    0    
100    0.209318    0.289662    1    1    1    1    1    1    0    1    1    1    0    1    0    0    1    0    1    1    1    1    1    1    1    0    1    1    1    1    1    1    1    1    1    1    1    1    1    1    1    0    1    1    1    1    1    1    1    1    1    0    0    1    1    1    1    1    1    1    1    1    1    1    1    1    1    1    1    1    0    1    1    1    0    1    1    1    1    1    0    0    1    1    1    1    1    1    0    1    1    1    1    1    0    0    1    0    1    1    1    0    1    0    0    0    1    0    0    0    0    1    0    0    1    0    0    1    0    1    0    0    1    1    0    0    0    0    1    1    0    0    0    1    0    1    0    0    0    0    0    0    1    1    1    0    0    0    1    1    0    1    0    0    0    0    1    0    0    0    0    1    1    1    1    0    0    1    1    0    1    0    1    0    1    1    1    1    0    1    1    0    1    0    0    0    1    1    0    1    0    0    0    0    0    0    0    0    0    1    0    1    
100    0.62758    0.327082    1    1    1    1    0    1    0    1    1    1    1    1    0    1    1    0    1    0    1    1    0    1    1    0    1    1    1    1    1    0    1    1    1    1    0    0    0    0    1    1    0    1    0    0    1    1    1    0    1    1    1    1    1    1    1    1    1    1    0    1    1    0    1    1    1    0    1    0    1    1    1    1    1    0    1    1    1    1    1    1    1    1    0    1    0    1    1    1    1    1    1    1    1    1    0    1    0    1    1    1    1    0    1    1    1    0    1    1    0    0    1    1    1    0    1    0    1    0    1    0    0    1    1    0    0    0    0    0    0    0    0    0    1    0    0    0    0    0    1    0    1    0    0    0    0    0    1    1    1    0    1    0    1    0    1    0    1    0    1    0    0    0    0    1    1    0    1    0    0    0    1    1    0    1    1    0    0    1    0    0    0    0    0    0    0    1    1    1    1    0    0    1    1    0    0    1    1    0    0    1    
100    0.998341    0.212745    1    1    1    1    1    1    1    1    1    1    1    0    1    1    0    1    1    1    1    1    1    1    1    1    0    1    0    0    1    1    1    1    1    1    1    1    1    1    1    0    1    1    0    1    0    1    1    0    1    1    1    1    1    1    0    1    1    1    1    1    1    1    0    1    0    0    1    1    1    1    1    1    1    1    1    0    1    1    1    0    1    0    1    0    1    1    1    1    1    0    0    0    0    1    1    1    1    1    1    1    0    1    1    1    0    0    0    0    0    0    0    0    0    0    0    0    0    1    1    1    0    0    0    0    0    1    1    1    1    0    0    0    0    0    1    1    0    0    0    0    0    1    1    0    1    1    0    1    0    0    0    1    0    0    0    0    0    0    0    1    0    0    1    0    0    0    0    0    1    0    0    1    0    1    1    1    0    0    0    0    0    0    0    0    1    0    0    0    0    1    1    1    1    0    1    0    0    0    0    1    
100    0.845659    0.831558    1    0    1    1    1    1    1    1    0    0    1    1    1    0    0    1    1    1    1    1    1    0    1    1    1    1    1    0    1    1    1    1    1    1    0    0    1    1    1    1    1    1    1    1    0    1    1    1    1    1    0    1    1    0    1    1    1    1    0    1    1    1    1    1    1    1    1    1    1    1    1    1    1    1    0    0    1    1    1    0    1    1    1    1    1    1    1    1    1    1    0    0    1    1    1    1    1    1    1    1    1    0    1    0    0    1    0    0    1    1    0    1    1    1    0    0    0    0    0    1    1    0    1    0    0    0    1    0    1    0    1    0    1    1    1    0    1    0    1    1    1    0    0    0    0    0    0    0    0    1    0    0    0    0    0    0    0    0    1    1    0    0    0    0    0    0    0    1    0    0    1    1    0    1    0    1    0    0    0    0    0    0    0    1    0    1    0    0    0    0    0    0    1    1    1    0    1    1    1    1    
100    0.486716    0.459142    1    1    0    1    0    0    0    1    1    1    1    1    0    0    1    1    0    1    1    1    1    1    1    1    1    0    1    1    1    0    1    1    0    0    1    1    0    1    1    0    1    1    1    1    1    0    1    0    1    1    1    0    1    0    0    1    1    1    1    1    1    1    1    1    1    1    1    1    1    0    1    1    1    1    1    1    1    1    0    1    1    1    1    1    1    1    1    1    1    1    1    1    1    1    0    1    1    1    1    0    0    0    1    0    1    1    1    0    1    1    1    1    0    1    0    1    1    0    1    1    1    0    0    0    0    1    0    1    0    0    0    1    1    0    0    0    1    1    1    1    1    1    0    0    0    0    0    0    1    0    0    1    0    0    1    1    0    0    0    0    0    0    1    0    0    1    0    0    0    1    1    1    0    0    0    1    0    0    0    0    0    0    1    0    0    1    1    1    0    1    0    0    1    1    0    0    1    1    1    0    
100    0.35059    0.705055    1    1    1    1    0    1    1    1    0    1    0    1    1    1    1    1    1    0    0    1    0    1    1    1    1    1    1    1    1    1    0    0    1    1    1    0    1    0    1    0    1    1    1    1    1    1    1    1    1    1    1    0    1    0    1    1    1    0    1    1    1    0    0    1    1    0    1    0    1    1    1    1    1    1    1    1    1    1    1    1    1    1    1    1    1    1    1    1    1    1    1    1    1    1    1    1    1    1    1    1    0    0    0    0    0    0    0    0    1    0    0    1    1    0    0    0    0    1    0    1    0    1    0    0    0    1    0    0    0    0    0    0    1    0    0    0    0    1    1    1    0    0    0    1    1    0    1    1    1    1    1    0    1    0    0    0    0    0    1    0    1    0    1    1    0    0    1    0    1    0    0    0    1    1    0    1    1    1    0    0    1    0    0    0    0    0    1    0    0    1    1    0    0    0    0    0    0    1    0    0    
100    0.0314129    0.617713    1    1    1    1    1    0    1    1    1    0    1    0    1    1    0    0    1    1    0    1    1    1    1    1    1    1    1    0    1    1    1    1    1    1    1    1    1    1    1    1    1    1    0    1    0    0    0    1    1    1    1    1    1    1    1    1    0    1    1    1    1    1    1    1    1    1    0    0    1    1    1    1    0    1    0    1    1    1    1    0    0    1    1    1    1    1    1    1    1    1    1    1    1    0    1    1    1    1    1    1    1    0    1    1    0    0    1    0    1    0    1    0    0    0    0    1    1    0    0    0    0    1    0    0    1    1    0    0    0    0    0    0    0    1    1    1    0    1    0    0    1    0    1    0    0    0    0    1    1    0    0    1    1    1    0    0    1    0    0    1    0    1    0    0    0    0    1    1    1    0    0    0    1    0    1    0    0    0    1    0    0    1    0    1    0    1    0    0    0    1    0    1    0    0    0    0    1    1    0    1    
100    0.526968    0.482267    1    0    1    1    1    1    1    1    1    1    1    1    1    0    1    1    1    1    0    1    1    1    0    1    0    1    1    1    1    0    1    0    1    1    1    1    1    1    1    1    1    1    1    1    1    0    1    0    1    1    1    1    1    0    0    0    1    1    0    1    1    1    1    1    1    1    1    1    1    1    0    1    1    0    1    0    0    1    0    1    1    1    1    1    1    1    1    1    0    1    1    1    0    1    1    1    1    1    1    1    1    1    0    1    0    0    0    0    1    1    0    1    0    0    1    0    0    1    1    0    0    1    1    0    0    0    0    0    0    0    1    1    0    1    1    0    1    0    0    1    0    1    0    0    1    1    0    0    0    0    0    0    1    0    0    1    0    0    0    0    0    0    0    0    0    1    1    0    0    0    1    1    0    0    0    1    1    1    0    1    0    1    0    1    1    0    0    0    0    0    0    0    1    0    0    0    0    0    0    1    
100    0.818382    0.44239    1    0    0    1    1    0    0    1    0    1    1    1    1    1    1    1    0    1    1    1    0    1    1    1    1    1    1    1    0    1    1    1    1    1    1    1    1    1    1    1    1    1    1    1    1    1    1    1    1    1    1    1    1    1    0    0    0    1    1    1    1    1    1    1    0    1    1    1    0    1    1    1    1    1    0    1    1    1    1    1    1    1    1    1    1    1    1    1    1    1    1    0    1    1    1    1    1    1    1    0    1    0    0    0    0    1    0    0    1    0    0    0    0    0    0    1    1    0    1    0    0    1    0    0    0    1    0    0    0    0    0    0    0    0    0    0    0    0    0    0    1    0    0    1    0    1    0    1    0    1    0    0    0    0    0    1    0    0    0    0    0    1    0    1    0    0    1    1    1    1    0    1    0    1    0    1    0    0    0    1    1    0    0    0    1    0    0    1    0    1    0    1    0    0    0    0    0    1    0    0    
100    0.516488    0.481751    1    1    0    1    1    1    1    0    1    0    0    1    0    0    1    1    1    1    0    0    0    1    1    1    1    0    1    1    0    0    1    0    1    1    0    0    1    1    1    1    1    1    0    1    1    0    0    1    1    1    1    1    0    0    1    1    1    1    1    0    1    1    1    1    0    0    1    1    0    1    1    1    1    1    0    0    1    0    1    1    1    1    1    1    0    1    1    0    1    1    0    1    1    1    1    1    1    1    1    0    0    1    1    0    1    1    0    1    1    1    1    0    0    1    1    0    0    1    1    1    0    1    1    0    0    0    1    0    1    0    0    1    1    0    1    0    1    1    0    1    0    0    1    1    0    0    0    1    1    1    0    0    1    0    0    0    1    0    1    1    0    0    0    0    1    1    1    0    0    0    1    1    1    1    1    0    0    0    1    1    1    0    1    0    1    0    0    0    0    0    0    0    1    0    0    1    0    0    0    0    
100    0.48692    0.603735    1    1    0    0    1    0    1    1    1    0    1    1    1    0    1    0    0    1    1    1    1    1    0    1    1    1    1    1    1    1    1    1    0    1    1    0    1    1    1    1    1    0    1    0    1    0    0    1    1    1    1    1    1    0    1    1    1    1    1    1    1    0    0    1    0    0    1    1    0    1    1    0    1    1    1    1    1    1    0    1    1    1    0    1    0    1    1    1    0    1    0    1    1    1    0    1    1    1    1    1    0    1    1    0    1    0    0    0    1    1    0    0    0    1    0    0    0    1    0    1    1    0    1    0    0    0    0    1    0    0    0    0    1    1    0    1    0    0    0    0    0    0    0    1    0    0    1    0    1    1    0    0    1    1    1    0    0    1    0    1    1    1    0    1    0    0    0    1    1    0    0    1    0    0    1    0    1    1    1    0    1    0    0    0    0    0    0    0    1    0    1    0    0    0    1    0    0    0    1    0    
100    0.30745    0.343138    1    1    1    0    1    1    1    1    1    1    1    1    0    0    0    1    1    0    1    1    1    1    0    1    1    1    1    1    1    1    1    0    0    1    1    0    1    1    0    1    1    1    0    0    0    1    1    0    1    1    1    1    1    1    1    1    1    1    1    1    0    1    1    0    1    1    1    1    1    1    1    1    1    1    1    1    1    0    1    1    1    1    0    1    1    0    1    1    1    1    1    1    1    0    1    0    1    1    1    1    1    0    0    1    0    0    0    1    1    1    0    1    0    0    1    1    0    1    1    0    0    0    0    1    0    0    0    0    0    0    0    0    0    0    1    1    0    1    0    1    0    1    0    0    0    1    0    1    1    1    0    1    1    0    0    0    1    0    0    1    0    0    0    1    0    0    1    0    0    1    0    0    1    0    1    1    0    0    1    0    0    0    1    0    0    0    0    1    0    0    0    1    1    1    0    1    0    1    1    0    
100    0.619465    0.0237464    1    1    0    1    1    1    1    1    1    1    1    1    1    1    1    1    1    1    1    1    1    1    1    1    1    1    0    1    0    1    1    0    1    1    1    1    0    1    1    1    1    0    1    1    1    1    1    1    1    1    1    1    1    1    1    1    1    1    1    1    1    1    1    1    1    1    1    1    1    0    1    1    1    0    1    1    0    1    1    1    1    1    1    1    1    0    1    1    1    1    1    1    1    1    0    1    1    1    1    1    0    0    0    0    1    1    1    0    0    0    1    0    0    1    1    1    0    0    0    1    1    1    0    0    0    0    0    0    0    0    1    1    0    0    1    1    1    0    1    0    1    1    0    0    0    0    0    1    0    0    1    1    1    0    0    0    1    1    1    0    1    0    0    0    0    0    0    1    0    1    0    1    0    1    0    0    0    0    0    1    0    0    0    1    0    1    1    0    1    0    0    1    1    1    1    0    0    1    0    0    
100    0.27699    0.14177    1    1    1    1    0    0    1    1    1    0    1    0    0    1    1    0    1    1    1    1    1    1    0    1    1    1    1    1    1    1    1    1    1    1    0    1    1    1    1    0    1    0    1    1    1    1    1    1    1    1    1    0    1    1    1    1    1    1    0    1    1    0    1    1    1    1    1    1    0    1    1    1    0    1    1    1    1    1    1    1    1    0    1    1    1    1    1    0    1    0    0    1    1    1    0    1    1    1    1    1    1    0    0    0    0    1    0    1    0    1    0    0    1    0    1    1    1    0    0    0    0    1    0    0    0    1    0    0    0    0    0    0    1    1    1    0    1    1    0    1    0    0    0    0    0    0    0    1    1    0    0    0    0    0    1    0    1    0    0    0    0    0    0    0    0    0    1    0    0    0    0    0    0    1    0    0    0    1    1    0    1    0    1    0    1    0    0    0    0    1    0    0    0    0    1    1    0    0    0    0    
100    0.475238    0.855574    1    1    1    1    1    0    1    1    1    1    0    1    1    1    1    1    1    1    1    1    1    1    1    0    1    1    1    1    1    1    1    1    0    1    1    1    1    1    1    1    0    1    1    0    1    1    1    1    1    0    1    1    1    1    0    1    1    0    0    1    1    1    1    0    1    1    1    1    1    0    0    1    1    1    1    1    1    1    1    1    0    1    1    0    1    1    1    1    1    1    1    1    1    1    1    0    1    1    1    1    0    0    1    0    1    0    1    0    1    0    0    0    1    1    1    1    0    1    1    1    1    1    0    1    0    0    1    0    0    0    1    1    0    1    1    1    0    0    1    0    0    0    0    0    0    1    0    0    0    0    1    1    1    1    0    0    0    1    0    0    1    0    0    1    0    0    0    0    1    0    0    1    1    0    0    0    0    1    0    1    0    0    1    1    0    0    0    1    0    0    0    1    0    1    1    0    0    0    1    1    
100    0.645529    0.932774    1    1    1    1    1    1    1    0    1    1    1    1    1    1    1    1    1    0    1    1    1    1    1    1    1    0    1    1    1    1    1    1    1    1    1    1    1    0    1    1    1    1    1    1    1    1    1    1    1    0    1    1    1    1    1    1    1    1    1    1    1    1    1    1    1    1    1    0    0    1    1    1    1    1    1    1    1    1    1    1    0    1    1    1    1    1    1    1    1    1    1    1    1    0    1    1    1    1    1    1    0    0    0    0    1    0    1    0    0    0    0    0    1    1    1    0    1    1    0    0    1    0    0    1    0    0    1    1    0    0    0    0    0    0    0    0    0    0    0    0    1    0    0    1    0    1    1    1    1    0    1    0    0    0    0    0    0    0    0    1    0    0    1    0    0    1    1    0    0    1    0    1    1    1    1    1    1    0    0    0    1    0    0    1    0    0    0    0    0    0    0    1    1    0    0    1    1    1    1    1    
100    0.540924    0.711529    1    0    1    1    0    1    1    1    1    1    1    1    0    1    1    1    1    1    1    1    0    1    1    1    0    1    1    1    1    1    0    1    0    1    1    0    1    1    0    1    1    0    0    0    1    1    1    1    1    1    1    1    1    1    1    1    1    1    1    1    1    1    1    1    1    1    1    1    1    1    1    0    1    1    1    1    1    1    1    1    1    1    1    1    1    1    1    1    0    1    1    1    1    1    0    1    1    0    1    1    0    0    0    1    0    0    1    0    1    0    0    0    1    1    1    1    1    0    1    0    0    1    0    1    0    0    0    1    0    1    0    0    1    0    1    1    0    1    0    0    0    0    0    0    1    0    1    0    0    0    1    1    1    1    1    0    0    0    0    1    0    0    0    1    0    0    0    1    1    0    1    0    0    1    0    0    0    1    1    0    1    0    0    0    1    1    0    0    0    1    0    1    1    0    1    1    1    0    0    1    
100    0.152814    0.117698    1    1    1    1    1    0    1    1    1    1    1    1    1    1    1    1    1    1    0    1    1    1    1    1    1    1    1    1    1    1    1    1    1    1    1    1    1    1    1    1    1    1    1    1    1    1    1    1    0    1    0    0    1    1    1    1    1    1    1    1    1    1    1    1    1    1    1    1    1    1    1    0    1    1    1    0    1    1    1    1    0    1    1    1    1    1    1    1    1    0    0    1    1    1    1    1    0    0    1    0    1    0    0    1    0    1    0    1    0    0    0    0    0    0    1    1    0    0    0    1    0    0    0    1    0    0    1    1    0    0    1    1    0    0    0    1    1    1    1    1    0    1    0    1    0    0    0    1    0    1    1    1    1    1    0    1    0    1    0    1    0    1    0    1    1    1    1    1    0    1    1    1    0    1    0    1    1    0    1    0    0    1    0    0    0    0    1    0    0    0    0    0    1    1    0    0    0    1    0    1    
100    0.202332    0.848809    1    1    1    1    1    1    1    1    1    1    0    1    1    1    0    1    1    1    0    1    1    1    1    1    1    1    1    1    1    1    1    1    1    1    1    1    1    1    1    1    1    1    1    1    0    1    1    1    1    1    1    1    1    1    1    1    1    1    0    0    0    1    1    0    1    1    1    1    1    0    1    1    1    1    0    1    1    1    1    1    1    1    1    0    1    1    1    1    1    1    1    1    1    1    1    1    1    1    1    0    1    0    0    0    0    0    1    1    0    1    0    0    0    0    0    0    0    1    0    1    0    1    0    1    0    1    0    1    1    1    0    0    0    0    0    1    0    0    1    1    0    0    1    0    1    0    1    1    0    1    0    0    0    0    0    1    1    0    0    1    0    1    0    0    0    0    0    0    0    0    0    0    1    0    0    0    0    0    1    1    0    1    0    0    0    1    1    0    1    0    1    0    0    1    0    0    0    0    0    1    
100    0.218922    0.106376    1    1    0    0    1    0    1    0    1    1    1    0    1    1    1    0    1    1    0    1    0    1    1    0    1    1    1    0    1    1    0    0    0    1    1    1    1    1    0    1    1    1    1    1    1    0    0    1    1    1    0    0    1    1    0    0    1    1    1    1    1    1    1    1    1    1    1    1    1    0    1    1    1    0    1    0    1    1    1    1    1    1    1    0    0    0    1    1    1    1    1    1    1    1    1    0    1    1    0    0    0    0    0    0    0    0    0    1    0    1    1    0    0    0    1    1    0    0    0    0    0    0    0    1    0    1    0    0    1    1    0    0    0    0    0    0    0    1    0    1    0    0    0    0    0    1    1    1    1    1    0    1    1    1    0    1    1    0    1    1    1    1    0    1    0    1    1    0    0    0    0    0    1    1    0    0    1    0    0    0    0    1    0    1    1    0    0    0    1    1    0    0    0    0    0    0    0    0    0    0    
100    0.871031    0.521403    1    1    1    1    1    0    1    1    1    1    1    1    1    1    1    0    1    0    0    1    1    0    1    0    1    0    1    1    0    1    0    1    1    0    1    1    1    1    1    1    1    1    1    1    1    0    1    1    1    0    1    1    1    1    1    1    0    1    1    1    1    1    1    1    0    1    1    1    1    0    1    1    1    1    1    1    1    1    1    1    0    1    1    1    1    1    1    1    1    1    0    1    1    0    1    1    1    1    0    1    0    0    0    1    1    0    0    1    0    0    0    0    0    0    0    1    0    1    0    0    1    0    0    0    1    0    0    1    0    0    0    0    1    0    0    1    1    1    0    1    0    0    0    0    0    0    0    1    0    1    0    0    1    0    1    0    0    0    0    0    0    1    1    0    0    0    1    0    1    0    0    1    0    1    1    0    0    1    0    0    1    0    0    0    0    0    1    0    0    1    1    1    0    0    1    0    1    1    0    0    
100    0.958617    0.163098    1    1    1    1    1    1    1    1    1    1    0    0    1    1    1    1    1    1    1    1    1    1    1    1    1    0    1    1    1    1    1    1    1    1    1    1    1    1    1    1    1    1    1    1    1    1    1    1    1    1    1    1    1    1    1    1    1    1    1    1    1    1    1    1    1    1    1    1    0    1    0    1    1    1    1    1    1    1    1    1    1    1    0    1    1    1    1    1    1    1    1    1    1    1    1    1    1    0    1    1    1    1    0    1    0    0    1    1    0    0    0    1    0    0    1    0    1    0    1    0    1    0    1    1    0    0    1    0    1    1    0    1    1    0    1    0    1    1    0    0    1    0    0    0    1    0    0    0    0    0    1    0    0    0    0    0    1    0    1    0    1    1    0    1    0    1    0    1    0    0    0    0    1    1    0    1    0    0    0    1    0    1    1    0    0    0    0    0    1    1    0    0    1    0    0    0    1    0    1    1    
100    0.799189    0.962569    1    0    0    0    1    1    1    1    1    1    1    0    1    1    1    1    1    0    1    1    1    1    1    1    1    1    1    1    0    0    1    1    1    1    1    0    1    1    1    1    1    1    1    1    1    1    1    1    1    1    1    0    1    1    0    1    1    1    0    1    1    0    1    1    0    0    1    1    1    1    1    1    1    1    0    0    1    0    1    1    1    1    1    0    1    0    1    1    1    1    0    1    0    1    1    1    1    1    0    1    0    1    1    0    0    0    1    0    1    1    0    0    0    1    0    0    1    1    0    1    1    1    0    0    1    0    0    1    0    0    0    0    0    0    0    0    1    0    0    0    1    1    1    0    0    0    0    1    0    1    0    0    0    0    0    0    0    1    1    1    0    1    1    0    0    1    0    0    0    0    0    0    0    0    0    0    0    0    0    0    1    0    0    0    1    0    0    1    0    0    1    0    1    0    1    1    1    0    1    0    
100    0.701942    0.178302    1    1    1    1    1    0    1    1    1    1    1    1    1    0    1    1    1    1    1    1    1    1    1    1    1    1    1    1    0    0    1    0    1    1    1    1    1    1    1    1    1    0    1    1    0    1    1    1    1    0    1    1    1    1    0    1    1    1    1    1    1    0    0    1    1    1    1    1    1    1    1    1    1    1    1    1    1    1    1    1    1    1    1    1    1    0    0    1    0    1    1    1    1    1    1    1    1    1    1    1    0    1    0    0    1    0    1    0    0    1    0    1    0    0    0    1    1    1    1    0    1    1    0    0    0    0    0    0    0    0    0    1    0    1    0    1    1    1    1    1    1    0    1    1    0    0    1    0    0    0    0    0    0    0    0    1    0    0    0    0    0    0    1    0    0    0    0    1    0    0    0    1    0    1    0    0    0    0    1    0    0    0    0    0    0    0    0    0    0    1    1    1    0    1    0    1    0    0    1    0    
100    0.249094    0.581975    1    1    1    1    0    0    1    1    0    1    1    1    1    1    1    1    1    1    1    1    0    1    1    0    1    1    1    1    1    1    1    1    1    1    1    1    1    1    0    1    1    1    0    1    1    1    1    1    1    1    1    1    1    1    1    1    1    0    1    1    1    1    1    1    1    1    1    1    0    1    1    1    1    1    1    1    0    1    1    1    1    0    1    1    1    1    1    1    1    1    1    1    1    1    1    1    1    1    1    1    0    0    0    0    0    0    0    0    0    0    1    1    1    0    0    0    0    1    1    0    0    0    1    1    0    0    0    0    1    1    1    0    0    1    1    0    0    0    0    0    0    1    0    1    1    0    0    0    1    0    0    0    0    0    1    0    0    1    1    0    0    0    1    0    0    1    1    0    1    0    0    0    1    0    1    0    1    0    0    1    1    0    1    1    0    0    0    0    0    0    0    1    0    0    0    0    0    0    1    1    
100    0.0508875    0.995403    1    1    1    1    1    1    1    1    1    1    1    0    1    1    1    1    1    1    1    0    1    1    1    1    1    1    1    1    1    0    1    1    1    1    1    0    1    0    1    1    0    1    1    1    1    1    0    1    1    1    0    1    1    1    1    1    1    1    0    1    1    1    1    1    1    1    1    1    0    1    1    1    1    1    1    1    1    1    1    1    1    1    1    1    1    1    1    1    1    1    1    1    1    1    1    1    1    1    1    1    0    0    0    0    0    1    1    0    0    0    1    1    1    0    1    0    0    0    0    0    1    1    0    0    1    1    0    0    0    0    0    0    0    1    0    1    0    1    0    0    1    0    0    0    0    0    0    0    1    1    0    0    1    1    1    0    0    0    0    0    0    1    1    0    0    0    1    0    1    1    1    1    0    1    1    0    1    0    0    1    0    0    0    0    0    1    0    0    0    0    1    0    0    1    0    0    0    0    1    0    
100    0.13585    0.254778    1    1    1    1    1    1    1    1    1    0    0    1    0    1    1    1    1    1    1    1    1    1    0    1    1    1    1    0    1    1    0    1    1    1    1    0    1    1    1    1    1    1    0    1    1    1    1    1    0    1    0    0    1    0    0    0    1    1    1    1    1    1    1    1    1    1    1    1    1    1    1    1    1    1    1    1    1    1    0    1    0    1    1    0    1    1    1    1    1    0    1    0    0    1    1    0    0    1    0    1    0    1    1    0    0    0    0    1    1    0    0    1    0    0    1    1    0    0    0    0    1    1    0    0    0    1    0    0    0    0    0    0    0    1    0    0    0    1    1    0    0    0    0    0    0    0    0    0    0    0    1    1    0    1    1    0    0    0    0    1    0    0    0    0    0    0    1    0    1    0    1    0    1    0    0    1    0    0    0    0    0    1    0    1    0    1    0    0    1    1    0    1    0    1    1    1    1    0    0    1    
100    0.95121    0.995324    1    1    0    1    1    1    1    1    1    1    1    1    1    1    1    1    0    1    1    1    1    1    1    1    1    1    1    1    0    1    1    0    0    1    1    1    1    1    1    1    1    1    1    1    1    1    1    1    1    1    1    1    1    1    1    1    1    0    1    1    1    1    1    0    1    1    1    1    1    1    1    0    1    1    0    1    1    1    1    1    1    1    1    1    1    1    1    1    1    1    0    1    0    1    0    1    0    1    1    1    0    0    0    0    1    0    1    0    0    0    0    0    1    0    1    0    0    0    0    1    0    0    0    1    0    0    1    0    0    1    0    0    0    1    1    1    0    0    0    0    0    1    0    1    0    0    0    1    0    1    0    0    1    0    0    0    0    1    0    0    0    1    0    0    0    1    1    1    1    0    1    1    0    1    1    0    0    0    1    0    0    0    1    1    1    1    0    0    0    0    1    0    0    0    0    0    1    1    1    1    
100    0.874533    0.574033    1    1    1    1    1    1    1    0    1    1    1    0    0    1    1    1    1    0    0    1    1    1    1    1    1    1    1    1    1    1    1    1    1    1    1    1    1    1    1    1    1    1    1    1    1    1    0    0    1    1    1    1    1    1    0    1    1    1    1    1    1    1    1    1    1    1    0    1    1    1    1    0    1    1    0    1    1    1    1    1    1    1    1    1    1    1    0    1    0    1    1    1    1    0    0    1    1    1    1    1    0    1    1    1    1    0    1    0    0    0    0    0    0    0    0    1    1    0    0    1    1    1    0    0    1    0    0    0    1    0    1    1    0    0    1    0    0    0    0    1    0    0    0    0    1    1    0    1    1    1    0    0    0    0    0    1    0    0    1    0    1    1    1    0    1    1    0    0    1    0    0    0    0    1    0    1    0    0    1    0    1    0    0    0    1    1    0    1    1    0    0    1    0    0    0    1    0    0    0    0    
100    0.00873258    0.25695    1    1    1    1    1    0    1    1    1    0    1    1    0    1    1    1    1    1    1    0    1    1    1    1    1    1    1    1    1    0    1    1    1    1    1    1    1    1    1    1    1    0    1    1    1    1    0    1    1    1    1    0    1    1    0    0    0    0    1    1    1    1    1    1    1    1    1    1    1    0    1    1    1    1    1    1    1    1    0    0    1    1    0    1    1    0    1    1    0    1    1    1    1    1    0    1    0    0    1    1    0    1    0    1    0    1    0    0    1    0    0    1    0    0    1    0    1    0    1    0    0    1    1    0    0    0    0    0    1    1    1    0    0    1    0    0    1    1    0    0    0    0    1    0    1    0    0    0    0    0    1    1    0    1    1    1    0    1    1    0    1    1    0    1    1    1    1    1    1    1    0    0    1    0    0    0    1    1    1    1    1    0    0    0    0    0    0    1    0    1    1    1    1    0    0    1    0    0    1    1    
100    0.664716    0.856592    0    1    1    1    1    1    0    1    1    1    0    1    1    1    1    1    1    1    1    1    1    1    1    1    0    0    1    0    1    1    1    1    1    0    1    0    1    1    1    1    1    1    1    1    1    0    1    1    1    0    1    0    1    0    1    1    1    0    1    1    0    1    1    1    1    1    0    1    0    1    1    1    1    1    1    1    1    1    1    1    1    1    1    1    1    1    1    1    1    1    1    1    1    1    1    1    1    1    1    1    0    0    1    0    0    1    1    0    0    0    0    1    0    1    1    0    0    0    0    1    0    1    1    1    1    0    0    0    0    0    1    0    0    1    0    0    0    1    0    1    0    1    0    1    1    0    1    1    1    0    0    1    1    0    0    0    1    0    1    0    0    0    0    1    0    0    0    1    1    0    0    1    0    1    0    0    1    0    0    0    0    1    0    1    0    0    1    0    0    1    0    0    0    0    0    0    1    1    0    1    
100    0.268085    0.689714    1    1    1    1    1    0    1    1    1    1    1    1    1    1    0    1    1    0    1    1    1    1    1    1    1    1    1    1    1    1    1    1    1    1    1    1    1    1    1    1    1    1    0    1    1    1    1    1    1    1    1    1    1    0    1    1    0    1    1    0    1    1    1    1    1    1    1    1    1    1    0    1    0    1    1    1    1    1    1    0    1    1    1    1    1    1    1    1    1    1    1    1    1    0    1    0    1    1    1    1    1    0    0    0    0    0    0    1    1    0    0    0    1    1    0    0    1    0    0    0    0    0    1    1    0    0    0    0    0    0    0    0    0    1    1    1    0    1    0    0    0    0    0    0    0    1    1    1    1    0    1    0    0    0    1    0    1    0    1    1    0    0    0    0    0    1    1    1    0    0    0    1    1    0    0    1    1    1    0    0    1    0    0    0    0    0    0    0    0    1    0    0    0    0    0    0    0    1    1    1    
100    0.0756848    0.872466    1    0    1    1    0    1    0    1    1    1    0    1    1    1    1    0    1    1    0    1    1    0    1    1    1    0    1    1    1    1    1    1    1    1    1    1    1    1    1    0    1    1    1    1    1    1    0    1    1    0    1    1    1    1    1    1    0    1    1    1    1    0    1    1    1    1    1    1    1    1    0    1    1    1    1    1    1    1    1    1    1    1    1    1    1    1    1    1    1    1    1    1    1    0    1    1    1    1    1    1    1    0    1    0    0    0    0    0    0    1    0    0    1    1    0    0    0    1    0    0    0    1    0    0    1    0    1    0    1    1    0    1    0    0    0    1    1    0    0    0    0    1    0    0    0    0    0    0    0    0    0    1    1    0    1    0    1    0    1    0    1    1    0    1    1    1    1    0    0    0    0    0    0    1    1    1    0    1    1    1    0    1    1    0    0    1    0    0    1    0    1    1    0    0    1    0    1    0    1    0    
100    0.986741    0.0983555    1    1    0    1    1    0    0    1    1    0    0    1    1    1    1    1    0    1    1    0    1    1    1    1    0    1    1    1    1    1    1    1    1    1    1    1    0    1    1    1    1    1    1    1    1    1    1    1    1    1    1    1    1    1    1    1    1    1    0    1    1    0    1    1    1    0    1    0    1    1    1    1    0    1    0    1    0    1    1    1    1    1    1    1    1    1    1    1    1    1    1    1    1    1    1    1    1    1    1    0    0    1    1    0    0    1    0    0    1    0    1    1    1    1    0    0    1    0    1    0    1    1    1    0    0    0    1    0    0    0    1    0    1    0    0    0    0    0    0    1    1    0    0    0    1    1    1    0    0    1    0    0    0    0    1    0    0    0    1    0    0    1    0    0    1    0    0    0    0    0    1    0    1    1    0    1    1    0    1    1    1    1    1    0    1    0    1    0    0    1    0    0    0    1    0    0    0    0    0    0    
100    0.637593    0.187904    1    0    1    0    1    1    1    1    0    1    1    1    1    1    1    1    1    1    1    1    1    1    1    0    1    1    1    1    1    1    1    0    1    1    1    1    1    1    0    1    0    0    1    1    1    1    1    1    1    1    1    1    1    1    1    1    1    1    1    1    1    0    1    1    1    1    1    1    1    0    1    1    1    1    1    1    1    1    1    1    1    0    1    1    1    1    1    1    1    1    1    1    1    1    1    1    1    0    1    1    1    0    1    1    1    0    0    0    0    0    1    0    0    0    0    1    0    0    1    1    0    0    0    0    0    1    0    0    0    1    0    0    1    0    0    1    0    0    0    1    0    0    0    1    1    1    1    1    0    0    1    0    0    1    0    0    0    0    1    0    1    0    1    0    0    0    1    0    1    0    0    1    0    0    1    0    0    0    0    0    0    0    0    1    1    0    1    0    0    1    0    0    0    1    1    1    0    0    0    1    
100    0.732177    0.0251687    1    1    1    1    1    1    1    1    1    1    1    1    0    1    1    1    1    1    1    1    1    1    0    1    1    0    0    1    1    1    1    1    1    1    1    1    1    1    1    1    1    1    1    1    1    1    1    1    0    1    1    1    1    1    1    1    1    1    1    1    1    1    1    1    0    1    1    1    1    1    1    1    1    1    1    1    1    1    1    1    1    1    1    1    1    1    1    1    1    1    1    1    1    0    1    0    1    1    1    0    0    0    0    0    0    0    1    0    1    0    0    1    1    1    1    0    1    0    0    0    1    0    0    0    0    0    0    1    0    0    1    0    0    0    0    0    1    0    0    1    1    1    0    0    1    0    0    0    1    0    0    1    0    0    1    1    0    0    0    0    0    1    1    0    0    1    0    1    1    1    0    0    0    1    1    1    0    0    0    0    0    0    0    1    0    0    1    0    0    0    1    1    1    0    0    1    0    0    1    0    
100    0.134181    0.605957    1    1    1    1    0    1    1    1    0    0    1    1    1    1    1    1    0    0    1    1    1    0    1    1    1    1    1    1    0    1    0    0    1    1    1    1    1    1    1    1    1    1    1    1    1    1    1    1    1    1    1    1    1    1    1    1    1    0    0    1    1    1    1    1    0    1    1    1    0    1    1    0    1    1    0    1    1    1    0    1    0    1    1    1    0    1    0    0    1    1    1    0    0    0    1    1    1    1    1    1    0    0    0    1    1    0    1    0    0    0    0    1    0    1    0    0    0    0    0    1    0    1    1    1    0    0    0    0    0    1    0    0    0    0    0    0    0    0    1    1    0    0    0    1    0    0    0    0    1    1    0    1    0    0    0    1    0    0    1    1    0    1    1    0    0    0    1    1    1    1    0    1    0    0    1    0    0    0    1    1    0    1    0    0    1    1    0    0    0    0    0    1    0    0    0    0    1    0    1    1    
100    0.0245536    0.873602    1    1    1    1    1    1    1    1    1    1    1    1    1    1    0    1    1    1    1    1    1    1    1    1    0    1    1    1    1    1    1    1    1    1    0    0    1    1    1    1    1    1    1    1    1    1    1    1    1    1    1    1    1    1    1    1    1    1    1    0    1    1    1    1    1    1    0    1    1    1    1    1    1    1    1    1    0    1    1    1    0    1    1    1    0    1    1    1    1    1    1    1    1    1    1    1    1    1    1    1    0    0    0    0    1    1    1    0    1    0    1    0    0    0    0    0    0    1    0    0    0    1    0    1    0    0    0    0    1    0    0    0    0    0    0    1    1    0    0    0    1    1    0    1    0    1    0    1    1    0    0    0    0    0    0    0    0    0    0    1    1    1    0    1    0    0    1    0    1    1    1    0    0    0    0    0    0    1    0    0    1    0    0    1    1    1    0    0    0    1    1    0    0    0    1    1    1    1    1    0    
100    0.0716873    0.878626    0    1    1    0    0    1    1    0    1    1    0    1    0    1    0    1    1    0    0    1    1    1    1    1    1    1    1    1    1    1    1    1    1    1    0    1    1    1    1    1    0    1    1    1    0    0    1    0    1    1    1    1    1    0    0    1    1    0    1    1    0    1    1    1    1    1    1    1    1    1    1    0    0    1    1    1    1    1    1    1    1    1    1    1    1    1    1    1    1    1    1    1    1    0    0    0    1    1    1    1    1    1    1    0    1    0    1    0    0    1    0    0    0    0    0    0    0    1    0    1    0    0    1    0    1    1    1    0    0    1    0    0    0    1    0    1    1    0    1    0    1    1    0    1    0    1    0    1    0    1    0    0    1    0    0    0    0    0    0    1    1    1    1    1    0    0    0    0    0    0    0    0    0    1    0    1    0    1    1    1    0    0    0    0    0    1    0    0    0    1    1    0    0    0    0    0    0    1    0    0    
100    0.927076    0.180474    1    1    1    1    1    1    1    1    1    1    1    1    1    1    0    1    1    1    1    0    1    1    0    1    1    1    1    1    1    1    1    1    1    1    1    1    1    1    1    1    1    1    1    1    1    1    1    1    1    1    1    1    1    1    1    1    0    1    1    1    1    1    1    1    1    1    1    0    0    1    1    1    1    1    1    0    1    1    0    1    1    1    0    0    1    1    1    0    1    1    1    1    1    1    1    1    1    0    1    1    1    1    1    0    0    0    1    0    0    0    0    0    0    0    0    0    0    0    0    0    1    0    1    0    1    0    0    0    0    0    0    0    0    1    0    1    1    1    0    0    0    1    1    1    0    0    0    0    0    0    1    1    1    0    0    0    1    1    0    0    1    0    0    0    0    0    0    1    1    0    0    1    0    0    1    0    1    1    0    1    0    0    0    0    1    1    0    0    0    1    0    0    0    1    0    0    0    1    1    1    
100    0.783121    0.610653    0    1    0    1    1    1    1    1    0    1    1    1    1    1    0    1    1    1    1    1    1    1    0    1    1    0    1    1    1    1    1    1    0    1    0    1    1    1    0    1    0    1    1    0    1    0    0    0    1    0    1    0    1    1    1    1    1    1    1    1    1    1    1    0    0    1    1    1    1    0    1    1    1    1    1    1    1    1    0    1    1    0    0    1    1    1    1    1    0    1    1    1    0    0    1    1    1    0    0    0    0    0    0    1    0    0    0    0    1    1    0    0    0    0    0    0    0    0    0    1    1    0    1    0    1    0    1    0    1    0    1    1    1    0    0    1    1    0    1    0    1    0    0    0    0    0    1    1    1    0    0    0    0    1    1    0    0    0    0    1    1    0    1    1    1    0    1    0    0    0    0    0    0    1    0    0    1    0    0    1    0    0    0    0    0    1    0    0    0    0    0    0    0    1    1    1    1    0    0    0    
100    0.857039    0.146973    1    1    1    1    1    1    1    1    1    1    1    1    1    1    1    1    1    1    1    1    1    1    1    1    1    1    1    1    1    1    0    1    1    1    1    0    1    1    1    1    1    1    1    1    1    1    1    1    1    1    1    1    1    1    1    1    1    1    0    0    1    1    1    1    0    1    1    1    1    1    1    1    0    1    1    1    1    1    1    0    1    1    1    1    0    1    1    1    1    1    1    1    1    1    1    1    1    1    1    1    1    0    1    0    1    0    1    1    1    0    1    0    0    0    0    0    0    0    0    0    1    1    0    0    0    0    0    0    0    1    0    0    1    0    1    1    1    0    0    1    0    1    1    1    0    1    0    1    1    1    0    0    1    1    0    0    0    0    0    0    0    0    1    1    0    0    0    0    0    1    0    0    1    0    1    0    1    0    1    0    1    1    0    0    0    0    0    0    0    1    1    0    1    0    0    0    1    1    1    0    
100    0.869091    0.865112    1    1    1    0    1    1    1    1    1    1    1    0    1    1    1    1    1    1    1    0    1    1    1    1    1    1    1    1    1    1    1    1    1    1    1    0    1    1    1    1    1    1    1    1    1    1    1    1    0    0    1    0    1    0    1    1    1    1    1    0    1    1    1    1    1    0    0    1    1    1    0    1    1    1    0    0    0    0    1    1    1    1    1    1    1    1    1    1    1    1    0    1    1    0    1    1    1    1    1    1    0    0    1    1    0    0    0    1    0    0    1    1    0    0    0    0    0    0    1    0    1    1    0    0    0    0    1    0    1    1    1    1    0    1    0    0    0    0    1    0    1    1    0    0    0    1    1    0    1    1    1    1    0    0    0    0    0    0    0    1    1    1    1    0    0    0    1    1    1    1    1    1    0    1    0    0    0    0    0    0    1    0    0    0    1    1    0    0    0    1    1    1    1    0    0    1    1    1    0    0    
100    0.522631    0.84332    1    1    1    0    0    1    1    0    1    1    0    1    1    1    0    1    0    1    1    1    1    1    0    1    1    1    1    1    0    1    0    1    1    1    1    0    1    1    0    0    1    1    1    1    1    1    1    1    1    1    1    1    1    1    1    1    1    1    0    1    1    1    1    1    0    0    1    1    1    1    1    1    1    1    1    1    0    1    0    1    1    1    1    1    1    1    0    1    1    1    1    1    1    1    1    1    1    1    1    0    0    0    0    0    0    1    1    0    1    0    0    1    1    0    1    0    1    0    0    1    0    1    0    1    1    1    1    0    1    0    0    0    1    0    1    0    0    1    1    1    1    1    0    1    0    1    0    0    1    1    1    1    0    1    1    0    1    0    0    0    1    1    1    0    1    0    0    0    1    0    0    0    1    1    0    1    1    1    0    0    0    0    0    0    1    0    0    1    0    0    1    1    0    1    1    0    0    1    1    1    
100    0.567124    0.967774    0    1    1    0    1    1    1    1    1    0    1    1    1    0    1    1    1    0    1    1    1    1    1    0    1    1    1    1    1    1    1    1    1    1    1    0    1    1    1    1    1    1    1    1    1    1    1    1    1    1    1    1    0    0    1    0    1    1    0    0    1    1    1    1    1    1    1    1    1    1    1    1    1    1    0    0    1    1    1    1    1    1    0    0    1    0    1    1    1    1    1    1    1    1    1    1    1    1    1    1    0    1    0    1    0    0    0    1    1    1    0    1    1    0    0    0    1    0    0    0    0    1    0    0    0    1    0    0    1    1    1    1    1    0    1    1    0    0    0    0    1    1    1    0    0    0    0    0    0    0    1    0    1    0    0    1    0    0    0    1    1    1    0    1    1    1    0    0    0    0    1    0    1    0    1    0    0    0    0    0    1    0    1    0    0    1    0    1    1    1    1    0    1    1    1    0    1    0    0    1    
100    0.0630535    0.940911    1    0    1    1    0    1    1    1    1    1    0    1    1    1    1    1    1    1    1    1    0    1    0    1    0    1    1    1    1    1    0    1    1    1    1    1    1    1    1    1    1    1    1    0    1    1    1    1    1    1    1    1    1    1    1    1    1    1    1    1    1    1    0    1    1    1    1    1    1    0    1    1    1    0    1    1    0    1    1    1    1    1    1    1    1    1    1    1    0    1    1    1    0    1    1    1    1    1    1    1    0    1    0    0    0    1    1    0    0    1    1    1    0    0    0    1    0    0    0    0    0    0    0    0    0    0    1    0    0    0    0    0    0    0    1    0    0    0    1    0    0    1    0    0    0    1    0    0    0    0    1    0    1    0    0    1    0    0    1    1    1    0    1    0    0    0    0    0    0    0    0    0    0    1    1    1    0    0    1    0    0    1    0    0    0    0    0    0    1    0    0    0    0    0    0    1    0    0    0    0    
100    0.122564    0.470896    1    1    1    1    0    1    1    1    0    1    1    0    1    0    1    1    1    0    1    1    1    0    1    0    1    1    1    1    1    1    1    0    1    1    1    1    1    1    1    1    1    1    1    1    1    1    0    1    1    1    1    1    1    1    1    1    1    1    1    1    1    1    1    1    1    1    0    0    1    1    0    1    0    1    1    1    1    0    0    0    0    1    1    1    1    0    1    1    1    1    1    1    0    1    0    1    1    1    1    0    0    1    0    0    0    0    1    1    1    1    0    0    1    0    0    1    0    0    1    1    1    0    1    0    0    0    0    1    0    1    1    0    0    0    1    0    0    0    0    0    1    1    0    0    0    0    0    0    1    0    1    0    1    1    0    1    0    0    0    1    1    0    1    0    0    1    0    1    0    1    0    1    1    1    1    0    1    0    1    1    0    0    0    0    0    1    0    1    0    1    0    0    1    0    0    0    0    1    0    0    
100    0.131121    0.771216    1    0    1    1    0    1    1    1    1    0    1    1    0    1    1    1    0    0    1    1    1    1    1    1    1    1    1    1    1    0    1    1    1    1    1    1    1    1    0    1    0    1    1    1    1    1    1    1    1    1    1    1    0    1    1    1    1    1    0    1    1    1    1    0    1    1    1    1    1    1    1    1    1    1    1    1    1    1    1    1    1    1    1    1    1    1    1    1    1    1    0    1    1    1    1    1    0    1    1    0    0    0    0    0    0    0    0    0    0    0    0    0    1    0    1    0    0    0    1    1    1    0    1    0    0    0    1    0    1    0    0    0    1    1    0    0    0    0    0    0    1    0    0    1    0    0    1    1    0    0    0    1    0    0    1    0    0    1    1    0    0    1    1    0    0    0    0    0    0    0    1    0    0    0    0    1    1    0    0    0    1    0    1    0    0    0    1    1    0    0    0    0    0    0    1    0    1    1    0    0    
100    0.429268    0.0527763    0    1    1    1    1    1    1    1    1    1    0    0    1    1    1    1    1    1    1    1    1    0    1    1    1    1    1    0    0    1    1    1    0    1    1    1    1    1    1    0    0    0    0    1    0    1    1    1    0    1    1    0    1    1    1    1    1    1    0    0    1    1    1    1    0    1    1    1    1    1    1    1    1    1    1    1    1    1    1    1    1    1    1    1    1    0    1    1    1    0    1    1    1    0    1    1    1    1    1    1    0    1    0    0    1    0    1    0    1    1    0    0    1    0    0    0    1    0    1    1    0    0    1    0    0    1    0    1    0    1    0    0    0    1    0    0    1    1    0    0    1    0    0    1    0    0    0    0    0    0    0    0    0    0    0    1    0    0    0    0    1    1    0    1    1    1    1    0    1    1    0    0    0    1    0    1    0    0    0    0    0    0    0    0    0    1    1    0    0    0    0    0    0    0    0    0    1    0    1    0    
100    0.254234    0.54194    0    1    1    0    1    1    1    1    1    1    0    1    1    1    1    1    1    1    1    1    1    1    1    1    0    1    1    0    1    0    1    1    1    1    1    1    0    1    1    1    1    1    1    1    1    1    1    0    1    1    1    1    0    1    1    1    1    1    1    1    0    1    1    1    1    1    0    1    1    1    1    1    1    1    1    1    1    1    1    1    1    1    1    1    1    1    1    1    1    0    1    0    0    0    0    1    0    1    1    1    0    1    1    0    1    0    0    0    0    1    0    1    0    0    1    1    1    0    0    0    1    1    0    1    1    1    1    0    1    1    1    0    1    0    0    1    1    0    0    0    0    1    1    0    0    0    0    1    1    0    1    0    0    0    1    1    1    1    1    0    1    0    0    0    1    1    0    0    1    0    1    0    0    0    0    0    0    0    0    0    0    1    0    0    0    0    1    1    1    1    0    0    1    0    1    1    1    0    0    0    
100    0.708491    0.9723    1    1    1    1    1    1    1    1    1    1    1    1    1    1    1    1    1    1    1    1    0    1    1    1    1    1    1    1    1    1    0    1    1    1    1    1    1    1    1    1    1    1    1    0    1    1    1    1    1    1    0    0    1    1    1    1    1    1    1    1    1    0    0    1    1    1    1    1    1    1    0    1    0    1    1    1    0    1    1    1    1    1    1    1    1    1    1    1    1    1    1    1    1    1    1    1    1    1    1    0    0    1    0    1    1    1    1    0    0    0    1    0    0    0    0    0    0    1    0    0    0    0    0    0    1    1    0    0    0    0    1    0    0    0    0    0    1    1    0    1    1    1    0    0    0    0    0    0    1    0    0    1    0    0    1    0    0    0    1    1    0    0    1    1    0    0    1    1    0    0    0    0    1    0    0    1    0    0    0    0    0    1    0    1    0    1    0    1    0    1    0    0    1    1    0    0    0    0    0    1    
100    0.713443    0.0527763    1    1    1    0    1    1    1    1    1    1    1    1    0    1    1    1    1    1    1    1    1    1    1    1    1    1    1    1    1    1    1    1    1    1    1    1    1    1    1    1    1    1    1    1    1    1    1    0    1    1    0    1    1    1    1    0    1    1    1    1    1    1    1    0    1    1    1    1    1    1    1    0    1    1    1    1    1    0    1    1    1    1    1    1    1    0    1    0    1    1    1    1    1    1    1    1    1    1    1    1    0    1    0    0    1    1    0    1    1    0    0    0    0    1    1    0    0    1    0    0    0    0    0    0    0    0    0    0    0    0    1    1    0    0    1    0    1    1    1    1    0    0    0    1    0    1    1    0    0    1    1    0    1    0    0    0    0    0    0    0    0    0    1    0    1    1    1    1    0    1    0    1    0    1    1    1    0    0    0    0    1    0    1    0    1    0    0    0    0    1    0    1    1    0    0    0    0    0    0    0    
100    0.436284    0.308647    1    1    1    1    0    1    1    1    1    1    1    1    1    1    1    1    1    1    1    1    1    1    1    0    1    1    1    1    1    1    1    1    1    1    1    0    1    0    1    1    1    1    1    1    1    1    1    1    1    0    1    1    1    1    1    0    1    0    1    1    1    0    1    1    1    1    1    1    1    1    1    1    1    0    0    0    0    1    1    1    1    1    0    1    1    1    1    1    1    1    1    1    1    1    1    0    1    1    1    1    0    0    1    0    0    1    1    0    0    0    0    0    0    0    1    0    0    0    0    0    0    0    1    1    1    0    0    0    0    0    1    0    0    0    1    1    1    1    0    0    0    1    1    1    1    1    0    0    0    0    1    0    0    1    0    1    0    0    0    1    0    1    0    0    1    0    1    1    1    0    0    1    0    0    0    0    1    0    1    0    1    0    1    0    0    1    0    0    0    1    0    0    0    0    0    0    0    1    1    0    
100    0.857754    0.46036    1    1    0    1    1    1    1    1    1    1    1    1    1    1    0    1    0    1    1    1    0    0    0    1    1    1    0    1    1    1    1    1    0    1    0    1    1    1    0    1    0    1    1    1    1    1    1    1    1    1    1    1    1    1    1    1    1    0    1    0    1    1    1    1    0    1    1    1    1    1    1    1    1    1    1    1    1    0    1    1    0    0    1    1    1    1    1    1    1    1    1    1    1    1    1    1    1    1    1    1    0    1    1    1    0    1    0    0    0    0    0    0    0    1    0    0    0    1    0    0    0    0    0    1    0    0    0    0    0    1    0    0    0    0    0    1    0    1    1    0    0    0    0    0    1    0    1    1    1    0    1    1    0    0    0    1    1    0    0    0    0    1    1    0    0    1    0    0    1    0    1    1    1    1    0    0    0    1    0    0    0    1    0    1    0    0    1    1    0    0    1    0    0    0    1    0    1    0    0    0    
100    0.124832    0.958144    1    1    1    0    1    1    0    1    0    1    1    1    1    1    1    1    1    1    1    0    1    1    1    1    1    1    1    1    1    1    1    1    1    1    1    1    1    1    1    1    1    1    1    1    1    1    1    1    1    1    1    1    1    1    0    0    1    1    1    1    1    1    1    1    1    1    0    1    1    1    1    1    1    1    1    1    0    1    1    1    1    0    1    1    1    0    0    1    1    1    1    1    1    1    1    1    1    1    0    0    0    1    0    0    0    0    1    0    0    1    0    0    1    1    0    1    0    0    0    1    0    0    0    1    0    1    1    1    0    1    1    0    1    0    0    0    1    1    1    1    0    0    1    1    0    0    0    0    1    0    0    0    1    0    1    0    0    0    0    0    0    1    0    0    0    0    1    0    0    0    0    0    1    0    0    0    0    0    0    1    1    1    1    1    0    0    0    0    0    1    1    1    0    1    0    0    0    0    0    1    
100    0.0132251    0.902503    1    1    0    1    0    1    1    1    1    1    1    1    1    1    1    1    0    1    1    1    1    1    1    1    0    1    1    1    1    1    1    1    0    1    1    1    1    1    1    1    1    1    1    1    1    1    1    1    1    1    1    1    1    1    1    1    1    1    1    1    1    1    1    1    1    1    1    1    1    1    1    1    1    1    1    1    1    0    1    1    1    1    1    1    1    1    1    1    1    1    1    1    1    1    1    1    1    1    1    1    0    0    1    1    1    0    1    1    0    0    0    0    0    0    0    0    0    1    0    1    1    1    0    0    1    0    1    1    0    1    0    0    0    0    0    1    1    0    0    0    0    1    1    0    0    1    0    0    0    1    1    0    0    0    0    0    0    1    0    0    1    0    1    1    1    0    1    0    0    0    0    0    0    1    0    0    1    0    0    0    1    0    1    1    0    1    1    1    1    0    0    0    0    1    0    0    1    1    0    0    
100    0.310513    0.638937    1    1    1    1    1    1    1    1    0    1    1    0    0    1    1    1    1    1    0    0    1    1    1    0    1    1    1    0    1    1    1    1    1    1    1    1    0    0    1    1    1    1    1    1    1    1    1    1    1    1    1    1    1    1    1    1    0    1    1    0    1    1    1    1    1    0    1    1    0    1    1    1    1    0    1    1    1    0    1    1    1    0    1    1    1    1    1    1    1    1    1    1    1    1    1    1    0    1    1    1    0    1    0    1    0    0    1    0    0    1    0    0    0    0    0    1    0    0    0    1    0    0    1    1    0    0    0    0    0    0    0    0    1    0    1    1    1    0    0    0    0    0    1    0    0    0    0    0    1    1    1    0    1    0    0    1    0    0    0    1    0    0    0    0    0    0    0    1    0    0    0    1    0    1    1    0    1    0    1    0    1    0    0    0    0    1    1    0    1    0    1    1    1    0    0    0    0    0    0    0    
100    0.923991    0.807501    0    1    1    1    1    1    1    0    0    1    0    0    1    1    1    1    1    0    1    1    1    1    0    1    1    1    0    1    1    1    1    1    1    1    1    1    0    1    1    1    0    1    1    1    1    0    1    1    1    1    1    1    1    1    0    1    1    0    0    1    1    1    1    1    1    0    1    1    0    0    0    1    1    0    1    1    1    1    1    1    1    1    1    1    1    1    1    1    1    1    1    1    1    1    1    1    0    0    0    1    0    0    0    0    1    0    0    0    0    1    1    1    0    0    0    0    0    0    1    1    0    0    0    1    1    1    0    1    1    0    0    0    0    0    1    0    1    0    0    1    1    0    0    0    1    0    0    0    0    0    1    1    1    0    0    0    0    0    1    0    0    1    0    0    1    0    0    1    0    0    0    0    0    1    1    1    0    0    0    1    0    0    1    0    0    1    0    1    1    0    0    1    1    0    0    0    0    1    0    1    
100    0.259997    0.88816    1    1    1    1    1    1    1    1    1    1    0    0    1    1    1    1    1    1    1    1    0    1    1    1    1    1    1    1    1    0    0    1    1    1    0    1    0    1    1    1    1    1    1    0    1    1    1    1    1    1    1    1    1    1    1    1    1    1    1    1    1    1    1    1    1    1    1    1    1    1    0    1    1    1    1    1    1    1    1    1    1    0    0    1    0    1    1    1    0    1    1    1    1    1    0    0    1    1    1    1    1    1    0    1    0    1    0    0    0    0    1    0    0    0    0    1    1    1    0    1    0    0    1    0    0    1    0    0    1    0    1    0    1    1    1    1    0    1    0    0    0    1    0    0    0    0    0    0    1    1    0    0    1    1    0    0    0    1    0    0    1    1    0    0    0    0    0    0    0    0    1    1    0    1    0    0    0    0    0    0    0    0    0    1    1    1    0    0    1    0    1    0    0    0    0    1    0    1    0    0    
100    0.0699387    0.920483    0    1    1    1    0    1    1    0    1    1    1    1    1    1    1    1    1    1    1    1    1    0    1    1    1    1    1    0    1    1    1    1    1    1    1    1    1    1    1    1    0    0    1    1    1    0    1    0    1    1    1    1    1    1    0    0    1    0    1    1    0    1    1    1    1    1    1    0    0    1    0    1    1    1    0    1    1    1    1    1    1    1    1    0    1    1    1    1    1    1    1    1    1    1    1    1    1    0    1    1    1    0    1    1    1    1    1    0    0    0    1    0    0    1    1    0    0    0    0    1    1    0    1    1    1    1    0    0    0    0    0    0    1    1    1    1    1    0    1    0    1    1    0    0    0    0    1    1    0    1    0    1    0    0    0    1    0    0    0    1    1    0    1    0    1    0    0    0    1    0    0    0    0    1    0    0    1    0    0    1    0    1    0    0    0    0    1    0    1    1    1    1    0    1    0    0    1    0    0    1    
100    0.590325    0.686417    1    1    0    0    1    1    1    0    1    1    1    0    1    1    1    1    1    1    1    1    1    1    1    1    1    1    1    1    1    0    1    1    1    1    0    0    1    1    0    1    1    1    0    1    0    1    0    1    0    1    1    1    1    1    0    1    1    1    1    0    1    1    1    1    1    1    0    0    1    0    1    1    0    1    1    0    1    1    1    1    1    1    0    1    0    1    1    1    1    0    1    1    1    0    1    1    1    0    0    1    0    1    0    0    0    0    1    0    1    1    1    1    0    0    0    0    1    1    1    1    0    0    1    1    0    0    1    0    0    0    0    0    1    1    0    0    0    1    0    1    1    0    0    1    1    1    1    1    0    1    0    0    0    0    1    1    0    0    0    1    0    0    0    0    0    0    0    0    1    0    1    0    0    0    0    0    1    0    0    0    1    0    1    1    1    0    0    0    0    0    0    0    0    0    0    0    0    0    1    0    
100    0.488498    0.876506    1    1    1    0    0    1    1    1    1    1    1    1    1    1    1    1    1    0    1    1    1    1    1    1    1    1    1    0    1    1    1    1    1    1    1    0    1    1    1    0    1    0    1    1    1    0    1    1    0    1    1    1    1    1    1    1    1    1    0    1    1    0    1    1    0    1    1    1    0    1    1    1    1    1    1    1    1    1    1    1    1    1    1    1    1    1    1    1    1    0    1    1    1    1    1    0    1    1    1    1    1    0    1    1    0    1    1    1    1    0    0    1    0    1    0    0    0    0    1    0    0    0    1    0    0    1    0    0    1    0    1    0    1    1    1    0    0    1    0    0    1    1    0    1    0    1    0    0    1    1    1    0    0    1    0    0    1    1    0    1    0    0    0    1    1    1    0    0    0    0    0    1    1    0    0    0    0    0    0    0    0    0    1    1    0    0    0    0    1    0    0    0    0    1    1    1    0    1    1    1    
100    0.838579    0.571754    0    1    1    1    1    1    1    1    1    0    1    1    1    0    0    1    1    1    1    1    1    1    0    1    1    1    1    1    1    1    1    1    0    1    1    1    1    1    0    1    0    1    1    1    1    1    1    1    1    1    0    1    1    1    1    1    1    0    1    1    1    1    1    1    1    1    1    1    1    1    0    0    0    0    0    1    1    1    1    0    1    1    0    1    1    1    1    1    1    1    0    0    1    1    0    1    1    0    1    0    0    1    0    0    1    1    1    0    0    0    0    0    1    1    1    0    0    1    1    1    0    0    1    0    0    0    0    0    0    0    0    1    0    1    0    0    1    0    0    1    0    1    1    0    0    0    1    0    0    1    0    0    1    0    0    0    1    0    0    1    1    0    1    0    0    0    0    1    1    1    0    0    1    1    1    1    0    1    0    0    0    0    0    1    1    0    0    0    0    0    0    1    0    1    0    0    1    1    0    1    
100    0.916252    0.843225    1    1    1    1    1    1    0    1    0    1    0    1    1    1    1    1    1    0    1    0    1    1    1    1    1    1    0    1    1    1    1    1    1    1    1    1    1    0    1    0    1    0    0    1    1    1    1    1    1    1    0    1    1    1    0    1    1    1    0    1    1    0    1    1    1    1    1    1    1    0    0    1    1    1    1    0    1    1    1    1    0    1    0    1    1    1    1    1    1    1    1    1    1    1    1    1    1    1    1    1    0    0    0    0    0    0    0    0    1    0    0    0    1    0    0    1    1    0    0    0    0    1    1    0    0    0    0    0    1    0    0    0    0    0    0    0    0    0    1    1    0    1    1    0    0    1    0    1    0    1    0    0    0    0    1    0    0    1    0    1    0    1    0    0    1    0    1    1    0    1    0    1    0    1    0    1    0    0    1    0    0    0    0    1    0    0    0    0    0    1    1    0    1    0    1    1    1    0    0    1    
100    0.0349804    0.170326    1    1    1    1    1    1    1    1    1    0    0    0    0    1    1    1    1    1    1    0    1    1    0    1    0    1    1    1    1    1    1    1    1    1    1    1    1    1    1    1    1    0    0    1    1    1    1    1    1    1    1    1    1    0    1    1    1    1    1    1    1    1    1    1    1    0    1    1    1    1    1    1    1    1    1    1    1    1    0    1    0    1    0    1    1    1    0    1    1    0    1    1    1    1    0    0    1    0    1    1    0    1    1    1    0    1    0    1    0    0    0    1    0    1    0    0    1    0    0    0    0    0    0    0    1    0    0    0    1    1    0    0    0    0    0    1    0    1    0    0    0    0    1    0    0    0    1    0    1    0    0    0    0    0    0    0    0    1    1    1    1    1    0    0    1    1    1    0    1    1    0    0    0    0    1    1    0    1    0    0    0    1    0    0    0    0    0    1    0    0    1    1    1    1    0    0    0    0    1    0    
100    0.826347    0.45114    1    1    1    1    1    0    1    1    1    1    0    1    1    1    1    1    1    1    1    0    1    1    1    1    1    1    1    1    0    1    1    1    1    1    0    1    1    1    1    1    1    1    1    0    1    1    1    1    1    0    1    1    0    1    0    0    1    1    0    1    1    1    1    0    1    1    1    1    1    1    1    1    1    1    0    1    1    0    1    1    1    1    0    1    1    1    1    1    1    1    1    1    1    1    1    1    1    1    0    1    1    0    1    0    1    1    0    0    1    0    0    0    0    1    0    0    0    0    0    0    0    0    1    0    0    0    1    1    0    1    0    0    1    0    0    0    1    0    1    1    0    1    1    1    1    1    0    0    0    0    1    0    1    0    0    1    0    0    1    1    1    0    1    1    1    0    0    1    0    0    0    1    0    0    0    0    1    0    0    0    0    0    1    0    1    0    1    0    0    0    1    0    1    0    1    0    0    0    0    1    
100    0.846136    0.545681    0    1    1    1    1    1    1    0    1    1    1    1    1    1    1    1    0    1    0    1    1    1    1    1    0    1    0    1    1    1    1    1    1    1    1    1    1    1    1    0    1    1    1    1    1    1    1    1    1    1    0    1    1    1    1    1    1    0    0    1    1    1    1    0    1    1    1    1    1    1    1    1    1    1    1    1    1    1    1    0    1    1    1    1    0    0    1    1    1    0    0    1    1    0    0    1    1    0    1    1    0    0    1    0    0    0    0    0    0    1    0    1    1    0    1    1    0    0    0    1    0    1    0    0    1    0    0    0    1    1    1    0    0    0    0    1    0    1    0    0    1    0    0    0    0    0    0    1    1    1    1    0    0    0    0    0    0    0    0    0    1    0    0    1    0    1    1    1    0    0    1    0    1    0    0    0    1    0    0    0    0    0    0    0    0    0    1    0    0    1    1    0    0    0    1    0    1    0    0    0    
100    0.791135    0.293953    1    0    0    1    1    1    1    1    0    1    1    1    1    1    1    1    1    0    0    1    1    1    1    1    0    1    0    1    1    1    0    1    1    1    1    1    1    1    0    1    1    0    1    1    1    1    1    1    1    1    0    1    0    1    1    0    1    0    0    0    1    1    1    1    0    0    1    1    0    1    1    1    1    1    1    0    1    1    1    1    1    1    1    0    1    1    1    1    1    1    1    1    1    1    1    1    0    0    1    1    0    1    0    1    0    1    0    0    0    0    1    0    1    0    0    1    0    1    0    0    1    0    1    0    1    1    1    1    1    0    1    0    0    0    0    1    1    0    1    0    1    0    1    0    0    0    1    1    0    0    0    0    0    0    0    0    0    0    1    0    0    1    1    0    0    1    1    0    0    1    0    1    0    0    1    0    1    0    1    0    0    1    0    1    1    0    0    1    0    0    0    0    0    0    1    1    0    0    0    1    
100    0.570249    0.33637    1    1    1    1    0    1    0    1    1    1    1    1    0    1    1    1    1    1    1    1    1    1    1    1    1    0    1    1    1    1    1    1    1    1    1    1    1    1    0    1    1    1    1    1    1    1    1    1    1    1    1    0    0    1    1    1    1    0    1    1    1    0    1    1    1    1    1    1    1    0    1    1    1    1    1    0    1    1    1    0    1    1    1    1    1    1    1    1    1    1    1    1    0    0    1    1    0    1    1    0    1    1    0    1    1    0    0    0    0    0    0    0    1    1    0    0    0    1    0    1    0    0    0    0    1    1    0    0    1    0    0    0    0    0    1    1    1    1    0    1    0    0    0    0    0    0    0    0    0    0    0    0    1    0    1    0    1    0    1    0    0    0    0    0    0    0    0    1    0    1    0    0    0    0    1    0    1    0    0    0    1    1    0    1    0    1    0    1    1    0    1    0    0    1    0    1    0    0    0    0    
100    0.257754    0.068727    1    1    0    0    1    1    0    1    1    0    0    1    1    1    1    1    1    1    1    1    0    1    1    1    1    1    1    1    1    1    1    1    1    1    1    1    1    1    1    1    1    0    1    1    0    0    0    1    1    1    1    1    1    1    1    1    0    1    1    1    1    1    1    1    1    1    1    1    1    1    1    1    1    1    1    1    0    1    1    1    1    1    0    0    0    1    0    1    0    1    1    1    1    1    1    1    1    1    1    0    1    0    1    1    0    0    1    0    0    0    0    0    0    1    0    0    0    0    1    0    0    1    0    1    0    0    0    1    0    1    0    1    1    1    1    0    0    1    0    1    0    0    1    0    0    0    1    1    1    0    1    0    0    0    0    1    0    1    0    0    0    0    1    0    1    0    0    0    0    0    0    1    0    0    0    0    0    0    1    0    0    1    0    0    0    0    1    0    0    0    1    1    0    0    0    0    1    0    1    1    
100    0.277489    0.730597    1    1    1    1    1    1    1    1    0    0    1    1    1    1    0    1    1    1    1    1    0    1    1    1    0    1    1    0    1    1    1    1    1    1    1    1    1    1    1    1    1    1    0    1    1    1    1    1    1    1    1    0    1    1    1    0    1    0    1    1    1    0    1    1    1    1    1    1    1    1    1    1    1    1    1    1    1    1    1    1    0    1    1    1    0    1    1    1    1    0    1    1    1    0    1    1    1    1    1    1    0    0    1    0    1    0    1    1    0    1    0    1    0    1    0    0    1    0    0    0    0    0    1    0    0    0    1    1    0    1    1    1    0    1    0    1    0    0    0    0    1    1    1    1    1    0    0    1    0    1    1    0    1    1    1    0    0    0    0    0    0    0    0    1    0    0    1    0    0    0    1    1    1    0    1    0    0    1    0    0    0    0    0    1    1    1    0    0    0    0    0    1    1    1    0    0    0    0    0    1    
100    0.90143    0.866082    1    1    1    1    1    1    1    1    1    1    0    1    1    1    1    0    1    1    1    1    1    1    1    0    0    1    1    1    1    1    1    1    1    0    1    1    1    1    1    1    0    1    1    1    1    0    1    1    1    1    1    1    1    0    1    1    1    1    1    1    0    1    1    1    1    1    0    1    1    0    1    1    0    0    0    1    1    1    1    1    0    1    1    1    1    0    1    1    1    1    0    1    1    0    1    0    1    1    1    0    0    0    1    1    1    0    0    0    1    0    1    0    0    1    1    0    1    0    0    1    1    0    0    0    1    1    1    0    0    0    0    1    0    0    0    0    0    0    0    0    0    0    0    0    0    0    0    1    1    1    0    0    0    1    0    0    1    0    1    1    1    1    0    0    0    0    1    0    1    0    0    0    0    1    0    1    0    0    1    0    1    0    0    1    1    1    0    0    0    1    1    0    0    0    0    0    0    1    1    0    
100    0.544386    0.12973    1    1    1    1    1    0    1    0    0    1    1    1    0    1    1    1    0    1    0    1    1    1    1    1    1    1    1    0    1    1    1    1    1    1    1    0    1    1    1    1    1    1    0    1    1    1    1    1    1    1    0    0    1    1    1    1    1    1    0    1    1    1    1    0    0    1    1    1    1    1    1    0    1    1    1    1    1    0    1    1    0    0    0    1    1    1    0    0    1    1    1    1    1    1    1    1    0    1    0    1    1    0    0    0    1    0    0    1    0    0    1    0    0    0    0    0    1    1    1    1    0    0    0    0    1    0    0    1    0    1    1    0    0    0    1    0    1    0    1    0    1    0    0    1    1    0    0    0    1    1    1    1    0    1    1    1    0    1    0    0    1    0    0    0    0    1    0    1    0    0    0    0    0    0    0    0    0    0    1    0    0    0    0    0    0    1    1    1    0    0    0    1    1    1    0    0    0    0    1    0    
100    0.512816    0.746963    1    1    1    0    1    1    1    0    0    1    1    1    1    1    1    1    1    1    1    1    1    0    1    1    1    1    1    1    1    1    1    1    1    1    0    1    1    1    1    1    0    1    1    0    1    1    1    0    1    1    1    1    1    1    1    1    1    1    0    0    1    1    1    1    1    1    1    1    1    1    1    1    1    1    1    1    1    1    1    1    0    1    0    1    1    1    1    1    1    1    1    1    1    1    1    1    1    1    1    1    1    1    1    1    0    1    0    0    1    0    0    0    0    1    0    0    1    0    0    0    0    0    0    1    0    0    1    0    1    1    0    0    0    0    0    0    1    0    1    1    0    1    0    0    1    0    1    1    0    0    0    1    1    1    1    0    0    1    0    0    1    0    0    1    0    1    0    0    0    1    0    1    0    0    1    1    0    0    0    0    0    0    1    0    1    0    1    0    0    0    0    0    0    0    1    0    1    1    0    1    
100    0.0272898    0.57153    0    1    1    1    1    0    1    1    1    0    0    1    1    1    1    1    1    1    1    1    0    1    1    1    1    1    1    1    1    1    1    1    1    1    1    1    1    0    1    1    1    1    1    0    1    1    1    0    1    1    1    0    1    1    0    1    0    1    0    1    0    1    1    0    1    1    1    1    1    1    1    1    1    0    1    1    1    1    0    1    1    1    1    1    1    1    0    0    1    1    1    1    1    1    0    1    1    1    1    1    1    0    0    0    1    0    1    0    0    0    0    0    0    0    0    0    0    1    1    0    1    1    0    0    0    0    1    0    0    0    1    0    0    1    1    0    0    0    0    1    1    0    0    0    0    1    0    1    1    0    1    0    1    0    0    1    0    1    0    1    0    0    0    0    1    0    0    0    1    1    1    1    0    0    0    1    1    0    0    1    1    1    0    0    0    1    1    0    1    1    1    1    0    0    1    1    0    1    1    0    
100    0.637288    0.764018    1    1    0    0    0    1    0    1    1    1    1    1    1    0    1    1    1    0    1    0    0    1    1    1    1    0    1    1    1    1    1    1    0    1    0    1    1    1    1    1    1    1    1    1    0    1    0    1    1    1    1    1    0    1    1    1    1    0    1    1    1    1    1    0    0    0    0    1    1    1    1    1    0    1    1    1    1    1    1    1    1    1    0    1    1    1    1    1    1    1    0    1    1    1    0    1    1    1    1    1    0    1    1    0    0    1    0    0    1    0    1    1    0    1    1    1    0    0    0    0    0    0    0    0    1    0    0    0    0    0    1    0    0    0    0    1    0    1    1    0    0    0    0    0    0    0    0    1    0    0    1    0    0    1    0    1    0    1    0    0    1    0    1    1    1    0    1    0    1    0    1    0    1    0    0    0    0    0    0    0    1    0    0    1    0    1    1    1    0    0    1    1    0    1    1    0    0    1    1    1    
100    0.365423    0.322843    0    0    0    1    1    1    0    0    1    0    1    1    1    1    1    1    1    1    0    0    1    1    1    0    1    1    0    1    1    1    1    1    0    0    0    1    1    1    1    1    1    0    1    0    1    1    1    1    1    1    0    1    1    0    1    0    1    0    1    1    1    1    1    1    1    0    0    0    1    0    1    1    0    0    1    1    0    0    0    1    1    1    1    0    0    0    0    1    0    1    1    1    0    1    1    1    1    0    0    1    1    1    1    0    1    1    1    1    0    0    0    0    1    1    0    0    0    0    0    0    0    0    0    0    0    0    0    0    0    0    0    0    0    0    0    0    0    1    0    0    0    1    0    0    0    0    0    1    1    1    0    1    0    0    1    0    1    0    1    1    1    1    1    1    0    0    0    0    1    0    0    1    0    0    0    0    1    0    0    1    0    0    0    1    0    0    1    0    0    1    0    0    0    0    1    0    0    1    1    1    
100    0.788762    0.700546    1    1    1    1    0    0    1    1    1    1    1    0    1    1    1    1    1    1    1    0    0    1    1    1    0    0    1    1    0    1    1    1    0    1    1    1    1    1    1    1    1    1    0    1    1    1    1    1    1    1    1    1    1    1    1    1    1    1    1    0    1    1    1    1    0    1    0    1    1    1    1    1    1    1    1    0    1    1    1    1    1    0    0    1    1    0    1    1    1    1    1    1    1    0    1    1    1    1    1    1    1    0    1    1    1    1    1    0    0    0    1    0    0    0    0    0    0    1    1    1    0    1    1    0    0    0    1    0    1    0    0    0    0    0    0    1    1    0    0    0    1    0    1    1    1    0    1    0    1    0    0    0    0    1    0    1    0    1    0    0    0    0    0    0    1    1    0    1    0    1    0    0    0    1    0    1    0    0    0    0    0    0    0    1    1    0    0    0    1    0    0    0    1    0    0    0    0    0    0    0    
100    0.194127    0.626918    1    1    1    0    0    0    1    1    1    1    1    0    0    0    1    1    1    0    0    1    1    1    1    1    1    1    1    1    1    0    1    1    1    1    1    1    1    1    1    0    1    1    1    1    1    1    1    1    0    1    1    1    1    1    1    1    1    1    0    1    1    1    1    1    1    1    1    1    1    1    1    1    1    1    1    1    1    1    1    1    0    1    1    1    1    1    1    1    1    0    1    0    1    1    1    1    1    1    1    1    1    0    0    1    1    0    0    0    1    1    0    0    1    0    0    0    0    1    1    0    0    0    0    0    0    0    0    0    1    1    0    0    0    0    1    1    0    1    1    1    0    1    0    1    0    0    0    1    0    0    1    1    0    0    0    0    0    0    0    1    1    0    0    1    1    0    1    0    1    0    0    0    0    1    1    1    0    0    0    1    1    0    0    0    0    1    0    1    0    1    1    0    1    1    0    1    0    1    1    0    
100    0.359932    0.326161    1    0    0    1    1    1    0    1    1    1    1    1    1    1    0    0    1    1    1    1    0    1    1    0    0    0    1    1    1    1    0    1    1    1    0    0    1    1    1    1    0    1    1    1    1    0    1    0    0    0    1    0    0    1    1    1    0    0    0    1    1    1    1    1    1    1    1    1    1    1    1    1    1    1    1    0    1    1    0    1    1    1    0    0    0    1    1    1    0    1    1    1    1    1    1    1    1    0    1    1    1    1    1    1    0    0    0    0    1    1    0    0    0    1    1    1    0    0    0    1    0    0    0    0    0    1    1    0    0    1    0    1    1    0    1    0    0    0    1    0    0    1    0    0    0    0    0    0    0    0    0    0    1    1    1    0    0    0    1    0    1    0    0    1    0    0    0    0    1    0    1    1    0    0    1    0    0    0    0    1    1    0    1    1    0    1    1    1    0    0    1    1    0    0    1    0    0    0    1    1    
100    0.918643    0.185154    1    0    1    1    1    1    1    1    1    1    1    0    1    1    1    1    1    1    1    1    0    1    1    1    0    1    1    0    1    1    1    1    0    0    1    1    1    1    1    1    1    0    1    0    1    1    1    1    1    0    1    0    0    1    1    1    1    1    1    1    1    1    0    1    1    1    1    1    1    0    1    1    0    1    1    0    1    1    1    1    1    1    1    0    0    1    1    1    0    1    0    0    1    1    1    1    1    1    1    1    0    0    1    1    1    0    1    1    0    0    0    1    0    0    0    1    1    0    0    0    0    1    1    1    1    1    0    1    0    0    0    1    0    0    0    0    0    0    1    1    0    0    1    0    0    1    0    0    1    1    1    0    0    0    1    0    1    0    0    1    1    1    0    0    1    1    0    0    0    0    0    0    0    1    0    1    0    1    1    1    0    0    0    0    1    0    1    0    1    0    1    1    0    0    1    0    0    1    0    0    
100    0.824692    0.553524    1    1    1    1    1    1    0    1    0    1    1    0    1    1    1    1    1    1    0    0    1    1    1    1    1    1    1    1    1    1    1    1    0    1    1    1    1    0    0    1    1    1    1    1    1    1    1    1    1    1    1    1    1    0    0    1    1    0    0    1    1    1    1    1    1    0    0    1    0    1    1    0    1    1    1    1    0    1    1    1    1    1    1    1    1    0    1    1    1    1    1    1    1    0    1    1    1    1    0    0    0    1    0    1    0    1    1    1    1    1    1    1    0    0    1    0    0    0    1    1    0    0    0    0    1    1    1    0    0    1    0    0    0    1    1    1    1    0    0    0    1    1    0    0    0    1    1    0    0    1    0    1    0    1    1    0    0    1    0    0    1    0    0    1    0    0    0    1    0    0    0    1    0    0    0    0    0    1    0    1    1    1    0    0    0    0    1    0    0    1    0    0    0    0    1    1    1    1    0    0    
100    0.412203    0.553906    1    1    1    1    1    1    0    1    1    0    1    0    0    1    0    1    0    0    1    0    0    1    0    1    1    1    1    0    0    1    1    0    1    1    1    1    0    1    1    1    1    1    1    1    1    1    1    0    1    1    0    0    0    0    1    1    0    1    1    1    1    1    0    1    1    1    1    0    1    0    0    1    1    0    0    1    1    1    1    0    1    0    1    1    1    1    1    1    1    1    1    1    1    1    0    1    0    1    1    1    0    0    0    0    1    0    0    0    1    1    1    0    0    1    0    0    0    0    0    1    0    0    1    0    0    0    1    0    1    0    0    1    1    1    0    1    0    1    0    0    1    1    1    0    1    1    1    0    0    0    0    1    0    1    0    1    1    0    1    0    0    0    0    0    0    1    0    0    0    0    1    0    0    0    0    0    0    0    1    0    1    0    1    1    0    1    1    0    0    0    1    0    1    0    0    0    0    1    0    0    
100    0.673679    0.0471058    1    0    0    0    1    0    1    1    1    1    1    1    1    1    1    1    0    1    0    1    1    1    0    1    1    0    1    1    1    1    1    1    0    1    1    1    1    1    1    0    1    0    1    1    1    0    1    1    1    1    1    1    1    1    1    0    1    1    1    1    1    1    1    1    1    1    1    1    1    1    1    1    1    1    1    1    1    1    1    1    1    1    1    1    1    1    1    1    1    1    1    0    1    1    1    1    1    1    1    1    0    0    0    0    1    0    0    0    0    1    0    0    0    1    0    1    0    0    0    0    0    1    1    1    0    0    1    0    0    0    1    1    0    0    1    0    0    0    0    1    0    1    1    0    0    0    1    1    0    1    0    0    0    1    1    1    0    0    0    0    0    0    0    0    0    1    0    0    1    1    0    1    0    0    0    1    0    0    0    1    0    1    1    1    0    0    0    0    0    0    1    1    1    0    1    0    0    0    1    1    
100    0.581032    0.863961    1    1    1    1    1    0    1    1    0    1    1    1    1    1    1    1    1    1    1    0    1    1    1    1    0    1    0    1    1    1    1    1    1    1    0    1    1    1    1    1    1    1    1    1    0    1    0    1    0    1    1    1    0    0    1    1    1    1    1    1    1    1    1    1    1    1    1    1    1    1    0    1    1    1    1    0    0    1    1    1    1    0    0    1    1    1    1    1    1    1    1    1    1    1    1    1    1    0    1    1    0    0    1    0    1    1    1    0    1    0    0    0    0    0    0    0    1    1    0    1    1    1    1    1    1    1    0    0    0    0    1    0    0    0    1    0    1    1    0    1    0    0    1    0    0    0    0    0    1    1    0    1    0    0    0    0    1    0    0    1    0    0    1    1    0    0    0    1    0    1    0    0    0    1    0    1    1    1    1    0    1    1    1    0    0    1    1    1    1    0    1    0    0    0    1    0    0    0    0    0    
100    0.0669174    0.531678    0    1    1    1    0    1    1    1    1    1    1    1    1    1    1    1    1    1    0    1    1    0    1    1    1    1    1    1    1    1    0    1    1    0    0    1    0    1    1    1    1    1    0    1    1    0    1    0    1    1    1    1    1    1    1    0    1    1    0    1    1    1    1    1    0    1    0    1    1    1    1    1    1    1    1    1    1    0    1    1    1    1    1    1    1    1    1    1    1    0    1    0    1    1    1    1    1    1    1    1    1    1    1    1    1    0    0    1    0    0    1    1    0    1    1    1    0    0    0    1    1    0    1    0    1    1    1    0    0    0    0    1    1    1    0    0    0    0    0    1    0    0    0    1    0    0    0    1    0    1    0    0    0    0    0    1    0    0    0    1    1    0    1    0    0    1    0    1    0    0    1    1    0    0    0    1    0    0    0    0    0    1    0    0    0    0    1    0    1    0    0    1    1    0    1    0    1    0    0    1    
100    0.429438    0.413242    1    1    1    0    1    1    0    1    1    1    1    1    1    1    1    1    1    1    1    1    1    0    1    1    1    1    1    1    0    1    0    1    1    1    0    0    1    1    1    1    1    1    1    1    0    1    1    1    1    1    1    1    1    1    1    1    1    0    1    0    0    1    0    0    1    1    1    0    0    0    0    1    1    1    1    0    1    1    1    1    1    1    1    1    1    1    0    1    1    1    1    1    0    1    1    1    1    1    1    1    0    1    0    1    1    1    1    1    0    0    0    1    1    0    1    1    0    1    0    1    1    0    0    1    0    1    0    0    0    0    0    0    0    0    1    0    0    1    0    1    0    0    0    0    1    1    0    0    0    0    0    1    0    1    1    1    0    0    1    1    0    0    0    0    0    0    1    0    0    1    0    0    0    0    1    0    0    1    1    1    1    0    0    1    0    0    1    1    0    1    1    1    0    0    0    0    0    0    1    0    
100    0.925224    0.459028    1    1    0    1    1    1    1    1    1    1    1    1    1    1    1    1    1    1    1    1    1    1    1    0    1    1    1    1    1    1    1    0    1    0    1    1    0    1    1    1    0    1    1    1    1    1    1    1    1    1    1    1    0    0    1    1    1    1    1    1    1    1    1    1    1    1    1    1    1    1    1    1    1    1    1    1    1    0    0    1    1    1    1    1    1    1    1    1    1    0    1    1    1    1    0    1    1    1    0    0    0    0    1    0    0    0    0    1    0    0    0    1    1    0    1    1    1    1    1    0    0    1    0    0    0    0    0    1    0    0    1    1    1    0    1    0    0    1    0    0    0    0    0    1    0    1    0    0    0    0    0    0    1    0    0    0    0    1    1    1    0    0    0    1    1    1    0    1    0    1    1    1    1    1    1    0    0    0    1    1    0    0    0    0    0    0    1    1    0    0    0    0    0    1    0    0    1    0    1    1    
100    0.419475    0.802914    1    1    1    1    1    1    1    1    1    1    1    1    1    0    1    1    0    1    1    1    1    1    0    1    1    1    1    1    1    0    0    1    1    1    1    1    1    1    1    1    1    1    1    1    0    1    1    1    0    1    1    0    1    1    0    1    1    1    1    0    1    1    0    1    1    1    0    1    1    1    1    1    1    0    0    0    1    1    1    1    1    1    1    1    1    1    1    0    0    1    1    1    1    1    1    1    1    1    1    1    0    0    0    1    0    0    1    0    0    0    0    1    0    0    0    0    1    1    1    0    0    0    1    0    1    0    0    0    0    1    0    1    0    0    0    1    0    1    0    0    1    0    0    0    1    0    1    0    1    0    0    0    1    0    1    0    0    0    1    0    1    0    0    0    1    1    0    0    0    0    1    0    1    0    1    0    0    0    0    1    1    0    1    0    0    1    0    1    0    0    0    1    0    0    0    1    0    0    0    1    
100    0.770233    0.163567    1    1    0    1    1    1    1    1    1    1    1    1    1    1    1    0    1    1    1    1    0    1    1    1    1    1    1    0    1    1    1    0    1    1    1    1    1    0    1    1    1    1    1    1    1    0    1    1    1    1    1    1    0    1    1    1    0    1    1    1    0    1    1    1    1    1    1    1    1    1    1    1    1    1    1    1    1    1    1    1    1    1    1    1    1    1    1    1    1    1    1    1    1    0    1    1    1    1    1    1    0    0    0    1    0    0    1    0    1    0    0    0    0    0    0    1    1    0    1    1    0    0    1    0    1    1    1    0    1    1    1    0    0    0    0    1    0    0    0    0    0    0    0    0    0    1    1    1    0    0    0    0    0    1    1    0    1    0    0    0    1    0    1    1    1    1    1    1    0    1    0    0    0    0    0    0    0    0    0    0    0    0    0    0    0    0    1    0    1    0    1    0    1    1    0    0    0    0    1    0    
100    0.673115    0.372163    1    1    1    1    1    1    1    1    1    1    1    0    1    1    1    1    1    1    1    1    0    1    0    0    0    0    1    1    1    1    1    1    1    1    1    1    1    1    1    1    1    1    0    1    0    1    0    1    1    0    1    1    0    1    1    1    1    1    1    1    1    1    1    1    1    1    1    1    0    1    1    0    1    1    1    0    1    1    1    0    0    1    1    1    1    1    0    1    1    1    1    1    1    1    1    1    1    1    0    1    0    1    0    0    1    0    0    0    1    0    1    0    0    0    0    0    1    0    0    1    1    1    0    0    1    0    0    1    0    0    0    1    0    0    0    1    1    1    1    0    0    0    0    0    1    0    1    0    0    1    1    1    1    1    0    0    0    1    0    0    0    0    1    0    0    0    0    0    1    0    1    1    0    0    0    0    0    1    0    0    1    0    1    0    0    0    1    0    0    0    1    1    0    0    1    1    0    0    0    1    
100    0.0854631    0.185681    1    1    1    1    1    1    1    1    1    1    1    1    1    1    1    1    1    1    1    0    1    1    0    1    1    0    1    1    1    1    0    0    1    1    1    1    1    0    1    0    1    0    1    1    1    1    0    1    1    0    1    1    1    0    1    1    1    1    1    1    1    1    1    0    1    1    1    1    0    1    1    1    1    1    1    1    1    1    1    1    1    1    1    1    1    1    1    1    1    1    1    0    1    1    1    1    1    1    1    1    0    1    1    0    1    0    1    0    0    1    0    1    0    0    0    1    0    1    0    1    0    0    0    0    1    0    0    1    0    0    1    1    1    0    0    0    0    0    0    0    0    0    0    1    1    0    0    1    1    0    0    0    0    0    0    0    0    0    0    0    0    1    0    1    1    0    0    1    1    0    1    0    0    0    1    0    0    0    0    1    1    1    0    0    0    0    1    0    1    0    1    0    0    1    0    0    0    0    0    0    
100    0.708152    0.368977    1    0    1    1    1    1    1    1    1    1    1    0    1    1    1    0    0    1    1    1    1    1    1    1    0    1    1    0    0    1    1    1    1    1    0    1    1    1    1    0    1    1    1    0    1    1    1    1    1    1    1    1    1    0    1    1    1    1    1    0    1    0    1    1    1    1    1    1    1    0    1    1    1    1    1    1    1    1    0    0    1    1    1    1    1    1    1    1    1    1    1    1    1    1    1    1    1    1    1    1    0    1    1    0    0    0    0    0    0    1    1    0    0    0    0    1    0    0    0    0    1    0    1    0    1    1    0    0    0    0    0    0    0    0    0    0    0    0    0    0    1    1    1    0    0    0    0    1    1    1    1    0    0    0    0    1    0    1    0    0    1    0    0    0    1    0    0    1    0    0    1    1    1    1    0    0    0    1    0    1    0    1    0    0    1    1    0    1    1    0    0    0    1    1    0    0    1    1    0    0    
100    0.587336    0.480048    1    1    1    1    1    0    1    1    1    1    1    1    0    1    1    1    1    1    0    1    1    1    1    1    0    1    1    1    1    0    1    1    0    1    1    1    1    1    1    0    0    1    1    1    1    0    1    1    1    1    1    1    1    1    0    1    1    0    1    1    1    0    1    1    0    1    0    1    1    1    1    0    1    1    0    1    1    0    1    1    1    1    1    1    1    1    0    1    1    1    1    1    1    1    0    1    1    0    0    1    0    0    0    1    1    1    1    0    0    0    0    0    0    0    0    1    1    0    0    0    1    1    0    1    0    0    0    0    1    0    0    1    0    0    0    0    1    0    1    1    1    1    0    1    1    1    1    0    0    1    0    0    1    1    0    1    0    0    0    0    1    0    1    0    1    0    0    0    1    1    0    0    0    1    0    0    0    0    1    1    1    0    0    1    1    1    0    0    1    0    1    1    0    1    0    0    0    0    1    1    
100    0.107446    0.676528    1    1    1    1    0    1    1    1    0    1    1    1    1    1    1    1    1    0    0    1    1    0    1    1    1    1    1    0    1    1    1    0    1    1    1    1    0    0    1    1    1    1    0    1    0    1    1    1    0    1    1    1    1    1    1    1    1    1    1    1    0    1    1    1    1    1    1    1    1    1    1    1    1    0    1    1    1    1    0    1    1    0    0    1    0    1    1    0    1    0    1    1    0    1    1    1    0    1    0    1    0    0    0    1    1    0    0    0    0    0    0    1    1    0    0    1    0    0    0    0    0    0    0    0    0    0    0    1    0    0    1    0    0    1    0    0    0    1    0    1    1    0    1    0    0    0    0    1    1    0    1    0    0    0    0    1    0    0    1    0    1    1    0    1    1    0    1    1    0    0    0    1    1    1    1    1    0    1    0    0    0    1    0    0    0    0    0    1    0    1    0    1    0    0    1    1    0    1    0    1    
100    0.544073    0.0397468    0    1    1    1    1    1    1    1    1    1    0    1    0    1    1    0    1    0    1    1    1    1    1    0    1    1    1    1    1    1    1    0    1    1    1    1    1    1    1    1    1    0    0    1    1    0    1    1    1    1    1    1    1    1    1    1    1    1    1    1    0    1    1    1    1    1    1    1    1    0    1    1    1    1    1    1    1    1    1    1    1    1    1    1    1    0    1    1    1    1    0    1    1    1    1    1    1    1    1    0    0    0    0    1    0    0    1    0    0    0    0    1    0    0    1    0    0    0    1    0    1    0    1    1    0    0    0    1    0    0    1    1    0    1    0    1    1    0    0    1    1    1    0    0    0    0    0    0    0    0    1    1    0    0    0    0    1    0    1    1    0    1    0    0    0    0    1    1    1    0    0    0    0    0    0    1    0    1    1    1    1    1    0    0    0    1    1    1    0    0    0    1    0    0    0    0    0    0    0    1    
