50    0.350627    0.34382    1    1    1    1    1    0    1    1    1    1    1    1    1    1    0    1    1    1    1    1    0    1    1    0    1    1    1    1    1    1    1    1    1    0    1    1    1    1    0    1    1    1    1    1    0    1    0    1    1    1    1    1    1    1    1    1    1    1    1    0    1    1    1    1    1    1    1    1    0    1    1    1    1    1    1    1    1    1    1    0    1    1    1    1    1    1    1    1    1    1    0    1    1    1    1    1    0    1    1    0    0    0    0    0    0    1    0    1    0    0    1    0    1    0    0    0    0    1    0    0    0    1    0    1    1    1    0    0    0    1    0    1    0    1    1    0    1    1    0    1    0    1    0    0    1    0    1    0    1    0    1    1    1    1    1    1    1    1    1    0    1    0    0    0    1    0    1    0    0    1    0    1    0    1    1    0    0    0    0    1    0    0    0    0    0    0    0    0    0    0    0    0    1    0    0    0    1    1    0    0    
50    0.0792696    0.897525    0    1    1    1    1    1    1    1    1    1    1    1    1    1    1    1    1    1    1    1    1    1    1    1    1    1    1    1    1    1    1    1    1    1    1    1    1    1    1    1    1    1    1    1    1    1    1    1    1    1    1    1    1    1    1    0    1    1    1    0    1    0    1    0    1    1    1    1    1    1    1    1    1    1    1    1    0    1    1    1    1    0    1    1    1    1    1    1    1    1    1    1    1    1    1    1    1    1    1    1    0    1    0    1    0    1    0    0    0    0    0    1    1    1    0    1    1    0    1    0    0    1    0    0    0    1    0    0    0    0    0    1    0    1    0    0    0    1    0    0    1    1    0    1    1    0    0    1    0    1    1    0    0    0    0    1    0    0    1    0    0    0    0    1    0    1    0    0    0    0    0    0    1    1    1    0    0    0    0    0    1    0    1    0    0    0    0    0    1    0    1    1    0    0    0    1    0    1    1    0    
50    0.416831    0.784042    1    1    1    1    1    1    1    1    1    1    1    1    1    1    1    1    1    1    1    0    1    1    1    1    1    1    1    1    1    1    1    0    1    1    1    1    1    1    1    1    0    1    1    1    1    1    1    1    1    0    1    0    1    1    1    1    1    0    1    0    1    1    1    1    1    0    1    1    1    1    1    1    1    1    1    1    1    1    0    1    1    1    0    1    1    1    1    1    1    1    1    1    1    0    1    1    1    1    1    1    0    0    1    0    0    0    1    0    1    0    0    0    0    0    0    0    1    1    0    0    0    0    1    1    0    1    0    0    1    0    0    0    1    0    0    1    1    1    1    1    0    0    1    0    1    0    1    0    1    0    0    0    1    1    0    0    0    0    1    0    0    1    1    0    1    0    0    0    0    1    0    0    1    0    1    0    1    1    0    1    0    0    0    0    0    1    1    0    0    1    0    0    1    0    1    0    0    1    1    0    
50    0.835564    0.865901    1    1    1    0    1    1    1    1    1    1    1    0    1    1    1    0    1    1    1    1    1    1    1    1    1    1    1    1    0    1    1    1    1    1    1    1    1    1    1    1    1    0    1    0    1    1    1    0    1    1    1    1    1    1    1    1    0    1    1    1    1    1    1    1    1    1    1    1    1    1    0    1    1    0    1    1    1    1    1    1    1    1    1    1    1    1    1    1    1    0    1    1    1    1    1    1    0    1    1    0    1    1    0    1    1    0    0    1    0    0    0    1    0    0    0    0    1    1    0    1    0    0    1    0    1    1    0    1    0    1    0    0    0    0    0    0    0    0    0    0    0    1    0    0    0    0    0    1    1    0    0    1    1    1    0    0    0    1    1    1    0    0    1    0    0    1    0    0    1    0    0    0    0    0    0    0    1    0    0    0    0    0    0    1    0    1    1    1    0    1    1    1    1    1    0    0    0    1    0    0    
50    0.232387    0.0225907    0    1    0    1    1    0    1    0    1    0    0    1    1    1    1    1    1    0    1    1    1    0    1    1    1    1    1    1    1    0    1    1    1    0    1    0    1    1    0    1    1    1    1    1    1    1    1    0    1    1    1    1    1    1    1    0    1    1    1    1    0    0    1    0    1    1    0    0    1    1    1    1    1    0    0    0    1    1    0    1    0    1    1    1    1    1    0    1    1    1    1    1    0    1    1    1    0    1    1    1    0    0    1    1    1    0    0    0    0    0    0    0    1    0    1    0    0    0    0    0    0    1    0    1    0    0    0    1    0    1    1    0    1    0    0    0    0    1    0    0    0    1    0    0    1    0    1    0    1    0    1    1    0    0    1    1    1    0    1    0    0    0    1    1    1    0    0    0    1    1    1    1    1    0    0    0    0    0    0    1    1    0    0    1    0    0    1    0    1    1    1    1    0    1    0    0    0    0    0    0    
50    0.707769    0.885935    1    1    1    1    1    1    0    1    1    1    0    0    1    1    1    1    1    1    1    1    1    1    0    1    1    1    1    1    1    1    1    1    0    1    1    1    1    1    1    1    1    1    1    0    1    1    1    1    1    1    1    1    0    1    1    1    1    1    0    1    1    1    1    1    1    1    1    1    1    0    1    1    1    1    1    0    1    1    1    1    1    1    1    1    1    1    1    1    1    1    1    1    1    1    0    0    1    1    1    1    0    0    0    0    0    1    1    0    0    0    0    1    0    1    0    0    0    0    0    0    0    0    0    0    1    0    1    0    1    0    0    0    1    0    0    0    1    0    1    0    0    0    0    1    0    1    1    0    0    1    0    0    0    1    0    0    0    0    0    0    0    1    1    0    1    0    0    0    0    1    1    0    0    0    0    0    0    0    0    1    0    0    0    1    1    1    0    1    0    0    0    0    0    0    1    0    1    1    0    0    
50    0.409098    0.410076    1    1    1    0    1    1    1    1    0    1    1    1    1    1    1    0    1    1    1    1    1    1    1    1    0    1    1    1    0    1    1    1    1    1    1    1    1    1    1    1    1    1    1    1    0    1    1    1    1    1    1    1    1    1    1    1    1    1    1    1    1    1    1    1    1    1    1    1    1    1    1    1    1    0    1    1    1    1    1    1    1    1    1    0    1    1    1    1    1    1    0    1    1    1    1    1    1    1    1    1    0    0    0    1    1    0    0    0    0    0    1    0    0    1    0    0    1    0    1    0    1    0    0    0    1    0    0    1    1    1    1    1    0    0    0    0    1    0    0    0    0    0    0    1    1    0    0    1    1    0    1    0    0    1    0    0    1    0    1    0    1    1    0    1    0    1    0    0    1    0    1    0    0    0    1    0    1    1    0    0    1    0    0    1    0    0    0    1    0    0    1    1    0    1    0    0    0    0    0    0    
50    0.119804    0.523639    1    1    1    1    1    1    1    1    1    1    1    0    0    1    1    1    1    0    1    1    1    1    0    1    1    1    1    1    1    0    1    1    1    1    1    1    1    1    1    1    0    1    1    1    1    1    1    0    0    1    1    1    1    1    1    1    0    1    1    1    1    1    0    1    1    0    1    1    1    1    1    1    1    1    1    1    1    1    1    1    1    0    0    1    1    0    1    1    1    1    1    1    1    1    1    1    1    1    0    1    1    0    0    0    0    1    1    0    1    0    0    0    1    1    0    1    1    0    0    1    1    0    1    0    1    0    0    1    0    1    0    1    0    1    0    1    0    0    1    1    1    0    1    1    0    0    1    1    1    1    0    0    1    0    1    0    1    0    0    1    1    0    0    1    1    0    1    1    0    0    0    1    0    0    0    0    1    0    0    1    0    0    0    0    0    0    0    1    1    0    1    1    1    0    1    0    1    0    0    0    
50    0.0049906    0.623343    1    1    1    1    1    1    1    0    1    1    1    1    1    0    1    1    1    1    1    1    1    1    1    1    1    1    1    1    1    1    0    1    1    1    1    1    1    1    1    1    1    1    1    1    1    1    1    1    1    1    1    1    1    1    1    1    1    1    1    1    1    1    1    1    1    1    0    1    1    1    1    1    0    1    1    1    1    1    1    1    1    1    1    1    0    1    1    1    1    1    1    1    1    0    1    1    1    1    1    1    0    0    1    0    1    1    1    1    0    1    1    1    1    1    0    1    0    1    0    0    0    0    1    1    0    0    0    0    1    0    0    0    1    0    0    0    0    1    0    0    1    0    1    0    1    1    0    1    0    0    0    0    0    0    1    1    1    0    1    1    1    1    1    0    0    1    0    1    1    1    1    0    0    1    0    0    0    0    0    0    0    0    1    0    0    1    1    0    0    0    1    0    0    1    0    0    0    0    1    1    
50    0.647048    0.888982    1    1    1    0    1    0    1    1    1    1    1    1    0    1    1    1    1    1    1    1    1    1    1    1    0    1    1    1    1    0    0    1    1    1    1    1    1    1    1    1    1    1    1    1    1    1    1    0    1    1    1    1    0    0    0    1    0    1    1    1    1    1    0    0    1    1    1    1    1    0    1    1    0    1    1    1    1    1    1    1    1    1    1    1    1    0    1    0    1    0    1    1    0    1    1    1    1    1    0    1    0    1    1    1    0    0    1    1    0    0    1    0    0    0    1    1    1    1    0    0    0    0    1    0    1    0    0    0    1    0    0    1    0    0    0    0    1    0    1    0    1    1    0    0    0    0    0    1    0    1    0    0    0    0    0    0    0    1    1    0    1    1    0    0    0    0    1    1    0    1    1    0    1    0    1    0    0    0    1    1    0    0    1    0    0    1    0    0    1    1    0    0    1    0    0    0    1    0    0    1    
50    0.293736    0.411126    1    1    1    1    1    0    1    1    1    1    1    1    1    1    1    1    0    1    1    1    1    0    0    1    1    1    1    1    1    1    1    1    1    1    1    1    1    0    1    0    0    1    1    1    1    1    1    1    1    1    1    1    1    1    1    1    1    1    1    1    1    1    1    1    1    1    0    1    1    1    1    1    1    1    1    0    1    1    1    1    1    0    1    1    1    1    1    0    1    1    0    1    1    1    1    1    1    1    0    0    0    1    1    1    0    1    0    0    0    0    0    0    0    0    1    0    0    0    1    1    0    1    0    0    1    0    0    1    0    0    1    0    0    0    0    0    1    0    1    1    0    1    1    0    1    0    1    1    1    0    0    0    0    0    1    0    0    0    0    0    0    1    0    1    1    1    0    0    0    1    0    0    0    1    1    0    1    1    1    1    0    1    1    1    0    0    1    0    0    1    1    0    1    0    1    0    1    0    0    0    
50    0.360549    0.433277    1    1    1    0    1    1    1    1    1    1    1    1    1    1    1    1    1    0    1    1    1    1    1    1    1    1    1    1    1    1    1    1    1    0    1    1    1    1    1    1    1    1    1    1    1    1    0    1    1    1    1    1    1    1    1    1    1    1    1    1    1    1    1    1    1    1    1    1    1    1    1    1    1    1    1    0    1    1    1    1    1    1    1    0    1    1    1    1    1    1    1    1    1    1    1    1    1    1    0    1    0    1    0    1    0    1    0    1    0    1    1    0    0    0    0    0    0    0    0    1    1    0    0    1    1    0    0    0    1    0    1    0    0    1    1    1    0    0    1    0    0    1    1    0    1    1    1    1    1    1    0    0    1    0    1    1    0    0    1    1    1    1    0    0    0    0    1    0    1    0    1    0    0    1    0    0    0    1    0    0    1    1    1    0    0    1    0    1    1    0    0    0    1    1    0    0    0    1    1    1    
50    0.621547    0.0136265    1    1    1    1    1    0    1    1    1    1    1    1    1    1    1    1    1    1    1    1    1    0    1    1    1    1    1    1    1    1    0    0    0    0    1    1    1    1    0    1    1    1    1    1    1    0    1    1    1    1    1    1    1    1    1    1    1    1    1    1    1    1    1    1    0    0    1    1    1    0    1    0    1    1    1    1    1    1    1    1    1    1    1    0    1    1    1    1    1    1    1    1    1    1    1    1    1    1    0    1    0    1    1    1    0    1    1    0    0    0    0    1    0    1    1    1    1    0    0    0    0    1    1    1    1    0    1    0    0    1    0    0    0    0    0    0    0    0    1    1    0    1    0    0    0    1    0    0    1    1    0    1    1    0    0    1    1    0    1    0    1    1    1    1    0    0    0    0    1    0    0    0    0    0    0    1    0    1    0    0    1    0    1    0    0    0    1    0    1    0    0    0    0    1    1    1    0    0    0    0    
50    0.725788    0.437788    1    1    1    1    1    1    1    1    1    1    1    1    1    1    1    1    1    1    1    1    1    0    1    0    1    1    1    1    0    1    1    1    1    1    1    1    1    1    1    1    1    1    1    0    1    1    0    1    1    1    1    1    1    1    1    1    1    1    1    1    1    1    1    1    1    1    1    1    1    1    0    1    1    1    1    1    1    1    1    1    1    1    1    0    1    1    1    1    1    1    1    1    1    1    1    1    1    0    1    1    1    0    1    0    0    0    0    0    0    0    1    1    0    0    0    0    1    0    1    0    1    1    0    0    0    0    1    0    0    0    1    0    1    0    0    1    1    0    1    1    0    1    0    0    0    0    1    0    1    0    0    0    1    1    0    0    0    1    1    0    0    0    0    1    0    1    0    1    0    1    0    0    0    1    0    0    0    1    0    1    0    0    0    0    1    1    1    0    0    1    1    0    1    0    1    0    0    0    0    0    
50    0.44154    0.0245283    1    1    1    1    1    1    1    0    1    1    1    1    1    1    1    1    1    1    1    0    1    1    1    1    1    0    0    1    0    1    0    1    1    1    0    1    1    0    1    0    1    0    0    1    1    1    1    1    1    0    1    1    1    0    1    1    1    1    1    1    1    0    1    0    1    1    1    1    1    1    1    1    1    1    1    1    1    1    1    1    1    1    1    1    1    0    0    1    1    1    1    1    1    1    0    1    0    1    1    1    1    0    1    0    0    0    1    0    0    1    0    1    1    1    0    1    0    0    1    0    0    0    1    0    0    1    1    0    1    0    1    0    0    0    1    0    0    1    1    0    1    1    0    1    0    1    1    1    0    0    1    1    0    0    1    0    1    0    0    1    0    0    1    1    1    1    0    1    0    0    0    1    0    1    0    0    0    0    0    0    0    0    1    1    0    1    0    0    0    0    0    0    1    1    0    1    0    0    0    1    
50    0.129993    0.515779    0    1    1    1    1    1    0    1    1    1    1    1    1    1    1    0    1    1    1    1    1    1    0    1    1    1    1    1    1    1    1    1    1    1    1    1    1    1    1    1    0    1    1    1    1    1    1    1    1    0    1    1    1    1    1    1    1    1    1    1    1    1    1    1    1    0    0    0    1    1    1    1    1    1    1    1    1    1    1    1    1    1    1    1    1    1    0    1    1    1    1    1    0    1    1    1    0    1    1    1    1    1    0    0    0    1    1    0    1    0    1    1    1    0    1    0    1    0    1    1    1    0    1    1    0    1    0    0    1    1    1    0    1    0    1    0    0    0    0    1    0    0    0    0    1    0    0    0    0    0    1    0    1    0    0    1    1    0    0    0    0    0    0    0    0    0    1    1    0    0    1    1    0    0    0    0    1    1    1    0    1    1    0    0    0    0    0    1    0    1    1    0    0    0    0    0    0    0    0    1    
50    0.499319    0.53704    1    1    1    1    1    1    1    1    1    0    1    1    1    1    1    1    1    1    1    0    1    1    1    0    1    1    0    1    0    1    1    1    0    1    1    0    1    1    1    0    1    1    1    1    1    1    1    1    1    1    1    1    1    0    1    1    1    1    1    1    1    1    1    1    1    1    1    1    1    1    1    1    1    1    0    1    1    1    1    1    1    1    1    0    1    1    1    1    1    1    0    1    0    1    1    1    1    1    0    1    1    0    0    0    1    0    0    0    1    0    0    0    0    0    1    0    0    0    1    0    1    1    1    1    1    1    1    0    0    0    0    0    0    0    0    0    1    0    0    0    1    0    0    1    1    1    0    1    1    1    0    0    0    0    0    1    1    1    0    1    1    0    0    0    1    0    0    0    1    0    0    0    0    0    0    0    0    1    0    0    0    0    1    0    0    1    1    1    1    0    1    0    1    0    1    1    0    1    0    0    
50    0.671371    0.543421    1    1    1    1    1    1    1    0    1    0    1    1    1    1    1    1    1    1    1    1    0    0    1    1    0    1    1    1    1    1    1    1    1    1    1    1    1    1    1    0    1    1    0    0    1    1    0    1    0    1    1    1    1    1    1    0    1    0    1    0    1    1    1    0    1    1    1    1    1    1    1    0    1    1    1    0    1    1    0    1    1    0    1    1    0    1    1    0    1    0    1    1    1    1    1    1    0    1    1    1    0    0    1    0    1    0    0    0    1    0    1    1    1    1    0    1    0    1    0    1    0    0    1    0    0    0    1    0    0    1    0    1    1    1    0    0    1    0    1    1    0    1    0    1    1    0    1    0    1    1    0    1    1    1    0    0    0    1    1    0    1    1    1    0    1    0    0    0    0    0    0    0    1    0    0    0    0    0    0    1    0    1    1    0    0    0    0    0    0    0    1    1    0    0    0    0    1    0    1    0    
50    0.967516    0.991491    1    1    1    0    1    1    1    0    0    1    1    0    0    1    1    1    1    1    1    1    1    1    1    0    1    1    1    1    0    1    1    1    1    1    1    1    1    1    1    0    1    0    1    1    1    1    0    0    1    1    1    0    1    1    1    0    1    1    1    1    1    1    1    1    1    1    1    1    1    1    1    1    0    1    1    1    1    1    1    1    1    1    1    1    1    1    1    1    1    1    1    1    1    1    1    0    0    1    1    1    0    0    0    0    1    1    0    1    1    0    0    0    0    0    1    0    1    1    1    0    0    0    1    1    1    0    1    1    0    0    1    1    1    0    0    0    1    0    0    0    1    1    0    0    1    1    0    0    1    0    1    0    0    0    1    0    1    0    1    1    0    0    0    0    0    1    0    1    1    0    0    1    1    0    0    0    0    0    0    0    1    1    1    0    0    0    1    1    0    1    0    1    0    1    0    0    1    0    0    1    
50    0.126477    0.329129    1    1    1    1    0    1    1    1    1    1    1    0    1    1    1    1    1    1    1    1    1    0    1    1    1    0    1    0    1    1    1    1    1    1    1    1    0    1    1    1    1    1    0    1    1    1    1    1    1    1    1    1    1    0    1    1    0    1    1    1    1    1    1    1    1    1    1    1    1    0    1    1    1    1    1    1    1    1    0    1    1    1    1    0    1    1    1    1    1    1    1    1    1    1    1    1    1    1    0    1    1    0    0    1    1    0    1    0    0    0    1    0    1    0    1    0    0    0    0    1    0    1    1    1    1    0    1    1    1    0    0    0    1    1    0    0    1    0    1    0    1    1    0    0    1    0    0    0    0    1    0    1    1    0    0    0    0    0    1    1    1    0    1    0    0    0    0    1    0    1    1    0    1    0    1    0    1    0    0    1    0    0    0    0    1    0    1    0    1    0    0    0    0    0    1    0    0    1    0    0    
50    0.0969305    0.022983    1    1    1    1    1    0    1    1    1    1    1    1    1    1    0    1    1    1    1    1    1    1    1    1    1    1    1    1    1    1    1    1    1    1    1    1    1    1    1    1    0    1    1    1    1    0    1    1    1    1    1    1    1    0    1    1    1    0    1    1    1    1    1    0    0    1    1    1    0    1    0    1    0    1    1    1    1    1    1    1    1    0    1    1    1    0    1    1    1    1    1    1    1    0    1    1    1    1    1    1    0    0    0    1    1    0    0    0    0    0    1    1    1    1    1    1    0    0    1    1    0    0    0    0    0    1    1    0    0    0    0    0    1    1    0    0    0    0    1    0    1    1    1    1    0    0    0    0    1    0    0    0    0    0    0    1    0    0    0    0    0    1    0    1    0    0    1    0    0    0    1    1    1    1    0    1    1    0    1    0    0    1    0    0    0    0    0    0    0    1    0    0    0    0    0    0    0    0    1    0    
50    0.86456    0.718959    1    1    1    1    1    0    1    1    1    1    1    1    1    1    1    1    1    1    1    1    1    1    1    1    1    1    1    1    0    0    0    1    1    1    0    1    1    1    0    1    1    1    1    1    1    1    1    1    1    0    1    1    1    1    1    1    1    1    1    1    1    1    1    1    1    1    1    1    0    1    1    1    1    1    1    1    1    1    1    1    1    1    1    1    1    1    1    1    1    0    0    0    1    1    1    1    1    1    1    1    1    0    0    0    0    1    0    0    1    0    0    1    0    1    0    1    0    1    0    1    0    1    0    0    1    0    0    0    0    1    0    0    0    0    0    1    1    0    0    0    0    0    0    0    0    1    0    1    0    0    1    1    1    0    1    0    0    1    1    0    0    1    0    0    0    1    1    0    1    0    1    0    0    0    0    1    0    0    1    0    1    0    0    1    0    0    0    0    0    1    0    0    1    0    0    0    0    0    0    0    
50    0.251263    0.353224    1    1    1    1    1    1    1    1    1    1    1    0    1    1    1    0    1    1    1    1    1    1    1    1    1    0    1    1    0    0    1    1    1    1    1    1    1    1    1    1    1    1    1    0    1    1    1    1    1    1    1    0    1    1    0    1    1    1    1    1    0    1    1    1    1    0    1    1    1    1    1    1    1    0    1    1    1    1    1    1    1    1    1    1    1    1    1    1    1    1    1    0    1    1    1    1    1    1    1    1    0    0    1    1    1    1    0    0    1    0    0    1    0    0    1    0    0    1    0    1    0    0    0    0    0    0    0    0    0    1    0    0    0    1    0    0    1    1    0    0    0    0    1    0    1    1    0    0    1    0    0    1    0    0    1    0    0    1    1    0    0    0    0    0    0    0    0    0    0    1    1    0    1    0    0    0    0    0    0    0    0    1    0    1    1    0    1    1    1    0    0    1    1    0    1    0    0    0    0    0    
50    0.0859557    0.777606    1    1    1    1    1    1    1    1    1    1    1    1    1    1    1    0    1    1    1    0    1    1    1    1    1    1    1    1    1    1    1    1    1    1    1    1    1    1    1    1    1    1    1    1    1    0    1    1    1    1    1    1    1    1    1    1    1    1    1    1    1    1    1    1    1    1    1    1    1    0    1    1    1    1    1    1    1    1    1    1    1    1    1    1    1    1    1    1    1    1    1    1    1    1    1    1    1    1    1    1    0    0    0    0    1    1    1    0    0    1    0    0    1    0    1    1    1    1    1    1    1    1    1    1    0    1    0    0    1    0    0    0    0    1    0    1    1    0    1    1    1    1    0    1    0    0    0    1    0    0    1    0    1    0    0    0    1    1    1    0    1    1    1    0    1    0    1    0    1    0    0    1    0    1    1    0    1    0    1    0    0    1    0    1    0    0    0    0    0    0    0    0    1    0    0    0    0    1    0    0    
50    0.628226    0.447357    1    0    1    1    1    0    1    1    1    0    1    1    1    1    1    0    1    1    1    1    1    1    1    1    1    1    1    1    1    1    1    1    1    1    1    1    0    1    1    1    1    1    0    1    1    1    1    0    1    1    1    1    1    1    1    1    1    1    1    1    0    1    1    1    1    1    1    1    1    1    1    1    1    1    0    1    1    1    1    1    1    1    1    1    1    1    1    1    1    1    1    1    0    1    1    1    1    1    1    1    0    0    1    1    1    1    1    1    1    0    0    0    0    1    0    0    0    0    0    0    0    0    1    0    1    0    1    0    0    0    0    0    1    1    1    0    0    1    0    0    1    0    0    1    0    0    0    1    1    1    0    0    1    1    1    0    0    0    1    0    0    0    0    1    0    0    0    0    0    0    0    0    1    0    0    0    0    0    1    1    0    0    0    1    0    1    0    0    1    0    1    0    0    0    0    1    1    0    0    1    
50    0.572896    0.315065    0    0    1    1    1    1    1    1    1    1    1    1    1    1    1    1    1    0    1    1    1    1    1    0    0    1    0    1    1    0    1    0    1    1    0    0    1    1    1    1    1    0    1    0    1    1    1    1    1    1    1    1    1    1    0    1    1    1    1    1    1    1    1    1    1    0    1    1    1    1    1    1    1    1    1    1    1    1    1    1    1    1    0    1    1    1    1    1    0    1    1    1    1    1    1    1    1    1    0    0    0    0    0    1    1    1    0    0    1    1    0    1    0    0    0    0    1    0    0    1    0    0    1    0    0    1    0    1    1    0    0    0    0    0    0    0    1    0    0    1    0    1    1    1    0    1    0    0    0    1    0    0    1    0    0    0    0    1    1    0    0    0    1    1    1    1    1    0    0    1    0    0    1    1    1    0    0    0    0    0    1    0    0    0    0    0    0    0    1    0    0    1    0    1    0    1    0    0    1    0    
50    0.962604    0.493386    1    1    1    1    1    0    1    1    1    1    1    1    1    1    1    1    1    1    1    1    1    0    1    0    1    1    1    1    1    1    1    1    1    1    1    1    1    0    1    1    1    1    0    1    1    1    1    0    1    1    1    1    1    1    1    1    0    1    1    1    1    1    1    1    1    1    1    1    1    1    1    1    1    1    1    1    1    1    1    1    1    1    1    0    1    1    1    1    1    1    1    1    1    1    1    1    1    1    1    1    0    0    1    0    0    0    1    1    0    0    0    0    0    0    0    0    0    1    0    0    0    1    1    0    0    1    0    0    1    0    0    1    1    1    0    1    1    0    1    0    0    0    1    0    0    0    0    1    1    0    0    0    0    0    0    0    0    0    0    1    0    0    1    1    0    1    0    1    0    0    0    0    1    0    0    0    0    0    1    1    0    1    0    0    0    0    1    0    0    1    0    0    1    0    0    1    1    0    0    0    
50    0.908349    0.371439    1    1    1    1    1    1    1    0    1    1    1    1    1    1    1    1    1    1    1    1    1    1    1    1    1    1    1    1    1    1    1    0    1    1    1    1    1    1    0    1    1    1    1    1    1    1    1    1    1    1    1    1    1    1    0    0    1    1    0    1    1    1    1    1    1    1    1    1    1    1    1    1    0    1    1    1    1    1    1    0    1    1    1    1    1    1    1    1    1    1    1    1    1    1    1    1    1    1    1    1    0    1    1    0    0    0    1    1    1    0    0    0    0    1    1    1    0    0    0    0    1    0    0    0    1    1    0    0    0    0    1    1    1    0    0    0    0    1    0    1    0    0    0    1    0    1    0    1    0    0    1    0    0    1    1    0    0    1    0    0    0    1    0    1    0    1    0    0    1    1    1    1    1    0    0    0    0    1    0    1    1    0    0    1    0    0    0    0    0    1    0    1    0    1    0    0    0    0    0    0    
50    0.882686    0.327311    1    1    1    1    1    1    1    1    0    1    1    1    1    1    1    1    1    0    0    1    1    1    0    1    1    1    1    1    0    1    1    1    1    1    1    1    1    1    1    1    1    1    1    1    1    1    1    1    1    1    1    1    1    1    1    1    1    1    1    1    0    1    1    1    1    1    1    1    1    1    1    1    1    1    1    1    1    1    1    1    1    1    1    0    0    1    1    1    1    1    1    1    1    1    1    1    1    1    1    1    0    0    1    0    1    0    0    0    0    1    0    0    0    1    0    0    0    1    0    1    1    0    0    0    0    1    0    0    1    0    0    0    0    0    0    1    0    0    1    1    1    1    1    1    0    1    1    1    0    1    0    1    0    0    0    1    1    0    1    1    0    0    1    1    1    1    1    0    0    1    1    1    0    0    0    1    0    0    0    0    1    0    1    0    0    1    0    0    1    1    0    0    0    0    0    0    0    0    0    1    
50    0.546155    0.142102    1    1    1    1    1    1    1    0    1    1    0    1    0    0    0    1    0    1    0    1    1    0    1    1    1    1    0    1    1    1    0    1    1    1    1    0    0    1    1    1    0    0    1    1    1    1    1    1    1    1    1    1    1    0    0    1    1    1    1    0    1    1    0    0    1    1    1    1    1    0    1    1    1    1    1    1    1    1    0    1    1    1    1    0    0    0    1    1    0    0    1    1    1    1    1    0    1    1    1    1    1    1    1    1    0    1    0    0    0    0    1    1    0    1    0    1    0    0    0    1    0    0    1    0    0    1    0    0    1    0    0    0    0    0    0    0    1    1    0    1    0    1    0    0    0    1    1    1    0    1    1    0    1    1    0    0    1    0    1    0    1    1    1    1    0    1    1    0    1    1    0    0    0    0    1    1    0    1    1    1    0    0    1    1    0    1    0    0    0    0    1    0    0    0    1    0    1    1    1    0    
50    0.513962    0.407127    1    1    1    1    1    1    1    1    1    0    1    1    1    1    1    1    1    1    1    1    1    0    1    1    1    1    1    1    1    0    1    1    1    1    1    1    1    1    1    1    1    1    1    1    1    1    1    1    1    1    1    1    1    1    1    1    1    1    1    1    1    1    1    1    1    1    1    1    1    1    1    1    1    1    1    1    1    1    1    1    1    1    1    0    1    1    1    1    1    1    1    1    1    1    1    1    1    1    1    1    0    0    0    0    0    1    0    0    1    1    0    1    0    0    1    1    1    0    0    0    0    1    0    0    1    0    1    1    1    0    1    0    0    1    1    0    0    0    1    0    0    1    0    1    0    1    0    0    0    1    0    1    0    1    0    1    0    0    0    1    1    1    0    1    1    0    0    1    1    0    0    1    1    1    1    1    0    1    1    1    1    0    0    0    1    0    0    0    0    0    0    1    1    0    0    0    0    1    0    1    
50    0.303456    0.357764    1    1    0    1    1    1    1    1    1    0    1    1    1    1    1    1    1    1    1    1    1    1    1    1    1    1    1    1    1    1    1    1    1    1    1    1    1    1    1    1    1    1    1    1    1    1    1    0    1    1    1    1    1    1    1    1    1    0    1    1    1    1    0    1    0    0    1    1    1    1    1    0    1    1    1    1    0    1    0    1    0    0    1    1    1    1    1    1    1    1    0    1    1    0    1    1    1    1    1    1    0    1    0    0    1    0    1    1    0    1    1    0    0    0    1    0    1    0    0    0    0    0    1    0    1    0    1    0    1    0    0    0    0    0    0    0    0    0    0    1    0    0    1    0    0    0    0    0    0    0    1    0    0    0    0    1    0    0    0    0    0    1    1    0    1    0    1    0    0    1    0    0    0    0    0    0    0    1    0    0    0    0    0    1    1    1    0    1    0    0    1    0    0    1    0    1    1    1    1    1    
50    0.930367    0.307727    1    1    1    1    1    1    1    1    1    1    1    1    1    1    1    1    1    1    1    1    1    1    1    1    1    1    1    1    1    0    1    1    1    1    1    1    1    1    1    1    1    1    1    1    1    1    1    1    1    1    1    1    1    0    1    1    1    1    0    1    1    1    1    1    1    1    1    1    1    1    1    1    1    1    1    1    1    1    1    1    1    1    1    1    1    1    1    1    1    1    1    1    1    1    1    1    0    1    1    1    0    0    0    1    1    0    0    1    0    0    0    1    0    0    1    1    1    0    1    0    1    0    0    0    0    1    0    0    1    0    1    0    0    1    1    1    1    0    0    1    1    0    0    1    0    1    0    0    0    1    0    1    0    0    0    0    0    0    1    0    1    0    0    1    0    0    0    1    0    0    1    0    0    1    1    1    0    1    0    1    0    0    1    0    0    0    0    1    1    1    0    1    1    0    1    1    1    0    0    0    
50    0.569135    0.47373    1    1    1    1    1    1    1    1    1    1    1    1    1    0    1    1    0    1    1    1    0    1    1    1    1    1    1    1    1    1    1    1    0    1    1    1    1    0    1    1    1    1    1    1    1    1    1    1    1    0    1    0    0    1    1    1    1    1    1    0    1    0    1    1    1    1    1    1    1    0    1    1    1    1    1    1    1    0    1    1    0    0    1    1    1    1    1    1    1    1    1    1    1    1    1    1    1    1    1    1    0    0    0    1    1    0    1    0    0    1    1    1    0    1    0    0    0    0    0    1    1    0    0    0    0    1    1    0    0    0    0    1    0    0    1    1    0    1    0    0    1    0    0    0    0    0    1    1    1    1    1    1    0    1    0    1    0    0    1    0    1    0    1    0    0    1    0    0    1    0    1    0    1    0    0    0    0    0    1    1    0    0    0    1    0    0    0    0    1    0    1    0    0    0    0    1    1    0    1    1    
50    0.375948    0.846482    1    1    1    1    1    0    1    0    1    1    1    1    1    1    1    1    1    0    1    1    1    1    1    1    1    1    1    1    1    1    1    1    1    1    1    1    1    1    1    0    1    1    1    0    1    1    1    1    1    1    1    1    0    1    1    1    1    0    0    1    1    1    1    1    1    0    1    1    1    1    1    1    1    1    1    1    1    1    1    1    1    1    1    1    0    1    1    1    1    1    1    1    1    1    1    1    1    1    1    1    1    1    0    0    1    0    1    0    1    1    1    0    0    1    0    0    0    0    1    0    0    0    0    1    1    0    0    0    1    0    1    1    1    0    0    1    1    1    0    1    1    0    1    1    1    0    1    0    1    1    0    0    0    0    1    1    0    0    0    1    0    0    0    1    0    1    0    1    1    1    0    0    0    1    1    0    0    0    0    0    1    0    0    1    1    0    1    0    1    1    0    0    0    0    1    0    0    0    1    1    
50    0.952352    0.742711    0    1    0    1    0    1    1    1    1    1    1    1    1    1    0    1    1    1    1    1    1    1    1    1    1    0    1    1    1    1    0    1    1    1    1    1    0    1    1    1    1    1    1    1    1    1    1    1    1    1    1    0    1    1    1    1    1    1    1    1    1    1    1    0    1    1    1    1    1    1    1    1    1    1    1    1    1    1    1    1    1    1    1    1    1    0    1    1    1    1    1    1    1    1    1    1    1    1    1    1    0    0    1    1    0    0    0    1    0    1    0    1    1    1    0    0    1    1    0    0    0    0    0    1    1    1    1    0    0    1    0    1    0    0    1    0    0    0    0    0    0    0    0    0    0    1    0    1    1    1    0    0    1    0    0    0    1    1    0    1    1    0    1    1    1    1    0    0    1    1    1    1    1    0    0    0    0    1    1    1    1    0    1    1    0    1    0    1    0    0    1    0    0    0    0    0    0    0    0    1    
50    0.307406    0.477681    1    1    1    1    1    1    1    1    1    1    1    1    1    1    1    1    1    1    1    1    1    1    1    1    1    1    1    1    1    1    1    1    1    1    1    1    1    1    1    1    1    1    1    1    1    1    1    1    1    1    1    0    1    1    1    1    1    1    1    1    1    0    1    1    1    1    0    1    1    1    1    1    1    1    1    0    1    1    1    1    1    1    1    1    1    0    1    1    1    1    1    1    1    1    1    1    1    1    1    0    1    0    0    0    0    0    1    0    1    0    1    0    1    1    0    0    0    1    1    0    0    0    0    0    0    0    1    0    0    1    0    0    0    1    1    0    1    0    0    0    1    1    1    0    0    0    1    0    0    0    1    0    1    0    0    0    0    0    1    0    1    0    1    1    1    0    0    0    0    1    0    0    0    0    0    0    1    0    0    0    0    0    1    1    0    1    0    0    0    1    0    1    0    0    0    1    0    0    1    1    
50    0.795231    0.247721    1    1    0    1    1    1    1    1    1    1    1    1    1    1    1    1    1    1    1    1    1    0    1    1    1    0    1    1    1    1    1    1    1    1    1    1    1    1    0    1    1    1    0    1    1    1    1    1    1    1    1    1    1    1    1    1    1    1    1    1    1    1    1    1    1    1    1    1    0    1    1    1    1    1    0    1    1    0    0    1    1    1    1    1    0    1    1    1    1    1    1    1    1    1    1    1    1    1    1    0    1    1    1    1    0    0    0    0    0    1    0    1    0    0    0    0    1    1    0    1    1    0    1    0    0    1    0    1    0    0    1    0    1    1    1    1    1    1    0    0    0    1    0    1    0    0    0    0    1    0    1    0    1    0    1    0    1    0    1    1    1    0    0    0    1    0    0    1    0    1    1    0    1    0    0    1    0    0    1    1    1    0    1    0    0    0    0    1    0    1    1    0    0    0    0    0    0    0    0    0    
50    0.162466    0.249756    1    1    1    1    0    1    1    1    1    1    1    1    1    1    1    1    1    0    1    1    1    1    1    0    1    1    0    1    1    1    1    1    1    1    1    1    1    1    1    1    0    1    1    1    1    1    1    1    1    1    1    1    1    1    1    1    0    1    1    0    1    1    1    1    1    1    1    0    1    0    1    1    1    1    1    0    1    1    1    1    0    1    1    1    1    1    1    1    0    1    1    1    1    1    1    1    1    1    1    1    1    1    0    1    1    0    0    1    0    0    1    0    0    0    0    0    0    0    0    1    1    0    0    1    0    0    0    0    1    0    1    1    0    1    0    0    1    0    1    0    0    1    1    0    0    0    0    0    1    1    0    0    0    0    0    0    1    0    1    1    1    0    0    1    1    1    1    0    0    0    1    0    0    1    0    1    0    0    0    0    1    0    1    0    1    0    0    0    1    1    0    1    0    1    1    0    0    0    1    1    
50    0.381597    0.357347    1    1    1    1    1    1    1    1    1    1    1    1    1    1    0    0    1    1    1    1    1    1    1    1    0    1    1    1    0    1    1    0    0    1    1    1    1    1    0    1    1    1    1    1    1    1    1    1    1    1    1    1    1    1    1    1    0    1    1    1    1    1    1    1    1    1    1    1    1    0    1    1    1    1    1    1    1    1    1    1    1    1    1    1    1    1    1    1    1    1    1    1    1    1    1    1    1    1    1    1    0    0    0    1    0    1    1    0    1    1    1    1    0    0    0    0    0    0    0    1    1    1    0    0    1    0    0    0    1    0    1    1    1    0    1    1    0    1    0    1    1    1    0    0    0    0    0    0    0    0    0    1    0    1    1    1    0    0    1    1    1    1    0    0    0    0    1    0    0    1    0    0    0    1    1    0    0    1    0    0    1    1    1    0    0    1    0    0    0    1    0    0    0    1    0    0    0    1    0    0    
50    0.92027    0.127762    0    1    1    1    1    1    1    1    1    1    0    1    1    1    1    1    1    1    1    1    1    1    1    1    1    1    1    1    1    1    1    0    1    1    1    1    1    1    1    1    1    1    1    1    1    1    1    1    1    1    1    1    1    1    1    1    1    1    1    1    1    1    1    1    1    1    1    1    1    1    1    0    1    1    0    1    1    1    1    1    1    1    1    1    1    1    1    1    1    1    1    1    1    0    0    1    1    1    1    1    0    0    0    1    0    1    0    0    0    0    0    1    1    0    0    0    1    0    1    1    0    1    0    1    0    0    0    0    1    1    0    1    1    1    0    1    0    0    1    0    0    0    1    1    0    0    1    0    1    0    0    1    0    1    0    0    1    1    1    0    0    0    0    1    1    1    0    0    0    0    1    0    0    1    0    0    0    0    1    0    0    1    1    1    0    0    0    0    1    0    0    1    0    0    1    1    0    0    1    0    
50    0.732716    0.249043    1    1    1    1    1    1    0    0    1    1    1    1    1    1    1    1    1    0    1    1    1    1    1    1    1    1    1    1    1    1    1    1    1    1    1    1    1    1    1    1    1    1    1    1    1    1    1    1    1    0    1    1    1    1    1    1    1    1    1    1    1    0    0    1    0    1    1    1    1    1    1    1    1    1    1    1    1    1    1    1    1    1    1    1    0    1    1    1    1    1    0    1    1    0    1    1    1    1    1    1    1    1    0    0    0    0    0    1    1    1    0    1    0    1    1    0    0    1    1    0    1    1    1    0    1    1    0    1    0    1    0    0    1    0    0    0    1    1    0    0    1    1    0    1    1    1    0    0    1    1    0    1    0    0    0    0    1    0    0    1    0    1    0    0    1    0    0    0    1    0    1    0    0    0    1    0    1    1    0    0    0    0    0    0    0    0    1    0    0    1    0    0    1    0    1    1    0    0    0    1    
50    0.079302    0.743211    1    1    0    1    1    1    1    1    1    1    1    1    1    1    1    1    1    1    1    1    1    1    1    1    1    1    1    1    1    1    1    1    1    1    1    0    1    0    1    1    1    1    1    1    1    1    1    1    1    1    0    1    1    1    1    1    1    1    1    1    1    1    1    1    1    1    1    1    0    1    1    0    1    1    1    1    1    0    1    1    1    0    1    1    1    1    1    1    1    1    0    0    1    0    1    1    1    1    1    1    0    0    0    0    1    0    1    0    1    1    1    1    1    0    0    0    0    0    0    1    1    1    0    0    0    0    0    0    1    0    0    0    1    1    0    1    0    0    1    0    1    1    1    0    0    0    0    1    0    0    1    0    0    0    1    1    1    0    1    1    1    0    1    1    1    0    0    1    0    0    0    1    1    0    0    0    0    1    0    1    1    0    0    0    1    0    1    0    0    0    1    1    0    0    0    0    1    1    0    0    
50    0.744238    0.748984    1    1    0    1    1    1    1    1    1    1    0    1    0    1    1    1    1    1    1    1    1    1    1    1    0    1    1    1    1    1    1    1    1    1    1    1    1    1    1    0    0    1    1    1    1    1    1    1    1    1    1    1    0    1    0    1    0    1    1    1    1    1    1    1    1    1    1    1    1    1    1    1    1    1    1    1    1    1    1    0    1    1    0    1    0    1    1    1    1    1    1    1    0    1    1    0    1    0    1    0    0    0    0    1    0    0    1    0    1    1    0    0    1    0    0    1    1    1    0    0    1    0    1    1    1    1    0    1    1    0    0    0    0    1    0    1    1    0    0    0    1    0    1    1    1    1    1    0    0    1    1    0    1    1    0    0    1    0    1    1    0    1    0    0    1    0    0    0    0    1    1    0    1    0    1    0    0    0    1    1    0    0    1    0    0    1    0    1    0    1    1    1    0    0    0    1    0    0    1    0    
50    0.940291    0.583301    1    1    1    1    1    1    1    1    1    1    1    1    1    1    1    1    1    0    0    1    0    1    0    1    1    1    1    1    0    1    1    1    1    1    1    0    1    1    1    0    1    1    0    1    1    1    1    0    1    1    1    1    1    1    1    1    1    1    0    1    0    1    1    1    1    1    1    1    0    1    1    0    1    1    0    1    1    0    1    1    1    1    1    0    1    1    1    1    1    1    1    1    1    1    1    1    0    1    1    1    0    0    1    1    0    1    1    0    0    0    1    0    0    0    1    1    1    0    1    0    0    0    1    1    0    1    0    1    1    1    1    0    0    1    1    0    0    0    1    0    1    0    1    1    0    0    1    1    0    1    0    1    0    0    0    1    0    0    0    0    1    1    0    0    1    0    0    0    1    0    0    1    0    1    1    0    0    0    0    1    0    1    1    0    1    1    0    0    0    0    0    0    1    0    1    0    1    1    1    0    
50    0.43319    0.696785    1    1    1    1    1    1    1    1    1    1    1    0    1    1    1    1    1    1    1    1    1    1    0    1    1    1    1    1    1    1    1    0    0    1    1    0    1    1    1    1    1    1    1    0    0    1    1    1    1    1    1    1    1    1    1    1    1    0    1    1    1    0    1    1    1    1    1    1    0    1    1    1    1    1    1    1    0    1    1    1    1    1    0    1    0    1    1    1    1    1    1    1    1    1    1    1    1    0    1    0    0    1    0    0    0    0    1    0    0    0    1    0    0    0    0    1    1    0    1    1    0    1    1    0    1    1    1    0    1    0    1    1    1    0    1    1    0    0    0    1    0    0    0    0    1    0    0    1    0    0    1    0    1    0    0    1    0    1    0    0    0    0    0    0    0    1    0    0    1    0    0    1    1    1    1    0    1    1    0    1    1    1    1    0    0    0    0    0    0    0    0    1    0    1    0    0    0    0    1    1    
50    0.155194    0.753089    1    0    1    0    1    1    1    1    1    1    1    1    1    1    1    0    1    1    1    1    1    0    0    1    1    1    1    1    1    1    1    0    1    1    0    1    1    1    1    1    1    1    0    1    1    1    1    1    1    0    1    1    1    1    1    1    1    1    1    0    1    1    1    1    1    1    1    1    1    1    1    1    1    1    1    1    0    1    1    1    1    0    0    1    1    0    1    1    1    1    1    1    1    0    1    1    1    1    1    0    0    0    0    0    0    0    0    1    0    1    0    0    0    0    0    1    0    1    0    1    1    1    1    1    1    0    0    0    0    1    0    1    0    1    0    1    0    1    0    0    1    0    1    1    0    1    0    0    0    0    1    0    0    0    1    0    0    0    0    1    1    0    0    0    0    0    0    0    0    1    0    1    0    0    1    0    1    1    1    0    0    0    0    0    0    0    1    0    0    0    0    0    0    0    0    0    1    0    0    0    
50    0.338168    0.899473    1    1    0    1    1    1    1    1    1    1    1    1    1    1    0    1    1    1    1    1    1    1    1    1    1    1    1    1    1    1    1    1    0    0    1    1    1    1    1    0    1    1    1    1    1    1    1    0    1    1    1    1    1    1    1    1    1    1    1    1    1    0    0    1    1    1    1    1    1    0    1    0    1    1    1    1    1    1    1    1    1    1    1    1    1    1    1    1    1    1    1    1    1    1    1    1    1    1    0    0    0    1    0    1    1    0    0    0    1    0    1    0    0    1    1    1    0    1    1    1    0    0    0    1    0    0    0    0    1    1    0    1    1    1    0    0    1    1    0    1    0    0    1    0    0    0    0    0    0    0    0    0    0    1    1    1    1    1    0    1    0    0    0    1    0    0    0    0    1    0    1    0    0    0    0    0    0    0    0    0    1    0    0    0    1    0    1    0    0    1    0    1    1    0    1    0    1    1    0    0    
50    0.822098    0.266768    1    1    0    1    1    1    1    0    1    1    1    1    1    1    1    1    1    1    1    1    1    1    0    0    1    1    0    1    1    0    1    1    1    1    1    1    1    1    1    1    1    1    1    1    0    1    1    1    1    1    1    1    1    1    1    1    1    1    1    1    1    1    1    1    1    1    1    1    0    1    1    1    1    1    1    1    1    1    1    1    0    1    1    1    1    1    1    1    1    1    1    1    1    1    1    1    1    1    0    1    0    1    1    0    1    0    1    1    0    1    1    0    0    0    0    0    0    1    0    0    1    0    0    1    1    1    0    0    0    0    1    0    1    1    0    0    1    0    0    1    0    1    0    1    0    1    1    0    0    0    1    1    0    0    0    1    0    0    0    1    0    0    0    0    1    1    0    0    0    1    0    0    0    1    1    0    1    0    0    0    0    0    1    0    1    1    1    0    1    0    0    1    1    1    0    0    0    0    1    1    
50    0.466746    0.799735    0    1    1    1    1    1    1    0    1    1    1    1    1    0    1    1    1    1    0    1    1    1    0    1    0    1    1    1    1    1    0    1    1    1    1    1    0    1    1    0    0    1    1    1    1    1    1    1    1    1    1    1    1    0    1    1    1    1    1    1    1    1    1    1    0    1    1    1    1    1    1    1    1    1    1    1    1    1    1    1    1    1    1    1    1    1    1    0    1    1    1    1    1    1    1    0    1    1    1    1    0    0    0    0    0    1    0    1    1    1    1    0    0    1    0    0    1    0    1    0    0    1    1    1    1    1    1    1    0    0    0    1    0    1    0    0    1    0    0    0    1    0    1    0    0    1    1    0    0    1    0    1    1    0    0    0    1    0    1    1    0    1    0    0    0    0    0    0    0    1    1    0    1    1    0    0    0    1    1    1    0    0    1    0    0    0    0    1    0    1    0    0    0    0    1    0    0    1    0    0    
50    0.781182    0.398795    1    1    1    1    1    1    1    1    1    1    0    1    1    1    1    1    1    0    1    0    1    1    1    1    1    0    0    1    1    1    1    1    1    1    1    1    1    1    1    1    1    1    1    1    1    1    1    1    1    1    1    1    1    1    1    1    1    1    1    0    1    1    1    1    1    1    1    1    1    1    1    1    1    1    1    1    1    1    1    1    1    1    1    1    1    1    1    1    1    1    1    1    1    1    1    0    1    1    1    1    0    0    0    0    0    1    1    0    0    1    1    1    0    0    1    0    0    0    1    0    1    1    0    0    1    1    1    0    0    1    0    0    0    0    1    1    0    0    0    1    0    1    1    1    0    1    0    1    1    1    1    1    0    0    0    0    0    0    0    0    0    1    1    0    0    0    1    0    1    0    1    0    0    0    0    1    0    0    0    0    0    0    1    0    0    0    1    0    0    0    1    0    1    1    1    0    1    1    1    1    
50    0.953089    0.0435946    1    1    1    1    1    1    1    1    1    1    1    1    1    1    1    1    1    1    1    1    1    1    1    1    1    1    0    1    1    1    1    1    1    1    1    1    1    1    1    1    1    1    0    1    1    1    1    1    1    0    1    1    1    0    1    1    0    1    1    1    1    0    1    1    1    1    0    1    1    1    1    1    1    1    1    0    1    1    1    1    1    1    0    1    1    1    1    1    1    1    1    1    1    1    1    1    1    1    1    0    1    0    1    0    0    0    0    0    1    1    1    1    1    0    1    1    0    1    0    0    0    1    0    0    1    0    1    0    0    1    0    0    1    1    1    1    1    0    1    0    1    1    0    1    0    1    0    0    0    1    0    0    0    0    1    1    1    0    0    1    0    1    0    0    1    0    0    1    1    0    1    0    1    1    0    1    0    1    1    0    1    0    1    0    0    0    1    0    1    0    0    0    1    0    0    1    0    1    1    0    
50    0.222151    0.643842    0    1    1    1    1    1    1    1    1    1    1    0    1    1    1    1    1    1    1    1    1    1    1    1    1    1    1    1    1    0    1    1    1    0    1    1    1    1    1    1    1    0    1    1    1    1    1    1    0    1    1    1    0    1    1    0    1    1    1    1    1    1    1    1    1    0    1    1    1    1    1    1    1    1    1    1    0    0    1    1    1    1    1    1    1    1    1    1    1    0    1    1    1    1    1    1    1    0    1    1    0    1    0    1    0    0    1    0    0    1    0    1    1    0    0    1    0    0    0    0    1    0    0    1    1    0    1    1    0    0    1    0    1    0    0    0    0    0    1    1    0    0    0    0    0    0    0    0    0    0    0    0    1    0    0    0    1    0    1    1    0    0    1    1    1    0    0    0    0    1    1    0    1    0    0    1    1    1    1    0    1    0    1    1    0    1    0    0    1    1    1    0    0    0    1    0    0    1    1    0    
50    0.510207    0.423105    0    1    1    1    1    1    1    1    1    0    1    0    1    1    1    1    1    1    1    1    0    1    1    1    1    1    1    1    1    1    0    1    1    1    1    1    0    1    0    1    1    1    1    0    1    1    1    1    1    1    1    1    1    1    1    1    1    1    1    1    1    1    1    0    1    1    0    1    1    1    1    1    1    1    1    1    1    1    1    1    1    1    1    0    1    1    1    1    1    1    1    1    0    1    1    1    1    1    1    1    1    1    0    0    1    0    1    0    1    1    0    1    1    1    1    0    0    1    1    0    1    0    1    0    0    0    1    0    0    0    0    1    0    0    0    0    1    1    1    0    1    1    0    1    0    0    1    1    1    1    0    1    1    0    1    1    1    0    1    1    0    1    0    1    1    0    1    0    0    1    0    1    1    0    1    1    0    0    1    0    1    0    0    0    0    1    0    0    0    0    0    1    1    1    1    1    0    1    1    1    
50    0.844723    0.646901    1    1    1    1    0    0    1    1    1    1    1    1    1    1    1    1    1    1    1    1    1    1    1    1    1    0    1    1    1    1    1    1    1    1    0    1    1    1    1    1    0    1    1    1    1    1    1    1    1    1    1    1    1    1    1    1    0    1    1    1    0    0    1    1    1    1    1    1    1    0    1    0    0    1    1    1    1    1    1    1    1    0    1    1    1    1    1    1    1    1    1    1    1    1    1    0    1    1    1    1    0    0    0    0    1    0    1    0    0    1    0    0    1    1    0    1    0    1    0    0    0    1    0    0    0    0    1    0    0    0    0    0    1    0    0    0    1    1    0    1    0    0    0    1    1    1    0    1    0    0    1    1    0    1    1    0    1    0    1    0    1    0    0    0    0    0    1    0    1    1    0    1    1    0    1    1    0    1    1    1    0    0    0    0    0    1    0    1    0    1    0    0    0    0    1    0    0    1    1    0    
50    0.558222    0.9152    1    1    0    1    1    0    1    1    1    1    1    1    1    1    1    1    1    1    1    1    1    1    0    1    1    0    1    1    1    1    1    1    1    1    1    1    1    1    1    1    1    1    0    1    1    1    1    1    1    1    1    1    1    1    1    1    1    1    1    0    1    1    1    1    1    1    1    1    1    1    1    1    1    1    1    1    1    1    1    1    1    1    1    1    1    1    1    0    1    1    1    1    1    1    1    1    0    1    1    1    0    0    0    0    1    0    1    0    0    1    1    0    1    0    0    1    0    1    0    0    0    0    0    0    0    0    0    0    1    1    0    0    0    0    0    1    1    1    0    0    1    1    0    1    0    1    1    1    0    0    0    0    0    0    1    1    1    0    0    1    1    0    0    1    0    0    1    1    0    1    1    0    0    0    0    1    1    0    0    1    0    1    0    0    0    1    1    0    0    0    0    1    0    0    0    0    1    1    0    0    
50    0.323182    0.422321    1    1    1    1    1    1    1    0    1    1    1    1    1    1    1    0    1    1    1    1    1    1    0    1    1    1    1    1    1    1    0    1    1    1    1    1    1    1    1    1    1    0    1    1    1    1    1    1    1    1    1    1    1    1    1    0    1    1    1    0    1    1    1    1    1    1    1    1    1    1    1    1    1    1    1    1    1    1    1    1    0    1    1    1    1    1    1    1    1    0    1    1    1    1    1    0    1    1    1    1    1    1    0    1    1    1    0    0    1    1    0    1    1    0    0    1    0    1    0    0    1    1    1    1    1    0    1    1    0    0    0    1    0    1    0    0    0    0    1    0    0    0    1    0    0    0    0    1    1    1    1    1    1    1    0    1    1    0    1    1    1    0    1    0    1    1    0    1    0    0    0    0    0    0    0    1    1    0    0    0    0    0    1    0    0    1    0    0    1    0    0    0    0    0    0    0    0    0    0    0    
50    0.368943    0.411207    1    1    1    1    1    1    1    1    0    1    1    1    1    1    0    0    0    1    1    1    0    1    1    1    1    1    1    1    1    1    1    1    0    1    1    1    0    1    1    1    1    1    1    1    1    1    1    1    1    1    0    1    1    1    1    1    1    1    1    0    1    1    1    1    1    1    1    1    1    1    1    1    1    1    1    0    0    0    1    1    1    1    1    1    1    1    1    1    1    0    1    1    1    1    1    0    1    1    1    1    0    0    0    1    0    0    0    0    1    0    0    1    1    0    0    1    1    1    0    0    0    0    0    0    1    0    1    1    1    0    1    0    1    1    0    0    0    1    0    0    0    1    1    0    1    0    0    0    0    1    1    1    1    0    1    1    0    0    1    0    0    0    0    0    1    0    0    0    1    0    0    1    1    1    1    0    0    1    1    1    0    0    0    0    0    0    1    1    0    0    1    1    0    1    0    0    0    0    0    1    
50    0.0588734    0.71831    1    1    1    0    1    1    1    1    1    1    1    0    1    0    0    1    1    1    1    1    1    1    1    1    1    0    0    1    1    1    1    1    1    1    1    0    1    1    1    1    1    1    0    1    0    1    1    1    1    1    1    1    1    1    1    1    1    1    1    1    1    1    1    1    1    1    1    1    1    1    1    1    1    1    1    1    1    1    1    0    1    1    1    1    0    1    0    1    1    1    1    1    1    1    1    1    1    1    1    1    0    1    0    0    0    0    0    0    0    1    0    0    0    0    1    0    0    0    1    0    1    1    0    0    0    0    0    1    0    1    1    0    1    0    0    1    1    0    0    0    0    0    1    1    0    1    0    0    1    1    0    1    1    0    1    0    1    0    0    1    0    0    1    1    1    1    1    0    0    1    0    0    0    0    1    0    1    0    1    0    1    1    0    1    0    0    1    0    1    0    1    0    0    0    1    0    0    0    1    0    
50    0.945502    0.206528    1    1    1    1    1    1    1    1    0    1    1    0    1    1    1    1    1    1    1    1    1    1    1    1    1    1    1    1    1    1    1    1    1    1    1    1    1    1    1    1    1    1    0    1    0    1    1    1    1    1    1    0    0    1    0    1    1    1    1    0    1    1    1    1    1    1    1    1    1    1    1    1    1    1    1    1    1    1    1    1    1    1    1    1    1    1    1    1    1    1    1    1    1    1    1    1    1    1    1    1    0    0    0    1    0    1    0    0    0    0    0    0    1    0    1    1    0    0    1    1    1    1    1    1    0    0    0    1    1    0    1    0    1    0    0    1    1    0    0    0    0    0    0    0    1    0    1    0    0    0    0    1    0    1    0    0    0    0    0    0    0    0    0    0    1    1    0    0    0    1    0    1    0    1    0    0    0    0    1    0    1    0    0    0    0    0    0    1    1    1    1    1    1    1    0    1    1    1    1    1    
50    0.568579    0.884114    1    1    1    1    1    0    1    1    1    1    1    1    1    1    1    1    1    1    1    1    1    1    1    1    1    1    0    1    1    1    1    0    1    1    1    1    1    1    1    1    1    1    1    0    1    0    1    1    1    1    1    1    1    1    0    1    0    0    1    1    1    1    1    0    1    1    1    1    1    0    1    1    1    1    0    1    1    1    1    1    1    1    1    1    1    1    1    1    1    1    1    1    1    1    1    1    1    1    1    1    0    1    0    0    0    1    1    0    0    0    0    0    0    0    0    1    1    1    0    0    1    1    0    1    0    1    1    0    1    1    0    0    0    1    0    1    0    0    1    0    0    0    0    1    0    0    1    1    0    0    1    0    0    0    0    0    0    0    0    0    0    1    1    0    0    0    1    0    0    0    0    0    0    0    0    0    1    0    0    0    1    1    0    0    0    0    1    0    1    0    1    0    1    0    1    1    0    0    0    0    
50    0.211775    0.786475    1    1    1    1    1    1    1    1    1    0    1    1    0    1    1    0    1    1    1    1    1    1    1    1    1    1    1    1    1    1    1    0    1    1    1    1    0    1    1    1    1    1    1    1    1    1    1    1    1    1    0    1    0    1    1    1    1    1    1    1    1    1    1    1    1    0    0    1    1    1    1    1    1    1    1    1    1    1    1    1    1    1    0    1    1    1    1    1    1    1    1    1    0    1    1    1    1    1    1    1    0    0    1    0    0    1    1    0    0    0    0    0    0    0    0    0    0    0    0    0    1    0    0    0    0    0    0    0    0    1    0    0    0    1    0    1    0    0    1    1    1    0    0    0    0    0    1    0    0    1    0    0    0    0    1    0    1    0    0    1    1    1    0    0    1    1    1    1    1    0    0    0    0    1    1    0    1    0    0    0    0    0    0    1    1    0    1    0    0    0    0    0    0    1    1    1    1    0    1    0    
50    0.638205    0.495751    1    0    1    1    1    1    1    1    0    0    1    0    1    1    1    1    1    0    1    1    0    1    1    1    0    1    1    1    1    1    1    1    1    1    1    1    0    1    1    1    1    1    1    1    1    1    1    1    1    1    0    1    1    1    0    0    1    0    1    1    1    1    0    1    1    1    0    1    1    1    1    1    1    1    1    1    1    1    0    1    1    1    1    1    1    1    1    1    1    1    1    1    1    1    1    1    1    1    1    1    1    0    0    0    1    0    0    0    0    0    1    0    0    1    1    0    1    0    0    1    1    0    0    1    1    1    1    1    1    0    1    1    0    1    0    0    1    0    0    0    0    0    0    0    1    1    1    0    1    1    0    1    0    1    1    0    1    0    0    1    1    0    0    0    0    0    1    1    1    0    1    1    0    1    0    0    0    1    0    0    0    1    1    0    1    0    0    0    0    1    1    0    0    1    0    0    0    0    0    1    
50    0.889564    0.0376957    1    1    1    1    1    1    1    1    1    1    1    1    1    0    1    1    1    1    1    1    0    1    1    1    1    1    1    1    1    1    1    1    1    1    1    1    1    1    1    1    1    1    1    1    1    1    1    1    1    1    1    1    1    1    1    1    1    1    1    1    1    1    1    1    1    1    1    0    1    1    1    1    1    1    1    1    1    1    1    1    1    1    1    1    1    1    1    1    1    1    1    1    0    1    1    1    1    0    1    1    0    1    1    0    0    0    0    0    1    0    0    1    1    0    0    0    1    1    0    1    1    0    0    0    1    1    1    0    1    0    0    0    1    1    1    1    0    0    1    0    0    0    1    0    0    1    1    1    0    0    0    0    0    0    0    0    0    0    0    0    0    1    1    0    1    1    0    1    0    0    0    0    0    1    0    0    0    0    1    0    0    0    1    1    0    1    0    1    0    0    1    0    0    0    1    0    0    0    1    0    
50    0.822518    0.483859    1    1    1    1    1    1    1    1    1    1    1    1    1    1    1    1    1    1    1    0    1    1    1    1    1    1    1    1    1    1    1    1    1    1    1    0    1    1    1    1    1    0    1    1    1    1    1    1    1    1    1    1    1    1    1    0    1    1    1    1    1    1    1    1    1    0    1    1    1    1    1    1    1    1    0    1    0    1    1    1    1    1    1    0    1    1    1    1    1    1    1    0    1    1    0    1    1    1    1    1    1    0    0    1    0    1    0    1    1    1    0    0    1    0    1    1    1    0    1    0    0    1    0    0    0    0    0    0    1    1    1    1    0    0    0    1    0    0    0    0    0    0    0    0    1    1    0    0    0    1    0    1    0    0    0    0    0    1    0    0    0    1    0    0    1    1    0    0    1    0    0    0    0    0    1    0    0    0    0    1    0    0    0    1    1    1    0    0    1    1    0    1    0    0    1    0    0    0    0    1    
50    0.502905    0.143754    0    1    1    1    1    1    1    1    1    1    0    0    1    1    1    1    1    1    1    1    1    1    1    1    1    1    0    1    1    1    1    1    1    0    1    1    1    1    1    1    1    1    0    1    1    1    1    1    1    0    1    1    1    0    1    1    1    1    0    1    1    1    0    1    1    1    0    0    0    1    1    1    1    1    1    1    1    1    1    1    1    1    1    1    1    1    1    1    1    0    1    1    1    0    1    1    1    1    1    1    1    0    0    1    0    1    0    0    0    0    1    1    1    1    1    1    0    0    1    1    0    0    1    1    0    0    1    1    0    1    0    1    0    1    0    1    1    1    0    1    0    0    1    0    0    0    0    0    0    1    0    0    1    1    0    0    0    0    0    0    0    1    0    0    1    0    0    1    0    0    1    0    0    0    1    0    0    0    0    0    1    1    1    0    0    1    1    0    1    0    1    0    1    1    0    0    0    1    1    0    
50    0.948791    0.225253    0    1    1    1    1    1    1    1    1    1    1    1    1    1    1    1    1    1    1    1    0    0    1    1    1    1    1    1    1    1    1    1    1    1    1    1    1    1    1    1    1    1    1    1    1    1    1    1    1    1    1    1    1    1    0    1    1    1    1    1    1    1    1    1    1    1    1    0    1    1    1    0    0    1    1    1    1    1    1    1    1    1    0    1    1    1    1    1    1    1    0    1    1    1    1    1    1    1    1    1    1    0    0    1    0    1    0    1    0    1    0    0    0    0    1    0    0    1    0    0    0    0    0    1    0    0    0    1    0    0    0    0    0    0    1    0    0    1    0    0    1    0    0    1    1    0    0    0    1    0    1    0    0    0    0    0    1    0    0    0    0    1    0    1    1    0    0    1    0    1    1    1    0    0    0    0    1    0    1    1    1    0    0    1    0    0    1    1    0    0    1    0    0    1    0    1    1    0    0    0    
50    0.86615    0.750886    1    1    1    1    1    1    1    1    1    1    1    0    1    1    1    1    1    1    1    1    1    0    1    1    1    1    1    1    1    1    1    1    1    1    1    1    1    1    1    1    1    1    0    1    1    1    1    1    1    1    1    1    0    1    1    0    0    1    1    1    1    0    1    1    1    1    1    1    1    1    1    1    1    1    1    1    1    1    1    1    1    1    1    1    1    1    1    1    1    1    1    0    1    1    0    1    1    1    1    1    1    0    0    0    0    1    0    1    1    0    0    0    1    0    0    0    0    0    1    0    0    0    1    1    0    0    0    0    1    1    0    1    0    0    0    0    0    0    0    0    1    1    1    0    1    0    0    1    1    0    0    1    0    0    0    1    0    0    0    0    0    1    1    0    1    0    0    0    1    0    0    0    0    0    0    0    1    0    1    0    0    1    0    0    1    1    1    1    0    0    0    1    1    0    0    0    0    0    0    0    
50    0.497801    0.340879    1    1    1    0    1    1    1    1    1    1    1    1    1    1    1    1    1    1    1    1    1    1    0    1    1    1    1    1    1    1    1    1    1    0    1    1    1    1    1    1    1    1    1    1    1    1    1    0    1    0    1    1    1    0    1    1    1    1    1    1    1    1    1    1    1    1    1    1    1    1    1    1    1    1    1    1    1    1    1    1    0    1    1    1    1    1    1    0    1    1    1    1    1    1    1    1    0    1    1    1    0    0    0    0    0    1    0    1    0    0    0    0    1    0    1    1    1    0    1    1    1    0    0    0    0    1    0    0    1    0    0    0    1    0    0    1    1    1    0    0    0    0    0    1    1    1    1    1    0    1    0    1    0    1    1    0    1    0    0    0    1    0    0    0    0    1    0    0    0    1    1    0    0    1    1    0    1    0    1    0    0    0    0    1    0    0    0    0    0    0    1    0    1    0    0    0    0    0    1    0    
50    0.186305    0.552825    0    1    1    1    0    1    1    1    0    1    1    1    1    1    1    1    0    1    1    1    1    1    1    0    1    1    1    1    1    1    1    1    1    1    1    1    1    0    1    1    1    1    1    1    1    1    1    1    1    1    0    1    1    1    1    0    1    0    1    1    1    0    1    1    1    1    1    1    1    1    1    1    1    0    1    1    1    1    1    1    1    1    1    0    1    1    1    1    1    1    1    1    1    1    1    0    1    1    0    1    0    1    0    1    1    1    1    0    1    1    1    0    0    0    1    0    0    1    0    1    0    0    0    1    1    0    0    1    1    0    1    1    0    1    1    1    1    1    0    1    1    0    0    1    0    0    0    0    1    1    1    1    0    1    1    1    0    0    1    1    1    0    0    0    1    0    1    1    1    0    1    1    0    0    0    1    1    0    1    0    0    0    1    0    0    0    0    1    0    0    0    0    1    0    0    0    0    1    0    1    
50    0.977159    0.0187274    1    1    1    1    1    1    1    0    1    1    1    1    1    1    0    1    1    0    1    1    1    1    1    1    1    1    1    0    1    0    0    0    1    0    1    1    1    1    1    0    1    1    1    1    1    1    1    1    1    1    0    1    1    1    1    1    1    1    1    1    1    1    1    1    1    1    1    1    1    1    0    1    1    1    1    0    1    1    1    1    1    1    1    1    1    1    1    1    1    1    1    1    1    1    1    1    1    1    1    1    0    1    0    1    1    1    0    0    0    0    0    1    0    1    0    0    1    0    0    1    0    0    1    0    0    0    1    1    0    0    1    0    0    0    0    1    0    0    1    1    0    0    0    1    1    0    0    0    1    0    0    0    0    0    1    1    1    0    0    0    1    0    0    0    0    0    0    1    0    1    1    0    0    0    0    0    0    0    1    0    0    1    0    0    0    0    0    0    1    0    0    1    0    0    1    0    0    1    0    1    
50    0.319165    0.0938716    0    1    1    0    1    1    1    1    1    0    1    1    1    0    1    1    1    1    1    1    1    1    1    1    1    0    0    1    0    1    0    1    1    1    1    1    1    1    1    1    1    0    1    1    0    1    1    1    0    1    1    1    0    1    1    1    1    1    1    0    1    1    1    1    1    1    0    1    1    1    1    1    1    1    1    0    1    1    0    1    1    0    1    1    1    1    1    1    0    1    1    1    1    1    1    1    0    1    1    1    1    0    1    1    1    0    0    1    0    1    0    0    0    0    0    0    0    0    1    1    0    1    0    0    0    0    1    0    0    0    0    1    1    1    1    0    0    0    1    1    1    1    0    1    1    0    0    0    0    1    0    1    1    0    0    0    0    1    0    0    1    1    1    0    0    0    1    0    0    0    1    0    0    0    1    1    1    0    1    0    1    1    1    0    1    1    0    0    1    0    1    1    0    1    0    1    1    1    1    0    
50    0.924364    0.675184    1    1    1    1    1    1    0    1    1    1    1    1    1    0    1    1    1    1    1    1    1    0    1    1    1    1    1    1    0    1    1    1    1    1    1    1    1    1    0    1    1    0    1    1    1    1    1    1    1    1    1    1    1    0    1    1    1    1    1    1    1    1    0    1    1    1    1    1    0    1    1    1    1    0    1    1    1    1    1    1    1    1    1    1    0    1    1    1    1    1    1    1    1    1    1    0    1    1    1    1    0    0    1    1    0    0    1    0    1    1    0    0    1    0    1    0    1    0    1    1    0    1    0    0    0    1    0    0    0    1    1    1    1    0    0    1    0    0    1    1    1    1    1    1    0    1    0    1    0    0    1    1    1    0    1    0    0    1    0    0    1    0    0    0    0    0    1    0    0    0    0    0    1    0    0    0    1    0    1    1    1    0    0    1    0    1    0    1    1    0    0    0    0    0    1    0    0    1    1    0    
50    0.528714    0.772184    1    1    1    1    1    1    1    1    1    0    1    0    1    1    1    1    1    1    1    1    1    1    1    1    1    1    1    1    1    1    1    1    1    1    1    1    1    0    1    0    1    0    1    1    1    1    0    1    1    1    1    1    1    1    1    1    1    1    0    1    1    1    1    0    1    1    1    1    1    1    1    1    0    1    1    1    1    1    1    1    1    1    1    1    1    1    1    1    1    1    1    1    1    1    0    1    1    1    0    1    0    1    1    1    0    0    0    1    0    1    1    1    0    0    0    1    1    0    0    0    0    1    1    0    0    0    1    1    0    1    1    0    0    0    0    0    0    0    0    0    1    1    1    1    0    1    1    0    1    0    1    0    0    0    1    1    0    0    0    0    0    0    0    0    1    1    0    1    1    1    0    0    0    1    1    0    1    0    1    0    0    0    1    0    1    0    0    0    1    0    0    1    0    1    0    1    0    1    1    1    
50    0.812372    0.11445    1    1    0    0    1    1    1    1    1    1    1    1    1    1    1    1    1    1    1    1    1    1    1    1    1    1    1    1    1    1    1    1    1    1    1    1    1    1    1    1    1    1    1    1    1    1    1    1    1    1    1    1    1    1    1    1    1    1    1    0    0    1    1    1    1    1    1    1    1    1    1    1    1    1    1    1    1    1    1    1    1    1    1    1    1    1    0    1    1    1    1    1    1    0    0    0    1    1    1    1    0    1    1    1    0    1    0    1    0    1    1    0    1    0    0    0    0    1    1    0    0    0    1    0    0    0    0    1    0    0    1    0    0    1    1    0    1    1    1    0    0    1    0    1    0    0    0    1    0    1    0    0    1    1    0    1    0    1    0    0    0    0    1    0    0    1    0    0    1    0    0    0    1    1    1    0    0    0    0    0    1    0    0    0    0    1    0    0    0    0    0    0    1    0    0    1    0    1    1    0    
50    0.0281692    0.33532    1    1    1    1    1    1    0    1    1    1    1    1    1    1    0    1    1    1    1    1    1    1    1    1    1    0    1    1    1    1    1    1    1    1    1    1    1    0    1    0    1    1    1    0    1    1    1    1    1    1    1    1    1    1    1    1    1    1    1    1    0    1    1    1    1    1    1    1    1    0    1    1    1    1    0    1    1    1    1    1    1    1    1    1    1    1    0    1    1    1    1    1    1    1    1    1    1    1    1    1    0    0    0    0    0    0    0    0    0    0    1    1    0    0    1    0    0    0    0    0    1    0    0    0    0    0    1    0    0    0    0    0    0    0    0    0    1    0    1    0    0    0    1    0    0    1    0    1    0    0    0    1    1    1    0    1    1    0    0    1    0    1    0    0    0    1    0    0    1    1    0    1    1    1    1    0    0    0    1    0    0    0    0    0    1    1    0    1    0    1    0    0    1    0    0    0    0    0    1    0    
50    0.458561    0.668953    1    1    1    1    0    1    0    1    1    1    1    1    1    1    1    0    1    1    1    1    1    1    1    1    1    1    1    1    1    1    1    1    1    1    1    1    0    1    1    1    1    0    1    0    0    1    1    1    1    1    1    0    1    1    1    1    1    0    1    1    1    1    1    1    1    1    1    1    1    1    1    1    1    1    1    0    0    1    1    1    1    1    1    1    1    1    1    1    1    1    1    1    1    1    1    0    1    1    1    1    0    0    0    1    1    1    0    0    0    0    1    0    0    0    0    0    0    0    1    1    0    0    0    0    0    1    1    0    1    0    0    0    0    0    0    0    0    1    0    0    0    0    0    1    1    0    0    1    0    0    0    0    0    1    0    1    0    0    0    1    0    1    1    0    0    0    0    1    0    0    0    0    0    0    1    0    1    0    0    0    0    0    1    0    0    1    1    1    0    1    0    1    0    0    1    0    0    0    0    1    
50    0.656239    0.697963    1    1    1    1    1    1    0    1    1    1    1    1    1    1    1    0    1    1    1    1    0    0    1    1    1    0    1    1    1    0    0    1    1    1    1    1    1    1    1    1    1    1    1    1    1    1    1    1    1    1    1    1    1    0    1    0    1    0    1    1    1    1    1    1    1    1    1    1    0    1    0    1    1    1    0    1    1    1    1    1    1    1    1    1    1    0    1    1    1    1    1    1    1    1    1    1    1    1    1    1    1    0    0    1    0    0    0    0    1    0    1    1    0    0    0    0    1    0    0    0    0    0    1    1    0    0    1    1    0    0    1    0    0    0    0    1    1    0    0    1    1    1    1    0    1    0    0    0    1    0    0    1    1    1    0    0    0    0    0    1    1    1    1    1    0    0    1    0    1    0    1    0    1    0    1    1    0    1    0    1    1    0    0    0    1    1    1    0    0    0    0    0    0    0    0    0    1    0    0    1    
50    0.223553    0.0820518    1    0    0    0    1    1    1    1    0    1    1    1    1    1    1    1    1    1    1    1    1    1    1    1    1    0    0    0    1    1    1    1    1    1    1    1    0    1    0    1    1    1    1    0    1    1    1    0    0    0    0    1    1    1    1    0    1    0    1    1    0    0    0    1    1    1    1    1    1    1    1    0    1    1    1    0    1    1    1    1    1    1    1    1    1    1    1    1    1    1    1    1    1    1    1    1    1    1    1    0    0    1    0    0    0    0    1    0    0    0    1    1    1    0    0    0    0    0    1    0    1    1    0    0    0    1    1    0    1    0    1    1    0    0    0    0    1    0    0    0    0    0    0    0    1    0    1    0    0    0    0    0    1    1    0    0    1    1    0    0    1    0    1    1    0    0    0    0    0    0    1    0    1    0    1    0    0    0    0    0    0    0    0    0    0    0    0    1    0    0    1    1    0    0    0    1    1    1    0    0    
50    0.666422    0.163374    1    1    1    0    1    0    1    1    1    1    1    1    1    1    1    1    1    1    1    0    1    1    1    1    1    1    0    1    1    1    1    1    1    0    1    1    1    1    1    1    0    1    1    1    1    1    1    1    1    0    1    1    1    1    1    1    1    1    1    1    0    1    1    1    1    1    1    1    0    1    1    1    1    1    1    1    1    1    1    1    1    1    1    1    1    0    1    0    1    1    1    1    1    1    1    1    1    1    1    1    0    0    0    1    0    0    1    0    0    0    1    1    0    1    0    0    1    1    0    0    1    0    0    0    1    1    0    1    1    1    0    0    0    0    1    1    1    0    1    1    1    1    0    0    1    0    0    0    1    0    1    0    1    1    0    1    1    0    1    0    0    1    1    0    0    1    1    1    0    0    0    0    1    0    1    0    0    1    0    0    0    1    1    0    0    1    1    1    0    0    0    1    0    1    1    0    0    1    1    0    
50    0.995597    0.389106    1    1    1    1    1    0    1    0    1    1    0    1    1    1    1    1    0    1    1    1    1    1    1    1    1    0    1    1    1    1    1    1    1    1    1    1    1    1    1    1    1    1    1    1    1    1    1    1    1    1    1    1    1    1    1    1    1    1    1    1    1    1    1    1    1    1    1    1    1    1    1    1    1    1    1    1    0    1    1    1    1    1    0    0    1    1    1    1    1    1    1    1    1    1    1    1    1    1    1    1    0    0    0    0    1    1    1    0    0    0    0    1    0    0    1    0    0    1    0    0    0    1    0    0    0    0    1    0    0    0    1    0    0    0    0    0    1    0    0    1    0    1    0    0    1    0    0    0    1    0    1    0    1    0    0    1    0    1    1    0    0    1    0    0    1    0    0    1    0    1    1    0    1    0    1    0    0    0    1    0    0    0    1    1    0    1    1    0    1    0    0    1    1    0    0    0    1    1    0    1    
50    0.472361    0.874095    1    1    1    1    1    0    1    1    1    0    1    1    1    1    1    1    1    1    1    1    1    1    1    1    1    1    1    1    1    1    1    0    1    1    1    1    0    1    1    1    0    1    1    1    1    1    1    1    0    1    1    1    1    0    1    1    1    1    1    1    0    1    1    1    1    1    1    1    1    1    1    1    1    1    1    1    1    1    1    1    1    1    1    1    1    1    1    1    1    1    1    1    1    0    1    1    1    1    1    1    1    1    0    0    0    0    1    0    1    1    1    1    0    1    1    0    1    0    0    0    0    0    1    0    0    0    0    0    0    0    1    1    0    0    0    1    0    0    1    1    0    1    1    1    1    0    0    1    1    0    1    1    1    0    0    0    1    1    1    0    1    1    1    1    0    0    0    0    1    1    1    1    1    1    1    1    1    0    1    0    0    1    0    0    0    1    0    0    1    0    1    0    1    0    0    1    0    1    0    0    
50    0.606065    0.764635    1    1    1    1    1    1    1    1    0    1    1    0    0    1    1    1    1    1    1    1    1    1    0    1    1    1    1    0    1    1    0    1    0    1    1    1    1    1    1    1    1    1    1    0    1    1    1    0    1    0    0    1    1    1    1    1    1    1    1    1    1    1    1    1    1    1    1    1    1    1    1    1    1    1    1    0    1    1    1    0    1    1    0    0    1    1    1    1    1    1    1    1    1    1    0    1    1    1    1    1    0    0    1    0    0    1    0    0    1    1    0    0    0    1    1    0    1    1    0    0    0    1    0    0    0    1    0    0    0    0    0    1    0    0    0    1    1    1    0    0    0    0    1    0    0    1    0    1    0    0    0    1    1    0    0    1    1    0    1    1    1    1    0    1    0    1    1    0    1    1    0    0    0    1    1    1    0    1    1    0    1    0    0    1    1    1    1    0    0    0    0    0    1    0    1    0    1    1    0    0    
50    0.580425    0.51577    1    0    1    1    0    1    1    1    1    0    1    1    1    0    1    1    1    1    1    1    1    1    1    1    1    1    1    1    1    1    0    1    1    1    1    0    1    0    1    1    1    1    1    1    1    1    1    1    1    1    1    1    1    1    1    1    1    0    0    1    1    1    1    0    1    1    1    1    1    1    1    1    1    1    1    1    1    1    1    1    1    1    1    1    1    1    1    1    1    1    1    1    1    1    1    1    1    1    1    1    1    1    1    1    0    0    0    0    0    1    0    1    0    1    0    0    1    1    0    0    1    0    0    0    0    0    0    0    0    0    1    0    0    0    1    1    0    0    0    0    0    0    0    0    0    0    0    0    0    1    0    1    0    0    0    0    0    0    0    0    0    1    1    0    0    0    1    0    1    0    0    0    0    0    0    1    0    0    0    0    0    0    0    0    1    0    0    0    0    1    0    0    0    0    0    0    0    1    0    1    
50    0.641692    0.416463    1    1    1    1    1    1    1    1    1    1    1    1    1    1    1    1    1    1    1    1    1    1    1    1    1    1    1    1    1    1    1    1    1    1    0    0    1    1    1    1    1    1    1    1    1    1    1    1    1    0    1    1    1    1    1    1    1    1    1    1    1    1    1    1    1    1    1    1    1    1    1    0    1    1    1    1    1    1    1    1    1    1    1    1    1    1    1    1    1    1    1    1    1    1    1    1    1    1    1    1    0    0    1    0    1    0    0    0    0    1    0    0    1    1    1    0    0    1    0    0    0    1    0    0    1    0    1    0    0    0    0    0    0    1    0    1    0    0    0    0    0    0    1    0    1    1    0    1    1    0    0    1    0    1    1    1    1    0    0    1    0    1    0    1    0    1    0    0    1    1    1    0    0    0    1    0    0    0    0    1    0    1    0    0    0    1    0    1    0    0    0    0    0    0    1    0    1    0    0    0    
50    0.075663    0.510023    1    1    1    1    1    1    1    1    1    1    1    1    1    1    1    1    1    1    1    1    1    1    1    1    1    1    1    1    0    1    1    1    1    1    1    1    1    1    1    0    1    1    0    0    1    1    1    0    1    1    1    1    1    1    0    1    1    1    1    1    0    1    1    1    1    1    1    1    1    1    1    0    1    1    1    1    0    1    1    1    1    0    0    1    1    1    1    1    1    1    1    1    1    1    1    1    0    1    1    1    0    0    1    1    0    1    1    0    1    0    0    1    0    0    0    0    1    1    0    0    0    1    1    1    0    1    1    1    0    0    1    0    0    0    1    0    1    0    1    0    0    1    1    1    0    0    0    0    0    0    0    0    0    1    0    0    1    0    0    1    1    1    0    1    0    1    0    0    1    1    1    0    0    1    0    1    0    1    1    0    1    0    1    1    1    0    0    0    0    1    0    1    0    1    0    1    0    0    0    0    
50    0.950672    0.134487    1    1    1    1    1    1    1    1    1    1    1    1    1    1    1    1    1    1    1    1    1    1    1    1    1    1    1    1    1    1    1    0    1    1    1    1    1    1    1    1    1    1    1    1    1    1    1    1    1    1    1    1    1    1    1    1    1    1    1    1    1    1    1    1    1    1    1    1    1    1    1    0    1    1    1    1    1    1    0    1    1    1    1    0    1    1    1    0    1    1    1    1    1    1    1    1    1    1    1    1    1    0    0    0    1    0    0    1    1    0    0    0    0    1    0    0    0    0    1    0    0    0    0    1    1    0    0    0    0    1    0    0    1    0    1    0    1    0    1    0    0    0    0    0    1    0    1    0    0    1    0    0    0    0    1    0    0    0    0    1    0    1    0    0    1    0    0    0    0    0    1    0    1    0    0    0    0    1    1    0    1    1    1    0    1    0    1    0    0    0    1    0    0    0    0    0    0    0    1    1    
50    0.347933    0.43885    0    1    1    1    1    1    1    1    1    1    1    1    1    1    1    1    1    1    1    1    1    1    1    0    1    1    1    1    1    1    0    1    1    1    1    1    1    1    1    1    1    1    1    1    1    1    1    1    1    1    1    1    1    1    1    1    1    1    1    1    1    1    1    1    1    0    1    1    1    1    1    1    1    1    1    1    1    1    1    1    1    1    1    1    1    0    1    1    1    1    1    1    1    1    1    1    1    1    1    1    0    1    0    1    1    0    1    0    0    0    0    0    0    0    0    1    0    0    1    0    1    0    0    1    1    0    0    0    0    0    0    1    0    0    0    1    0    0    0    1    1    0    1    1    0    1    0    1    0    1    1    0    0    1    0    0    0    1    0    0    1    0    0    1    0    0    0    1    0    1    1    1    0    0    0    1    1    0    0    1    1    1    0    1    0    0    1    1    0    0    0    0    1    1    0    1    0    1    1    1    
50    0.0723513    0.339818    1    0    1    1    1    1    1    1    0    1    1    1    1    1    1    1    1    1    1    1    1    1    1    1    1    0    1    1    1    1    1    1    1    1    1    1    1    0    0    1    1    1    1    1    1    1    1    1    1    1    1    1    1    1    0    1    1    1    1    1    0    0    0    1    1    0    1    1    1    1    0    1    1    1    1    0    1    1    1    1    1    1    1    1    1    1    1    1    1    1    1    1    1    1    0    1    1    1    1    1    0    1    0    1    0    0    0    0    1    0    0    0    0    0    1    1    0    0    1    1    0    0    1    0    1    0    0    0    0    0    1    0    1    0    0    1    0    0    0    0    1    0    1    1    0    0    1    1    1    0    0    1    0    1    0    0    0    0    0    0    0    0    0    0    0    0    0    1    1    1    1    1    0    0    0    1    1    0    0    0    1    1    0    0    0    0    0    0    0    1    0    0    0    1    1    0    1    1    0    0    
50    0.376838    0.425867    1    1    1    1    1    0    0    1    0    0    1    1    1    1    1    1    1    1    1    1    1    1    1    1    1    1    1    1    0    1    1    1    1    1    1    1    1    1    1    1    1    1    1    1    1    1    1    1    1    1    1    1    1    1    1    1    1    1    1    0    1    1    1    1    1    1    1    1    1    1    0    1    1    1    1    1    1    1    1    1    1    1    1    1    1    1    1    1    1    1    0    1    1    1    1    1    1    1    1    1    0    1    0    0    1    0    1    1    0    1    0    0    0    1    1    0    1    0    1    1    0    0    0    0    1    0    0    0    0    1    1    1    0    0    0    1    0    1    1    1    0    1    1    0    1    1    1    0    1    1    1    1    1    1    0    0    1    1    0    1    1    1    0    0    1    1    0    0    1    0    1    1    0    0    0    1    0    0    0    1    1    0    1    0    1    1    0    1    1    0    0    1    1    0    1    0    1    0    0    0    
50    0.372556    0.0263988    1    0    1    1    1    1    1    1    1    1    0    0    0    1    1    1    1    1    1    1    1    1    1    1    1    1    1    1    1    1    0    1    1    1    1    1    1    1    0    1    1    1    1    0    0    1    1    1    1    1    1    1    1    1    1    1    1    0    1    1    1    1    1    1    0    1    1    1    1    1    1    1    1    1    1    1    0    1    1    0    1    1    1    1    1    0    1    1    1    1    1    0    0    0    1    1    1    0    1    1    0    0    1    0    0    0    0    1    0    1    0    0    1    1    0    1    0    1    0    0    0    1    0    0    0    0    1    0    1    1    0    1    1    0    1    0    0    1    0    0    1    1    1    0    0    0    0    0    0    0    1    1    0    0    1    1    0    0    0    0    1    0    0    1    1    1    1    0    0    0    0    0    0    1    1    1    0    0    1    1    0    1    0    0    0    0    1    0    1    1    1    0    0    0    1    0    0    0    0    1    
50    0.318405    0.805028    1    1    1    1    0    1    1    1    1    1    1    1    1    1    1    1    1    1    1    1    1    1    1    1    1    1    0    0    1    1    1    1    1    1    1    0    0    1    1    1    0    1    1    1    1    1    1    1    0    1    1    1    1    0    1    0    1    1    0    1    1    1    1    1    1    1    0    0    0    1    0    1    1    1    1    0    1    1    0    1    1    1    1    1    0    1    1    1    1    1    1    1    1    1    1    1    1    1    1    1    0    0    0    0    0    0    1    0    1    1    1    1    1    0    1    0    0    0    0    1    0    1    0    0    0    0    1    1    0    1    1    0    1    1    1    0    1    1    1    0    0    0    1    1    1    0    1    0    0    0    1    1    1    1    1    0    0    0    1    0    1    1    0    0    1    1    1    0    0    0    0    1    1    0    0    0    1    0    0    1    0    1    1    1    0    1    0    0    1    1    1    0    1    0    1    0    0    0    1    1    
50    0.0557321    0.846307    1    1    1    1    1    1    0    1    1    0    1    1    1    1    0    0    1    1    0    1    1    1    1    1    1    1    1    1    1    0    1    1    1    1    1    1    0    1    1    0    1    1    1    1    1    1    1    0    0    1    1    1    1    1    1    0    1    1    1    1    1    1    1    1    1    1    1    1    1    0    1    1    1    0    0    0    1    1    0    1    1    0    1    1    1    1    1    1    1    1    1    1    1    1    1    1    0    1    1    1    0    0    1    0    1    1    1    0    0    0    0    1    1    1    0    1    0    0    1    0    0    1    0    0    0    1    1    0    0    1    1    1    0    0    1    1    0    0    1    0    1    0    0    0    1    1    0    1    1    0    0    1    0    0    0    0    0    0    1    0    0    0    0    0    0    1    1    0    0    0    0    1    0    0    0    1    1    0    1    1    0    0    1    1    1    0    0    0    0    0    1    0    0    1    0    0    1    0    1    1    
50    0.972626    0.00619375    1    0    1    1    0    1    0    1    1    1    1    1    1    0    1    1    1    1    1    1    1    1    1    1    1    1    1    1    0    1    1    0    1    1    0    1    1    1    0    1    1    1    1    1    1    1    1    1    1    1    1    1    0    1    1    1    1    1    1    1    1    1    1    0    1    1    1    1    1    1    1    1    1    1    0    1    1    1    1    1    1    0    1    1    1    1    1    1    1    0    0    1    1    1    1    1    1    1    1    0    0    0    0    0    0    1    1    0    1    0    1    0    0    1    0    1    1    0    0    0    0    0    0    0    1    1    0    0    1    1    1    1    1    0    0    0    1    0    0    0    1    1    1    1    1    0    0    1    1    0    1    1    0    1    0    0    0    0    1    0    0    0    1    0    1    0    1    0    0    0    1    0    1    1    1    1    0    0    0    0    1    0    0    1    0    0    1    1    0    0    1    0    1    0    0    0    0    0    1    1    
50    0.994816    0.511631    1    1    1    1    1    1    1    0    1    1    0    0    1    1    1    1    1    1    1    1    0    1    0    1    1    1    1    1    0    1    1    1    1    1    1    1    1    1    1    0    1    1    1    1    1    1    1    1    1    1    1    1    1    1    1    1    0    0    1    1    1    1    1    1    1    1    1    1    1    1    1    1    1    1    1    1    1    0    1    1    1    1    1    1    1    1    1    1    1    1    1    1    1    1    1    1    1    1    1    1    1    0    0    1    0    0    1    0    0    1    0    1    1    1    0    0    0    1    0    0    0    1    1    0    1    1    1    0    1    0    1    0    0    1    0    0    0    0    0    1    0    0    0    1    1    0    1    1    1    1    0    1    0    1    0    0    0    1    1    0    0    1    0    1    0    1    1    1    1    1    1    1    0    1    1    1    0    0    1    0    1    0    0    0    0    1    1    0    1    1    0    1    0    0    1    0    1    0    0    0    
50    0.0309615    0.907906    1    1    1    1    1    1    1    1    1    1    1    1    1    1    1    1    1    1    1    1    1    1    1    1    1    1    1    1    1    1    1    0    1    1    1    1    1    1    1    1    1    0    1    1    1    1    1    1    1    1    0    1    1    0    1    1    1    1    1    1    1    1    1    1    1    1    1    1    1    1    1    1    1    1    1    1    1    1    0    0    1    0    1    1    1    1    1    1    1    1    1    1    1    1    1    1    1    1    1    1    0    0    0    0    0    0    0    1    0    1    1    1    1    1    0    1    1    0    0    0    0    1    0    1    0    0    0    0    1    0    0    0    0    1    1    1    0    1    0    0    0    1    0    0    0    1    0    0    0    1    0    0    0    1    0    1    1    1    0    1    0    0    1    0    0    0    0    1    0    0    0    0    1    1    1    1    0    1    0    0    0    1    0    0    0    0    0    0    1    0    1    1    0    0    0    1    1    0    1    0    
50    0.981005    0.283695    1    1    1    1    1    0    0    1    1    1    1    1    1    1    1    1    1    1    1    1    1    1    1    1    1    0    1    1    1    1    1    0    0    1    1    1    1    1    1    1    1    1    1    1    1    1    1    1    1    0    1    1    1    1    1    1    1    1    1    1    1    1    1    1    1    1    1    1    1    1    1    1    1    1    1    1    1    1    1    1    1    1    1    0    1    1    1    1    1    1    1    1    1    0    1    0    1    1    1    1    0    0    0    0    0    0    0    0    1    1    0    0    1    1    0    0    1    0    1    0    0    0    0    0    0    0    1    1    0    0    0    1    0    1    1    0    1    0    0    0    0    0    0    1    0    0    1    1    0    0    0    1    0    1    1    0    0    0    1    1    1    0    1    1    1    0    1    1    1    1    0    0    1    1    0    0    0    1    0    1    0    0    1    1    1    0    1    0    0    0    1    1    1    0    1    1    0    0    0    0    
50    0.0628169    0.742694    1    1    1    1    1    1    1    1    1    1    1    1    1    1    1    1    1    1    1    1    1    1    1    1    1    1    1    1    1    1    1    1    0    1    1    0    1    1    0    1    1    1    0    1    1    1    0    1    1    1    0    1    1    1    1    1    1    1    1    1    1    1    1    1    1    1    1    1    1    1    1    1    1    1    1    1    1    1    1    1    1    1    1    0    1    1    0    1    0    1    1    0    1    1    1    1    1    0    1    0    0    0    0    0    0    0    1    1    0    0    0    1    0    0    1    0    1    0    1    1    0    0    0    1    1    1    1    0    0    0    1    0    0    0    0    0    0    0    1    1    1    0    1    0    1    0    1    1    1    1    1    1    0    0    0    1    0    0    0    0    0    0    1    1    0    1    1    0    0    0    0    1    0    0    0    0    0    1    0    1    1    0    0    1    1    1    0    0    1    1    1    0    1    1    0    1    0    1    1    0    
50    0.849691    0.338945    1    1    1    1    1    1    1    1    1    1    1    1    1    1    1    1    1    1    1    1    1    1    1    1    1    1    1    1    1    1    1    1    1    1    1    0    0    1    1    1    1    1    1    0    1    1    0    1    1    1    1    1    1    1    1    1    1    1    1    1    1    1    1    1    1    1    0    1    1    1    1    1    1    1    1    1    1    1    1    0    0    1    1    0    1    1    1    1    1    1    1    1    1    1    1    1    1    0    1    1    0    0    0    0    1    1    0    1    0    0    1    0    1    0    0    1    0    0    0    1    1    1    0    0    1    0    0    0    1    0    1    0    0    0    0    1    0    0    0    0    0    0    0    0    0    1    0    1    1    0    0    1    0    0    0    0    1    1    0    1    0    0    1    1    1    1    1    0    0    0    0    0    0    0    0    1    0    0    0    1    1    0    0    1    1    1    0    1    0    1    0    0    0    0    0    1    0    1    0    0    
50    0.618175    0.544484    1    1    1    1    1    1    1    1    1    1    1    0    1    0    1    1    1    1    1    1    1    1    1    1    1    1    1    1    1    1    1    1    1    1    1    1    0    1    1    1    1    1    1    1    1    1    0    0    0    1    1    1    1    1    1    1    1    0    1    1    1    1    1    0    1    1    1    1    1    1    1    1    0    1    1    1    1    1    1    1    1    0    1    1    1    1    1    1    1    1    0    1    1    1    0    1    1    1    1    1    0    0    0    1    1    1    0    0    1    1    1    0    0    0    0    1    0    0    0    0    0    0    0    0    0    0    0    0    0    0    0    0    0    0    0    0    0    0    1    0    1    0    1    0    0    1    0    0    0    0    1    1    1    1    1    0    1    0    1    0    0    0    0    0    1    1    0    0    1    0    1    1    1    0    0    0    0    0    1    1    0    0    0    0    0    0    0    0    0    1    0    0    0    1    1    0    0    1    0    0    
100    0.350627    0.34382    1    1    1    1    0    1    0    1    1    1    1    1    1    1    1    1    1    1    1    1    1    1    1    0    1    1    0    1    1    0    1    1    1    1    1    1    1    1    1    1    1    1    1    0    1    1    1    1    1    1    1    1    1    1    1    1    1    1    1    1    1    1    1    1    1    1    1    1    1    1    1    1    1    1    1    0    1    1    1    1    1    1    1    0    1    1    1    1    1    1    1    1    1    1    1    1    1    1    1    1    1    0    0    0    1    1    0    1    0    0    0    0    0    0    1    1    0    0    0    0    1    0    0    0    1    1    1    1    0    0    0    1    0    1    0    0    1    0    1    1    1    1    0    0    1    1    1    1    1    1    1    0    0    0    0    0    0    1    0    1    1    0    0    1    0    0    0    1    1    0    0    0    0    0    1    0    0    1    0    0    0    0    0    1    0    1    1    1    0    0    1    1    0    0    1    1    0    0    1    0    
100    0.0792696    0.897525    1    1    1    1    0    1    1    1    1    1    0    1    1    1    1    1    1    1    1    0    1    1    1    1    1    1    1    0    1    1    0    1    1    1    1    1    1    1    1    1    0    1    1    1    1    1    0    1    1    1    1    1    1    1    1    1    1    1    0    1    1    1    1    1    0    1    1    1    1    1    1    1    1    1    0    1    1    1    1    1    1    1    1    1    1    1    1    1    1    1    1    1    1    1    1    1    1    1    1    1    1    1    0    0    0    0    1    0    0    0    0    0    0    0    0    1    1    1    1    0    1    0    0    1    0    0    1    0    1    0    0    1    0    1    1    0    1    0    1    1    1    0    0    0    1    1    0    1    1    0    0    0    0    0    1    0    1    1    0    1    1    0    0    0    0    0    0    0    0    1    0    0    0    1    1    0    1    0    1    1    1    1    0    1    0    1    0    0    0    1    1    1    1    1    1    0    0    0    0    0    
100    0.416831    0.784042    1    1    1    0    1    1    1    1    1    0    1    1    1    1    1    1    1    1    1    1    1    1    1    1    0    1    1    1    1    1    1    1    1    1    1    1    1    1    1    1    0    1    1    1    1    1    1    0    1    1    1    1    1    0    1    1    1    1    1    1    1    0    1    0    1    1    1    1    1    0    1    1    1    1    1    1    1    1    1    1    1    1    1    1    0    1    1    1    1    1    1    1    1    1    0    1    0    1    1    1    0    1    1    0    1    1    0    1    0    0    1    1    0    0    0    1    1    0    1    0    0    1    0    1    1    0    0    0    1    0    0    0    0    0    0    0    0    1    1    1    1    1    1    1    1    0    0    1    0    1    0    0    0    0    1    0    1    0    0    0    0    0    0    0    1    0    1    1    0    1    0    0    0    0    0    0    1    1    0    0    0    0    0    1    1    1    0    0    1    1    0    0    1    1    1    0    0    1    0    0    
100    0.835564    0.865901    1    1    0    1    1    1    1    1    1    1    1    1    1    1    1    1    1    1    1    1    1    1    1    1    1    1    1    1    1    1    0    0    1    1    1    1    1    1    1    1    1    1    1    1    1    1    1    1    1    1    1    1    1    1    1    1    0    1    1    1    1    1    1    1    1    1    1    1    1    1    0    1    0    0    1    1    1    1    1    1    0    0    1    1    1    1    1    1    0    1    1    1    0    1    1    1    1    1    1    1    1    0    1    1    0    1    1    0    1    0    0    0    0    0    0    1    0    0    0    1    0    1    0    0    1    1    1    0    0    1    0    0    0    1    1    1    0    1    0    0    0    0    1    1    0    1    0    0    0    0    0    1    1    0    0    1    0    1    0    0    0    1    0    1    0    1    1    1    0    1    1    0    0    1    1    0    1    0    0    1    1    0    0    1    0    0    0    0    1    1    0    0    0    1    1    0    1    0    0    1    
100    0.232387    0.0225907    1    1    0    1    0    1    0    1    1    1    1    0    1    0    1    1    1    1    1    0    0    1    1    1    0    1    1    1    1    0    1    1    1    0    1    1    0    1    1    1    1    1    1    1    1    1    0    1    1    0    1    1    1    1    1    1    0    1    1    1    0    0    1    1    1    1    1    1    1    1    0    1    1    0    0    1    1    1    1    0    1    1    0    1    1    1    1    1    1    1    0    1    1    0    1    0    0    1    1    0    1    0    0    1    0    0    0    0    1    0    0    1    1    0    1    0    0    1    0    0    1    1    1    1    0    1    1    0    1    1    0    0    0    0    0    0    0    0    0    0    0    0    0    1    0    1    1    0    1    0    0    0    0    0    1    1    1    0    1    1    1    1    0    0    0    0    0    1    0    0    0    1    0    1    0    0    0    1    0    0    0    1    1    0    1    0    0    0    0    0    0    0    0    1    1    1    0    0    0    0    
100    0.707769    0.885935    1    1    1    1    1    1    1    1    1    0    1    1    1    1    0    1    1    1    1    0    1    1    1    0    0    1    0    0    0    1    1    1    1    1    1    1    1    0    1    1    1    0    0    1    1    1    1    1    0    0    1    1    1    1    1    1    1    1    1    0    1    1    1    1    1    1    1    1    1    1    0    1    1    1    1    1    1    1    1    1    1    1    1    1    1    1    1    1    0    1    1    1    1    1    1    1    1    1    1    1    1    0    1    0    1    1    0    0    0    1    0    0    0    0    0    0    1    0    0    1    1    0    1    1    0    0    1    0    0    1    0    1    0    1    1    0    0    0    0    0    0    0    0    1    1    1    1    1    0    1    0    0    0    1    1    0    1    0    0    1    1    0    0    1    0    0    0    1    0    0    0    1    0    1    0    0    0    1    0    0    1    1    1    0    0    0    1    0    1    0    1    0    1    0    1    0    0    1    0    1    
100    0.409098    0.410076    1    1    1    1    1    1    1    1    1    1    1    1    1    1    1    1    1    1    1    1    1    1    1    1    0    1    1    1    1    1    1    1    1    1    1    1    1    1    1    1    1    1    1    1    1    0    1    1    0    1    1    0    1    1    1    1    1    1    1    1    1    0    1    1    1    1    0    1    1    1    1    1    1    1    1    1    1    1    0    1    1    1    1    1    1    1    1    1    1    1    1    0    1    1    1    1    1    1    1    1    0    0    1    0    0    1    0    1    0    1    1    0    0    1    0    0    1    0    1    0    0    1    0    0    1    0    1    1    0    0    1    1    0    0    0    1    0    0    1    1    0    0    1    0    1    1    1    1    0    0    1    0    1    0    0    0    0    0    1    0    0    1    1    0    0    0    0    0    1    1    0    0    0    0    0    0    0    1    0    1    0    1    1    0    0    0    1    1    0    0    1    1    0    0    1    1    0    0    1    0    
100    0.119804    0.523639    1    0    1    1    1    0    1    1    1    1    1    1    1    1    1    1    1    1    1    1    1    1    1    1    1    1    1    1    1    1    1    0    1    1    1    0    0    0    1    0    1    1    1    1    1    1    1    1    1    1    1    1    1    1    1    1    1    1    1    1    1    0    1    1    1    0    1    0    1    1    1    1    1    1    1    1    1    1    1    0    1    1    1    1    1    1    1    1    0    1    1    1    1    1    1    1    1    0    1    1    0    0    1    0    1    1    1    1    0    0    1    1    0    1    0    0    1    0    1    0    0    0    1    1    1    1    0    1    1    1    0    1    1    0    1    0    0    0    0    0    1    1    1    0    1    1    0    1    1    0    1    0    0    1    0    0    0    0    0    0    0    0    0    1    0    1    0    0    0    1    0    0    0    0    1    0    0    0    1    0    0    1    0    1    1    0    0    0    0    0    1    0    0    0    1    0    1    0    1    1    
100    0.0049906    0.623343    1    1    1    1    1    1    1    1    1    1    1    0    1    1    1    0    1    1    1    1    1    1    1    0    1    1    1    1    1    1    1    1    1    1    1    1    1    1    1    1    1    1    1    0    1    1    1    0    1    0    1    1    1    1    1    1    1    1    1    1    0    1    1    1    1    0    1    1    1    1    1    1    1    1    1    1    1    1    1    1    1    1    1    0    0    1    1    1    1    1    1    1    1    0    1    1    1    1    1    1    0    1    0    1    0    0    0    0    1    0    1    0    1    0    0    0    0    1    0    1    0    0    1    0    0    1    1    1    1    0    1    1    0    0    0    1    1    0    1    0    0    0    0    0    1    0    0    1    0    0    1    0    0    0    1    0    0    0    0    1    0    0    1    0    0    1    0    0    1    1    0    1    0    0    0    1    1    1    0    0    1    0    0    0    0    1    0    1    0    0    0    1    0    0    0    0    0    0    0    0    
100    0.647048    0.888982    1    1    1    1    0    1    1    1    1    1    1    1    1    1    1    1    1    1    1    1    1    1    1    1    1    1    1    1    1    0    1    1    1    1    1    1    1    1    1    1    1    1    1    1    1    1    1    1    1    1    1    1    1    1    1    0    1    0    1    1    1    1    1    1    1    1    1    1    0    1    0    1    0    1    1    1    1    1    1    1    0    1    0    1    1    1    1    1    1    1    1    1    1    1    1    0    1    1    1    1    0    1    0    0    1    0    1    0    0    0    1    0    0    0    1    0    1    1    1    1    0    1    1    1    0    1    1    1    0    0    1    0    1    1    1    0    0    0    1    1    1    1    0    0    1    0    1    1    0    1    1    0    0    1    0    1    0    1    1    0    0    1    1    0    0    0    1    1    0    0    0    0    0    1    0    0    1    0    0    0    1    1    0    0    1    0    0    0    1    0    1    1    0    1    1    0    0    0    1    0    
100    0.293736    0.411126    1    1    1    1    1    1    1    1    1    0    0    1    1    1    1    1    1    1    1    1    0    1    1    1    1    1    1    1    0    1    1    1    1    1    1    1    1    1    0    1    1    1    1    1    1    1    1    1    0    1    1    1    1    1    1    1    1    0    1    1    1    1    1    1    1    1    0    1    1    1    1    1    1    1    1    0    1    1    1    1    0    1    1    1    1    1    0    1    1    1    1    1    1    1    1    1    1    1    1    0    1    0    0    0    0    1    0    0    0    0    0    0    1    0    0    1    1    0    0    0    1    1    1    0    1    1    1    0    0    0    0    0    1    0    0    1    1    0    1    1    1    0    0    0    0    1    1    1    0    1    1    1    0    1    0    1    0    1    1    1    0    0    0    1    0    1    1    0    0    0    0    0    0    1    0    0    0    1    0    0    0    0    0    0    1    1    1    0    1    0    0    0    1    0    0    0    0    1    0    0    
100    0.360549    0.433277    1    1    1    1    1    1    1    1    1    1    1    1    1    1    1    1    1    1    1    1    0    1    1    1    1    1    1    0    0    1    1    1    1    1    1    1    1    1    1    1    1    1    1    1    1    0    1    1    1    1    1    1    0    1    1    1    1    1    1    1    1    1    1    1    0    1    1    1    1    1    1    1    1    0    1    1    1    1    1    1    1    0    1    0    0    1    1    1    1    0    1    1    1    1    1    1    1    1    1    1    0    0    0    1    0    1    0    0    0    1    1    0    1    0    0    1    0    1    0    1    0    1    1    1    1    1    1    0    0    0    1    1    0    0    0    0    1    0    0    0    1    1    0    1    0    0    1    1    1    1    1    1    0    0    0    0    1    0    0    1    0    1    1    1    0    0    0    0    0    1    0    1    1    0    1    1    1    1    0    0    1    0    1    0    0    0    1    1    0    1    0    0    0    0    0    1    1    0    1    0    
100    0.621547    0.0136265    1    1    1    1    1    1    1    1    1    0    1    0    1    0    1    1    1    1    1    1    1    1    1    1    1    1    0    1    1    1    1    0    1    1    1    0    1    0    0    1    1    1    1    1    1    1    1    1    1    1    1    1    1    1    1    1    0    1    0    1    1    1    1    1    1    1    1    1    0    1    1    1    1    1    0    1    1    1    1    1    1    1    1    1    1    1    1    1    1    1    1    1    1    1    1    1    0    1    1    1    1    0    0    0    1    0    0    1    0    0    1    1    0    0    0    0    1    0    0    0    1    0    0    0    1    0    0    0    0    0    1    1    0    1    0    1    0    0    0    0    0    1    0    0    1    0    0    1    0    0    0    1    0    0    0    0    0    1    1    0    0    0    0    0    1    0    0    1    0    0    0    0    0    1    0    0    1    1    0    1    1    0    1    0    1    0    0    1    1    1    0    0    1    1    0    0    1    1    1    0    
100    0.725788    0.437788    1    1    1    1    1    1    1    1    1    1    1    1    1    1    1    1    1    1    1    1    1    1    1    0    1    1    1    1    1    1    1    1    1    1    1    1    1    1    1    1    1    1    1    1    1    1    1    1    1    1    1    1    1    1    0    1    1    1    0    1    1    1    1    1    1    1    0    1    1    1    1    1    0    1    1    1    1    1    1    1    1    1    1    1    1    1    1    1    1    1    1    1    1    1    1    1    1    1    0    1    1    1    0    1    1    1    1    1    0    1    0    0    1    1    0    1    1    1    0    0    0    0    0    0    1    1    1    0    0    1    1    0    0    0    0    0    0    1    1    0    1    1    1    1    0    0    0    0    0    1    0    0    0    1    1    1    1    1    0    0    0    0    0    0    0    0    1    0    1    0    1    0    0    1    0    0    1    0    0    0    0    0    0    1    1    1    0    1    0    0    1    1    0    1    0    0    0    1    0    0    
100    0.44154    0.0245283    1    1    1    1    1    0    1    1    1    1    1    1    1    0    1    1    1    1    1    0    1    1    1    1    1    0    1    1    1    1    1    1    1    1    1    1    1    0    0    1    1    0    0    1    1    1    0    1    1    1    1    1    1    1    1    1    1    1    1    1    1    1    1    1    0    1    1    1    1    1    1    1    1    1    1    1    1    1    1    1    1    1    0    1    1    1    1    1    1    1    1    1    1    1    1    1    1    1    1    0    0    1    0    0    0    0    1    0    0    1    1    0    0    1    1    1    0    0    0    0    0    0    0    1    0    1    0    1    0    1    0    0    1    0    0    0    0    0    0    0    0    0    0    1    0    0    0    0    0    0    0    1    1    0    0    0    0    1    0    0    0    0    1    1    0    0    1    1    1    0    0    0    1    0    1    0    0    0    1    1    1    0    1    0    1    0    1    1    0    0    1    1    0    0    1    1    1    1    1    1    
100    0.129993    0.515779    1    1    1    1    1    1    1    1    1    1    1    1    1    1    1    1    1    1    0    1    0    1    1    1    1    1    1    1    1    1    1    1    1    1    1    1    1    1    1    1    1    1    1    1    1    1    0    0    1    1    1    1    1    1    1    0    1    1    1    0    1    1    1    1    0    1    1    1    1    0    1    1    0    1    1    1    1    1    0    1    0    1    1    1    1    1    1    1    1    1    1    1    1    1    1    1    1    1    0    1    0    0    1    1    1    0    1    1    1    1    0    0    0    1    0    1    0    1    0    0    1    1    0    0    0    0    1    0    0    0    0    0    1    0    0    0    1    1    1    0    1    0    1    0    0    0    1    0    0    0    1    0    0    0    1    0    0    0    0    1    0    0    1    0    0    0    0    0    1    0    0    0    0    0    1    1    0    0    0    0    0    0    0    1    1    0    0    1    0    1    0    0    1    1    0    0    1    0    0    0    
100    0.499319    0.53704    1    1    1    1    1    1    1    1    1    1    1    1    1    1    1    1    0    1    1    1    1    1    1    1    1    1    1    1    1    1    1    1    1    1    0    1    1    1    1    1    1    1    1    1    1    1    1    1    1    0    1    1    1    1    1    1    0    1    1    1    1    1    1    1    1    1    1    0    1    1    1    1    1    1    1    1    1    1    1    1    1    1    1    1    1    1    1    1    1    1    1    1    1    1    1    1    1    1    1    0    0    0    0    0    1    1    0    1    1    0    1    1    0    0    1    1    1    1    1    0    0    1    1    0    0    0    0    0    0    0    0    0    1    1    0    1    1    1    0    1    0    0    0    0    0    0    0    0    0    0    1    0    1    1    1    0    1    0    0    0    1    0    0    1    0    0    1    1    1    1    0    1    1    0    0    0    0    0    0    1    0    1    1    0    0    0    1    0    0    0    1    1    0    0    0    0    0    0    0    0    
100    0.671371    0.543421    1    1    1    0    0    1    0    1    1    1    1    1    1    0    1    0    1    1    1    1    1    1    1    1    1    1    1    1    1    1    1    1    1    1    0    1    1    1    1    1    1    1    1    1    1    1    0    1    1    1    1    1    1    1    1    1    1    1    1    1    1    1    1    1    1    1    1    0    1    1    1    1    1    1    1    1    1    0    1    1    1    1    1    1    1    1    1    1    1    1    1    1    1    1    1    1    1    1    1    1    1    1    1    0    0    1    1    1    0    1    0    1    1    0    1    1    1    0    0    1    0    0    0    1    0    0    1    0    0    0    1    1    1    0    1    1    1    0    0    1    0    1    1    1    0    0    1    1    0    1    1    1    0    1    1    0    0    1    1    1    1    1    1    0    0    0    0    0    1    0    0    0    0    0    1    0    0    0    0    1    1    0    0    1    1    0    1    0    1    1    0    1    0    0    0    0    1    1    0    0    
100    0.967516    0.991491    1    0    1    1    1    1    0    1    1    1    1    1    1    1    1    1    1    0    1    0    1    1    1    1    1    0    1    1    1    1    0    1    1    1    1    0    1    1    1    1    1    1    1    1    1    0    1    1    1    1    1    1    1    1    1    0    0    1    1    1    0    1    1    1    1    0    1    0    1    1    1    1    1    1    1    1    1    1    0    1    1    1    1    1    1    1    1    1    0    1    1    1    1    1    1    1    1    1    1    1    1    0    1    1    1    1    0    1    0    0    1    0    1    0    1    0    0    0    1    0    1    0    0    0    0    0    1    1    0    1    0    1    1    1    1    0    1    0    0    1    0    0    0    1    0    1    0    0    1    0    0    1    1    1    0    0    0    0    0    1    1    0    0    0    0    1    0    0    0    0    0    0    0    0    1    1    1    1    0    0    0    1    0    1    0    1    1    0    0    0    1    0    1    1    0    0    1    1    0    0    
100    0.126477    0.329129    1    1    1    1    1    1    0    1    1    1    0    1    1    1    1    1    1    1    0    1    1    1    1    0    1    1    1    1    1    1    1    1    0    1    1    1    1    0    1    0    1    0    1    1    1    1    1    0    1    1    1    1    1    1    0    1    1    0    0    1    1    1    0    1    0    1    1    1    1    1    1    1    1    1    1    1    1    1    0    1    1    1    1    1    1    1    1    1    0    1    0    0    0    1    0    1    1    1    1    1    0    1    0    1    1    0    1    0    0    1    1    1    0    0    1    0    1    0    1    0    0    1    1    1    0    0    1    0    0    0    1    0    0    1    0    1    0    0    1    0    1    0    0    0    0    1    1    0    1    0    0    0    1    0    0    1    1    0    0    0    1    1    1    1    0    1    1    0    0    1    0    0    0    0    0    0    0    0    0    0    0    1    0    0    0    1    0    1    0    1    0    1    0    0    0    0    0    0    1    0    
100    0.0969305    0.022983    1    0    1    0    1    1    1    1    1    0    1    0    1    1    1    1    1    1    1    1    1    1    1    0    0    1    1    1    1    0    1    1    1    0    1    1    1    1    0    0    1    1    1    1    0    1    1    1    1    1    1    1    1    1    1    0    1    1    1    1    0    1    1    1    1    1    0    1    1    1    1    1    1    0    1    1    1    1    1    0    1    0    1    0    1    1    1    1    1    1    0    1    1    1    1    1    0    1    1    1    1    1    1    0    1    0    0    0    1    0    0    0    0    1    1    1    1    1    0    1    0    0    0    1    0    0    0    1    0    1    0    0    1    0    0    0    0    0    0    0    1    0    0    1    0    0    1    0    0    0    0    0    1    0    1    0    1    1    0    1    1    0    0    0    1    0    1    0    0    1    0    0    1    0    1    1    1    1    0    1    1    1    1    1    0    0    0    1    0    0    1    1    0    1    1    0    0    1    1    0    
100    0.86456    0.718959    1    0    1    1    1    1    1    1    1    1    0    1    1    1    1    1    1    1    1    0    1    1    1    1    1    1    1    1    0    0    1    1    1    1    1    1    1    1    1    1    1    1    1    1    1    1    1    1    1    1    1    0    1    1    1    1    0    1    1    0    1    0    0    1    1    1    1    1    1    1    1    1    1    1    1    1    1    1    1    0    1    1    1    1    1    1    1    1    0    1    1    1    1    1    1    1    1    1    0    1    1    0    0    0    1    0    0    0    0    0    0    1    0    1    0    0    0    1    1    1    0    0    0    0    0    1    0    1    0    1    0    0    1    1    1    0    1    0    1    1    0    0    1    1    0    0    1    0    0    1    0    0    0    0    0    0    1    1    1    1    0    0    0    1    0    0    0    0    0    1    0    1    1    0    1    1    1    1    0    0    1    1    0    1    0    0    0    0    1    0    0    0    0    0    0    0    0    0    1    0    
100    0.251263    0.353224    1    1    1    1    1    1    1    1    1    1    1    1    1    1    1    1    1    1    1    1    1    1    1    1    1    0    1    1    1    1    1    1    1    1    1    1    1    1    1    1    1    1    1    1    1    1    1    1    1    0    0    0    1    1    1    1    1    1    1    1    1    1    1    1    1    1    1    1    1    0    1    1    0    1    1    1    1    1    0    1    0    1    1    0    0    1    1    1    1    0    1    1    1    1    1    0    1    1    1    1    0    0    1    0    1    1    1    0    1    0    0    0    1    0    0    1    0    1    1    0    0    0    1    0    0    0    0    1    1    0    1    0    0    0    0    1    0    0    0    0    0    0    1    1    1    0    0    0    1    0    0    0    1    0    0    1    1    1    1    1    1    1    0    0    1    0    0    0    1    0    1    0    0    1    1    0    0    1    0    0    0    1    1    1    1    0    0    1    1    0    0    0    0    0    0    0    0    1    1    0    
100    0.0859557    0.777606    1    0    0    1    1    0    0    1    1    1    1    1    1    0    1    0    1    1    1    1    1    1    1    1    1    1    1    1    1    1    1    1    1    1    1    1    1    1    1    1    1    1    1    1    1    1    1    1    1    1    1    1    1    1    1    1    1    1    1    1    1    1    1    1    1    1    1    1    1    1    0    1    1    1    1    1    1    1    1    0    1    1    1    0    1    1    1    1    1    1    1    1    1    1    1    0    1    1    1    1    0    1    0    0    0    0    0    0    0    0    1    1    0    0    1    1    1    1    1    1    1    1    1    0    0    0    0    0    1    0    1    0    1    1    1    0    1    1    0    0    0    1    1    1    1    0    0    1    0    0    0    1    0    1    0    1    1    0    0    0    0    0    0    1    1    1    1    0    1    0    0    0    1    0    1    0    0    0    1    1    1    0    0    0    0    1    0    0    1    0    0    0    0    1    1    1    1    1    0    1    
100    0.628226    0.447357    1    1    1    1    0    1    1    1    1    1    0    1    1    1    0    1    1    0    1    1    1    1    1    0    1    1    1    1    1    1    1    1    1    0    1    1    1    1    1    1    1    0    1    1    0    1    0    1    1    1    1    1    1    1    1    0    0    1    1    1    1    1    1    1    1    1    1    1    1    1    1    1    1    1    1    1    1    1    1    1    1    1    1    1    1    1    1    0    1    1    1    1    1    1    1    1    1    0    1    1    1    0    0    0    0    0    1    0    0    1    1    0    0    0    0    1    1    1    1    0    0    1    0    1    1    0    1    0    0    1    1    1    1    1    0    0    1    1    0    0    0    1    0    0    0    1    0    1    0    0    0    0    1    1    1    1    0    1    1    1    0    1    1    0    0    1    0    0    0    1    0    1    1    1    0    0    0    0    1    0    0    0    1    0    0    0    0    1    0    0    0    0    0    0    1    0    0    1    0    1    
100    0.572896    0.315065    1    1    1    1    1    1    1    1    1    1    1    1    0    1    1    1    1    1    1    1    1    1    1    1    0    1    1    1    1    1    1    1    1    1    1    1    1    1    1    1    0    1    1    1    1    1    1    1    1    0    1    1    1    1    1    1    1    0    1    1    1    1    1    1    1    1    1    1    0    1    1    1    1    1    0    1    1    0    1    1    1    1    1    1    1    1    1    1    1    1    1    0    1    1    1    0    1    1    1    1    1    1    0    0    1    0    0    1    1    0    1    0    0    0    0    1    1    0    0    0    0    0    0    0    1    0    0    0    0    1    0    0    0    0    0    1    1    1    0    1    1    1    1    1    0    1    0    0    1    0    0    1    0    1    1    1    1    0    1    0    0    0    0    0    0    0    1    0    1    0    1    1    1    1    1    0    1    1    0    0    1    1    0    1    0    0    1    1    1    0    1    0    0    1    0    0    0    0    0    0    
100    0.962604    0.493386    1    1    1    0    1    1    0    1    1    1    1    1    1    1    1    1    1    0    1    0    1    1    1    1    1    1    1    1    1    1    1    1    1    1    1    1    1    1    1    1    1    0    1    1    1    1    1    1    1    1    1    1    1    1    1    1    1    1    1    1    0    1    1    1    1    1    1    1    1    1    1    1    1    1    1    1    1    1    1    1    1    1    1    1    1    1    1    1    1    1    1    1    1    1    1    1    1    1    1    1    0    1    0    0    0    1    1    0    0    0    0    0    1    0    1    0    1    1    0    1    0    1    0    0    0    1    0    0    0    1    0    0    1    1    1    1    1    0    1    1    1    1    0    1    1    0    0    0    0    0    1    1    1    0    1    1    1    0    0    0    0    1    0    1    1    1    1    1    0    1    0    1    1    0    1    0    1    1    1    0    0    0    0    0    1    0    0    1    1    1    0    0    1    0    0    0    0    0    0    1    
100    0.908349    0.371439    1    1    1    0    1    1    1    1    1    1    1    1    1    1    1    1    1    1    1    1    1    1    1    1    1    1    1    1    1    1    1    1    1    1    0    0    1    1    1    1    1    0    1    1    1    1    1    1    1    1    1    1    1    1    1    1    1    1    1    0    1    1    1    1    1    0    1    1    0    1    1    1    1    1    1    1    1    1    1    1    1    1    1    1    1    1    1    1    1    1    1    1    1    1    1    1    1    1    1    1    1    1    0    0    0    1    1    1    1    0    0    0    0    0    0    0    1    1    1    1    0    0    0    0    0    0    0    1    0    1    1    0    0    1    1    0    0    1    1    0    0    0    0    1    0    1    0    0    0    0    0    0    1    1    1    0    1    1    0    0    1    1    1    0    0    1    0    0    0    1    0    1    0    1    1    1    1    0    0    0    0    0    1    0    1    1    0    0    0    0    0    1    0    0    0    0    0    0    0    1    
100    0.882686    0.327311    1    1    1    1    1    1    1    1    1    1    1    1    1    1    1    1    1    1    1    1    1    1    1    1    1    1    1    1    1    1    1    1    1    1    1    1    1    1    1    1    1    0    1    1    1    1    1    1    1    1    1    1    1    1    1    1    1    1    1    1    1    1    1    1    1    1    1    1    1    1    1    1    1    1    1    0    1    1    1    1    1    1    1    1    1    1    1    1    1    1    1    1    1    1    1    1    1    1    1    1    0    0    0    0    1    0    0    0    1    1    1    0    1    0    0    0    0    0    0    1    1    0    0    0    1    0    1    0    1    0    0    1    0    1    0    0    0    1    0    0    0    1    1    1    1    0    0    1    0    1    0    1    0    0    1    0    1    0    0    0    0    0    1    1    0    0    0    0    0    0    0    1    1    0    0    0    0    1    0    0    0    1    0    0    0    1    0    0    0    1    0    0    1    1    0    0    1    0    1    0    
100    0.546155    0.142102    1    0    1    0    1    1    1    1    0    0    0    0    1    1    1    1    1    1    1    1    1    0    1    1    1    1    1    1    1    1    1    0    1    1    1    1    0    1    1    1    1    0    0    1    0    1    0    1    1    1    1    1    0    1    1    0    1    0    1    1    0    0    1    1    1    1    1    1    1    1    1    1    1    1    0    1    1    1    0    1    1    0    0    0    0    1    1    1    1    1    1    1    0    0    1    1    0    1    1    1    0    0    1    0    1    0    0    0    1    0    0    0    0    0    0    1    0    1    0    0    1    0    0    0    1    0    0    0    0    1    0    1    0    1    0    0    1    0    0    0    0    0    1    0    1    0    1    0    0    1    1    1    0    1    0    0    1    0    0    0    0    0    0    1    0    1    0    0    0    0    1    0    0    0    0    0    1    0    0    0    1    0    0    1    0    0    0    1    1    1    1    0    1    0    1    0    1    1    1    1    
100    0.513962    0.407127    1    0    1    1    1    1    0    1    0    1    1    1    1    0    0    1    1    1    1    1    1    1    1    1    1    1    1    1    1    1    1    1    0    1    1    1    1    1    1    1    1    1    1    1    1    0    0    1    1    1    1    1    1    1    1    1    1    1    1    1    1    1    1    1    0    1    1    1    1    1    1    1    1    1    0    1    1    1    1    1    1    1    1    1    1    1    1    1    1    1    1    1    1    1    1    1    0    1    1    1    0    0    0    1    0    0    0    1    1    0    1    1    0    0    0    0    0    1    1    0    0    0    1    0    0    1    1    1    1    1    1    1    0    1    0    0    1    1    1    0    0    1    1    1    0    0    1    0    1    0    0    0    1    0    0    0    0    1    1    0    0    1    1    1    1    1    0    1    0    0    1    1    1    0    0    0    0    0    0    0    1    0    1    0    0    1    0    1    1    0    0    1    0    0    0    1    1    1    0    0    
100    0.303456    0.357764    1    1    1    1    1    1    1    1    1    0    1    1    1    1    1    1    1    1    1    1    1    1    1    1    0    1    1    1    0    1    1    1    1    1    1    1    1    1    1    1    1    1    1    1    0    1    1    1    1    1    1    1    1    1    1    1    1    1    0    1    1    0    1    1    1    1    1    1    1    1    1    0    1    1    1    1    1    1    1    1    1    0    1    1    1    1    1    1    1    1    1    1    1    1    1    1    1    0    1    1    0    0    0    0    0    1    0    0    1    0    1    0    0    0    0    0    0    1    0    0    1    0    1    1    0    0    0    0    1    0    1    0    0    1    1    0    1    0    0    0    0    0    0    1    0    1    0    1    0    1    0    0    1    0    0    0    0    1    0    1    1    1    0    0    0    0    1    1    0    1    1    1    0    0    0    1    0    1    0    0    0    1    1    0    0    0    0    0    0    1    0    0    0    1    1    1    0    0    1    0    
100    0.930367    0.307727    1    1    1    1    1    1    1    0    1    1    1    1    1    1    0    1    1    1    1    1    0    1    1    1    1    1    1    1    1    1    1    1    1    1    1    1    1    1    1    1    1    1    1    1    1    1    1    1    1    1    1    0    1    0    1    1    1    1    0    1    1    1    1    1    1    1    1    1    1    1    1    1    1    1    1    0    1    1    1    0    1    1    1    1    1    1    1    1    1    1    0    1    1    1    0    1    1    1    1    1    0    0    0    0    1    0    0    1    1    0    0    1    0    0    1    1    1    1    0    0    1    1    0    0    1    0    0    0    0    0    0    1    0    0    1    1    0    0    0    0    1    0    1    0    0    1    0    0    1    1    0    1    1    0    1    1    0    0    0    0    0    1    0    0    0    1    0    0    1    1    1    0    0    0    1    1    0    0    0    0    1    0    0    1    0    1    0    1    1    0    0    0    0    0    0    0    1    0    1    1    
100    0.569135    0.47373    1    1    1    1    1    1    1    1    1    1    1    1    0    1    1    1    1    1    1    1    1    1    1    1    1    0    1    1    1    1    1    1    1    1    1    1    1    0    1    1    1    1    1    1    1    1    1    1    0    1    1    1    1    0    1    1    0    1    1    1    1    1    1    1    1    1    1    1    1    1    1    1    1    1    0    1    1    1    1    1    1    1    1    1    0    1    1    0    0    1    1    1    1    1    1    1    1    1    0    1    0    0    1    1    1    1    1    1    0    1    0    0    0    1    0    1    0    0    1    1    0    0    0    0    0    0    1    1    1    0    1    0    1    0    1    1    0    0    1    1    0    0    1    0    1    0    0    0    0    0    0    0    0    1    0    0    1    0    1    1    1    1    0    1    0    0    0    0    0    0    1    0    0    0    1    1    0    0    0    0    0    0    1    0    0    1    0    0    0    0    1    1    0    1    0    0    1    0    0    0    
100    0.375948    0.846482    1    1    1    1    1    1    0    1    1    1    1    1    1    1    1    1    1    1    1    1    1    1    1    1    1    1    1    1    1    1    1    1    1    0    1    1    1    1    1    1    1    1    1    1    1    1    1    1    1    1    1    0    0    1    1    0    1    1    1    1    1    1    1    0    1    1    1    1    1    0    1    1    0    1    0    1    1    1    0    1    1    1    1    1    1    1    1    1    1    1    1    1    1    1    1    1    1    0    1    1    0    1    0    0    1    1    0    0    1    0    0    0    1    0    1    1    1    1    1    1    0    1    1    1    0    0    0    0    1    0    0    1    0    1    0    1    1    0    1    1    0    1    0    0    0    0    0    1    0    1    0    1    1    1    1    0    0    1    0    1    0    1    0    0    1    0    1    1    0    0    1    1    0    1    0    1    0    1    1    0    1    0    1    1    1    0    0    0    1    0    0    1    1    1    0    0    0    1    1    0    
100    0.952352    0.742711    1    1    1    1    1    1    1    1    1    1    1    1    1    1    1    1    1    1    1    1    1    1    1    1    1    1    1    0    1    0    1    1    1    1    1    1    1    1    1    1    1    1    0    1    0    1    1    1    1    1    1    1    1    1    1    1    1    1    1    1    1    1    1    1    1    1    1    1    1    1    1    1    1    1    1    1    1    1    1    1    0    1    1    1    1    1    1    1    0    1    1    1    0    1    1    1    1    1    1    1    0    1    1    0    0    0    0    1    1    0    0    0    0    0    0    0    0    0    0    0    0    0    0    0    0    0    0    0    1    0    0    0    1    0    0    1    0    1    0    0    0    0    1    0    1    0    0    0    1    0    0    0    0    1    1    1    0    0    0    0    0    0    0    0    1    1    1    0    1    1    1    1    0    1    0    1    0    0    0    1    1    0    0    0    1    1    0    1    1    0    0    0    0    1    0    0    1    1    1    1    
100    0.307406    0.477681    0    1    1    1    1    1    1    1    1    0    1    1    1    1    1    0    0    1    0    1    1    1    1    1    1    1    1    1    1    1    0    1    1    1    1    1    1    1    1    1    0    1    1    1    1    1    1    1    1    1    1    1    1    1    0    1    1    1    1    0    1    1    1    0    1    0    1    0    1    1    1    1    1    1    1    1    0    1    1    1    1    1    1    1    1    1    1    0    1    1    0    0    1    1    0    1    1    1    1    1    0    1    0    1    0    0    1    0    0    0    0    1    1    1    0    0    1    1    1    0    0    0    0    0    0    0    1    0    0    1    1    0    1    1    0    0    1    1    1    1    0    1    0    1    0    0    0    0    1    0    1    0    0    0    0    1    1    0    0    0    0    1    0    0    1    1    0    0    0    0    1    1    1    0    1    1    0    1    1    0    0    1    0    0    1    0    0    1    0    0    0    1    0    1    1    0    0    0    0    0    
100    0.795231    0.247721    1    1    1    1    1    0    0    0    1    1    1    1    1    1    1    1    1    1    1    1    1    1    1    1    1    1    1    1    1    0    1    1    1    1    1    1    0    1    1    1    1    1    1    1    1    1    1    1    1    1    1    1    1    1    1    1    1    1    1    1    1    1    1    1    1    1    1    1    1    1    1    1    0    1    1    1    1    1    1    1    0    1    1    1    1    1    1    1    1    1    1    1    1    1    1    1    1    1    1    1    0    1    1    0    0    0    0    0    0    1    0    0    0    0    0    1    0    0    1    0    0    0    0    1    0    1    1    0    0    1    0    0    0    1    1    0    1    0    1    0    0    1    1    0    0    0    0    1    0    1    1    0    1    0    0    0    1    0    1    0    1    0    1    1    1    0    0    0    0    0    1    0    0    0    0    1    0    0    0    1    0    1    0    1    0    1    0    1    0    1    1    0    0    0    0    1    0    1    1    0    
100    0.162466    0.249756    1    0    1    1    0    1    1    0    1    1    1    1    1    1    1    0    0    1    1    1    1    1    1    0    0    0    1    1    0    1    1    0    1    1    1    1    1    1    1    1    1    1    1    1    1    1    1    1    1    0    1    1    1    1    1    1    1    0    1    1    1    1    0    1    1    1    1    1    1    0    1    0    1    1    0    1    1    1    0    1    1    0    1    1    1    1    1    1    1    1    0    1    0    1    1    1    1    1    0    1    1    0    0    0    0    1    0    1    1    0    0    0    0    0    0    1    0    1    1    0    1    0    0    1    0    0    0    0    0    1    1    0    0    0    0    1    0    0    1    0    0    0    0    0    0    0    0    1    1    0    1    0    0    0    1    1    0    1    1    1    1    0    0    0    0    1    0    1    1    1    0    0    0    0    1    0    0    0    0    1    0    0    0    0    0    1    1    1    0    1    0    1    0    0    0    1    1    1    1    0    
100    0.381597    0.357347    1    1    1    1    1    0    1    1    1    1    1    0    1    1    1    1    1    1    1    1    1    1    1    1    1    1    1    1    1    1    1    1    1    1    1    1    1    1    1    1    1    1    1    1    1    1    0    1    0    1    0    1    1    1    1    1    1    1    1    1    1    1    0    1    1    1    1    1    1    0    1    1    1    1    1    1    1    1    1    1    1    0    1    1    1    0    1    1    1    1    1    1    1    1    1    1    1    1    1    1    0    1    1    0    0    0    1    1    0    1    1    1    0    0    0    0    0    0    0    0    0    0    0    0    0    0    1    0    1    1    0    0    1    0    0    1    0    0    0    1    0    0    1    0    1    1    1    0    0    0    0    0    0    1    0    0    0    0    1    0    1    1    1    1    0    0    1    0    0    1    1    1    0    1    0    1    0    0    1    0    0    0    1    0    0    0    1    0    0    0    0    1    1    1    1    0    0    0    0    0    
100    0.92027    0.127762    1    0    1    0    1    1    1    1    1    1    1    1    1    1    1    1    1    1    1    1    0    1    1    1    1    1    1    0    1    1    1    1    1    0    1    0    1    1    1    1    1    1    1    1    0    1    1    1    0    1    1    1    1    1    1    1    1    1    1    1    1    1    1    1    1    1    1    0    1    1    0    1    1    1    1    1    1    1    1    1    0    1    1    1    1    1    1    1    1    1    1    1    1    0    1    1    1    1    1    1    1    0    0    1    0    1    0    0    0    0    1    1    0    0    0    1    1    0    0    0    0    0    1    1    1    0    0    0    0    0    0    1    1    0    0    0    0    1    0    1    0    1    0    1    0    1    0    1    0    0    1    0    0    0    1    0    1    1    1    0    0    0    1    1    0    0    1    1    0    0    1    0    0    1    1    0    1    0    0    1    1    0    1    0    0    0    1    0    0    1    1    0    0    0    1    0    1    0    0    1    
100    0.732716    0.249043    1    1    1    1    1    1    1    1    1    1    1    1    1    0    1    1    1    1    0    1    1    1    1    1    1    1    1    1    1    1    1    1    1    1    1    1    1    1    1    1    1    1    1    1    1    0    1    1    1    1    1    1    1    1    1    1    1    0    1    1    1    1    1    1    1    1    0    0    1    1    1    1    1    1    1    0    1    1    1    1    1    1    1    1    1    1    1    0    1    0    1    1    1    1    1    0    1    1    0    1    1    1    0    0    0    0    1    1    1    1    0    1    0    0    0    1    0    0    0    0    1    0    1    0    1    1    0    0    0    1    0    1    1    1    1    1    0    1    0    1    1    1    1    0    0    1    1    0    0    0    0    1    0    0    1    0    1    0    0    1    1    1    1    0    0    1    0    0    0    0    0    1    0    1    1    1    0    1    1    0    0    0    1    1    0    0    0    1    0    0    0    0    1    0    0    1    0    1    0    1    
100    0.079302    0.743211    1    1    0    0    1    1    0    1    1    1    1    1    0    1    0    1    1    1    1    1    1    0    1    1    1    0    0    1    1    1    1    1    1    1    1    1    1    1    1    1    1    0    1    1    1    1    1    1    1    1    1    0    1    1    1    1    1    1    1    1    1    0    1    1    1    1    1    1    1    1    1    1    1    1    1    1    1    1    0    1    1    1    1    1    1    1    1    1    1    1    1    1    1    0    1    1    1    1    1    1    1    1    0    1    1    1    1    0    1    0    1    1    1    1    1    0    0    1    1    0    0    1    0    0    1    0    0    0    0    1    0    0    0    1    0    1    0    1    0    1    0    1    1    1    0    0    0    0    0    0    0    1    0    0    0    0    0    1    1    0    1    1    0    1    1    0    0    1    0    1    1    1    0    0    0    0    1    1    1    1    0    0    1    0    0    0    0    0    0    0    1    1    0    0    1    0    1    0    1    1    
100    0.744238    0.748984    0    1    1    1    1    1    0    1    1    0    1    1    1    0    0    1    1    1    1    1    0    1    1    0    0    1    1    1    1    1    1    1    1    1    1    1    1    1    1    1    1    0    1    1    1    0    1    0    1    1    1    1    1    1    1    1    1    1    1    1    1    1    1    1    1    1    1    1    1    1    1    1    1    0    1    0    0    1    1    1    1    1    1    1    0    1    1    1    0    1    1    1    1    0    1    1    1    1    1    1    0    1    0    1    0    0    1    1    0    0    0    0    1    1    0    0    1    0    0    0    0    0    1    1    1    0    1    0    0    0    0    1    0    1    1    0    0    1    0    0    1    1    1    0    0    0    1    0    1    0    0    0    0    0    0    1    1    1    0    0    1    0    0    1    0    0    1    0    1    1    0    0    0    0    1    0    1    0    1    1    1    0    1    1    0    1    0    0    0    0    1    0    0    1    1    1    0    1    0    0    
100    0.940291    0.583301    1    1    1    1    1    1    1    1    0    1    1    1    1    1    1    1    0    1    1    1    1    1    1    1    1    1    1    1    1    1    1    1    1    1    1    1    0    1    1    1    1    1    1    1    1    1    1    1    0    1    1    1    1    1    1    1    1    1    1    1    1    1    1    1    1    1    1    1    0    1    1    0    1    1    1    1    1    1    1    1    1    1    0    0    1    1    1    0    1    1    1    1    0    1    1    0    1    1    1    1    0    0    0    1    1    0    0    0    0    1    1    0    1    1    1    0    0    0    1    0    0    0    0    1    0    0    1    0    0    1    0    0    0    0    1    1    0    0    1    0    0    0    1    1    0    0    0    0    1    0    0    1    1    0    0    1    0    1    0    1    1    0    0    1    0    0    0    0    0    0    1    1    1    0    0    0    1    0    0    1    0    0    1    1    0    0    0    0    0    0    0    0    0    0    1    1    1    0    1    1    
100    0.43319    0.696785    1    1    0    1    1    1    1    1    1    1    1    1    1    1    1    1    1    1    1    0    1    1    1    1    1    1    1    1    1    1    1    1    1    0    1    1    1    1    1    0    1    1    1    1    1    0    1    1    1    1    1    1    1    1    1    1    1    0    1    1    0    1    1    0    1    1    1    1    1    1    1    1    1    1    1    0    1    1    1    1    1    1    1    1    1    1    1    1    1    1    0    1    1    1    0    1    1    1    0    1    0    0    0    1    0    0    0    1    0    1    0    0    1    0    0    1    1    0    1    1    1    1    0    0    0    0    0    0    0    0    0    0    1    1    0    1    1    0    0    1    1    0    0    0    0    1    0    1    0    1    1    1    1    0    1    1    0    0    0    0    0    0    1    0    1    0    1    0    1    1    1    0    1    0    0    1    1    1    0    0    0    0    1    1    1    1    0    0    0    1    0    0    1    0    0    0    1    0    1    0    
100    0.155194    0.753089    1    1    0    1    1    1    1    1    1    1    1    1    1    1    1    1    1    1    1    1    1    1    1    1    1    1    1    1    1    1    1    1    1    1    1    1    1    0    1    1    0    1    1    1    1    1    1    0    1    1    1    1    1    1    1    1    1    1    1    1    0    1    1    1    1    1    0    1    1    1    0    1    1    1    1    1    1    0    1    1    1    1    1    1    1    0    1    1    1    1    1    1    1    1    1    1    1    1    0    1    0    1    1    1    0    1    0    1    0    1    1    0    1    0    0    1    0    0    0    0    0    0    0    1    1    0    0    0    0    0    1    0    0    0    1    1    1    0    0    1    0    1    0    0    1    0    0    1    0    0    0    1    0    0    0    1    1    1    1    0    0    0    1    1    0    0    1    0    0    0    0    0    0    0    0    0    0    0    0    0    0    0    0    1    1    0    0    0    0    1    1    0    0    0    0    0    1    1    0    0    
100    0.338168    0.899473    1    1    0    0    0    0    1    0    0    1    1    0    0    1    1    1    1    1    1    1    1    1    1    1    1    1    1    1    1    0    1    1    1    0    1    1    1    1    0    0    1    1    1    1    1    1    1    1    0    1    1    1    1    1    1    1    1    1    1    1    1    1    1    1    1    1    1    1    1    1    1    1    1    1    0    1    1    1    1    1    1    1    1    1    1    1    1    1    1    1    1    1    1    1    1    1    1    1    1    1    0    0    0    1    1    0    0    0    0    1    0    1    0    1    1    0    1    0    1    1    0    0    0    0    0    1    0    0    0    1    0    1    0    1    0    1    0    0    1    0    0    0    1    0    0    0    0    1    0    1    0    0    1    0    0    1    1    1    0    0    0    1    1    0    0    0    1    0    0    1    1    1    0    0    1    0    1    1    0    0    1    0    0    1    1    0    1    0    1    0    0    1    0    1    0    0    0    1    1    0    
100    0.822098    0.266768    1    1    1    1    1    1    1    1    1    1    1    1    1    1    1    1    1    1    0    1    1    1    1    1    1    1    1    1    0    1    1    1    0    1    1    1    1    1    1    1    1    1    1    1    1    1    1    1    1    1    1    1    1    0    1    1    1    1    1    1    1    1    1    1    1    1    1    1    1    1    1    1    1    1    1    1    1    1    1    1    1    1    1    1    1    1    1    1    1    1    0    1    1    1    1    1    1    0    1    1    1    0    1    0    1    0    0    0    1    1    0    0    1    1    1    1    1    0    1    1    1    0    1    0    0    1    0    1    0    1    1    0    1    1    0    1    1    0    1    1    1    0    1    0    0    1    0    0    1    0    0    1    0    0    0    0    1    0    0    0    0    0    0    1    1    0    0    1    1    1    0    0    1    0    0    1    0    1    0    0    0    0    1    0    0    0    0    0    1    0    0    1    0    1    1    0    0    1    1    0    
100    0.466746    0.799735    1    1    1    1    1    1    1    1    1    1    1    1    1    1    1    1    1    1    1    1    1    1    1    1    1    1    1    1    1    1    1    1    1    1    1    1    1    1    1    1    1    1    1    1    0    1    0    0    1    1    1    1    1    1    1    1    1    1    1    1    1    1    1    1    1    1    1    0    0    0    1    1    1    1    1    1    1    1    1    1    1    1    1    1    1    1    1    1    1    1    1    0    1    1    0    1    1    1    1    1    0    1    0    0    0    0    1    1    0    1    0    0    0    0    1    0    1    0    1    0    0    0    0    0    1    0    1    1    1    0    0    1    1    1    0    1    0    1    0    0    0    1    1    1    1    1    1    0    0    0    0    0    0    0    0    1    1    0    0    1    1    0    0    0    1    0    0    1    0    0    1    1    0    1    0    0    0    0    0    1    0    0    1    0    1    0    0    0    0    0    0    1    0    0    1    1    0    0    0    1    
100    0.781182    0.398795    1    1    1    1    1    1    1    1    1    0    0    1    1    1    1    1    1    1    1    1    1    1    1    1    1    1    1    1    1    1    1    1    1    1    1    1    1    1    0    0    1    1    1    1    1    1    1    1    0    1    1    1    1    1    1    0    0    1    1    1    1    0    1    1    1    1    1    1    1    1    1    1    1    1    1    1    1    1    1    1    1    1    1    1    1    1    1    1    1    1    1    0    1    1    1    1    1    1    1    1    0    0    1    0    1    0    0    0    0    1    1    0    1    0    0    0    0    0    1    1    1    0    1    1    0    0    0    1    1    0    0    0    1    0    1    1    0    0    1    0    1    0    0    0    0    1    0    0    1    0    1    0    0    0    1    1    0    0    1    0    0    0    0    1    1    1    0    0    1    0    1    1    0    0    0    0    0    0    0    0    1    0    1    0    0    0    1    1    0    1    1    1    1    1    1    0    0    0    1    1    
100    0.953089    0.0435946    0    1    1    1    1    1    1    1    1    1    0    1    1    1    1    0    1    0    0    1    1    1    1    0    1    1    1    1    1    1    1    1    1    1    1    1    1    1    1    1    1    1    1    1    1    1    1    1    1    1    0    1    1    1    1    1    1    1    0    1    0    1    0    1    1    1    1    1    1    1    1    1    1    1    1    1    1    1    1    1    0    1    1    1    1    1    1    1    1    1    1    1    0    1    1    1    1    1    1    1    0    0    1    0    0    0    0    1    0    1    0    0    0    1    1    0    0    0    0    1    1    1    1    1    0    0    0    1    0    1    1    1    1    0    0    0    1    0    1    0    1    0    0    0    0    1    1    0    1    0    0    0    1    0    1    0    1    0    0    1    0    0    0    0    1    1    0    0    0    0    0    0    1    0    0    1    1    0    1    1    0    1    0    1    0    0    1    1    1    1    1    0    0    0    0    0    0    1    1    1    
100    0.222151    0.643842    1    1    1    1    0    1    1    1    1    1    1    1    1    1    1    1    1    1    0    1    1    1    1    1    0    1    1    1    1    1    0    1    1    1    1    1    1    0    1    1    1    1    1    1    0    1    1    1    1    0    1    1    1    1    1    1    1    1    1    1    1    1    1    1    1    1    0    1    1    0    1    1    1    1    0    0    1    0    1    1    1    1    1    0    1    0    1    1    1    1    1    1    1    1    0    1    0    1    0    1    0    1    1    1    1    0    0    1    1    1    0    0    0    0    1    0    1    0    0    0    0    0    1    0    1    1    0    1    0    0    1    0    1    0    0    0    0    0    0    0    0    0    1    0    0    1    0    0    0    0    0    0    0    0    0    0    1    0    1    0    0    1    1    1    0    0    0    1    1    1    0    0    1    1    0    0    0    0    0    1    0    0    1    1    0    1    0    0    1    0    0    0    0    1    0    0    0    0    0    1    
100    0.510207    0.423105    1    1    1    1    1    1    1    1    1    1    1    1    1    1    1    1    1    1    1    1    1    1    1    1    1    1    1    1    1    1    0    1    1    1    1    1    1    0    1    1    1    0    1    1    1    1    1    1    1    1    1    1    1    1    1    1    1    1    1    1    1    1    1    1    1    1    1    0    1    1    1    1    1    1    1    1    1    1    1    0    1    1    1    1    1    1    1    1    1    0    1    1    1    1    0    1    0    0    0    1    1    1    0    1    0    1    1    0    0    0    1    0    0    0    1    0    1    1    1    1    0    0    1    0    0    0    0    1    0    1    1    0    0    0    0    1    1    1    0    0    0    1    0    1    0    0    0    0    0    0    0    0    0    0    0    1    0    0    0    1    1    0    1    1    0    0    1    1    0    1    0    0    0    1    1    1    1    0    0    0    0    1    0    0    1    1    1    0    0    0    0    0    0    1    0    1    1    1    0    0    
100    0.844723    0.646901    0    1    1    1    1    1    1    1    1    1    1    1    1    1    1    0    1    1    0    1    1    1    1    1    1    1    1    1    1    1    1    1    1    1    1    0    1    1    1    1    1    1    1    1    1    0    1    0    1    1    0    1    1    1    1    1    1    1    1    1    1    1    1    1    1    1    1    1    1    1    1    1    1    1    1    1    1    1    1    1    1    1    1    0    1    0    1    1    1    1    1    1    1    1    1    1    1    1    1    1    1    1    1    0    0    1    1    1    0    0    1    0    1    0    0    1    1    0    0    1    0    1    0    1    0    0    0    0    1    0    0    0    1    0    0    1    0    0    1    1    0    0    1    1    1    0    0    0    0    0    1    0    1    0    0    0    1    0    1    0    1    1    0    1    1    0    0    1    1    1    0    1    1    0    1    0    0    1    0    0    0    0    1    0    0    0    1    0    1    0    1    1    0    0    1    0    1    0    1    0    
100    0.558222    0.9152    1    1    1    0    1    0    1    0    1    1    1    1    1    1    1    0    1    1    1    1    1    0    1    1    1    0    0    1    1    0    1    1    1    1    1    1    0    1    1    1    1    1    1    1    1    1    0    1    1    1    1    1    1    0    1    1    1    1    1    1    0    0    1    1    1    1    1    1    1    0    0    0    1    1    1    1    1    1    1    1    1    1    1    1    1    1    1    1    0    1    1    1    0    0    1    1    1    1    1    1    0    0    0    0    1    0    0    0    0    0    0    0    0    1    1    1    1    1    1    0    0    1    0    0    0    0    0    0    1    0    1    0    0    0    0    0    1    0    0    1    0    0    1    1    1    0    0    0    1    1    0    0    0    1    1    1    0    1    0    0    0    0    0    0    0    0    1    0    0    1    0    1    1    1    0    1    1    1    1    0    0    0    0    0    0    0    1    0    1    0    1    0    0    1    0    1    0    1    0    0    
100    0.323182    0.422321    1    1    1    1    1    1    1    1    1    0    1    1    1    1    1    1    1    1    1    1    1    1    1    1    1    1    1    0    1    1    1    1    1    1    1    1    1    1    0    0    1    1    1    1    1    1    1    1    1    1    0    1    1    1    1    1    0    1    1    1    0    1    1    1    1    0    1    1    0    1    1    1    1    0    1    1    1    1    1    1    1    1    1    1    1    1    1    1    0    1    1    1    1    1    1    1    1    1    1    1    0    1    0    0    0    0    0    0    0    0    1    0    0    1    0    0    0    0    1    0    0    1    0    0    0    0    1    0    1    0    1    0    0    0    1    0    0    1    1    0    0    1    0    0    0    1    1    0    1    0    0    1    0    0    0    0    0    0    1    0    1    1    0    0    0    1    0    0    0    0    1    0    0    1    0    0    0    1    1    1    0    0    0    1    1    0    0    1    1    0    0    0    0    0    0    1    1    1    1    0    
100    0.368943    0.411207    1    1    1    1    1    1    1    1    0    1    1    1    0    1    1    1    1    0    1    1    1    0    1    1    1    0    0    1    0    1    1    1    1    1    1    1    1    1    1    1    1    1    1    1    0    1    1    1    1    1    1    1    1    1    1    1    0    1    1    1    1    1    1    1    1    1    1    1    1    1    1    1    0    1    1    1    1    1    0    1    1    1    1    1    1    1    1    1    1    1    1    1    1    1    1    1    1    1    1    1    0    0    1    0    1    1    1    1    0    0    1    0    0    0    0    1    0    0    0    1    1    0    0    0    1    1    0    0    1    0    0    0    0    1    1    1    1    1    0    1    0    0    1    1    0    0    0    1    0    1    0    0    1    1    0    0    1    1    1    0    1    0    1    0    0    0    1    0    1    1    0    0    0    0    0    0    0    1    1    0    0    0    1    0    0    1    0    0    1    0    1    0    0    0    1    0    1    1    0    1    
100    0.0588734    0.71831    1    1    0    0    1    1    1    1    0    1    1    1    1    1    1    0    1    0    1    0    1    1    1    1    0    1    1    1    1    1    1    1    1    1    1    1    1    1    1    1    1    1    1    1    1    1    1    1    1    1    1    1    0    0    1    1    1    1    1    1    1    1    1    1    1    1    1    1    1    1    1    1    1    1    1    1    1    1    1    1    1    1    1    1    1    1    1    1    1    1    1    1    1    1    1    1    1    1    1    0    0    1    0    0    0    1    0    1    1    1    1    0    0    0    1    0    0    0    0    1    0    1    0    0    0    1    0    0    1    0    1    0    1    0    1    0    0    0    0    1    1    0    0    1    1    0    0    1    0    0    0    1    0    0    0    1    1    1    1    0    0    1    0    1    0    1    0    1    1    1    1    1    1    0    1    0    0    0    0    0    1    0    0    1    0    0    0    0    0    1    0    0    1    1    0    0    1    0    0    0    
100    0.945502    0.206528    1    1    1    1    1    1    1    1    1    1    1    1    1    1    0    0    0    1    1    1    1    1    1    1    1    1    1    1    1    1    1    1    1    1    1    1    1    1    0    1    1    1    1    1    1    1    1    1    1    1    1    1    1    1    1    1    1    1    1    1    1    1    1    1    1    1    1    1    1    0    1    1    1    1    1    1    1    0    1    1    1    1    1    1    1    1    1    1    1    1    1    1    1    1    1    1    1    1    1    1    0    1    1    0    1    1    1    0    0    0    1    0    0    0    1    0    1    0    1    1    1    0    1    0    1    0    1    1    0    0    0    0    0    1    1    0    0    1    1    0    0    1    0    1    1    0    1    1    0    0    1    1    1    1    0    1    0    0    1    1    0    0    1    0    0    1    0    1    0    0    0    0    0    0    1    1    0    0    1    1    0    1    0    0    1    1    1    0    1    1    0    0    0    0    1    0    1    0    0    0    
100    0.568579    0.884114    1    0    1    1    1    1    0    1    1    1    1    1    1    1    1    1    1    0    1    1    0    0    1    1    1    0    0    1    0    1    1    1    1    1    1    1    0    1    1    1    1    1    1    1    1    1    0    1    1    1    1    1    1    1    1    1    1    1    1    1    1    1    1    1    1    1    1    1    0    1    1    1    0    1    1    1    1    1    1    1    1    1    1    1    1    1    1    1    1    1    1    1    1    1    1    1    1    1    1    1    1    1    1    0    1    0    0    1    1    1    1    1    0    0    0    0    1    0    0    1    1    0    1    1    0    0    0    0    0    1    1    0    0    0    1    1    0    0    1    1    0    1    1    0    0    1    0    0    1    1    0    1    0    0    1    1    0    0    0    1    1    1    0    1    0    0    0    0    0    0    0    1    0    0    0    1    0    0    1    1    1    1    1    1    1    0    0    0    0    0    0    1    0    1    1    1    1    0    1    1    
100    0.211775    0.786475    1    1    1    1    1    1    1    1    1    1    0    1    1    1    1    1    0    1    0    1    1    0    1    1    1    1    1    1    0    1    1    1    1    1    1    1    1    0    1    1    1    1    1    1    1    1    0    1    1    1    0    1    1    0    1    0    1    1    1    1    1    1    1    1    1    1    1    1    1    1    1    1    1    1    1    1    1    1    1    1    1    1    1    1    1    1    1    1    1    1    1    1    1    1    1    1    1    0    1    1    0    1    0    1    0    0    1    1    1    0    0    1    1    0    1    0    1    1    0    0    0    0    1    1    1    1    0    1    0    0    1    0    0    0    0    0    0    0    0    1    1    1    1    0    1    0    1    1    0    1    1    1    0    1    0    1    0    1    0    0    0    0    0    0    0    1    0    0    0    1    0    1    0    1    1    1    0    0    0    1    0    0    0    1    1    1    0    0    0    0    1    1    0    1    1    0    0    1    1    0    
100    0.638205    0.495751    1    1    1    1    1    1    1    1    1    0    0    1    1    1    1    1    1    1    1    1    1    1    1    1    1    1    1    1    1    1    1    1    1    1    1    1    1    1    1    1    0    1    1    1    1    1    1    1    1    1    1    1    1    1    1    0    1    1    0    1    1    1    0    1    1    1    1    1    1    1    1    1    1    0    1    1    1    1    0    1    1    1    1    1    1    1    1    1    1    1    1    1    1    1    1    1    0    1    1    1    0    0    1    0    1    0    1    0    0    0    1    0    0    0    0    0    1    1    1    1    0    0    0    1    0    0    1    0    0    0    0    0    1    1    1    0    1    0    0    0    1    0    0    0    1    0    1    0    1    1    1    0    0    1    0    0    1    0    0    0    1    0    0    0    0    0    0    0    1    0    0    1    0    0    1    0    1    1    1    0    0    1    0    0    0    1    1    1    1    1    0    0    1    0    1    0    0    1    0    0    
100    0.889564    0.0376957    1    1    1    1    1    1    1    1    1    1    1    1    1    1    1    1    1    1    1    1    0    0    1    1    1    0    1    1    1    1    1    1    1    1    1    1    1    1    1    1    1    1    1    1    1    1    1    1    1    1    1    0    1    1    1    0    1    0    1    1    1    1    0    1    1    1    1    1    1    1    1    1    1    1    1    0    1    1    1    1    0    1    1    0    1    0    1    1    1    1    1    1    1    1    1    1    1    1    1    1    0    1    1    0    1    0    0    1    0    1    1    0    0    0    0    1    0    1    0    1    1    0    0    0    0    1    0    1    0    1    0    0    0    0    0    0    0    0    0    0    1    0    0    1    0    0    0    0    0    0    0    0    0    1    1    0    1    1    1    0    0    0    1    0    1    1    0    0    1    1    0    0    0    0    1    0    1    0    0    1    1    0    0    0    0    1    0    0    0    0    1    0    1    0    0    0    0    0    1    1    
100    0.822518    0.483859    1    1    1    0    1    1    1    1    1    1    1    1    1    1    1    1    1    1    1    1    1    1    1    0    1    1    1    1    1    1    1    1    1    1    1    1    1    1    1    1    1    1    1    1    1    1    1    1    1    1    1    1    1    1    0    1    1    1    1    1    1    1    1    1    1    1    1    1    0    1    1    1    1    1    1    1    1    1    1    1    1    1    1    1    1    0    1    1    1    1    1    0    1    1    1    1    1    1    1    1    0    1    0    0    1    0    0    0    1    0    0    0    1    0    1    0    1    0    0    0    0    1    1    0    0    0    1    1    0    1    0    0    1    0    0    0    0    1    0    1    1    0    0    1    0    1    0    1    1    0    0    1    0    1    0    1    0    0    1    0    1    0    1    1    0    0    0    1    0    0    0    0    1    0    0    1    0    0    1    1    1    1    0    1    0    0    0    1    1    1    0    1    0    0    0    0    0    0    0    1    
100    0.502905    0.143754    1    1    1    1    1    1    1    1    1    1    1    1    1    1    1    1    1    1    1    1    1    1    1    1    1    1    1    1    1    1    1    0    1    1    1    1    0    0    1    1    1    1    1    1    1    0    1    1    1    1    0    1    1    1    1    1    0    0    1    1    1    1    1    0    1    1    1    0    0    1    1    1    1    0    1    1    1    1    1    1    1    1    1    1    1    1    1    1    1    1    1    0    1    1    1    1    1    1    0    1    1    0    1    1    0    0    0    0    1    0    1    1    1    0    0    0    0    0    0    0    1    0    1    1    1    0    0    1    1    1    1    0    0    0    0    0    1    0    0    0    0    1    0    0    0    1    1    0    1    1    0    1    0    0    1    0    1    0    1    0    1    0    0    0    1    0    0    0    0    0    0    0    0    0    1    0    1    0    0    0    1    0    0    0    0    1    0    0    1    0    1    0    0    1    0    1    0    0    1    1    
100    0.948791    0.225253    1    1    1    1    1    1    1    1    0    1    1    1    1    1    1    1    1    1    1    0    1    1    1    1    1    1    1    1    1    1    1    1    1    1    1    1    1    0    1    1    0    1    1    1    1    1    1    1    1    1    1    1    1    0    1    1    1    1    1    1    1    1    1    1    1    1    1    1    1    1    1    1    1    1    1    1    1    1    1    1    1    1    1    1    1    1    1    1    1    1    1    1    1    1    1    1    0    1    1    1    0    0    0    0    1    0    0    1    1    1    0    0    1    0    0    0    0    0    0    0    1    1    1    0    0    1    0    1    1    1    1    0    0    1    0    0    0    1    0    0    0    0    0    0    1    1    1    1    0    0    0    0    1    0    0    1    1    0    1    1    0    0    0    1    0    0    1    0    1    0    0    1    0    1    0    1    0    0    1    1    0    0    1    0    1    0    0    1    0    0    0    0    0    1    0    1    1    1    1    1    
100    0.86615    0.750886    1    1    1    1    1    1    1    1    1    0    1    1    1    1    1    1    1    1    1    1    1    1    1    1    1    1    1    1    1    1    0    1    1    1    1    1    1    1    1    1    1    1    1    1    0    0    0    1    0    1    1    0    1    1    1    1    1    1    1    1    1    1    1    1    1    0    0    0    1    0    1    1    0    1    1    1    1    1    1    0    1    1    1    1    1    1    1    1    1    1    1    1    1    1    1    0    1    1    1    1    0    1    0    0    0    1    0    1    0    0    0    1    0    1    1    1    0    0    0    0    0    1    0    0    0    0    0    1    0    0    0    0    0    1    0    0    1    1    0    0    0    0    0    0    1    0    0    0    1    0    1    0    0    1    0    0    0    0    0    1    0    0    1    0    0    1    0    0    1    0    1    0    0    0    0    0    1    1    1    0    1    1    1    1    0    1    1    0    0    0    0    1    0    0    1    1    1    1    0    1    
100    0.497801    0.340879    1    1    0    1    1    1    0    1    1    1    1    1    1    1    1    1    1    1    1    1    1    1    0    1    1    1    1    1    1    1    0    0    1    1    1    1    1    1    1    1    1    1    1    1    1    0    1    1    1    1    1    1    1    1    1    1    1    1    1    1    1    0    1    1    1    1    1    1    0    0    0    1    1    0    1    1    1    1    1    1    0    1    1    1    0    1    0    1    1    1    1    1    1    1    1    1    1    1    1    1    0    0    0    0    1    0    1    0    0    1    0    1    1    1    0    0    0    1    0    0    0    0    1    0    1    0    0    0    1    1    0    0    0    1    1    1    0    1    0    1    1    1    1    1    0    0    1    0    1    0    0    0    1    1    0    0    0    0    0    0    0    0    1    0    0    0    0    1    0    0    1    0    0    0    1    1    0    1    1    0    1    1    1    1    0    1    0    0    0    0    1    1    0    1    0    0    0    0    0    0    
100    0.186305    0.552825    1    0    1    0    1    1    1    1    1    1    1    1    1    0    1    1    1    1    1    0    1    1    1    1    1    0    1    0    1    1    1    1    1    0    1    1    1    1    1    0    0    1    0    1    1    1    1    1    0    0    1    1    1    1    1    1    1    0    1    1    0    1    1    1    1    1    1    1    1    1    1    1    1    1    1    1    1    1    1    1    1    1    1    1    1    1    1    1    1    1    0    1    1    1    1    1    0    1    0    1    0    1    0    0    0    0    0    0    0    0    0    1    0    0    1    1    0    0    1    1    0    0    0    0    0    1    0    0    1    1    1    1    0    0    1    1    1    1    0    0    1    0    1    1    1    0    0    0    0    0    0    0    1    0    1    1    0    0    0    0    1    1    0    0    0    1    0    0    1    0    0    1    0    0    0    0    1    1    1    0    0    1    1    1    1    0    0    0    1    1    1    0    0    0    1    0    0    0    1    1    
100    0.977159    0.0187274    1    1    1    1    1    1    1    1    1    1    1    1    1    1    1    1    0    1    1    1    1    0    1    1    1    1    1    1    1    0    1    1    1    1    1    1    1    1    1    1    1    1    1    1    1    1    1    1    1    1    0    1    1    1    1    1    1    1    1    1    1    1    1    1    1    1    1    1    1    1    1    1    1    1    1    0    1    1    1    1    1    0    1    1    1    1    1    1    1    1    1    1    0    1    1    1    0    1    1    1    0    0    0    0    0    1    1    0    0    1    0    0    0    0    0    0    1    0    0    1    0    0    0    0    1    0    1    0    0    1    1    0    0    0    0    0    0    0    0    0    1    0    1    0    1    0    1    1    0    0    0    0    0    0    0    0    0    0    0    0    0    0    1    0    1    0    0    0    1    1    1    1    0    1    1    1    1    0    1    0    1    1    0    1    0    0    0    1    0    0    0    0    1    0    1    0    0    0    0    0    
100    0.319165    0.0938716    1    1    0    1    1    1    1    1    1    1    1    0    1    1    1    1    1    1    1    1    0    1    0    1    1    1    1    0    1    1    1    1    1    1    1    1    0    1    1    1    1    1    1    1    1    1    1    1    1    1    1    1    1    1    1    1    1    0    1    0    1    1    1    1    0    1    0    0    1    0    0    1    1    1    1    0    1    1    1    1    0    1    0    1    1    0    1    1    1    1    1    1    1    1    1    1    1    1    0    1    0    0    0    0    1    0    0    1    0    0    0    1    0    0    1    0    0    0    1    0    0    1    0    0    0    0    0    0    0    1    0    0    1    1    0    1    1    0    0    0    1    1    1    1    0    1    1    0    1    0    0    0    1    0    0    1    0    0    0    1    0    0    1    1    0    1    1    1    1    1    0    0    1    0    0    0    1    1    0    0    1    1    0    1    0    1    0    0    0    0    0    0    0    0    0    0    0    1    0    1    
100    0.924364    0.675184    1    1    1    1    1    1    1    1    1    1    1    1    1    1    0    1    1    1    1    1    1    1    1    1    1    1    1    1    1    1    1    1    1    1    1    1    1    1    1    1    1    1    1    0    1    1    1    1    1    1    1    0    1    1    1    1    1    1    1    1    0    1    1    1    1    1    1    1    1    1    0    1    1    1    1    0    1    1    1    0    1    0    1    1    1    1    0    1    1    1    1    1    1    1    1    1    1    1    0    1    1    0    0    1    1    0    1    1    1    1    1    0    1    1    0    0    0    0    0    0    0    1    0    1    0    0    0    1    1    0    1    1    1    1    0    0    1    0    0    0    0    1    0    0    0    1    0    1    1    1    0    1    0    1    0    0    0    0    1    0    0    1    1    1    0    0    0    0    0    0    1    0    1    0    1    0    0    1    1    1    1    1    0    1    1    1    1    1    0    1    1    0    1    0    1    0    0    0    1    0    
100    0.528714    0.772184    1    1    0    1    1    1    0    1    1    1    0    1    1    1    1    1    1    0    0    1    1    1    1    1    1    0    1    1    1    0    1    1    1    0    0    1    1    1    0    1    1    1    1    0    0    0    1    1    1    1    1    1    0    1    1    1    1    1    1    1    1    1    1    1    0    0    1    1    1    1    1    1    1    1    1    1    1    1    1    0    1    0    1    1    1    1    1    1    1    1    1    1    0    0    0    0    1    1    1    1    1    1    1    1    1    1    1    1    1    0    1    1    0    0    0    0    1    1    1    1    0    0    0    0    0    1    0    1    1    0    0    0    0    1    0    0    0    1    0    1    0    1    0    1    1    0    0    1    0    0    0    0    1    0    0    1    1    0    0    0    0    1    1    1    0    1    0    0    1    0    0    0    1    0    0    0    1    1    0    0    1    0    0    0    0    0    0    0    0    0    1    1    1    0    1    1    0    0    0    0    
100    0.812372    0.11445    1    1    1    1    1    1    1    1    1    1    0    1    1    1    0    1    1    1    1    0    1    1    0    1    1    1    1    1    1    1    1    1    1    1    1    1    1    1    1    1    1    1    0    1    1    1    1    1    1    0    1    1    1    1    1    1    1    1    1    1    1    1    1    1    1    1    1    1    1    1    1    1    1    1    1    1    1    1    1    1    1    1    1    1    1    1    1    1    1    1    1    1    1    1    1    1    1    1    1    1    1    0    0    1    0    0    0    0    0    1    1    0    0    1    1    1    1    0    1    1    0    0    1    1    0    1    1    1    1    0    1    0    0    0    1    0    0    1    0    1    0    0    0    0    0    1    1    0    0    0    0    0    1    1    1    0    1    0    1    0    0    1    0    0    1    0    1    0    0    0    1    0    0    0    0    1    1    0    0    0    1    0    0    1    1    1    0    1    0    0    0    1    1    1    0    1    0    1    1    1    
100    0.0281692    0.33532    1    1    1    0    1    1    1    1    1    1    1    1    1    1    1    1    1    1    0    0    1    1    1    1    1    1    1    1    1    1    1    0    1    1    1    1    1    1    1    1    1    1    1    1    1    1    1    1    1    1    1    1    1    1    1    1    1    1    1    1    1    0    1    0    1    1    1    1    1    1    1    0    1    1    1    1    1    1    1    1    1    1    1    1    1    1    1    1    0    1    1    0    1    0    1    1    1    1    1    1    1    0    1    0    1    0    0    1    1    1    0    1    1    1    1    1    0    0    0    1    0    1    1    1    1    1    0    0    0    1    0    0    0    1    0    0    0    0    0    0    1    0    0    0    0    0    1    1    1    0    1    0    0    1    0    0    0    0    0    0    0    0    0    0    0    0    1    0    0    0    0    1    1    0    1    1    0    0    0    1    0    0    0    0    0    1    0    0    1    1    1    1    1    0    1    1    0    1    0    1    
100    0.458561    0.668953    0    1    1    1    0    1    1    0    1    1    1    1    0    1    1    1    1    0    1    1    1    1    1    1    1    1    1    1    1    1    1    0    1    1    0    1    1    1    1    1    1    1    1    1    1    1    1    0    1    1    0    1    1    1    1    1    1    1    1    1    1    1    1    1    1    1    1    1    1    1    1    1    1    1    1    1    1    1    1    1    1    0    1    1    1    1    1    1    1    0    1    1    1    1    1    1    1    1    1    1    1    1    0    1    0    0    1    1    1    1    1    0    1    0    1    1    0    0    0    1    0    0    1    1    1    1    0    0    0    1    1    1    0    1    0    0    0    1    1    0    0    0    0    0    0    0    0    0    0    1    1    1    1    0    0    1    0    1    0    0    1    1    0    1    1    1    1    1    0    1    0    0    1    0    1    1    1    0    0    0    0    0    1    0    0    0    1    0    0    1    1    0    1    0    0    0    0    1    1    1    
100    0.656239    0.697963    1    1    1    1    1    0    0    1    1    1    1    1    1    1    1    1    1    1    1    1    1    1    1    1    1    1    1    1    1    1    1    1    1    0    1    1    1    1    1    1    1    0    1    1    1    1    1    1    1    1    1    1    1    1    1    1    1    1    1    1    1    1    1    1    1    1    1    1    1    1    1    1    1    1    1    1    1    1    1    1    1    1    1    1    1    1    1    1    0    1    0    1    0    1    1    1    1    1    1    1    1    0    0    1    1    1    1    0    1    0    0    0    0    0    1    1    0    0    1    0    0    1    1    0    0    0    0    1    0    1    1    0    0    0    0    1    0    0    1    1    0    0    1    1    0    1    0    0    1    0    0    1    1    1    0    1    0    1    0    0    0    1    0    1    0    1    0    1    0    0    1    1    1    0    0    0    0    0    0    1    0    1    1    1    0    0    0    0    0    0    1    1    0    0    1    1    0    1    1    0    
100    0.223553    0.0820518    1    1    1    1    1    0    1    1    1    1    1    0    1    1    0    0    1    1    1    0    1    1    0    1    1    1    0    1    1    1    1    1    1    1    1    0    0    0    0    1    1    1    1    1    1    1    0    0    1    0    1    0    1    1    1    1    0    0    1    1    1    1    1    1    0    0    1    1    0    1    0    1    1    1    1    0    0    1    1    0    1    0    1    0    1    1    0    1    1    1    1    1    0    1    1    1    1    1    0    1    0    0    1    0    0    0    0    0    1    0    0    0    0    1    0    1    0    0    0    0    0    0    0    1    0    1    1    0    0    0    1    0    1    1    0    0    1    0    1    0    1    0    1    1    0    0    1    1    0    0    1    1    0    0    0    1    1    1    0    1    0    0    0    0    0    0    0    0    0    1    0    0    0    1    0    1    1    0    0    0    0    0    0    0    0    0    0    0    0    0    0    0    1    0    0    0    0    0    1    0    
100    0.666422    0.163374    1    1    1    0    1    1    0    0    1    1    1    1    1    0    1    1    1    1    0    1    1    0    1    1    1    1    1    1    1    1    1    1    1    1    1    1    1    1    1    1    0    1    0    1    1    1    1    1    1    1    1    1    1    1    1    1    0    1    1    1    1    0    1    1    1    1    1    1    1    1    1    1    1    1    1    1    1    1    1    1    1    1    1    1    1    0    1    1    1    1    1    0    1    0    1    1    1    1    1    0    0    0    0    1    1    1    0    1    1    0    0    0    0    0    0    1    1    0    1    1    0    1    1    1    0    0    0    1    0    1    0    0    0    0    0    0    1    0    0    1    0    0    1    1    0    1    1    0    0    1    1    0    0    0    1    0    1    1    1    0    0    1    1    1    0    0    1    0    1    1    0    0    0    0    0    1    0    0    0    0    0    1    0    0    1    0    1    0    0    0    0    0    0    1    1    0    0    0    0    0    
100    0.995597    0.389106    1    1    1    1    1    1    1    1    1    1    1    1    0    1    1    1    1    1    1    1    1    0    0    1    1    1    1    1    1    1    1    1    1    1    1    1    1    1    1    1    1    1    1    1    1    1    1    1    1    1    1    1    1    1    1    1    1    1    1    0    1    1    0    1    1    1    1    1    1    1    1    1    1    1    0    1    1    1    1    1    1    1    1    1    1    1    1    1    0    1    1    1    1    1    1    1    1    1    1    1    0    1    0    1    0    0    0    0    0    1    0    0    0    0    0    1    0    1    0    1    1    0    1    0    0    0    0    0    0    0    1    1    0    0    0    0    0    1    1    1    0    0    0    0    0    1    1    1    1    0    1    0    0    0    0    0    0    1    0    0    0    0    0    0    1    0    0    1    1    1    0    1    1    0    1    0    0    0    0    0    0    1    1    0    0    1    0    0    0    0    1    1    1    0    1    1    0    0    0    1    
100    0.472361    0.874095    1    1    1    1    1    1    1    1    1    1    1    1    1    1    0    1    1    1    1    1    1    1    1    1    1    1    1    1    1    1    0    1    1    1    0    1    1    1    1    1    1    1    1    1    1    1    1    0    1    1    1    1    1    0    1    1    1    1    1    1    1    1    0    1    1    1    1    1    1    1    1    0    1    1    0    1    1    1    1    1    1    1    0    1    0    1    1    0    1    1    1    1    1    1    1    1    0    1    1    1    0    0    1    1    0    1    0    1    0    0    1    1    0    0    0    0    1    1    1    0    0    0    0    0    1    0    0    1    1    0    1    0    0    0    1    1    0    0    0    0    1    1    0    1    0    1    0    0    0    1    1    0    0    0    1    1    0    1    0    1    1    0    1    0    0    0    0    1    0    0    0    0    0    1    0    1    0    0    1    1    0    1    1    0    0    0    0    1    0    0    1    0    0    0    0    0    1    0    0    0    
100    0.606065    0.764635    1    1    1    1    1    1    1    1    1    1    1    1    1    1    1    1    0    0    1    0    1    1    1    1    1    1    1    1    1    1    1    0    1    0    1    1    1    1    1    1    1    1    0    1    1    1    0    1    1    1    1    1    1    1    1    1    1    1    0    1    1    1    1    1    1    1    1    1    0    1    1    1    1    1    1    1    1    1    1    1    1    1    1    1    1    1    0    1    1    1    1    1    0    1    1    1    1    1    0    1    0    0    0    0    1    0    0    0    1    0    0    0    1    1    1    1    0    0    0    1    0    0    0    1    1    1    1    1    1    0    1    1    1    0    0    0    0    0    0    1    0    1    0    0    1    1    0    0    0    0    0    1    0    1    0    1    1    0    0    1    1    1    0    0    0    0    0    1    1    0    0    0    0    0    0    0    0    1    0    1    0    1    1    1    1    1    0    1    0    1    0    0    1    1    0    0    0    0    1    1    
100    0.580425    0.51577    1    1    1    1    1    1    1    1    1    1    1    1    1    0    1    1    1    1    1    1    1    0    1    1    1    0    1    1    1    1    1    1    1    0    1    1    1    0    1    1    1    1    1    1    1    1    1    1    1    1    1    1    1    1    1    1    1    1    1    1    0    1    0    1    0    1    1    1    1    1    1    1    1    1    1    1    1    1    1    1    1    1    1    0    1    1    1    1    1    1    1    1    0    1    1    1    1    1    1    1    0    0    0    0    1    0    1    1    0    0    1    0    1    0    0    0    1    0    1    0    0    1    0    0    1    0    0    0    1    0    1    0    1    0    0    0    0    0    0    0    0    0    1    1    1    0    0    0    1    1    0    0    1    1    1    1    0    1    0    1    1    0    1    0    0    1    0    1    0    1    0    1    0    1    0    0    1    1    0    1    1    0    1    0    1    1    0    0    0    0    1    0    0    0    0    1    0    0    0    0    
100    0.641692    0.416463    1    1    1    1    1    1    1    1    1    1    1    1    1    1    1    1    1    1    1    1    1    1    1    1    1    0    0    0    1    1    1    1    1    1    1    1    1    1    1    1    1    1    1    1    0    1    1    1    0    1    1    1    1    1    1    1    1    1    1    1    1    1    1    1    1    1    0    1    1    1    1    1    1    1    1    1    1    1    1    1    1    1    1    1    1    0    1    1    1    1    1    1    0    1    1    1    1    1    1    1    1    1    1    1    1    0    0    0    0    1    1    0    1    0    0    0    1    0    0    0    0    0    0    0    0    0    1    0    0    0    0    0    1    0    1    0    1    0    0    1    0    1    1    0    1    0    1    1    0    1    0    0    1    0    1    0    1    0    0    1    0    1    0    1    0    1    0    0    1    1    0    0    0    0    0    0    0    0    0    1    0    0    0    0    1    0    1    0    0    0    0    1    1    0    0    1    1    1    0    1    
100    0.075663    0.510023    1    1    1    1    1    1    1    1    0    1    1    1    1    1    1    0    1    0    1    1    1    1    1    0    1    0    0    1    0    0    1    1    1    1    1    1    1    1    1    1    0    1    1    1    1    1    1    0    1    1    1    1    1    1    1    1    1    1    1    1    0    1    1    1    1    1    1    1    1    1    1    0    1    1    1    1    1    1    1    0    1    1    1    1    0    1    1    1    0    1    1    1    0    1    1    1    1    1    0    1    0    1    0    1    0    1    0    1    1    1    0    0    1    1    0    1    1    0    1    1    0    1    1    1    0    0    1    0    0    1    0    0    0    0    0    1    0    0    1    0    0    0    0    1    1    1    0    1    0    0    1    0    0    1    1    0    0    0    1    1    0    1    0    1    1    0    0    0    0    0    0    0    1    1    0    0    1    0    0    0    0    1    0    0    0    0    0    0    1    1    1    0    1    0    1    0    0    0    1    0    
100    0.950672    0.134487    1    1    1    1    1    1    1    1    0    1    1    1    1    1    0    1    1    1    1    1    1    1    1    1    1    1    1    1    1    1    1    1    1    0    1    1    1    1    1    1    1    0    0    1    1    1    1    0    1    1    1    1    1    0    1    1    1    1    1    1    1    1    1    1    1    1    1    1    1    1    1    1    1    1    1    1    1    1    1    1    1    1    1    1    1    1    1    0    1    1    1    1    1    1    1    1    1    1    1    1    0    0    1    0    0    1    0    0    0    1    1    0    1    1    0    1    1    1    1    0    0    1    1    1    0    1    0    0    0    1    0    1    0    0    1    0    0    0    1    1    0    0    1    1    0    1    0    1    1    0    1    0    0    0    0    0    0    0    0    1    1    0    0    1    0    1    1    0    1    1    0    0    0    0    0    1    1    1    1    0    0    0    1    1    0    1    0    0    1    0    1    0    1    0    1    0    0    0    1    0    
100    0.347933    0.43885    1    1    1    1    1    1    1    0    1    1    1    1    1    1    1    1    1    1    1    1    1    1    1    1    1    1    1    1    1    1    1    1    1    1    1    1    1    1    1    1    1    1    1    1    0    0    1    1    1    1    1    1    1    0    1    1    1    1    1    1    1    1    1    1    1    1    1    1    1    1    1    1    1    1    1    1    1    0    1    1    1    1    1    1    1    1    1    1    1    1    1    1    1    1    1    1    1    1    1    1    1    0    1    0    0    0    1    0    0    0    0    0    0    0    1    0    0    0    1    1    1    0    1    0    0    0    1    0    1    1    0    1    0    0    1    0    0    0    1    0    0    0    0    0    0    0    0    0    0    0    1    0    0    1    0    1    0    1    0    0    1    0    0    0    1    1    0    0    0    0    1    1    0    0    0    0    1    1    0    0    1    0    1    0    1    0    1    1    1    0    0    1    1    0    1    0    0    0    0    0    
100    0.0723513    0.339818    1    1    1    1    1    1    1    1    1    1    1    1    1    0    1    1    1    1    1    0    1    1    0    1    1    1    1    0    1    1    1    1    1    0    1    1    1    1    0    1    1    1    1    1    1    1    1    1    1    0    1    1    1    1    0    1    1    1    1    1    1    1    1    1    1    1    1    1    1    1    0    1    1    1    1    1    1    1    1    1    1    1    1    1    0    1    1    1    1    1    1    1    1    1    1    1    0    1    1    1    0    0    0    0    1    1    0    0    1    1    0    1    1    1    0    0    1    0    1    1    1    0    1    0    0    0    0    0    1    1    0    1    1    0    1    1    1    0    1    0    0    0    0    1    0    1    1    0    1    1    1    0    0    0    0    0    1    0    1    0    0    1    0    0    0    0    0    0    0    0    0    0    0    0    0    0    0    0    1    0    0    1    1    1    0    0    0    1    0    1    0    1    0    1    0    1    1    0    0    0    
100    0.376838    0.425867    1    1    1    1    1    1    1    0    1    0    1    1    1    1    1    1    1    1    1    1    1    1    1    1    1    1    1    1    1    1    1    1    1    1    1    0    1    1    1    1    1    1    1    1    1    1    1    1    1    0    1    1    1    1    1    1    1    1    1    1    1    1    1    1    1    1    1    1    1    1    1    1    1    1    1    1    1    1    1    1    1    0    1    1    1    1    0    1    1    1    1    1    1    1    1    1    1    1    1    1    1    1    0    0    0    0    0    0    1    0    0    0    1    1    0    1    0    1    1    0    0    0    0    1    0    1    1    1    0    0    0    0    0    0    1    1    1    0    1    0    0    0    1    1    1    1    0    1    0    1    1    0    1    0    1    1    0    1    0    1    0    0    0    1    0    0    1    0    1    1    0    0    1    1    0    0    1    0    1    1    0    0    1    1    0    0    1    0    0    1    1    1    0    0    1    1    0    0    0    0    
100    0.372556    0.0263988    1    0    1    1    1    0    1    0    1    0    0    1    1    1    1    1    0    1    1    1    1    1    1    1    1    1    1    1    1    0    1    1    1    1    1    1    1    1    1    1    1    0    1    1    1    0    0    1    1    1    1    1    1    1    1    0    1    1    1    1    1    1    1    1    1    1    1    1    0    1    1    1    1    1    1    0    1    1    1    1    1    1    1    1    1    1    1    1    1    1    1    1    1    1    1    1    1    1    1    0    0    0    1    0    0    1    0    0    0    0    0    0    0    1    0    0    0    0    0    1    0    1    0    0    0    0    1    0    0    0    0    0    1    0    1    0    0    0    0    0    0    0    0    0    1    0    1    0    0    0    0    0    0    1    1    1    0    0    1    1    1    1    0    1    0    0    1    0    0    0    0    1    0    1    1    1    1    1    0    1    0    1    1    1    0    0    1    0    0    0    0    0    0    0    1    0    0    0    0    0    
100    0.318405    0.805028    1    1    1    1    1    1    1    0    1    1    1    1    1    1    1    1    1    1    1    1    1    1    1    0    0    1    1    1    1    1    0    1    1    1    1    1    1    1    1    1    1    1    1    0    1    1    1    1    1    1    1    0    1    1    1    1    1    1    1    1    1    1    1    1    1    1    1    1    1    0    1    1    1    1    1    1    1    0    1    1    0    1    1    0    1    1    1    1    0    1    1    1    1    1    1    0    1    1    1    1    0    0    1    1    0    0    1    1    0    0    0    1    0    0    0    0    1    1    0    0    0    1    1    0    0    1    1    0    0    1    0    1    1    0    0    0    1    1    1    0    0    0    1    0    1    0    0    1    0    0    0    0    1    0    1    1    1    1    0    1    0    0    1    0    0    1    0    0    1    0    1    0    0    0    1    1    0    1    0    0    1    1    0    1    1    0    1    1    1    1    0    1    0    1    1    0    0    1    1    0    
100    0.0557321    0.846307    1    1    1    0    1    1    1    1    1    1    1    0    1    1    1    1    1    1    1    0    1    1    1    1    1    1    1    1    1    1    1    1    1    1    1    1    1    1    1    1    0    1    0    1    1    1    1    1    1    1    1    1    1    1    1    1    1    1    1    1    1    1    0    1    1    1    1    1    1    1    1    1    1    1    1    1    1    1    1    1    1    1    1    1    0    0    1    1    1    1    1    1    1    1    1    0    1    1    1    1    1    1    0    0    0    1    0    0    0    0    1    0    0    1    0    0    0    0    1    0    0    0    0    1    1    1    0    0    0    0    1    0    1    1    0    1    0    0    1    1    0    0    0    1    1    1    1    1    0    0    0    1    0    1    1    0    0    0    0    1    1    1    0    1    0    0    0    1    1    1    0    0    1    1    1    1    0    0    1    1    0    0    1    0    1    0    0    0    1    0    1    1    1    1    0    0    1    0    0    0    
100    0.972626    0.00619375    1    1    1    1    1    1    1    1    1    1    1    1    1    1    1    1    1    0    1    1    1    1    1    1    1    1    1    1    1    1    1    1    1    1    1    1    1    1    1    1    1    1    1    1    1    1    1    1    1    1    1    1    1    1    1    1    1    1    1    1    1    1    1    0    1    1    1    1    1    1    1    1    1    1    1    1    0    1    1    1    1    0    1    1    1    0    1    1    1    1    0    1    1    1    1    1    1    1    1    1    0    1    0    1    0    1    0    1    0    0    0    1    0    1    0    0    1    0    0    1    0    1    0    0    0    0    0    0    0    0    1    0    0    0    0    0    0    1    0    0    1    0    0    1    0    0    0    1    0    0    1    1    0    0    0    0    0    0    0    1    0    0    1    0    1    1    0    1    0    1    1    1    1    1    0    1    1    0    1    1    1    1    1    0    0    1    1    0    1    0    0    0    1    0    0    1    1    1    0    1    
100    0.994816    0.511631    1    1    1    1    0    1    1    1    1    1    1    1    1    1    1    1    1    1    1    1    1    1    1    1    1    1    1    1    1    1    1    1    1    1    1    1    1    0    1    1    0    1    1    1    1    1    1    1    1    1    1    1    1    1    1    1    1    1    1    1    1    1    1    1    1    1    1    1    1    1    1    1    1    1    1    1    0    1    1    1    1    0    1    1    0    1    1    1    1    1    1    1    1    1    1    1    1    1    1    1    1    0    1    0    0    0    1    0    0    1    0    1    0    1    0    0    0    1    1    0    0    1    1    1    0    0    0    0    1    1    0    1    0    0    1    1    0    0    0    0    0    1    0    0    0    1    0    0    0    0    1    0    0    0    1    0    0    0    0    0    0    0    0    1    1    1    0    0    0    0    0    0    1    0    1    0    0    0    1    0    0    1    1    1    1    1    1    1    1    0    1    1    0    0    1    0    1    0    1    0    
100    0.0309615    0.907906    1    1    1    1    1    1    1    1    1    1    1    1    1    1    0    1    1    0    1    1    1    0    1    1    0    1    1    0    1    1    0    1    1    1    1    0    1    0    1    0    1    1    1    1    1    1    1    1    1    1    1    1    1    1    1    0    1    1    1    1    0    1    0    1    1    1    0    1    1    1    1    1    1    1    0    1    1    1    1    1    1    1    1    0    1    1    1    1    1    1    1    1    1    1    1    1    1    1    1    1    0    0    0    1    0    0    1    1    1    0    1    1    0    0    1    0    1    1    1    1    1    0    0    1    1    1    1    0    1    0    1    0    1    1    0    0    0    0    0    0    1    1    0    1    0    1    1    0    0    0    0    1    1    1    0    0    0    1    1    0    1    1    0    1    1    1    0    1    1    1    0    0    1    1    1    0    1    1    0    0    1    0    0    0    1    0    0    1    0    1    0    0    1    1    0    0    0    0    1    1    
100    0.981005    0.283695    1    1    1    1    1    1    1    1    1    1    1    0    1    1    1    1    1    1    1    1    1    1    1    1    0    1    1    1    1    1    1    0    1    1    1    1    1    1    1    1    1    1    1    1    0    1    0    0    0    1    1    0    1    1    1    1    0    1    0    1    1    1    1    1    1    1    1    1    1    1    1    1    1    1    0    1    1    1    0    1    1    1    1    1    1    1    1    1    1    1    1    1    1    0    1    1    1    0    1    1    0    0    0    0    0    0    0    0    0    1    0    1    0    0    0    0    0    0    0    0    1    0    0    1    0    1    0    0    1    1    0    0    0    0    0    1    0    0    0    1    0    0    1    0    1    0    0    1    1    1    0    1    1    1    0    1    1    0    0    0    0    0    1    1    0    0    1    0    1    0    0    0    0    0    1    1    0    0    0    0    1    0    0    1    1    0    0    0    0    1    0    0    0    0    1    0    0    1    0    1    
100    0.0628169    0.742694    1    1    1    1    1    1    1    1    1    1    1    1    1    1    1    1    1    1    1    1    1    1    1    1    1    1    1    1    0    1    1    1    0    1    1    1    1    1    1    1    1    1    1    1    1    1    1    1    1    1    1    1    1    1    1    1    1    1    1    1    1    1    1    1    0    0    1    1    1    1    1    1    1    0    1    1    1    1    1    1    1    0    1    1    1    0    1    1    1    0    1    1    0    1    1    1    1    1    0    1    0    0    0    1    0    0    1    0    0    1    0    1    1    0    0    0    0    1    0    0    0    1    0    1    0    0    0    1    1    1    1    1    0    1    0    0    0    1    1    0    0    1    0    0    0    1    0    1    0    1    0    0    1    0    0    1    1    1    0    0    1    1    0    0    0    1    1    0    0    0    0    0    0    1    0    1    1    1    0    1    0    0    1    1    0    0    1    0    0    0    1    1    0    0    0    1    1    0    1    1    
100    0.849691    0.338945    1    1    1    1    1    0    0    1    1    1    1    1    1    1    1    1    1    1    1    1    1    1    1    1    1    1    1    0    1    1    1    1    1    1    1    1    1    1    1    1    1    1    1    1    1    0    1    0    1    1    1    1    1    1    1    1    1    1    1    1    1    1    1    1    1    1    1    1    1    1    1    1    1    1    1    1    1    1    1    1    1    1    1    1    1    1    1    1    1    1    1    1    1    1    0    1    1    1    1    0    0    1    0    1    1    0    0    1    1    1    1    1    0    0    0    0    1    1    1    1    0    0    0    1    1    0    0    1    0    1    1    0    0    0    1    0    0    1    1    0    0    1    0    0    0    0    0    0    0    0    1    1    0    0    1    0    1    0    0    1    0    1    0    0    0    1    1    0    0    1    0    0    0    1    0    0    0    0    1    0    1    1    1    0    0    0    1    0    0    0    0    0    0    1    1    1    1    0    1    1    
100    0.618175    0.544484    1    0    1    0    0    1    1    1    0    1    1    1    1    1    1    1    1    1    1    1    1    1    1    1    1    1    1    1    1    1    1    1    1    1    1    1    1    1    1    1    1    1    1    1    0    0    1    1    1    1    1    1    1    1    1    1    1    1    1    1    1    1    1    1    1    1    1    1    1    1    1    0    0    1    1    1    0    1    0    1    1    1    1    1    1    0    0    1    0    0    1    1    0    1    1    1    1    1    1    1    1    0    1    1    0    0    0    1    0    0    1    0    0    1    0    0    1    0    0    0    0    0    0    1    1    1    0    1    0    1    0    0    1    0    1    1    0    1    1    0    0    1    0    1    0    1    1    0    1    0    0    0    0    1    1    0    0    0    1    0    1    1    1    0    1    0    1    1    0    0    1    1    0    0    0    0    0    1    1    1    1    1    1    1    1    0    0    1    0    0    0    1    0    1    0    1    0    1    1    0    
