50    0.86992    0.487077    1    1    1    1    1    1    1    1    1    0    1    1    1    1    0    1    1    1    1    1    1    1    1    1    1    1    0    1    1    0    0    1    1    1    0    1    0    1    0    1    1    1    0    1    1    1    0    1    1    1    1    0    1    1    1    1    1    1    0    1    1    1    0    0    1    0    1    0    1    1    1    1    1    0    1    0    0    1    1    0    1    0    1    1    1    1    1    1    1    0    1    1    1    1    1    1    1    1    1    1    0    1    0    1    0    0    1    0    0    1    0    1    0    0    0    0    0    0    1    0    0    0    0    0    1    0    1    0    0    0    0    0    0    0    1    0    0    0    1    1    0    0    1    0    0    1    0    0    0    0    1    0    0    0    0    0    0    0    1    0    1    0    1    0    1    0    0    1    1    0    1    0    0    1    0    0    1    0    0    0    1    1    0    1    1    1    1    0    1    0    1    0    0    1    0    1    0    0    0    0    
50    0.697728    0.495317    1    1    1    1    1    0    0    1    1    0    0    1    0    1    1    1    1    1    1    1    0    1    0    0    1    1    1    1    1    1    0    1    1    0    1    1    1    0    1    1    0    1    1    1    1    1    1    1    1    1    1    0    1    0    1    1    1    1    1    1    0    1    1    1    0    1    1    1    1    0    1    0    0    0    1    0    1    0    1    1    1    1    1    1    1    1    1    0    1    1    1    0    1    1    0    1    1    0    1    0    1    1    0    0    0    1    1    0    0    0    1    0    1    0    0    0    1    0    0    0    0    1    1    1    0    1    1    0    0    0    1    0    1    1    1    1    0    0    0    1    1    0    0    1    1    0    0    0    1    1    0    0    1    0    0    0    1    0    0    1    1    0    0    1    0    1    0    0    0    1    0    0    0    1    1    0    0    0    0    0    0    1    0    0    0    0    0    1    0    1    1    1    0    1    0    1    1    0    0    0    
50    0.0837248    0.814598    0    1    1    1    0    1    0    0    1    0    1    1    1    1    0    1    1    0    1    1    0    1    0    0    0    0    1    0    0    1    1    1    1    1    1    1    1    1    1    1    0    1    1    0    1    0    0    0    1    1    1    1    1    0    1    0    1    1    1    1    1    1    0    0    1    1    1    1    0    1    1    1    1    0    0    1    1    1    1    1    1    0    1    1    1    0    0    1    1    0    1    0    0    1    0    1    1    1    1    1    1    0    1    1    0    0    1    0    0    0    0    0    1    0    0    0    1    0    0    0    1    1    0    0    1    0    0    0    0    0    1    0    0    0    1    0    0    0    0    0    1    0    0    1    0    0    1    0    0    0    0    0    1    0    1    0    0    0    0    0    0    0    0    1    0    0    0    0    1    1    1    1    1    1    1    1    0    1    0    1    1    0    0    1    0    1    0    0    1    1    1    0    1    0    0    0    0    0    1    1    
50    0.766681    0.479906    1    0    1    1    0    1    0    1    0    1    0    0    1    0    0    1    1    0    0    1    1    0    0    1    1    0    1    0    0    1    1    1    1    0    1    1    0    1    1    1    0    1    1    1    1    0    1    1    0    1    1    1    0    1    0    1    0    0    1    1    1    1    0    1    1    1    1    1    1    1    1    0    0    0    1    1    1    1    1    1    1    0    1    1    1    1    1    1    1    1    1    1    0    1    0    1    1    1    1    1    0    1    0    0    0    0    0    1    0    1    0    0    0    0    0    0    1    0    1    0    0    0    0    0    1    1    0    1    0    0    1    1    0    0    0    0    0    1    0    0    0    0    0    0    1    0    1    0    0    1    0    1    0    0    0    0    0    0    1    0    1    0    1    0    1    0    0    0    0    0    0    0    1    0    0    0    0    1    0    0    1    0    0    1    0    1    0    0    0    1    0    0    0    0    0    1    0    0    1    0    
50    0.134932    0.621742    1    1    1    1    1    1    1    1    1    1    1    0    1    0    0    1    1    1    1    0    1    1    1    1    1    1    1    1    1    1    1    1    1    1    1    1    1    1    1    0    1    1    1    1    0    1    1    1    1    1    1    1    1    1    1    1    0    1    1    1    0    0    1    1    1    1    0    1    1    1    0    0    1    1    1    1    1    1    1    1    1    1    1    1    1    1    1    0    1    0    1    1    0    1    1    1    0    0    1    1    0    1    1    0    0    1    1    0    0    0    1    0    0    1    0    0    0    0    1    1    0    1    0    0    0    0    0    0    1    0    0    0    1    0    0    1    0    1    1    1    0    1    0    0    0    1    0    0    0    0    0    1    0    0    1    1    0    0    0    0    1    0    1    1    0    1    1    1    0    0    0    0    0    1    0    0    0    1    1    0    0    0    1    0    0    1    0    0    0    0    0    0    0    0    0    0    0    0    1    0    
50    0.15317    0.655879    0    1    1    0    1    1    1    1    1    1    0    0    1    0    0    1    1    0    1    1    0    1    1    0    1    0    0    0    1    1    0    1    1    1    1    1    0    1    1    1    1    1    1    1    1    0    0    1    0    1    1    0    1    0    1    1    0    1    1    1    0    1    0    1    1    1    0    1    0    1    0    0    1    0    1    0    1    1    1    1    1    1    1    1    0    1    1    0    0    1    1    1    1    1    1    1    1    0    1    1    1    0    0    0    1    0    0    1    0    1    1    1    0    0    1    0    0    0    0    0    1    0    1    1    0    0    0    0    0    0    0    0    0    1    0    0    1    0    1    1    1    0    1    0    1    0    0    1    1    1    0    1    0    0    1    1    1    0    0    1    0    0    0    0    0    1    0    1    1    1    0    1    0    0    0    0    0    0    0    0    0    0    0    1    0    0    1    1    1    1    1    0    0    0    1    0    1    1    0    0    
50    0.7891    0.879047    1    1    1    0    0    1    1    1    1    1    1    1    0    1    1    1    0    0    0    1    1    1    1    0    0    0    1    0    0    1    0    1    0    0    0    1    1    0    1    1    1    0    1    0    0    0    1    1    0    0    1    1    1    1    1    1    1    1    0    0    1    0    1    1    1    1    1    0    0    1    1    0    0    1    1    0    0    1    0    0    1    0    1    0    0    0    0    0    1    0    1    1    1    1    0    0    1    1    0    1    1    1    1    0    0    1    0    0    0    1    0    0    0    0    1    1    1    0    0    0    1    1    0    0    1    0    0    0    0    0    1    0    1    0    0    1    0    0    0    0    1    0    0    1    1    0    1    1    0    1    1    0    0    0    0    0    1    1    1    1    0    1    0    0    1    0    0    0    1    1    0    1    1    0    0    1    0    0    0    1    1    1    0    0    0    0    1    0    0    0    0    0    0    1    0    0    1    0    0    0    
50    0.603745    0.802782    1    1    1    0    1    0    0    0    1    1    1    1    1    0    1    1    0    1    1    1    1    0    1    0    1    1    0    1    1    1    0    1    0    1    1    1    1    0    1    0    1    0    0    1    1    1    1    0    0    0    1    0    1    0    1    1    0    1    1    1    1    0    0    0    0    1    1    0    0    1    1    0    0    0    0    1    1    1    1    0    1    0    1    1    1    1    1    1    1    1    1    0    1    1    1    1    1    1    1    0    0    0    0    0    1    0    0    0    0    0    0    0    0    1    0    0    0    0    0    0    0    0    1    0    1    1    0    0    1    1    0    1    0    0    1    0    1    0    1    1    0    1    0    0    1    0    0    1    0    0    0    0    0    1    0    0    0    1    0    1    0    0    1    1    0    0    0    0    0    0    0    1    0    0    0    0    0    1    1    0    0    1    0    1    1    0    0    0    1    1    1    0    0    0    1    1    1    0    0    0    
50    0.24732    0.46526    1    1    1    1    1    0    1    1    1    0    1    1    1    1    1    1    0    1    0    1    1    1    1    1    1    1    1    1    1    1    1    1    0    0    1    1    1    0    0    1    1    1    1    1    1    1    1    1    1    1    1    1    1    1    0    1    0    1    0    1    1    1    0    0    1    1    1    0    0    0    0    0    1    1    1    1    1    1    0    0    0    1    1    1    1    1    0    1    0    1    1    1    1    1    1    1    1    1    1    1    1    0    1    1    1    1    0    0    0    1    0    0    1    0    1    1    1    1    0    0    1    0    0    1    0    0    1    1    0    0    0    1    0    1    0    0    0    1    0    1    0    1    1    1    0    0    1    0    1    1    0    0    0    1    1    1    0    1    1    0    0    1    1    0    0    0    1    0    0    0    0    0    1    1    0    1    1    0    1    0    1    1    0    0    0    0    1    0    0    1    1    0    1    1    1    0    1    1    0    1    
50    0.342754    0.897579    0    1    1    0    1    1    0    1    0    0    0    1    1    0    1    1    1    0    1    1    1    1    1    1    1    1    0    1    1    0    0    1    1    0    0    0    1    1    1    1    1    1    1    1    1    1    1    0    0    1    0    1    1    0    0    1    1    1    1    1    0    1    1    0    0    1    0    1    1    1    1    1    0    1    0    1    1    1    0    0    1    1    1    0    1    0    0    0    1    0    0    1    0    1    1    1    1    1    1    1    1    0    0    0    0    0    0    0    1    1    1    0    1    0    0    0    0    0    0    1    0    0    0    1    0    1    0    1    0    0    1    0    1    0    0    1    0    0    0    1    0    1    1    0    1    1    0    0    0    0    0    0    0    0    0    0    0    0    1    0    0    0    0    0    0    1    1    0    0    0    0    1    1    0    0    1    0    0    1    0    1    0    0    0    0    1    1    0    0    0    0    0    0    0    1    0    1    1    0    1    
50    0.566144    0.986868    1    1    1    1    0    1    1    0    1    0    1    0    1    0    1    1    1    1    1    1    1    1    1    1    1    0    0    0    1    1    0    1    1    1    1    0    1    0    1    0    0    0    1    0    1    1    1    0    1    1    1    1    1    0    1    1    1    1    1    0    0    1    1    1    1    0    1    1    0    0    0    0    1    1    0    0    1    0    0    0    0    1    1    1    1    0    1    0    0    0    1    1    0    1    1    0    1    1    1    1    1    1    0    0    1    1    0    0    0    0    0    0    0    0    1    1    1    1    1    0    0    1    0    0    0    0    0    0    1    1    1    0    1    0    1    0    0    1    0    0    0    1    0    0    0    0    1    1    0    0    1    0    1    1    0    1    0    0    0    0    0    0    0    0    1    0    1    1    1    1    0    0    1    1    1    0    1    0    1    0    0    0    0    0    0    1    1    1    0    0    1    0    0    1    0    1    0    0    1    0    
50    0.171495    0.464392    0    1    0    0    0    1    1    0    1    1    1    1    1    1    1    0    1    1    1    0    1    0    1    1    1    0    1    1    1    1    0    1    1    1    0    1    1    1    0    1    0    0    1    1    1    1    0    1    0    0    1    1    1    1    1    1    0    1    0    1    1    1    0    1    1    1    0    1    1    1    1    1    1    1    1    1    1    1    0    0    1    0    0    0    1    1    1    1    1    0    1    0    1    1    0    1    1    0    1    1    0    1    1    0    1    0    0    0    0    1    0    0    1    0    0    0    0    1    0    0    0    0    1    1    0    1    1    0    1    0    1    0    1    1    0    0    0    0    1    0    0    0    0    1    1    1    1    0    0    0    0    0    0    1    0    0    0    1    0    1    1    0    0    0    0    0    0    0    1    0    0    1    0    1    0    1    0    0    0    0    0    0    0    0    0    0    1    0    1    1    0    1    1    1    1    0    1    0    0    0    
50    0.0756917    0.923258    0    1    1    1    1    1    0    0    1    1    1    0    1    1    1    1    1    1    1    1    1    1    1    1    1    0    1    1    1    1    1    1    1    1    0    1    1    1    1    1    1    1    1    1    1    1    1    1    1    1    1    1    1    1    1    0    1    1    1    1    1    1    1    1    0    0    0    1    0    1    1    1    1    1    1    1    1    1    1    1    1    0    1    1    1    1    1    1    0    0    1    0    1    1    1    1    0    1    0    0    1    1    0    0    1    0    0    0    1    0    1    1    0    1    1    1    0    0    0    1    1    1    0    0    0    0    1    1    0    1    0    0    0    0    0    1    0    1    1    1    0    1    1    0    0    0    1    1    0    0    1    0    1    0    1    0    0    1    0    0    1    0    0    0    1    0    1    0    0    1    0    0    1    0    1    0    0    0    0    0    1    1    0    1    0    1    0    0    0    0    0    1    0    0    0    1    0    0    1    0    
50    0.891286    0.205093    1    0    1    1    1    0    1    1    1    0    1    1    1    0    1    1    1    1    0    1    1    1    1    1    1    1    1    1    1    1    1    0    1    0    0    1    0    1    1    1    0    0    1    1    0    1    0    1    0    1    1    1    1    1    1    1    1    1    0    1    1    1    1    0    1    0    1    1    0    0    1    0    1    0    0    0    1    0    0    1    0    1    1    0    1    1    0    1    0    1    0    0    1    1    1    1    1    1    1    1    0    0    0    0    0    0    0    0    0    1    0    1    0    0    0    1    0    0    0    1    0    0    0    0    1    0    1    1    0    1    1    0    0    0    0    0    0    0    0    1    0    1    0    0    1    0    0    1    1    0    1    0    0    0    1    0    1    1    0    0    0    1    1    0    0    0    0    1    0    1    0    0    0    0    0    1    1    0    1    0    0    1    1    1    1    0    0    1    0    0    0    0    1    0    0    0    0    0    0    0    
50    0.89404    0.493505    1    0    0    1    1    1    1    0    1    0    1    1    1    1    1    0    1    0    1    1    1    1    0    1    1    0    1    0    0    1    1    0    1    0    0    1    1    1    0    1    0    1    1    1    0    1    1    1    1    1    0    1    1    1    0    1    1    1    0    0    1    1    1    0    1    1    1    1    1    1    0    0    1    1    1    0    1    1    1    1    1    0    1    0    1    1    1    1    1    1    0    1    0    1    0    1    0    1    1    1    0    0    0    0    0    0    0    0    1    1    1    0    1    0    0    0    1    0    1    0    0    0    1    0    0    1    0    0    0    1    1    0    0    0    0    0    0    0    0    0    1    1    0    1    1    0    1    0    0    1    0    1    1    0    0    0    0    0    0    1    0    0    1    0    1    0    0    1    0    0    0    0    0    0    0    0    0    0    0    0    0    0    0    0    1    0    1    0    1    0    1    0    1    1    0    0    0    1    0    0    
50    0.970968    0.927792    1    0    1    1    0    1    1    0    1    1    1    1    1    1    1    0    1    1    0    1    0    0    0    1    1    1    0    1    1    0    0    0    1    1    1    1    1    0    1    1    1    1    1    1    0    1    1    1    1    1    1    1    0    1    1    1    1    0    1    1    1    0    1    1    0    1    1    0    1    1    1    1    1    1    1    1    0    1    1    0    1    1    0    1    1    1    1    0    1    1    0    0    1    1    1    1    1    1    1    0    1    0    0    0    0    0    0    1    1    0    0    0    0    0    1    0    1    0    0    1    0    0    0    0    0    1    1    1    1    0    1    0    0    1    0    1    1    0    0    1    0    1    0    1    0    1    0    0    0    0    0    0    1    0    0    0    0    1    0    1    0    0    0    0    0    1    1    0    0    0    1    1    1    1    0    1    1    0    0    1    0    0    0    0    0    0    0    1    1    0    0    0    0    0    0    0    0    0    0    1    
50    0.0993475    0.597062    1    1    1    1    1    0    1    1    1    0    1    1    1    1    1    0    1    0    1    1    1    1    1    0    1    1    1    1    1    1    1    1    1    1    1    1    1    1    0    1    0    1    1    1    1    1    0    1    0    1    1    1    1    0    1    0    1    0    1    1    0    1    1    0    1    1    1    1    0    1    0    1    1    1    1    1    1    0    1    0    1    1    1    0    1    0    1    1    1    1    0    1    1    1    1    1    1    0    0    1    0    0    1    1    0    0    1    0    0    0    0    1    0    0    1    1    0    0    0    0    0    0    1    0    0    0    0    0    0    0    1    0    1    1    0    1    1    0    0    1    1    0    0    0    1    1    0    1    1    0    0    1    0    0    1    0    0    0    0    0    0    0    0    0    1    0    1    0    0    0    1    0    0    0    0    1    0    1    1    0    1    0    1    0    1    1    0    1    0    0    1    0    0    0    1    0    0    0    1    1    
50    0.307631    0.663904    1    0    1    0    1    1    0    1    1    1    1    0    1    1    1    1    1    0    1    0    1    1    1    0    0    1    0    0    1    1    0    0    0    0    1    1    1    1    1    1    1    1    0    1    1    0    0    1    0    0    0    1    0    1    1    1    1    0    0    0    1    1    0    1    1    1    1    0    0    1    1    1    1    1    0    1    1    1    0    0    0    0    1    0    0    1    1    0    0    1    0    0    1    0    1    0    1    1    1    1    1    0    0    0    0    0    0    0    0    0    1    0    0    0    0    0    0    0    1    1    0    0    0    0    0    1    0    0    1    0    0    1    0    0    0    1    1    0    0    0    0    1    0    0    0    1    0    0    0    0    1    0    0    0    0    0    0    1    0    0    0    1    1    1    0    0    0    0    1    0    0    0    0    0    0    0    0    0    0    0    0    1    0    0    1    1    0    0    1    0    0    0    0    0    0    0    0    0    1    1    
50    0.917907    0.902309    0    1    1    1    1    1    1    1    0    0    1    0    1    0    1    1    1    0    1    0    0    0    0    1    1    1    1    0    1    1    1    1    1    1    0    1    1    1    1    0    0    1    1    0    1    0    1    1    1    1    1    1    0    1    1    0    0    1    0    1    1    1    0    0    0    1    1    1    1    1    1    0    0    1    0    1    1    1    1    1    1    0    1    1    0    1    1    0    1    0    1    0    1    1    1    1    0    1    0    0    1    1    0    0    0    0    0    1    0    0    1    1    1    1    0    0    1    0    1    1    1    0    0    0    0    0    0    0    1    1    1    1    1    0    0    0    0    0    1    0    0    1    0    0    0    0    0    0    0    1    0    0    0    0    0    0    0    0    1    1    0    0    1    1    0    0    0    0    1    1    0    0    0    0    1    1    0    0    1    1    0    0    0    0    0    0    1    1    0    1    1    1    0    0    0    1    0    1    1    0    
50    0.189317    0.350558    1    0    1    1    1    1    1    1    1    1    1    1    1    1    1    1    0    1    1    0    1    1    1    1    1    1    1    0    1    1    1    0    1    1    1    0    1    1    1    0    0    0    1    1    1    1    0    1    1    1    1    1    1    0    0    1    0    0    1    0    0    1    0    0    1    1    1    0    1    1    1    0    1    1    1    1    0    0    1    0    1    1    1    1    1    0    1    1    1    0    1    1    0    1    1    1    1    0    1    1    1    0    0    0    0    0    0    0    1    0    0    0    0    0    0    0    0    0    1    0    0    0    0    0    0    0    0    0    0    0    1    0    0    0    1    0    0    1    0    0    0    0    0    0    0    1    0    1    0    1    0    0    1    0    1    0    0    0    1    0    0    1    0    0    1    0    1    0    0    1    1    0    0    0    0    0    1    0    0    0    1    0    0    0    1    0    1    0    0    0    0    1    1    1    1    1    0    0    1    0    
50    0.32411    0.178335    1    1    1    1    0    1    1    1    0    1    0    1    1    0    0    1    0    0    1    0    1    0    1    0    0    0    1    0    1    0    0    1    1    1    1    0    0    1    0    1    1    0    1    0    0    1    1    1    0    1    0    1    1    0    1    1    0    1    1    1    1    1    1    1    1    1    1    0    1    1    0    1    0    0    0    1    1    0    0    1    0    1    0    1    1    0    1    1    0    1    1    0    0    0    1    0    1    0    1    0    0    0    1    0    0    1    1    1    1    1    0    0    1    0    1    1    0    0    0    0    1    0    0    1    1    1    0    0    1    1    0    0    0    1    0    0    0    0    1    0    1    0    0    0    0    1    0    1    0    0    0    1    0    1    1    1    1    1    0    0    0    0    1    1    0    1    0    1    0    1    0    1    1    0    0    0    0    1    1    0    0    0    0    1    0    0    0    1    0    1    0    1    0    0    0    1    0    0    0    1    
50    0.00455873    0.709916    0    1    1    1    1    1    1    1    1    1    1    1    1    1    1    1    1    1    0    1    1    1    1    1    1    1    1    1    1    1    0    1    1    1    1    1    1    1    1    1    1    1    1    0    0    1    1    1    1    1    1    1    1    0    1    1    1    1    1    1    1    0    0    1    1    1    1    1    0    1    0    1    0    1    1    1    1    1    1    1    1    0    1    1    0    1    0    0    1    1    1    1    0    1    1    1    1    0    1    1    0    1    0    1    0    0    0    1    0    0    0    0    0    0    0    1    0    0    1    0    1    0    0    0    0    0    0    1    1    0    0    1    1    0    1    0    1    1    1    0    1    1    1    0    0    0    0    1    0    1    0    0    0    0    0    1    0    0    1    1    1    1    1    1    1    0    0    1    1    1    0    0    0    0    0    0    0    1    0    0    0    1    0    0    1    0    0    1    0    1    1    1    0    0    0    0    1    1    0    0    
50    0.855172    0.754174    1    1    1    1    1    1    1    1    1    1    1    1    1    1    0    1    1    0    1    0    1    0    1    1    1    1    0    1    1    1    1    0    1    0    1    1    1    1    1    0    1    1    0    1    1    1    0    1    0    0    1    1    0    0    1    1    1    0    0    1    0    1    0    0    1    1    0    1    1    1    1    0    1    1    1    0    1    1    1    1    1    1    1    1    0    1    1    1    1    0    1    1    1    1    1    1    1    0    1    1    0    0    0    1    1    0    0    0    0    0    0    1    0    0    0    0    0    1    1    0    1    0    0    0    1    0    1    0    1    0    0    1    0    0    0    0    1    0    1    0    1    0    1    1    0    1    1    0    0    0    0    1    1    0    0    0    0    0    0    0    0    1    0    1    0    0    0    0    0    0    0    0    0    0    0    0    0    0    1    0    0    0    0    0    0    0    0    0    0    1    0    0    0    1    0    0    1    1    0    0    
50    0.0766095    0.0941072    1    1    1    0    1    1    1    1    1    0    0    1    1    1    0    1    1    1    1    1    1    1    1    1    1    1    1    0    0    0    0    0    0    1    1    0    1    0    1    1    1    1    1    1    1    0    1    1    0    0    1    1    1    1    0    1    1    1    1    0    0    0    1    1    1    1    1    1    1    0    0    1    1    1    1    0    1    1    0    1    1    1    0    1    0    1    1    1    0    1    1    1    1    1    0    1    1    1    0    0    0    1    1    1    0    1    1    0    0    0    0    0    0    0    0    1    0    0    0    0    0    1    1    0    0    1    1    1    0    0    0    1    0    0    0    0    0    0    1    1    0    0    0    1    0    1    0    0    1    0    0    0    0    0    1    0    1    0    1    0    1    1    0    1    0    0    0    1    0    0    0    0    0    0    0    1    1    0    1    0    0    0    0    1    0    0    0    0    1    0    0    0    0    1    0    0    1    1    0    1    
50    0.332932    0.325672    0    0    1    1    1    1    0    0    0    1    0    0    0    1    0    1    1    0    0    1    1    0    0    0    1    1    1    1    1    0    1    0    1    0    1    0    1    1    1    1    0    1    1    1    0    1    1    1    0    1    0    1    0    1    0    1    0    0    0    1    1    1    0    1    0    0    1    1    0    1    1    1    1    0    0    1    1    0    0    0    0    0    1    0    0    1    1    1    1    0    1    1    1    0    1    0    1    1    0    1    1    0    1    0    0    0    0    0    1    0    0    0    0    1    0    1    0    0    0    0    0    0    0    0    1    0    1    0    1    0    0    0    0    1    0    0    0    0    1    0    1    1    1    0    0    0    0    1    1    0    0    0    1    0    0    0    0    0    0    1    1    1    1    0    0    0    0    1    0    0    0    0    0    0    1    1    1    0    1    0    1    1    0    1    1    1    0    0    0    1    0    0    0    0    1    0    0    0    0    0    
50    0.190163    0.0863601    1    1    1    1    1    1    1    1    1    1    1    0    1    1    0    0    1    1    1    1    0    0    1    0    1    1    1    0    1    0    1    1    1    0    1    1    1    1    0    0    1    1    1    1    1    1    0    1    1    1    1    0    0    1    1    1    0    1    1    1    1    1    1    1    1    1    0    1    1    1    0    1    0    1    0    0    1    1    1    1    0    1    1    0    1    1    1    0    1    0    0    0    0    1    1    1    1    1    1    1    1    1    0    0    0    0    1    0    1    0    0    0    0    0    1    0    1    0    0    0    1    0    0    1    0    1    0    0    1    1    1    1    0    0    1    0    0    0    1    0    0    1    0    0    0    0    0    0    0    0    0    0    0    0    0    0    0    0    0    1    1    1    0    0    0    1    1    1    0    0    0    0    0    0    1    0    1    0    0    0    0    0    0    1    0    0    1    0    0    0    0    0    1    1    1    1    0    1    1    0    
50    0.558776    0.3545    1    0    1    1    1    1    0    1    0    0    1    0    1    0    0    0    1    1    0    1    1    1    0    1    1    0    1    1    1    0    1    1    1    1    1    0    1    1    1    0    1    1    1    0    1    1    1    0    1    1    1    0    0    1    1    1    1    0    1    1    1    0    1    0    1    0    1    0    0    1    1    0    0    0    1    0    0    0    1    1    1    1    0    1    1    0    1    1    1    0    1    1    1    1    0    0    1    0    1    0    1    0    1    0    0    0    1    1    1    0    0    1    1    0    1    0    0    0    0    0    0    0    0    0    0    1    0    1    1    0    1    0    1    0    0    0    1    0    0    0    0    1    0    1    1    0    0    1    1    1    1    0    0    1    0    1    1    0    0    0    0    0    0    0    1    1    0    0    0    0    0    0    0    0    0    1    0    1    0    1    0    0    0    0    1    0    1    1    1    0    0    1    0    1    1    1    1    0    1    0    
50    0.489011    0.52544    0    1    1    1    1    0    1    1    1    0    0    1    1    0    0    1    0    1    0    0    0    0    0    0    0    1    1    1    1    0    1    1    1    0    1    1    1    1    0    1    1    0    0    1    0    0    0    0    1    0    1    1    0    1    1    0    1    1    1    1    0    1    0    1    1    1    0    1    0    1    1    1    0    1    0    1    0    1    1    1    1    1    0    0    1    1    0    1    0    1    1    1    1    1    0    1    1    1    0    0    0    0    1    0    0    0    0    0    1    1    0    0    0    1    0    0    1    1    0    1    0    0    0    1    1    0    0    0    1    0    1    1    0    0    0    0    1    0    0    0    0    1    1    1    0    0    0    0    0    0    0    0    1    1    1    1    0    0    0    0    0    0    0    0    0    1    0    0    0    0    0    0    1    0    0    0    0    0    0    0    0    1    0    0    0    0    0    0    0    1    1    0    1    0    0    0    0    0    0    0    
50    0.142742    0.944693    1    1    1    0    1    1    1    1    1    1    1    0    1    1    0    0    1    0    0    0    1    1    1    0    1    1    1    0    0    1    0    1    1    1    1    1    0    1    0    0    1    1    1    1    0    1    1    0    1    0    1    0    1    1    1    0    0    1    1    1    1    0    1    0    0    0    0    0    1    1    0    1    0    0    1    1    1    1    0    1    1    1    1    0    0    0    1    1    1    1    1    1    0    1    0    1    0    1    1    1    1    1    1    0    1    0    0    1    1    0    0    1    0    0    0    0    1    0    1    1    0    0    1    1    0    1    0    1    1    0    0    0    0    0    1    0    0    1    1    1    1    1    0    0    1    1    0    1    0    1    1    1    1    0    1    1    0    0    0    0    0    0    0    1    1    0    1    0    0    0    0    0    1    0    0    0    1    1    0    1    0    0    0    0    0    0    1    0    0    0    0    0    0    1    1    0    0    0    0    1    
50    0.716691    0.949161    0    0    0    1    1    0    0    1    1    1    1    1    0    0    1    1    0    0    1    1    1    0    0    0    1    1    1    1    1    0    0    1    0    0    1    0    1    1    1    0    0    1    0    1    0    0    0    0    1    1    0    1    1    0    1    0    0    1    0    1    0    0    0    0    0    0    0    0    0    0    1    0    0    1    1    0    1    1    0    0    1    0    1    1    1    0    0    0    1    1    0    0    0    1    0    1    0    0    1    0    0    0    1    0    0    1    0    0    0    1    1    0    0    1    1    1    1    1    0    0    0    0    1    0    0    1    0    1    0    0    1    0    1    0    0    0    0    1    1    0    1    1    0    0    0    0    1    0    0    0    1    1    0    1    0    0    0    0    1    1    0    0    1    0    0    1    1    0    0    0    0    0    0    1    0    0    1    0    0    1    1    0    0    1    0    1    0    0    0    1    0    0    0    0    0    0    0    0    1    1    
50    0.482895    0.183211    1    1    1    1    0    0    1    1    0    0    0    0    0    0    0    0    0    1    1    0    0    0    0    1    0    1    0    0    1    1    1    1    1    1    1    0    0    1    1    0    1    0    1    0    0    1    1    1    1    1    1    0    0    1    1    1    0    1    1    0    1    1    1    1    1    1    0    1    1    0    0    1    0    0    1    0    1    1    1    0    0    0    0    0    1    0    0    1    1    1    1    1    1    0    0    1    1    1    1    0    0    0    0    0    0    1    0    1    0    0    0    0    0    1    0    1    0    0    0    1    0    0    0    1    1    0    0    1    0    0    0    0    0    0    0    0    1    0    1    1    0    0    0    0    0    0    0    0    0    0    1    0    1    1    0    1    1    0    0    0    1    1    0    0    0    0    0    0    0    1    0    0    0    0    0    1    1    0    0    0    0    1    0    0    0    1    0    0    1    0    0    0    0    0    0    0    0    0    0    1    
50    0.456392    0.464031    1    1    0    0    1    1    0    1    0    0    1    0    1    1    1    1    1    1    0    1    1    1    0    1    1    0    1    1    0    1    1    1    0    1    0    0    0    1    1    1    1    1    1    1    1    1    1    1    1    1    1    1    0    1    1    0    0    1    0    1    1    0    0    1    1    0    1    0    0    0    1    0    1    1    0    0    1    0    1    0    1    1    1    0    1    0    1    1    1    1    1    0    1    0    0    1    1    1    0    1    0    0    0    0    0    0    0    0    0    0    1    0    0    0    1    0    0    1    0    0    0    0    0    1    0    0    0    1    0    1    0    0    0    1    0    0    0    0    1    1    0    0    0    1    1    1    0    1    1    1    0    0    0    1    1    1    0    0    0    0    0    0    0    0    0    0    0    1    0    1    0    0    0    0    0    0    1    0    1    0    1    1    1    0    0    1    1    0    1    0    0    0    1    1    0    0    0    1    0    1    
50    0.0334942    0.985695    1    1    1    1    1    1    0    1    1    1    1    0    1    1    1    1    1    1    0    1    1    0    1    1    1    1    1    1    1    0    0    1    0    1    1    1    0    1    0    1    1    1    1    1    1    1    1    1    1    0    1    1    1    1    1    1    1    1    1    1    1    1    1    1    1    1    1    1    1    1    1    1    1    1    1    0    1    1    0    1    1    0    0    1    0    1    0    1    1    1    1    0    1    1    1    1    1    1    1    0    0    0    0    1    0    0    1    1    0    0    0    1    0    1    0    0    1    0    0    1    1    0    1    0    1    0    1    0    0    1    0    0    1    0    0    1    0    1    0    0    0    1    0    0    0    0    1    0    1    1    0    0    0    0    0    0    0    1    1    0    0    1    1    0    0    0    0    0    1    1    1    0    1    0    1    1    1    1    0    0    0    1    0    1    0    1    0    0    0    0    1    0    0    0    0    0    1    0    0    1    
50    0.381854    0.00152583    1    1    1    0    0    1    1    1    1    1    0    0    0    0    0    0    1    1    1    1    1    1    1    1    1    1    1    1    1    0    1    1    1    1    1    0    1    1    0    0    1    1    0    0    1    1    1    1    1    0    1    1    1    1    1    0    0    0    0    1    1    0    1    1    1    1    0    1    1    0    0    0    0    1    0    1    1    0    0    1    0    0    0    1    1    1    0    0    1    1    1    1    0    1    1    0    0    1    1    1    0    1    0    1    0    0    1    0    1    0    0    1    0    0    1    0    0    0    1    0    1    0    0    1    0    0    1    0    0    0    0    0    0    1    1    1    0    1    1    0    0    0    1    0    0    1    0    0    1    1    0    0    1    0    0    0    1    0    0    1    0    0    0    0    1    1    0    0    0    0    1    1    1    0    0    0    0    0    0    0    1    1    0    1    0    0    0    1    0    0    1    1    0    0    1    0    0    1    1    1    
50    0.461131    0.0106505    0    0    1    0    1    1    1    0    0    1    0    0    0    0    1    1    1    1    1    0    1    1    1    0    1    0    1    1    1    0    0    1    1    0    1    0    0    0    1    1    0    1    1    0    1    1    1    0    1    1    1    1    1    0    0    0    0    1    0    1    1    0    0    0    0    1    1    0    1    1    1    0    1    1    1    1    1    1    1    0    1    1    1    0    1    1    0    0    0    1    1    1    0    1    1    0    0    1    0    1    0    0    0    0    0    1    0    1    0    0    0    0    0    1    0    0    0    0    0    0    0    1    0    0    1    0    0    1    1    0    0    0    1    1    0    0    0    1    1    1    0    0    1    0    1    0    0    0    0    0    1    1    0    0    0    1    0    0    0    1    1    0    0    0    0    0    0    0    0    0    0    0    1    0    0    0    0    0    1    0    0    0    0    0    1    0    1    1    0    0    0    0    0    0    0    0    1    1    0    1    
50    0.141461    0.573697    1    1    1    1    1    1    1    1    0    0    1    1    0    1    0    0    0    1    1    0    1    1    0    1    0    0    1    0    1    1    1    1    1    1    1    1    1    1    1    0    1    1    1    0    1    1    1    1    1    0    1    1    1    1    1    0    1    1    1    1    1    1    1    1    1    0    1    1    0    1    1    1    1    1    1    0    1    1    0    1    0    1    1    1    1    1    0    0    1    1    0    1    1    0    1    1    1    1    1    1    0    1    0    0    1    0    0    0    0    0    0    1    1    0    0    0    1    0    0    0    0    1    0    1    1    1    0    0    0    1    0    0    0    1    1    0    0    0    1    0    0    1    1    1    0    1    0    0    0    0    0    0    0    1    1    0    1    0    0    1    0    1    1    0    1    1    0    0    0    0    1    1    1    0    0    0    1    0    1    0    0    0    0    0    0    0    1    1    0    0    1    0    0    0    1    0    0    0    1    0    
50    0.262495    0.959553    0    1    1    1    0    1    1    1    1    1    0    0    1    1    0    0    1    1    0    0    0    0    1    0    1    1    1    0    1    1    0    1    1    1    1    0    1    0    1    1    1    1    1    1    1    1    1    1    0    1    0    1    1    0    0    1    1    1    1    0    0    0    0    1    1    1    1    1    1    1    0    0    0    0    1    0    1    0    0    1    1    0    0    1    1    0    0    1    0    0    0    0    0    0    1    1    0    1    1    0    0    0    0    0    1    0    1    0    0    0    1    1    0    0    0    0    0    1    1    0    1    1    0    0    0    0    0    0    0    0    0    1    0    0    0    0    1    0    0    0    1    1    0    0    1    0    1    0    1    0    0    1    0    1    0    1    0    0    1    0    1    0    0    0    0    1    1    1    0    1    0    1    0    0    0    0    1    0    1    0    0    0    0    0    0    1    1    0    1    0    1    0    0    0    0    0    1    0    0    1    
50    0.780719    0.364512    0    0    1    0    1    1    0    0    1    0    0    1    1    1    1    1    1    1    1    1    0    1    0    1    1    1    0    1    1    0    1    1    0    0    1    1    0    1    0    1    0    1    1    1    0    1    1    1    1    0    1    0    1    1    1    0    0    1    0    1    0    1    1    1    1    0    0    0    1    1    1    0    1    1    1    1    1    1    1    1    1    0    1    1    0    1    1    0    1    0    1    1    0    0    1    1    1    0    1    0    0    0    0    1    0    0    1    0    0    0    0    1    0    0    0    0    0    0    0    0    1    1    0    0    0    0    0    1    0    0    0    1    1    1    0    0    1    0    0    1    1    0    1    1    0    0    1    0    0    0    0    0    0    0    1    0    0    1    0    0    1    0    1    0    1    1    0    1    1    0    0    0    1    0    0    0    0    0    1    1    0    0    0    0    1    0    0    0    1    0    0    0    0    0    0    1    0    0    1    0    
50    0.0817819    0.231183    1    1    1    1    1    1    1    0    1    1    1    0    0    1    1    0    0    1    0    1    0    1    0    1    1    0    1    1    1    0    1    0    1    0    1    0    0    1    1    1    0    0    0    1    1    1    1    1    1    1    0    0    1    1    1    1    1    1    1    1    1    1    0    1    1    1    1    1    1    1    0    1    1    1    0    0    0    1    0    1    1    1    0    1    0    1    1    1    0    1    1    1    1    1    1    1    1    1    0    1    1    0    1    1    1    1    0    0    0    1    0    0    0    1    0    0    1    0    0    0    0    1    0    1    1    1    0    1    1    0    0    1    0    0    0    1    0    1    1    0    0    0    0    0    0    1    1    0    0    0    1    0    1    0    0    0    0    1    0    0    0    1    0    1    0    0    0    1    0    0    0    1    0    1    1    0    1    0    0    0    1    0    0    1    0    0    0    1    0    1    1    0    1    0    0    1    0    1    1    0    
50    0.664366    0.538274    1    0    1    1    0    0    1    1    1    1    0    0    0    0    0    0    0    1    1    0    1    1    0    1    0    0    0    1    1    1    0    0    1    1    1    1    1    0    1    0    1    0    1    0    0    1    0    1    1    0    1    0    0    1    1    0    1    1    1    1    0    1    0    0    0    0    1    1    1    0    1    1    0    1    0    1    0    1    1    1    1    1    0    1    0    1    1    1    1    1    1    1    1    1    1    1    1    1    1    1    0    0    0    0    0    0    0    1    0    0    0    0    0    1    0    1    1    1    0    0    0    1    1    1    0    0    1    1    0    0    0    0    0    0    1    0    0    0    1    0    0    1    1    0    0    1    0    1    0    1    0    1    0    0    1    0    0    0    1    0    0    1    1    0    1    1    1    1    0    0    0    0    0    0    0    1    0    1    0    0    1    0    1    1    0    0    0    0    0    0    0    0    0    0    0    0    1    0    1    0    
50    0.153697    0.875615    0    1    1    1    0    1    1    0    1    0    1    1    1    0    1    1    0    1    1    0    0    1    1    1    1    1    1    0    1    1    1    0    1    1    1    1    0    0    1    1    1    1    1    1    0    1    1    1    0    1    1    1    1    1    1    1    1    0    1    1    1    1    1    1    1    1    1    1    0    1    1    0    0    1    1    0    1    1    0    1    0    0    0    1    1    0    1    1    0    1    1    1    1    1    1    1    1    0    1    1    0    0    1    0    1    0    0    1    1    1    0    0    0    0    0    1    0    0    1    1    0    0    1    0    1    0    0    0    1    0    1    0    0    0    0    0    0    0    0    1    0    0    0    0    1    1    0    0    0    0    0    1    0    0    1    0    0    0    1    1    1    0    0    0    0    0    0    0    0    0    0    0    1    0    0    1    0    0    1    1    0    0    1    0    0    0    1    0    0    1    0    0    0    1    1    0    1    1    0    0    
50    0.570464    0.681474    1    1    0    0    0    0    1    1    1    1    0    0    0    1    0    0    1    0    0    0    1    0    0    0    0    1    1    0    0    0    1    1    1    1    1    1    1    1    0    1    1    0    1    0    1    0    1    1    0    1    1    1    0    1    1    1    1    1    0    1    1    0    1    1    0    1    1    1    0    0    1    1    0    1    1    0    0    1    1    1    0    1    1    1    1    1    1    1    1    0    1    1    1    0    1    1    1    0    1    1    0    1    0    0    1    1    0    0    0    0    1    1    0    0    0    0    0    1    0    0    1    0    0    0    0    0    0    0    1    0    0    0    0    0    1    0    0    1    0    1    0    1    0    1    1    0    0    1    1    0    1    0    1    1    0    1    0    1    0    1    0    1    0    1    1    1    0    0    0    0    1    0    1    0    0    0    1    0    1    0    0    1    0    0    0    0    0    1    0    0    1    0    0    0    0    1    0    0    1    0    
50    0.91952    0.818085    1    1    0    0    1    0    1    1    1    1    0    1    1    1    1    0    1    0    0    1    1    1    0    1    1    1    1    1    1    1    0    1    0    1    1    1    1    1    1    0    1    1    0    1    0    1    0    1    1    1    0    1    1    1    1    0    1    1    1    1    0    0    1    0    1    1    1    1    0    1    1    1    0    1    0    1    1    1    0    1    1    0    0    1    1    1    1    0    1    1    0    1    1    0    1    1    0    1    1    1    0    1    0    1    1    0    1    0    1    0    0    0    0    0    0    1    0    0    0    1    0    1    1    1    0    0    0    0    0    0    1    0    0    0    0    0    0    1    0    1    0    0    0    1    1    0    0    1    0    1    0    1    0    1    0    1    0    0    1    0    1    0    0    0    0    0    0    0    1    0    1    1    1    0    0    0    0    0    1    0    0    0    0    0    0    0    0    0    0    0    0    0    1    0    0    0    0    0    0    0    
50    0.185772    0.1444    1    1    1    1    0    1    1    1    0    0    1    1    1    1    1    1    1    1    1    1    1    0    1    0    0    1    1    1    1    1    0    0    0    1    0    0    0    0    1    1    0    0    1    1    1    1    1    0    0    1    1    1    0    1    1    1    1    0    1    0    0    0    1    1    1    0    0    1    1    0    0    0    0    0    0    1    1    0    0    1    1    1    0    1    0    0    1    1    0    0    1    1    1    0    0    1    1    1    1    0    0    1    0    0    0    1    0    0    1    0    0    1    0    0    0    0    1    0    0    1    0    1    0    0    0    0    0    1    1    0    0    0    0    1    1    1    0    0    1    0    0    1    1    1    1    0    1    0    0    1    0    0    1    1    1    0    1    1    1    1    0    0    0    0    0    0    0    1    1    0    1    0    0    0    0    1    0    1    0    0    0    1    0    0    0    1    1    0    0    1    0    0    0    0    0    0    0    1    1    0    
50    0.953216    0.738287    1    0    1    0    1    1    1    0    1    0    1    1    1    1    1    1    1    0    1    1    1    0    1    0    1    1    1    1    1    1    1    0    0    1    1    1    1    1    0    1    0    1    1    0    0    1    1    1    1    1    0    1    1    1    1    0    1    0    1    0    1    1    1    0    1    1    1    1    0    1    0    1    1    1    1    1    1    0    1    0    1    0    1    0    1    1    1    0    1    1    1    1    1    0    1    1    0    1    1    0    0    0    0    0    0    0    1    1    0    0    0    0    1    0    0    1    0    0    0    1    1    0    1    0    0    0    0    1    1    1    0    0    0    0    1    0    1    0    0    0    0    1    0    1    1    0    0    0    1    0    0    1    0    0    0    1    1    1    1    0    0    1    0    1    0    1    1    0    1    0    1    0    0    0    0    0    0    1    0    0    1    1    1    0    0    0    0    0    1    0    0    0    1    1    0    1    1    0    0    0    
50    0.976864    0.436056    0    1    0    0    1    1    1    0    0    0    1    1    1    1    0    1    1    1    0    1    1    1    0    1    1    1    1    1    1    1    0    1    1    1    0    0    1    1    1    0    1    1    1    1    1    1    0    1    1    1    0    1    1    0    0    1    1    1    1    0    1    1    1    1    0    1    1    1    0    1    1    1    0    0    0    1    1    0    1    1    1    0    1    1    1    0    1    1    1    1    1    1    1    1    1    1    0    0    1    1    1    0    0    0    0    0    0    0    0    1    0    0    1    1    0    0    0    0    1    0    0    0    0    0    0    0    0    0    1    1    1    0    0    0    1    0    0    0    0    1    0    0    1    0    0    0    0    0    1    0    1    0    1    0    1    0    1    1    1    0    0    1    0    0    0    0    1    0    1    0    0    0    0    0    0    0    0    1    0    0    0    1    0    0    0    0    0    0    1    1    1    0    1    1    0    0    1    0    0    0    
50    0.140929    0.198048    1    1    1    1    1    0    0    1    1    1    1    1    1    1    0    0    0    1    0    0    1    1    0    0    0    1    0    0    0    1    0    0    0    0    1    1    1    1    0    1    0    0    1    0    1    1    0    1    1    1    0    1    1    1    0    1    0    1    1    1    0    1    1    1    1    0    1    1    1    0    0    0    1    1    1    1    0    0    0    1    1    1    0    1    0    1    1    1    1    0    1    1    1    1    0    1    1    0    0    1    1    0    0    1    0    0    0    0    0    0    1    0    1    0    1    1    0    1    1    0    0    0    0    0    0    0    0    1    1    0    0    0    0    0    0    0    0    1    0    0    1    0    1    1    0    0    1    1    0    0    0    1    1    0    0    0    0    1    1    0    0    1    0    0    0    1    1    0    0    0    0    1    0    0    0    0    0    0    0    1    0    0    1    1    0    0    1    1    0    1    0    0    0    0    0    0    1    0    1    0    
50    0.544674    0.932731    1    1    0    1    1    0    0    0    1    1    1    1    0    0    0    0    0    0    1    1    1    1    0    0    1    1    0    1    1    0    0    1    1    1    1    0    0    1    1    0    0    0    1    1    1    1    1    1    0    1    1    1    0    1    1    1    0    1    0    1    0    0    0    1    1    0    1    1    0    1    1    0    1    0    0    1    1    0    1    0    1    1    1    0    1    1    1    1    1    1    0    1    0    0    0    1    1    0    1    0    0    1    1    0    0    1    0    0    0    0    0    1    0    1    1    0    0    0    1    0    0    1    0    0    1    0    0    1    0    0    0    1    0    0    0    0    0    0    1    1    0    0    0    1    0    0    0    0    0    0    0    0    1    0    1    1    0    1    0    0    0    0    0    0    0    0    0    0    1    1    0    1    0    0    1    0    0    1    0    0    0    0    0    0    1    1    1    1    1    0    1    1    0    1    1    0    1    0    0    0    
50    0.0987756    0.766489    1    1    1    0    1    0    1    1    1    1    1    0    1    0    1    0    1    1    1    1    1    1    1    0    0    1    1    1    1    1    0    0    1    1    1    1    0    1    1    0    0    1    1    0    1    0    1    1    1    1    1    1    1    1    1    1    1    0    0    0    1    1    0    1    1    1    0    1    1    1    0    1    1    1    1    1    1    1    1    0    1    0    1    1    0    1    1    1    0    0    1    1    1    1    1    1    1    1    1    1    0    1    1    0    0    0    1    0    0    0    0    0    0    1    0    0    0    0    0    1    0    0    0    0    1    0    0    0    0    0    0    0    1    1    1    1    0    0    0    0    0    0    0    1    1    1    0    0    1    0    0    0    1    0    0    1    0    1    0    0    0    0    0    0    0    0    0    1    0    0    1    1    0    1    0    1    0    0    0    0    0    0    0    0    1    0    1    0    1    0    1    0    1    0    0    0    0    0    1    0    
50    0.922718    0.27395    0    0    0    1    1    1    1    1    1    0    1    1    0    0    1    1    1    0    1    1    0    1    1    1    1    0    1    1    1    0    0    0    1    1    1    1    1    0    0    0    0    0    1    1    0    1    0    1    0    1    0    0    0    0    0    1    0    1    0    1    0    1    1    1    1    1    1    1    1    1    1    0    0    0    0    0    0    0    1    1    1    1    0    1    1    0    1    1    0    0    1    1    1    0    0    0    1    0    0    0    0    1    0    0    0    1    0    1    1    0    0    0    0    0    1    1    0    0    0    1    0    0    0    1    1    0    1    1    0    0    1    0    0    0    0    0    0    0    0    0    0    1    0    0    0    1    0    0    1    0    0    0    1    1    0    1    0    0    1    1    0    1    1    1    0    0    1    0    1    0    0    1    0    0    0    0    1    0    0    0    0    1    0    0    0    0    1    0    1    1    0    0    1    0    1    1    1    0    1    1    
50    0.449106    0.0418066    0    1    0    1    1    1    1    1    1    0    0    0    0    1    0    1    1    0    0    0    1    1    1    1    0    0    1    0    1    0    1    1    0    1    1    0    0    0    1    1    1    1    1    1    1    1    1    0    0    0    1    1    1    0    1    0    1    0    1    1    0    1    1    1    1    1    0    1    1    1    0    1    0    0    0    0    1    1    1    0    1    1    0    0    1    0    0    1    0    1    0    0    0    1    1    0    0    0    1    1    0    0    1    0    0    0    0    1    0    1    1    1    0    1    1    1    1    0    0    0    0    0    0    0    1    1    0    0    0    1    0    0    0    0    0    0    0    0    0    1    1    1    0    0    0    0    1    0    0    0    0    0    1    1    0    0    0    0    0    0    0    1    0    0    0    0    0    1    0    0    1    0    0    1    0    0    1    0    0    0    0    1    0    0    0    0    0    0    1    0    0    0    0    0    1    0    1    0    0    0    
50    0.0886513    0.394481    1    1    0    0    1    1    0    1    1    1    1    0    1    1    0    1    0    1    1    1    1    1    1    1    1    1    1    0    1    0    1    1    1    1    1    1    1    1    1    1    1    1    1    1    0    1    1    1    0    0    1    1    1    1    1    0    1    1    0    1    0    1    0    1    1    0    0    1    1    1    1    1    0    1    1    0    0    0    1    1    1    0    1    1    1    0    1    1    0    1    1    1    1    1    0    1    1    1    1    1    0    1    0    0    1    1    1    0    1    1    1    1    1    0    1    0    0    1    1    0    0    1    0    1    0    0    0    1    1    0    0    1    1    0    0    0    0    0    0    0    0    1    1    0    1    0    0    0    1    0    0    1    0    1    0    1    1    0    0    1    0    0    0    1    0    0    0    1    0    0    1    0    0    0    0    1    0    0    0    0    1    0    0    1    1    0    0    0    0    0    1    0    0    0    1    0    0    0    0    0    
50    0.895805    0.0255467    1    1    1    0    0    1    1    1    1    1    1    0    1    0    1    1    0    0    1    0    0    1    0    1    0    1    0    0    0    1    1    1    0    1    1    0    1    1    1    0    1    1    0    1    0    1    0    1    0    1    1    0    1    1    0    1    1    1    1    0    1    1    1    1    1    0    1    1    1    1    1    0    1    1    0    0    1    1    1    1    0    1    1    0    1    1    1    0    1    1    1    0    1    0    0    1    0    1    1    1    1    0    0    0    1    0    0    0    0    0    0    1    0    1    0    1    0    1    0    1    0    0    0    0    0    0    0    1    0    0    1    0    1    0    0    0    0    0    0    1    0    1    1    0    0    0    0    0    0    0    0    0    1    0    0    0    0    0    0    0    0    0    0    0    1    0    1    1    1    0    1    0    0    0    0    0    1    0    0    0    1    0    1    0    0    0    0    0    0    1    0    0    0    1    0    1    0    0    1    0    
50    0.815312    0.929309    0    1    1    1    0    1    1    1    0    1    0    1    0    1    1    1    0    1    1    1    1    1    1    0    0    0    1    1    1    0    0    1    1    1    1    1    1    1    1    1    1    0    0    0    0    1    0    0    0    0    1    1    0    1    0    1    1    1    0    1    1    1    0    0    0    1    1    0    0    1    1    0    1    0    1    1    0    1    1    1    0    1    1    0    0    1    0    1    1    1    0    1    1    1    1    1    1    1    1    0    1    0    0    0    0    1    1    0    0    1    0    1    0    0    0    0    1    1    0    0    0    0    0    1    0    1    0    0    0    1    1    1    0    0    0    0    0    0    0    0    1    0    1    0    0    1    1    0    0    0    0    0    0    1    1    0    0    1    0    0    0    0    0    0    1    0    1    0    1    1    0    0    0    0    0    0    0    0    1    0    0    1    1    1    0    0    0    1    0    1    0    0    1    1    0    0    0    0    1    0    
50    0.540813    0.684505    1    0    1    0    1    1    1    0    1    1    1    0    1    0    0    1    0    1    1    0    0    1    1    0    1    0    0    0    0    1    1    1    1    0    1    1    0    1    1    1    1    0    1    0    1    0    1    1    0    0    1    0    1    0    1    1    1    1    1    0    1    0    1    0    1    0    0    1    1    1    1    1    1    0    1    1    0    1    1    0    0    1    1    1    1    0    0    1    1    1    1    1    0    1    1    0    1    1    1    1    1    0    0    0    1    0    1    1    0    1    1    1    0    1    0    0    0    0    0    0    0    0    0    1    1    0    0    0    0    1    0    1    0    0    0    1    1    0    0    1    0    0    0    0    1    0    0    0    0    1    0    0    1    0    0    0    1    0    0    0    0    0    1    0    0    1    0    0    0    0    0    0    0    0    1    1    0    0    1    1    0    1    0    0    1    0    0    0    0    1    0    0    1    1    0    0    0    1    1    0    
50    0.783606    0.35101    1    1    1    0    1    0    1    1    1    1    1    0    1    1    1    1    1    0    1    1    0    1    0    1    0    1    1    0    1    1    1    0    1    0    0    1    1    0    0    1    0    1    0    1    1    1    0    1    1    1    0    0    0    1    1    1    1    1    0    1    0    1    1    1    1    1    1    1    0    1    1    1    1    0    1    1    1    1    1    1    1    1    0    1    1    1    1    0    1    1    0    1    1    1    1    1    1    0    0    1    0    0    1    0    1    0    0    0    1    0    0    0    1    0    1    1    0    0    0    0    0    0    1    1    1    0    0    0    1    0    0    0    0    1    1    1    0    0    1    0    0    0    0    0    0    1    0    0    0    0    0    0    0    0    1    0    0    0    0    1    1    0    0    1    0    0    0    0    0    0    0    0    1    1    0    0    1    0    0    0    1    0    1    0    0    0    1    0    0    0    0    1    1    1    1    1    0    1    0    0    
50    0.0404636    0.0507748    1    1    1    1    0    1    1    1    1    0    1    1    0    1    0    0    1    0    0    1    1    1    1    0    1    1    1    0    1    1    1    1    0    1    1    1    1    0    1    1    1    1    1    1    1    1    1    1    1    1    1    1    1    1    1    1    1    1    0    0    1    1    1    1    1    0    1    0    1    1    1    1    0    1    0    1    1    1    1    1    1    1    0    1    0    1    1    1    1    1    1    0    1    0    1    1    1    1    1    0    1    1    0    1    0    1    0    1    0    0    0    1    0    0    1    0    0    0    1    0    0    0    0    1    0    1    0    1    0    0    0    1    0    1    0    0    1    0    0    0    0    0    0    1    0    0    0    0    0    0    1    0    1    0    1    1    0    1    0    0    0    0    1    0    1    1    0    0    0    0    0    0    1    0    0    0    0    0    1    0    0    0    1    0    0    0    0    0    0    0    0    0    0    1    0    0    0    1    0    1    
50    0.491008    0.789822    1    1    0    1    1    1    0    1    0    0    0    1    1    1    0    0    1    1    0    0    1    0    1    0    1    0    0    1    1    0    1    1    0    1    1    1    0    1    1    1    1    1    1    0    1    1    0    0    1    0    1    1    0    1    1    1    0    0    0    0    0    0    0    0    0    0    1    0    1    0    0    0    1    0    0    0    1    1    0    0    0    1    1    1    0    1    1    1    1    0    1    1    0    0    1    0    0    1    1    0    0    1    0    0    1    0    0    0    0    1    1    0    0    0    0    0    0    0    1    0    0    1    1    0    0    0    0    1    0    0    1    0    1    1    1    0    0    0    1    0    0    0    0    0    0    0    0    0    0    0    0    0    1    1    0    0    0    1    0    0    0    0    0    0    0    1    0    0    1    0    0    1    0    0    0    0    1    0    0    0    0    0    0    1    0    0    0    0    0    1    0    1    1    1    1    1    1    0    1    0    
50    0.0461909    0.926842    1    1    1    1    1    1    1    0    1    1    1    1    1    1    0    0    1    0    1    1    1    1    1    1    1    1    1    1    1    1    1    1    1    1    1    1    0    1    0    1    1    0    1    1    0    1    1    0    0    1    0    1    1    1    1    0    1    0    1    1    0    1    0    0    0    1    1    1    1    1    1    1    0    1    1    0    1    1    1    1    1    0    0    1    1    1    1    1    1    0    1    0    0    0    1    1    1    1    1    0    0    1    1    1    1    1    1    0    0    1    0    0    0    0    1    1    0    0    0    0    0    0    0    1    1    0    0    0    0    0    1    0    0    0    1    1    1    0    0    0    0    1    1    1    0    0    1    1    0    1    0    0    0    1    0    0    0    0    0    1    1    0    1    0    0    0    0    0    0    0    0    0    0    1    1    1    0    1    0    0    1    0    0    0    0    0    0    0    0    1    1    1    0    0    0    0    0    0    0    0    
50    0.790376    0.132742    0    1    1    0    1    1    0    0    0    0    0    1    1    0    0    1    0    0    0    0    1    0    0    1    1    0    1    0    1    0    0    1    0    1    0    0    1    0    0    0    1    1    0    1    0    0    0    0    0    1    0    1    1    0    0    0    0    0    0    0    0    1    1    0    1    0    1    0    1    0    0    0    0    1    0    0    1    1    1    1    1    0    0    1    0    0    0    1    0    0    0    0    1    1    1    0    1    0    0    0    0    0    1    0    0    1    0    0    0    0    0    1    1    1    0    0    0    0    1    1    0    1    0    0    0    0    1    0    0    1    0    0    0    0    0    0    0    1    0    0    0    0    0    0    1    0    0    0    0    0    0    0    0    0    0    0    1    0    0    0    0    0    0    0    1    0    0    1    1    0    0    0    0    0    1    0    0    0    0    0    1    0    0    1    0    1    1    1    0    0    0    0    1    0    0    0    0    0    1    0    
50    0.521659    0.725629    0    1    0    0    0    1    0    1    1    0    1    0    1    0    0    0    1    0    1    1    0    1    0    1    1    1    1    0    1    0    0    1    0    0    1    1    1    0    0    0    0    1    1    0    0    0    1    1    1    0    0    1    0    0    1    0    0    1    0    0    0    1    0    0    0    0    0    1    1    0    1    0    1    0    1    0    1    1    0    1    0    1    1    1    0    1    1    1    1    0    0    1    1    1    1    0    0    0    0    0    0    0    1    0    0    0    1    0    1    0    1    0    0    0    0    0    0    0    1    0    0    0    0    1    1    0    0    0    0    0    1    1    1    0    1    0    0    0    0    0    0    1    0    0    0    0    0    0    0    1    0    0    0    1    0    0    0    0    0    0    0    0    0    1    0    0    0    0    1    0    0    1    1    1    0    0    0    1    1    0    0    0    0    0    0    0    0    1    0    0    0    1    1    0    0    1    1    0    1    1    
50    0.876304    0.523428    1    1    0    0    1    0    1    0    1    1    0    0    0    1    0    1    1    1    1    1    1    1    0    1    1    1    0    1    1    1    1    1    1    0    1    1    1    1    1    1    1    1    1    1    1    0    1    0    1    0    1    1    1    1    0    1    1    0    1    0    1    1    1    1    1    1    1    1    1    1    1    1    0    0    1    0    0    1    1    0    1    1    1    1    1    1    1    0    0    1    1    1    1    1    1    1    1    1    1    0    0    0    1    1    1    0    1    1    0    0    1    0    0    0    0    0    0    1    0    1    1    0    0    0    0    0    0    0    0    0    0    0    0    0    0    0    0    0    1    0    0    0    0    0    0    1    0    0    0    0    1    1    0    0    0    0    0    0    1    0    0    0    1    0    1    1    1    0    0    0    0    0    0    0    1    0    0    0    1    0    1    0    1    1    1    0    0    1    0    0    0    0    0    0    0    0    0    0    0    0    
50    0.949779    0.268066    0    1    0    1    1    0    1    0    1    1    1    1    0    0    0    0    1    0    0    1    0    1    1    1    1    1    0    0    0    1    1    0    0    1    1    1    0    0    1    0    0    1    1    1    1    1    1    1    1    1    1    0    0    1    0    1    0    1    1    1    0    1    0    1    1    0    0    1    1    0    1    1    1    0    0    1    0    1    1    1    1    0    0    0    1    0    1    0    1    0    0    0    1    1    1    0    0    1    0    0    1    1    0    1    1    1    1    0    0    0    1    0    0    0    0    0    0    1    0    0    0    0    0    1    0    0    1    1    1    0    0    1    0    1    1    1    0    0    0    0    0    0    1    0    1    0    1    0    0    0    0    0    0    1    1    0    1    0    1    1    0    0    0    0    1    0    0    0    0    0    1    1    0    0    0    0    1    0    0    0    0    0    0    0    1    0    0    0    0    1    0    1    0    1    0    1    1    0    0    0    
50    0.504654    0.449368    0    0    0    1    0    1    0    1    0    1    0    0    1    0    1    0    0    1    0    0    1    1    0    1    0    0    0    0    1    1    0    1    1    0    1    0    1    1    1    1    1    1    0    0    1    1    1    0    1    0    1    1    1    0    1    1    1    1    1    1    1    1    1    0    1    0    0    0    1    0    1    0    0    1    1    1    1    0    0    1    1    1    1    0    0    0    1    1    0    1    0    1    1    1    1    1    0    0    1    0    0    0    0    1    1    0    0    0    0    0    0    0    1    0    1    0    0    0    0    1    0    0    0    0    0    0    0    0    0    0    1    1    1    1    1    0    0    1    0    0    0    0    1    0    0    0    1    0    0    1    0    0    0    0    0    1    1    0    1    0    1    0    1    0    1    1    1    0    0    1    0    0    1    0    0    0    0    0    0    0    0    1    1    0    0    1    0    0    0    0    0    0    0    0    0    0    0    1    1    0    
50    0.671921    0.340036    1    1    0    1    1    0    1    1    1    1    0    0    1    1    1    1    1    0    1    0    0    1    0    1    0    0    0    0    1    1    1    1    1    0    1    0    0    0    1    0    0    0    1    1    1    1    1    1    1    0    1    0    1    1    0    0    1    1    0    1    1    0    1    0    0    0    0    1    1    1    1    1    1    0    0    1    1    0    1    1    1    1    1    1    1    1    1    0    1    1    0    0    1    0    1    0    1    1    0    0    0    1    0    0    1    0    0    0    0    0    0    0    0    0    0    0    1    0    0    0    0    0    1    0    0    1    0    0    1    0    0    1    0    0    0    0    0    0    1    1    0    0    0    0    0    0    1    1    1    0    0    0    0    0    1    1    1    1    0    0    0    0    0    1    0    0    0    1    0    0    0    0    0    1    0    0    0    1    0    0    1    0    1    1    1    1    0    0    0    0    0    0    1    1    1    0    1    1    1    1    
50    0.244085    0.572247    1    1    1    1    1    1    0    1    1    1    1    1    1    0    1    1    1    1    1    1    1    1    1    1    1    1    1    1    0    1    0    1    0    0    1    0    0    1    0    1    1    0    0    0    0    0    1    1    0    1    1    1    1    1    1    0    1    0    1    1    1    1    0    1    1    1    1    1    1    0    0    1    1    1    1    1    1    0    1    1    1    0    0    1    1    0    0    0    0    1    0    0    0    0    0    1    1    1    0    1    1    1    0    1    0    0    1    0    0    0    0    0    1    0    0    1    0    0    0    0    0    0    0    0    1    1    0    1    0    0    1    1    0    1    1    0    0    1    1    1    0    1    0    0    1    0    1    0    0    1    1    1    1    0    1    0    0    1    1    0    1    0    1    0    0    1    0    0    0    1    1    0    0    0    0    0    0    0    0    1    0    0    1    1    1    0    1    0    0    0    1    0    1    1    0    1    1    1    1    1    
50    0.221495    0.0050822    0    1    0    1    1    0    1    1    1    0    1    0    1    1    0    0    1    0    1    0    0    1    0    1    1    1    1    1    0    0    0    1    0    1    1    1    1    1    0    1    1    1    1    1    1    1    1    0    1    0    1    0    1    1    1    1    1    0    1    1    1    1    1    1    1    1    0    1    1    1    1    1    0    1    1    1    1    1    1    1    0    0    1    1    1    1    0    1    1    1    1    0    1    0    1    1    1    1    1    1    0    1    0    0    1    0    0    1    0    1    1    0    0    1    0    0    1    0    0    0    0    1    0    0    0    1    0    0    0    0    0    0    0    0    1    0    1    0    1    1    0    0    1    0    1    1    0    0    0    1    0    0    1    1    1    1    1    0    0    0    1    0    0    1    0    1    0    1    1    0    0    1    0    0    0    1    0    1    0    1    0    0    0    1    0    0    0    1    0    0    0    0    0    0    1    0    0    1    0    1    
50    0.984008    0.515164    1    1    0    1    1    1    0    0    1    1    1    1    1    0    1    0    0    1    0    1    1    1    1    1    1    0    1    1    1    1    1    1    1    1    1    1    1    0    1    0    1    1    1    1    1    1    1    1    1    1    1    1    1    1    1    0    1    1    0    1    1    0    1    1    1    0    0    1    1    1    1    0    0    1    1    1    1    1    0    1    0    0    0    0    1    1    1    1    1    1    1    1    1    1    0    0    1    1    1    1    0    0    1    0    1    0    0    1    0    0    0    1    1    0    0    0    0    0    0    0    0    0    1    0    1    0    0    0    1    0    0    0    0    1    1    0    0    0    0    0    0    0    0    0    0    1    1    0    1    0    1    0    1    0    1    0    1    0    0    1    0    1    1    1    1    1    0    0    0    0    0    0    0    0    1    1    0    0    0    0    1    1    0    0    1    1    0    0    0    0    0    0    1    0    0    1    1    1    0    0    
50    0.94138    0.605991    0    1    1    1    1    1    1    1    0    1    0    1    1    1    0    1    1    1    1    1    0    1    1    1    1    1    1    1    1    0    0    1    1    1    1    1    1    1    1    1    1    1    1    1    1    1    1    0    1    1    1    1    1    0    1    1    1    1    0    1    1    1    1    0    1    1    0    0    0    1    0    1    1    1    1    1    1    0    1    0    1    1    1    0    1    1    1    1    1    0    1    1    1    1    0    0    0    1    1    0    0    0    1    1    0    0    0    1    1    0    0    0    0    0    1    0    1    0    0    1    0    0    0    0    0    0    1    1    0    0    0    1    0    0    1    0    0    1    1    0    1    0    1    0    0    0    0    0    1    1    0    0    0    0    0    0    1    1    0    0    0    0    0    0    0    1    0    1    0    0    1    0    0    1    1    1    1    0    0    0    0    0    1    0    0    0    0    0    0    1    0    1    1    0    0    1    0    0    1    1    
50    0.839427    0.909248    0    1    0    1    1    1    1    1    0    0    1    1    1    0    0    1    1    1    0    1    1    1    1    1    1    0    1    1    0    0    0    0    0    1    0    0    1    1    1    0    1    1    0    1    0    0    1    0    0    1    1    0    1    1    1    1    0    0    1    0    1    0    0    0    1    1    1    0    0    0    0    0    0    0    0    1    1    1    1    1    1    0    1    1    0    1    0    1    1    0    0    1    0    0    1    0    1    1    1    0    1    1    0    0    1    0    0    1    1    0    1    0    0    0    0    1    1    0    1    1    0    1    0    1    0    0    1    0    1    1    0    0    0    0    0    0    0    0    0    1    1    0    0    0    0    0    0    0    0    0    0    1    0    0    1    0    0    0    0    1    1    0    0    0    0    0    1    1    0    1    0    0    0    1    1    0    0    0    0    0    0    1    1    0    0    0    0    1    0    0    1    0    1    0    0    0    1    1    0    1    
50    0.900767    0.0606309    1    1    1    0    0    1    1    1    0    1    1    0    0    1    0    0    1    0    1    0    1    1    1    0    0    1    1    1    1    1    1    1    1    0    0    0    1    1    0    0    0    0    1    1    1    0    0    0    1    0    1    0    1    1    0    1    1    1    1    1    0    1    1    0    0    0    1    1    0    0    1    0    0    0    0    0    0    1    1    1    1    1    0    0    1    1    1    1    1    1    1    0    1    1    0    1    1    1    0    0    0    0    0    0    1    1    1    0    0    0    0    0    0    0    1    0    0    1    1    0    0    1    1    0    0    1    0    0    1    1    0    1    0    0    0    0    1    0    0    0    0    1    0    0    0    1    1    1    0    0    1    0    0    1    1    0    0    0    0    1    1    1    0    0    0    1    0    1    0    1    0    1    1    1    0    0    1    0    0    0    0    1    1    1    1    1    1    1    1    0    0    1    1    0    0    1    1    0    1    0    
50    0.846159    0.556315    1    1    1    1    1    1    1    0    1    0    0    1    1    1    0    0    0    1    1    1    1    1    0    1    0    1    0    1    1    1    0    0    1    1    0    1    1    1    1    1    1    1    1    0    1    0    1    1    0    1    1    1    0    1    1    1    1    1    1    0    0    1    0    1    1    0    1    0    1    1    1    1    1    1    1    0    1    1    1    1    0    1    1    1    0    1    1    1    1    0    1    1    1    0    0    0    1    1    1    1    0    1    0    0    0    0    1    0    0    1    1    1    1    0    0    0    1    1    1    1    0    1    0    0    0    0    1    1    0    1    0    0    0    0    0    1    0    0    0    0    1    0    0    0    0    1    0    0    0    0    0    0    1    1    0    0    1    1    0    1    0    0    0    1    0    1    0    1    1    1    1    1    1    0    0    0    0    1    0    0    0    0    0    0    0    0    1    1    0    0    1    1    0    0    0    0    1    0    0    0    
50    0.411683    0.649827    1    0    1    1    0    0    0    1    1    0    1    0    0    0    1    1    0    1    0    1    1    1    0    0    1    0    1    1    0    0    1    0    1    0    0    0    0    0    0    1    1    1    0    1    1    1    1    1    1    0    1    1    1    0    1    0    1    0    0    1    1    0    0    1    1    1    0    0    0    0    1    1    1    1    1    0    0    0    1    1    1    1    1    1    0    1    0    1    1    0    1    1    0    0    0    1    0    1    0    1    0    0    1    0    0    0    1    1    0    0    0    0    1    0    0    0    1    0    0    0    0    0    0    0    1    1    1    1    0    0    1    0    0    0    0    1    0    0    0    0    1    1    0    1    0    0    0    0    0    1    0    0    1    0    0    0    1    0    0    1    0    0    0    1    0    0    0    0    0    1    1    0    1    0    0    0    0    0    0    0    0    1    1    1    0    0    0    0    1    1    0    0    0    0    0    1    0    1    0    0    
50    0.325072    0.440501    1    1    1    0    1    0    1    1    0    1    0    1    1    1    1    1    1    1    1    1    1    0    0    1    0    1    1    1    1    1    1    0    1    0    1    1    1    1    1    1    1    1    1    1    0    0    1    1    1    1    0    0    0    0    1    0    1    1    1    1    1    1    1    0    1    1    0    1    0    1    0    1    1    1    1    0    1    1    1    1    1    0    1    0    0    1    1    0    0    0    0    1    1    1    1    1    1    1    0    1    0    0    0    1    0    0    0    1    0    0    0    0    0    1    1    0    0    1    0    0    0    1    0    0    0    0    1    0    1    1    1    0    1    0    1    0    1    0    0    1    1    1    1    0    1    0    1    0    0    0    0    0    0    0    0    0    1    0    0    1    1    0    1    0    0    0    0    1    0    0    0    1    1    1    0    1    1    0    0    0    0    0    0    0    0    0    1    0    0    0    0    0    0    0    0    0    0    0    1    0    
50    0.631696    0.910823    1    0    0    0    0    1    1    1    0    0    0    1    0    0    1    1    0    1    1    1    1    1    0    1    1    0    1    1    0    1    0    1    1    0    1    1    0    0    1    0    0    0    1    0    0    1    1    0    1    1    1    1    1    0    0    1    0    1    0    1    1    0    0    0    0    1    1    0    0    0    0    0    1    0    1    1    0    0    0    0    0    0    1    0    0    0    0    0    1    1    1    0    0    0    1    1    0    1    1    1    1    0    0    0    0    1    0    0    1    1    1    1    0    1    0    1    1    0    0    0    0    0    1    1    0    0    0    0    1    0    1    0    0    0    0    0    1    0    1    0    0    1    0    0    1    1    0    1    0    0    0    1    0    0    0    0    0    1    0    0    0    0    0    0    1    0    0    0    0    1    0    0    1    1    1    1    0    0    1    0    1    1    0    0    1    1    0    0    1    0    0    0    0    0    0    0    0    1    0    1    
50    0.936606    0.66361    1    1    1    1    1    1    1    1    0    1    0    0    1    0    0    0    0    0    1    1    1    1    1    0    1    1    1    1    1    1    1    1    1    1    1    1    0    0    1    0    1    1    1    1    1    1    0    1    1    1    1    0    1    1    1    1    1    0    0    1    0    0    1    1    1    0    0    1    1    1    0    0    1    1    1    1    1    1    1    0    1    0    1    1    0    1    0    1    1    0    1    1    1    1    1    1    1    0    1    0    0    0    0    0    0    1    0    0    0    0    0    0    0    0    1    1    1    0    1    1    1    0    1    0    0    1    0    0    0    0    1    0    1    0    0    0    0    0    0    1    0    0    0    1    0    0    0    0    1    0    0    0    0    1    1    0    0    0    0    0    1    0    1    0    0    1    0    1    0    0    0    1    0    1    0    0    0    1    0    0    0    0    1    1    1    0    0    0    0    0    1    0    1    1    0    0    1    0    0    0    
50    0.16137    0.390539    1    1    1    0    1    1    1    0    0    1    1    1    1    1    0    1    1    1    1    0    1    1    1    0    0    1    0    0    0    1    1    1    1    1    0    1    0    0    0    1    1    1    1    1    1    0    1    1    1    1    1    1    1    1    1    1    1    0    1    1    1    1    0    1    0    0    1    1    1    1    1    1    0    1    1    1    0    0    0    1    1    1    1    0    1    1    1    1    1    0    0    1    1    1    1    0    1    1    0    0    0    0    1    0    1    1    1    0    1    1    1    0    1    0    1    0    0    0    0    0    1    0    0    0    1    1    0    0    1    1    0    0    0    1    1    0    1    0    0    0    0    1    0    0    0    0    0    0    1    0    0    0    1    0    1    1    0    0    0    0    1    0    1    0    0    0    0    0    1    0    0    0    1    0    1    0    1    0    0    0    0    0    0    0    0    0    1    1    0    0    1    1    0    0    1    0    1    0    0    0    
50    0.829404    0.637539    0    1    1    1    1    1    1    1    1    1    1    1    1    1    0    1    1    1    1    1    1    1    1    1    1    1    1    1    1    1    1    0    1    1    1    1    1    1    0    0    0    1    1    1    1    0    1    1    0    1    0    1    1    1    1    1    1    0    0    1    1    1    0    0    1    1    0    1    1    1    1    1    1    1    0    1    1    1    1    1    1    1    1    1    0    0    0    1    1    1    1    1    1    1    1    1    1    1    1    1    0    0    0    0    0    0    0    0    0    0    0    0    0    1    1    1    1    0    0    1    1    1    0    0    0    0    0    0    1    1    0    0    0    0    0    0    0    0    1    0    0    1    0    0    1    0    1    1    1    0    1    1    0    0    0    0    0    0    1    0    0    0    0    1    1    0    0    0    0    0    0    1    0    0    0    0    1    1    1    0    0    0    0    0    0    1    0    1    0    0    0    0    0    0    0    1    0    0    1    0    
50    0.652216    0.705344    0    1    1    0    1    0    1    1    1    0    0    1    1    0    1    1    1    1    1    0    0    0    0    1    0    1    0    1    0    0    1    1    0    0    1    0    1    1    1    0    1    1    1    1    1    0    1    1    0    1    0    0    0    1    1    0    1    0    1    1    1    1    1    1    1    1    0    0    0    1    1    0    1    0    1    0    1    0    0    1    0    1    1    0    0    1    0    1    0    1    1    1    0    1    1    1    1    1    1    1    0    1    0    0    0    0    1    0    1    0    0    0    1    0    0    0    0    0    0    0    0    1    0    0    0    0    1    0    1    0    0    0    1    1    1    0    0    1    0    0    0    0    0    0    1    0    0    0    0    1    0    0    0    1    0    1    0    1    0    1    0    1    0    0    0    0    0    0    0    0    0    0    1    0    0    0    0    1    1    0    0    1    1    0    0    0    0    1    1    1    0    0    0    1    0    1    0    0    0    0    
50    0.295283    0.169725    1    1    1    0    1    0    1    0    1    0    0    1    1    1    0    1    1    1    1    1    0    1    0    1    0    1    1    1    0    1    1    0    1    0    1    0    0    0    0    0    0    0    1    0    0    1    0    0    0    1    1    1    0    1    0    1    1    1    0    0    1    1    0    1    0    0    0    1    0    1    0    1    0    1    0    1    1    0    0    1    1    0    1    0    1    1    1    1    1    1    0    1    1    1    0    0    1    0    1    1    0    0    0    0    0    0    0    0    1    1    0    0    1    0    0    1    1    0    0    1    1    0    1    0    0    0    0    0    0    1    0    1    1    1    1    0    0    1    0    1    0    0    0    1    1    0    0    0    1    1    0    0    0    0    0    0    0    0    1    1    0    1    0    0    1    1    1    0    0    0    0    0    0    0    0    0    0    0    0    1    0    0    0    1    0    1    0    0    0    0    1    0    0    0    0    0    0    0    0    0    
50    0.803552    0.383603    0    1    1    1    1    1    1    0    1    0    1    0    1    1    1    1    1    1    1    1    0    1    1    1    1    1    1    0    1    1    1    0    0    0    1    1    1    0    1    0    0    1    1    1    1    1    0    0    1    1    0    0    1    1    1    1    1    1    0    1    0    1    0    1    0    1    1    1    1    0    1    1    1    1    0    1    0    0    1    1    1    0    0    1    0    1    1    0    1    1    1    1    0    1    1    0    1    1    1    1    0    0    0    0    1    1    0    1    0    1    1    0    0    1    0    1    0    0    1    0    0    1    1    0    0    1    0    1    0    0    1    0    0    0    1    0    0    1    1    0    0    0    0    0    0    0    1    1    0    0    1    0    0    0    1    0    0    1    1    0    0    1    0    1    0    1    0    0    1    0    0    1    1    1    0    0    0    0    1    0    1    1    0    1    0    1    0    1    0    0    0    1    1    0    0    0    0    0    0    0    
50    0.117036    0.38969    1    0    1    1    1    1    0    1    1    0    1    1    1    0    1    1    0    1    0    0    1    1    1    1    1    1    1    1    1    0    0    1    1    1    1    1    1    1    1    1    1    1    1    1    1    1    1    1    0    1    0    1    1    1    1    1    1    1    1    1    0    1    0    1    1    1    1    0    1    1    1    0    0    1    1    0    1    1    1    0    1    0    1    1    1    1    0    0    0    1    1    1    0    1    0    1    1    0    1    1    0    0    1    1    0    1    1    1    0    1    0    0    1    1    0    0    1    0    0    1    0    0    1    0    1    0    0    0    0    1    0    0    0    0    1    0    0    1    0    1    1    1    0    0    0    1    0    1    0    0    0    1    0    0    0    0    1    0    0    0    0    1    1    0    1    0    0    0    1    0    1    1    0    1    0    0    1    0    1    0    0    1    0    0    0    0    0    0    0    0    0    0    0    0    0    0    1    0    1    0    
50    0.181779    0.365131    1    0    1    1    1    0    1    0    0    1    1    1    0    1    0    1    0    1    1    0    1    0    1    0    1    1    1    1    1    1    1    1    1    0    0    1    1    1    0    0    0    0    1    1    0    0    1    1    1    0    1    1    1    1    1    1    0    1    1    0    0    1    0    0    0    1    1    1    1    1    0    1    1    1    0    1    0    1    1    1    1    1    0    0    1    0    0    1    1    1    1    1    0    1    0    1    0    1    0    0    1    0    0    0    1    1    1    0    0    0    1    0    0    1    0    0    0    1    1    1    1    0    0    0    0    0    0    0    1    0    0    1    1    1    0    0    1    0    0    1    1    0    1    1    0    1    1    0    0    1    1    0    1    1    1    0    0    0    1    0    1    0    0    1    0    1    0    0    0    0    0    1    1    0    0    0    0    1    1    1    0    1    0    1    0    0    0    0    1    1    0    1    0    0    0    1    0    1    1    0    
50    0.479784    0.814525    1    1    0    0    1    0    1    1    1    0    0    1    1    0    0    1    1    1    1    1    1    0    1    0    1    0    0    1    1    0    0    1    0    1    1    1    1    0    1    0    1    0    1    0    1    1    0    0    1    1    0    0    1    0    0    1    1    1    1    0    1    1    0    0    0    0    0    1    1    1    1    0    0    1    0    1    1    1    1    1    0    1    1    1    1    1    1    1    1    0    0    1    0    1    1    1    0    1    1    1    0    1    0    0    0    0    1    0    1    0    0    0    0    0    0    0    1    0    0    0    1    0    0    0    0    0    1    0    0    1    1    1    0    0    0    0    0    0    0    0    0    0    0    1    0    0    1    1    0    1    0    0    1    1    0    0    0    1    0    0    0    0    0    0    1    0    0    0    0    0    0    0    0    0    0    0    0    1    1    0    0    0    0    0    1    0    0    1    0    0    1    1    0    0    1    0    1    0    0    0    
50    0.299383    0.823304    1    1    1    1    1    1    1    1    1    0    1    1    1    0    1    0    0    0    1    0    1    0    1    1    1    1    1    1    1    0    1    1    1    0    1    1    0    1    1    1    0    1    1    0    0    1    0    0    0    1    0    1    0    1    0    1    1    1    0    0    1    1    0    1    0    0    0    0    1    0    0    1    1    1    1    1    1    1    1    0    0    0    1    0    0    0    1    1    1    0    1    1    1    1    1    0    1    1    1    1    0    0    0    1    0    0    0    0    0    1    0    0    0    1    0    0    0    0    0    0    1    1    1    0    0    1    0    1    0    0    1    0    0    0    0    0    0    1    0    0    0    0    0    0    0    0    0    0    1    0    0    1    0    1    0    0    0    0    0    0    0    1    0    0    1    1    0    0    1    0    1    0    0    0    0    0    0    0    0    0    0    0    0    0    0    1    0    0    0    0    0    0    0    0    0    0    1    1    1    0    
50    0.468298    0.513605    1    1    1    1    1    1    1    1    0    1    1    1    1    1    0    1    0    1    0    1    0    1    0    1    0    0    1    0    0    0    1    0    0    0    0    1    1    1    1    1    1    1    0    1    1    0    0    1    1    0    1    0    0    1    1    0    1    1    1    0    1    0    1    1    1    1    1    0    0    1    1    0    1    0    0    1    1    0    1    1    1    1    1    1    1    1    1    1    1    0    0    0    0    0    0    0    0    1    1    1    1    0    0    1    0    1    0    0    0    0    1    0    0    0    1    0    0    1    1    0    0    0    0    0    0    0    0    1    0    1    1    0    0    1    0    0    0    0    1    0    1    0    0    0    0    1    0    0    0    0    0    1    0    0    1    0    0    0    0    0    0    0    0    1    0    1    0    0    0    0    0    0    0    0    0    1    1    1    0    0    0    1    1    1    0    0    0    0    1    1    1    0    0    0    1    0    0    0    1    1    
50    0.461554    0.0371623    0    0    1    1    1    1    1    0    1    1    0    0    0    1    0    1    0    0    0    1    1    1    1    0    0    0    1    0    1    0    1    1    1    1    1    0    1    1    1    1    1    1    1    0    1    1    1    0    0    1    1    1    1    1    0    1    1    1    1    0    0    1    0    1    1    0    1    0    0    1    1    0    1    1    1    1    0    0    0    0    1    0    1    0    0    0    0    0    0    1    1    1    0    1    0    0    0    0    1    0    0    0    0    0    0    1    1    0    0    0    0    1    1    0    0    1    0    0    1    0    0    0    0    0    0    0    0    1    0    1    0    0    0    0    1    0    0    0    0    0    0    0    0    1    0    0    0    1    0    0    0    0    1    0    0    1    0    0    0    0    0    0    0    1    0    0    0    0    1    0    0    1    1    0    0    0    0    0    1    0    0    0    0    0    1    0    0    0    0    0    0    0    0    0    0    0    0    0    1    1    
50    0.665521    0.318856    1    0    1    1    1    0    0    1    1    1    0    1    0    1    0    0    1    1    1    0    0    0    0    1    1    1    1    0    0    1    1    0    1    1    0    1    1    0    1    0    1    1    1    0    1    1    1    0    0    0    1    0    1    0    1    0    1    1    0    0    0    1    1    0    0    1    0    1    1    1    0    1    0    0    0    0    0    0    0    1    0    1    1    0    1    1    0    1    1    0    0    0    1    1    1    0    0    1    0    0    0    0    0    0    1    0    0    0    0    1    1    1    0    0    1    0    0    0    1    0    0    0    1    1    1    1    0    0    1    0    0    0    0    0    0    0    0    1    0    1    1    0    0    0    1    0    0    1    1    0    0    0    1    0    0    0    0    1    0    0    1    0    0    1    0    0    0    0    0    1    1    1    0    0    0    1    1    0    0    0    0    0    1    0    0    1    0    0    0    0    1    1    1    0    1    0    0    0    1    1    
50    0.943842    0.75003    1    1    1    1    1    1    0    1    0    1    0    1    1    1    0    1    1    1    1    1    0    1    0    1    0    1    0    1    1    1    0    1    0    0    1    0    0    1    1    0    1    1    1    1    1    1    1    1    1    1    1    1    0    0    1    1    1    1    1    0    1    1    1    0    0    0    1    1    0    0    1    1    1    1    0    0    0    1    1    0    1    1    1    1    1    0    1    1    0    1    0    1    0    0    1    1    0    1    1    1    1    0    0    1    1    0    1    1    0    0    0    0    0    0    0    0    0    0    0    0    1    0    0    0    0    1    0    0    0    0    0    0    0    1    1    0    0    0    0    1    1    1    1    0    0    0    0    0    0    1    1    1    1    0    0    1    0    0    1    0    0    0    0    0    1    0    1    0    0    0    0    0    1    0    0    0    0    0    0    1    0    1    1    1    0    0    1    0    0    0    0    0    1    1    0    0    0    1    1    1    
50    0.539382    0.185183    0    1    1    1    0    1    0    0    1    1    1    0    0    0    0    1    0    1    1    0    0    0    0    1    0    0    0    0    0    1    1    0    0    0    1    0    1    1    0    1    1    1    1    0    1    1    1    0    1    1    1    1    1    1    0    1    1    1    0    0    1    1    1    0    0    1    0    0    0    0    1    0    1    1    0    0    0    1    1    1    1    1    0    1    1    1    0    1    1    1    1    1    0    1    1    0    1    1    0    1    0    0    0    1    0    0    0    1    0    0    0    1    1    0    0    0    0    0    1    0    0    1    0    0    0    0    1    0    0    1    0    1    0    0    0    0    0    0    1    1    1    0    0    0    1    0    0    0    0    0    0    1    1    0    1    1    0    0    0    1    1    0    0    0    0    1    0    0    0    0    0    1    0    1    1    0    1    1    0    0    0    0    0    1    0    0    0    1    1    0    0    1    0    0    0    0    1    0    0    0    
50    0.126504    0.466119    1    1    0    0    1    1    1    1    1    1    1    0    1    1    1    1    0    1    1    1    1    1    1    1    1    0    1    1    1    1    1    1    1    1    0    0    1    1    1    0    1    1    1    1    0    1    1    1    1    1    1    0    0    1    1    1    1    1    1    1    1    1    0    1    0    1    0    1    1    1    1    1    1    1    1    1    1    1    1    1    0    0    1    1    1    1    1    0    1    1    0    0    1    1    1    1    1    1    1    1    1    1    0    0    1    1    0    1    1    0    0    0    0    1    1    0    0    1    0    0    0    1    0    1    1    1    0    1    1    1    1    1    1    1    1    1    0    0    0    1    1    1    0    1    0    0    0    0    0    0    1    0    1    1    0    1    1    0    0    0    0    0    0    0    1    0    0    0    0    0    1    0    1    0    0    1    1    0    0    0    1    0    1    1    1    0    0    0    0    1    1    0    1    0    0    0    1    0    0    0    
50    0.158066    0.950007    1    1    1    1    1    1    0    1    1    0    1    1    0    0    0    1    1    1    1    0    0    1    1    0    1    1    0    1    0    1    1    0    1    0    1    1    1    1    0    1    1    0    1    1    1    1    1    0    1    1    1    1    0    1    1    1    1    1    0    1    1    0    1    1    0    1    0    1    0    1    1    1    0    0    1    1    1    0    1    1    1    1    1    1    1    1    0    1    1    1    1    1    0    1    1    1    0    0    1    1    0    0    1    1    1    0    0    0    1    1    1    0    1    0    0    0    1    0    1    1    1    1    1    1    0    0    1    1    0    1    1    1    0    0    0    0    1    0    0    0    0    0    0    0    0    0    0    0    1    1    0    0    0    0    0    0    0    1    0    0    0    0    1    0    0    1    1    0    0    0    0    1    0    1    1    1    0    0    0    1    0    0    0    0    1    1    1    1    0    0    0    0    0    0    0    1    1    0    1    0    
50    0.506955    0.531359    1    0    1    0    1    1    1    0    0    0    1    1    0    0    0    0    0    1    1    1    0    1    0    0    1    1    0    0    1    1    1    1    0    1    0    1    0    1    1    1    1    0    1    0    0    0    1    0    0    0    1    1    0    0    0    1    0    1    0    0    1    0    1    1    0    1    1    1    0    1    1    0    0    0    1    0    0    1    1    1    1    1    1    1    1    1    1    1    1    1    1    1    0    1    1    1    1    0    1    1    0    1    0    0    0    0    0    0    0    1    0    0    0    0    0    1    1    0    0    0    0    1    1    1    0    0    0    1    0    0    0    0    1    0    0    1    0    0    0    0    1    0    0    0    1    1    1    1    0    0    0    0    1    1    0    0    0    1    1    0    0    0    0    1    1    0    0    1    0    1    1    0    0    1    0    0    1    0    0    0    0    0    1    0    0    0    1    1    0    1    0    0    0    1    0    1    1    0    1    1    
50    0.0811307    0.803115    0    1    0    0    1    1    0    1    0    0    0    1    1    1    0    1    1    1    1    1    1    0    1    1    1    1    1    1    0    1    0    1    1    1    1    0    0    0    1    0    0    1    1    1    0    1    0    1    1    0    1    0    0    1    0    1    1    1    1    1    0    1    1    1    1    1    1    0    0    1    1    1    1    1    0    1    1    1    1    1    1    0    1    1    1    1    0    1    1    1    1    1    1    1    1    1    1    0    1    1    1    0    1    1    1    0    0    0    1    0    0    0    1    0    1    1    1    0    0    0    0    0    0    1    0    0    1    1    0    0    1    0    0    0    1    0    0    0    0    0    1    0    1    1    0    0    0    0    1    0    0    0    0    0    1    0    1    0    1    0    1    0    0    0    0    1    0    0    0    1    1    1    0    0    0    1    0    0    0    0    1    0    0    1    0    0    0    1    0    0    0    1    0    0    1    0    0    0    1    0    
50    0.134444    0.461005    1    1    1    0    1    1    1    1    1    1    1    1    1    1    0    1    1    0    1    0    1    1    1    0    0    1    0    1    1    0    1    1    1    1    1    1    0    1    0    0    1    1    1    1    1    1    1    1    1    1    0    0    1    1    0    0    1    0    0    1    1    1    1    1    1    0    1    0    1    1    1    1    1    1    0    0    1    1    0    1    0    1    1    0    1    0    0    1    1    1    1    1    1    1    0    1    1    1    0    1    0    0    0    0    1    1    0    1    0    0    0    0    0    1    0    0    0    0    1    0    0    0    1    0    0    0    1    0    0    0    0    0    1    0    1    0    0    1    1    1    0    1    0    1    1    0    0    0    1    0    0    1    0    0    0    0    0    0    0    0    0    0    0    1    1    1    0    1    0    0    1    1    0    0    1    0    1    0    0    0    0    0    0    0    1    0    0    0    0    1    0    0    0    1    0    0    1    1    0    0    
50    0.918399    0.300666    1    1    0    1    1    1    1    1    0    0    1    0    0    1    1    1    1    0    1    1    0    0    1    0    0    1    1    1    0    0    1    0    1    1    1    0    1    1    1    0    1    1    1    1    0    1    0    0    1    1    0    0    0    1    1    1    0    1    0    1    0    1    1    0    1    0    1    0    1    1    1    0    1    1    1    0    0    0    0    0    1    0    1    1    1    1    0    0    1    1    1    1    1    1    1    1    0    0    1    0    0    1    0    1    1    0    0    0    1    1    1    0    1    1    0    1    1    0    0    1    1    1    0    0    0    0    0    0    0    0    0    1    0    1    1    0    0    1    1    1    1    0    1    0    1    0    0    1    1    0    1    0    0    0    1    1    0    0    1    0    0    0    1    0    1    1    0    0    0    0    0    0    0    0    0    1    0    0    0    0    1    0    1    0    0    0    1    0    0    1    0    1    0    0    0    1    0    0    0    0    
50    0.311342    0.350762    1    1    0    1    0    1    0    1    1    1    1    0    1    0    0    1    0    1    0    0    0    0    1    1    0    1    1    1    1    0    0    0    0    1    0    1    1    1    0    1    1    1    0    1    0    1    0    1    1    0    1    0    1    1    1    1    1    0    1    1    0    1    1    1    0    1    1    0    1    1    1    1    1    1    1    0    0    0    1    1    1    1    1    1    1    1    1    1    1    1    0    1    1    1    0    0    0    1    1    1    0    0    0    0    0    0    0    0    1    1    0    0    0    0    0    1    1    0    0    0    0    1    0    1    0    0    1    1    0    1    0    1    1    0    1    0    0    0    0    0    0    0    1    1    0    0    1    0    0    0    0    0    0    0    0    0    0    1    0    1    0    0    0    0    0    0    0    1    0    0    0    1    1    0    0    0    0    0    0    0    1    0    0    1    0    1    0    0    1    0    1    1    0    0    1    1    1    1    0    0    
50    0.841706    0.738229    1    1    0    1    1    1    1    1    1    1    1    1    1    0    1    1    0    1    1    1    1    1    1    0    0    1    1    1    0    1    0    1    1    0    1    0    1    1    1    1    0    0    1    1    0    1    1    1    1    1    1    0    1    1    1    1    1    1    1    1    1    1    0    1    0    1    1    1    1    1    0    1    1    1    1    1    1    0    1    1    1    0    1    0    1    0    0    1    1    1    0    0    0    0    0    1    1    1    1    1    0    1    0    0    0    1    0    0    0    0    0    0    0    1    0    0    0    1    0    1    0    1    0    1    0    1    0    0    1    1    1    0    1    0    0    0    0    1    1    0    0    0    0    0    1    0    0    0    1    1    0    0    0    1    0    0    0    1    0    0    1    1    0    0    0    0    0    1    1    0    1    0    0    1    0    1    0    0    1    1    0    0    1    1    0    1    1    0    1    0    0    1    0    1    1    0    1    0    1    0    
50    0.533729    0.123043    0    1    1    1    0    0    0    0    1    1    1    0    0    0    0    0    1    0    1    0    1    0    1    0    0    1    1    1    1    1    0    0    1    1    1    0    0    1    1    0    0    0    1    0    0    1    1    0    1    0    0    1    1    1    0    1    0    0    0    0    1    0    1    1    1    1    0    1    0    0    1    0    1    1    0    1    1    1    1    0    1    0    1    0    0    1    0    1    1    0    1    0    0    1    1    0    0    0    1    0    0    0    0    1    0    0    1    0    1    1    0    0    0    0    0    0    0    0    0    1    0    1    0    0    1    0    0    0    1    0    0    0    1    0    0    0    0    0    0    0    1    0    1    0    0    0    1    0    1    0    0    0    0    0    1    0    0    0    0    0    0    0    0    1    0    0    0    1    0    1    0    0    0    0    1    1    0    1    0    0    0    0    0    0    0    1    1    0    0    0    0    1    0    0    0    0    0    0    1    0    
50    0.193403    0.522912    1    1    1    1    1    1    0    1    1    0    1    1    0    1    1    1    1    1    1    1    0    1    1    0    1    1    1    1    1    1    1    1    1    0    1    1    1    1    0    1    1    1    1    0    0    1    1    1    1    1    1    1    1    1    1    0    1    1    0    1    1    0    1    0    1    1    1    1    0    1    1    1    0    1    0    0    1    1    0    0    1    1    1    1    1    1    1    1    0    1    0    1    1    1    0    1    0    1    0    1    1    0    1    0    0    0    0    1    0    0    1    0    0    0    0    0    1    0    1    1    1    1    1    0    0    1    0    0    0    0    1    0    1    0    0    0    0    0    0    0    0    0    0    0    1    1    0    1    1    0    0    0    1    0    1    0    0    0    0    0    0    0    1    1    0    1    0    0    0    0    1    1    1    0    0    1    0    1    0    1    0    1    0    0    1    0    0    1    0    0    0    0    0    0    1    1    0    0    0    1    
100    0.86992    0.487077    1    0    0    0    0    1    1    0    1    0    0    1    1    0    1    1    0    1    1    0    1    1    1    0    0    1    0    1    0    1    1    0    1    1    1    1    1    1    1    1    1    1    1    1    1    0    1    1    1    1    1    1    1    1    0    1    0    1    1    0    1    1    1    0    0    1    1    0    1    0    0    1    1    0    1    0    1    1    1    1    1    1    0    1    1    1    1    1    0    1    0    1    0    0    1    1    1    0    0    1    1    0    1    1    0    0    1    0    1    1    0    0    1    0    1    1    0    0    0    0    0    0    1    0    0    0    0    0    0    1    0    1    0    0    0    1    0    0    1    0    1    0    0    0    1    0    1    1    0    0    0    0    1    1    1    0    1    0    0    0    1    1    0    0    0    1    0    0    1    1    0    0    0    0    1    0    0    1    0    1    1    1    0    0    0    1    0    0    0    0    0    0    1    0    0    0    0    1    0    1    
100    0.697728    0.495317    0    1    1    1    1    1    0    0    1    1    1    1    1    1    0    1    1    0    1    0    1    1    1    1    1    1    1    0    1    0    1    1    1    0    1    0    1    1    1    0    0    0    0    1    1    1    1    1    1    1    1    0    0    1    1    0    1    1    1    1    1    1    0    1    1    1    1    0    1    1    0    1    0    0    1    1    1    1    1    0    0    0    0    1    1    0    1    1    1    1    1    1    0    1    0    1    1    1    0    1    1    0    1    1    0    1    1    0    0    0    0    0    0    1    1    0    1    1    1    0    0    1    0    0    0    1    0    0    0    0    1    0    1    1    0    0    0    0    0    1    1    1    0    1    1    0    0    0    1    0    1    0    0    0    1    0    0    0    0    0    1    0    0    1    1    0    1    1    1    0    0    0    1    1    0    1    0    0    0    1    0    0    0    1    0    0    0    0    0    1    1    1    1    0    0    1    0    0    1    0    
100    0.0837248    0.814598    1    1    1    1    1    1    1    1    1    1    1    0    1    1    1    0    1    1    1    0    1    1    1    1    1    1    1    1    0    1    1    1    1    0    1    0    1    0    1    1    1    1    1    1    1    1    0    1    1    0    0    1    1    1    1    1    1    1    1    1    0    1    1    1    1    1    1    0    0    1    1    0    0    0    1    1    1    0    1    0    1    1    1    1    1    1    1    1    0    1    1    1    1    1    1    1    0    1    1    1    1    1    1    0    0    1    1    0    0    1    0    0    0    0    0    0    0    0    0    1    1    1    0    1    0    1    1    0    1    0    1    0    0    0    1    0    1    0    1    1    1    0    0    0    0    0    0    0    0    1    0    0    0    0    0    0    0    1    0    0    0    1    0    1    0    0    0    1    0    1    0    0    0    0    1    1    0    0    1    0    1    1    0    0    1    0    0    0    0    0    0    1    1    0    1    0    1    1    1    0    
100    0.766681    0.479906    0    0    1    0    1    0    1    1    1    1    1    1    1    0    0    1    1    0    1    0    0    1    1    0    1    1    1    1    1    1    1    0    1    1    0    0    0    1    0    0    0    1    1    1    1    1    1    0    1    1    0    1    1    1    1    1    1    1    1    0    0    0    1    1    1    1    1    1    0    1    0    1    0    1    1    1    1    0    0    0    1    1    1    1    0    1    1    1    1    1    0    1    1    1    0    1    1    1    1    1    0    0    1    0    0    1    1    0    0    0    1    1    1    1    0    0    1    0    0    0    1    0    0    0    0    0    0    0    0    1    1    0    0    0    0    0    0    1    0    1    0    0    1    1    0    0    1    0    1    1    1    1    0    0    1    1    0    0    1    1    0    0    0    0    0    0    0    0    0    0    0    0    0    0    0    0    1    0    0    1    0    0    1    0    0    1    0    1    0    0    0    0    0    0    0    0    0    0    1    0    
100    0.134932    0.621742    1    1    0    1    1    1    1    1    0    1    1    1    1    1    0    0    1    1    0    1    1    1    1    1    1    0    1    1    1    1    0    0    1    0    0    0    1    1    1    1    1    0    1    1    1    1    1    1    1    1    0    1    0    1    1    0    1    1    1    1    1    1    0    1    1    1    1    1    0    0    1    1    1    1    0    1    1    1    1    0    0    0    1    0    0    1    1    1    0    0    1    1    1    1    0    1    1    1    0    1    1    0    1    1    0    1    0    0    1    0    0    1    0    0    0    0    1    0    0    0    0    0    0    0    0    0    1    1    1    1    1    0    0    0    0    0    1    0    1    0    1    1    1    0    0    0    0    0    0    1    0    0    0    0    0    0    1    0    0    0    0    0    1    1    0    0    0    0    0    0    1    1    0    1    0    0    0    0    1    0    0    1    0    1    0    0    0    1    0    0    0    0    0    1    0    1    0    1    0    0    
100    0.15317    0.655879    1    1    0    0    1    1    1    0    1    0    1    1    1    1    1    1    0    1    1    1    0    1    1    0    0    1    0    1    1    1    0    1    0    1    0    0    1    1    1    1    0    1    1    1    1    1    0    0    0    0    0    0    1    1    0    0    0    1    1    0    1    0    0    1    1    0    1    1    0    1    1    0    0    1    1    0    0    1    1    1    1    1    1    0    1    1    1    1    1    0    1    0    1    0    1    1    1    1    1    1    0    0    0    0    0    1    0    0    0    0    0    0    0    1    0    0    0    0    1    0    0    0    0    0    1    0    1    0    1    0    1    0    0    0    0    0    1    0    1    0    0    0    0    0    1    0    0    0    0    0    0    1    0    0    1    0    1    0    1    0    1    1    0    1    0    0    0    1    0    0    1    0    1    0    0    0    1    1    0    0    1    1    0    1    1    0    0    0    1    0    1    0    1    0    0    0    0    0    1    0    
100    0.7891    0.879047    0    1    0    1    0    1    0    0    1    1    1    1    1    1    1    1    1    0    1    0    1    1    1    1    1    1    1    1    0    0    1    1    1    0    1    0    1    0    1    1    1    1    1    0    1    1    0    1    0    1    1    1    1    1    1    1    1    1    1    1    1    1    1    1    1    1    1    1    0    1    1    1    1    0    1    1    0    1    1    1    1    1    0    1    0    1    1    1    0    1    0    0    1    1    0    1    0    1    1    1    0    1    0    0    0    1    1    0    0    0    1    1    0    0    1    0    0    0    0    0    1    1    0    1    0    0    0    0    0    0    0    1    1    0    0    0    1    0    1    0    0    0    0    0    0    0    1    1    0    1    0    0    0    1    0    0    1    1    0    0    0    1    0    1    0    0    0    1    1    0    0    1    0    1    0    1    0    0    1    0    1    1    0    0    1    0    1    0    0    1    0    0    1    1    0    1    0    0    1    0    
100    0.603745    0.802782    0    1    1    1    1    1    0    1    1    1    0    1    0    1    1    1    0    0    0    1    1    0    0    0    0    1    0    1    1    1    0    1    0    1    1    0    1    1    0    0    1    1    1    0    1    1    1    1    1    0    0    1    1    1    1    1    1    1    0    1    0    1    1    1    0    1    1    1    0    0    0    0    0    0    1    0    1    0    1    1    1    1    1    1    1    0    0    0    1    0    0    0    0    0    1    1    1    1    0    1    0    1    0    1    0    1    0    0    0    1    0    0    1    0    0    1    0    0    0    0    1    1    1    1    1    1    0    1    0    1    0    0    1    1    0    1    0    0    0    0    0    1    0    1    0    0    0    0    0    0    1    1    0    0    0    1    0    0    0    1    1    0    0    0    0    0    1    1    1    0    1    0    0    0    1    1    0    1    0    1    0    1    0    0    0    0    1    0    0    0    0    1    1    1    1    0    0    1    0    1    
100    0.24732    0.46526    0    1    0    1    0    1    1    1    0    1    1    0    1    0    1    1    0    0    1    1    0    0    1    1    1    1    1    1    0    1    1    0    1    1    1    1    1    1    1    1    0    0    1    1    0    0    1    0    0    1    0    1    1    0    1    1    1    1    1    0    1    0    0    1    1    0    0    1    0    1    0    0    1    0    0    1    1    1    1    0    1    1    1    1    0    0    0    1    1    0    1    1    1    1    0    1    1    1    1    1    0    0    1    1    0    1    0    1    0    0    0    0    0    0    0    0    1    0    1    0    0    0    0    0    0    0    0    0    0    0    0    0    1    0    0    0    0    1    1    0    0    0    1    0    0    0    0    0    0    1    0    0    0    0    0    1    0    0    0    0    0    1    1    1    0    1    1    1    0    0    1    0    1    0    1    0    1    0    1    0    0    1    0    0    0    0    1    1    0    0    0    1    0    0    0    0    0    0    0    1    
100    0.342754    0.897579    0    1    1    0    1    0    1    1    0    0    1    1    1    1    0    0    0    1    1    1    0    0    0    0    1    1    1    1    0    1    0    1    1    1    1    0    1    0    1    0    1    0    1    1    1    1    0    1    1    1    1    1    0    0    0    0    1    1    0    0    1    1    1    1    1    1    0    1    1    1    0    0    1    1    1    1    0    1    0    0    0    1    1    1    1    1    1    0    1    0    1    1    1    0    1    0    1    1    0    0    0    1    1    0    0    0    0    0    0    0    0    0    0    0    1    0    0    0    1    0    0    0    0    1    0    0    0    0    1    1    0    0    0    1    0    1    0    0    0    1    0    0    1    0    1    0    1    0    0    0    0    0    1    0    0    1    1    1    0    0    1    0    0    0    0    1    1    0    0    0    1    0    0    0    1    1    0    0    0    0    1    0    1    0    1    0    0    0    0    0    0    1    1    0    1    1    0    1    0    0    
100    0.566144    0.986868    0    0    1    1    0    1    0    1    0    0    1    0    0    0    1    1    0    1    0    0    1    0    0    0    0    1    0    1    0    1    1    1    1    1    1    0    0    0    1    0    0    0    1    1    1    1    0    1    1    0    1    0    0    1    1    1    0    1    1    0    1    1    1    1    0    1    1    0    0    1    0    0    1    0    1    1    0    0    1    1    1    1    1    0    0    0    1    1    0    1    1    0    0    0    0    1    1    0    1    0    0    1    0    1    1    0    1    0    0    1    0    0    0    0    0    1    0    0    0    1    0    0    0    0    0    0    0    1    1    0    0    1    0    0    0    0    1    1    0    0    1    0    0    0    0    0    0    1    0    1    0    0    0    0    1    0    0    0    1    0    0    1    0    0    0    0    0    0    0    1    0    0    0    0    0    0    1    1    0    0    1    1    1    0    0    1    0    0    1    0    1    0    0    1    0    0    0    0    0    0    
100    0.171495    0.464392    0    1    0    1    1    1    1    1    1    1    0    1    1    1    1    1    1    1    1    1    1    1    1    1    1    1    1    0    1    1    1    1    1    1    1    1    1    1    1    1    1    0    1    1    1    0    1    1    1    1    1    1    1    1    1    1    1    0    1    1    1    1    0    1    1    1    1    1    1    1    1    0    1    1    1    0    1    0    1    1    1    0    1    1    1    0    1    1    1    1    0    1    1    0    1    1    1    1    1    1    1    0    0    0    1    0    0    0    0    0    0    1    1    0    1    0    0    1    0    0    1    1    1    1    1    1    0    0    1    0    1    0    0    1    0    0    0    1    0    0    1    1    0    0    1    1    0    1    1    0    1    0    1    1    1    0    1    0    1    0    0    0    0    1    0    1    0    0    0    0    1    1    0    0    0    0    0    0    1    0    1    1    1    1    0    0    1    1    1    0    0    1    0    1    0    0    0    1    1    0    
100    0.0756917    0.923258    1    1    0    1    1    1    0    1    1    1    1    1    1    1    1    0    1    1    1    1    1    1    0    1    1    0    0    1    1    1    1    1    1    0    1    1    0    1    1    1    1    1    0    1    1    1    1    1    1    1    1    1    1    0    0    1    1    1    1    1    1    1    1    1    1    1    1    1    1    0    0    1    0    1    1    1    1    0    1    0    1    0    1    1    0    1    1    1    1    0    1    0    0    1    1    1    0    1    1    1    1    0    0    0    0    0    0    0    1    0    0    0    0    0    0    0    1    0    1    0    0    1    0    0    0    0    1    1    1    0    1    0    0    0    0    0    1    0    1    0    0    0    0    1    0    1    0    0    0    1    1    0    1    1    1    1    1    0    0    1    0    0    1    1    0    0    0    0    0    0    0    1    0    1    0    0    0    1    0    0    1    0    0    1    0    0    0    0    0    0    0    0    1    0    0    0    0    1    1    1    
100    0.891286    0.205093    1    0    1    1    1    0    1    1    0    1    1    1    0    1    0    1    0    1    1    0    0    1    1    0    1    0    1    1    1    1    1    0    0    0    1    0    0    1    0    1    0    1    1    1    1    1    1    1    1    1    0    1    1    0    1    0    1    0    0    0    0    1    0    0    0    1    0    1    0    1    1    1    0    1    1    0    1    0    1    1    1    0    0    0    0    1    1    0    0    1    0    1    1    1    1    1    0    0    0    1    0    0    0    0    0    1    0    0    1    0    0    1    0    1    0    0    0    1    1    0    0    0    0    0    1    0    0    0    0    1    0    0    0    1    0    0    0    1    0    0    1    1    1    0    0    0    0    0    0    0    1    0    0    1    0    1    0    1    0    1    0    0    0    1    0    0    0    1    1    0    0    0    0    1    0    0    1    0    0    0    0    0    0    1    0    0    0    0    1    1    0    0    0    1    1    0    0    1    0    0    
100    0.89404    0.493505    1    0    1    1    1    1    0    1    1    1    1    1    0    0    0    1    1    1    1    1    1    1    0    0    1    1    1    0    1    1    1    1    0    1    0    1    1    0    1    0    0    1    1    1    1    1    1    0    1    1    1    0    0    1    1    1    0    1    1    1    1    0    1    1    1    1    1    1    1    0    1    1    1    1    1    1    0    0    1    1    0    1    1    1    1    1    0    1    1    1    1    1    1    0    0    1    1    0    1    1    1    0    0    0    1    0    1    1    1    0    0    0    0    0    0    1    0    0    1    1    1    1    0    1    0    1    0    0    0    1    0    0    0    0    0    0    0    0    0    0    1    0    0    0    0    0    0    0    0    1    0    0    1    1    0    0    1    0    0    1    0    0    1    0    1    0    0    1    0    1    0    0    0    1    0    0    1    0    0    1    1    1    1    0    0    0    0    1    1    1    0    0    1    0    0    1    0    0    0    0    
100    0.970968    0.927792    1    1    1    1    1    0    1    1    1    1    0    1    1    1    1    1    1    1    1    1    0    0    1    1    1    1    0    1    1    1    1    1    1    1    1    1    1    1    1    1    1    0    1    0    0    1    1    1    1    1    1    1    1    1    1    1    0    1    1    1    0    1    0    0    1    1    1    0    1    1    1    1    1    1    1    1    1    0    1    1    0    0    1    0    1    1    1    1    1    0    1    1    1    1    1    1    0    1    1    1    1    0    1    0    0    1    1    0    0    1    0    1    0    0    0    0    0    1    0    0    1    0    0    0    0    1    1    1    1    0    1    0    0    1    0    0    1    0    0    1    1    1    1    0    0    1    1    0    0    1    1    1    0    1    0    0    1    1    0    0    0    0    0    1    1    0    1    0    0    0    0    1    0    0    0    0    0    0    1    0    1    0    0    1    0    0    0    0    1    1    1    0    0    1    1    1    1    1    0    0    
100    0.0993475    0.597062    1    1    1    1    1    1    0    1    1    0    0    1    1    1    1    1    1    1    0    1    1    0    0    1    1    1    1    0    1    1    1    1    0    1    1    0    1    1    1    1    1    0    1    1    1    1    0    1    1    1    1    1    0    1    1    1    0    1    1    1    0    1    1    0    1    0    1    1    1    1    1    0    1    1    1    1    1    1    1    1    1    1    1    1    1    1    0    0    1    1    1    0    1    1    0    1    1    0    1    1    0    0    0    0    1    0    0    0    0    1    0    1    1    1    1    0    0    0    1    0    0    0    1    0    0    0    0    0    0    1    0    0    0    0    0    0    0    1    1    1    1    1    0    0    0    0    1    0    0    0    0    0    1    1    0    1    0    1    1    0    1    0    0    0    0    1    0    1    1    1    0    1    0    0    0    1    1    0    0    0    0    0    1    0    0    1    0    0    1    0    0    0    0    1    1    0    0    0    1    0    
100    0.307631    0.663904    1    1    0    0    1    1    1    0    0    1    0    1    0    1    0    0    0    0    0    1    0    0    1    1    1    1    1    1    0    0    0    1    1    1    0    0    1    0    0    0    1    1    0    1    1    1    1    0    0    1    1    0    0    0    1    0    0    1    1    1    1    1    0    0    1    0    1    1    1    1    1    1    0    0    1    1    0    0    1    0    0    1    1    1    1    1    1    1    1    0    0    1    1    1    1    0    1    1    0    0    1    0    1    0    0    1    0    0    1    0    0    0    0    0    0    0    0    1    1    0    0    0    0    1    0    0    1    0    0    1    0    0    1    0    0    0    0    0    0    0    0    0    0    0    0    1    0    1    0    0    1    1    1    1    0    0    0    1    0    0    0    0    0    0    1    0    0    0    0    0    0    1    0    0    0    0    1    0    0    0    0    0    0    0    1    1    0    0    0    0    0    0    1    0    0    1    0    0    0    1    
100    0.917907    0.902309    1    0    1    1    1    0    1    1    1    1    0    1    1    1    1    1    1    1    1    1    1    1    1    1    1    1    0    1    0    1    1    1    1    0    1    0    1    1    1    1    1    1    1    1    1    0    1    1    0    1    1    1    1    1    1    0    1    1    0    0    1    1    1    1    0    1    1    1    1    1    0    1    0    1    1    1    1    0    1    0    1    1    1    1    0    1    1    0    0    1    1    0    1    1    1    1    0    1    1    1    0    0    0    0    0    0    0    1    1    0    0    0    0    0    0    0    0    1    0    0    0    0    0    0    0    0    0    0    1    0    0    1    1    0    0    1    1    1    0    0    0    0    0    0    0    0    0    0    1    1    0    0    1    0    1    1    1    0    0    1    0    0    0    0    0    1    0    0    1    1    1    0    0    0    1    0    0    0    1    0    1    1    1    0    0    0    0    0    1    0    1    1    0    1    1    0    0    0    0    0    
100    0.189317    0.350558    0    1    0    0    0    0    1    1    1    1    1    1    1    0    1    1    0    1    1    1    1    1    1    1    1    1    1    1    0    1    1    0    1    1    0    1    0    0    0    1    1    1    0    0    1    1    1    0    1    0    1    1    1    0    0    1    0    1    1    0    0    1    0    1    1    1    1    0    0    1    0    1    1    1    1    0    1    0    1    1    0    1    0    0    1    0    1    1    1    1    0    0    0    1    1    1    1    1    1    1    1    1    1    0    0    0    0    0    0    0    1    0    0    0    1    0    1    1    0    0    1    1    0    0    1    0    1    1    1    0    0    0    0    0    1    0    0    1    0    0    1    0    0    0    0    1    0    0    1    1    0    0    1    0    1    1    0    0    0    0    0    1    0    1    1    1    0    0    1    1    0    0    0    1    0    1    0    1    0    0    1    0    0    1    0    0    0    0    1    0    0    0    0    0    1    1    1    0    0    0    
100    0.32411    0.178335    1    1    0    1    1    0    1    1    1    0    0    1    0    0    1    0    1    1    0    1    0    1    0    1    0    0    0    0    0    1    0    1    1    1    0    0    1    1    0    0    0    1    0    1    1    1    1    0    1    1    0    1    1    0    0    1    1    1    0    1    0    1    1    1    0    1    0    1    1    1    1    1    0    1    1    1    1    1    1    1    1    1    0    0    1    0    1    1    0    1    1    0    0    0    1    0    0    1    1    1    1    0    1    0    1    0    1    1    1    1    0    0    0    0    0    1    0    0    1    1    0    0    0    1    0    0    0    0    1    0    0    1    1    0    0    1    0    0    0    0    1    0    0    0    1    0    0    0    1    0    1    0    0    0    0    1    1    1    1    1    1    0    0    0    1    0    1    1    0    0    1    0    1    0    0    1    0    0    1    0    0    0    0    1    1    0    0    0    1    0    0    1    1    0    0    1    0    0    0    1    
100    0.00455873    0.709916    0    0    1    1    1    1    0    1    1    1    1    1    1    1    1    1    1    1    0    0    0    0    0    1    1    1    1    1    1    1    1    1    1    0    1    0    1    1    0    1    1    0    1    1    0    1    1    1    1    1    1    1    0    1    0    1    1    1    1    1    0    0    1    1    1    1    1    1    1    1    1    1    1    1    1    1    1    1    1    1    1    1    1    1    1    0    1    1    1    1    1    0    1    1    0    1    1    0    1    0    0    1    1    0    0    0    1    0    1    0    1    0    1    0    0    0    1    1    1    1    0    1    1    1    0    0    0    0    1    0    0    1    0    0    0    0    0    1    0    1    0    0    0    0    1    0    0    0    0    1    1    0    0    0    1    0    0    0    0    0    0    0    0    0    1    0    0    0    0    0    0    0    1    0    1    0    0    0    0    1    1    0    0    0    0    0    0    0    0    0    1    0    1    0    0    0    0    1    0    1    
100    0.855172    0.754174    0    1    0    1    1    1    0    0    0    1    0    1    1    0    1    0    1    1    1    1    1    1    0    1    1    1    1    1    1    1    1    1    1    1    1    0    1    1    1    1    1    1    1    1    1    0    1    1    1    1    1    1    1    1    0    1    1    0    1    1    1    1    1    0    1    1    1    0    1    1    0    1    0    1    0    1    1    1    0    0    1    0    1    1    1    1    1    1    0    1    0    1    1    1    1    0    0    1    1    1    0    1    1    1    0    0    0    1    0    1    1    0    0    1    1    1    0    0    1    0    0    0    1    1    0    1    0    1    0    0    0    0    0    0    1    0    0    1    0    0    0    0    1    0    0    0    0    1    1    0    1    0    0    0    0    1    0    1    0    0    0    0    0    0    1    0    1    0    0    0    0    0    1    1    0    0    0    1    0    0    1    1    0    0    0    0    1    0    0    0    0    0    0    0    0    0    0    1    1    1    
100    0.0766095    0.0941072    0    1    1    1    1    1    0    1    0    1    1    1    1    0    1    1    1    1    1    1    1    1    1    0    1    1    1    1    1    1    1    1    1    1    1    0    1    0    0    0    1    1    0    1    1    1    0    1    0    1    1    0    0    1    1    1    1    1    1    0    1    1    0    1    1    0    1    1    1    1    1    1    0    1    1    1    0    0    1    1    0    1    1    0    1    0    1    0    0    1    0    0    0    1    1    1    0    1    0    1    1    0    0    0    0    0    0    0    0    1    1    1    0    1    1    1    0    0    1    0    0    0    0    0    0    1    0    0    1    0    0    1    1    0    0    0    0    0    1    0    0    1    1    1    1    0    0    0    1    0    0    0    0    1    1    0    1    1    0    1    0    0    0    1    0    0    0    0    1    0    0    1    0    0    1    0    0    1    0    0    0    0    0    0    0    0    1    0    0    0    0    1    0    0    0    0    0    0    0    0    
100    0.332932    0.325672    0    1    1    0    1    0    1    0    0    1    1    1    0    1    1    0    1    0    0    1    1    0    1    1    1    1    0    0    0    0    1    1    1    1    0    1    1    1    0    1    1    1    0    1    1    1    1    1    1    1    1    1    1    1    0    0    0    1    0    1    0    1    0    0    1    1    1    1    0    0    0    1    0    1    1    0    0    1    1    1    1    0    0    0    1    1    1    0    1    1    1    1    1    1    1    1    0    1    1    0    1    0    0    0    0    0    0    0    1    1    0    0    1    1    0    0    0    1    0    0    0    0    0    1    0    0    1    0    0    1    0    0    0    0    1    0    0    0    0    0    0    0    1    0    0    0    1    0    0    0    0    1    1    1    0    1    1    0    0    0    0    1    0    1    0    0    1    0    0    0    1    0    1    0    0    1    1    0    0    0    1    0    1    0    0    0    0    0    0    0    0    0    0    0    1    0    1    1    1    0    
100    0.190163    0.0863601    0    0    1    0    1    0    1    1    1    1    0    0    1    1    1    1    1    1    0    1    0    1    1    1    1    0    1    1    0    1    1    0    1    1    1    0    1    1    0    1    0    0    1    1    1    0    0    1    0    1    1    1    1    1    1    1    1    1    1    1    1    1    1    1    0    1    1    1    1    1    1    1    0    1    1    1    1    0    1    1    0    1    1    0    0    0    1    1    1    1    1    0    0    1    1    0    0    1    1    1    0    1    1    0    0    1    1    0    1    1    0    0    1    0    1    0    0    0    0    0    0    0    0    0    0    0    0    0    0    0    0    0    0    0    0    0    1    0    0    1    0    0    1    0    0    0    0    1    0    0    0    0    1    1    1    0    1    1    1    1    1    1    0    1    0    1    0    1    1    0    0    0    0    0    1    0    1    0    0    0    1    1    1    0    1    0    1    1    0    0    1    0    0    0    1    0    0    1    0    0    
100    0.558776    0.3545    1    1    1    1    1    0    1    1    1    0    0    0    1    0    1    0    1    0    0    1    1    1    1    0    1    1    1    1    1    1    1    1    1    1    0    1    1    0    1    0    1    1    0    0    0    1    1    1    1    0    1    1    0    1    0    1    0    1    1    1    0    1    1    1    0    1    1    1    1    1    1    0    0    0    1    1    1    0    1    1    1    1    1    1    1    1    0    1    1    1    1    1    1    0    1    1    1    1    0    1    0    0    0    0    0    0    0    1    0    1    0    0    1    0    1    0    1    1    0    1    1    0    1    0    1    0    1    1    0    1    1    0    0    1    1    0    0    0    1    0    0    1    0    1    0    0    0    0    0    1    0    0    0    0    1    0    0    0    0    0    0    0    0    0    0    0    0    1    0    1    0    0    0    0    0    0    0    0    0    0    0    1    1    1    1    1    0    0    1    1    0    1    0    0    0    0    0    0    0    0    
100    0.489011    0.52544    0    1    1    1    0    1    0    1    1    0    1    0    0    1    0    0    1    1    0    1    1    0    1    0    0    1    1    1    1    1    1    1    1    1    1    1    1    0    1    1    1    0    1    1    1    1    0    1    0    0    0    0    0    1    1    1    1    1    1    1    1    1    1    1    1    0    0    1    0    1    1    1    0    0    1    0    1    0    1    1    1    0    0    0    1    1    1    1    0    1    1    0    1    1    1    1    1    1    0    1    0    0    0    1    0    0    0    1    0    0    0    0    0    1    1    0    0    0    0    1    0    1    1    0    1    0    1    1    1    0    0    1    0    0    0    0    1    0    0    0    1    0    1    0    0    0    0    1    1    1    1    0    1    1    0    0    0    0    1    1    0    1    0    1    1    0    1    0    0    0    0    0    0    0    0    1    0    0    1    0    0    0    1    1    1    1    1    0    0    0    0    0    0    0    0    0    1    0    0    0    
100    0.142742    0.944693    0    1    1    1    1    0    1    1    1    1    1    1    1    1    1    1    1    1    1    1    1    0    0    0    1    1    0    1    1    0    1    0    1    0    1    0    1    1    1    1    1    1    1    1    0    0    1    1    0    0    1    1    1    0    1    1    1    1    0    1    1    1    0    1    1    1    1    1    1    1    1    1    1    0    0    1    1    0    1    1    0    1    1    0    1    1    1    0    0    1    1    1    0    1    0    0    0    1    1    1    0    0    1    0    0    1    1    1    1    0    0    0    1    0    0    1    1    1    1    0    0    1    1    1    0    1    0    1    0    0    0    0    0    0    1    0    0    0    0    0    0    0    0    0    1    0    0    0    0    1    0    1    0    0    0    0    0    0    1    0    0    0    1    0    0    1    0    0    0    1    1    0    0    0    0    0    0    1    1    0    0    0    0    0    1    0    0    0    0    0    1    0    0    1    0    1    1    1    1    0    
100    0.716691    0.949161    1    0    1    1    0    1    1    1    1    0    0    0    1    1    1    1    0    1    0    0    0    0    0    1    1    1    1    0    0    1    0    1    0    0    1    1    0    0    0    1    0    1    0    0    1    1    1    0    1    1    0    0    1    1    0    1    1    1    1    1    1    1    1    1    0    1    1    1    1    1    0    1    1    0    1    1    0    1    1    1    1    1    1    0    1    0    1    1    1    1    1    1    0    1    0    1    1    1    0    1    0    0    0    1    0    0    0    1    0    0    0    1    0    0    0    1    0    0    0    0    0    1    0    0    0    0    0    0    0    0    0    0    0    0    0    0    1    0    0    1    0    1    0    0    0    0    0    0    1    1    0    0    0    0    0    0    1    0    0    0    0    0    0    0    0    0    0    0    1    0    0    1    0    0    1    0    0    0    0    1    1    0    0    1    0    0    0    0    1    0    1    1    1    0    1    0    0    1    0    0    
100    0.482895    0.183211    1    1    1    1    0    1    0    0    1    1    0    0    1    0    0    0    1    0    1    1    0    0    1    1    1    1    0    1    0    0    0    1    0    1    0    1    0    1    0    0    0    1    1    1    0    1    1    0    1    1    0    1    1    0    0    1    0    0    0    0    1    1    1    1    0    0    1    1    0    0    0    0    0    1    0    1    0    0    1    1    1    0    0    1    0    1    1    1    1    1    0    0    0    0    1    0    1    0    0    1    0    0    0    1    0    0    0    0    0    0    0    1    0    1    0    1    0    0    1    1    0    0    1    1    0    0    0    0    0    1    0    0    0    1    0    1    0    1    0    1    1    0    1    0    1    1    0    0    0    0    0    0    0    0    0    1    0    0    0    0    1    1    0    1    0    0    0    0    0    0    1    1    0    0    0    0    0    0    0    1    1    0    0    0    0    0    0    0    0    0    1    0    1    1    0    0    0    0    0    0    
100    0.456392    0.464031    0    1    1    1    1    1    1    0    1    1    1    1    1    1    1    0    0    1    0    1    0    1    0    0    1    0    1    0    0    1    0    1    1    1    0    1    0    1    0    1    1    1    1    1    0    1    1    0    1    1    0    1    0    0    1    1    1    1    1    1    0    1    1    0    0    1    1    1    1    0    0    0    0    0    1    1    1    1    1    1    1    1    0    1    1    1    0    0    1    0    1    1    1    0    0    1    1    0    0    1    0    0    0    0    0    0    0    0    0    1    0    0    0    0    1    1    1    1    0    0    0    0    0    0    0    0    0    0    1    0    1    0    0    1    1    0    0    0    1    1    0    0    0    0    0    0    0    0    0    0    1    1    0    1    0    0    1    0    1    1    0    0    1    1    1    0    1    0    0    0    0    0    0    0    0    0    0    0    1    0    1    0    0    0    0    0    0    0    0    0    0    0    0    0    0    0    0    0    0    0    
100    0.0334942    0.985695    1    1    0    1    1    1    1    1    1    0    1    1    1    1    1    0    1    1    1    1    1    1    1    1    1    1    0    1    0    1    1    1    1    0    0    1    1    1    0    1    1    1    1    1    1    1    0    0    1    1    1    0    1    0    1    0    1    1    0    1    0    1    0    1    1    1    1    1    1    1    0    1    1    1    1    0    0    0    1    1    1    1    0    1    1    1    1    0    0    1    0    1    1    0    0    1    0    1    0    1    1    1    0    1    0    0    0    0    0    0    0    0    0    0    0    0    0    0    0    0    0    1    1    0    0    0    0    1    1    0    1    0    1    0    1    0    1    1    0    1    1    0    0    0    0    0    0    0    0    1    1    1    1    0    0    0    1    1    0    0    0    1    0    0    0    0    1    1    0    0    1    0    0    0    1    0    0    0    1    0    0    1    0    1    1    0    1    0    0    1    1    1    0    0    1    1    0    0    0    1    
100    0.381854    0.00152583    1    1    1    1    1    1    1    0    0    0    0    1    1    1    1    1    0    1    1    1    0    1    0    1    1    1    1    1    0    1    1    1    0    1    1    1    0    1    1    1    1    1    1    1    1    0    0    1    0    1    1    0    0    1    1    0    1    1    0    0    1    1    1    1    1    1    1    1    1    0    0    1    0    1    1    1    0    0    0    1    1    1    1    1    0    0    1    1    1    1    1    0    1    1    0    0    1    0    1    1    1    0    0    1    0    0    0    0    0    0    0    0    1    0    1    0    1    1    1    0    1    0    0    1    1    1    0    0    1    0    0    1    1    0    0    0    0    0    0    0    0    1    0    0    0    1    0    1    0    0    0    0    0    0    0    1    0    0    0    0    1    0    0    0    0    0    0    0    1    0    0    0    0    0    0    0    1    0    1    0    1    0    0    1    1    1    0    0    1    1    0    0    1    0    1    1    0    0    0    0    
100    0.461131    0.0106505    1    1    1    1    1    0    1    1    1    1    0    0    0    0    1    1    0    0    1    0    0    0    0    0    0    1    0    0    0    1    0    0    0    1    1    0    0    0    1    0    1    1    1    1    1    1    1    1    1    1    1    0    1    0    1    0    0    0    1    0    1    0    1    0    1    1    0    1    0    0    0    0    0    1    1    0    0    1    1    0    1    1    0    0    0    1    0    1    1    0    0    1    1    0    0    0    1    0    1    1    0    1    0    1    0    0    1    0    0    0    0    0    0    0    0    1    1    1    1    1    0    0    0    1    0    0    0    1    0    1    0    0    0    0    1    1    1    0    0    1    0    0    1    0    0    0    0    1    0    0    1    0    1    1    0    0    0    0    0    0    1    0    0    0    0    1    0    0    1    0    0    0    0    1    0    1    0    0    0    0    1    1    0    1    1    0    0    0    0    0    0    0    1    0    0    1    0    0    0    0    
100    0.141461    0.573697    1    1    0    0    1    1    0    0    1    1    0    1    1    1    1    1    1    1    1    1    1    0    1    1    1    1    1    0    1    0    0    1    1    1    1    1    1    1    0    0    1    1    1    0    1    0    1    1    1    0    0    0    1    1    1    1    1    1    1    1    1    1    1    1    0    1    0    1    1    1    1    1    1    1    1    1    1    0    1    1    1    1    1    0    1    1    1    0    1    0    1    1    0    1    1    0    0    1    1    0    1    0    0    1    1    1    0    0    0    1    1    0    0    1    0    0    0    0    0    0    0    1    1    1    0    0    1    0    0    0    0    0    1    0    0    1    0    0    1    0    1    1    1    1    0    1    1    1    0    1    0    0    0    1    0    0    1    1    1    0    1    0    0    0    0    1    0    1    1    0    0    0    0    1    1    1    0    1    1    1    1    1    1    0    0    0    0    0    1    1    0    1    0    1    0    0    1    0    0    1    
100    0.262495    0.959553    1    1    0    1    0    0    1    0    1    1    1    1    1    1    0    1    1    1    1    1    0    1    1    0    0    1    0    0    0    0    1    0    1    0    0    0    1    1    1    1    0    1    1    1    0    1    0    0    0    1    1    0    0    1    1    1    1    0    1    0    1    1    1    0    1    1    1    1    1    1    1    1    0    0    0    0    1    0    1    1    0    1    1    0    1    0    0    0    1    0    1    0    0    0    1    0    0    0    1    1    1    0    1    0    0    0    1    0    0    0    0    0    0    0    0    0    1    0    0    0    1    0    0    0    0    0    0    0    1    1    1    0    1    1    1    0    1    0    0    0    1    0    1    0    0    0    1    0    0    1    0    0    0    1    0    1    0    0    1    0    0    0    0    0    0    0    0    0    0    0    1    0    0    0    0    0    1    0    1    0    0    0    0    0    0    0    0    1    0    0    0    0    1    0    0    0    0    0    1    1    
100    0.780719    0.364512    0    1    1    1    1    1    1    1    0    0    1    1    1    1    1    0    1    1    1    1    1    0    0    0    1    1    1    0    1    1    0    0    0    1    1    1    1    1    1    1    0    1    1    0    1    1    0    1    1    1    0    1    1    0    1    1    0    0    0    0    1    1    1    0    0    1    0    1    1    1    1    1    1    0    0    1    1    1    1    0    1    1    0    1    1    1    1    1    1    0    0    1    1    0    1    1    1    0    1    1    0    1    0    0    0    0    1    0    0    1    0    0    0    1    0    0    0    0    0    0    0    1    0    0    1    1    0    0    1    0    0    0    0    0    0    1    1    0    0    0    1    0    0    0    0    1    1    0    1    1    0    1    1    1    1    0    0    1    1    0    0    0    1    0    1    1    0    0    0    0    0    0    0    0    1    1    0    1    0    0    0    1    0    0    1    0    0    0    0    0    0    0    0    0    0    0    0    0    0    1    
100    0.0817819    0.231183    1    1    1    0    1    1    0    1    1    1    1    1    1    1    1    1    1    0    0    0    1    1    0    1    1    0    1    1    1    1    1    0    1    1    0    0    1    1    0    1    1    0    1    0    1    1    0    1    0    0    0    0    1    1    1    0    1    1    0    0    1    1    1    0    0    1    1    1    1    1    0    0    1    1    1    0    1    1    1    1    0    0    1    1    1    0    1    0    1    1    0    0    0    1    1    0    0    1    1    0    0    0    1    0    1    0    1    0    0    1    0    0    0    1    0    1    1    0    1    0    0    0    0    1    0    0    0    1    1    0    0    1    0    0    1    0    1    1    0    0    0    1    0    1    0    0    0    0    0    1    0    0    0    0    1    0    0    1    0    0    0    1    1    0    0    0    1    1    0    0    1    0    0    1    0    1    0    0    1    1    0    0    0    1    1    0    0    1    0    1    0    1    1    0    0    1    0    1    1    1    
100    0.664366    0.538274    0    1    1    1    1    0    1    1    0    0    1    1    1    1    0    1    1    1    0    0    1    0    0    0    1    1    1    1    0    1    1    1    0    0    0    1    1    0    1    1    1    1    1    1    1    1    1    1    0    0    1    0    1    1    1    0    0    1    1    1    1    1    0    0    0    0    1    0    1    1    0    1    1    0    1    1    0    1    0    1    1    1    1    1    1    1    1    0    1    0    1    0    0    0    1    1    1    1    0    1    1    0    0    0    0    1    1    1    0    0    1    0    1    1    1    1    0    1    0    0    0    0    0    0    0    0    0    0    0    1    0    0    0    0    1    1    1    0    1    0    0    0    1    1    0    0    1    0    0    0    0    1    1    1    0    1    0    0    1    0    1    0    0    1    0    0    0    1    1    1    0    0    1    0    0    0    0    1    0    0    1    0    1    0    1    1    0    0    0    0    0    0    1    1    1    1    0    0    0    0    
100    0.153697    0.875615    0    1    1    1    0    0    1    0    0    1    0    1    1    1    1    1    1    0    1    0    1    0    1    1    1    1    1    1    0    1    1    1    0    1    1    0    0    1    1    1    0    1    1    1    1    1    1    1    1    0    0    1    1    1    1    0    1    0    0    1    1    1    1    1    1    1    0    0    0    1    1    1    1    0    0    1    0    1    1    1    1    1    0    1    1    0    1    0    1    0    1    1    0    1    1    1    0    1    1    1    0    1    0    0    1    1    0    1    0    0    1    0    0    0    0    1    0    1    0    0    0    0    1    0    0    1    1    1    0    0    0    0    0    1    1    0    0    1    0    0    0    1    1    0    1    1    1    0    0    0    0    0    0    1    0    0    0    1    1    0    0    0    0    1    1    0    1    0    0    0    0    0    1    1    1    1    0    0    0    0    0    1    1    1    1    1    0    0    0    1    0    1    1    0    0    1    0    0    0    1    
100    0.570464    0.681474    1    1    1    0    1    0    1    1    1    1    1    0    0    1    1    1    1    1    1    1    1    0    1    0    1    1    1    0    0    0    1    0    0    1    0    1    1    1    0    0    1    1    1    0    1    1    1    1    0    1    1    1    1    0    0    1    1    1    1    1    0    1    1    1    0    1    1    1    1    1    0    1    0    0    1    0    1    0    1    0    1    1    1    0    1    1    0    0    1    1    0    0    1    1    1    0    0    1    0    1    1    0    0    0    0    1    0    1    0    0    0    0    1    0    1    0    0    0    1    1    0    1    1    0    0    1    0    0    0    0    0    0    1    0    0    0    0    0    1    1    1    0    0    0    1    0    0    0    0    0    0    0    1    1    0    0    0    0    0    1    0    1    0    0    1    1    1    0    0    0    0    0    0    0    0    1    0    0    0    0    0    0    0    1    0    0    0    0    0    0    1    0    0    0    0    1    1    0    0    0    
100    0.91952    0.818085    1    1    1    1    1    1    0    1    1    0    1    1    0    1    1    1    1    1    1    0    1    1    1    0    1    1    1    1    1    0    1    1    1    1    1    1    0    1    1    1    0    0    1    0    1    1    0    1    1    1    0    1    1    0    0    1    1    1    1    0    0    1    1    1    1    1    0    1    1    1    1    1    0    0    1    0    0    0    0    1    1    1    1    1    1    1    1    1    1    1    0    1    1    1    0    1    0    1    1    1    0    0    0    0    0    1    0    0    0    0    0    0    0    0    0    0    0    0    1    1    1    1    1    0    1    0    1    1    0    0    0    0    0    1    0    0    0    0    1    1    0    0    0    0    0    1    1    0    0    0    0    1    0    1    1    0    0    0    1    1    1    1    0    0    0    1    0    0    1    0    0    0    0    0    0    1    0    1    0    0    1    1    0    1    0    0    1    1    1    0    0    0    0    0    0    0    1    1    0    0    
100    0.185772    0.1444    0    1    0    0    0    0    0    1    1    1    1    1    1    0    1    1    0    0    1    0    0    1    1    1    1    1    1    1    1    1    1    1    1    1    0    0    1    1    0    1    1    0    1    0    0    1    1    1    1    0    1    1    0    1    1    0    1    1    1    1    0    1    1    1    1    0    1    1    0    1    0    1    1    0    0    0    1    1    1    0    1    0    1    0    1    0    0    0    1    0    0    0    1    0    1    1    1    1    1    1    0    0    0    0    0    1    1    1    0    0    0    1    1    1    0    0    1    0    0    0    0    1    0    0    0    0    0    0    0    1    0    0    0    0    0    1    0    0    0    0    0    0    0    1    0    0    0    0    1    0    0    0    0    1    1    0    1    0    0    1    0    0    1    0    0    0    0    0    1    0    1    0    1    1    0    0    0    1    0    0    1    0    0    0    0    1    0    0    0    0    0    1    1    0    0    0    0    1    0    0    
100    0.953216    0.738287    0    0    0    0    1    1    1    0    1    0    1    1    1    0    0    1    0    1    0    0    1    0    1    0    1    1    1    0    1    1    0    1    1    0    0    0    0    1    1    1    1    1    1    0    0    1    1    1    1    1    0    0    1    1    1    1    1    0    1    1    1    0    0    0    0    1    1    0    1    1    1    0    1    0    0    1    1    1    0    0    1    1    1    1    1    1    1    0    1    1    1    1    1    1    1    0    1    0    1    1    1    0    1    1    0    0    0    1    0    0    1    1    0    0    1    1    1    0    0    0    0    1    1    1    1    0    1    1    0    0    1    1    0    1    0    0    0    0    0    0    0    0    0    0    1    1    0    0    0    0    1    0    1    0    1    0    1    0    0    1    0    0    0    1    0    0    0    0    0    0    1    0    1    1    0    0    1    0    1    1    0    0    0    0    1    0    0    1    0    1    0    0    1    0    1    1    1    0    0    1    
100    0.976864    0.436056    0    1    1    1    1    1    0    1    1    1    0    0    1    0    1    1    0    1    1    1    1    1    1    1    0    1    1    0    1    1    1    1    1    0    1    1    1    1    1    1    1    1    1    1    0    1    1    1    1    1    1    1    1    1    0    1    1    1    0    0    0    1    1    0    1    1    1    0    1    1    1    0    1    0    0    0    1    1    0    0    1    1    1    1    1    1    1    1    0    0    1    1    1    1    1    1    1    1    1    1    0    1    0    1    1    0    0    0    1    0    1    0    0    0    0    0    1    1    1    1    0    0    1    1    0    1    1    1    1    1    0    1    0    1    1    0    0    0    1    0    0    0    0    0    0    1    1    0    1    1    0    0    1    1    1    0    0    1    1    1    0    1    1    0    0    0    1    0    0    0    1    0    0    1    1    0    1    1    0    0    0    0    1    0    0    0    0    0    1    0    0    1    0    1    1    1    1    0    1    0    
100    0.140929    0.198048    0    1    1    1    1    0    1    1    0    1    1    0    1    0    1    1    1    1    1    1    0    0    1    1    1    0    1    1    1    0    1    0    1    1    1    0    1    1    0    0    1    1    0    1    0    1    1    1    1    1    1    1    1    0    1    1    0    0    1    1    1    1    0    1    0    1    1    1    1    0    1    1    1    1    0    0    1    0    1    1    0    1    1    0    1    0    0    0    1    1    1    0    0    1    1    0    1    1    1    0    0    0    1    1    0    0    1    0    0    0    0    0    0    0    0    0    1    1    0    0    1    1    0    0    0    0    0    1    1    0    0    1    0    1    0    0    0    0    0    1    0    0    0    0    0    1    1    1    0    0    0    0    0    1    1    0    0    1    1    1    0    0    0    0    1    1    1    0    0    0    0    0    1    1    0    0    1    1    1    0    0    1    0    1    1    1    0    0    0    0    0    0    1    0    1    1    0    0    0    0    
100    0.544674    0.932731    1    1    1    0    0    1    1    1    0    1    0    1    0    1    0    1    0    1    0    0    0    0    1    1    0    1    0    0    0    1    1    1    0    1    1    0    0    1    1    0    1    1    1    1    1    1    1    1    1    0    0    0    1    0    0    0    1    1    1    0    1    0    0    1    0    1    1    0    0    1    1    0    1    1    1    1    1    1    0    1    1    1    1    0    1    0    1    1    1    1    0    1    1    1    1    1    1    0    0    0    0    0    0    1    0    0    1    1    0    0    0    0    1    0    1    0    0    0    0    0    0    1    0    0    1    0    0    0    1    0    0    0    0    0    0    0    1    0    0    1    0    0    0    0    0    0    1    0    0    1    1    0    1    0    0    1    0    0    1    0    0    0    0    0    1    0    0    1    0    0    0    1    0    0    1    0    0    0    0    0    0    0    1    0    1    1    0    1    0    1    0    0    0    0    0    1    0    0    0    1    
100    0.0987756    0.766489    1    0    1    1    1    1    0    0    0    1    1    0    1    1    1    1    1    1    1    1    1    1    1    1    0    1    1    0    1    1    1    0    1    1    1    0    0    1    0    0    0    1    0    1    1    0    1    1    0    1    1    1    1    1    0    1    1    1    1    1    0    1    1    1    1    1    1    0    1    1    1    1    1    1    1    0    0    1    1    1    1    1    1    1    1    0    1    0    1    0    1    1    0    1    0    1    0    1    0    1    0    0    1    0    0    1    1    1    0    0    0    0    0    1    0    0    0    1    1    0    1    0    1    0    1    0    0    0    0    0    0    0    0    1    0    0    1    0    1    0    0    0    0    0    0    0    1    1    0    1    0    1    0    1    0    1    0    0    0    0    1    0    0    0    0    0    1    0    1    0    1    0    1    0    1    0    1    0    0    1    1    1    0    1    0    1    0    0    0    0    0    1    0    0    0    0    0    0    1    1    
100    0.922718    0.27395    0    1    1    1    0    1    1    1    1    0    1    0    1    0    1    1    0    1    1    0    1    1    1    0    0    0    1    0    0    0    0    1    0    0    0    1    0    1    0    0    1    1    1    0    1    0    1    1    1    1    1    1    1    1    0    1    1    1    0    0    0    0    1    1    0    1    1    0    0    1    0    1    0    1    1    0    1    0    0    0    0    0    1    0    0    1    0    1    1    0    0    0    1    1    1    0    0    1    0    1    1    0    0    1    0    0    0    0    0    1    0    0    0    1    0    0    0    0    0    0    1    0    1    0    1    0    0    0    0    0    1    0    0    1    0    0    0    0    0    0    0    0    0    1    0    0    0    0    0    1    1    1    0    1    0    0    0    0    0    0    0    1    1    0    1    0    0    0    0    0    1    0    0    0    0    0    0    0    0    0    0    1    1    1    0    0    0    0    0    0    0    0    0    1    1    1    0    1    1    1    
100    0.449106    0.0418066    1    0    1    1    0    0    1    1    1    0    0    0    1    0    1    0    1    1    1    0    0    1    1    0    0    0    0    0    0    1    0    0    0    1    1    0    1    1    1    0    1    1    1    1    1    1    1    1    1    1    1    0    0    1    0    1    0    0    0    0    1    0    1    1    1    1    0    1    1    1    0    0    0    1    1    1    0    0    0    1    1    1    0    1    1    1    1    0    1    0    0    1    1    0    1    0    1    0    1    1    1    0    0    1    1    0    0    0    0    0    1    0    0    0    0    1    0    1    0    0    0    0    1    0    0    1    0    0    0    0    0    1    0    0    0    0    0    1    1    1    1    1    1    1    0    0    0    0    0    0    0    1    0    1    1    0    0    1    0    1    0    0    1    1    0    0    0    0    0    0    0    0    0    0    0    1    1    0    0    0    0    0    0    1    1    0    0    0    0    0    0    0    0    0    0    0    0    0    0    1    
100    0.0886513    0.394481    1    1    1    1    0    0    1    1    1    1    0    1    1    0    0    1    1    1    1    1    1    0    0    1    1    0    1    1    1    0    1    1    1    0    0    1    0    0    0    1    0    1    0    1    0    1    0    0    0    1    0    1    1    0    1    1    0    0    1    1    1    1    0    1    0    1    0    1    1    1    0    0    1    1    0    1    1    0    1    1    1    1    1    0    0    1    1    0    1    1    1    0    1    0    1    1    1    0    1    1    0    1    0    1    0    0    0    0    0    1    1    0    1    0    1    0    0    1    0    1    0    1    1    0    0    0    0    0    0    0    1    0    0    0    1    1    1    1    0    0    1    1    1    0    1    0    0    0    0    0    0    0    0    0    1    1    1    0    0    1    0    1    0    0    0    1    0    1    0    0    0    0    0    0    0    0    1    1    1    0    0    1    0    1    0    0    0    0    1    0    0    1    0    0    0    1    0    0    1    0    
100    0.895805    0.0255467    1    0    1    0    0    0    1    1    1    0    1    1    0    1    1    1    1    1    0    0    1    0    1    1    1    1    0    0    0    1    1    1    1    0    1    0    0    1    1    1    0    1    0    1    0    1    1    1    1    0    1    1    1    0    1    1    1    0    1    1    0    1    1    1    1    0    0    1    0    1    0    1    0    0    1    1    0    1    1    1    1    1    1    1    1    1    1    1    0    1    1    1    0    1    1    1    0    0    0    0    1    0    1    0    0    0    0    0    0    0    1    1    1    1    0    0    0    0    0    0    0    1    0    0    0    0    0    0    0    1    0    0    0    0    0    0    0    0    0    0    0    0    1    0    0    0    1    0    1    1    1    1    0    1    1    0    0    0    1    0    0    0    0    0    1    1    0    0    0    1    0    0    1    0    0    0    1    0    1    0    1    1    0    0    1    0    0    1    1    1    0    0    0    1    1    1    0    0    0    0    
100    0.815312    0.929309    1    1    0    1    1    1    1    1    1    1    1    1    1    1    1    0    1    1    1    0    0    0    1    1    1    1    1    1    1    0    0    0    1    0    0    1    1    1    0    1    1    1    1    1    0    1    1    1    1    1    1    1    1    1    1    1    1    1    0    1    1    1    0    1    0    1    1    1    1    1    1    0    1    1    1    1    1    0    1    1    1    1    0    1    0    1    1    1    0    1    0    1    0    1    0    1    0    1    1    1    1    0    0    0    0    0    0    0    0    0    0    1    0    1    0    0    0    0    1    1    0    0    0    0    0    0    0    0    1    0    1    1    0    0    0    0    0    0    0    0    1    0    0    0    0    0    0    1    0    0    1    0    0    1    1    0    0    0    0    0    0    0    1    0    0    0    0    0    0    0    0    0    1    0    0    1    0    1    0    1    0    0    0    0    1    0    0    0    0    0    0    0    0    0    0    1    1    0    1    0    
100    0.540813    0.684505    1    0    1    1    1    1    1    0    1    1    0    0    1    1    1    1    0    0    1    1    0    0    1    1    1    1    1    0    1    0    1    0    1    1    1    0    1    0    0    1    1    1    0    0    1    1    0    0    0    1    1    0    0    0    1    1    0    1    0    1    1    0    0    1    0    0    1    1    1    1    1    0    1    0    1    1    1    0    1    0    1    1    1    0    1    0    1    0    1    0    1    1    0    0    1    1    0    1    1    1    1    0    0    0    0    0    0    0    1    0    0    1    0    0    1    1    0    1    0    1    0    0    0    0    0    0    0    1    1    0    0    0    0    0    0    1    0    1    1    0    0    0    1    0    0    1    0    0    1    0    0    1    1    0    1    1    0    0    0    0    1    1    0    1    0    1    1    0    0    0    0    0    1    1    0    0    1    0    0    0    0    0    1    0    0    0    1    0    0    1    0    0    0    0    1    1    1    0    1    0    
100    0.783606    0.35101    0    1    1    1    1    1    1    0    1    1    1    1    1    1    1    1    1    1    1    1    1    1    1    0    1    0    1    0    1    0    1    1    1    0    1    0    0    1    1    0    1    1    0    1    0    0    1    0    1    0    1    1    1    1    1    1    1    0    1    1    1    0    1    0    0    1    1    1    1    1    1    1    1    0    0    1    1    0    1    0    1    1    0    1    1    0    1    1    1    1    1    1    0    1    0    1    1    0    0    1    0    0    0    0    0    0    1    1    1    0    1    1    0    1    0    0    1    1    1    0    1    1    0    0    0    0    0    0    0    0    0    0    0    0    0    0    1    1    1    0    0    0    0    0    0    0    1    0    1    0    0    0    0    0    0    0    0    1    0    0    1    0    1    1    0    0    0    1    0    1    1    1    0    1    1    1    0    1    0    0    1    0    0    0    0    0    1    1    1    0    1    0    0    0    0    0    0    1    0    1    
100    0.0404636    0.0507748    0    0    1    1    0    1    0    1    1    0    1    1    1    1    1    1    1    1    1    1    1    1    0    1    0    1    1    1    1    1    1    1    1    1    0    1    1    1    0    0    1    1    1    1    0    1    1    1    0    0    1    0    0    1    1    1    1    1    1    0    1    1    1    1    1    1    0    1    1    1    1    1    0    1    1    0    0    1    0    1    0    0    1    1    1    0    0    1    1    0    0    0    0    1    0    1    0    1    0    1    0    0    0    0    0    0    0    0    1    1    1    0    0    0    0    0    0    0    1    1    1    0    1    1    0    0    0    0    1    0    0    1    0    0    1    0    1    1    0    0    1    0    0    0    0    0    0    0    0    0    0    0    0    1    0    0    0    1    1    0    0    0    0    1    1    0    0    1    1    0    0    1    1    0    0    0    1    0    1    0    0    0    0    0    1    1    0    0    0    0    0    0    1    0    0    0    0    0    1    0    
100    0.491008    0.789822    1    1    1    1    0    1    1    1    1    0    1    0    0    1    0    1    0    1    1    1    1    0    1    1    1    0    0    1    1    1    0    1    0    1    1    1    0    0    1    0    1    1    1    1    1    0    1    1    0    0    0    1    0    0    0    0    1    0    0    0    0    1    1    1    1    1    0    0    1    0    0    1    1    0    0    0    1    1    0    1    1    1    0    0    1    1    0    0    1    1    0    1    1    0    0    0    1    1    1    0    0    0    1    0    1    0    0    0    1    1    1    0    0    0    0    0    0    1    0    0    0    0    0    1    1    1    0    1    0    0    0    1    1    1    0    0    0    1    1    1    1    0    1    1    1    1    0    1    0    0    0    1    1    1    1    0    0    0    1    1    0    0    1    0    1    1    1    0    0    0    1    0    1    0    0    1    0    1    0    1    0    0    1    0    0    1    1    0    1    0    0    1    1    1    0    0    0    0    0    1    
100    0.0461909    0.926842    0    1    0    1    1    1    1    1    0    0    1    1    0    1    1    1    1    1    0    1    1    1    1    1    1    0    1    0    1    1    1    1    1    1    1    1    1    1    0    0    1    0    0    1    1    1    1    1    0    1    1    1    1    1    1    1    0    1    1    1    1    0    0    1    1    1    1    0    1    1    1    1    1    1    1    1    0    0    0    1    1    1    0    1    1    1    1    1    1    1    1    0    1    0    1    1    1    1    0    1    0    1    1    0    0    1    0    0    0    0    1    0    1    0    0    0    0    0    1    1    0    0    0    0    1    1    0    0    1    1    1    0    0    0    0    1    1    0    1    0    1    1    0    0    0    0    0    0    1    0    0    0    0    0    0    0    0    0    0    0    1    1    0    0    1    0    1    0    0    0    1    1    1    0    0    0    0    1    0    0    0    0    1    1    1    0    1    0    0    0    0    0    1    1    0    0    0    0    0    1    
100    0.790376    0.132742    0    1    0    0    1    0    1    0    0    0    0    1    1    0    0    1    0    0    0    0    1    0    1    0    1    0    1    0    0    1    1    0    0    0    0    1    0    0    1    1    0    1    1    0    1    1    0    0    1    1    0    1    1    0    0    0    0    0    0    1    1    0    1    0    0    0    0    0    0    1    1    0    1    0    1    1    1    1    0    0    1    1    0    1    1    1    1    1    0    1    0    0    1    1    0    1    0    1    0    0    0    0    0    0    0    0    0    0    0    0    1    1    0    0    0    0    0    1    0    1    0    0    0    0    0    0    0    0    1    0    0    0    0    1    0    1    0    1    0    0    0    0    0    1    0    0    0    0    0    1    1    1    1    0    0    0    0    1    0    1    1    0    0    0    1    0    0    0    0    0    0    0    0    1    0    0    0    0    1    0    0    1    1    0    0    0    0    0    0    0    0    0    0    0    1    0    0    0    0    0    
100    0.521659    0.725629    1    0    0    1    1    0    1    0    1    1    0    0    1    0    0    1    1    0    0    0    1    0    0    1    0    0    1    1    1    0    0    0    0    1    0    0    0    0    1    1    1    1    1    0    0    0    1    0    0    1    1    0    1    0    0    0    1    1    1    1    0    0    0    1    1    1    0    0    1    1    1    0    1    0    1    1    0    0    0    0    1    1    0    0    1    1    0    0    1    1    0    1    1    0    0    0    0    0    0    1    0    0    0    0    0    1    0    0    1    1    1    0    0    1    1    0    0    1    0    0    0    0    0    0    0    0    1    0    0    0    0    0    0    0    0    0    0    0    0    1    1    0    1    0    1    0    0    1    0    0    1    0    0    1    0    0    1    0    0    0    1    0    0    0    0    0    0    0    0    1    0    1    1    0    0    1    0    0    0    0    0    0    1    1    1    0    0    0    0    1    0    0    1    0    0    0    0    0    1    0    
100    0.876304    0.523428    1    1    1    1    1    0    1    1    1    0    0    1    1    1    1    1    0    1    1    1    1    0    1    1    0    0    0    1    1    0    1    1    1    1    1    1    0    1    0    1    1    0    1    0    0    1    1    0    0    1    1    1    1    1    1    1    0    0    1    1    0    0    1    1    1    1    1    1    1    1    1    1    0    1    1    1    1    0    1    0    1    1    1    0    0    1    0    1    0    0    1    1    1    1    1    1    0    1    0    1    1    0    0    0    0    0    0    1    0    1    0    1    0    0    0    0    0    0    0    0    0    1    0    0    1    0    0    0    0    1    0    0    0    1    0    0    0    1    0    0    0    0    1    1    0    0    0    0    0    1    1    0    0    1    0    1    0    0    0    0    0    0    1    1    1    0    1    0    0    1    1    0    0    0    0    0    1    1    1    0    0    1    1    0    0    0    1    1    1    0    0    0    0    0    1    1    0    0    1    0    
100    0.949779    0.268066    0    0    1    1    1    0    0    0    1    0    1    0    1    1    1    0    1    0    1    1    1    1    0    0    0    1    1    1    0    1    1    1    0    0    0    0    0    1    0    1    0    0    1    0    1    0    1    0    0    0    1    1    1    0    1    0    1    1    1    0    0    0    1    1    0    1    0    1    0    0    0    0    1    1    1    0    1    0    0    1    1    1    0    0    0    0    0    0    1    1    0    0    0    1    1    0    1    0    1    0    1    1    0    1    1    0    0    0    1    0    1    1    1    1    0    0    0    1    0    0    0    0    0    0    1    1    0    1    1    0    1    0    0    0    0    0    0    0    0    0    1    1    0    1    0    0    0    0    0    1    0    0    0    0    0    1    0    0    1    0    0    0    0    0    0    0    1    0    1    1    1    1    1    0    1    0    1    0    1    1    0    0    0    0    1    0    0    1    1    1    0    1    0    0    0    0    0    1    0    1    
100    0.504654    0.449368    0    0    1    0    1    1    1    1    0    1    1    1    0    1    1    0    1    0    1    1    0    0    1    0    0    1    0    0    0    0    1    0    0    1    1    0    1    0    1    0    1    0    1    1    1    1    0    0    0    1    0    1    0    0    1    1    1    0    0    1    1    1    1    1    0    0    1    0    1    1    0    0    1    1    1    0    1    0    0    1    1    1    1    1    1    0    1    1    1    0    1    0    0    1    1    1    0    0    0    0    0    0    1    1    0    0    1    0    1    0    0    0    1    0    0    0    0    0    0    1    0    0    1    0    0    0    0    1    1    0    0    0    1    1    0    1    0    0    0    1    0    0    0    1    1    1    1    1    1    0    0    1    0    0    0    1    0    0    0    0    0    0    0    0    0    1    0    1    1    1    1    0    0    0    0    0    0    0    1    0    0    0    0    0    0    1    0    0    0    0    0    0    1    0    0    0    1    0    0    1    
100    0.671921    0.340036    1    0    1    0    0    0    1    0    1    1    0    1    1    1    1    0    0    0    0    0    1    1    1    0    1    0    0    1    1    1    0    0    0    0    0    0    0    0    1    1    1    0    0    0    1    0    0    1    1    0    1    1    0    0    1    1    1    0    1    1    1    1    0    1    1    1    0    1    0    1    1    1    1    1    1    0    1    1    1    0    1    1    1    0    1    0    0    0    0    1    1    1    1    0    1    1    0    1    0    0    0    1    1    1    0    0    1    0    0    0    1    0    0    0    0    1    0    1    0    0    0    0    0    0    0    0    0    0    0    0    0    0    0    0    1    1    0    1    1    1    0    1    0    0    0    0    0    0    0    0    1    0    1    0    0    0    1    1    0    0    0    1    0    0    0    1    1    1    0    0    1    0    0    0    1    0    1    1    0    1    0    0    0    0    1    0    0    0    0    0    0    0    1    1    1    0    0    0    0    0    
100    0.244085    0.572247    1    1    0    0    1    1    1    0    0    1    1    1    0    1    1    1    1    1    1    0    1    1    1    0    0    0    1    1    1    1    0    1    1    1    1    1    0    1    1    1    1    1    1    0    1    0    1    1    0    1    1    1    1    1    1    1    1    1    1    1    1    1    1    1    1    0    0    1    1    1    0    1    1    1    0    0    1    1    1    1    1    1    0    1    1    0    1    0    1    0    0    0    0    1    1    1    1    1    1    1    1    0    0    0    1    0    0    0    0    0    0    0    0    0    1    0    0    1    0    0    0    1    0    0    1    1    1    1    0    0    1    1    1    0    0    0    1    1    0    0    0    0    0    0    0    0    0    0    1    0    1    1    0    0    0    0    0    1    1    1    0    0    0    0    0    0    0    1    0    1    1    0    0    0    0    0    1    1    1    0    1    0    1    0    1    0    0    0    1    0    0    0    0    0    0    0    0    1    0    0    
100    0.221495    0.0050822    0    1    0    1    0    1    1    1    1    0    0    1    1    0    1    1    1    1    1    1    1    1    0    1    1    1    0    0    1    0    1    1    1    1    1    1    0    1    1    1    0    1    1    1    1    1    0    1    0    1    1    1    1    1    1    0    1    1    1    0    1    1    0    0    0    1    1    1    0    0    1    1    1    1    1    1    1    0    1    0    0    0    1    1    1    1    0    1    1    1    1    1    1    1    0    1    1    1    1    1    0    1    1    1    1    0    1    1    0    1    1    1    0    0    0    1    1    0    0    1    0    0    0    0    0    0    0    0    0    1    1    0    0    1    1    1    0    0    1    0    1    0    0    1    1    0    0    0    0    1    0    1    0    0    0    0    1    0    1    0    1    0    1    0    1    0    1    0    0    0    0    0    0    0    1    0    0    0    1    1    1    0    0    1    0    1    0    1    0    1    0    0    0    0    1    1    0    0    0    0    
100    0.984008    0.515164    1    1    1    0    1    1    1    1    1    1    1    1    1    1    0    1    1    1    0    1    1    1    1    0    1    1    1    1    1    1    0    1    0    1    0    0    1    1    1    1    1    1    1    1    1    0    0    1    0    1    1    1    1    1    1    0    1    1    1    1    0    1    1    1    1    1    1    1    0    1    1    1    1    1    0    1    0    1    1    0    0    1    0    0    1    1    1    0    1    1    0    1    1    1    0    1    0    1    1    1    0    0    1    0    1    1    1    0    0    1    0    0    1    0    1    0    0    0    0    0    0    0    0    1    0    1    0    0    0    1    0    0    0    0    1    1    1    1    0    1    0    0    0    0    0    1    0    0    0    1    0    1    0    0    0    0    0    0    1    0    0    0    0    0    0    0    1    0    1    0    0    1    1    0    0    0    0    0    0    0    0    1    0    0    0    0    1    0    0    0    0    1    0    0    0    0    1    1    1    1    
100    0.94138    0.605991    1    0    0    1    1    1    1    1    0    1    1    0    1    1    0    1    1    0    1    1    1    0    1    1    0    0    1    1    1    1    0    0    1    0    1    1    1    1    1    1    0    1    0    1    1    0    1    1    1    1    1    1    1    0    0    1    0    0    1    1    0    1    1    0    1    1    1    1    1    1    1    0    1    1    0    1    0    0    1    0    1    1    0    0    1    1    0    1    0    1    0    1    1    1    1    1    1    1    1    1    0    0    0    0    0    0    1    0    0    0    0    0    0    1    1    0    1    0    0    1    0    0    1    1    0    0    1    1    1    1    0    0    1    0    0    0    0    1    0    1    0    0    0    0    0    0    0    1    0    0    0    0    0    0    0    1    1    0    0    1    0    0    0    0    0    0    1    0    0    1    0    0    0    0    0    0    1    1    0    0    1    1    1    0    0    0    0    0    0    0    0    0    1    1    1    1    1    0    1    0    
100    0.839427    0.909248    1    1    1    0    1    1    0    1    1    1    1    0    0    1    1    1    0    1    1    0    0    1    0    1    0    1    1    1    0    1    1    1    1    0    1    0    0    1    0    1    0    0    1    1    1    1    1    0    1    1    1    1    0    1    1    1    0    1    0    0    1    1    1    1    1    1    1    1    1    1    1    1    1    1    1    1    0    1    0    1    0    1    0    0    1    0    0    1    0    0    0    0    1    1    0    1    0    0    0    1    0    0    0    1    0    0    0    0    0    1    0    0    0    1    0    1    0    0    1    1    1    0    0    0    0    0    0    1    0    0    0    1    1    0    0    1    0    0    1    1    1    0    1    0    0    0    1    1    0    0    0    1    0    0    1    0    0    1    1    0    1    0    0    0    1    1    1    0    1    0    0    1    0    0    1    0    1    0    0    1    1    1    1    1    0    1    1    1    0    0    0    0    0    1    1    0    0    1    0    0    
100    0.900767    0.0606309    0    0    0    1    0    1    1    0    1    0    0    1    1    1    1    1    1    0    1    0    0    1    0    1    1    0    1    1    0    1    1    1    1    1    1    1    1    1    1    1    1    0    0    1    1    0    1    1    0    0    0    1    0    1    1    1    1    1    1    1    1    1    0    1    0    0    0    0    0    0    1    1    0    0    1    1    1    1    0    1    1    0    1    0    0    1    1    1    0    1    0    1    1    1    1    1    0    1    1    1    1    1    0    0    1    0    1    0    0    1    0    1    0    1    1    1    0    0    0    0    0    0    0    1    1    0    1    0    0    0    0    0    0    1    0    1    0    1    1    0    0    0    0    1    0    0    0    0    0    1    0    0    0    1    0    0    0    0    1    0    1    0    0    1    0    0    0    0    0    1    0    1    1    0    0    1    0    1    0    1    0    0    0    0    1    0    1    1    0    0    0    0    0    1    0    0    0    0    0    1    
100    0.846159    0.556315    1    0    1    1    0    0    0    0    1    1    0    1    1    0    1    1    1    1    1    1    1    1    1    1    0    1    1    1    0    0    1    0    1    1    1    1    0    1    1    1    1    0    1    1    1    1    0    1    1    1    1    1    1    1    0    1    0    1    1    1    1    0    1    1    1    0    1    1    0    1    0    1    0    0    0    0    1    1    1    1    0    1    1    1    1    1    0    1    1    0    1    1    0    0    0    1    1    1    0    1    0    0    0    0    0    1    1    0    0    1    0    0    1    0    0    1    0    1    1    0    0    0    0    0    1    1    0    0    0    1    0    0    0    0    0    1    0    1    0    0    0    0    0    0    1    1    0    1    0    1    1    0    0    0    0    1    0    1    0    0    1    1    0    0    0    1    1    1    0    1    0    0    1    0    0    0    0    0    1    1    0    0    0    0    0    0    0    0    0    0    0    1    0    0    0    0    0    0    0    0    
100    0.411683    0.649827    0    1    1    1    1    1    0    1    1    0    1    0    0    0    1    1    1    0    0    1    1    0    0    1    1    1    1    1    1    1    0    1    1    1    1    1    0    0    0    1    1    1    1    1    1    1    1    1    1    1    1    1    1    0    0    0    1    1    1    1    0    0    1    1    1    1    1    1    0    0    1    1    1    1    0    1    0    1    1    1    1    0    1    1    1    0    0    0    1    0    0    0    1    0    0    1    0    1    1    1    1    0    0    0    0    0    0    0    0    0    0    0    0    0    1    0    0    0    1    0    0    0    0    1    0    0    0    0    0    1    1    0    0    0    0    0    1    0    0    0    0    0    0    0    0    0    0    1    0    0    0    1    1    0    1    0    0    0    0    0    0    0    0    0    0    0    0    0    1    0    0    1    0    0    0    1    0    0    0    0    0    0    0    0    1    0    0    0    1    0    0    0    0    0    0    0    1    0    0    1    
100    0.325072    0.440501    1    1    1    0    1    1    1    0    1    1    1    1    1    0    0    0    0    1    1    1    1    0    1    1    1    1    1    1    0    0    1    1    1    1    0    1    1    0    1    1    1    1    1    1    1    1    1    1    0    1    1    0    1    0    1    1    1    0    1    1    0    1    1    1    1    0    1    1    0    1    1    1    1    1    0    1    0    1    1    1    1    1    1    1    0    1    0    1    0    1    0    1    1    0    1    1    1    1    1    0    1    1    0    1    0    0    0    0    0    0    0    1    0    0    0    0    1    1    1    0    1    0    0    0    1    0    0    1    0    0    0    0    0    1    0    1    1    1    1    1    0    0    1    0    1    0    0    1    1    1    1    0    1    1    1    0    0    1    0    0    1    1    1    0    0    0    1    0    0    0    0    1    1    1    1    0    0    0    0    0    1    1    1    1    0    1    0    0    0    1    1    1    0    1    1    0    0    0    0    0    
100    0.631696    0.910823    1    1    1    1    1    1    1    1    0    0    1    0    1    1    1    1    1    1    0    1    1    0    1    0    1    1    0    0    0    1    0    1    0    0    1    1    1    1    0    0    1    1    1    0    1    1    1    1    0    1    1    1    0    1    1    1    1    0    1    1    1    1    0    1    1    1    0    1    0    1    1    1    1    0    1    1    0    0    0    1    1    1    1    0    1    0    0    0    0    1    1    1    1    1    0    0    0    0    1    1    0    0    0    1    0    1    1    0    1    0    0    0    0    0    0    0    0    0    0    0    0    1    0    0    1    0    1    0    0    0    0    1    0    0    1    0    1    0    0    0    1    0    1    1    0    0    0    0    0    1    0    0    1    1    1    1    0    0    0    0    0    0    0    0    0    1    0    1    1    0    0    0    0    1    0    0    0    0    0    0    0    1    0    0    0    1    0    0    0    0    0    0    1    1    0    1    1    0    0    0    
100    0.936606    0.66361    1    1    0    1    1    1    1    1    1    1    1    0    1    0    1    1    0    1    1    1    1    1    1    1    1    1    1    1    1    1    1    1    0    0    0    1    1    0    1    0    1    1    1    1    1    1    1    1    1    1    1    0    0    0    1    0    1    0    1    1    0    0    0    1    0    1    1    0    1    1    1    1    1    1    1    1    1    1    1    1    1    0    1    1    1    1    0    0    1    0    1    0    0    1    1    1    0    1    1    0    1    0    0    0    1    1    0    1    0    0    1    0    0    1    1    1    0    0    1    0    0    1    1    0    1    0    0    0    0    0    0    0    1    0    1    0    0    1    1    0    0    0    0    1    1    0    1    0    0    0    0    1    0    0    0    1    0    0    0    1    0    0    0    0    0    0    1    0    1    0    0    0    1    0    0    0    1    1    0    0    0    1    1    1    0    0    0    1    1    0    0    0    0    0    0    0    1    0    0    0    
100    0.16137    0.390539    1    0    1    1    1    1    1    1    0    1    1    1    1    1    1    0    0    1    1    1    1    1    1    1    0    1    1    0    1    1    0    0    1    1    1    1    1    1    1    1    0    1    0    1    1    0    1    1    1    1    1    0    1    0    1    1    0    1    0    1    0    1    1    1    1    1    1    1    0    1    1    1    1    1    1    1    1    1    1    1    1    1    1    0    0    1    1    0    1    0    1    1    0    1    1    1    1    1    1    0    1    0    0    0    1    0    1    1    1    0    0    0    0    0    0    1    1    1    1    0    1    1    0    1    0    1    0    0    0    0    0    0    0    0    1    1    0    1    0    1    0    0    0    0    0    0    1    0    1    0    1    0    0    0    1    1    1    0    0    0    0    0    0    0    0    0    0    0    0    1    0    1    0    1    0    1    1    0    0    1    1    1    1    1    1    0    0    0    0    0    0    0    1    0    1    0    1    0    1    0    
100    0.829404    0.637539    1    0    0    1    1    1    1    1    0    0    0    1    1    0    1    1    1    0    1    1    1    1    1    1    1    0    1    0    1    1    1    0    1    1    1    1    1    0    0    1    1    1    1    1    1    1    0    1    0    1    1    0    1    1    1    1    0    1    1    1    1    1    0    1    0    0    1    0    0    1    1    0    0    1    1    1    1    1    1    1    1    1    1    1    1    1    1    1    1    1    1    1    1    1    1    0    1    0    1    1    0    0    1    1    0    1    0    0    1    1    0    0    0    0    0    0    0    0    0    1    0    1    1    0    0    0    0    0    1    0    0    0    0    0    0    0    0    1    1    0    0    0    0    0    0    0    0    0    0    1    0    1    1    1    1    0    0    0    1    0    0    0    0    1    0    1    1    0    1    0    1    0    1    0    0    0    1    1    0    1    1    0    0    1    0    0    1    0    1    1    0    1    0    0    1    0    1    1    1    0    
100    0.652216    0.705344    1    1    0    0    0    0    1    1    1    0    0    0    1    1    1    0    0    1    1    1    1    0    1    0    1    0    0    1    1    1    1    1    0    1    1    1    1    1    1    1    0    1    0    1    1    1    0    1    0    1    1    1    1    0    1    0    1    1    1    1    1    1    0    1    1    0    0    0    1    1    1    1    1    0    0    1    1    1    0    0    0    1    1    1    0    0    1    0    0    1    0    0    1    0    0    0    0    1    1    1    0    0    0    0    0    0    0    1    1    1    0    0    0    0    0    1    1    1    0    0    1    0    0    1    0    0    0    0    1    1    0    1    0    0    1    0    1    0    0    0    1    1    0    0    0    0    0    0    0    0    0    1    1    0    0    0    1    0    0    0    0    0    0    0    0    0    1    0    1    1    1    0    0    0    0    0    0    0    1    1    0    1    0    0    0    1    0    0    1    0    0    1    0    0    0    0    1    1    0    0    
100    0.295283    0.169725    0    1    1    1    1    0    1    0    1    0    0    1    1    0    0    0    1    0    1    1    0    1    0    1    1    1    1    0    1    0    0    0    1    1    0    1    1    1    0    0    1    1    1    1    1    1    1    1    1    0    0    0    1    1    1    1    1    1    0    1    0    0    0    0    0    1    1    0    1    1    0    0    1    1    1    1    0    1    1    1    0    0    1    0    1    1    0    1    1    0    0    1    0    0    1    0    1    1    1    0    1    1    1    0    1    1    0    0    1    0    1    0    0    0    0    0    1    0    1    0    0    0    1    0    0    0    0    1    0    1    0    0    0    0    0    1    0    1    0    0    1    0    1    0    0    0    0    0    1    1    0    0    0    0    0    0    1    0    0    0    0    0    1    0    0    1    0    0    1    1    0    0    1    0    0    0    0    0    1    0    0    0    0    1    0    0    0    0    0    1    1    1    1    1    0    0    0    0    0    0    
100    0.803552    0.383603    1    0    1    1    1    1    0    1    1    0    1    1    1    1    1    1    1    0    1    1    1    1    1    0    1    1    1    0    1    0    0    1    1    1    1    1    1    1    0    1    1    1    1    0    1    1    1    1    1    0    0    1    0    1    1    1    1    1    0    0    1    1    0    1    1    1    0    1    1    1    0    1    1    0    1    1    1    1    1    0    1    0    0    1    1    1    1    1    0    1    0    1    1    1    1    1    1    0    1    1    0    1    0    0    1    0    0    0    0    0    0    0    1    1    0    0    1    0    0    0    0    1    0    0    1    0    0    0    0    0    0    0    0    1    0    1    0    0    0    1    1    0    0    1    0    1    1    0    0    0    0    0    0    0    1    0    0    1    0    0    1    1    0    1    1    1    0    1    0    0    1    0    0    0    0    1    0    0    0    0    0    1    1    0    1    0    0    1    0    0    0    0    0    0    0    0    0    0    1    0    
100    0.117036    0.38969    0    1    1    0    1    0    1    1    1    1    1    0    1    0    1    0    1    1    1    1    1    1    0    1    1    1    1    1    0    0    1    1    1    1    1    0    1    1    1    1    0    0    1    1    1    1    1    0    1    1    1    0    1    1    1    1    1    0    1    0    0    1    0    1    1    0    1    1    1    0    1    1    1    1    0    1    0    1    1    1    1    1    0    1    1    1    0    1    1    0    1    0    1    1    1    1    1    1    1    1    0    0    0    0    0    1    0    0    0    1    0    0    0    1    1    0    0    1    0    0    1    1    1    1    1    0    0    0    0    0    1    0    0    0    0    0    1    0    0    0    1    1    0    0    1    0    1    1    0    0    0    0    0    0    0    0    0    1    0    1    0    0    0    0    0    0    1    0    1    1    0    0    0    0    0    1    1    1    0    0    0    0    0    0    0    0    0    1    0    0    0    0    1    0    1    0    0    1    0    0    
100    0.181779    0.365131    1    1    1    0    0    0    1    1    0    1    1    0    1    1    0    1    1    1    1    0    1    1    1    0    1    1    1    0    1    1    1    0    1    0    0    1    0    1    0    1    0    0    1    1    1    1    0    0    1    1    0    1    1    1    1    0    0    1    0    1    1    1    1    1    0    1    1    1    1    1    1    1    1    1    0    1    0    1    0    1    1    1    1    0    0    1    1    1    1    1    1    0    1    0    1    1    0    1    0    0    1    0    0    1    1    0    1    0    0    1    0    0    0    0    0    0    0    0    0    0    0    0    0    0    1    0    0    0    1    0    0    1    0    1    0    1    0    1    0    0    0    0    0    1    0    0    1    0    1    0    0    0    0    0    1    0    0    0    0    0    0    0    0    1    0    0    0    1    0    0    1    0    0    0    0    0    1    0    0    1    0    0    0    1    0    0    0    0    1    0    0    1    1    1    1    1    1    0    1    0    
100    0.479784    0.814525    0    0    1    0    0    1    0    1    0    1    1    0    1    0    1    0    0    1    1    0    1    1    0    0    0    1    1    1    0    1    1    1    1    1    1    1    1    1    1    0    1    0    0    0    1    1    1    1    0    0    1    0    1    1    1    0    1    1    1    1    0    1    1    0    0    1    1    1    0    0    0    1    1    0    1    1    1    1    0    1    1    0    1    0    1    1    0    1    1    0    0    1    1    1    1    1    1    1    0    1    0    0    0    1    0    1    0    1    0    0    1    0    0    0    0    1    0    0    1    0    0    0    0    1    1    0    1    1    1    0    0    0    1    0    0    0    1    1    0    0    0    1    0    0    0    1    0    0    0    0    1    1    0    1    0    0    0    0    0    0    1    0    1    0    0    1    0    0    0    1    0    0    0    0    0    1    0    0    0    1    0    0    0    1    1    1    0    0    0    0    0    0    0    1    0    0    0    1    0    1    
100    0.299383    0.823304    1    1    1    0    0    1    1    0    1    0    1    1    1    1    0    1    1    1    1    1    0    0    0    1    0    1    0    1    0    1    0    1    1    1    1    1    1    1    1    1    1    1    1    0    1    1    0    0    0    0    1    1    1    0    1    1    0    1    1    0    0    1    1    1    1    0    1    0    1    0    0    1    1    1    1    1    1    1    1    1    0    1    0    0    0    0    1    1    1    1    1    1    1    1    0    1    1    0    1    0    0    0    0    0    0    1    0    0    0    1    1    0    0    0    0    1    0    0    0    1    0    0    0    1    0    1    0    1    1    0    0    1    0    1    0    0    1    0    0    1    1    0    0    0    0    0    0    0    1    0    0    0    0    1    1    0    1    1    0    0    0    1    0    1    0    1    0    0    0    0    1    0    0    1    0    0    0    0    0    0    0    1    0    0    0    1    0    1    1    0    0    0    0    0    0    0    0    1    1    0    
100    0.468298    0.513605    0    1    1    0    1    0    1    1    1    1    0    1    1    0    0    0    1    1    0    0    0    0    1    1    1    0    1    1    1    1    1    0    0    0    1    1    0    1    1    0    1    1    0    0    1    0    0    0    0    0    0    1    0    0    1    1    1    0    1    1    1    1    1    1    0    1    1    1    1    1    1    0    0    1    0    0    0    1    1    0    1    1    0    1    1    0    0    1    0    1    1    0    1    0    1    0    1    1    0    0    0    0    0    0    0    0    1    1    0    0    1    1    0    0    0    0    0    0    0    1    0    0    0    0    0    1    0    1    1    0    1    1    1    0    0    0    0    1    0    0    0    0    0    0    0    1    0    0    1    0    0    0    0    0    0    0    0    1    0    1    1    0    0    1    1    0    1    1    0    0    1    1    1    0    0    0    1    0    0    0    0    1    1    0    0    0    0    0    0    0    1    0    1    0    0    0    0    0    0    0    
100    0.461554    0.0371623    1    1    1    0    0    1    0    0    0    1    1    1    0    0    0    1    0    0    0    0    1    0    0    0    0    1    1    1    0    1    1    1    1    0    1    1    1    0    1    1    0    1    1    1    0    1    0    1    0    1    1    0    1    1    1    0    1    0    0    1    1    1    1    1    0    0    1    0    0    1    0    1    1    1    0    0    1    1    1    0    0    1    1    1    0    1    1    1    1    1    1    0    0    0    1    0    1    1    1    1    0    0    1    1    0    0    0    0    1    1    0    0    0    0    1    0    0    0    1    0    1    0    0    1    0    0    0    0    0    0    0    0    1    0    0    1    1    0    0    0    1    1    1    0    1    1    1    0    1    1    0    0    0    0    0    0    0    1    1    1    0    0    0    0    1    0    0    0    0    0    0    0    0    0    1    0    0    1    0    0    0    0    1    0    1    0    0    1    1    0    1    0    0    0    0    1    0    0    1    0    
100    0.665521    0.318856    1    1    1    0    1    1    1    0    1    0    1    1    0    0    1    1    1    0    0    1    1    1    0    0    0    1    1    1    1    0    0    0    1    1    0    0    0    1    0    1    1    1    0    0    0    0    1    1    1    0    1    1    0    0    0    0    0    0    0    0    0    1    0    0    1    0    1    1    0    0    0    1    0    1    0    1    1    0    1    0    1    1    1    0    1    0    1    1    1    1    1    0    0    0    0    1    1    0    1    0    1    0    0    0    0    1    0    0    0    0    0    1    0    0    0    0    0    0    1    0    1    0    0    0    0    1    1    1    1    0    0    0    1    0    0    1    0    0    0    0    1    0    0    1    0    1    0    1    0    0    0    0    1    0    0    1    1    1    0    0    0    1    0    1    0    0    0    0    0    0    0    0    0    0    0    0    0    1    0    1    0    1    1    0    0    0    0    0    1    0    0    0    1    0    0    0    0    0    1    0    
100    0.943842    0.75003    1    0    1    0    1    0    1    1    1    1    1    1    1    1    0    1    1    0    1    1    1    0    0    1    1    1    0    1    1    1    1    0    1    1    0    1    0    1    0    1    1    1    0    1    0    1    0    1    0    1    1    1    1    1    1    1    0    0    1    1    1    1    0    0    1    1    0    1    0    1    1    1    0    1    1    1    0    1    1    1    1    1    0    1    0    0    0    1    1    1    0    0    0    1    0    0    0    1    0    1    0    0    0    0    1    0    0    1    1    0    0    1    1    0    0    0    1    1    1    0    0    0    0    0    0    0    0    1    0    0    1    0    1    0    0    1    1    0    0    0    1    1    0    0    1    0    0    1    1    0    0    0    0    1    0    0    1    0    0    0    0    0    1    0    0    0    0    0    0    0    1    1    1    1    0    0    1    0    0    0    0    1    0    0    1    0    1    0    0    1    0    0    0    0    1    0    0    0    0    0    
100    0.539382    0.185183    0    1    1    1    1    1    1    1    0    0    0    1    0    0    0    0    0    0    1    0    0    0    0    0    0    1    0    1    1    0    1    1    0    1    1    0    1    0    1    0    1    1    0    1    1    1    1    1    1    1    1    0    1    0    0    1    0    1    1    0    0    1    1    1    1    0    1    1    1    0    0    1    0    1    0    1    0    0    1    1    0    0    0    0    1    1    0    1    1    0    0    0    0    0    0    0    1    1    1    1    0    0    0    1    0    1    0    0    0    0    0    1    0    0    1    0    0    0    0    0    0    0    0    1    0    0    0    0    1    0    0    0    1    0    0    0    0    0    0    1    0    0    0    0    1    0    1    0    0    0    1    0    0    0    0    0    0    1    0    1    0    0    1    0    0    0    0    0    1    0    1    0    0    0    1    0    0    0    1    0    0    1    0    0    0    1    0    1    1    1    0    0    0    0    0    0    0    0    0    1    
100    0.126504    0.466119    0    1    0    1    1    1    1    1    1    1    1    1    1    1    1    1    1    1    1    0    0    1    0    0    0    0    0    0    1    1    0    1    1    1    1    1    1    1    1    0    1    1    0    1    1    0    1    1    0    1    1    1    1    0    0    0    1    1    1    0    1    1    0    0    1    1    0    0    1    1    1    0    1    1    0    1    1    0    1    0    1    0    0    1    1    1    1    1    1    1    0    1    1    1    1    0    1    1    0    0    1    0    1    0    0    1    0    0    0    1    0    0    0    0    1    0    0    1    1    1    0    0    0    0    0    1    0    0    1    1    0    0    0    0    1    0    0    0    0    0    1    0    0    0    0    1    0    0    0    0    0    0    1    0    0    1    0    0    0    0    0    1    1    0    0    0    1    1    0    0    1    0    0    0    0    0    0    1    0    1    1    0    0    0    0    0    1    0    0    0    0    0    0    1    0    1    1    1    0    0    
100    0.158066    0.950007    0    0    1    1    1    0    0    0    1    1    0    1    1    1    0    1    0    1    0    1    1    1    1    0    1    1    0    1    1    1    0    0    0    1    1    1    1    1    0    1    1    1    1    1    1    1    1    1    1    1    1    1    1    1    1    0    1    1    1    1    1    1    1    1    1    0    1    1    1    0    0    1    0    1    0    1    1    1    1    1    0    1    1    1    1    0    0    0    1    1    1    1    1    0    1    0    1    1    1    1    0    1    0    0    1    0    1    0    0    1    0    0    0    0    0    0    0    0    0    1    0    0    1    1    0    0    0    0    0    1    0    0    0    0    0    0    1    0    1    0    0    0    1    0    1    1    0    0    0    0    0    0    1    0    1    0    1    0    0    0    0    0    0    0    0    0    0    0    0    0    0    0    0    1    0    0    0    0    0    0    1    0    0    1    0    0    0    1    0    0    0    0    0    0    0    1    0    1    0    0    
100    0.506955    0.531359    0    1    0    1    1    1    0    1    1    1    0    0    1    1    0    0    1    1    1    0    0    1    0    0    0    1    1    1    0    0    1    0    0    1    0    1    0    1    0    0    1    1    0    1    1    0    1    0    0    1    0    1    0    1    0    0    0    1    1    0    1    0    0    1    1    1    0    1    1    0    0    0    1    0    1    0    1    0    1    0    1    1    1    1    0    1    0    0    0    1    1    0    1    1    1    0    1    1    0    1    0    0    1    0    0    0    1    1    1    0    0    0    1    1    0    0    0    1    0    1    1    0    0    0    0    0    1    0    0    0    0    0    0    0    0    1    0    1    1    0    0    1    1    0    1    0    0    1    0    1    1    0    0    0    0    0    0    1    1    0    1    1    1    0    0    0    0    0    0    1    0    1    1    0    0    1    0    0    0    0    1    1    1    1    1    1    1    0    0    0    1    0    0    0    0    0    0    0    0    1    
100    0.0811307    0.803115    1    0    1    1    0    1    0    1    1    1    1    1    1    1    1    1    1    1    1    1    0    1    1    1    0    1    1    1    0    1    1    1    1    1    1    1    1    0    1    1    1    1    0    0    0    1    1    1    1    1    0    0    1    1    1    1    1    1    1    1    0    0    1    1    1    1    1    1    1    1    0    1    1    1    1    1    1    1    1    1    1    0    0    1    1    1    0    1    1    1    1    1    1    1    1    1    1    0    1    0    0    0    0    1    0    0    0    0    1    0    0    0    0    0    0    0    0    0    0    1    1    0    0    0    0    0    1    0    0    1    0    1    1    0    0    1    0    1    1    1    0    0    1    1    0    0    0    0    0    0    1    0    0    1    0    1    1    0    1    1    0    1    0    1    0    1    1    0    0    0    1    0    1    0    0    0    1    1    0    1    0    0    0    0    0    0    0    0    0    0    0    1    0    1    1    0    0    0    1    0    
100    0.134444    0.461005    1    1    1    1    1    1    1    1    1    1    1    1    1    1    1    0    0    1    1    1    1    1    1    1    1    1    0    1    1    1    0    1    1    1    1    0    0    1    1    1    0    1    1    1    1    1    1    1    0    1    0    1    0    1    0    0    0    1    1    0    1    0    1    1    1    1    0    1    1    1    1    1    1    1    0    0    1    1    1    1    1    1    1    0    1    1    1    1    0    0    0    1    0    1    1    1    1    0    1    1    1    0    0    0    0    0    0    0    0    0    0    0    0    0    1    1    0    1    1    1    0    0    1    1    1    1    1    1    1    0    0    1    1    1    0    0    0    1    1    0    0    1    1    0    1    0    1    0    1    0    0    0    0    1    0    1    1    1    0    0    0    1    0    0    0    0    0    1    0    0    0    1    0    0    0    1    0    0    1    1    0    1    0    1    0    0    0    1    1    0    1    0    1    0    0    1    0    0    1    0    
100    0.918399    0.300666    0    1    1    1    1    0    1    0    1    0    0    0    0    0    0    0    1    1    1    0    1    1    1    0    1    1    1    1    1    1    1    0    1    1    0    1    1    1    0    0    1    1    1    1    0    1    1    1    0    0    1    0    1    0    1    1    1    0    0    0    0    1    1    1    1    1    1    1    1    1    1    0    1    1    1    1    1    0    1    1    1    1    0    0    1    0    1    1    0    1    0    0    0    1    0    0    0    1    1    1    0    0    0    0    0    0    0    0    0    0    0    1    0    0    0    1    0    1    0    1    1    1    0    0    0    0    0    1    0    0    1    0    0    0    0    1    0    0    0    0    1    0    0    0    1    0    1    0    1    1    0    0    0    0    1    1    1    0    1    0    0    1    0    0    1    0    1    0    1    1    0    1    1    0    0    0    0    1    0    0    0    0    1    1    0    0    0    1    1    0    0    0    0    0    0    0    0    0    1    0    
100    0.311342    0.350762    1    0    1    1    1    1    1    0    1    1    1    1    0    0    1    0    0    1    1    1    0    1    1    0    1    0    1    1    0    1    0    1    1    1    1    1    1    1    0    1    1    1    1    1    1    1    1    1    1    1    1    1    1    1    1    0    1    1    1    1    0    1    1    0    0    0    1    1    1    1    0    0    1    1    1    1    0    0    1    0    1    1    1    1    1    1    1    1    1    0    0    0    1    0    1    0    0    1    1    1    1    0    0    0    0    1    0    1    1    0    1    1    0    0    0    0    0    0    0    0    0    0    1    0    0    1    1    0    0    1    0    0    1    0    1    0    1    0    1    1    1    0    0    1    1    1    1    0    0    1    0    0    0    0    0    1    1    1    0    1    0    1    0    0    0    0    0    1    1    1    0    0    1    0    0    0    0    1    1    0    0    0    1    1    0    0    0    1    0    0    0    0    1    1    0    1    1    1    1    0    
100    0.841706    0.738229    0    0    1    1    1    1    1    1    1    1    0    1    1    1    1    1    1    0    1    1    1    1    1    1    0    1    1    0    0    1    1    1    1    1    1    1    1    1    0    0    1    0    1    1    1    1    0    1    1    0    1    1    1    1    0    1    1    0    1    1    0    0    0    1    1    0    1    0    0    1    1    0    1    1    1    1    0    1    1    1    0    1    0    1    0    1    0    1    1    1    1    1    1    0    1    1    1    1    1    0    0    1    1    0    1    1    1    0    0    0    0    1    0    0    1    0    0    0    0    1    0    0    0    0    0    1    0    0    1    0    0    1    0    1    0    1    1    1    0    1    0    1    1    0    1    0    0    0    0    0    1    1    1    0    0    0    0    0    0    0    0    0    0    0    0    0    1    1    1    0    1    0    0    0    0    0    1    0    0    0    1    1    1    0    0    1    0    0    0    0    1    0    0    1    0    0    0    0    1    1    
100    0.533729    0.123043    0    1    0    0    0    1    0    1    1    0    0    1    0    1    1    0    0    1    1    0    1    0    1    1    0    0    0    1    0    1    1    1    1    1    0    0    0    1    1    0    1    1    1    1    0    1    0    0    1    1    1    1    0    1    0    1    1    0    0    1    0    1    0    1    1    0    0    0    0    0    0    1    0    0    1    1    1    0    1    1    0    0    1    1    0    0    1    0    1    0    1    1    0    1    0    0    1    1    1    1    1    0    0    0    0    1    0    1    1    0    0    1    0    0    0    0    0    1    0    0    0    0    0    1    0    0    0    0    1    0    0    0    0    0    0    0    0    0    1    0    0    0    0    1    0    0    0    0    0    0    1    0    0    0    0    1    1    0    0    1    0    1    0    1    0    1    1    0    0    1    0    0    0    1    1    0    0    0    1    0    0    0    1    0    1    0    0    1    0    0    1    0    0    0    0    1    0    0    0    0    
100    0.193403    0.522912    0    1    0    0    0    1    1    1    0    0    1    1    1    0    1    1    1    1    1    1    1    1    1    1    0    0    1    1    0    1    0    0    1    0    1    1    1    1    1    1    1    1    1    1    1    1    1    0    0    1    1    1    1    1    1    1    1    0    0    1    1    1    0    1    1    0    1    0    1    1    1    1    1    1    0    1    1    0    0    0    1    0    1    1    0    1    1    0    1    0    0    1    1    0    1    0    0    0    0    1    0    1    1    1    0    1    0    1    0    0    1    0    0    0    0    0    0    0    0    0    0    1    1    1    1    1    1    1    1    0    0    1    1    0    0    0    1    0    0    0    1    0    0    0    1    1    1    0    1    0    1    0    0    1    0    1    0    0    0    0    0    1    0    0    0    0    0    0    1    1    0    0    0    0    0    0    1    0    1    1    0    0    0    0    1    0    0    0    0    1    1    0    0    0    0    0    1    0    1    1    
