50    0.151654    0.125799    1    0    1    1    0    1    1    1    0    1    1    1    1    1    1    1    1    1    1    1    1    1    1    1    1    1    1    1    1    1    1    1    1    1    1    1    1    1    1    1    1    1    1    1    1    1    1    1    1    1    1    0    1    0    1    1    0    1    1    1    1    1    1    1    1    1    0    1    1    1    1    1    1    1    1    1    1    1    1    1    1    1    1    0    1    1    0    1    1    1    0    1    1    1    1    0    1    1    1    1    1    0    0    0    0    0    0    0    0    1    0    0    0    1    1    0    0    0    0    1    0    0    0    1    1    0    1    0    0    0    0    0    1    0    1    0    0    1    0    0    0    0    1    1    0    0    1    0    1    0    0    1    1    0    0    0    1    1    0    1    0    0    1    0    0    0    0    1    1    0    1    1    0    1    1    0    0    1    0    1    0    0    1    0    0    1    0    0    1    0    0    1    0    0    0    1    0    1    0    0    
50    0.988885    0.939614    1    1    0    0    1    1    1    0    1    1    1    1    1    1    1    1    1    1    1    1    1    0    1    1    1    1    1    1    1    1    1    1    1    1    1    1    1    1    0    0    1    1    1    1    1    1    0    1    1    1    1    1    1    1    1    1    1    1    1    0    1    1    0    1    1    1    0    1    0    1    1    1    1    1    1    1    1    0    1    0    0    1    1    1    1    1    1    1    1    1    1    0    1    1    1    1    1    1    1    1    0    1    0    0    0    0    1    0    0    0    1    1    1    1    1    1    1    0    0    0    1    1    0    1    1    1    0    0    0    0    0    0    1    0    0    0    0    0    0    0    0    0    0    1    0    0    0    1    0    0    1    0    0    1    1    0    0    0    0    1    1    0    0    0    0    0    0    1    1    0    1    0    0    1    0    0    0    1    1    0    1    0    1    0    1    0    0    0    0    0    0    0    0    0    1    0    0    0    0    0    
50    0.483615    0.307605    1    1    1    1    1    1    1    1    1    1    1    1    1    1    1    1    1    1    0    1    1    1    1    1    1    1    1    1    1    1    0    1    1    1    1    1    1    1    1    1    0    1    1    1    1    1    1    1    1    1    0    1    1    1    1    1    1    1    1    1    1    0    1    1    1    1    0    0    0    1    1    1    0    0    1    1    1    1    1    1    1    1    1    1    1    1    1    1    1    1    1    1    1    1    1    1    1    1    1    1    0    0    0    0    1    0    1    1    0    0    1    0    0    1    0    0    1    0    1    0    1    0    1    0    0    0    0    0    0    0    0    0    0    0    0    0    0    1    0    0    1    0    0    1    0    1    0    0    1    0    0    0    0    1    1    1    0    1    1    0    0    0    0    0    0    0    0    1    0    0    0    0    0    1    0    1    1    0    1    0    0    0    1    0    1    1    0    0    0    1    1    0    0    0    0    0    0    1    0    0    
50    0.582538    0.95624    1    0    1    1    1    1    1    1    1    1    1    0    1    0    0    0    1    1    1    1    1    1    1    0    1    1    0    1    1    1    1    0    1    1    1    1    1    1    1    1    1    1    1    1    0    1    1    1    0    1    0    1    1    1    1    1    1    1    1    1    0    1    0    1    0    1    0    1    1    0    1    0    1    1    1    1    1    1    1    1    1    1    1    0    1    1    1    1    1    1    0    1    1    1    1    1    1    0    1    1    0    0    1    1    0    1    0    0    0    0    1    1    1    1    0    0    0    0    0    0    1    0    1    0    1    1    0    1    0    0    1    0    0    1    0    1    0    0    0    1    1    0    0    0    1    0    1    0    0    1    1    1    0    0    0    1    0    0    1    0    0    0    0    1    0    0    0    0    0    1    0    1    1    0    0    0    0    0    1    1    0    0    0    0    0    0    0    0    0    1    0    1    0    0    0    1    1    0    0    0    
50    0.312782    0.72143    1    1    1    1    1    0    1    1    0    1    1    1    1    1    1    1    1    1    1    1    1    1    0    1    1    1    1    1    1    1    1    1    1    1    1    1    1    0    1    1    1    1    1    1    1    1    1    1    1    1    0    1    1    1    1    1    0    1    1    1    1    1    1    1    0    1    1    1    1    1    0    1    1    1    1    0    1    1    0    0    1    1    1    0    1    1    1    1    1    1    1    1    1    1    1    1    1    1    1    1    1    0    0    0    1    0    1    0    1    0    1    1    0    0    0    0    1    0    0    0    0    0    0    0    0    1    1    0    0    1    0    0    1    0    1    0    0    0    1    0    1    1    0    0    0    1    0    0    1    0    0    0    0    1    1    0    0    0    1    1    1    1    0    1    1    0    0    0    0    0    1    1    1    1    0    1    0    0    1    0    0    0    1    0    0    1    1    1    0    1    0    0    0    1    0    1    1    0    1    0    
50    0.391673    0.729187    1    1    1    1    1    1    1    1    1    1    1    1    1    1    1    1    1    0    1    1    1    1    1    1    1    1    0    1    0    1    1    1    1    1    1    1    1    1    1    1    1    1    0    1    1    1    1    0    0    1    0    0    1    1    0    1    1    1    1    1    0    1    1    1    1    1    1    1    1    1    1    1    1    1    1    1    1    1    1    1    1    1    1    0    1    1    0    1    0    1    1    1    1    0    1    0    1    1    1    1    1    0    0    1    0    0    1    0    0    0    0    0    0    1    1    0    0    0    0    1    0    1    0    0    1    1    0    0    0    0    0    0    0    0    1    0    1    0    0    0    0    0    0    1    0    0    1    0    1    0    0    0    0    0    1    0    0    0    0    0    0    1    0    1    0    1    1    0    0    0    0    0    1    0    0    0    0    0    0    1    1    1    0    0    1    0    0    0    0    1    0    1    0    0    1    0    0    0    0    0    
50    0.11968    0.48776    1    1    1    1    1    1    1    1    1    1    1    1    1    1    1    1    1    1    1    0    1    1    0    0    0    0    1    1    1    1    1    1    1    1    1    1    1    0    0    1    1    1    1    1    1    1    1    1    1    1    1    1    1    0    1    1    1    0    1    1    1    1    1    1    1    1    0    0    0    1    1    1    1    1    1    1    1    0    1    1    1    1    0    0    1    0    1    1    1    1    1    0    1    1    1    1    1    1    1    1    0    0    0    0    0    0    0    1    0    1    0    1    0    1    0    1    1    0    0    0    0    0    1    0    0    0    0    0    0    1    0    1    1    0    0    0    0    0    1    1    0    0    0    0    1    0    0    1    1    0    0    0    0    1    0    1    1    0    0    0    0    0    0    1    1    1    1    0    1    0    0    1    0    0    0    0    0    0    0    0    1    0    0    1    1    1    1    1    1    0    0    1    0    1    0    1    0    0    0    1    
50    0.429755    0.226548    1    1    0    1    1    1    1    1    1    1    0    1    1    1    0    1    1    1    1    1    1    1    1    1    1    1    1    1    1    1    1    1    1    1    0    1    1    1    0    1    1    1    0    1    0    1    1    1    1    1    1    1    1    0    1    1    0    0    1    1    1    1    1    1    1    1    1    1    1    0    0    1    1    1    1    1    1    1    1    1    1    1    1    1    1    1    1    1    0    0    1    1    0    1    0    1    1    1    1    1    0    0    1    1    0    1    0    0    0    1    0    1    1    0    1    0    0    1    0    0    0    0    1    0    1    0    0    1    1    0    0    1    0    0    0    0    1    1    0    0    0    0    0    0    0    0    1    1    0    1    0    1    0    0    1    0    1    0    0    0    1    0    0    1    1    0    0    0    0    0    0    1    1    0    0    1    0    0    1    1    0    0    0    0    0    0    1    0    0    0    0    0    1    0    0    0    0    0    0    1    
50    0.738729    0.783946    1    1    1    1    1    1    1    1    1    1    1    1    0    1    1    1    1    1    1    1    0    0    1    1    1    0    1    1    1    0    1    1    1    0    1    1    1    1    1    1    1    1    1    1    0    0    1    1    1    1    1    1    1    1    1    1    0    1    1    1    1    1    1    1    1    1    1    1    1    1    0    1    1    1    1    1    1    1    1    1    0    1    1    1    1    1    1    1    1    1    1    0    1    1    1    1    1    1    1    1    0    0    0    0    0    0    1    1    0    0    1    0    0    0    0    0    1    0    0    0    0    0    0    0    0    0    0    0    0    0    0    1    0    0    0    1    1    1    0    0    0    1    0    1    0    1    0    1    0    0    0    0    0    0    0    0    0    0    0    0    0    1    0    0    1    0    1    0    0    0    0    0    0    0    0    1    0    1    0    1    0    0    1    1    0    0    1    0    0    1    0    0    0    1    1    0    0    1    1    0    
50    0.853311    0.141039    1    0    1    1    1    0    1    1    0    1    0    1    1    1    1    1    1    1    1    1    1    0    0    1    1    1    1    1    1    0    1    0    1    1    1    1    1    1    0    1    1    1    1    0    1    1    1    1    1    1    1    1    1    0    1    1    1    0    1    1    1    1    1    1    1    1    1    0    1    0    1    1    0    1    1    1    0    1    0    1    1    1    1    1    1    1    1    0    1    1    1    1    1    1    1    1    1    1    1    1    0    0    1    0    1    0    1    1    1    0    0    0    1    0    1    0    0    0    0    0    1    0    1    1    0    0    0    1    1    0    0    0    0    1    0    1    0    1    0    0    0    0    0    0    0    0    0    0    0    0    1    1    0    0    1    1    0    0    0    0    0    0    1    0    0    0    0    1    1    0    0    0    0    0    0    1    0    0    1    1    1    0    1    0    0    0    1    1    0    1    0    1    1    0    0    0    0    1    0    0    
50    0.962151    0.00908561    0    1    1    1    1    1    0    1    1    1    0    1    1    1    1    1    0    1    1    1    1    1    1    1    0    1    1    1    1    1    0    0    1    1    1    0    1    1    1    1    0    1    1    1    1    1    1    1    1    1    1    1    1    1    1    0    0    1    1    1    1    1    1    1    1    1    0    0    1    1    1    1    1    1    1    0    1    1    1    1    1    1    1    0    0    1    0    1    1    0    1    0    1    0    1    1    1    1    1    0    0    1    1    0    0    1    1    0    0    1    0    0    1    0    0    0    0    0    0    1    0    0    0    1    1    0    0    0    0    1    0    0    0    0    0    1    0    0    0    0    0    1    1    0    0    0    0    1    0    0    0    0    0    0    1    1    1    0    1    0    0    0    1    0    0    1    0    1    0    0    0    0    1    0    0    0    0    1    0    0    0    0    0    0    1    0    1    1    0    0    1    1    1    0    0    1    1    0    1    1    
50    0.220144    0.845217    1    1    1    1    1    1    1    1    1    0    1    1    1    1    1    1    1    1    1    1    1    1    1    1    1    1    1    1    1    1    1    1    0    1    0    1    1    1    1    1    0    1    0    0    1    1    1    1    1    1    1    1    1    1    1    0    1    1    1    0    0    1    1    1    1    1    1    0    1    1    1    1    1    1    1    1    1    1    1    0    1    1    1    1    1    1    1    1    1    1    0    1    1    1    1    1    1    1    1    1    1    1    0    0    0    0    0    0    0    0    1    1    1    0    0    0    1    0    0    0    0    1    0    0    0    1    0    0    1    1    0    0    1    0    0    0    0    1    0    0    1    0    0    0    0    0    0    1    0    0    0    0    0    0    0    1    1    0    0    1    0    0    1    0    1    1    0    1    0    0    0    0    1    0    0    0    1    0    1    0    1    1    0    0    0    0    0    0    0    0    0    0    0    0    1    0    1    0    0    0    
50    0.387914    0.69303    1    1    1    1    1    0    1    1    1    1    0    1    1    0    1    1    1    1    1    1    1    0    0    1    0    1    1    0    1    1    1    1    1    0    1    1    1    1    1    1    1    1    1    1    1    1    1    1    1    1    1    1    1    1    1    1    1    1    1    1    0    1    1    1    1    1    1    1    1    1    1    1    1    1    1    1    1    1    1    1    1    1    1    1    1    1    1    1    1    1    1    1    1    1    1    1    0    0    1    1    0    0    0    1    0    1    0    0    0    0    0    0    0    0    0    0    1    1    0    1    0    0    0    0    1    1    0    1    1    1    0    0    0    1    0    1    1    1    1    0    0    0    0    0    0    0    0    1    1    0    1    1    0    0    0    1    0    1    1    1    0    0    1    0    1    0    0    0    1    0    1    0    1    0    0    0    0    1    0    0    0    0    0    0    0    1    0    1    0    0    0    1    0    0    1    0    1    0    0    0    
50    0.923806    0.249163    1    1    1    1    1    1    1    1    1    0    1    1    0    0    1    1    1    1    1    1    0    1    0    1    1    1    0    0    1    1    1    1    1    1    1    1    1    1    1    1    1    1    1    1    1    1    1    1    1    1    1    0    1    1    1    1    0    0    1    1    1    1    1    1    1    1    1    1    1    0    1    1    1    1    1    1    1    1    1    0    0    1    1    0    0    0    0    1    1    0    0    0    1    0    1    1    1    1    1    1    1    0    1    0    1    0    0    0    1    0    0    1    0    0    0    0    1    1    0    0    0    1    0    0    0    0    0    1    1    0    1    1    1    0    0    1    0    0    0    0    0    1    0    0    0    1    0    0    0    0    1    1    0    0    0    0    0    0    0    0    0    0    0    0    0    0    0    0    0    0    0    0    1    0    1    0    0    0    1    1    0    0    0    1    0    1    1    0    1    0    1    1    0    0    0    0    0    1    0    0    
50    0.082426    0.217267    1    1    1    1    0    1    1    1    1    1    1    1    0    0    1    0    1    1    1    1    1    1    1    1    0    1    0    1    1    0    0    1    1    1    1    0    1    1    1    1    0    1    1    0    1    0    1    1    1    1    1    0    1    1    1    1    1    1    1    1    1    1    1    1    0    1    1    1    0    1    1    1    1    0    1    1    1    1    0    0    1    1    1    1    1    1    1    1    1    1    0    1    1    1    1    0    1    1    1    1    0    1    1    0    0    0    1    0    0    0    1    1    0    0    0    0    0    1    1    0    0    0    0    0    0    1    1    0    1    0    0    1    0    1    1    0    1    0    0    0    0    0    0    0    0    0    0    0    0    1    0    0    1    1    0    0    0    0    1    0    0    0    0    0    1    0    0    0    1    1    0    0    0    1    0    0    0    1    0    0    0    0    0    0    0    1    1    0    0    0    0    0    0    0    0    0    0    0    1    1    
50    0.17806    0.6025    1    1    1    1    1    1    1    1    1    1    1    1    1    1    1    1    1    1    1    1    1    1    1    1    1    1    1    0    1    1    1    1    1    1    1    1    1    1    1    1    1    1    0    1    1    1    1    0    1    1    1    1    1    1    1    0    1    1    1    1    1    1    1    1    1    1    1    1    1    1    0    0    1    1    1    1    1    1    1    1    1    1    1    1    1    0    1    0    1    1    1    1    1    1    1    1    1    1    1    1    0    0    1    0    1    0    0    0    1    1    1    0    1    1    0    0    0    0    1    0    1    1    1    1    1    0    0    0    0    1    0    1    0    1    0    0    0    0    0    0    0    0    0    0    1    0    0    0    1    0    1    1    1    0    1    0    1    0    0    0    0    1    0    0    1    0    0    1    1    0    0    1    1    1    1    0    0    0    1    0    0    0    0    1    1    1    0    1    0    0    1    0    0    0    0    0    0    0    0    0    
50    0.535423    0.797163    1    1    1    1    1    1    0    1    1    1    1    0    1    1    1    0    1    1    1    1    1    0    1    1    1    1    1    1    1    1    1    1    1    1    1    0    1    1    1    1    1    1    1    1    1    1    1    1    0    1    1    1    1    1    0    1    1    1    1    1    1    1    1    1    1    1    1    1    0    1    1    1    0    1    1    0    1    1    1    1    1    0    1    1    1    1    1    1    1    0    1    1    1    1    1    1    1    1    1    1    1    0    0    0    1    0    1    0    1    0    0    0    1    1    1    0    0    0    1    0    1    0    0    0    1    1    0    0    1    0    0    0    0    0    1    0    1    0    0    0    0    0    0    0    0    0    1    1    1    0    1    0    0    1    1    0    1    0    0    1    0    0    0    0    0    0    0    0    0    1    0    1    0    0    0    0    1    0    1    1    0    0    0    1    0    0    1    0    0    1    0    0    1    0    1    0    1    1    0    0    
50    0.338494    0.850753    1    1    1    1    1    0    1    1    1    1    1    1    1    1    1    1    1    1    1    0    1    1    1    1    1    1    1    1    1    1    1    1    1    1    1    1    1    1    1    1    1    1    1    1    1    1    1    1    1    1    1    0    1    1    1    1    1    1    1    1    1    1    0    1    0    1    0    1    1    1    1    1    1    1    1    1    1    1    1    1    1    1    1    1    1    1    1    1    1    1    0    1    1    1    1    1    1    1    1    1    0    0    0    0    1    0    0    1    0    0    0    0    1    0    0    1    0    0    0    1    0    0    1    1    0    0    1    0    1    1    0    0    0    0    0    0    0    0    1    0    0    0    1    0    0    1    0    0    0    1    1    0    0    0    0    0    0    0    0    1    0    0    0    0    1    0    0    0    0    1    0    1    1    1    1    0    1    0    1    0    0    0    1    1    0    0    0    0    0    0    0    0    0    0    1    1    1    0    0    1    
50    0.268863    0.366938    1    1    1    1    1    0    1    1    1    1    1    1    1    1    1    1    0    1    1    1    0    1    1    1    1    0    1    0    1    1    1    1    1    1    1    0    1    0    1    1    1    1    1    1    1    0    1    0    0    1    1    0    1    1    1    1    1    1    1    0    0    1    1    1    1    1    1    1    1    1    1    1    0    1    1    1    1    1    1    1    0    1    1    1    1    1    1    1    1    1    0    0    1    1    1    1    0    1    1    1    0    0    0    0    1    1    0    0    0    0    0    0    1    0    1    1    0    0    0    1    0    1    1    0    1    0    0    1    0    1    0    1    1    0    1    0    0    0    0    1    0    0    0    1    0    0    1    0    0    1    0    1    1    0    1    1    0    0    1    1    0    1    1    0    0    0    1    1    1    1    1    1    1    0    0    0    0    0    0    0    1    0    0    1    1    0    0    1    0    1    1    0    1    0    1    0    0    0    0    1    
50    0.993163    0.827933    1    1    1    1    1    1    1    1    1    0    1    1    1    1    1    1    1    1    1    1    0    1    1    0    1    1    1    1    1    1    1    1    1    1    1    1    1    0    0    1    1    1    1    1    1    0    1    1    1    1    1    1    1    1    1    1    1    1    0    1    1    1    1    1    1    1    1    1    1    1    1    1    1    1    1    0    1    0    1    1    1    1    1    1    1    0    1    1    1    1    1    1    1    1    1    1    1    1    1    1    0    0    0    0    0    0    0    0    1    0    0    1    1    0    0    1    0    0    1    1    0    1    0    0    0    0    0    0    0    0    0    0    1    0    1    0    0    0    1    0    1    0    0    0    0    0    1    1    0    0    0    0    0    0    0    0    1    0    0    0    0    0    0    0    0    0    0    0    0    1    0    0    0    0    0    1    1    1    0    1    0    1    0    1    0    0    0    0    1    1    0    1    1    0    0    0    1    0    0    1    
50    0.46964    0.872961    0    1    1    1    1    1    1    1    1    1    0    1    1    1    1    1    1    0    1    1    1    0    0    1    1    1    1    1    1    1    1    1    1    1    1    1    1    1    1    1    0    1    1    1    1    1    1    1    1    1    1    1    1    1    1    1    1    1    1    1    1    1    1    1    1    1    1    1    1    1    1    1    1    1    1    1    1    1    1    1    0    1    1    1    1    0    1    1    1    1    1    1    1    1    1    1    1    1    1    1    1    1    0    1    1    0    0    0    1    1    0    0    1    1    0    0    0    1    0    0    0    0    0    0    1    0    1    0    0    1    0    0    1    0    0    0    1    1    0    1    0    1    0    0    0    0    1    1    0    1    0    0    0    0    0    0    1    0    1    1    0    0    0    0    0    0    1    0    1    0    0    0    1    0    0    1    1    0    1    0    0    1    0    0    0    1    0    1    1    1    0    0    0    0    1    0    0    0    1    1    
50    0.415133    0.418795    1    1    0    0    1    1    1    1    1    1    1    1    1    1    1    1    1    1    0    1    1    1    1    0    1    1    1    1    0    1    1    1    1    1    1    0    1    1    1    1    1    1    1    1    1    1    1    0    1    1    1    0    1    1    1    1    1    1    1    1    0    1    1    1    1    1    1    1    1    1    0    1    1    0    1    1    1    0    1    1    1    1    0    0    1    1    1    1    1    1    1    1    1    1    1    1    0    1    1    1    0    0    1    1    0    1    0    1    0    0    0    0    0    0    1    0    0    0    1    1    1    0    0    0    1    1    0    0    1    0    1    0    0    1    1    0    1    0    0    1    0    1    0    0    0    0    0    1    0    0    0    0    0    0    0    1    1    1    0    0    1    1    0    1    0    0    0    0    0    0    0    0    1    0    0    0    0    0    1    1    1    0    1    1    0    0    0    0    1    1    0    0    0    1    0    0    0    1    0    0    
50    0.98763    0.959525    1    1    1    1    1    1    1    1    1    1    1    1    1    1    1    1    1    1    1    0    1    1    1    1    1    1    1    1    1    1    1    1    1    1    1    1    1    1    1    1    1    1    1    1    1    1    1    1    1    1    1    1    1    1    1    1    1    1    1    1    1    0    1    0    1    1    0    1    1    1    0    1    1    0    1    1    1    1    1    1    1    1    1    1    1    1    1    1    1    1    1    1    1    1    1    1    0    1    1    1    0    1    0    0    0    1    1    0    0    0    1    0    0    1    0    0    0    0    0    1    0    0    0    0    1    1    0    0    0    0    1    0    1    1    1    0    1    0    0    1    0    1    0    0    0    1    1    0    0    0    0    0    0    1    1    0    0    1    0    0    0    0    0    1    0    1    1    1    0    1    0    1    0    1    0    1    0    0    0    1    1    0    1    0    0    0    0    0    1    1    0    1    1    1    0    1    0    1    1    0    
50    0.121049    0.732856    0    1    1    1    1    1    1    1    1    1    1    1    1    1    1    1    1    1    1    1    1    1    1    1    1    1    1    1    1    1    1    0    1    0    1    1    1    1    1    1    1    1    0    1    1    1    1    1    1    1    1    1    1    1    1    1    1    1    1    1    1    1    1    1    1    1    1    1    1    1    1    1    1    1    1    1    1    0    0    1    1    1    1    1    1    1    1    1    1    1    1    1    1    0    1    1    1    1    1    1    0    0    1    0    0    0    1    1    0    1    0    0    1    0    0    1    0    0    0    0    1    1    1    1    0    1    0    0    0    0    0    0    1    1    0    0    0    1    0    1    1    1    0    1    1    0    1    0    1    0    0    0    0    0    0    0    1    0    0    0    1    1    1    0    1    0    0    0    1    1    1    0    0    0    0    0    1    1    1    0    1    0    1    0    0    1    0    0    1    0    0    0    0    0    1    1    1    0    0    1    
50    0.797764    0.6112    1    1    1    1    0    1    1    1    1    1    1    1    0    1    1    1    1    1    1    1    0    1    1    1    1    0    1    1    1    1    1    1    1    1    1    1    1    1    1    1    0    1    0    0    1    1    1    1    1    1    1    1    0    1    1    0    1    1    1    1    1    1    1    1    1    1    1    1    1    1    1    1    0    1    1    1    1    0    1    1    1    1    1    1    1    1    1    0    0    1    0    1    1    1    1    1    1    0    1    1    1    0    0    1    0    0    1    1    0    0    0    0    1    0    1    1    0    0    0    1    1    0    0    1    1    0    0    1    0    0    0    1    0    1    1    0    0    0    1    0    0    0    1    0    1    0    1    1    1    1    0    0    1    1    0    1    0    1    1    0    1    1    0    0    0    0    0    0    0    0    0    0    0    1    0    1    1    1    0    0    1    0    0    0    1    0    1    0    0    0    0    1    0    1    1    1    0    1    1    0    
50    0.102001    0.735219    0    1    1    1    1    1    1    0    1    1    1    1    1    1    1    1    1    1    1    0    1    1    1    1    1    1    1    1    1    1    1    1    1    1    1    1    1    1    1    1    1    1    1    1    1    1    1    1    1    1    1    1    1    1    1    0    1    1    1    1    1    1    1    1    1    1    1    1    1    1    1    1    1    1    1    1    1    0    1    1    1    1    0    1    1    1    1    0    1    1    1    1    1    1    1    0    1    1    1    1    0    0    1    0    1    0    0    0    0    1    1    0    1    1    0    0    1    0    0    0    0    1    0    0    0    1    0    1    1    0    0    1    1    0    0    0    0    1    0    0    1    1    0    0    0    0    0    1    1    1    1    0    1    0    1    0    1    0    1    1    0    0    0    0    0    0    0    0    1    1    0    0    1    0    0    0    1    0    0    0    0    0    0    0    1    1    0    1    0    1    1    0    0    0    0    1    0    1    1    1    
50    0.763493    0.676723    1    1    1    1    0    1    1    1    1    1    1    1    0    1    1    1    1    1    1    1    1    0    1    1    1    1    1    1    1    1    1    1    1    1    1    1    1    1    1    1    1    1    1    1    1    1    1    1    1    0    0    0    1    1    1    1    1    1    1    1    0    1    1    1    1    1    1    1    1    1    1    1    1    1    1    1    0    1    1    1    1    1    1    1    1    1    1    1    1    1    1    1    1    1    1    1    1    1    1    1    0    0    0    0    0    1    0    1    0    0    1    0    0    0    0    0    1    1    1    1    0    0    1    0    0    0    0    0    0    1    0    1    0    0    0    0    1    1    0    0    1    0    1    0    1    0    1    1    0    0    1    0    0    0    0    0    1    0    1    1    1    1    1    0    0    1    0    0    1    1    0    0    1    1    0    0    0    0    1    0    0    0    1    0    0    0    0    1    0    0    0    1    0    0    0    0    1    1    0    1    
50    0.681064    0.815901    0    1    1    1    0    1    1    1    1    1    1    1    1    1    1    1    1    1    0    1    1    1    0    0    1    1    1    1    1    1    1    1    1    1    0    1    1    1    1    0    1    1    1    1    1    1    0    1    1    1    1    1    1    0    1    1    0    1    1    1    1    1    1    1    0    1    1    1    0    1    1    1    1    1    1    1    1    0    1    1    0    1    1    1    1    1    1    1    1    1    1    1    1    1    1    1    1    1    1    1    0    0    0    0    1    0    1    0    0    1    0    0    1    0    1    0    0    0    0    0    0    0    0    0    0    0    0    1    0    1    1    0    0    0    1    1    0    0    0    0    1    0    1    1    0    0    1    1    0    1    0    0    0    0    1    0    0    1    1    1    0    0    0    0    1    0    1    1    0    1    0    1    1    0    1    0    1    0    0    0    0    1    0    1    1    0    0    0    0    1    1    0    0    0    1    0    0    0    0    0    
50    0.182833    0.873786    1    1    1    1    1    1    1    1    0    1    1    1    1    1    1    1    1    0    1    1    1    1    1    1    1    1    1    1    1    1    1    1    1    1    1    1    1    1    1    1    1    1    1    1    1    1    0    1    1    1    1    1    1    1    1    1    1    1    1    0    1    0    1    1    1    1    1    1    1    1    0    1    1    1    0    1    1    1    1    1    1    1    1    1    1    1    1    1    1    0    0    1    1    1    1    1    1    1    1    1    0    1    0    0    1    0    1    0    1    0    0    0    0    0    1    1    0    1    1    1    0    1    0    1    1    0    1    0    0    0    1    0    1    1    1    1    0    0    1    1    0    1    0    0    1    0    0    0    0    0    0    0    0    0    1    0    0    1    0    0    0    0    0    1    1    0    1    1    0    0    0    0    0    1    1    0    0    0    1    1    0    0    0    0    1    1    0    0    0    0    0    1    1    1    1    1    0    1    0    0    
50    0.0909992    0.926446    1    1    1    1    1    1    1    1    1    1    1    1    1    1    1    1    1    1    1    0    1    1    1    1    1    1    1    1    1    1    1    1    1    1    1    1    1    1    1    1    1    1    1    1    1    1    1    1    1    0    1    1    1    1    1    0    1    1    1    1    1    1    0    1    1    0    1    0    1    1    0    1    1    1    1    1    1    1    1    1    1    1    0    1    1    1    1    0    1    1    1    1    1    1    1    1    1    1    1    1    0    0    0    0    0    0    1    0    0    0    0    0    0    1    0    0    0    0    1    0    1    1    0    0    0    0    1    0    1    1    0    0    1    0    0    1    0    1    0    0    0    1    0    0    0    1    0    1    0    1    1    1    1    0    0    0    0    0    1    0    0    0    0    0    0    0    1    0    0    1    0    0    1    1    0    0    0    0    1    1    0    1    0    0    0    0    1    1    0    1    0    0    0    0    0    0    0    0    1    1    
50    0.323086    0.51584    1    1    1    1    0    0    1    1    1    1    1    1    1    1    1    1    1    1    1    1    1    1    1    1    1    1    1    1    1    1    1    1    1    1    1    1    1    1    1    0    1    1    1    1    1    1    1    1    1    1    1    1    1    1    1    1    1    1    1    0    1    1    1    1    1    1    1    1    0    1    1    1    0    1    1    1    1    1    1    1    1    1    1    1    1    1    1    1    1    1    1    1    1    1    1    0    1    1    1    1    1    1    0    0    0    0    1    0    0    1    1    1    0    1    0    1    0    1    0    0    0    0    1    0    0    0    1    0    0    1    0    1    1    1    0    1    1    1    0    0    0    1    0    0    0    0    1    0    0    0    1    1    0    0    1    0    0    0    1    0    1    0    1    0    0    1    0    1    0    0    0    1    0    0    0    0    1    0    1    0    1    0    0    0    0    1    0    0    0    1    1    1    0    0    0    0    1    0    0    0    
50    0.769643    0.590107    1    1    1    1    0    0    1    1    1    0    1    1    1    0    1    1    1    1    1    1    1    1    1    1    1    1    1    0    1    1    0    0    1    0    1    1    1    1    1    1    1    0    1    1    1    1    1    1    1    1    1    1    0    1    1    1    0    1    1    1    0    1    1    1    1    1    1    1    1    0    1    1    1    1    1    1    1    0    1    1    1    0    1    1    1    0    1    1    1    1    0    1    1    0    1    1    1    0    1    1    0    1    0    0    0    1    1    0    0    0    1    0    1    1    1    0    0    0    0    0    0    0    0    0    0    0    0    1    0    1    0    0    0    1    0    0    0    1    1    0    1    0    0    0    0    1    0    0    0    0    1    0    1    0    1    1    0    1    1    0    0    1    0    0    0    0    0    0    0    1    0    0    0    0    1    1    0    0    0    1    0    0    1    0    0    1    1    0    1    1    0    0    0    1    1    0    1    1    0    1    
50    0.573161    0.649024    0    1    1    1    1    1    1    1    1    1    1    1    1    1    0    0    1    1    1    1    1    1    1    1    1    1    1    0    0    1    1    1    1    1    1    1    1    1    1    1    1    0    1    1    1    1    1    0    1    1    1    1    1    1    1    1    1    1    1    1    1    1    1    0    1    1    1    1    1    1    1    1    1    1    1    0    1    1    1    1    1    1    1    1    1    1    1    1    0    0    1    1    1    1    1    1    1    1    1    0    0    0    1    0    0    1    0    0    0    1    1    0    0    0    0    1    0    0    0    1    0    1    0    1    1    0    0    1    1    1    0    0    0    0    0    1    0    0    0    0    1    1    0    1    1    1    1    1    0    1    0    1    1    1    0    1    0    0    0    0    0    1    0    0    1    1    1    0    0    1    0    1    1    0    1    0    0    0    1    1    0    0    1    0    0    0    0    0    0    1    1    1    1    0    0    1    0    0    0    0    
50    0.587268    0.274023    1    1    1    1    1    0    1    1    0    1    1    1    1    0    1    1    1    0    1    1    1    1    1    1    1    1    0    0    1    1    0    1    1    0    0    1    0    0    1    1    0    1    1    1    1    1    1    1    1    1    1    0    1    1    1    1    0    1    1    1    1    1    1    1    0    0    1    1    1    1    1    1    1    0    1    1    1    0    0    1    1    0    1    1    1    1    1    1    0    1    1    1    1    1    0    0    1    1    1    1    0    1    1    0    0    0    1    0    0    0    0    0    0    0    0    0    1    1    0    0    1    0    0    1    0    0    0    1    1    0    0    0    1    1    0    0    0    0    0    1    1    1    0    1    0    1    0    0    1    0    0    0    0    0    0    0    0    1    0    0    1    1    0    1    0    0    1    0    0    1    0    1    1    0    1    1    0    0    0    0    1    0    1    1    1    0    0    0    0    1    0    0    0    1    0    0    0    0    0    1    
50    0.907286    0.753418    1    1    1    1    1    1    1    1    0    0    1    1    1    1    1    1    1    0    1    1    1    1    1    1    1    1    1    1    1    1    1    1    1    1    0    1    1    0    1    1    1    0    1    1    1    1    1    1    0    1    1    1    1    1    1    1    0    1    0    1    0    1    1    1    0    1    1    1    1    1    0    1    1    1    1    1    0    0    1    1    0    1    1    1    0    1    1    0    1    1    0    1    1    1    0    1    0    1    1    1    0    0    0    0    0    0    0    0    0    1    0    1    0    0    1    1    0    0    1    0    0    0    0    1    0    0    0    0    0    0    0    0    0    0    1    0    1    0    0    1    0    0    1    0    0    0    0    1    0    1    0    1    0    1    0    0    0    1    1    0    1    0    0    0    1    0    1    0    0    0    1    1    0    0    1    0    0    0    1    0    0    0    0    0    0    0    1    0    0    0    0    0    0    0    1    0    0    1    0    1    
50    0.352054    0.29657    1    0    1    1    1    0    1    1    1    1    1    1    1    1    1    1    1    1    1    1    1    1    1    0    0    0    1    1    1    1    1    1    1    1    0    0    1    1    1    1    1    1    1    1    0    0    1    1    1    0    1    1    1    0    1    1    1    1    1    1    1    1    1    1    1    1    1    1    0    1    1    1    1    1    1    1    1    1    1    0    1    1    1    1    1    1    1    1    1    1    1    0    0    1    0    1    1    1    0    1    1    0    0    0    0    0    1    0    1    0    0    1    0    0    1    0    1    0    1    0    0    1    0    0    1    0    1    1    0    0    1    0    0    0    0    1    1    1    0    0    0    0    0    0    0    0    0    0    0    0    0    0    0    0    0    0    0    0    0    0    0    1    0    0    0    1    1    1    0    0    0    0    0    0    0    0    1    0    1    0    0    1    0    0    1    0    0    1    0    0    1    1    0    0    0    1    0    0    0    1    
50    0.584592    0.363094    1    1    1    1    1    1    1    1    1    1    1    1    1    1    1    1    0    1    0    1    1    1    1    0    1    1    1    1    1    1    1    1    1    0    0    1    1    1    1    1    1    0    1    1    1    1    1    1    1    1    0    1    1    1    1    1    1    1    1    1    1    1    1    1    1    1    0    1    0    1    0    1    1    1    1    1    1    1    1    1    1    1    1    1    1    1    1    1    1    1    1    1    1    1    1    1    1    1    1    1    0    1    1    1    0    1    0    0    0    0    0    1    1    1    1    0    1    0    0    1    0    1    0    0    1    1    0    0    1    0    0    0    0    0    1    0    1    0    0    0    1    0    1    0    0    1    1    0    1    0    0    0    0    0    1    0    1    1    0    1    1    0    0    0    0    0    0    1    0    0    1    1    1    0    0    1    0    0    0    1    0    0    0    0    0    0    0    0    1    0    0    0    0    0    0    1    1    0    0    0    
50    0.451899    0.746001    1    1    1    0    1    1    1    1    0    1    1    1    0    1    1    1    1    1    1    1    1    1    1    1    1    1    1    1    0    1    1    1    1    1    0    1    1    0    1    1    0    1    1    0    1    1    1    1    1    1    1    1    1    1    1    1    1    1    1    1    1    1    1    1    1    1    0    1    1    1    1    1    1    1    1    1    1    1    1    1    0    0    1    0    1    1    1    1    1    1    1    1    1    0    1    1    1    1    0    0    0    0    0    1    0    0    1    1    0    1    0    1    0    0    0    0    0    1    1    0    0    0    0    1    0    0    0    0    0    0    1    0    0    0    0    0    0    1    0    0    1    0    1    0    1    0    0    1    1    0    1    0    1    0    0    0    0    0    0    0    0    1    1    0    1    0    1    0    0    0    0    0    1    1    1    0    1    0    0    0    0    0    1    0    0    0    0    0    0    1    0    0    0    0    1    0    0    0    0    1    
50    0.318761    0.118703    1    1    1    1    1    1    1    1    1    1    1    1    0    1    1    1    1    1    1    0    1    1    1    1    1    1    1    0    1    1    1    1    1    0    0    1    1    1    1    1    1    1    1    1    1    1    1    1    1    1    1    1    1    1    1    0    1    1    0    1    0    1    1    1    0    1    0    0    1    1    1    1    0    0    1    1    1    1    1    0    1    1    0    1    1    1    0    1    1    1    1    0    0    1    1    1    1    1    1    1    0    1    0    0    1    1    0    0    0    0    1    1    0    1    0    0    1    1    1    1    1    0    0    0    1    0    1    1    0    1    0    0    0    0    0    0    0    0    0    0    0    0    1    0    0    0    0    0    0    0    1    1    0    0    0    0    1    1    1    0    1    0    1    0    0    0    0    0    1    1    0    0    0    0    0    1    0    1    1    0    0    1    1    0    0    0    1    1    1    0    0    1    0    0    1    0    0    0    1    0    
50    0.982095    0.0212431    1    1    1    1    1    1    1    1    0    1    0    1    1    1    1    1    1    1    1    1    1    1    1    1    1    1    1    1    1    1    1    1    1    1    1    0    1    1    1    1    1    1    1    1    1    1    1    1    1    1    1    1    1    0    0    1    1    1    1    0    0    1    1    1    1    1    1    0    1    1    1    0    1    1    1    1    1    0    1    1    1    1    1    0    1    1    1    1    1    1    1    0    0    1    1    1    1    1    1    1    1    0    1    1    1    1    0    0    1    0    0    0    0    0    0    0    1    0    0    0    0    1    1    0    0    1    1    0    0    0    0    0    1    0    0    1    0    0    1    0    0    0    0    0    0    0    1    0    0    0    1    1    0    0    0    0    1    0    0    0    0    0    0    0    0    0    1    1    1    0    0    0    1    1    0    1    0    0    1    0    1    0    0    1    0    1    0    0    0    0    1    1    1    1    0    0    0    1    1    0    
50    0.446507    0.706584    1    1    1    1    1    1    1    1    1    1    1    1    1    1    1    1    1    1    1    1    1    1    1    1    1    1    1    1    1    1    1    1    1    1    1    1    1    1    1    1    1    1    1    1    1    1    1    1    1    1    1    1    1    0    1    1    1    1    1    1    1    1    1    1    1    1    1    1    1    1    1    1    1    0    1    1    1    1    1    1    1    1    1    1    1    1    1    1    1    1    1    1    1    0    1    1    1    1    0    1    0    0    0    0    0    1    0    0    1    0    0    0    1    0    1    0    0    0    0    0    0    0    1    0    1    1    0    1    1    0    0    0    0    0    1    0    1    1    0    1    0    0    0    0    1    0    0    1    1    1    0    0    0    0    1    0    0    0    1    0    0    1    0    0    1    1    1    0    0    0    1    1    1    1    0    0    0    1    0    1    0    0    0    0    1    1    0    1    0    0    0    0    0    0    0    0    0    0    1    1    
50    0.171383    0.0313082    1    1    1    1    1    0    1    1    1    1    1    1    1    1    1    0    1    1    1    1    0    1    0    1    1    1    1    1    1    1    1    0    1    1    1    1    1    1    1    1    1    1    1    0    1    1    1    1    1    1    1    1    1    0    1    1    1    1    0    0    1    1    1    1    1    1    1    1    1    1    1    0    1    1    1    1    1    0    1    0    1    1    1    0    1    1    1    1    1    1    1    1    1    1    1    0    1    1    1    1    0    0    0    0    0    0    0    0    1    0    0    0    0    0    1    0    0    1    0    0    0    0    0    0    0    0    1    1    0    1    0    0    1    0    1    0    1    0    0    0    0    0    0    1    0    0    0    1    1    0    0    0    0    1    0    0    0    0    0    0    0    1    1    0    0    1    1    0    0    1    0    0    1    0    0    1    1    0    0    0    1    0    0    0    1    0    0    0    1    0    0    1    1    1    0    0    0    1    0    0    
50    0.209876    0.362047    1    1    0    1    1    1    1    1    1    1    0    1    1    1    0    1    1    0    1    1    1    1    1    1    1    1    1    1    1    1    1    1    1    1    1    0    1    1    1    1    1    1    1    1    1    0    1    1    1    1    1    1    1    1    1    1    1    1    1    1    1    0    1    1    1    0    1    1    1    1    1    1    1    1    0    0    1    1    1    0    0    1    1    1    1    1    1    1    1    1    1    1    1    0    1    1    1    1    1    1    0    0    1    0    0    0    0    1    0    0    1    0    1    0    0    1    1    0    1    0    0    0    1    0    1    0    0    0    0    0    0    1    1    0    0    1    0    0    1    1    1    0    0    0    0    0    1    0    0    0    1    1    0    0    1    1    0    0    0    1    0    1    0    0    0    0    1    0    0    0    0    0    0    1    1    0    0    0    1    0    1    0    1    0    0    0    1    0    1    0    0    0    0    0    0    0    0    1    0    0    
50    0.516555    0.826033    1    0    1    0    0    0    1    1    1    1    1    1    1    0    1    1    1    1    1    1    1    0    1    1    1    1    1    1    1    1    1    1    0    1    1    0    1    1    1    1    1    1    1    1    1    1    1    1    1    1    1    0    1    1    0    1    1    1    1    1    1    1    1    1    1    1    1    1    1    1    1    1    1    1    1    1    1    1    0    1    1    1    1    1    1    1    1    1    1    1    1    1    1    1    1    1    0    1    1    1    0    1    0    0    0    0    1    1    0    0    0    1    1    0    0    1    1    0    0    0    1    1    1    1    1    0    0    0    1    0    0    0    1    0    0    0    0    1    0    0    0    1    0    0    0    0    0    1    0    0    0    0    0    0    0    0    0    0    0    0    1    1    0    1    0    0    1    0    1    1    0    0    0    0    1    0    0    0    0    0    1    1    0    1    1    0    0    0    0    0    0    1    0    0    0    0    1    0    0    0    
50    0.313468    0.210439    1    0    1    1    1    1    0    1    0    1    1    1    1    1    1    0    1    1    1    1    1    1    1    1    1    1    0    1    1    0    1    1    1    1    1    0    1    1    0    1    1    1    1    1    0    1    1    1    1    1    1    1    1    1    1    1    0    1    1    1    1    1    1    0    0    0    1    0    1    1    1    1    1    1    1    1    0    1    0    1    1    1    1    0    1    0    0    0    1    1    1    1    1    1    1    1    0    1    1    1    0    0    1    0    0    0    0    0    0    0    1    0    0    0    0    0    0    1    1    0    1    0    0    1    0    0    0    1    1    0    1    1    0    1    0    1    1    1    0    0    1    1    1    1    0    1    0    0    0    0    0    0    0    1    0    1    1    0    1    0    1    0    0    0    0    1    0    0    0    1    0    0    0    0    1    0    0    0    0    0    0    0    1    0    0    0    0    0    0    1    1    1    0    0    0    0    0    0    1    1    
50    0.532522    0.421397    0    1    1    0    1    1    0    0    1    1    1    0    1    1    1    1    0    0    0    1    1    1    0    1    0    1    1    1    0    1    1    0    1    1    1    1    1    1    1    1    1    1    1    1    1    1    0    0    0    1    1    1    1    0    1    0    0    1    0    1    0    1    1    0    1    1    0    1    0    0    1    1    1    0    1    1    1    1    1    1    1    1    1    1    1    1    0    1    0    1    1    1    1    0    1    0    1    1    1    1    0    0    1    1    0    0    0    0    1    1    0    1    0    0    0    0    0    1    1    0    0    0    0    0    0    1    0    1    1    1    1    0    0    1    0    0    0    0    1    0    1    0    0    0    0    0    0    0    0    1    0    0    0    0    0    0    1    1    0    0    1    0    0    0    0    0    0    1    0    1    0    1    1    1    0    1    1    0    1    0    1    0    0    0    1    0    0    0    0    0    0    0    1    0    1    1    0    1    0    0    
50    0.979288    0.50844    1    0    1    1    0    0    1    1    0    1    1    0    1    1    1    1    0    1    1    1    0    1    1    1    1    1    1    1    0    1    1    0    1    0    1    1    1    1    1    0    1    1    1    1    1    1    1    1    1    1    1    1    0    1    1    1    0    1    1    1    1    1    1    1    0    1    1    1    1    1    1    1    1    1    0    1    1    1    1    1    0    1    1    0    1    1    1    1    1    1    0    1    0    1    0    1    0    1    1    1    0    0    0    0    1    0    0    0    1    0    0    1    0    1    0    1    0    1    0    0    0    0    0    0    0    1    1    0    0    0    1    0    0    0    0    1    0    1    0    1    0    0    0    1    0    0    0    0    1    0    1    1    0    0    0    1    0    1    1    0    1    0    0    0    0    0    0    1    1    0    1    1    0    0    0    1    1    0    0    0    1    0    1    0    0    1    1    1    1    0    0    0    0    1    0    0    0    0    1    0    
50    0.137898    0.981301    1    1    1    1    1    1    1    1    1    0    1    1    1    1    1    1    1    1    1    1    1    1    1    1    1    1    1    1    1    1    1    1    1    0    1    1    1    1    1    1    1    1    1    1    1    1    1    1    1    1    1    1    1    1    1    1    1    1    0    1    1    1    1    1    1    1    0    1    1    1    1    1    1    1    1    1    1    1    1    1    1    1    1    1    1    1    0    1    1    1    1    1    1    1    1    1    1    1    1    1    1    0    1    0    1    1    1    0    0    0    0    1    1    1    1    0    0    1    0    0    1    0    0    0    1    1    0    1    0    1    1    0    1    0    0    1    1    1    0    0    0    0    1    1    0    1    0    0    0    1    0    0    0    1    1    0    0    0    0    0    0    0    0    0    0    1    0    0    1    0    0    0    0    0    1    0    1    1    0    0    0    1    0    1    0    0    1    1    1    1    1    1    1    0    0    0    0    0    1    0    
50    0.753258    0.810605    1    1    1    0    1    0    1    0    0    0    1    0    0    1    1    0    1    1    1    0    1    0    1    0    0    0    1    1    1    1    1    0    1    0    1    0    1    0    1    1    1    1    1    0    1    1    1    1    1    1    1    1    1    1    0    1    1    1    1    0    1    1    1    1    0    1    1    1    1    1    1    1    1    0    0    1    1    1    0    0    0    1    1    0    1    0    0    1    0    1    1    0    1    1    0    1    1    1    1    1    0    0    0    1    0    1    0    0    0    1    1    1    0    1    0    1    1    0    0    1    0    0    1    1    0    0    0    0    0    0    0    1    1    0    0    0    0    0    0    0    0    0    0    0    0    1    1    1    0    0    0    1    0    0    0    0    1    0    1    0    1    0    1    1    0    0    0    1    1    1    0    0    0    0    0    1    0    0    0    0    0    0    1    1    0    0    0    0    0    0    1    0    0    0    0    0    0    0    0    0    
50    0.0795955    0.645631    1    1    1    0    1    0    1    1    1    1    1    1    1    1    1    1    1    1    1    1    1    1    0    1    1    1    1    1    1    1    1    1    1    1    1    1    1    1    1    1    1    0    1    1    1    1    1    1    1    1    1    1    0    1    1    1    1    1    1    1    1    1    1    1    1    1    1    1    1    1    1    1    1    1    1    1    1    1    1    1    1    1    1    1    1    1    1    1    1    1    1    1    1    1    1    1    1    1    1    1    0    0    0    0    1    0    0    1    1    1    0    0    0    0    0    1    0    0    1    0    1    0    1    1    0    1    0    1    0    0    0    0    0    0    1    1    0    0    1    0    1    1    0    1    1    0    0    0    1    1    0    1    0    0    0    0    1    1    1    1    0    0    1    0    0    0    0    1    1    1    0    0    1    0    1    1    0    0    1    0    0    0    0    1    0    0    0    0    1    1    1    0    1    0    0    0    0    0    0    0    
50    0.521208    0.340382    1    1    1    0    0    0    1    0    1    1    1    1    1    1    1    1    1    1    1    1    0    1    1    1    1    1    1    1    1    0    1    0    1    1    1    1    1    1    1    0    0    1    1    0    1    1    1    1    1    1    0    1    1    1    1    1    1    0    1    1    1    1    1    1    1    1    1    1    0    1    1    1    1    1    1    1    1    1    1    0    1    0    1    1    1    1    1    1    1    1    1    0    1    0    1    0    1    1    0    0    0    0    0    0    0    0    0    0    0    0    0    0    1    0    1    0    0    0    1    0    1    0    1    0    0    1    0    0    1    0    0    0    0    0    0    1    0    0    1    0    0    1    0    0    1    0    0    0    0    1    1    0    0    1    0    1    1    0    0    0    0    0    0    1    1    0    0    1    0    1    1    0    1    1    1    0    0    1    0    0    0    0    1    0    0    1    0    0    1    0    0    0    0    1    0    0    0    1    0    0    
50    0.794968    0.348813    1    1    1    1    1    0    1    1    1    0    1    1    1    1    1    0    1    0    0    1    1    0    0    1    0    1    0    1    1    1    1    1    1    1    1    1    1    1    1    0    0    0    1    1    1    0    1    0    1    1    1    1    1    1    1    1    1    1    0    0    1    1    1    0    1    1    1    1    1    1    1    0    1    0    0    1    1    0    1    0    1    1    1    1    0    0    1    1    1    1    0    1    1    1    1    1    1    1    1    1    0    1    0    0    0    0    0    1    1    0    0    0    1    0    1    0    0    0    0    0    1    1    1    0    0    1    0    0    0    1    0    0    0    1    1    0    0    0    0    0    1    1    0    0    0    0    0    1    0    0    0    1    0    0    0    0    0    0    1    0    0    0    0    0    0    0    0    1    1    1    1    0    1    1    0    0    0    0    0    0    0    0    0    0    0    0    1    1    0    1    0    1    0    0    0    0    1    0    0    0    
50    0.188061    0.622223    0    1    1    1    1    1    1    1    1    1    1    1    1    1    1    1    1    1    1    1    1    1    1    1    0    1    0    1    1    1    1    1    1    1    1    1    0    1    1    1    1    1    1    1    1    1    1    1    0    1    1    1    1    1    1    1    0    1    1    1    0    0    0    0    1    1    1    1    1    1    1    1    1    1    1    1    1    1    1    1    1    1    1    1    1    1    1    1    1    1    1    1    1    1    1    1    1    1    1    1    0    0    1    0    0    1    0    0    0    0    1    0    0    1    0    1    0    0    0    0    0    0    1    0    0    0    1    0    0    0    1    0    1    1    1    0    0    1    0    1    1    0    0    1    0    0    0    0    0    0    1    0    0    1    0    0    0    0    1    0    0    0    0    0    1    1    1    0    0    0    0    0    0    1    0    0    1    0    1    1    0    0    0    0    0    0    1    1    1    0    1    0    1    0    0    0    1    0    0    1    
50    0.962852    0.893427    1    0    1    1    1    1    1    1    1    0    1    1    1    0    1    1    1    1    1    1    1    1    1    1    1    1    1    1    1    1    1    1    1    1    1    0    1    1    1    1    1    1    1    1    1    1    0    1    1    1    1    1    1    1    0    1    1    1    1    1    1    1    1    0    1    1    1    1    1    1    1    1    1    1    1    0    1    1    1    1    1    1    0    0    0    0    1    1    1    1    0    1    0    1    1    1    1    1    1    1    0    0    1    0    0    0    0    0    1    0    1    0    0    0    0    0    0    0    0    0    0    0    1    0    0    0    0    1    0    0    0    0    0    1    1    0    0    0    0    0    0    0    1    0    0    1    1    1    1    0    0    1    0    1    0    0    0    0    0    0    0    0    0    0    0    0    0    0    0    1    1    0    0    1    0    0    0    0    0    0    1    1    0    1    0    1    1    1    0    1    0    1    1    1    0    0    0    0    0    0    
50    0.46114    0.0302889    1    1    0    1    0    1    1    1    0    1    0    1    0    1    0    1    1    1    1    1    1    1    0    1    1    1    1    1    1    1    1    1    1    0    1    1    0    1    0    1    1    1    0    1    1    0    1    1    1    1    1    1    1    1    1    1    1    1    1    1    1    1    0    1    1    1    1    1    1    1    0    1    1    1    1    1    1    1    1    0    1    1    1    1    1    1    1    1    1    0    0    1    1    1    1    1    1    1    1    1    1    0    1    0    0    0    1    1    1    0    1    0    1    0    1    0    0    1    0    0    0    0    0    0    0    0    1    1    1    1    0    0    0    0    0    0    0    0    0    0    0    0    0    1    0    0    0    0    1    0    0    0    0    0    1    0    0    0    0    0    0    1    0    0    1    0    1    0    0    0    0    1    1    0    0    1    1    1    1    1    0    1    1    1    0    1    0    0    0    1    0    1    0    0    0    0    1    1    0    0    
50    0.351976    0.0851073    1    1    0    1    1    1    1    0    0    1    1    1    1    1    1    0    1    1    0    1    1    1    0    1    1    1    1    1    1    1    1    1    1    1    1    0    0    1    1    1    1    1    1    1    0    1    1    1    1    1    1    1    0    1    1    1    1    1    1    1    0    1    1    1    0    1    1    1    1    1    1    1    1    1    1    1    1    1    0    1    1    1    1    1    1    1    1    0    0    1    1    0    1    1    1    1    1    1    1    0    0    0    0    0    0    0    0    1    0    1    0    0    0    0    0    1    0    0    0    0    0    0    0    1    0    0    0    0    1    0    0    0    0    1    0    0    0    0    1    0    0    0    1    1    1    1    1    0    0    0    0    1    1    1    1    0    0    0    0    0    1    0    0    1    0    0    1    0    1    0    0    0    1    0    1    0    1    1    0    0    1    0    0    0    0    1    0    0    0    1    1    0    0    1    0    1    0    0    1    0    
50    0.198743    0.468439    1    1    1    1    0    1    0    1    1    1    1    1    0    1    1    1    1    1    1    1    1    1    1    0    1    1    0    1    1    1    1    1    1    1    1    1    0    0    0    1    1    1    1    1    1    1    1    0    1    1    1    1    1    1    1    1    1    1    1    0    1    1    1    1    1    1    1    1    1    0    1    1    1    1    1    1    1    0    1    1    1    1    1    0    1    1    1    1    0    0    1    1    1    1    1    1    1    1    1    1    1    1    0    0    1    1    1    0    0    0    0    0    0    0    0    0    0    1    1    0    0    0    1    0    0    0    0    0    0    0    0    0    0    1    0    1    0    0    0    0    1    0    0    1    0    0    1    0    0    0    1    0    0    1    0    0    0    0    1    0    0    0    0    0    0    1    1    0    1    0    0    0    0    0    1    0    0    0    1    0    0    0    0    1    0    0    0    0    1    0    0    1    1    1    0    0    0    0    1    0    
50    0.0722016    0.541874    1    1    1    1    1    1    1    1    1    1    1    1    1    1    1    1    1    0    1    1    1    1    1    1    1    1    1    1    1    0    1    1    1    1    1    1    1    1    1    1    0    1    1    1    1    1    1    1    1    1    1    1    0    1    1    1    1    1    1    1    1    1    1    1    1    1    1    1    1    1    1    1    1    1    1    0    1    1    1    1    1    1    0    1    1    0    1    1    1    1    1    0    1    1    1    1    0    1    1    1    1    0    1    0    1    0    0    1    1    1    0    0    1    0    0    0    1    1    0    0    0    1    0    0    0    0    0    1    1    1    1    0    0    0    1    1    0    0    1    0    0    1    1    0    0    0    0    1    1    0    1    1    1    0    1    0    0    0    1    1    0    0    1    0    0    1    0    0    1    1    1    0    0    0    1    0    0    1    0    0    1    0    0    0    0    0    0    1    0    0    0    0    0    1    0    1    0    1    1    0    
50    0.612681    0.660377    1    1    1    1    1    0    1    1    1    0    1    1    1    1    1    0    1    0    1    1    0    1    1    1    1    1    0    1    1    1    1    0    1    1    0    1    1    1    1    1    1    1    1    0    0    1    1    1    0    1    1    1    1    1    1    1    1    0    1    1    1    1    1    1    1    1    1    1    1    1    1    1    0    1    1    0    0    1    1    1    1    1    1    1    1    1    1    1    0    1    1    1    1    1    1    1    1    1    1    1    0    1    1    0    1    0    1    1    0    1    0    0    0    0    0    1    1    1    0    1    0    1    0    0    1    1    1    0    0    0    0    0    0    0    0    0    0    0    0    0    0    1    1    0    1    0    1    0    1    1    0    1    0    0    0    0    0    0    0    1    0    1    0    0    0    1    0    0    0    0    0    0    0    0    0    1    0    0    1    0    0    1    1    0    0    1    1    1    0    0    0    0    0    0    0    0    0    0    1    0    
50    0.524864    0.755885    1    1    0    1    1    1    1    1    0    1    1    1    1    1    1    1    1    1    1    1    1    1    0    1    1    0    0    0    1    1    0    1    1    1    1    1    1    1    1    1    1    1    1    1    1    1    1    1    0    1    1    1    1    1    0    1    1    1    1    1    1    1    1    0    1    1    1    1    1    1    1    1    1    1    0    0    1    1    1    1    1    1    1    1    1    1    1    1    1    1    1    1    1    1    1    1    1    1    1    1    0    0    0    0    0    0    0    1    1    0    1    1    0    0    0    0    0    0    0    0    0    1    0    0    0    0    0    0    0    0    0    0    1    1    0    1    0    0    0    0    0    1    0    1    0    1    0    0    1    0    0    1    0    0    0    1    0    0    0    1    1    0    0    0    1    0    1    0    1    0    0    1    0    0    0    0    0    1    0    0    1    0    1    1    0    1    0    0    0    1    0    0    0    1    0    1    0    1    0    1    
50    0.842481    0.560619    1    1    0    0    1    0    1    1    1    1    1    1    1    1    1    1    1    1    1    1    1    1    1    1    0    1    1    0    1    0    1    1    1    1    1    1    1    0    1    1    1    1    1    1    1    1    1    1    1    1    1    1    1    1    1    1    1    1    1    1    1    1    1    1    1    1    1    1    0    1    1    0    1    1    1    1    1    1    1    0    1    1    0    1    1    1    1    1    0    1    1    1    1    1    0    1    0    1    1    1    0    1    0    0    1    0    0    1    1    1    0    1    0    0    0    1    0    1    1    0    1    0    1    0    0    0    0    1    1    1    0    1    0    1    0    0    1    0    0    1    0    0    0    0    0    0    0    0    1    0    0    0    0    1    1    0    1    0    0    0    0    1    0    1    1    1    0    0    1    0    1    0    0    0    0    1    0    1    0    0    0    0    0    1    0    0    0    0    1    0    1    0    0    1    1    0    0    0    0    0    
50    0.475741    0.888812    1    1    1    1    1    0    1    1    1    1    1    1    1    1    0    1    0    1    1    1    1    0    1    1    0    1    1    1    1    1    1    1    1    1    1    1    1    1    0    1    1    1    1    1    1    1    1    1    1    1    1    1    1    1    1    1    1    1    1    0    1    1    1    1    0    1    1    1    1    1    1    1    0    1    1    1    1    1    1    1    1    1    1    0    1    1    1    1    1    1    1    1    1    0    1    1    1    1    1    1    0    0    1    0    0    0    1    1    1    0    0    1    0    1    1    0    0    0    1    0    0    1    0    0    0    0    0    0    1    0    0    0    0    0    0    0    1    0    0    0    0    1    1    0    0    1    0    1    1    1    1    1    0    0    1    1    0    0    0    0    0    0    1    0    0    1    0    0    0    0    0    0    0    0    0    0    0    0    0    1    1    0    0    1    0    0    1    0    1    0    1    0    1    0    0    1    1    1    0    1    
50    0.0827024    0.755976    1    1    1    1    1    1    1    1    1    1    1    1    1    1    1    1    1    1    1    1    1    1    0    1    1    1    1    1    1    0    1    1    1    1    1    0    1    1    1    1    1    1    1    1    1    1    1    1    1    1    1    1    0    1    1    1    1    1    1    1    1    1    1    1    1    1    1    1    1    0    1    1    1    1    1    1    1    1    1    1    1    1    1    1    1    0    1    1    1    1    1    1    1    1    0    1    0    1    1    1    0    1    0    1    0    1    0    1    0    0    1    0    0    0    0    0    0    0    0    0    1    0    0    0    0    1    1    0    1    0    0    0    1    0    1    1    0    0    1    0    0    0    0    0    1    0    0    0    0    0    0    0    0    0    0    0    0    0    0    1    0    0    0    0    1    0    0    1    0    0    1    1    0    1    0    0    0    1    1    0    1    0    0    0    1    1    0    0    0    0    0    0    0    1    0    0    0    0    0    1    
50    0.535568    0.8545    1    1    1    1    1    1    1    1    1    1    1    1    0    1    1    1    1    1    1    1    1    1    1    1    0    1    1    1    1    1    1    1    1    1    1    0    1    0    1    1    1    1    1    1    1    1    1    1    1    1    1    1    1    0    1    1    1    0    1    0    1    1    1    1    1    1    1    0    1    1    1    1    1    1    1    1    1    1    1    0    1    1    1    1    1    1    1    1    0    0    1    1    1    1    1    1    1    1    1    1    0    0    0    0    0    0    1    0    1    1    0    0    0    1    0    1    1    0    1    0    1    0    0    1    1    0    0    0    1    0    0    0    1    0    0    1    1    0    0    0    0    0    0    0    1    0    1    0    1    0    0    1    0    0    0    0    0    0    0    0    1    0    0    0    1    0    1    1    0    0    0    0    0    0    1    0    0    0    0    0    0    0    0    0    1    1    0    1    0    1    0    1    0    0    0    0    1    0    0    0    
50    0.573105    0.83558    1    1    1    1    1    1    1    1    1    1    1    1    1    1    0    0    1    1    1    1    1    1    1    1    1    1    1    1    1    1    1    1    1    1    1    1    1    1    0    0    1    1    1    1    1    1    0    0    1    1    1    1    1    1    0    1    1    1    1    1    1    1    1    1    1    1    1    1    1    0    1    1    0    1    0    1    1    1    1    1    1    1    1    1    1    0    1    1    1    0    1    1    1    1    1    1    1    1    1    1    1    0    0    1    0    1    0    0    0    0    0    0    1    1    1    1    1    0    0    1    0    1    1    0    1    0    0    1    0    1    0    1    0    0    0    0    1    0    0    1    0    0    0    0    0    0    1    1    0    1    0    0    0    1    0    0    0    0    1    0    0    0    0    0    1    0    0    0    0    0    0    0    0    0    0    1    0    0    0    0    0    1    0    0    0    0    0    1    0    0    0    0    0    0    0    0    1    0    0    0    
50    0.378981    0.460922    0    0    1    1    1    1    1    1    1    1    1    1    1    1    0    0    1    1    0    1    1    1    1    1    0    1    1    1    1    1    1    0    1    1    1    0    1    1    1    1    1    1    1    1    1    1    1    1    0    0    1    1    1    1    1    1    1    1    1    1    1    1    1    1    0    1    1    1    1    1    0    1    0    1    1    1    1    1    1    1    0    1    1    1    1    1    1    1    1    0    1    1    1    1    0    0    1    1    0    1    0    0    0    1    0    1    0    0    0    1    0    0    1    0    0    0    0    0    0    0    0    1    1    0    0    0    1    0    0    1    0    1    0    0    0    1    0    0    0    0    0    0    1    0    0    0    1    1    0    0    1    1    1    0    0    0    0    1    1    0    0    1    1    1    0    1    1    0    1    1    0    0    0    0    0    0    1    0    0    0    0    0    0    1    0    0    1    0    0    1    1    1    0    0    1    1    0    0    0    1    
50    0.287269    0.995088    1    1    1    1    1    0    1    1    0    1    1    1    1    1    1    1    1    1    0    1    1    0    1    1    1    1    1    1    1    1    1    1    1    1    1    1    0    1    1    1    1    1    0    1    1    1    1    1    1    1    1    1    1    0    0    1    1    1    1    1    1    1    1    1    1    1    1    1    1    1    1    1    1    1    1    1    1    1    1    1    0    1    1    1    1    0    0    1    1    1    1    1    1    1    1    1    1    1    1    1    0    0    1    1    0    0    0    1    1    1    1    1    0    0    0    0    0    1    1    0    0    0    1    0    0    0    0    1    0    0    0    0    0    1    0    0    0    1    0    0    0    0    0    1    0    0    0    0    0    0    0    0    0    0    0    0    0    0    1    0    0    0    1    0    1    0    1    0    1    0    1    1    0    0    1    0    0    0    1    0    0    0    0    0    0    0    0    0    1    0    1    0    0    1    0    1    1    1    0    1    
50    0.110429    0.25221    1    1    1    0    1    1    1    1    0    1    0    0    1    1    0    0    1    0    0    1    1    1    1    1    0    1    1    1    1    1    1    0    1    1    1    1    1    1    1    0    1    1    1    0    1    1    1    1    1    0    1    1    1    1    1    1    0    0    0    1    1    1    1    1    0    0    0    1    1    1    1    1    1    1    1    1    1    1    0    1    1    1    1    0    1    1    1    1    1    0    1    1    1    1    1    1    1    1    1    1    0    0    1    1    1    1    0    0    0    0    1    1    0    1    0    0    0    1    0    0    1    0    0    0    0    0    0    1    0    1    0    0    1    0    1    0    1    0    0    0    0    0    0    0    0    0    0    0    0    0    0    1    0    1    0    1    0    0    0    0    0    0    0    0    1    0    0    0    0    0    0    0    0    0    0    0    0    0    1    1    1    0    0    1    0    0    1    1    1    0    1    0    0    1    0    0    0    1    0    1    
50    0.613364    0.754484    0    0    1    1    0    1    1    0    0    1    0    1    1    1    1    1    1    1    1    1    1    1    1    1    1    1    1    1    1    1    1    1    1    1    1    1    1    1    1    1    1    1    1    1    1    1    1    1    1    1    1    1    1    1    1    1    1    1    1    1    1    0    1    1    1    1    1    1    1    1    1    1    1    1    1    1    1    1    1    1    1    1    1    1    1    1    1    1    1    1    1    1    1    1    1    1    1    1    1    1    1    1    0    0    0    0    0    0    0    0    1    1    0    0    1    1    0    1    0    1    0    0    0    0    0    0    0    0    1    0    0    1    0    0    0    1    0    0    0    1    0    1    0    0    0    0    0    1    1    0    0    0    0    1    0    1    0    0    0    0    0    0    0    0    0    0    0    0    0    0    0    1    0    1    0    1    0    0    0    0    0    0    1    0    0    0    0    0    1    0    0    0    0    0    0    1    0    0    1    0    
50    0.737089    0.444129    0    1    1    0    1    1    0    1    1    1    1    1    0    1    1    1    1    1    1    0    1    1    1    1    1    0    1    0    1    1    1    1    1    1    1    1    1    1    1    1    1    1    1    1    1    1    1    1    1    1    1    1    1    1    1    1    1    1    1    1    1    1    1    1    1    1    1    1    0    0    1    1    1    1    0    1    1    1    1    1    1    1    1    1    1    1    0    1    1    1    0    1    1    1    1    1    1    1    1    1    1    0    0    0    0    0    1    0    0    0    0    0    0    0    0    0    0    1    0    0    0    0    0    0    0    0    1    1    0    0    0    0    0    0    0    0    1    0    0    1    0    0    0    0    0    1    1    1    0    0    0    0    0    0    0    0    0    1    0    0    0    0    0    0    1    0    1    0    1    0    1    1    0    0    1    0    0    0    1    0    0    0    0    0    0    0    1    0    0    1    0    1    0    0    0    1    1    0    0    0    
50    0.0453606    0.250258    1    1    1    1    1    1    0    1    1    1    1    1    1    1    0    1    1    1    0    1    1    1    0    1    1    1    1    0    1    1    1    0    1    1    0    1    1    1    1    1    1    1    1    1    0    1    1    0    1    1    0    1    1    0    1    1    1    1    1    0    0    1    0    1    1    1    0    0    0    1    0    1    1    1    0    1    1    1    1    1    1    1    1    0    1    1    1    1    1    1    1    1    1    1    1    0    1    1    1    1    1    0    1    0    0    0    1    0    0    0    0    1    0    0    0    0    1    0    0    1    0    0    1    0    0    1    0    0    1    0    0    1    1    0    0    1    0    0    0    1    1    1    0    0    0    0    1    0    0    0    0    1    0    0    1    0    0    0    0    1    0    0    0    1    1    1    0    0    0    0    0    0    1    0    0    0    0    0    1    0    1    0    0    0    0    0    0    1    0    0    0    1    0    1    0    0    1    1    0    1    
50    0.0661952    0.570101    1    1    1    1    1    1    1    1    1    1    1    1    1    1    1    1    1    1    1    1    0    1    1    1    1    1    1    1    1    1    1    1    1    0    1    1    1    1    1    1    1    1    1    1    1    1    1    1    1    1    0    1    1    1    1    1    1    1    1    0    1    1    0    1    1    1    1    1    1    1    1    0    1    1    0    1    1    1    1    0    1    0    1    1    0    1    1    1    1    1    1    1    1    1    1    1    1    1    1    1    0    1    1    1    1    0    0    0    1    0    0    0    0    0    0    0    0    0    0    0    0    0    1    1    0    0    0    1    0    0    1    0    0    0    0    0    0    0    0    1    0    1    0    0    1    0    0    1    0    0    1    0    0    0    0    0    1    0    0    0    0    1    0    1    0    0    0    0    1    1    1    1    0    0    1    0    1    1    0    0    1    0    0    0    0    1    0    1    1    0    0    1    1    0    1    0    0    1    0    0    
50    0.898451    0.344022    0    1    0    1    0    1    0    1    1    1    1    1    0    1    1    1    1    1    0    1    1    1    1    1    1    0    1    1    0    1    1    1    0    1    1    1    1    0    1    1    0    1    1    1    1    1    1    1    1    1    1    1    1    1    0    1    1    1    1    1    1    1    1    1    1    0    1    1    1    0    1    1    1    1    1    1    1    1    1    1    0    1    1    0    1    0    1    1    1    1    1    1    1    1    1    0    1    1    0    1    0    1    1    0    0    0    0    0    0    1    0    1    0    0    0    0    0    1    0    0    0    1    0    1    1    1    0    1    0    0    0    0    1    0    0    0    0    0    0    1    1    1    0    0    0    1    1    0    0    0    1    1    1    0    0    0    0    0    0    1    0    1    0    0    0    0    1    0    0    1    1    1    1    1    1    1    0    0    0    0    0    0    0    0    0    0    0    1    1    1    1    0    0    0    1    1    0    0    1    0    
50    0.492965    0.858246    1    1    1    1    1    1    1    1    1    1    1    1    1    1    1    1    1    1    1    1    1    1    1    1    1    1    1    1    1    1    1    1    1    1    1    1    1    1    1    1    1    1    1    1    1    1    1    0    1    1    1    1    1    1    1    1    1    1    1    1    1    1    1    1    1    1    1    1    1    1    1    1    1    1    1    1    1    1    1    1    1    1    1    1    1    1    1    1    1    1    1    1    1    1    1    1    0    1    1    1    0    0    0    1    0    1    0    0    0    0    1    0    0    0    1    0    0    0    0    1    0    0    1    1    0    0    1    0    0    0    0    1    0    0    0    0    1    1    0    0    0    0    0    0    0    0    0    1    0    0    0    1    0    0    0    0    0    0    1    0    1    0    0    0    1    0    0    0    1    0    0    0    0    0    1    1    0    0    0    0    0    0    1    1    1    1    0    1    0    1    0    1    0    0    0    0    0    0    1    0    
50    0.770765    0.388965    0    1    1    0    1    1    1    1    0    1    1    1    1    1    0    1    1    0    0    1    1    1    1    1    0    0    1    1    0    1    0    1    1    1    1    1    1    1    0    1    1    0    1    1    1    1    1    1    1    1    1    0    0    0    1    1    0    1    1    1    1    1    1    1    1    1    0    1    1    1    1    1    1    1    1    1    1    1    0    1    0    1    1    0    1    0    1    1    1    0    1    1    1    1    0    1    0    1    1    1    0    0    1    1    0    0    0    1    1    0    0    0    0    0    0    0    0    0    0    1    0    0    1    1    1    0    1    1    0    0    0    0    0    0    1    0    1    0    0    0    1    0    0    1    0    0    0    0    0    0    1    0    0    1    1    1    0    1    0    0    1    0    1    0    0    0    1    0    1    0    0    1    0    0    0    0    0    0    1    0    1    0    0    1    1    0    0    0    0    0    1    0    0    0    1    1    0    0    0    0    
50    0.00121397    0.0547927    1    1    0    1    1    1    1    1    1    1    1    1    1    1    1    0    1    1    1    1    1    1    0    1    1    1    1    1    1    0    1    1    1    1    0    1    1    1    1    1    1    1    1    1    1    1    1    1    1    1    1    1    1    1    1    1    1    1    1    1    1    1    1    1    1    1    1    1    1    1    1    0    1    1    1    1    0    1    1    1    1    1    1    1    1    0    0    1    1    1    1    1    1    0    0    1    1    1    1    1    0    0    1    0    0    1    0    0    1    0    1    1    1    0    0    0    1    1    0    0    0    0    0    0    0    0    0    0    0    0    1    1    0    0    1    1    1    0    0    0    0    0    0    1    1    1    0    0    1    0    1    1    0    0    0    0    0    1    1    0    0    0    0    0    0    0    0    0    0    1    0    0    1    1    1    0    1    0    0    1    1    1    0    0    0    1    0    1    0    1    1    0    0    0    0    0    0    0    0    1    
50    0.152774    0.676196    1    1    1    1    1    1    1    1    1    1    1    1    0    0    1    0    1    1    1    1    1    1    1    1    1    1    1    1    1    1    1    1    1    1    1    1    0    1    1    0    1    1    1    1    1    1    1    1    1    1    1    1    1    1    1    1    1    1    1    1    1    1    1    1    1    1    1    1    0    1    1    1    0    1    1    1    1    1    1    1    1    1    0    1    1    1    1    1    1    1    1    1    1    1    1    1    1    1    1    0    0    0    1    0    1    0    0    0    1    0    0    1    1    0    0    1    0    0    1    0    0    0    0    0    0    0    1    1    0    0    0    0    0    0    1    1    1    0    1    1    0    0    0    0    0    0    0    0    0    1    0    0    0    1    0    0    1    0    1    0    0    1    1    1    1    0    0    0    0    0    0    0    0    1    0    1    1    0    0    0    0    0    0    1    1    0    0    1    0    0    0    0    0    0    1    0    0    0    1    0    
50    0.171414    0.537143    1    1    1    1    1    1    1    1    1    1    0    1    1    1    1    1    1    1    1    1    1    1    1    1    1    1    1    1    1    1    1    1    0    1    1    1    1    1    1    1    1    1    1    1    1    1    0    0    1    1    1    1    1    1    0    1    1    1    1    1    1    1    1    1    1    0    1    1    1    1    1    0    1    1    1    1    1    1    1    0    1    1    1    0    1    1    1    1    1    1    1    1    0    1    1    1    0    0    1    1    0    0    1    0    0    1    0    0    1    0    0    0    0    0    0    0    1    1    1    1    0    0    0    0    1    1    0    0    0    0    0    0    0    0    0    0    0    0    1    0    1    0    0    0    0    0    0    0    1    0    0    1    0    0    1    0    0    0    0    1    0    1    1    0    0    0    0    0    0    0    1    0    0    0    0    1    0    0    1    0    0    0    0    0    1    0    1    0    1    1    1    1    1    1    0    0    0    0    1    1    
50    0.577643    0.312824    1    1    1    1    1    1    1    0    0    1    1    1    1    1    1    1    1    1    0    1    1    1    1    0    1    1    1    1    1    1    1    0    0    1    1    1    1    1    1    1    1    1    1    1    1    1    0    1    1    1    1    1    1    1    1    1    1    1    1    1    1    1    1    1    1    1    1    1    0    1    1    1    1    1    1    1    1    1    0    1    0    1    1    1    1    0    0    1    0    1    1    1    1    0    0    0    1    1    1    1    0    1    0    0    0    0    1    0    1    1    0    0    1    0    0    0    0    0    0    1    0    1    0    0    0    1    1    0    0    0    0    0    0    0    0    0    1    0    0    1    0    0    1    0    1    0    1    0    1    0    0    1    0    1    0    1    1    1    0    1    0    0    0    0    0    0    0    0    0    0    0    1    0    0    0    1    1    1    0    0    1    0    0    1    0    1    0    1    0    1    1    1    0    0    0    1    0    0    0    0    
50    0.33018    0.756296    1    1    1    1    1    1    1    1    1    1    1    1    1    1    1    1    1    1    1    1    1    1    1    1    1    1    1    1    1    1    1    1    1    1    1    1    1    1    1    1    1    1    1    1    1    1    1    0    1    1    1    1    1    1    0    0    1    1    1    1    1    1    1    1    1    1    1    1    1    1    1    1    1    1    1    1    1    1    0    1    1    1    0    1    1    1    1    1    1    1    1    1    1    1    1    1    1    1    1    0    0    0    0    1    0    0    0    0    0    0    0    0    0    0    0    1    0    1    0    1    1    1    0    0    1    0    0    0    0    1    1    0    0    1    0    0    0    1    1    0    0    0    0    0    0    1    1    0    0    1    1    0    1    1    1    0    1    0    0    0    0    1    0    0    0    1    0    0    1    0    0    0    1    0    0    0    0    0    1    0    1    0    0    0    0    0    0    1    0    0    1    0    0    0    0    0    1    1    1    0    
50    0.846837    0.665975    1    1    0    1    1    1    1    1    1    1    1    0    0    1    1    1    1    1    0    1    0    0    1    1    0    1    1    1    1    1    1    0    1    0    1    1    1    0    1    1    1    1    1    1    1    1    1    1    0    1    1    1    1    1    1    1    1    1    1    1    1    0    1    0    1    1    1    1    1    1    1    1    1    1    1    1    0    1    0    1    1    1    1    1    0    0    1    1    1    1    1    0    0    1    1    0    0    1    0    1    1    0    1    1    0    0    1    0    0    0    1    1    0    0    1    0    0    0    0    0    0    0    0    1    1    0    1    1    0    1    0    0    0    0    0    0    1    1    1    1    1    0    0    1    0    0    0    0    0    0    0    1    1    0    0    1    0    0    1    0    0    1    1    0    0    1    0    1    1    0    0    0    0    0    0    0    1    1    0    1    0    0    0    1    1    0    0    1    0    0    0    0    0    0    1    1    0    0    0    1    
50    0.101902    0.417271    1    0    1    1    1    0    1    0    1    0    1    1    1    1    1    0    1    1    1    1    1    1    1    1    1    1    1    1    1    1    1    0    1    1    1    1    1    1    0    0    1    1    1    0    1    0    0    1    1    0    1    1    1    1    1    1    1    1    1    1    1    1    1    1    1    1    1    1    0    0    1    1    1    1    1    1    1    1    1    1    1    1    1    0    1    0    1    1    1    1    1    1    0    1    1    1    0    1    0    0    0    0    0    1    0    1    0    1    1    0    0    1    0    1    0    0    0    0    0    0    1    0    0    0    1    0    0    0    0    1    0    0    0    1    0    0    0    1    1    1    0    0    0    0    0    0    0    1    0    0    0    0    0    0    0    0    1    0    0    0    0    1    1    0    1    0    0    0    0    1    0    1    1    0    0    0    0    0    0    0    0    0    0    0    0    0    0    0    1    0    1    1    1    1    0    0    1    1    0    1    
50    0.102166    0.533119    1    1    1    0    0    1    1    1    1    1    0    1    1    1    1    1    1    1    1    0    0    1    1    0    1    1    0    1    1    1    1    1    1    1    1    1    1    1    1    1    1    0    1    1    1    1    0    1    1    1    1    1    1    0    0    1    1    1    0    0    1    1    1    0    1    1    1    1    1    1    1    0    1    1    1    1    1    1    1    1    1    1    1    0    1    1    1    1    1    1    0    1    1    1    1    1    1    1    1    0    0    0    1    0    0    0    0    0    0    1    0    0    0    0    1    0    0    0    1    1    0    1    0    1    0    0    1    0    0    0    1    1    0    0    0    0    1    0    0    0    1    0    0    0    0    0    1    1    1    1    0    0    0    1    0    0    0    0    0    0    0    0    0    0    0    0    0    0    0    0    0    0    0    0    1    1    0    1    0    0    0    0    1    0    0    1    0    0    0    1    1    0    0    1    0    0    0    1    0    0    
50    0.157576    0.887359    1    1    0    1    1    1    1    1    1    1    1    1    1    1    1    1    1    1    1    1    1    1    1    1    1    1    1    1    1    1    0    1    1    1    1    0    1    1    1    1    0    1    1    1    1    1    1    1    1    1    1    0    0    1    1    0    1    1    1    1    1    1    1    1    0    1    1    1    1    1    1    1    1    1    1    1    0    1    1    1    0    0    1    1    1    1    1    1    1    1    1    1    1    1    0    1    1    0    0    1    1    1    0    0    1    0    1    1    1    1    1    1    1    0    0    0    0    1    1    0    0    1    0    1    0    0    1    1    0    1    1    0    1    0    0    0    0    0    0    1    1    0    1    0    0    0    0    0    0    0    0    1    0    0    0    0    1    0    1    1    1    0    0    1    1    1    1    1    1    0    1    0    1    0    0    1    0    0    0    0    0    0    0    0    0    0    0    0    1    0    1    0    0    0    1    1    0    0    1    1    
50    0.331416    0.0562878    1    1    1    1    1    1    1    1    1    1    1    1    1    1    0    1    1    1    1    1    0    1    1    1    1    0    1    1    1    1    0    0    1    1    1    0    1    1    1    1    1    1    1    1    1    1    1    1    1    1    1    1    1    1    1    0    1    1    1    1    1    0    1    1    1    1    0    1    0    1    0    0    1    1    1    1    0    1    1    1    0    1    1    1    1    1    1    1    1    1    1    1    1    1    1    1    1    1    1    1    1    1    0    0    0    1    0    0    0    0    0    1    0    0    0    0    1    0    0    1    0    0    0    0    0    0    1    0    0    1    0    0    0    0    0    0    1    1    0    0    0    0    0    0    1    1    0    0    0    1    0    0    0    1    0    0    0    0    0    0    0    0    0    0    1    0    0    0    1    1    1    0    0    1    0    1    1    0    0    0    1    0    0    1    0    0    0    0    0    0    1    0    0    1    0    0    0    0    0    1    
50    0.740537    0.401373    0    1    1    1    1    0    1    1    1    1    1    0    1    1    1    1    1    1    1    1    1    1    1    0    1    1    1    1    1    1    1    1    1    1    1    1    1    1    1    0    1    1    1    1    0    0    0    1    1    1    1    0    1    1    1    1    1    1    0    1    1    1    0    1    1    0    1    1    0    0    1    1    1    1    1    1    1    0    1    1    1    1    1    1    1    1    1    1    1    1    1    1    1    1    0    1    0    1    0    1    0    1    1    0    1    0    0    0    1    1    1    0    0    0    0    0    0    0    0    0    0    0    0    0    1    0    1    0    0    1    0    0    0    0    0    0    0    1    0    0    0    0    1    0    1    1    1    0    1    1    0    0    0    0    1    0    0    1    1    1    0    0    0    1    0    0    1    0    1    1    0    0    1    0    1    0    1    1    0    0    0    0    1    0    0    0    1    0    1    0    0    0    0    1    1    1    1    0    0    0    
50    0.815813    0.049159    0    1    1    1    1    1    1    1    1    0    0    1    1    1    0    1    0    1    1    0    1    1    1    1    1    1    1    1    0    1    1    0    1    1    1    0    1    1    1    1    1    1    0    1    0    1    1    1    1    0    1    1    1    1    1    0    1    1    1    1    1    1    1    0    1    1    1    1    0    1    1    0    1    1    1    0    0    1    1    1    1    1    1    1    0    1    1    1    0    1    1    1    1    1    1    0    1    1    1    1    0    1    0    1    0    0    0    0    0    0    0    1    0    0    0    0    0    0    0    0    1    0    1    0    0    0    0    1    0    0    0    0    1    0    0    1    0    1    1    1    0    0    0    1    1    0    0    0    0    1    0    0    0    1    1    1    0    0    0    1    0    0    0    0    1    0    1    0    0    1    1    0    0    0    0    0    0    1    1    0    0    1    1    0    0    0    0    1    1    1    0    0    0    0    0    0    0    0    1    1    
50    0.304128    0.743887    1    0    1    1    0    1    1    1    1    1    1    1    1    1    1    1    1    0    1    1    1    1    0    1    1    0    1    1    1    1    1    0    1    1    1    1    1    1    1    1    1    1    1    1    0    0    1    1    1    1    1    1    1    1    1    1    1    1    1    1    0    0    1    1    1    1    1    1    1    1    1    1    1    1    1    1    0    1    1    1    1    1    1    1    0    1    1    1    0    1    1    1    0    1    0    1    0    1    1    1    0    0    0    0    0    0    0    0    1    0    0    0    0    0    0    0    0    0    1    0    0    1    0    1    0    0    0    1    0    1    0    0    0    1    0    0    0    0    0    0    1    0    0    1    0    0    1    0    0    0    0    0    0    0    1    1    0    0    0    0    0    0    0    0    1    0    0    0    1    0    1    0    0    0    0    1    1    0    0    0    0    0    0    0    1    1    0    1    0    0    0    0    0    0    0    0    0    0    0    0    
50    0.876607    0.549781    1    1    0    0    1    1    0    0    0    1    1    1    1    1    1    1    1    1    0    1    1    1    1    1    1    1    1    1    1    1    1    1    1    0    1    1    1    0    0    0    0    1    0    1    1    1    1    1    0    1    1    1    1    1    1    1    1    1    1    1    1    1    1    1    1    1    1    1    1    1    1    1    1    1    1    1    1    1    1    1    1    1    1    1    1    1    1    1    1    1    1    1    1    0    1    1    1    1    1    1    1    0    1    1    1    0    0    0    0    0    0    0    1    0    0    1    0    0    0    1    0    0    1    0    0    0    0    0    0    0    0    1    0    0    0    0    1    1    0    0    1    0    0    1    1    1    0    0    1    0    0    0    0    0    0    1    0    0    0    1    1    0    0    1    1    0    0    0    0    0    0    0    0    0    1    0    1    0    0    1    1    0    1    1    1    1    0    1    0    1    0    1    1    0    0    0    0    0    0    1    
50    0.292649    0.825882    1    1    1    1    1    0    1    1    1    1    0    1    1    1    1    1    1    1    1    0    1    1    1    1    1    1    1    1    1    1    1    0    1    1    1    1    1    1    1    1    0    1    1    1    1    1    1    1    0    1    1    1    1    1    1    0    1    1    1    1    1    1    1    1    1    1    1    0    1    1    1    1    1    1    1    1    1    1    1    1    0    1    1    1    1    1    1    1    1    0    0    1    1    1    1    0    1    1    1    1    0    0    0    0    0    0    0    1    0    0    0    0    0    0    0    0    1    0    1    0    0    1    0    1    0    1    1    1    0    0    0    1    1    0    0    1    0    0    1    0    0    0    1    1    0    0    0    1    0    0    1    0    1    0    0    0    1    0    0    0    1    0    0    0    0    0    1    1    1    0    1    0    1    0    0    0    1    0    0    0    0    1    1    1    0    0    1    0    0    0    0    1    0    1    0    1    1    0    0    1    
50    0.297634    0.320716    1    1    1    0    1    1    1    1    1    1    1    1    1    1    0    0    1    1    1    1    0    0    0    1    1    1    1    1    1    1    1    1    1    1    1    0    1    1    1    1    0    1    1    1    1    0    1    0    0    0    0    1    1    1    1    0    1    1    1    1    1    0    1    1    1    0    1    1    1    1    1    1    1    1    1    1    1    1    1    1    1    0    1    0    0    1    1    0    1    0    1    0    1    1    1    1    1    1    1    1    0    0    1    1    1    0    0    1    1    0    0    0    1    1    0    0    0    0    0    0    0    1    0    0    0    0    0    0    0    0    0    0    0    0    0    0    1    1    0    0    0    0    0    1    0    0    0    0    1    1    0    0    1    0    0    1    0    0    0    0    1    0    0    0    1    0    1    0    0    1    0    0    0    1    0    1    0    0    0    0    1    1    0    0    0    1    1    0    1    1    1    1    1    0    1    0    0    1    0    0    
50    0.136953    0.0455457    1    1    1    0    1    1    1    1    1    1    1    1    1    0    1    0    1    1    1    1    1    1    1    1    1    1    1    1    1    1    1    1    1    1    1    1    0    1    0    1    1    1    1    0    0    1    1    1    1    1    1    1    1    0    1    1    1    1    0    0    1    1    1    1    1    1    1    1    1    1    0    1    0    1    1    1    1    1    0    1    1    1    1    1    1    1    1    1    1    1    1    1    1    1    1    1    1    1    1    1    0    0    1    1    0    0    1    0    0    0    0    0    0    1    1    0    0    0    1    0    0    1    1    0    0    0    1    1    0    1    1    0    0    0    0    1    1    0    0    1    0    0    0    0    0    1    0    1    0    0    1    0    0    0    1    1    0    1    0    0    0    0    0    0    0    0    0    0    1    0    0    0    0    1    1    1    1    1    1    0    0    1    0    0    1    0    1    1    0    0    0    1    0    1    0    0    0    0    0    0    
50    0.00842208    0.691512    0    1    1    1    1    1    1    1    0    1    1    1    1    1    1    1    1    1    1    1    1    1    1    1    1    1    1    0    1    1    1    0    1    1    1    1    1    1    1    1    1    1    1    1    1    1    1    1    0    1    1    1    0    1    1    0    1    1    1    1    1    1    1    1    1    1    1    1    0    1    1    1    1    1    1    1    1    1    1    1    1    1    1    1    1    1    1    1    1    1    1    1    1    1    1    1    1    1    1    1    0    1    0    0    1    0    0    1    0    0    0    1    1    0    0    0    1    1    0    0    0    1    1    0    0    0    1    1    0    1    0    0    0    0    0    0    0    0    1    0    1    0    1    0    0    0    0    1    0    1    0    1    0    0    1    1    0    0    0    0    0    0    0    1    1    0    0    1    1    1    0    0    0    0    0    1    0    1    0    1    1    0    0    1    1    1    0    1    0    0    0    0    1    1    1    1    0    0    0    0    
50    0.683417    0.450597    1    1    1    1    1    1    1    1    1    1    1    1    1    1    1    1    1    1    1    1    1    1    1    1    1    1    1    1    1    0    1    1    1    1    1    1    1    1    1    0    1    1    0    1    1    1    0    1    1    1    1    1    1    1    1    1    1    1    1    1    1    1    1    0    0    0    1    1    0    1    1    1    1    1    1    1    1    1    1    1    1    1    1    1    1    0    1    1    1    1    1    0    1    1    1    1    1    1    1    1    0    1    0    1    0    0    0    0    1    0    0    0    1    1    1    0    1    1    0    1    1    1    0    0    1    0    1    1    1    0    0    1    0    0    1    0    1    0    1    0    1    0    1    1    1    0    0    1    1    0    0    1    0    0    0    1    0    1    0    0    0    0    1    1    0    0    0    0    1    1    1    0    0    1    1    1    1    0    0    1    1    0    0    0    0    0    1    1    1    0    0    0    0    1    1    0    0    0    0    0    
50    0.173867    0.188827    0    0    1    1    1    1    1    0    1    1    0    1    1    1    0    1    1    1    1    1    1    1    1    1    1    1    1    1    1    1    1    0    1    1    1    0    1    1    1    1    1    1    1    1    1    1    1    1    1    1    1    1    1    0    1    0    1    0    1    0    0    1    1    1    1    1    1    1    1    1    0    1    1    1    1    1    1    1    1    1    1    1    0    1    1    1    1    1    1    1    1    1    1    0    1    1    1    1    1    0    0    0    0    1    1    1    0    0    0    0    1    0    0    0    0    1    1    0    0    0    1    1    0    1    1    1    1    0    0    0    1    0    1    0    0    1    0    1    0    0    1    0    0    0    0    0    0    0    0    0    1    0    1    0    1    0    0    0    0    0    0    0    0    0    0    0    0    0    1    0    0    0    0    0    0    1    0    0    0    0    0    0    1    0    1    1    1    0    0    1    1    0    0    1    1    0    0    0    0    0    
50    0.288719    0.977987    1    0    1    1    1    1    1    1    1    1    1    1    1    1    1    1    1    1    1    0    0    1    1    1    1    0    1    1    1    1    1    1    1    1    1    0    1    1    1    0    1    1    1    1    1    1    1    1    1    1    1    1    1    1    1    1    1    1    1    1    0    1    0    1    1    1    1    1    1    1    1    1    1    1    1    1    1    1    1    1    1    1    1    1    1    1    1    1    1    0    1    1    1    1    1    1    1    1    1    1    0    0    0    1    1    0    0    1    0    1    0    1    0    0    1    0    1    0    1    1    1    1    0    1    0    1    1    1    0    1    0    1    0    1    0    0    0    0    0    0    0    0    0    1    1    0    0    0    0    0    1    0    0    0    0    1    1    1    0    0    1    0    1    0    0    1    0    0    0    0    0    0    0    1    1    0    0    0    0    0    1    0    1    0    1    0    0    0    0    0    1    0    1    1    0    1    0    0    0    0    
50    0.838715    0.128532    1    1    1    1    1    1    1    1    1    1    1    1    1    1    1    1    1    1    0    1    1    1    1    1    1    1    1    1    1    1    1    1    0    1    1    1    1    0    1    1    1    1    1    1    0    1    1    1    1    1    1    0    0    1    1    1    0    1    1    1    1    1    0    1    1    0    1    0    1    1    0    1    1    1    1    1    1    1    1    1    1    1    1    0    1    1    1    1    1    1    0    0    1    1    1    1    1    1    1    1    0    0    0    1    1    0    1    0    0    0    0    0    0    0    1    1    1    0    0    0    1    0    0    0    1    0    1    0    1    0    0    0    0    1    0    0    0    0    1    0    0    1    1    0    0    0    0    0    1    0    1    0    1    0    1    0    0    1    0    0    1    0    0    0    0    0    0    0    0    0    1    0    1    0    0    1    0    1    0    1    0    0    0    1    0    0    0    1    0    0    0    0    0    0    0    1    0    0    1    1    
50    0.876467    0.119937    1    1    1    1    1    1    1    1    1    1    1    1    1    1    1    0    1    1    1    0    1    1    0    1    0    1    1    1    1    1    0    1    1    1    1    1    1    1    1    1    1    1    1    0    1    1    1    1    1    1    0    1    1    1    0    1    1    1    1    1    1    1    1    1    1    1    1    1    1    1    1    1    1    0    1    1    1    1    1    1    0    1    1    0    0    1    1    1    1    1    1    1    1    1    1    0    1    1    1    1    0    0    0    0    0    0    0    0    0    1    0    0    0    1    0    0    0    0    0    0    0    0    0    0    0    0    0    0    0    0    1    0    0    0    1    0    1    0    0    0    0    1    0    0    0    0    0    0    0    1    1    1    1    1    0    1    0    0    0    1    0    1    1    0    1    0    0    0    1    0    0    0    0    0    0    0    0    0    0    0    0    1    0    0    0    1    1    0    0    1    1    1    0    0    0    0    0    1    1    1    
50    0.562255    0.252354    1    0    1    0    0    1    1    1    1    1    1    1    1    1    1    1    1    1    1    0    1    1    1    0    1    0    1    0    1    0    1    1    1    1    0    1    1    1    1    1    1    1    1    1    1    1    1    1    1    1    1    1    0    1    1    1    1    1    1    1    1    0    1    1    1    1    1    1    1    0    0    1    1    0    0    1    1    1    0    1    0    1    1    1    1    1    1    1    0    1    1    0    0    1    0    0    0    0    1    1    0    1    1    0    0    1    1    1    0    0    0    0    0    1    0    0    0    1    0    1    0    0    1    0    1    0    0    1    0    1    1    0    0    0    1    0    1    0    0    0    1    0    1    1    0    1    0    0    0    1    0    0    0    1    0    0    1    1    1    0    1    0    0    0    0    1    0    1    0    0    0    0    0    0    1    0    0    0    0    0    1    1    1    1    0    0    1    0    1    0    0    0    1    0    1    0    0    0    0    1    
50    0.350806    0.809577    1    1    1    1    1    1    1    1    1    1    1    1    1    1    1    1    1    1    0    1    1    1    1    1    1    1    1    1    1    1    1    1    1    1    1    1    0    0    1    1    1    1    1    1    1    1    1    0    1    0    1    1    1    1    1    1    1    1    1    1    1    1    1    1    1    1    1    1    1    1    1    1    1    1    1    1    1    1    1    0    0    1    1    1    1    1    0    1    0    1    1    1    1    0    1    1    1    1    0    1    0    0    1    0    1    0    0    1    0    0    0    0    0    1    0    0    0    1    0    0    1    0    1    0    0    0    1    1    0    0    0    1    0    1    1    0    1    0    0    0    1    0    0    1    1    0    0    1    1    0    1    1    0    0    0    0    1    0    0    0    1    0    1    0    0    0    0    0    0    1    1    0    0    1    1    0    0    0    1    0    0    1    0    0    0    0    1    0    0    1    0    0    0    1    1    0    0    1    0    0    
100    0.151654    0.125799    1    1    1    1    1    1    1    1    1    1    1    1    1    1    1    1    1    1    0    1    1    1    1    1    1    1    1    0    1    1    1    1    1    1    1    1    1    1    1    1    1    1    1    1    1    1    0    1    1    1    1    1    1    1    1    1    1    1    1    1    1    1    1    1    1    0    1    1    1    1    1    1    1    1    1    1    1    1    1    1    1    1    1    1    1    1    0    1    1    1    0    1    0    1    1    0    1    1    1    1    0    0    1    1    1    0    0    0    0    0    0    0    1    1    1    1    0    1    1    0    0    1    0    0    0    1    1    1    1    0    0    0    0    0    1    0    1    1    0    1    0    0    0    0    0    0    1    0    0    0    0    0    1    0    0    1    0    1    0    0    1    0    0    0    0    0    0    1    0    1    0    0    0    0    0    0    0    1    0    1    0    0    0    0    0    1    1    1    0    0    0    0    0    1    1    0    1    0    0    1    
100    0.988885    0.939614    0    1    0    0    1    1    1    1    1    1    1    1    1    1    1    1    1    1    0    1    1    1    1    0    1    1    1    1    1    1    1    0    1    1    1    1    1    0    1    1    1    0    1    1    1    1    1    1    0    1    1    1    1    0    1    1    1    1    1    1    1    1    1    1    0    0    1    1    1    1    1    1    1    1    1    0    1    0    1    1    1    1    0    1    1    1    1    1    1    0    1    1    1    1    1    1    1    0    1    1    0    0    0    1    1    1    1    0    0    1    1    0    0    1    1    0    1    0    1    1    0    0    0    0    0    0    0    0    0    0    0    1    0    1    0    0    1    1    1    1    1    1    1    0    0    0    0    0    0    0    0    1    0    0    0    0    0    0    1    0    0    1    0    0    1    1    0    1    0    0    1    0    0    1    0    0    1    0    1    1    1    0    1    0    1    0    0    0    0    0    1    0    1    1    1    1    1    0    0    1    
100    0.483615    0.307605    1    0    1    0    1    1    0    0    1    1    0    1    1    1    1    1    1    1    1    1    1    1    1    0    1    1    1    1    0    1    1    1    1    1    1    1    1    1    1    1    1    1    1    1    1    1    0    1    0    1    1    1    1    1    1    1    1    1    1    1    1    0    1    0    1    1    0    1    1    1    1    1    1    1    1    1    1    1    1    1    1    0    1    1    1    1    1    1    0    0    1    1    0    1    1    1    0    1    1    1    0    1    0    0    1    0    0    0    1    0    1    0    0    0    0    1    1    0    1    0    1    1    0    0    0    0    1    1    0    0    0    0    0    1    0    1    1    0    0    0    1    0    0    1    1    1    1    1    0    0    0    1    0    1    0    0    1    0    1    0    1    0    0    1    0    0    0    0    0    1    0    0    1    1    0    0    0    0    0    0    1    0    0    0    0    0    0    0    0    0    0    0    1    0    1    0    0    0    0    1    
100    0.582538    0.95624    1    1    1    0    1    0    1    1    1    1    1    1    1    0    1    0    1    1    1    1    1    1    1    1    1    1    1    1    1    1    1    0    0    0    1    1    0    0    1    1    1    1    1    1    1    1    1    1    0    1    1    1    1    1    1    1    1    0    1    1    1    1    1    1    1    1    1    1    1    1    0    1    1    1    1    1    0    1    1    0    1    1    0    1    1    1    0    1    1    1    1    0    1    1    1    1    1    1    1    1    1    0    0    0    0    0    0    0    0    0    0    0    0    0    0    0    1    0    0    0    0    0    1    0    0    0    1    0    0    0    0    0    0    0    0    1    0    0    1    0    1    0    1    0    0    0    0    0    1    0    0    0    0    0    1    0    0    0    1    0    0    0    0    0    0    1    0    0    0    1    0    0    0    0    0    1    0    1    1    0    1    1    0    0    0    0    0    0    0    0    0    0    1    0    1    1    1    0    0    0    
100    0.312782    0.72143    1    1    1    1    1    1    1    1    1    1    1    1    1    1    1    1    1    1    1    1    1    0    1    0    1    1    1    1    1    1    1    1    1    1    0    1    1    1    1    1    1    1    1    1    1    1    1    0    1    1    1    1    1    1    1    0    1    1    1    0    1    1    1    0    1    1    1    1    1    1    1    0    0    0    1    1    1    1    1    1    1    1    1    1    0    1    1    1    0    1    1    1    1    1    1    1    1    0    1    1    0    1    0    0    1    0    0    1    1    1    0    0    1    0    1    0    1    0    0    1    1    0    0    0    1    1    0    0    0    0    1    0    0    0    1    1    1    0    0    0    0    0    0    0    0    0    0    1    0    1    0    1    1    1    0    0    0    0    0    1    0    0    1    1    0    0    0    1    1    1    0    1    0    0    0    0    1    0    0    1    1    0    0    0    1    0    0    0    1    0    0    1    0    1    1    1    1    0    1    0    
100    0.391673    0.729187    0    1    1    1    1    1    1    1    1    1    1    0    1    1    0    1    1    0    1    0    1    1    1    1    1    1    1    1    1    1    1    1    0    1    1    1    1    1    1    1    1    1    1    1    1    1    1    1    1    1    1    1    1    1    1    1    1    1    1    1    1    1    1    1    1    1    1    1    1    1    0    1    1    1    1    1    1    1    1    1    1    1    1    1    1    1    1    1    0    1    1    1    1    0    1    1    1    1    1    1    0    1    0    0    1    1    0    1    0    0    0    0    0    0    0    1    0    0    0    1    1    0    1    1    0    1    0    0    0    0    0    1    0    0    0    0    1    1    0    0    0    0    1    0    1    0    0    0    1    0    0    0    0    0    0    0    0    1    0    0    1    1    1    1    0    1    1    0    0    1    1    0    0    1    1    0    0    0    0    1    1    1    0    1    0    0    0    0    0    0    0    0    0    1    0    0    1    0    0    0    
100    0.11968    0.48776    0    1    0    1    1    1    1    1    1    1    1    1    0    1    1    1    1    0    1    1    1    1    1    1    1    0    1    1    1    1    1    1    1    1    1    1    1    1    1    1    1    1    1    0    0    1    1    1    0    1    0    1    1    1    1    0    1    1    1    1    1    1    1    1    1    1    1    1    1    1    1    1    1    0    1    1    0    0    1    1    1    1    1    0    1    1    1    1    0    1    1    1    1    1    1    0    1    1    1    1    0    1    1    0    0    1    0    0    0    1    0    1    0    0    0    0    1    0    1    0    1    0    0    1    0    1    0    0    0    0    0    0    1    0    0    1    0    0    0    0    1    1    0    0    0    0    0    0    0    1    0    0    0    0    0    0    0    0    0    1    1    1    0    0    0    0    0    1    0    1    0    1    1    0    0    0    1    0    0    0    1    1    0    1    0    0    1    1    0    0    0    1    0    0    0    0    0    0    1    0    
100    0.429755    0.226548    1    1    1    1    1    1    1    1    1    1    1    0    1    1    1    1    1    1    1    1    1    1    1    1    1    1    1    0    1    0    1    1    1    1    1    1    1    1    1    1    0    1    1    1    1    1    1    1    1    1    1    1    1    1    0    1    0    1    0    1    1    1    1    1    1    1    1    1    1    1    1    1    1    1    1    1    1    1    1    1    1    0    1    1    1    1    1    1    1    1    1    1    1    1    1    1    1    1    1    1    0    0    1    1    1    1    0    1    0    1    1    0    0    0    1    1    0    1    0    0    0    1    0    0    0    1    1    1    0    0    0    0    0    1    0    0    0    1    0    0    0    0    0    0    0    0    1    1    1    0    0    0    0    1    0    1    0    0    0    0    0    0    1    1    0    1    1    0    1    0    0    1    1    0    0    1    0    0    1    0    0    0    1    0    0    1    1    0    1    0    0    1    0    0    0    1    1    1    1    0    
100    0.738729    0.783946    1    1    1    1    1    1    1    1    1    0    1    1    1    1    1    1    1    1    1    1    1    1    1    1    1    1    1    1    1    1    1    1    1    1    1    1    1    0    1    1    1    0    0    1    1    1    1    1    1    1    1    1    0    1    1    0    1    1    1    1    1    1    0    1    1    0    1    1    1    0    1    0    1    1    1    1    1    1    0    1    1    1    0    1    1    1    1    1    0    1    1    1    0    1    1    1    1    0    1    1    0    0    0    0    0    0    0    0    0    0    0    0    0    0    0    0    0    0    0    0    0    0    1    0    0    0    0    0    0    1    1    1    1    1    1    0    1    1    0    1    1    1    1    1    0    0    1    0    0    0    1    0    0    0    1    1    0    1    0    1    1    0    0    1    0    1    0    1    1    0    1    0    0    0    1    0    1    0    1    0    0    0    0    0    0    0    1    0    0    0    0    0    1    0    1    0    0    0    0    1    
100    0.853311    0.141039    1    1    1    1    1    1    1    1    0    1    1    0    0    0    1    1    1    1    1    1    1    1    1    1    1    0    0    1    0    1    1    0    1    0    1    1    1    1    1    1    1    0    1    1    0    0    1    1    1    1    1    0    1    1    1    0    1    1    1    1    1    1    0    1    1    1    0    1    0    1    1    0    1    0    1    0    1    0    0    1    1    1    1    1    1    0    1    1    1    1    1    0    1    0    0    1    1    1    1    1    1    1    0    0    0    0    0    0    0    0    0    0    0    0    0    1    1    1    0    1    0    0    0    0    0    0    0    1    1    1    0    0    0    0    1    0    0    0    0    0    1    0    1    1    0    0    0    1    0    0    1    0    0    0    1    0    0    0    1    0    1    0    1    1    0    0    1    0    1    1    1    0    0    0    0    0    0    0    0    0    0    0    0    0    1    1    0    0    0    0    0    0    0    0    1    0    0    0    1    0    
100    0.962151    0.00908561    1    1    1    1    1    1    1    1    1    1    1    1    1    1    1    1    1    1    1    1    1    1    1    1    1    0    1    1    1    1    0    1    0    1    0    1    1    1    1    1    1    1    1    1    1    1    0    1    0    1    1    1    0    1    1    1    1    0    1    1    1    1    1    1    0    1    1    1    0    1    1    0    1    1    0    1    1    1    1    1    1    1    1    1    1    0    0    1    1    1    1    1    0    1    1    0    1    1    1    1    0    1    0    1    0    0    0    1    1    0    0    0    1    0    1    1    0    0    1    0    0    1    0    0    1    0    1    1    0    0    0    1    0    0    0    0    0    0    0    0    0    1    0    1    0    0    0    0    0    0    1    1    0    1    0    0    0    0    0    1    0    0    0    0    1    0    1    0    0    1    0    0    0    0    0    1    1    0    0    1    0    0    1    0    0    0    0    0    1    0    0    0    1    0    0    1    0    0    1    1    
100    0.220144    0.845217    1    1    1    1    1    1    1    1    1    1    1    1    1    1    1    0    1    1    1    1    1    1    1    1    1    0    1    1    1    1    1    1    1    1    1    1    0    1    1    1    1    1    1    1    1    0    1    1    1    1    1    1    1    1    1    1    1    1    1    1    1    1    1    1    1    1    1    1    1    1    1    1    1    1    1    1    1    0    1    1    1    1    1    1    1    1    1    0    1    1    1    1    0    1    1    1    1    1    1    1    1    0    0    0    1    0    0    1    0    1    0    1    0    1    0    0    1    0    0    0    0    0    1    1    1    1    1    0    0    0    1    0    1    0    1    1    0    0    0    0    1    1    0    1    0    0    1    1    0    0    1    0    0    1    0    1    1    0    0    0    0    0    0    1    1    0    0    1    0    0    0    0    0    0    0    0    1    0    0    0    1    0    1    1    1    0    0    0    0    1    0    1    0    1    1    0    0    0    1    1    
100    0.387914    0.69303    0    1    0    1    1    1    1    1    1    1    1    1    1    1    1    0    1    1    1    1    1    1    0    1    1    1    1    0    1    1    0    1    0    0    1    1    1    1    1    1    1    1    1    1    1    1    1    1    1    1    1    1    1    1    1    1    1    0    1    0    1    1    1    1    1    1    1    1    1    1    1    0    0    1    1    0    0    0    1    1    1    0    1    1    1    1    1    0    1    1    1    1    1    1    1    1    1    1    1    1    1    1    0    1    1    1    0    1    0    0    1    0    0    0    0    0    0    1    0    1    1    0    1    1    0    0    0    0    0    0    0    1    0    0    0    1    0    0    0    1    1    0    0    0    0    0    0    0    0    1    1    1    0    1    0    0    0    0    0    0    0    0    0    1    1    0    0    0    1    0    0    1    0    1    1    0    0    1    0    1    0    0    0    1    0    1    0    0    1    0    0    0    1    0    0    0    1    0    0    0    
100    0.923806    0.249163    0    1    1    1    0    0    1    1    1    0    1    1    0    1    0    0    1    0    0    1    1    1    1    0    0    0    0    1    0    1    1    1    0    1    1    0    1    1    1    0    1    1    1    1    0    1    1    0    1    1    1    1    1    1    1    1    1    0    1    1    0    1    1    1    1    0    1    1    1    1    1    1    1    1    1    1    1    1    1    0    1    0    1    1    0    1    1    1    1    1    1    0    1    0    1    0    0    1    1    1    1    0    0    0    0    0    0    0    1    0    1    1    0    1    0    1    0    0    1    0    0    0    0    0    0    0    0    1    0    0    0    0    0    0    0    0    0    0    1    0    0    0    1    0    0    0    0    0    0    1    0    1    0    0    0    1    0    0    0    0    0    0    1    0    0    1    0    1    0    1    0    0    1    0    0    0    0    0    1    0    0    1    0    1    0    1    1    0    0    1    1    0    0    1    0    1    0    0    1    1    
100    0.082426    0.217267    1    1    1    1    1    1    1    1    0    0    0    1    1    0    1    1    1    1    1    1    0    1    1    1    1    0    1    1    1    1    1    1    1    1    1    1    1    1    1    0    1    1    1    1    1    1    1    1    1    1    1    1    1    1    1    1    1    1    0    1    0    1    1    1    1    1    0    1    1    1    0    0    1    1    0    0    1    0    1    1    1    1    1    0    1    1    0    0    1    0    1    1    1    1    1    1    1    0    1    1    1    0    1    0    0    1    1    0    0    0    0    1    0    0    1    1    0    0    0    1    0    0    1    1    0    0    0    0    1    1    0    1    0    0    0    0    1    0    1    1    0    1    1    1    0    0    0    0    0    0    0    1    0    1    1    0    1    1    0    1    1    1    0    0    0    1    0    1    0    0    0    0    0    0    1    1    0    0    1    0    0    0    0    1    1    0    0    0    0    0    1    0    0    0    0    1    0    0    1    0    
100    0.17806    0.6025    1    1    1    1    0    1    1    1    1    1    1    1    1    1    1    1    1    1    1    1    1    1    1    0    1    1    1    1    0    1    0    1    1    1    1    1    0    1    1    1    1    1    1    1    1    1    1    1    1    1    1    1    0    1    1    1    1    1    1    1    0    1    1    1    1    1    1    1    1    1    1    1    1    1    1    1    1    1    1    0    1    1    1    1    1    0    1    1    1    1    1    1    1    1    1    1    1    1    1    1    0    0    0    0    1    1    1    0    0    0    0    0    0    0    0    1    0    0    0    0    0    1    1    0    0    0    1    1    1    1    1    1    1    0    0    0    0    0    1    0    0    0    0    0    0    1    1    0    0    0    0    0    0    0    1    0    1    1    1    0    0    0    1    0    1    1    1    0    1    0    0    0    0    0    0    0    1    0    1    0    0    0    1    0    1    0    0    1    1    1    0    0    0    0    1    1    1    0    0    1    
100    0.535423    0.797163    1    1    1    1    0    1    1    1    1    1    1    1    0    1    1    1    1    1    1    1    1    1    1    1    1    1    0    1    0    1    0    1    1    1    1    1    1    1    1    1    1    1    0    0    1    1    1    1    1    0    1    1    1    1    1    1    1    1    1    0    1    1    1    1    1    1    1    1    1    1    1    1    1    1    1    1    1    1    0    1    1    1    1    1    1    1    1    1    1    1    1    1    1    1    1    1    1    1    1    1    0    0    0    0    1    1    0    0    1    0    1    0    1    1    1    1    0    0    0    0    1    1    0    1    1    1    0    0    0    1    1    0    0    1    0    0    0    0    0    0    1    1    0    0    1    1    0    1    0    1    1    0    0    0    0    1    0    0    0    0    0    0    0    1    0    1    0    0    1    0    0    0    0    1    0    0    0    1    0    0    1    1    0    0    1    0    0    0    1    1    0    0    1    0    0    1    1    0    1    1    
100    0.338494    0.850753    1    0    1    1    1    1    1    1    1    1    1    1    1    1    1    1    1    1    1    1    1    1    1    1    1    1    1    0    1    1    0    1    1    1    1    1    1    1    0    1    1    0    0    1    1    1    1    1    1    1    1    1    1    1    1    1    1    1    1    1    1    1    1    1    1    1    1    1    1    1    1    1    1    1    0    1    0    1    1    1    1    1    0    1    1    1    1    1    1    1    1    1    1    1    1    1    1    1    1    1    0    0    0    0    1    0    1    0    0    0    1    0    0    0    0    0    0    0    0    0    0    1    1    1    0    0    0    1    0    1    1    1    0    0    0    0    1    0    0    1    1    0    1    1    0    1    0    1    0    0    1    0    0    1    0    0    0    0    0    0    0    0    1    1    0    1    0    0    0    0    1    0    0    0    0    0    1    0    1    0    0    0    0    1    1    0    0    0    0    1    0    0    0    1    1    1    0    0    1    0    
100    0.268863    0.366938    1    1    1    0    0    1    1    1    1    1    1    1    1    0    1    1    1    0    1    1    1    0    1    1    1    1    0    1    0    1    1    1    1    1    1    1    1    1    1    1    1    1    0    1    1    1    0    1    0    1    1    1    1    1    1    0    1    1    1    1    1    1    1    1    0    1    1    1    1    1    0    1    1    1    1    1    1    1    0    1    0    0    1    0    1    1    1    0    1    1    0    1    1    1    1    1    1    1    1    1    0    0    0    0    0    0    0    0    0    0    0    0    0    0    0    1    0    0    0    0    0    0    0    0    1    1    0    1    0    1    1    1    1    0    1    1    0    0    0    1    1    0    0    0    0    0    1    0    0    0    0    0    1    0    0    1    1    0    0    1    0    1    1    1    0    0    0    0    0    1    1    0    0    1    0    1    0    0    0    1    1    1    0    0    1    1    0    0    0    0    0    0    0    0    1    0    0    0    0    1    
100    0.993163    0.827933    1    1    1    1    1    1    1    1    1    1    1    1    1    0    1    1    1    1    1    1    1    1    1    1    1    1    1    1    0    1    1    1    1    1    1    0    1    0    1    1    1    1    1    1    1    1    0    1    1    1    0    1    1    1    1    1    1    1    1    1    1    1    1    1    1    1    1    1    1    1    1    1    1    1    1    0    0    1    0    0    1    1    1    1    1    1    1    1    1    1    1    1    1    1    1    1    1    1    1    0    1    0    0    0    0    1    0    1    0    0    0    0    0    0    1    1    0    0    0    0    0    0    1    0    0    0    0    1    1    1    0    0    0    0    0    1    1    0    1    0    0    0    0    0    0    0    0    0    0    0    0    1    0    0    1    0    1    1    1    0    0    0    0    0    0    0    0    1    0    0    1    0    1    0    1    0    0    0    0    0    0    1    1    0    0    1    1    0    0    1    1    0    0    1    0    0    1    0    0    0    
100    0.46964    0.872961    1    1    0    1    0    1    1    1    1    1    1    1    1    1    1    0    0    1    1    1    1    1    1    1    0    1    1    1    1    1    1    1    1    1    1    1    1    1    1    1    1    0    0    1    0    1    1    1    1    1    1    1    0    0    1    1    1    1    1    1    1    1    1    1    1    1    1    1    1    1    0    1    1    1    1    1    1    1    1    1    1    1    0    1    1    1    0    1    1    1    1    1    0    1    1    1    1    1    1    1    1    0    0    1    1    0    0    0    1    0    0    0    0    0    1    1    1    0    1    0    1    0    0    0    1    0    0    1    1    0    1    1    0    1    0    1    0    0    0    0    1    0    0    0    0    0    1    0    1    0    0    0    0    0    0    0    1    0    0    1    0    0    1    0    0    1    1    0    1    0    0    0    0    1    0    1    0    1    0    1    0    0    0    0    0    1    1    0    0    1    1    1    0    0    0    0    0    0    0    0    
100    0.415133    0.418795    1    1    0    1    1    1    0    0    1    1    1    1    1    1    1    1    0    0    1    1    1    1    1    1    1    1    1    1    1    0    0    0    1    0    1    1    1    0    1    1    1    1    1    0    0    1    1    1    1    1    1    1    1    1    1    1    0    1    1    0    1    1    1    1    1    0    0    1    1    0    1    0    0    1    0    1    0    1    1    1    1    0    0    1    1    1    1    1    1    0    1    0    1    1    1    1    1    0    1    0    0    0    1    1    1    0    0    1    0    0    1    0    0    0    1    0    0    0    0    0    0    0    0    0    0    1    1    0    0    1    0    0    0    0    0    0    0    1    0    0    0    1    0    0    0    0    0    1    0    0    0    0    0    0    0    0    0    0    1    1    0    0    0    1    0    0    0    1    0    1    1    0    0    0    0    1    1    0    0    0    0    1    1    0    1    1    0    0    1    0    0    0    0    0    0    0    1    0    0    1    
100    0.98763    0.959525    1    0    1    1    1    1    1    1    1    0    1    1    1    1    1    1    1    1    1    1    1    0    1    1    1    1    1    1    1    1    0    1    1    1    1    1    0    1    1    1    1    1    1    1    1    1    0    1    1    1    1    1    0    1    0    1    1    1    1    1    1    1    1    1    1    0    1    1    1    1    0    0    1    1    0    0    1    1    1    1    0    0    1    1    1    1    0    1    1    0    1    0    1    1    1    1    1    1    1    1    0    0    0    0    0    0    0    0    0    0    1    0    1    1    1    1    0    1    0    1    0    1    0    0    1    1    0    0    1    0    0    0    0    1    0    0    0    1    0    1    1    0    0    1    0    0    0    0    0    0    0    1    1    0    0    0    0    1    0    0    1    0    0    0    0    0    0    0    0    0    1    0    0    1    1    0    0    0    0    0    0    0    0    1    0    0    0    0    0    1    1    0    1    0    0    1    1    1    1    0    
100    0.121049    0.732856    1    1    1    0    1    1    1    0    1    1    0    1    1    1    1    1    1    1    1    1    0    1    1    1    1    1    1    1    1    1    1    1    1    1    1    1    1    1    1    1    1    1    1    1    1    1    1    1    1    1    1    1    1    1    1    1    0    1    1    1    1    1    1    1    1    1    1    1    1    1    1    0    1    1    0    0    1    0    1    1    1    1    0    1    1    1    1    1    0    1    1    1    1    1    1    1    1    1    1    1    1    0    0    0    1    0    1    1    1    1    0    0    0    1    1    0    0    0    0    0    0    0    1    0    0    1    0    1    0    0    1    0    1    0    0    1    0    0    0    1    1    0    1    0    0    1    0    0    1    0    0    0    0    1    1    0    1    0    1    1    1    0    0    0    0    1    1    1    0    1    1    1    1    0    1    0    0    1    1    1    1    0    0    0    1    1    0    0    0    1    1    1    1    0    1    0    0    0    1    1    
100    0.797764    0.6112    1    1    1    1    0    0    0    1    1    1    1    1    1    1    1    1    0    1    1    1    1    0    1    1    1    1    1    1    1    0    1    1    1    1    0    0    1    0    1    1    1    1    1    0    1    1    1    1    1    1    1    0    1    1    1    0    1    1    0    1    1    0    1    1    1    1    1    1    1    0    1    1    1    1    1    0    1    1    1    1    0    1    1    1    1    1    0    1    1    1    1    1    1    0    0    0    1    1    0    1    0    0    1    0    1    0    0    0    0    0    1    0    0    0    0    0    0    0    0    0    1    1    0    0    1    1    1    0    0    1    1    1    0    0    0    0    0    0    0    0    1    0    0    0    0    1    0    1    0    0    0    0    1    0    0    0    0    0    0    0    1    0    1    1    1    0    0    0    0    1    0    0    1    1    1    0    1    0    0    1    0    0    1    0    1    0    0    0    1    0    1    1    0    0    0    1    0    1    1    0    
100    0.102001    0.735219    1    1    1    0    1    0    1    1    1    1    1    1    1    1    1    0    1    1    1    1    1    1    1    1    1    1    1    1    1    1    1    1    1    1    1    1    1    0    1    1    1    1    1    1    1    1    1    1    1    0    1    1    1    1    1    1    0    1    0    1    0    1    1    1    1    1    1    1    1    0    1    1    1    1    1    1    1    1    0    0    1    0    1    0    1    0    1    1    1    0    1    1    1    1    0    1    1    1    1    1    0    1    1    0    0    0    1    0    0    0    0    1    0    1    0    0    0    1    0    1    1    0    1    0    1    0    0    0    1    1    0    1    0    0    0    0    1    1    0    0    0    1    0    1    0    1    0    0    0    0    0    1    0    0    1    0    0    1    0    0    1    0    0    1    0    0    1    0    1    0    0    1    0    0    0    0    0    0    0    0    0    0    0    0    1    0    0    0    0    0    1    0    0    0    0    1    0    0    0    1    
100    0.763493    0.676723    1    1    1    1    1    1    1    1    1    1    0    1    1    1    1    1    1    1    1    1    1    1    1    0    1    1    1    1    1    1    1    1    1    1    0    1    1    1    1    1    1    1    1    1    0    1    1    1    0    1    1    1    1    1    1    1    1    1    1    1    1    1    1    1    0    1    1    1    1    0    1    1    1    1    1    0    1    1    1    1    1    1    1    1    1    1    1    1    1    1    1    0    1    0    1    1    0    1    1    1    0    1    1    0    1    0    1    1    0    1    1    0    0    0    1    0    0    0    0    0    0    1    0    1    1    0    0    0    0    0    0    1    0    1    1    0    0    1    0    1    1    1    1    0    1    1    0    0    1    1    1    0    0    1    0    1    1    1    1    0    0    0    0    1    0    0    0    0    0    0    0    0    1    0    0    0    0    0    0    1    0    0    1    1    0    0    0    0    0    0    1    1    0    1    0    1    0    0    0    0    
100    0.681064    0.815901    1    1    1    1    1    1    1    1    1    0    1    0    1    1    1    1    1    1    1    0    1    1    1    1    1    1    0    1    1    1    1    1    1    1    1    1    0    1    1    1    1    1    1    1    1    1    0    1    1    1    1    1    1    0    1    0    1    0    1    1    1    1    0    1    1    1    1    1    1    0    0    1    1    1    1    1    1    1    1    1    1    1    1    1    1    1    1    1    1    1    1    1    1    1    0    1    1    1    1    1    0    0    0    0    0    0    1    0    0    1    0    0    0    0    1    0    0    0    0    0    0    1    0    0    1    0    0    0    0    0    0    0    0    0    0    1    1    0    1    0    1    1    0    0    0    1    0    0    0    0    0    0    0    0    0    0    0    0    1    1    1    0    1    0    1    0    0    1    1    1    1    0    0    0    1    1    0    0    1    0    1    0    1    1    0    0    0    1    0    1    1    0    1    1    0    0    0    0    0    1    
100    0.182833    0.873786    1    1    1    1    1    1    1    1    1    1    1    1    1    1    1    1    0    1    1    0    0    1    1    1    1    1    1    1    1    1    1    1    1    1    1    1    1    1    0    1    1    1    1    1    1    1    1    1    1    1    1    1    1    1    1    1    1    1    1    1    1    0    1    1    1    1    0    1    1    1    1    1    1    1    1    0    1    1    1    1    1    1    0    1    1    1    1    1    1    1    0    1    0    1    1    1    1    1    1    1    0    0    1    0    0    0    0    0    0    1    0    1    1    1    0    1    0    0    1    0    0    0    0    0    0    0    1    1    1    1    0    0    1    0    0    1    0    0    0    0    0    0    1    1    0    0    1    1    0    0    0    0    1    1    0    0    0    0    0    0    0    0    1    0    0    1    0    0    1    0    1    1    1    0    1    0    0    0    0    1    0    1    0    1    0    1    0    0    0    0    1    0    1    0    0    1    0    0    1    0    
100    0.0909992    0.926446    1    1    1    0    0    1    1    0    1    1    1    1    1    1    1    1    0    1    1    0    1    1    1    1    1    1    1    1    1    1    0    1    1    1    1    1    1    0    1    1    1    1    0    1    1    1    1    1    1    1    1    1    1    1    1    0    1    1    1    1    1    1    1    1    1    1    1    1    1    1    1    1    1    1    1    1    1    1    1    1    1    1    0    1    1    1    1    1    1    0    0    1    0    0    1    1    1    1    1    1    1    1    0    0    1    0    0    1    0    0    0    1    0    0    1    0    0    0    0    1    1    0    0    0    0    1    0    1    0    1    0    0    1    0    0    0    0    1    0    1    0    0    0    0    0    0    1    0    0    1    0    0    0    0    0    0    0    0    1    0    0    1    0    1    1    0    0    0    0    0    0    0    0    0    1    0    1    1    0    1    0    1    1    1    0    0    0    0    0    1    1    0    1    0    0    0    1    0    1    0    
100    0.323086    0.51584    1    1    1    0    1    1    1    1    1    1    1    1    1    0    1    1    1    1    1    1    1    1    1    1    1    1    1    1    0    1    1    1    1    1    1    1    1    1    1    1    1    1    0    1    1    1    1    0    1    1    1    0    1    1    0    1    1    1    1    1    1    1    1    1    0    1    1    1    1    1    1    1    1    1    1    1    1    1    1    0    1    1    1    1    0    1    1    1    1    1    1    1    1    1    1    1    1    1    1    0    0    0    1    1    1    1    0    0    0    0    0    0    0    0    0    0    1    0    0    0    0    1    0    0    0    0    0    0    0    1    0    1    0    0    0    0    1    1    0    1    0    0    1    0    0    1    0    0    0    0    0    1    1    0    1    0    1    0    0    0    1    0    1    0    0    0    0    0    0    1    0    0    0    0    0    0    1    1    1    0    0    1    0    1    1    0    0    1    0    1    0    1    0    0    0    0    0    0    0    0    
100    0.769643    0.590107    0    1    0    1    1    1    0    1    1    1    1    1    1    1    1    1    1    1    1    1    1    1    1    0    1    1    1    1    1    1    1    1    0    0    1    0    1    1    1    1    1    0    0    1    1    1    1    1    1    1    1    0    1    1    1    1    1    1    0    1    1    1    1    1    1    1    1    1    1    0    1    0    1    1    1    1    1    1    1    1    1    1    0    1    1    0    1    1    1    1    1    1    1    0    0    1    1    1    1    1    0    1    0    1    1    0    0    1    1    0    0    0    0    0    0    1    0    0    0    0    0    1    1    1    0    0    0    0    0    0    1    0    0    0    0    1    0    0    0    1    0    0    1    1    0    0    0    1    0    0    0    0    0    0    1    1    0    0    0    1    0    0    0    0    0    0    0    0    1    1    0    1    0    0    0    0    1    0    0    0    0    0    0    1    0    1    1    0    1    1    0    0    1    0    0    1    1    0    1    0    
100    0.573161    0.649024    1    1    0    1    1    1    1    1    1    1    1    1    1    1    1    0    1    1    1    0    0    1    1    1    1    0    1    0    1    1    1    1    1    0    1    1    1    1    1    1    1    1    0    1    1    1    1    1    1    1    1    1    1    1    0    1    1    0    1    1    1    1    1    1    1    0    1    1    0    1    1    1    0    1    1    1    1    1    1    1    1    1    1    1    0    0    1    1    1    0    1    1    1    1    1    1    1    1    0    1    0    0    0    0    1    0    1    0    1    0    0    0    0    0    1    0    1    0    0    0    0    0    0    0    1    0    0    0    0    0    0    1    0    1    1    1    0    1    0    0    0    0    0    0    0    0    1    0    1    1    0    1    0    1    0    0    1    0    1    0    0    1    1    0    1    0    0    1    0    0    0    0    1    0    0    1    0    1    0    1    0    0    1    0    0    0    0    0    0    0    0    1    1    0    1    0    1    1    0    1    
100    0.587268    0.274023    0    1    1    0    1    1    1    1    1    1    0    1    1    0    1    0    1    1    1    1    1    1    0    1    1    1    1    0    1    1    0    1    0    1    1    1    1    1    1    1    0    1    1    1    0    1    0    1    0    1    0    1    1    1    1    1    1    1    0    0    1    1    1    0    1    1    1    1    1    0    1    1    1    1    1    1    1    0    1    0    1    1    1    0    1    1    0    0    1    0    1    1    1    0    1    1    1    1    1    1    0    0    0    0    0    0    0    0    1    1    1    0    0    0    1    1    1    0    0    0    1    1    1    0    0    0    0    0    1    0    1    0    0    1    0    0    0    0    0    0    0    1    1    1    1    0    0    0    0    0    0    0    0    0    0    0    0    0    0    1    1    0    0    0    0    0    1    1    0    1    0    0    0    0    0    1    0    0    0    0    0    0    0    1    0    0    1    1    0    0    1    0    1    0    0    0    0    1    0    1    
100    0.907286    0.753418    1    1    1    1    1    0    1    1    1    1    0    1    1    0    1    1    1    0    1    1    1    1    1    1    1    1    1    1    1    1    1    0    0    1    1    1    1    1    0    1    1    1    1    0    1    1    1    1    1    0    1    1    1    1    0    1    1    1    1    1    0    1    1    0    1    0    1    1    1    1    1    1    0    1    1    1    1    0    1    0    0    1    1    1    1    1    1    1    1    1    1    1    1    1    1    1    0    1    1    1    0    0    0    0    1    0    0    0    0    0    1    1    0    0    0    1    0    0    0    0    1    0    0    0    0    0    1    1    1    1    1    1    0    1    1    1    0    0    0    1    1    0    0    1    1    0    1    0    0    0    0    0    1    0    0    1    0    0    0    0    0    0    0    0    0    1    1    0    1    1    1    0    1    0    0    1    0    0    1    1    0    0    1    0    1    0    0    0    1    0    0    1    1    1    0    0    1    0    1    0    
100    0.352054    0.29657    1    1    1    1    0    1    1    1    1    1    1    1    1    0    1    1    1    1    0    1    0    0    1    1    1    1    1    0    1    1    1    1    1    0    1    1    1    0    1    1    1    0    1    1    1    0    1    1    1    1    1    1    1    1    1    1    1    1    0    1    1    1    1    1    0    1    0    1    1    1    1    1    1    1    1    1    1    1    0    1    1    1    1    1    0    1    1    1    0    1    1    1    1    1    1    0    1    1    1    1    0    0    0    1    0    1    1    1    0    0    0    1    0    0    0    0    0    1    0    0    0    0    0    0    0    0    0    0    0    1    0    0    0    1    1    0    0    0    0    0    0    0    0    1    1    0    0    1    0    0    0    0    1    0    0    0    0    0    0    0    0    0    0    1    0    0    0    0    0    1    0    1    0    0    0    1    1    0    1    1    0    0    1    0    0    0    0    0    0    0    1    0    1    1    1    1    1    0    0    0    
100    0.584592    0.363094    1    1    1    1    1    1    1    0    1    1    1    1    1    1    1    1    1    1    0    1    1    1    1    1    1    1    1    1    1    1    1    1    1    1    1    1    1    1    1    1    1    1    1    1    1    1    0    1    1    1    1    1    1    1    1    1    0    0    1    1    1    1    1    0    1    0    0    0    1    1    0    1    1    1    0    1    1    1    1    1    1    1    0    1    1    0    1    1    1    1    1    1    0    1    1    1    1    1    1    1    1    1    0    0    0    1    0    0    0    0    0    0    0    0    0    1    0    0    0    1    0    1    0    0    0    0    0    1    0    1    0    1    1    1    0    0    0    1    0    1    0    0    1    0    0    0    0    1    1    0    0    0    0    1    0    1    0    0    1    0    1    0    0    1    0    0    1    0    1    0    1    1    1    1    0    0    1    0    0    1    1    1    0    0    0    0    1    0    0    1    1    0    0    0    0    0    1    0    0    1    
100    0.451899    0.746001    1    1    1    0    0    1    1    1    1    1    1    1    0    1    1    1    1    1    1    1    1    1    1    1    1    1    1    1    1    1    1    1    1    1    1    1    1    0    0    1    1    1    1    1    1    0    1    1    1    1    1    1    1    1    0    1    1    1    1    1    1    0    0    1    1    1    1    0    0    1    1    1    1    1    1    1    1    1    1    1    1    0    1    1    0    0    1    1    1    1    1    1    1    1    1    1    1    1    1    1    0    0    1    0    0    1    0    0    0    0    0    0    1    0    0    0    0    0    0    0    0    0    1    0    1    0    0    0    0    0    1    0    1    0    1    0    1    0    1    0    0    0    0    1    0    1    0    0    0    1    1    0    1    1    1    1    1    0    0    0    0    0    1    1    0    1    1    0    1    1    1    0    1    0    0    1    1    0    0    1    0    1    0    0    0    0    0    1    0    0    0    1    0    0    1    1    1    0    0    0    
100    0.318761    0.118703    1    1    0    1    1    1    1    1    1    1    1    1    1    1    1    1    0    1    0    1    1    1    1    1    1    1    1    1    1    1    1    1    0    1    1    1    1    1    1    1    0    1    1    1    1    1    0    1    1    1    1    1    1    1    1    1    0    1    1    0    1    1    1    1    1    1    1    1    1    1    1    1    1    1    0    1    1    1    1    1    0    1    1    1    1    1    1    1    1    1    1    1    1    1    1    0    1    1    1    1    0    0    0    0    0    0    0    0    0    1    0    0    1    0    0    0    1    0    1    0    0    0    0    0    0    0    1    0    0    0    0    1    1    0    0    1    0    0    0    0    0    0    0    1    1    0    0    0    0    0    1    1    1    1    0    0    0    0    0    0    0    0    1    0    1    1    1    0    0    0    1    0    0    0    0    0    1    0    0    0    0    0    0    0    0    1    0    0    1    1    0    1    0    0    0    1    0    0    0    0    
100    0.982095    0.0212431    1    1    1    1    0    1    1    1    1    1    1    1    0    0    1    1    1    1    1    1    1    1    1    1    1    1    1    1    1    1    1    1    0    1    1    1    1    0    1    1    1    1    1    1    1    1    1    1    1    1    1    0    1    1    1    1    0    0    1    1    1    1    1    1    1    1    1    1    1    0    1    1    1    1    1    1    1    1    1    1    1    1    1    1    1    1    1    1    1    0    1    1    1    1    1    0    0    1    1    1    0    1    0    1    0    0    0    1    1    0    0    1    0    0    1    0    1    1    0    1    0    0    1    0    0    1    1    0    1    0    0    0    0    1    0    1    0    1    1    0    1    0    0    0    0    0    1    0    0    1    1    0    0    0    1    0    0    1    0    1    0    0    1    0    0    0    0    0    1    0    0    0    0    0    1    0    0    0    0    0    1    0    0    0    0    0    0    0    0    1    1    0    1    1    0    1    0    0    0    1    
100    0.446507    0.706584    1    1    0    1    1    1    0    1    1    1    0    1    1    1    1    1    1    0    1    1    1    1    0    1    1    1    1    1    1    1    1    1    0    1    0    1    1    1    1    1    0    1    1    1    1    1    1    1    1    1    1    1    1    1    1    1    0    1    1    1    1    1    1    1    1    1    1    1    1    1    0    1    1    1    1    1    1    1    1    1    0    1    1    1    1    1    1    1    1    1    1    1    1    1    0    1    1    1    1    1    0    1    0    0    0    0    0    0    1    1    0    0    0    1    1    0    1    0    0    0    1    0    1    0    1    1    0    0    0    1    1    1    0    0    0    0    0    1    1    1    0    0    1    0    0    0    0    0    0    0    0    0    0    0    0    0    0    0    0    0    1    0    1    0    0    1    1    0    0    0    0    0    0    1    0    0    0    0    0    0    0    0    0    0    1    0    0    0    0    0    0    0    0    1    1    1    1    0    0    0    
100    0.171383    0.0313082    1    1    1    0    1    1    1    1    1    1    1    0    1    1    1    1    1    1    1    1    1    1    1    1    1    1    1    1    1    1    1    1    1    1    1    1    1    1    1    1    1    1    1    1    1    0    1    1    1    1    1    1    1    1    1    1    1    1    1    1    1    1    1    1    1    1    1    1    1    1    0    1    1    0    1    1    1    1    1    1    1    1    1    1    1    1    1    1    1    1    1    1    1    1    1    0    1    0    1    1    0    1    0    0    0    0    0    1    0    0    0    0    1    0    1    0    1    0    0    0    0    1    0    0    0    0    0    0    0    0    0    0    0    1    0    1    1    0    0    0    0    0    0    0    0    1    0    1    1    0    0    1    1    0    0    1    0    0    0    0    1    0    0    0    1    1    1    1    0    0    0    0    0    0    1    1    0    0    0    1    0    1    0    1    1    0    0    1    0    0    1    0    1    0    0    1    0    1    0    1    
100    0.209876    0.362047    0    1    1    1    1    1    1    0    0    1    1    1    1    0    1    1    1    1    1    1    0    1    1    0    1    1    1    1    1    1    1    1    1    1    1    1    0    0    1    1    1    1    1    1    1    1    1    1    1    1    0    1    1    1    0    1    1    1    1    1    1    1    1    1    1    1    1    1    1    0    1    1    1    1    1    1    1    1    1    1    1    1    1    0    1    1    1    1    1    1    1    1    1    1    1    1    1    0    1    1    0    0    0    1    0    1    0    0    0    0    0    0    1    0    1    0    0    0    0    0    1    0    1    1    0    0    0    0    1    1    0    0    0    0    0    0    0    0    1    0    1    0    1    0    0    0    0    0    0    0    0    1    0    0    1    0    1    1    1    1    0    1    0    1    0    0    0    0    0    0    1    0    0    0    1    1    0    0    1    0    1    1    0    0    0    0    0    0    1    0    0    1    1    1    0    0    1    0    0    0    
100    0.516555    0.826033    1    0    1    1    1    1    1    1    1    1    1    1    1    1    1    1    1    1    1    1    1    0    1    1    1    1    1    1    1    1    1    1    1    1    1    1    1    1    1    1    1    1    1    1    1    1    1    1    1    1    0    1    1    1    1    1    1    1    1    1    1    1    1    1    1    0    1    1    1    1    0    1    1    1    1    0    1    0    1    1    1    1    1    1    1    1    1    1    1    1    1    1    1    1    1    1    1    1    1    1    0    1    0    0    1    0    0    0    0    0    0    0    0    1    0    0    0    1    0    0    0    1    0    0    0    0    0    1    0    1    1    0    1    0    1    0    0    0    0    0    0    1    0    0    0    1    0    1    1    1    0    0    0    1    0    1    0    0    0    0    0    1    0    0    1    1    0    1    1    1    1    0    0    0    1    0    1    0    0    1    0    0    1    0    0    1    1    0    0    0    0    0    0    0    1    0    0    0    0    1    
100    0.313468    0.210439    1    1    0    1    1    1    1    0    1    1    1    1    1    1    1    0    1    1    1    1    1    0    1    1    0    1    1    1    1    0    1    1    1    1    0    1    0    1    0    0    1    1    1    1    1    1    0    1    1    1    1    1    1    1    1    0    1    1    1    0    1    1    1    0    1    1    1    0    1    0    1    1    1    1    0    1    0    1    1    1    1    0    1    1    1    1    1    1    1    1    0    1    1    1    1    1    0    1    0    1    0    1    0    0    0    0    0    0    1    0    0    1    0    1    0    0    0    0    0    0    0    1    0    0    0    1    0    0    0    0    0    1    1    0    0    0    0    0    0    1    1    0    0    0    0    1    0    0    0    0    0    0    0    0    0    1    0    0    1    0    1    1    0    0    0    0    1    1    0    0    0    0    0    0    0    0    1    1    0    1    0    0    0    0    0    1    0    1    1    1    0    1    0    1    1    0    1    0    1    0    
100    0.532522    0.421397    1    1    1    1    0    1    0    1    1    1    1    1    1    1    1    1    0    1    1    0    1    1    1    0    0    1    1    0    1    0    0    1    1    0    1    1    1    1    1    1    1    1    1    1    1    0    0    1    1    1    1    1    1    1    1    1    1    0    1    1    1    0    1    1    1    1    1    1    1    1    1    1    1    1    1    0    1    0    1    1    1    1    1    0    0    0    1    1    1    1    1    1    1    1    1    1    1    1    1    1    0    0    0    1    1    0    0    0    0    1    0    0    0    0    0    1    0    0    0    0    0    0    0    0    0    1    0    0    0    1    0    0    0    0    0    0    0    0    0    1    0    0    0    0    0    0    0    0    1    1    0    1    0    0    0    1    1    0    0    1    0    0    0    1    0    1    1    0    0    0    0    0    0    1    1    0    0    1    0    1    0    0    1    0    0    0    0    0    0    0    0    0    1    1    0    1    1    0    0    1    
100    0.979288    0.50844    1    0    1    1    1    1    1    0    1    1    1    1    1    0    1    0    1    1    1    1    1    1    0    1    1    1    1    1    0    1    1    0    0    1    1    1    1    1    1    1    1    1    1    1    0    0    1    1    1    1    1    1    1    1    1    1    1    1    1    1    1    1    1    1    1    1    1    1    0    1    0    1    1    1    1    1    1    1    1    1    1    1    1    1    1    1    1    1    1    1    1    1    1    0    1    1    1    1    1    1    1    0    0    0    1    1    0    1    1    0    0    0    0    0    1    0    1    0    1    0    1    0    0    1    1    0    0    1    0    0    0    0    0    0    0    0    0    1    0    0    0    0    0    0    1    1    0    0    0    0    0    0    0    0    1    0    1    1    0    0    0    1    0    0    1    0    0    1    0    0    1    0    0    0    0    1    1    1    0    0    0    0    1    0    0    0    0    1    0    1    0    0    0    0    0    0    0    0    0    1    
100    0.137898    0.981301    1    1    1    1    1    0    1    1    1    0    1    1    1    1    1    1    1    1    0    1    1    1    1    1    1    1    1    0    1    1    1    1    1    1    1    1    1    0    1    1    1    1    1    0    1    1    1    1    1    1    0    1    1    1    1    1    0    1    1    1    1    1    1    1    0    1    1    1    1    0    1    1    1    1    1    1    1    1    1    0    1    1    1    1    1    1    1    1    1    1    1    1    0    0    1    0    1    1    1    1    0    0    0    1    0    1    0    0    1    0    0    0    0    0    0    0    0    0    1    0    1    0    1    0    0    0    0    0    0    0    0    0    0    1    0    0    0    0    0    1    0    1    0    0    0    0    1    0    1    0    0    0    0    0    1    0    1    1    0    0    1    0    0    0    0    0    1    0    0    0    0    1    1    1    0    1    1    0    0    1    0    0    0    1    0    0    1    0    0    0    1    1    0    1    0    0    1    0    0    0    
100    0.753258    0.810605    1    0    1    1    1    1    1    0    1    1    1    1    0    1    1    1    1    0    1    1    1    0    1    1    1    1    0    1    1    1    1    1    1    1    1    1    1    1    1    1    1    1    1    1    1    1    1    1    0    1    1    0    1    1    1    0    0    1    1    1    1    1    0    1    0    1    0    1    1    1    1    1    1    1    1    0    1    1    1    0    1    0    0    1    1    1    1    1    1    1    1    0    1    1    1    1    1    1    1    1    0    0    0    0    1    0    1    0    0    0    1    0    0    1    0    1    0    0    0    0    0    0    0    0    0    0    0    1    0    0    0    0    1    0    0    0    0    0    0    1    0    0    1    0    1    0    1    0    1    1    1    0    0    0    0    0    1    0    0    0    0    0    1    0    0    0    1    1    1    0    1    1    0    0    0    1    0    0    0    0    1    0    0    1    1    0    0    0    0    1    0    0    1    0    0    0    0    1    0    1    
100    0.0795955    0.645631    1    1    1    1    0    1    1    1    1    1    1    1    1    1    1    1    0    1    1    1    1    1    1    0    1    0    0    1    1    1    1    1    1    1    1    1    1    1    1    1    1    1    1    1    1    1    1    1    1    1    1    1    1    1    1    1    1    0    1    0    1    1    1    1    1    0    1    0    1    0    0    1    1    1    1    1    1    0    1    1    1    1    1    1    1    1    0    1    1    1    1    1    1    1    0    0    1    1    1    1    1    1    0    1    0    1    1    1    0    1    1    0    0    0    0    0    0    0    1    0    0    0    1    0    0    0    1    1    0    0    0    1    1    1    0    0    1    0    0    0    1    0    0    0    0    0    0    1    0    1    0    0    0    0    0    0    1    1    1    0    1    0    1    0    1    1    0    0    0    0    0    0    1    0    0    0    0    0    0    0    0    0    1    0    0    0    0    0    0    0    0    0    0    0    1    1    0    1    1    0    
100    0.521208    0.340382    1    1    1    0    1    1    1    1    1    1    1    1    1    1    0    1    1    1    1    0    1    1    1    1    1    0    1    0    1    0    0    1    1    1    1    1    1    1    1    1    1    1    1    1    1    1    1    1    1    1    0    1    1    1    1    0    1    1    1    1    1    1    1    1    1    1    1    1    0    1    1    1    1    1    1    1    0    1    1    1    1    1    1    1    0    1    1    1    1    1    1    1    1    1    1    1    1    1    1    1    1    0    0    1    0    1    1    0    1    1    0    1    1    0    0    1    0    1    0    0    0    1    0    0    1    0    1    0    0    0    0    0    0    0    0    0    1    0    0    0    1    0    0    1    0    1    0    1    1    0    0    1    0    0    0    0    1    1    1    1    1    0    1    0    0    0    1    0    1    0    0    0    0    0    1    0    0    0    0    0    1    0    0    0    0    1    1    1    0    0    0    0    1    0    1    0    0    0    0    0    
100    0.794968    0.348813    1    0    1    1    1    1    1    1    1    1    0    0    1    1    1    0    1    1    1    1    1    1    0    1    1    1    1    0    0    1    1    1    0    0    0    1    1    0    1    1    0    1    0    0    1    1    0    1    1    0    1    1    0    1    1    1    1    1    1    0    1    1    1    0    1    1    1    0    0    0    0    0    1    1    0    1    1    1    1    1    1    0    1    1    1    1    0    1    1    0    1    0    1    1    1    0    1    0    1    1    0    0    0    0    0    0    0    1    0    1    0    1    1    0    0    0    1    1    0    1    1    0    0    0    0    1    0    1    1    0    1    1    0    0    0    0    0    0    1    1    0    1    1    1    0    0    0    0    0    0    0    1    0    0    0    0    0    1    1    1    1    0    1    0    0    0    0    0    0    1    0    1    1    0    0    0    1    0    0    1    0    0    0    0    0    0    0    0    0    0    1    1    1    0    0    0    1    0    0    1    
100    0.188061    0.622223    1    1    1    1    1    1    1    1    1    0    1    1    1    0    1    1    1    1    1    1    1    1    1    1    1    1    1    0    1    1    1    0    1    1    1    1    1    1    1    1    1    0    1    1    1    1    1    1    1    0    1    1    0    1    1    1    1    1    1    1    1    1    1    1    1    1    1    1    1    0    1    1    1    1    1    1    1    1    1    1    1    1    1    1    1    1    1    1    1    1    1    1    1    1    1    1    1    1    1    0    1    0    1    0    0    1    0    0    0    1    1    1    0    1    0    1    0    0    0    0    0    0    1    1    0    0    1    1    1    1    1    0    0    0    0    1    0    1    0    1    0    0    0    0    1    0    0    1    1    0    0    0    0    1    0    1    1    0    0    0    1    0    1    0    0    0    0    1    1    0    0    0    0    0    0    0    0    0    0    1    0    1    0    0    0    1    1    1    0    0    0    0    1    0    0    1    0    0    1    1    
100    0.962852    0.893427    0    1    1    1    1    1    1    1    1    0    0    1    1    1    0    1    1    1    1    1    1    1    1    1    1    1    1    0    1    1    1    1    1    1    0    1    1    1    0    1    1    1    1    0    1    1    1    1    1    1    1    1    1    1    1    0    1    1    1    1    1    1    1    1    1    1    1    1    1    1    1    1    1    1    1    0    1    1    1    0    1    0    0    1    1    0    0    1    1    0    1    1    1    1    1    1    1    1    1    1    0    1    0    0    0    0    0    0    1    0    1    1    1    1    1    1    1    0    0    0    1    0    1    1    0    1    0    0    1    0    1    0    1    0    0    0    0    1    0    0    0    0    0    1    0    0    1    0    1    1    1    1    1    0    0    0    0    0    0    0    0    0    0    1    0    1    0    0    0    0    1    1    0    1    0    0    0    1    0    1    0    1    0    1    1    0    0    0    0    0    0    1    1    0    1    1    1    1    1    1    
100    0.46114    0.0302889    1    1    1    1    1    1    1    1    1    1    1    1    1    1    1    1    1    1    1    1    1    1    1    1    0    0    0    1    1    1    1    1    1    1    1    1    0    1    1    1    1    0    0    1    1    1    1    1    1    1    1    1    0    1    1    0    1    1    0    1    1    1    1    1    1    1    1    1    0    1    1    1    1    1    0    1    1    0    0    0    1    1    0    1    1    1    1    1    1    1    1    1    1    1    1    0    0    1    1    1    0    0    0    1    0    0    1    0    1    0    0    0    0    1    0    0    1    0    0    0    1    0    0    0    0    0    1    0    0    0    0    0    0    0    0    1    1    1    1    0    0    0    0    1    1    1    0    0    0    0    0    1    0    0    0    0    0    1    1    1    0    1    1    0    0    0    0    0    1    0    0    0    1    1    0    1    1    0    0    0    1    0    0    1    1    0    0    0    0    0    1    1    0    0    1    0    1    0    0    0    
100    0.351976    0.0851073    1    1    1    1    0    1    1    1    1    1    0    0    1    1    0    1    1    1    1    1    1    1    1    1    1    0    1    1    1    0    1    0    0    1    1    1    1    1    1    1    0    0    1    1    1    1    1    1    1    0    0    1    1    0    0    0    1    0    1    1    1    1    1    1    1    1    1    1    1    0    0    1    1    1    1    1    1    1    0    1    1    0    0    1    1    1    1    1    0    1    0    1    1    0    0    1    1    1    0    1    0    1    1    0    0    0    1    1    1    0    0    0    0    0    0    0    0    1    0    1    0    1    0    0    0    1    0    1    1    0    0    1    1    0    0    1    0    0    1    0    0    0    0    0    0    0    0    0    0    0    1    1    0    1    0    0    0    0    0    1    1    0    0    0    0    0    0    1    1    0    0    0    0    0    0    0    0    0    1    0    0    0    0    0    0    0    1    0    1    1    0    1    1    0    1    0    0    1    0    1    
100    0.198743    0.468439    1    1    1    1    1    1    1    1    1    1    1    1    0    1    0    1    1    1    1    1    1    1    1    0    1    1    1    1    1    1    1    1    0    1    1    1    1    1    1    1    1    1    1    1    1    0    1    0    1    1    0    1    0    1    1    1    1    1    1    1    1    0    1    1    1    1    1    1    1    1    0    1    1    1    0    1    1    1    1    1    1    0    1    1    1    1    1    1    1    1    1    1    1    1    1    1    1    0    1    0    0    1    1    1    1    0    0    0    1    0    1    1    0    1    0    1    0    1    0    0    0    1    0    1    1    0    0    0    0    1    1    0    0    1    0    1    0    0    1    0    0    0    1    0    0    0    0    1    0    1    0    1    1    1    0    0    0    0    1    0    0    1    1    0    1    0    1    1    0    1    0    0    0    0    0    0    1    0    1    1    1    0    0    0    0    1    0    0    0    0    1    0    0    1    1    0    0    0    1    0    
100    0.0722016    0.541874    1    1    1    1    1    1    1    1    1    1    1    0    1    1    1    1    1    1    1    1    1    1    1    1    1    1    1    0    1    1    1    1    1    1    1    1    1    1    1    1    1    1    1    1    1    1    1    0    1    1    1    1    1    1    1    1    1    0    1    1    0    1    1    1    1    1    1    0    1    1    1    1    1    1    1    1    1    1    1    0    1    0    1    1    1    1    1    0    1    1    1    1    1    1    1    0    1    1    0    1    0    1    0    0    0    1    0    0    0    0    0    0    1    1    0    1    0    1    0    1    0    0    1    0    1    1    0    0    0    1    0    1    0    0    1    1    1    1    1    0    1    0    0    0    0    1    1    0    0    0    0    1    1    1    0    1    0    0    0    0    0    0    0    0    0    0    1    0    1    0    0    1    0    0    0    1    0    1    0    1    1    0    0    1    0    0    1    0    1    0    0    1    0    0    1    0    1    0    1    0    
100    0.612681    0.660377    1    1    0    1    1    1    1    1    1    1    1    1    1    1    1    1    1    1    1    1    1    0    1    1    1    1    1    1    1    1    0    0    1    1    1    1    0    1    1    1    1    0    1    0    1    1    0    1    1    1    0    1    1    1    1    1    0    1    1    1    1    1    1    1    1    1    1    1    1    0    1    1    1    1    1    1    1    1    1    1    1    1    1    1    1    1    1    1    1    1    1    1    1    0    0    1    1    1    1    1    1    0    1    1    0    0    0    1    0    0    0    0    0    0    0    0    1    1    0    0    0    0    0    1    1    1    0    0    1    1    0    0    1    0    0    1    0    0    0    0    0    0    1    1    0    0    1    0    0    0    0    1    0    0    0    0    0    1    1    0    0    0    1    0    1    0    1    1    0    0    0    0    0    1    0    0    0    0    1    1    0    0    1    1    1    0    1    1    0    0    1    0    0    1    0    1    0    1    0    0    
100    0.524864    0.755885    1    1    1    0    1    1    1    1    1    1    1    0    1    1    1    1    1    1    1    1    1    1    1    1    1    1    1    0    1    1    1    1    1    1    1    1    1    1    1    1    0    1    1    1    1    1    1    1    1    1    1    1    0    0    1    1    1    1    1    1    1    1    1    1    1    1    1    1    1    0    1    1    0    1    1    1    1    1    1    1    1    1    1    1    1    1    0    1    1    1    0    1    1    1    1    1    1    1    1    1    1    1    0    1    0    0    0    0    1    0    1    0    0    0    0    0    0    0    1    0    0    0    0    0    0    0    0    0    0    1    0    1    0    1    1    0    0    0    0    0    1    0    1    1    1    0    1    0    0    1    0    0    1    1    0    1    1    0    1    0    0    0    1    0    0    0    0    1    1    1    0    0    0    1    0    0    0    0    0    0    0    0    0    0    1    0    0    0    1    0    0    1    1    0    0    1    1    0    1    1    
100    0.842481    0.560619    0    0    1    1    1    1    0    1    1    1    1    1    0    1    1    1    1    0    1    1    1    1    1    0    0    1    1    1    0    0    1    1    1    1    1    1    1    1    1    1    1    1    1    1    1    1    1    1    1    1    1    1    1    1    0    0    1    1    1    1    1    1    1    1    1    1    0    1    0    1    1    0    1    1    1    1    0    0    1    1    1    1    1    1    1    1    1    1    1    1    1    1    1    0    1    1    1    1    1    0    0    0    0    1    0    0    0    0    1    1    1    0    1    0    0    0    0    0    0    0    0    1    0    0    0    0    1    0    0    1    1    0    0    0    0    0    0    0    0    1    1    0    0    0    1    1    0    0    1    1    1    0    0    1    0    0    0    0    1    1    0    1    1    0    0    0    0    0    0    0    0    0    1    0    0    1    0    0    0    0    1    0    0    0    0    1    0    0    0    0    0    0    1    0    0    1    1    0    0    0    
100    0.475741    0.888812    1    1    1    1    1    1    1    1    1    1    1    1    1    1    1    1    1    1    1    0    1    1    1    1    1    1    1    1    1    1    1    1    1    1    0    1    1    0    1    1    0    1    1    1    1    1    1    1    1    1    1    0    1    1    0    1    1    1    1    1    1    1    1    1    1    1    1    1    1    1    1    1    1    1    1    1    1    1    1    1    1    1    1    1    1    1    1    0    1    1    1    1    1    1    1    1    1    1    0    0    0    0    0    0    0    1    0    0    1    0    1    0    1    0    0    0    0    0    0    0    1    1    1    0    0    1    1    1    0    0    1    0    0    0    0    0    0    0    1    0    0    0    0    1    0    0    1    1    0    0    0    1    0    0    1    0    1    1    1    0    1    1    0    0    0    0    1    0    0    1    0    0    0    0    0    1    0    0    0    1    0    0    0    0    0    1    0    0    1    0    1    0    1    0    1    1    1    0    0    1    
100    0.0827024    0.755976    1    1    1    1    1    1    1    1    1    0    1    1    1    1    1    0    1    1    1    1    1    1    1    1    0    1    1    1    1    1    1    1    1    1    1    1    1    1    1    1    1    1    1    1    1    1    1    1    1    1    0    1    1    1    0    1    1    0    1    1    1    0    1    1    1    1    1    1    1    1    1    1    1    1    1    1    1    1    1    1    1    1    1    0    1    0    1    1    1    1    1    1    1    1    1    1    1    1    0    1    1    1    0    0    0    0    1    0    0    0    0    1    1    0    0    0    0    0    0    1    0    1    0    0    1    0    0    0    0    0    0    0    0    0    1    0    1    0    0    0    0    1    0    0    1    0    1    0    1    0    0    0    1    0    1    0    1    0    0    1    0    1    0    1    0    0    0    1    1    1    0    0    1    1    0    1    0    0    0    0    0    0    0    1    0    0    0    0    0    1    0    0    0    0    1    0    0    0    1    0    
100    0.535568    0.8545    0    1    1    0    1    1    1    1    0    1    1    1    1    1    1    1    1    1    0    0    1    1    1    1    1    1    1    1    1    0    1    1    1    1    1    1    1    1    1    1    1    1    1    0    0    1    1    0    1    1    1    0    1    1    1    1    0    1    1    1    1    1    1    1    1    1    1    1    1    1    1    1    1    1    1    1    1    0    1    1    1    1    0    1    1    0    1    1    1    1    1    1    1    1    0    1    1    1    1    1    1    1    0    0    0    1    1    1    1    1    0    1    0    1    1    0    1    1    0    0    0    0    0    0    1    1    0    0    0    0    0    0    1    0    1    0    1    0    0    0    1    1    1    0    0    0    0    0    0    1    0    1    0    0    0    0    1    0    1    0    1    0    1    0    1    1    1    1    1    1    0    0    0    0    1    1    0    0    0    0    1    0    0    0    1    1    0    0    1    1    1    1    0    0    0    1    0    0    0    1    
100    0.573105    0.83558    1    1    1    1    1    1    0    1    1    1    1    1    1    1    1    0    1    1    1    1    1    1    1    1    1    1    1    1    1    1    1    1    1    1    0    0    1    0    0    1    0    1    1    1    1    0    1    1    1    1    1    1    1    1    1    0    1    1    1    1    1    1    1    1    1    1    1    1    1    1    1    1    1    1    1    1    1    1    1    0    1    1    0    1    1    1    1    1    1    1    1    0    1    1    1    1    0    1    1    1    1    0    0    1    1    0    1    0    0    0    0    0    1    0    0    0    1    1    0    0    1    0    0    0    1    0    1    0    1    0    0    0    0    0    1    0    0    0    0    1    1    0    0    1    0    1    1    0    0    0    0    0    0    0    0    0    1    0    0    1    1    0    1    0    0    0    0    0    0    0    1    0    0    1    0    0    0    0    0    1    0    1    1    1    0    0    0    0    0    1    0    1    0    1    0    0    0    0    0    0    
100    0.378981    0.460922    1    1    1    1    1    1    0    1    1    1    1    1    1    1    1    0    0    1    1    1    1    1    1    0    1    1    0    1    1    1    1    1    1    1    1    1    1    1    0    1    0    1    1    1    1    1    1    0    0    1    1    0    1    1    1    1    1    0    1    1    1    0    1    1    1    1    1    1    0    1    1    1    1    1    0    1    1    1    1    1    1    1    0    1    1    1    1    1    0    0    0    1    1    1    1    1    0    1    1    1    0    0    0    0    0    0    1    1    0    0    1    0    0    0    1    0    1    0    0    0    0    0    0    0    0    1    0    0    1    0    0    1    0    1    1    0    0    0    0    0    0    0    0    0    0    1    0    0    0    0    1    1    0    0    0    1    1    0    0    1    1    0    0    0    0    0    0    0    1    1    0    0    1    0    0    1    1    0    0    0    1    0    1    0    1    1    0    1    0    1    1    0    0    0    0    0    1    1    0    0    
100    0.287269    0.995088    1    1    0    1    1    1    1    1    1    0    1    1    0    1    1    1    1    1    1    1    1    1    0    1    1    1    1    1    1    1    1    1    0    1    1    1    1    1    1    1    1    1    1    1    1    0    1    1    1    1    0    1    1    1    1    1    1    1    1    1    0    1    1    1    1    1    1    1    1    1    1    1    1    1    1    1    1    1    1    0    1    1    1    0    1    0    1    1    1    1    1    1    1    1    1    1    1    1    1    0    0    0    0    0    1    0    0    0    0    0    1    0    0    0    0    0    1    0    0    0    0    1    0    1    1    0    0    0    1    0    0    1    0    0    0    0    1    0    0    1    0    0    0    0    0    0    1    0    0    1    1    0    0    0    0    0    0    1    0    0    1    1    1    0    0    1    0    0    1    1    0    0    0    0    0    0    0    0    1    0    0    0    1    0    1    1    0    1    0    1    0    0    1    0    0    1    0    0    0    0    
100    0.110429    0.25221    1    1    1    0    1    1    1    0    1    0    1    0    1    1    1    1    0    1    0    1    0    1    0    1    0    1    1    1    1    1    1    1    0    1    1    1    1    1    0    1    1    0    1    1    0    0    1    1    1    1    1    0    1    0    1    1    1    1    1    1    1    1    1    1    0    1    1    1    1    0    1    1    0    1    1    1    1    1    1    1    1    1    0    1    0    1    0    1    1    1    1    1    0    1    1    1    1    1    1    1    0    0    1    0    1    1    0    1    0    0    1    0    1    0    0    1    0    0    1    0    0    0    0    1    0    0    1    0    1    0    0    0    0    1    0    0    1    0    0    0    0    1    0    0    0    0    0    0    1    0    0    0    1    1    0    0    0    0    0    0    0    0    0    0    0    1    1    0    1    1    0    0    1    0    0    0    1    1    1    0    0    0    0    0    1    0    0    0    0    0    0    0    0    0    1    0    0    1    0    0    
100    0.613364    0.754484    1    1    0    1    1    1    1    1    1    1    0    1    1    1    1    1    1    0    0    0    1    1    0    1    1    1    1    1    1    1    1    1    1    1    1    0    1    1    1    1    1    0    1    1    1    1    1    1    1    1    1    1    1    1    1    0    1    1    1    1    1    1    0    1    1    0    1    0    1    1    1    1    1    0    1    1    1    1    1    0    1    1    1    0    1    1    0    1    0    1    1    0    1    1    1    1    0    1    1    1    0    0    0    0    1    1    1    0    0    0    0    1    1    0    0    0    0    0    1    0    0    0    1    0    1    0    1    0    0    1    1    0    0    0    0    0    0    0    1    0    1    1    0    0    1    1    0    0    0    0    0    1    0    1    1    0    0    0    0    0    1    0    0    0    0    1    0    1    0    0    0    0    0    1    1    0    0    0    1    0    0    0    0    0    0    1    0    0    0    0    0    0    0    1    0    0    0    1    0    0    
100    0.737089    0.444129    1    1    1    1    0    1    1    1    1    1    1    1    1    0    1    1    1    1    1    1    1    0    1    1    1    1    1    1    1    0    0    1    1    1    0    1    1    1    1    1    1    1    1    0    1    1    1    1    1    1    1    1    0    1    1    1    0    0    1    1    1    1    1    0    1    0    1    1    1    1    1    1    0    0    1    1    1    1    1    1    1    1    1    0    1    0    1    0    1    0    0    1    1    1    1    1    1    1    1    1    0    1    0    1    1    0    1    0    0    1    0    0    1    0    1    1    0    0    1    0    1    0    1    0    1    0    0    1    0    0    1    0    1    0    0    0    0    0    0    1    1    0    0    0    0    0    0    0    0    0    0    0    0    0    0    1    0    0    1    0    0    0    0    0    0    0    0    0    0    1    1    1    0    0    0    0    1    1    0    1    0    0    0    1    0    0    1    0    0    0    0    1    1    0    0    0    1    0    0    0    
100    0.0453606    0.250258    1    1    1    0    1    1    1    0    1    1    1    0    1    1    1    1    1    1    1    0    0    0    1    1    1    1    1    1    1    1    0    1    1    1    1    1    1    0    1    1    1    1    1    1    1    1    1    1    1    1    1    0    1    1    1    1    1    1    1    0    0    0    0    0    1    1    1    0    1    1    0    1    1    1    1    0    1    1    1    1    1    1    1    0    1    1    1    0    1    1    1    1    1    1    1    1    1    1    1    1    1    0    0    0    1    0    0    1    1    0    1    0    1    0    0    0    0    0    1    1    0    0    0    1    0    0    0    0    0    0    0    0    0    0    0    1    0    0    0    0    0    0    0    0    0    0    0    1    0    0    0    1    0    1    0    0    0    0    0    0    0    0    1    0    0    1    0    1    0    1    0    0    0    0    0    1    1    0    0    0    0    1    0    1    0    0    1    0    0    0    1    0    0    1    0    0    0    1    0    0    
100    0.0661952    0.570101    1    1    1    1    1    1    1    1    1    1    1    1    1    1    1    0    1    1    1    1    1    1    1    1    1    1    1    1    1    1    1    1    0    0    1    1    0    1    1    0    1    1    1    1    1    1    1    1    1    1    1    1    1    1    1    1    1    1    1    1    1    1    1    1    0    1    0    1    1    1    1    1    1    1    1    1    1    1    1    1    1    1    1    0    1    1    1    1    1    1    1    1    1    0    1    1    1    1    1    1    0    0    1    0    0    0    0    1    0    0    0    1    0    1    0    0    0    1    0    0    0    0    0    1    0    0    0    0    0    0    1    0    0    0    0    0    0    0    1    1    0    0    0    1    0    0    0    0    0    0    0    1    0    1    1    0    1    1    1    0    0    1    1    1    0    0    0    1    0    0    0    0    1    0    1    0    0    0    0    1    1    0    1    1    0    0    1    0    0    0    1    0    0    1    0    0    0    0    0    1    
100    0.898451    0.344022    1    0    1    1    1    1    1    1    1    1    0    1    1    1    1    0    0    1    1    1    0    1    1    1    1    1    1    1    0    0    0    1    0    1    1    1    1    1    1    1    1    1    1    1    1    1    1    0    1    1    1    1    1    1    0    0    1    1    1    1    1    1    1    1    1    1    1    1    1    1    1    1    1    1    0    1    1    0    0    0    1    1    1    1    1    1    1    1    1    1    1    0    1    1    0    1    1    1    1    0    1    0    0    0    1    0    0    0    0    1    1    0    0    0    0    1    0    0    1    0    0    0    0    1    0    1    1    0    0    0    0    1    1    1    1    1    1    0    1    0    0    1    1    0    0    0    0    0    0    0    0    0    0    1    0    0    1    0    0    1    0    1    0    0    0    0    0    0    0    1    0    1    0    0    0    0    0    0    0    0    0    1    0    1    0    1    1    0    0    0    1    1    0    0    0    0    0    0    0    0    
100    0.492965    0.858246    1    1    1    1    1    1    1    1    1    1    1    1    1    1    1    0    1    1    1    1    1    1    1    1    1    0    1    0    1    1    0    1    1    1    1    1    0    1    0    1    1    1    1    1    1    1    1    1    1    1    1    1    1    1    1    1    1    1    1    1    1    0    1    1    1    1    1    1    0    1    1    1    1    1    1    1    1    1    1    1    1    1    1    1    1    1    0    1    1    1    1    1    1    1    0    1    1    1    1    1    1    0    0    0    1    0    0    1    0    0    0    1    1    0    1    0    0    1    1    0    0    1    0    0    0    0    0    1    0    0    0    0    1    1    1    0    0    1    0    0    0    0    0    1    0    0    0    1    0    1    0    1    0    0    0    0    0    0    1    1    0    0    0    1    0    0    0    1    0    0    1    0    0    0    1    1    0    1    0    1    0    1    0    0    0    0    0    0    0    0    0    0    1    0    0    1    0    1    0    1    
100    0.770765    0.388965    1    0    1    0    1    1    0    1    1    1    0    1    1    0    1    0    1    0    1    1    1    0    1    1    1    0    1    0    1    1    1    0    1    1    1    1    0    1    1    1    1    1    0    0    1    1    0    1    1    1    1    1    1    1    0    0    1    1    1    1    0    1    0    1    1    1    1    1    1    0    1    1    0    1    1    1    0    1    1    1    1    1    0    1    1    1    1    1    1    0    1    1    1    1    1    1    0    1    1    1    0    1    0    0    1    1    1    0    1    0    0    0    0    1    0    0    1    0    1    0    0    1    0    1    0    1    0    1    0    1    0    0    0    0    0    1    1    1    1    1    1    0    1    1    0    0    0    1    1    0    0    0    1    0    1    1    1    1    0    0    0    1    0    0    0    1    1    1    0    0    0    0    0    1    1    0    0    1    0    0    0    0    0    0    1    0    0    0    1    1    0    0    1    0    0    0    0    1    0    0    
100    0.00121397    0.0547927    1    1    1    1    1    1    1    1    0    1    1    1    0    1    1    1    1    1    1    1    0    1    1    1    1    1    1    1    1    1    1    1    1    1    1    1    1    1    1    1    1    1    1    1    1    1    1    1    1    1    1    1    1    1    1    1    0    1    1    0    1    1    0    1    0    1    0    1    1    1    1    1    1    1    0    1    0    1    1    1    1    1    1    1    0    0    0    0    1    1    1    1    1    1    1    1    1    1    1    1    1    0    0    0    0    1    0    0    0    0    1    0    0    0    1    1    0    1    0    0    1    1    0    0    0    1    1    0    1    1    1    0    0    0    0    0    1    0    1    0    0    0    0    1    1    0    0    0    1    0    1    0    0    0    0    1    0    0    1    0    0    0    0    0    0    0    0    0    1    0    0    0    0    0    0    0    0    1    0    0    1    0    1    0    1    0    0    0    0    0    0    0    0    1    0    0    0    1    0    0    
100    0.152774    0.676196    1    0    1    1    1    1    0    1    1    1    1    1    1    1    1    0    0    1    1    1    1    1    1    1    1    0    1    1    1    1    0    1    1    1    1    1    1    1    1    1    1    0    1    1    1    1    1    1    1    1    1    1    0    1    1    1    1    1    1    1    0    1    1    1    1    1    1    0    1    1    0    1    1    1    1    1    0    0    1    1    1    1    1    1    1    1    1    0    1    1    1    0    1    1    1    1    1    1    1    1    0    0    1    1    0    0    0    0    1    1    1    1    0    0    0    0    1    0    1    0    0    0    0    0    1    0    0    1    1    1    0    0    1    1    1    0    0    1    1    1    1    0    0    1    1    1    1    0    0    0    0    0    1    0    0    0    0    0    1    0    0    0    1    0    1    0    1    0    0    0    0    1    0    1    0    0    0    0    1    0    0    1    1    1    0    0    1    0    0    1    0    1    0    1    0    0    0    0    1    0    
100    0.171414    0.537143    1    1    0    1    1    1    1    0    1    1    1    1    1    1    0    1    1    1    1    1    1    1    1    1    1    1    1    0    1    1    0    1    1    1    1    1    1    1    1    1    1    1    1    1    1    1    1    1    1    1    1    1    1    1    1    1    1    1    1    1    1    1    1    1    1    1    1    1    0    0    1    1    1    1    1    1    1    0    1    1    0    1    1    0    1    1    1    0    1    1    1    1    1    1    1    1    1    1    1    1    0    0    0    0    1    0    1    1    0    0    1    0    0    0    1    1    1    0    0    0    0    0    1    0    0    0    0    0    0    0    1    0    0    0    0    0    1    1    0    0    0    1    1    1    0    1    1    1    0    0    0    1    1    0    0    0    0    0    1    1    0    0    0    1    1    0    1    1    1    1    0    0    0    0    1    1    1    1    0    0    0    0    1    0    0    1    1    0    0    0    0    1    1    0    1    0    1    0    0    0    
100    0.577643    0.312824    0    1    1    1    1    1    0    1    1    0    0    1    0    1    1    1    1    1    1    1    1    1    1    1    1    1    0    0    0    1    0    1    1    1    1    1    1    1    1    1    1    1    1    1    1    1    1    1    1    1    1    1    1    1    1    0    1    1    1    1    1    0    1    1    1    1    1    1    1    1    1    1    0    1    1    1    1    0    1    1    1    1    1    1    1    1    1    1    0    0    1    1    1    1    1    1    1    1    1    1    0    0    0    0    1    0    0    0    1    0    0    0    1    0    0    0    0    0    0    0    1    0    0    1    0    0    0    0    0    0    0    1    1    1    0    0    0    1    0    0    0    1    0    0    0    0    0    0    1    0    1    1    0    0    0    1    1    1    0    0    1    1    0    0    0    1    0    0    0    0    1    0    0    0    1    1    1    0    0    0    0    0    0    0    1    0    0    0    0    0    0    1    1    0    0    1    0    0    0    0    
100    0.33018    0.756296    1    1    1    1    1    1    0    1    1    1    1    1    0    1    1    1    1    0    1    1    1    1    1    1    1    1    1    1    1    1    0    1    1    1    1    1    1    1    0    1    1    1    1    1    1    1    0    1    1    1    1    0    1    1    0    1    1    1    1    1    1    1    1    1    1    1    1    1    1    1    1    0    1    1    1    1    1    0    1    1    1    1    1    1    1    1    0    1    1    0    1    1    1    0    1    1    1    1    1    1    0    0    0    0    0    0    0    1    0    0    1    1    0    0    1    1    0    0    0    1    0    0    0    0    1    0    1    0    0    0    0    0    0    1    1    0    0    0    1    0    0    1    0    0    0    1    1    0    0    0    0    1    0    0    1    0    0    0    0    1    0    0    0    1    0    0    0    1    1    0    0    0    0    0    0    1    1    0    1    0    0    0    0    1    1    1    1    0    0    0    1    0    0    1    0    0    1    0    0    1    
100    0.846837    0.665975    1    1    1    1    0    1    1    1    1    1    1    1    1    0    1    1    1    1    1    1    1    1    1    1    1    1    1    1    1    1    1    1    1    1    1    0    1    0    1    0    1    1    1    0    1    1    1    1    1    0    1    1    1    1    1    0    1    1    0    1    0    0    1    1    1    1    1    1    1    1    0    0    1    1    1    1    1    1    0    1    1    1    1    1    1    1    1    0    1    1    1    1    1    0    1    1    1    1    1    1    0    0    0    0    1    0    0    1    0    0    1    0    1    1    1    0    1    0    1    0    1    0    0    0    0    0    1    1    0    1    0    0    0    0    0    1    1    1    0    0    0    0    0    0    0    0    0    0    0    1    0    0    0    1    1    0    0    0    0    1    1    0    1    0    0    0    0    0    0    0    1    0    1    0    0    0    0    0    0    0    1    0    1    0    1    0    0    0    0    0    0    1    0    0    0    1    0    0    0    1    
100    0.101902    0.417271    1    1    1    1    1    1    1    1    1    1    1    0    1    1    1    0    1    1    1    0    1    0    1    1    1    1    1    1    1    1    1    1    1    0    1    1    1    1    0    0    1    1    1    1    0    1    1    1    1    1    1    1    1    1    1    1    1    1    1    1    1    1    1    1    0    1    1    1    1    0    1    1    0    1    1    1    1    1    0    1    0    1    1    0    0    0    0    1    1    1    1    1    1    1    1    1    1    0    0    1    0    0    1    1    0    1    0    0    0    0    0    1    1    0    1    0    0    0    1    0    1    1    1    0    0    1    0    0    1    1    0    1    0    0    0    0    1    0    0    1    0    0    0    1    0    0    1    1    0    0    0    0    1    0    1    0    0    0    0    0    1    0    0    0    0    0    1    0    0    0    0    0    0    0    0    0    0    1    0    0    0    1    0    1    1    0    0    1    0    1    1    1    0    1    1    0    1    1    1    0    
100    0.102166    0.533119    1    1    1    1    1    0    1    1    1    1    1    1    1    1    1    1    1    1    0    0    1    1    1    1    1    0    1    0    1    1    1    1    1    1    1    1    1    1    1    1    1    1    1    1    1    1    1    1    1    1    1    1    1    1    1    1    1    1    0    0    1    1    1    1    0    1    1    1    1    0    1    1    1    1    1    1    1    1    1    1    1    0    1    1    1    1    1    0    1    1    1    0    1    1    0    0    1    0    1    1    0    0    1    1    0    0    1    0    0    0    0    0    1    0    0    0    1    1    0    0    0    0    0    0    0    0    1    0    0    0    1    0    0    0    1    0    0    0    0    1    0    0    0    0    1    1    0    1    1    0    0    0    1    0    0    1    0    1    1    0    0    0    0    0    1    0    0    1    1    0    0    0    0    0    1    0    1    1    1    0    0    0    0    1    0    0    0    0    0    0    0    0    0    1    0    0    1    0    0    1    
100    0.157576    0.887359    1    1    1    0    0    1    1    1    1    1    1    1    1    1    1    1    1    1    1    0    1    1    1    1    1    1    1    1    1    1    1    1    1    0    1    1    1    1    1    1    1    1    1    0    1    1    1    1    1    1    1    1    1    1    1    1    1    1    1    1    1    1    1    1    1    1    1    1    1    0    0    1    1    1    1    1    1    1    1    1    0    1    1    1    1    1    1    0    1    1    1    1    1    0    1    1    1    1    1    1    1    0    1    0    1    1    0    1    0    0    1    0    0    0    0    0    1    1    0    0    1    0    0    1    0    0    0    0    0    0    1    0    1    0    1    0    1    0    0    0    0    1    1    1    0    0    0    1    0    0    0    1    0    0    1    0    0    1    0    0    0    0    0    0    0    0    0    0    0    0    0    1    0    0    0    0    0    0    0    1    0    0    1    1    0    0    0    0    0    0    1    0    0    1    1    1    0    0    0    0    
100    0.331416    0.0562878    1    1    0    1    0    1    1    1    1    1    1    1    0    1    0    1    1    1    0    0    1    1    0    1    1    0    1    1    0    1    1    1    1    1    0    1    0    1    1    1    1    1    1    1    1    1    0    0    1    1    0    1    1    1    1    1    1    0    1    1    1    1    1    0    0    0    1    1    0    1    1    1    0    1    1    1    1    1    1    1    1    1    1    1    0    1    1    1    1    1    1    1    0    1    0    0    1    0    0    1    1    1    0    0    0    1    0    1    1    0    0    0    1    1    0    1    1    0    0    1    0    1    1    1    1    1    0    1    0    1    0    1    1    0    0    1    0    1    1    0    0    0    1    1    1    0    0    1    0    1    1    0    0    0    0    1    0    0    0    0    0    1    0    1    0    0    0    1    1    0    0    1    0    0    0    0    1    0    1    0    0    0    0    1    1    1    0    0    0    0    0    1    1    0    1    0    0    0    0    0    
100    0.740537    0.401373    1    1    1    1    1    1    1    0    1    0    1    1    1    1    1    1    1    0    1    1    0    1    0    1    1    1    1    1    1    1    1    1    0    1    1    1    1    1    1    0    1    1    1    1    0    1    1    1    1    1    1    1    1    1    1    1    1    1    0    1    1    1    1    1    1    1    1    0    1    0    1    0    1    1    1    0    1    1    1    1    1    1    1    1    1    1    1    1    0    1    1    1    1    0    1    1    1    0    1    1    0    0    1    1    0    0    0    0    0    0    0    1    0    0    1    1    0    0    0    1    1    0    0    0    0    1    0    1    1    0    1    0    0    0    1    0    0    1    1    1    0    0    0    0    0    0    1    1    0    0    0    0    0    0    0    0    0    0    0    0    0    1    1    0    0    0    1    0    0    0    0    1    0    1    0    0    0    0    1    0    1    0    0    0    0    0    0    0    1    1    0    0    0    0    0    0    0    0    1    0    
100    0.815813    0.049159    0    1    1    1    0    0    1    1    1    1    1    1    0    0    0    0    1    1    1    1    0    1    1    1    1    1    1    0    1    0    1    0    1    1    0    0    1    1    0    1    1    0    1    1    1    1    1    1    1    1    1    0    1    1    1    1    0    1    1    0    0    1    1    0    0    1    0    1    0    1    1    1    1    0    1    1    1    1    1    1    1    0    1    0    0    0    0    1    0    0    1    1    1    0    1    1    0    1    0    1    0    1    0    0    0    0    0    0    0    0    0    0    0    1    0    1    1    0    0    1    1    0    0    0    0    1    0    0    0    0    1    0    0    0    1    0    1    0    1    0    0    0    1    0    1    0    0    0    1    0    1    1    0    0    0    0    0    0    0    1    1    0    0    0    0    0    0    0    0    0    1    0    0    1    0    0    1    1    0    1    0    0    1    0    1    0    1    0    0    0    1    0    0    0    1    1    1    0    0    1    
100    0.304128    0.743887    0    1    1    1    1    1    1    1    1    1    1    1    1    1    1    1    1    1    0    1    1    1    1    1    1    1    1    1    1    1    1    1    1    1    1    1    1    1    1    1    1    1    1    1    1    0    1    1    1    1    1    1    1    1    1    0    1    1    0    1    1    1    1    1    0    1    0    1    1    1    1    1    1    1    1    1    1    1    0    1    1    1    0    1    1    1    1    1    1    1    0    1    1    1    1    1    1    0    1    1    0    0    1    1    1    0    0    0    1    0    0    1    0    0    0    0    0    0    1    0    0    0    1    0    1    0    0    0    0    1    1    1    0    0    1    1    0    0    0    0    0    1    0    1    1    0    1    1    0    0    0    0    0    1    1    0    1    0    0    1    1    0    1    0    1    0    0    0    0    0    0    1    0    1    0    0    1    0    0    1    0    0    0    0    0    0    0    0    0    1    0    0    0    0    0    0    0    0    0    1    
100    0.876607    0.549781    1    0    1    1    1    1    1    1    1    0    1    1    1    1    1    1    1    1    1    1    1    1    1    0    1    1    1    1    1    1    0    1    1    1    1    1    0    1    0    0    1    0    1    1    1    1    1    1    1    0    1    1    1    0    0    1    1    1    1    1    1    0    1    1    1    1    1    1    1    0    0    1    1    0    1    0    0    1    1    1    1    0    0    1    1    1    1    1    1    1    1    1    1    1    1    1    1    0    1    1    0    0    1    1    0    1    0    1    0    0    1    0    0    0    0    0    1    1    1    0    0    0    0    0    1    0    1    1    1    0    1    1    1    1    0    0    0    0    0    1    1    0    1    0    0    0    0    1    0    1    0    0    0    1    1    1    0    0    1    0    0    0    0    0    0    0    0    0    0    0    1    1    0    1    1    0    0    0    0    1    0    0    0    0    0    1    1    0    0    1    1    1    1    1    1    1    0    0    0    1    
100    0.292649    0.825882    1    1    1    1    1    1    1    1    1    1    1    1    1    1    1    1    1    1    1    1    1    0    1    1    1    0    1    1    1    1    1    1    1    1    1    1    1    1    1    1    1    1    1    0    1    1    0    1    1    1    1    1    1    1    0    1    1    1    1    0    1    1    1    1    1    1    1    1    1    1    1    0    1    1    1    1    1    1    1    0    1    1    1    1    1    1    1    1    1    1    1    1    1    1    1    1    1    1    1    1    0    0    0    0    0    1    0    0    0    0    0    1    0    1    1    1    1    0    0    0    0    0    1    1    0    0    1    0    1    0    0    0    0    0    0    1    0    0    0    0    1    0    1    0    1    0    0    0    0    0    0    0    0    0    1    0    1    0    0    0    0    1    0    0    0    0    0    0    1    0    0    0    0    1    0    0    1    0    0    1    1    1    0    1    0    1    0    1    0    0    1    1    0    0    0    0    1    0    1    1    
100    0.297634    0.320716    1    1    1    1    1    1    1    1    1    1    0    1    1    0    1    1    0    1    1    0    1    1    1    1    1    1    1    1    1    1    1    1    1    0    1    1    1    0    1    1    1    1    1    1    1    1    1    1    1    0    1    0    1    1    1    0    1    1    0    0    0    1    1    1    1    1    1    1    1    1    1    1    1    1    1    1    0    1    0    1    1    1    1    1    1    1    1    1    1    0    1    0    1    1    0    1    1    0    1    0    0    1    0    1    0    0    1    0    1    0    1    0    0    0    0    0    0    0    0    0    0    1    1    0    0    0    1    0    0    0    0    1    1    1    0    0    0    1    0    0    0    0    1    1    0    0    0    0    0    0    1    0    1    0    1    0    1    0    0    0    0    0    0    1    0    0    0    0    0    0    0    0    1    0    1    1    0    1    0    1    0    0    1    0    0    0    0    0    0    0    1    0    0    0    0    0    1    0    0    0    
100    0.136953    0.0455457    1    1    1    1    1    0    0    1    1    1    1    1    0    1    1    1    1    1    1    1    1    1    1    1    1    1    1    1    0    0    1    1    1    0    1    1    1    1    1    1    1    1    1    1    1    1    0    1    1    1    1    1    1    1    1    1    1    1    1    1    1    1    1    1    1    1    1    1    1    1    1    0    1    1    1    1    1    1    1    0    0    1    1    0    1    1    1    1    1    1    0    1    1    1    1    1    1    1    1    1    1    1    1    0    1    1    1    0    0    0    0    0    1    1    0    0    0    1    1    0    1    0    1    0    0    0    0    1    1    0    1    0    0    0    0    1    1    1    0    0    0    1    0    1    1    1    0    1    0    0    0    0    1    0    1    0    0    0    0    0    1    0    0    1    1    0    0    0    0    1    0    0    0    1    0    0    0    0    1    0    1    1    0    1    0    0    0    0    0    1    1    0    1    0    0    0    1    0    0    1    
100    0.00842208    0.691512    1    1    1    1    1    1    0    1    1    1    1    0    1    1    1    1    1    0    0    1    1    1    1    1    0    1    1    1    1    1    1    1    1    1    1    1    1    1    1    1    1    1    1    1    1    1    1    1    1    1    1    1    1    1    1    1    1    1    0    1    1    1    1    1    1    1    1    0    1    1    0    1    1    1    1    1    1    1    1    1    1    0    1    1    1    1    1    0    0    0    1    1    1    1    1    1    1    1    1    1    0    0    1    1    1    0    1    1    0    0    1    0    0    0    1    0    0    0    0    0    0    0    0    0    0    1    1    1    0    0    0    0    0    0    1    0    0    0    0    1    0    0    1    0    0    0    0    1    1    0    1    0    0    0    0    1    1    0    1    0    0    0    0    1    0    0    1    0    0    0    0    0    0    0    0    0    1    0    0    0    1    0    0    0    0    0    1    0    0    1    1    0    1    0    0    0    0    0    0    0    
100    0.683417    0.450597    1    1    1    0    1    0    1    1    1    1    1    1    1    1    1    0    1    1    1    1    1    0    1    1    1    1    0    1    1    1    1    1    1    0    1    0    1    1    1    1    1    1    1    1    0    0    1    1    1    1    1    1    0    0    1    1    1    0    1    1    1    0    0    1    1    1    1    1    1    1    1    1    1    0    1    1    1    1    1    0    1    1    1    1    1    1    1    1    1    0    1    1    1    1    0    1    1    1    1    1    1    0    0    0    0    1    0    0    1    0    0    1    0    1    1    1    1    1    1    1    0    0    0    1    1    0    0    0    0    0    0    0    1    0    0    0    1    1    0    0    0    1    0    0    1    0    1    0    0    0    0    0    0    1    1    1    0    0    0    1    0    0    0    0    0    1    1    0    0    0    1    1    0    0    1    0    0    1    0    1    0    0    0    0    1    1    0    1    1    0    1    0    0    0    0    0    0    1    1    0    
100    0.173867    0.188827    1    1    1    1    1    1    1    1    1    1    0    1    1    1    1    1    1    1    1    1    1    1    1    1    1    1    1    1    0    1    1    1    1    0    1    1    1    1    1    1    0    1    1    1    0    1    0    0    1    1    1    1    1    0    1    1    1    1    1    1    1    1    1    1    1    1    1    1    1    1    1    0    0    1    1    1    0    1    1    1    1    1    1    1    1    1    1    1    1    1    1    1    1    1    1    0    1    1    0    1    0    1    0    0    1    0    0    1    0    1    0    0    1    0    0    0    1    0    0    0    1    0    0    0    0    1    0    0    0    0    1    0    0    0    1    0    0    0    1    0    0    0    0    0    1    0    0    0    0    1    0    0    0    0    0    0    1    0    0    1    0    0    0    0    0    0    0    0    0    0    0    0    1    0    0    1    1    0    1    0    0    0    1    0    0    0    0    0    0    0    0    0    0    1    0    0    1    1    0    0    
100    0.288719    0.977987    1    0    1    1    1    1    1    1    1    1    0    1    0    1    1    1    0    1    1    1    1    0    1    1    1    0    1    1    1    1    1    0    1    1    1    1    1    1    1    1    0    1    1    1    1    1    1    1    0    1    1    1    1    0    0    1    1    1    1    1    1    1    1    1    1    1    1    1    1    1    1    0    1    1    1    0    0    1    1    1    1    1    1    1    1    1    1    1    1    1    1    1    1    1    1    1    1    1    1    1    0    0    0    1    0    1    1    0    0    0    0    0    0    0    0    0    0    1    0    1    0    0    1    1    0    0    0    0    1    0    0    0    0    1    0    1    0    0    0    1    1    0    1    1    1    0    1    0    0    1    1    0    1    0    0    0    1    1    0    0    0    0    1    1    1    0    0    1    0    0    0    0    0    1    1    0    0    0    0    0    0    1    0    0    0    0    1    0    0    0    1    1    0    0    1    0    0    0    0    0    
100    0.838715    0.128532    1    0    1    1    1    1    1    1    1    1    0    1    0    0    1    1    1    1    1    1    1    1    1    0    1    0    0    1    1    0    1    1    0    1    1    1    0    1    1    1    1    1    1    1    1    1    1    1    1    1    1    1    1    1    0    0    1    1    1    1    1    0    1    1    1    1    1    1    1    1    1    1    1    1    1    1    1    1    1    1    0    0    1    1    1    0    1    0    1    1    1    1    1    1    1    1    0    0    1    1    0    0    0    1    0    0    0    0    1    0    0    0    0    1    1    0    0    0    0    1    0    0    0    0    0    0    1    0    0    1    0    0    0    0    1    0    0    1    1    0    0    1    0    1    0    0    0    1    0    1    0    0    0    1    0    0    1    0    0    0    1    0    0    0    1    0    0    0    0    1    0    0    1    0    0    1    0    0    0    1    1    0    0    0    0    0    0    0    0    0    1    0    1    1    1    0    0    1    0    0    
100    0.876467    0.119937    1    1    1    1    1    1    1    1    1    1    1    1    1    1    0    1    1    1    0    1    0    1    0    1    0    1    1    1    1    0    1    1    0    0    1    1    1    1    1    1    1    1    1    1    1    0    1    1    1    1    0    1    1    1    1    1    0    0    1    1    1    0    1    1    1    0    1    0    0    1    1    0    1    1    0    1    1    1    1    1    1    1    1    1    1    0    1    1    1    0    0    1    1    1    1    1    1    0    0    1    1    0    0    0    0    0    1    0    0    0    1    1    0    0    1    0    0    0    0    1    1    1    1    0    1    0    0    0    0    0    0    1    0    1    1    0    0    1    0    0    0    0    0    1    0    0    1    0    1    1    0    1    0    0    0    1    1    0    0    1    1    1    0    0    0    0    1    0    0    0    0    1    0    1    0    0    0    0    0    1    1    0    0    1    0    1    0    0    0    0    1    0    0    0    0    0    0    0    0    0    
100    0.562255    0.252354    1    1    1    0    1    0    1    1    1    1    1    1    0    1    1    1    1    1    1    1    1    0    1    1    1    1    1    1    1    0    1    1    0    1    1    1    1    1    1    0    1    1    1    1    0    0    1    1    1    1    1    1    1    1    0    1    1    0    0    1    1    1    1    1    0    1    1    1    1    1    1    1    0    1    1    0    1    1    1    1    1    1    1    1    1    1    1    0    1    1    0    1    1    1    1    1    1    1    1    1    1    0    0    0    1    0    1    0    0    0    0    0    1    0    1    0    1    1    0    1    0    0    0    0    1    1    1    0    1    0    0    0    0    0    1    0    1    0    0    0    0    0    0    0    0    1    1    1    0    1    0    1    0    0    0    0    0    1    0    0    1    1    0    0    0    1    1    0    1    0    1    0    0    1    1    0    0    0    0    0    0    0    0    1    0    0    0    0    0    0    0    1    0    0    0    0    0    1    0    1    
100    0.350806    0.809577    1    1    1    1    1    0    1    1    1    1    0    1    1    1    1    1    1    1    1    1    1    1    0    1    1    1    1    0    1    1    1    1    1    1    0    1    1    1    1    1    1    1    1    1    1    1    0    1    1    1    1    1    1    1    1    1    1    1    1    1    1    1    1    1    1    1    1    1    1    1    1    1    1    0    1    1    1    1    1    1    1    1    0    1    1    1    1    1    1    1    1    1    1    1    1    0    1    1    1    1    1    1    0    1    1    1    1    0    0    0    0    0    1    0    0    0    1    0    0    0    1    0    1    0    0    0    1    0    0    0    1    0    0    0    0    0    1    0    1    0    1    0    0    0    0    0    0    0    0    0    0    0    0    0    0    0    0    0    0    0    0    1    0    0    1    1    0    0    0    0    1    1    0    0    0    0    0    1    0    0    0    1    0    0    0    1    1    0    0    0    0    0    0    0    0    0    0    0    0    0    
