50    0.128302    0.747505    1    1    0    1    1    1    1    1    1    1    1    1    1    1    1    1    0    1    1    1    0    1    1    1    1    1    1    1    1    1    1    1    1    1    1    1    1    1    1    1    1    1    1    1    1    1    1    0    1    1    1    1    0    0    0    1    1    1    1    0    1    1    1    0    1    1    1    1    1    1    1    1    1    1    1    1    1    1    0    0    0    1    0    1    1    0    1    1    1    1    1    0    1    1    1    1    1    0    1    1    1    1    0    0    0    1    1    0    1    1    0    0    0    0    0    0    0    0    0    0    0    1    0    0    0    0    0    0    1    0    1    0    1    0    0    0    0    0    0    0    1    1    0    1    0    0    1    0    0    0    0    0    0    1    0    1    0    0    0    0    0    1    0    0    0    0    1    0    0    0    1    0    0    0    0    0    1    0    1    0    0    0    0    0    0    0    0    0    0    0    1    0    0    0    0    0    0    1    0    0    
50    0.526983    0.155282    1    1    1    1    1    1    1    1    1    0    1    1    1    1    0    1    1    1    0    1    1    0    1    1    1    1    0    1    0    1    1    0    1    1    1    1    1    1    1    1    1    0    1    1    1    1    0    1    1    1    0    1    0    1    0    1    1    1    1    1    1    1    1    1    1    1    1    1    1    1    1    1    1    1    1    1    1    1    1    1    1    1    1    1    1    1    1    1    1    1    1    1    1    1    1    1    1    1    0    1    0    0    1    0    0    0    0    0    0    0    1    0    0    0    0    1    1    0    0    0    0    0    0    0    1    0    0    0    0    1    0    0    0    0    0    0    0    0    1    0    0    0    0    1    0    1    0    0    1    0    0    1    0    0    0    1    1    0    0    0    0    0    1    0    0    0    1    0    0    0    0    1    0    0    0    0    0    0    1    0    0    0    0    0    1    0    1    0    0    0    0    0    0    1    0    0    0    0    0    0    
50    0.584079    0.898307    1    1    1    1    1    1    1    1    1    1    1    1    1    1    1    1    1    0    1    1    1    1    1    0    1    1    1    1    1    1    1    1    1    1    1    1    1    0    1    1    1    1    1    0    1    1    1    1    0    1    1    1    1    1    1    1    1    0    0    1    1    1    1    1    1    1    0    1    1    1    1    1    1    1    1    1    1    1    1    1    1    1    1    1    1    1    1    1    1    1    1    1    0    1    1    0    0    1    1    1    1    0    0    0    1    0    1    1    1    0    0    0    1    0    0    0    1    0    1    0    0    1    1    0    0    0    0    0    1    1    0    0    1    0    1    0    0    0    0    0    0    1    0    0    0    1    0    0    1    0    0    1    0    0    0    1    1    1    0    1    0    0    1    1    0    0    1    0    0    0    0    0    1    0    0    0    0    0    0    0    0    0    0    0    0    0    0    0    0    0    0    0    0    0    0    0    0    1    0    0    
50    0.927233    0.186301    1    1    1    1    1    1    1    1    1    1    1    1    1    1    1    1    1    1    1    1    1    1    1    1    1    0    1    0    1    1    1    1    1    1    1    1    1    1    0    1    1    1    1    1    0    1    1    0    1    1    1    1    1    1    1    1    1    1    1    1    1    1    1    1    1    1    1    1    1    1    0    1    0    1    1    1    1    0    1    1    1    1    1    1    1    1    1    1    1    1    1    0    1    1    1    1    1    1    1    1    0    1    0    0    0    1    0    0    0    1    0    0    0    0    0    0    1    0    0    0    0    0    0    0    0    0    1    0    0    0    0    0    1    0    0    1    0    0    0    0    0    0    1    1    0    1    0    0    0    0    0    0    0    0    1    0    0    0    0    0    1    0    1    0    0    0    0    0    0    0    1    1    0    0    1    0    1    1    0    1    0    0    0    1    0    0    0    0    0    0    0    1    0    0    0    1    0    1    1    0    
50    0.97766    0.0251174    1    1    1    1    1    1    1    1    1    1    1    0    1    1    1    1    1    1    0    1    1    1    1    0    1    1    0    1    1    0    1    1    1    1    1    1    1    1    1    1    1    1    0    1    1    1    1    1    1    1    1    1    0    0    1    1    1    1    1    1    1    1    1    1    0    1    0    1    1    1    1    0    0    1    1    1    1    1    1    1    0    0    0    1    1    1    1    1    1    0    1    1    0    1    1    1    1    0    0    1    0    1    1    0    0    0    1    0    1    0    0    0    0    0    0    0    0    0    0    0    0    0    0    0    0    1    1    1    0    0    0    1    1    1    0    0    0    0    0    0    0    0    0    0    1    0    0    0    1    0    0    0    0    0    1    0    0    0    0    1    0    0    0    0    0    0    1    1    0    0    0    0    0    1    0    0    0    0    0    0    0    0    0    1    1    0    1    0    0    1    0    1    1    0    0    0    0    1    1    0    
50    0.782925    0.445475    1    1    1    1    1    1    1    1    1    1    1    1    1    1    1    0    1    1    1    1    1    1    1    1    1    1    1    1    1    1    1    1    1    1    1    1    1    1    1    1    0    1    1    1    1    1    1    1    1    1    1    1    1    1    1    1    1    0    0    1    1    1    1    1    1    1    0    1    1    1    1    1    1    1    1    1    1    1    1    0    1    1    1    0    1    0    1    1    1    1    0    1    1    1    0    1    1    1    1    1    1    0    0    1    0    0    0    0    0    0    1    0    0    0    1    0    0    1    0    0    0    0    0    1    0    0    0    0    0    0    0    0    1    1    1    0    0    0    1    1    0    1    0    0    0    0    0    0    0    1    0    1    0    1    1    0    0    0    0    1    1    0    0    0    0    0    0    0    0    0    0    0    0    0    0    1    0    1    0    0    0    0    0    1    0    0    0    0    0    0    0    0    0    0    0    0    0    0    0    0    
50    0.828586    0.816591    1    1    1    0    1    1    1    1    1    0    1    1    1    1    1    0    0    1    0    1    0    0    1    1    0    1    1    1    1    1    1    0    1    0    1    1    1    1    1    0    1    1    1    1    1    1    1    1    1    1    1    1    1    1    1    1    1    0    1    1    1    1    1    1    1    1    1    1    1    1    1    1    1    1    1    1    1    1    1    1    1    1    1    1    0    0    1    1    1    1    1    1    1    1    1    1    0    1    1    1    1    0    0    0    0    1    1    0    0    0    0    0    0    1    1    0    0    0    0    0    0    0    1    0    0    0    1    0    0    1    0    0    0    0    0    1    1    0    1    1    0    0    0    0    0    0    1    0    0    0    0    0    0    0    0    0    0    0    0    0    1    0    0    1    1    0    1    1    0    0    0    0    0    0    0    0    0    0    0    0    0    1    0    0    0    0    1    0    0    0    1    0    1    0    0    0    0    1    0    0    
50    0.843145    0.924249    1    1    1    1    0    1    1    1    1    1    1    1    1    0    1    1    0    1    1    1    1    1    1    1    1    1    1    0    1    0    1    0    1    1    1    1    1    1    0    1    1    0    1    1    0    0    1    0    1    1    1    0    1    1    1    1    1    1    0    1    1    1    1    1    1    1    1    1    1    0    1    1    1    1    1    1    1    0    1    1    1    0    1    1    1    1    1    1    1    1    1    1    1    1    1    1    1    1    1    1    0    0    1    0    0    1    0    0    0    1    0    0    0    0    0    1    0    1    1    0    0    1    0    1    0    0    0    0    1    0    0    0    1    1    0    0    1    1    0    1    0    1    0    0    0    1    0    0    0    0    0    1    0    0    0    0    0    1    0    1    1    0    0    0    0    0    0    0    0    0    0    1    1    0    0    0    0    0    0    0    1    0    0    0    0    0    0    0    0    0    0    0    1    0    0    0    0    1    0    1    
50    0.741121    0.998974    1    1    0    1    1    1    1    1    0    1    1    1    1    1    0    1    1    1    1    1    1    1    1    1    1    1    1    1    1    1    1    1    1    1    1    1    1    1    1    1    1    1    0    1    1    1    1    1    1    1    1    1    1    1    1    1    1    1    1    1    1    0    1    1    1    1    1    1    1    1    1    1    0    1    1    1    1    1    1    1    1    1    1    1    1    1    1    1    1    0    1    1    0    1    0    0    0    1    0    1    0    1    0    0    1    0    1    0    1    0    1    0    1    1    0    0    0    0    0    1    0    1    1    1    0    0    1    0    1    0    0    0    0    0    0    1    1    0    0    0    1    1    1    0    0    0    0    0    1    1    0    0    0    0    0    0    1    1    0    1    0    0    1    0    0    0    0    0    1    0    0    0    0    0    0    1    0    0    0    0    0    0    0    0    1    0    1    0    1    0    0    0    1    0    0    0    0    0    0    0    
50    0.316881    0.528299    0    1    0    1    1    0    0    1    1    0    0    0    1    1    1    0    1    1    1    1    1    1    1    0    1    1    0    1    1    1    1    0    1    1    1    1    1    1    0    0    1    0    1    1    1    1    1    1    0    1    1    1    1    0    1    1    1    0    1    1    0    1    0    1    1    1    1    1    1    1    1    1    1    0    1    0    0    1    1    1    0    0    1    0    0    1    1    1    1    0    1    1    0    1    1    1    1    1    1    1    0    1    0    0    0    0    0    0    0    0    0    0    0    0    0    0    0    1    1    0    0    0    0    0    0    1    1    0    0    0    0    1    0    0    0    0    1    0    1    0    0    0    1    0    0    0    0    0    1    0    1    0    1    0    0    0    0    1    0    0    0    0    0    0    0    0    0    0    0    0    0    1    0    0    0    1    0    0    0    0    0    1    0    0    0    0    0    0    0    0    1    0    0    0    0    0    1    0    0    0    
50    0.993119    0.846789    1    1    1    1    1    0    1    1    1    1    1    1    1    1    1    1    1    1    1    1    1    1    0    1    1    1    1    0    1    0    1    1    1    1    0    0    1    0    1    1    1    1    1    1    1    1    1    1    1    0    1    1    1    1    1    1    1    1    1    1    1    1    1    1    1    1    1    1    1    1    0    0    1    0    1    1    0    1    1    1    1    1    1    1    1    0    1    1    1    1    1    1    1    1    1    0    1    1    1    1    0    0    0    1    1    0    1    0    0    0    1    0    0    1    0    0    0    0    0    0    0    0    1    0    0    0    0    0    0    0    0    0    0    1    1    0    0    0    0    0    0    0    0    0    0    0    0    0    0    1    0    1    0    0    1    1    0    0    0    1    0    0    0    1    1    0    0    0    0    1    0    1    0    0    0    0    1    1    1    0    0    0    0    0    0    0    0    1    0    0    1    0    0    0    0    0    1    0    0    1    
50    0.253141    0.313553    1    1    1    1    1    1    1    1    1    1    1    1    1    0    1    1    1    1    1    0    1    1    0    0    1    1    0    1    1    1    1    1    1    1    0    0    1    0    0    1    1    1    1    1    1    1    1    0    1    1    1    1    0    1    1    1    1    1    1    1    1    1    1    1    1    1    1    1    1    1    1    0    1    1    1    1    1    1    1    1    1    0    1    0    1    1    0    0    1    1    0    1    0    1    1    1    1    1    1    1    0    0    0    1    0    0    0    1    0    0    0    0    1    0    0    0    0    0    0    0    0    1    0    1    1    1    1    1    0    0    0    0    0    0    0    0    0    0    1    0    0    1    0    0    0    0    0    0    0    0    0    0    0    0    0    0    0    0    0    0    0    0    0    0    0    0    0    0    0    0    0    0    0    0    0    0    0    0    1    0    0    0    0    0    1    0    0    1    0    1    0    0    1    0    0    0    0    0    0    1    
50    0.416604    0.464797    1    0    0    1    1    1    1    1    0    0    0    0    1    1    1    1    1    1    1    1    1    1    0    1    1    1    1    1    1    1    1    1    1    1    1    1    1    1    1    1    1    1    0    1    0    0    1    1    0    1    1    0    1    1    1    1    1    1    1    1    1    1    0    1    1    1    1    1    1    0    0    0    0    0    1    0    1    1    1    1    1    1    1    1    1    0    0    1    1    0    0    1    1    1    1    1    1    1    1    1    0    0    0    0    0    1    0    0    0    0    0    0    1    0    0    0    0    1    1    0    1    0    0    0    0    1    1    0    0    0    0    1    0    1    0    1    1    0    0    1    0    1    1    0    1    0    0    1    0    1    1    0    0    0    0    0    0    1    0    1    0    1    0    0    0    0    0    0    0    0    0    0    0    1    0    0    0    0    0    0    0    0    0    0    0    0    1    0    0    0    0    0    0    0    0    0    0    1    0    0    
50    0.588422    0.625973    1    0    1    1    1    1    1    1    1    0    1    1    1    1    1    1    1    1    0    1    1    1    0    1    1    1    1    1    1    1    1    1    1    1    1    1    1    1    1    1    1    1    1    1    1    1    1    1    0    1    1    1    1    1    1    1    1    1    1    1    0    1    1    1    1    1    1    1    1    0    1    1    1    1    1    1    1    1    1    0    1    1    1    1    1    1    1    1    1    1    1    1    0    1    1    1    0    1    1    1    0    1    1    0    0    0    0    1    0    0    0    0    1    0    1    0    1    0    0    0    0    0    0    0    0    0    0    0    0    0    0    1    0    0    0    0    1    0    0    0    0    0    0    0    0    0    1    0    1    0    1    1    0    0    0    0    0    0    0    1    0    0    0    0    0    0    0    1    0    0    0    0    0    1    0    1    0    1    0    0    0    1    0    0    0    0    1    1    0    0    0    0    1    0    0    0    0    0    0    1    
50    0.289366    0.274471    0    1    1    1    1    1    1    0    1    1    1    1    1    1    1    1    1    0    1    1    1    1    1    1    1    1    0    1    1    1    1    1    0    1    1    1    0    1    1    1    1    1    1    1    1    1    1    1    0    1    1    1    1    1    1    1    1    1    0    1    1    1    1    1    1    1    1    0    1    1    1    1    1    1    0    1    1    0    1    1    1    0    1    1    1    0    1    1    1    1    1    1    1    1    0    1    1    1    0    0    1    0    0    0    0    0    1    1    0    0    0    0    0    0    0    1    1    0    0    0    0    0    0    0    0    0    1    0    1    0    0    0    0    0    0    0    0    0    0    0    0    1    0    0    0    0    1    0    0    0    1    0    0    0    0    0    1    0    0    0    0    1    0    0    0    1    0    0    0    1    0    0    0    0    1    0    0    0    0    0    0    0    0    0    0    1    0    0    0    0    1    0    0    0    0    1    0    0    1    1    
50    0.296382    0.256742    1    0    1    1    0    0    1    1    0    1    1    1    1    1    0    1    1    0    1    1    1    1    1    1    1    1    0    0    1    1    1    1    1    1    1    1    1    1    1    1    1    1    1    1    1    0    1    1    1    1    1    1    1    1    1    1    1    0    1    1    1    1    1    1    1    1    1    1    1    0    0    1    1    1    0    1    1    1    1    1    0    1    1    1    1    1    1    0    1    1    1    1    0    1    0    1    1    0    0    1    0    1    0    0    0    0    0    0    0    0    0    0    1    0    1    0    0    0    0    0    0    0    0    0    0    1    0    1    1    0    0    0    0    0    0    0    0    0    1    0    1    1    1    0    0    0    0    0    0    0    0    0    0    0    1    0    0    0    0    1    0    0    0    0    0    1    1    0    1    1    0    0    0    0    0    0    0    0    0    1    0    0    1    0    0    1    1    0    0    0    0    1    1    1    0    0    0    0    1    0    
50    0.571307    0.954737    1    1    1    1    1    1    1    1    1    1    1    1    1    1    1    0    1    0    1    1    1    1    1    1    1    1    1    1    1    1    1    0    1    1    1    1    1    1    1    1    1    1    1    1    1    1    1    1    1    1    1    1    1    1    1    1    0    0    1    1    0    1    1    1    1    1    1    1    0    1    1    1    1    1    1    1    1    1    1    1    1    1    1    1    0    1    1    1    1    1    1    1    0    1    1    1    1    1    0    1    0    0    1    0    0    0    1    1    0    0    0    0    0    1    0    1    0    0    0    0    0    0    0    0    0    1    0    0    0    0    0    0    0    0    0    0    0    0    0    1    0    0    0    0    1    0    0    0    0    1    1    0    0    1    1    0    0    0    0    0    0    0    0    0    1    1    1    0    1    1    1    1    0    1    0    1    1    0    0    0    0    0    0    0    0    0    1    0    0    0    0    0    0    0    0    0    0    0    1    0    
50    0.0274078    0.852196    1    1    1    1    1    1    1    1    1    1    1    1    1    1    1    1    1    1    1    1    1    0    1    1    1    1    1    1    1    1    1    1    1    1    1    0    1    1    1    1    0    1    1    0    1    1    1    1    0    1    1    1    1    1    1    1    1    1    0    1    0    0    1    1    1    1    1    0    1    1    1    1    1    1    0    1    1    1    1    1    1    0    0    1    1    1    1    1    1    1    0    1    1    1    1    1    1    1    1    0    1    0    0    0    1    1    0    0    0    0    0    0    0    0    0    1    0    0    0    0    0    0    0    0    0    0    1    0    0    0    0    1    1    0    1    0    0    0    0    0    0    0    0    0    0    0    0    0    0    0    0    0    0    0    0    0    0    0    0    0    0    0    0    0    1    0    0    0    0    1    0    0    0    0    0    0    0    1    0    0    0    1    0    0    0    0    1    0    1    1    0    0    0    0    1    0    0    0    0    1    
50    0.0718645    0.00492449    1    1    1    1    1    1    1    1    1    1    0    0    1    1    1    1    1    1    1    0    1    1    1    1    1    1    1    1    1    0    0    1    1    1    1    0    1    1    1    1    1    1    1    1    1    1    1    0    1    1    1    0    1    0    1    1    1    1    0    1    1    1    1    1    1    1    1    0    1    1    1    1    1    1    1    1    1    1    1    1    1    0    1    1    1    0    1    1    1    1    1    1    0    1    1    1    0    1    0    0    0    0    1    1    0    1    0    0    0    0    0    0    0    0    0    0    1    0    0    0    0    0    1    1    0    1    0    0    1    1    0    0    0    1    1    0    0    1    0    1    0    0    0    0    0    0    0    0    0    0    0    0    1    0    1    0    1    0    0    0    0    0    1    1    1    0    0    0    0    0    0    1    0    0    0    0    1    0    0    1    0    1    0    0    0    1    0    0    0    0    0    0    0    0    0    0    0    0    0    1    
50    0.745026    0.294435    1    1    1    1    1    1    1    1    1    1    1    1    1    1    0    1    1    1    0    0    1    1    1    1    1    1    0    0    1    1    1    1    1    1    1    1    1    1    1    1    1    1    1    1    0    1    1    1    1    1    1    0    1    1    1    1    1    1    0    1    0    1    0    1    1    1    0    1    1    1    1    0    0    1    1    1    1    1    1    1    1    1    1    1    1    1    1    1    1    1    1    1    1    1    1    1    0    0    1    1    1    0    0    0    0    0    0    1    0    0    0    1    0    1    0    0    0    1    0    0    0    0    1    0    0    0    0    0    0    0    0    1    0    0    0    0    1    0    1    0    0    0    0    0    0    0    1    0    0    1    0    1    0    1    0    0    0    1    0    0    0    0    0    0    0    0    0    0    0    0    1    0    1    1    0    1    1    0    0    0    0    0    0    0    0    0    1    0    0    1    0    1    0    1    0    0    0    0    0    0    
50    0.382809    0.184193    1    1    1    1    1    1    1    0    1    1    1    1    1    0    1    1    0    0    0    1    1    1    1    1    1    1    0    1    0    1    1    1    1    1    1    0    0    0    1    1    1    1    1    1    1    1    1    0    0    1    1    0    1    1    1    1    1    0    0    1    1    1    1    1    1    1    1    0    1    1    1    0    1    1    1    1    1    1    1    1    1    1    1    1    1    1    1    1    1    1    1    1    1    1    1    1    1    1    1    1    0    0    0    0    0    0    0    1    0    0    0    1    0    0    0    0    1    0    0    0    0    0    0    0    0    0    0    0    1    0    0    1    0    0    0    0    0    0    0    1    0    1    0    0    0    0    1    1    0    0    0    1    0    0    0    0    0    1    0    0    0    1    0    1    1    0    0    0    0    1    1    1    0    0    0    0    0    1    0    0    1    0    1    0    0    0    1    0    0    0    0    1    0    0    1    0    0    0    0    0    
50    0.0745678    0.503665    1    0    1    1    1    1    1    1    1    1    1    1    1    1    1    0    1    1    1    1    0    1    1    1    1    1    1    0    1    0    1    1    0    0    0    1    1    1    1    1    1    1    1    1    0    0    1    1    1    1    1    1    1    1    1    0    1    1    0    1    1    1    1    1    1    1    1    1    1    1    1    0    1    1    1    1    1    1    0    1    1    1    1    0    1    1    1    1    1    1    1    1    1    1    1    1    1    1    1    1    1    0    1    0    1    0    0    0    1    0    1    1    0    0    0    0    0    0    1    0    0    0    0    1    0    0    0    1    0    0    0    0    0    0    0    0    0    1    1    0    0    1    0    1    0    0    1    0    0    0    0    0    0    1    0    0    1    0    0    0    0    0    0    0    1    0    1    1    0    0    0    0    0    1    1    0    0    0    1    0    0    0    0    0    0    0    0    0    0    1    1    0    0    0    0    1    0    0    0    0    
50    0.0698891    0.80404    1    1    0    1    1    0    1    1    1    1    0    1    1    1    1    1    1    1    1    0    1    1    1    0    1    1    0    1    1    1    1    0    0    1    1    0    0    1    1    1    1    1    1    1    1    1    0    1    1    1    1    1    1    1    1    1    1    0    1    1    1    1    1    1    0    1    1    1    1    1    1    1    1    1    1    1    1    1    1    1    1    0    1    1    0    1    1    1    1    1    1    1    1    1    1    1    1    0    1    1    0    1    1    0    1    0    1    0    1    0    0    0    0    0    0    0    0    0    0    0    1    1    0    0    0    0    1    0    0    1    0    0    0    0    0    0    0    0    0    0    0    0    0    0    0    1    0    0    0    0    0    0    0    0    0    0    0    1    0    0    0    0    0    0    0    0    1    0    0    0    0    0    1    1    1    1    1    0    0    0    1    0    0    0    1    0    0    0    1    1    0    1    0    0    1    0    0    0    0    0    
50    0.427758    0.994831    1    1    1    1    1    1    0    1    1    1    1    1    1    1    0    1    1    1    1    1    1    1    0    1    0    1    1    1    1    1    1    1    1    1    1    1    1    1    0    0    1    0    0    1    1    1    1    1    1    1    1    1    1    1    1    1    1    1    1    1    0    1    1    1    1    1    1    1    0    1    1    1    1    1    1    1    1    1    1    1    1    1    1    1    1    1    1    1    0    1    1    1    1    1    1    1    1    1    0    1    0    0    0    0    1    1    0    0    0    0    1    0    0    0    0    0    1    1    0    0    0    1    1    0    0    0    0    0    0    0    0    1    0    0    0    0    1    0    1    0    1    0    0    1    0    0    0    0    0    0    0    0    0    1    0    0    0    0    0    1    1    1    1    0    0    1    0    1    0    0    1    0    0    1    1    0    0    0    1    0    0    0    0    0    0    0    0    0    0    0    0    0    0    0    0    0    0    0    0    1    
50    0.409287    0.430459    0    1    1    1    1    1    0    1    1    0    0    0    1    1    1    1    1    1    1    1    1    1    1    1    1    1    1    1    1    1    1    0    1    1    1    0    0    1    1    1    1    0    1    0    1    0    1    1    1    0    0    0    1    0    1    1    0    1    1    0    1    1    1    0    0    1    0    1    0    1    1    1    1    1    1    1    1    1    1    1    0    1    1    1    1    1    1    0    1    1    1    1    1    1    0    1    1    1    1    1    0    1    0    0    0    0    0    0    0    0    1    0    0    0    0    1    0    0    0    0    0    0    0    0    0    0    0    0    0    0    0    1    0    0    1    1    0    0    1    0    0    0    0    1    0    0    0    0    1    1    1    0    0    0    0    0    0    0    0    0    0    1    0    0    0    0    0    0    0    0    0    0    0    0    0    0    0    0    0    0    0    0    0    0    0    0    1    1    0    0    1    1    0    0    0    0    0    0    0    0    
50    0.160797    0.74447    1    1    1    1    1    0    1    1    1    1    1    1    1    0    0    1    1    1    1    1    1    1    1    0    1    1    0    1    1    1    1    1    1    1    1    1    1    1    1    1    1    1    1    1    1    1    1    1    1    1    1    1    1    1    0    1    1    1    0    1    1    1    0    1    1    1    1    1    1    1    0    1    1    1    0    0    1    1    1    1    1    1    1    1    1    1    1    1    1    1    1    0    1    1    1    1    1    1    0    0    0    0    1    1    0    0    0    0    0    0    1    0    0    0    0    0    1    0    0    1    0    1    0    0    0    0    0    0    0    0    0    0    0    0    0    0    0    0    0    0    0    0    0    1    1    0    0    0    0    1    0    0    0    0    0    1    0    0    0    1    0    1    0    1    0    0    0    0    0    1    0    0    0    1    0    0    0    0    0    0    0    0    0    1    0    0    1    1    0    0    0    0    0    0    0    1    0    1    0    0    
50    0.918249    0.352924    1    1    1    1    1    1    1    0    1    1    1    1    1    1    1    0    1    1    1    1    1    1    1    1    1    1    1    1    1    1    1    1    1    1    0    1    1    1    0    1    1    1    1    1    1    1    1    1    1    0    1    0    1    1    1    1    1    0    1    1    1    1    1    1    0    0    0    1    1    1    1    1    1    1    1    1    1    1    1    1    0    1    1    1    1    1    1    1    1    1    0    1    0    1    0    1    1    1    1    1    0    0    1    0    0    0    1    0    1    0    0    0    0    0    0    0    1    1    0    0    1    1    0    0    0    0    0    0    0    0    0    0    0    1    0    0    0    0    0    0    0    0    0    0    1    0    1    0    0    0    0    0    0    1    0    0    0    0    0    0    0    1    0    0    0    0    1    0    0    0    0    0    0    0    0    0    1    1    0    0    1    0    0    0    0    0    0    0    0    0    0    0    0    0    0    0    0    0    1    0    
50    0.519678    0.242776    1    1    1    1    1    1    1    1    1    1    0    1    1    1    0    1    0    1    1    1    1    1    1    0    1    1    1    1    1    1    1    1    1    1    1    0    1    1    1    1    1    0    1    1    1    1    1    1    1    1    0    1    1    1    0    0    1    1    1    1    0    1    1    1    1    1    1    1    1    1    1    1    0    1    1    1    1    0    1    1    0    0    1    1    1    1    1    1    0    1    1    1    1    1    1    1    0    1    1    1    0    1    0    0    1    1    1    0    0    0    0    0    1    0    0    0    0    0    0    0    0    0    1    1    0    0    0    0    1    1    0    0    0    0    0    0    0    0    0    1    0    0    1    0    0    0    1    1    0    0    0    0    0    0    0    0    0    0    0    0    0    0    1    0    0    0    1    1    0    0    0    1    1    0    0    0    0    0    0    0    0    0    0    0    0    0    0    0    0    1    0    0    0    0    0    0    0    0    0    0    
50    0.178523    0.909463    0    1    1    1    1    1    1    1    1    1    1    1    1    1    1    1    1    1    1    1    1    1    0    0    1    1    1    1    1    1    1    1    1    1    0    1    0    0    1    1    1    1    1    1    1    0    0    1    1    1    1    1    1    1    1    1    1    1    0    1    1    0    0    0    0    1    1    1    1    1    1    1    1    0    1    1    1    1    1    1    0    1    0    1    1    1    1    1    1    0    1    1    1    1    1    1    1    1    1    0    0    0    0    0    0    0    0    0    0    0    0    1    0    0    0    1    0    1    0    0    0    0    0    0    0    1    0    0    0    0    0    0    0    1    0    1    0    0    0    1    0    0    0    0    0    0    1    0    0    0    0    0    0    1    0    0    0    0    0    0    0    0    0    1    0    0    0    0    0    0    1    0    0    0    1    0    0    0    1    0    0    0    0    0    0    0    0    0    0    1    0    0    0    0    1    1    0    0    0    0    
50    0.620931    0.336955    1    1    1    1    1    1    1    1    1    1    1    1    1    0    1    1    1    1    1    0    1    1    0    1    1    1    1    0    1    1    1    1    1    0    1    0    1    0    1    1    0    1    1    1    1    1    1    1    1    1    0    0    0    1    1    1    1    1    0    1    1    1    1    1    1    1    0    1    1    0    0    1    1    1    1    1    1    0    1    1    1    1    1    0    0    1    1    1    1    1    1    1    0    1    1    0    1    1    1    1    0    0    1    0    0    0    0    0    0    0    1    0    1    0    0    0    0    1    0    0    0    0    0    0    0    1    0    0    0    0    0    0    0    0    0    0    1    0    0    1    0    1    0    0    0    0    0    0    0    0    1    1    0    0    1    1    0    1    1    0    0    0    0    0    0    0    0    1    0    0    0    0    0    0    0    0    1    1    0    0    0    1    0    1    1    0    0    0    0    0    1    0    0    0    0    0    0    1    0    1    
50    0.95754    0.610407    0    1    1    1    1    1    0    1    1    1    1    1    0    1    1    1    1    1    1    1    1    0    0    1    1    1    1    1    1    0    1    1    1    1    1    1    1    1    1    1    1    1    1    1    1    1    1    1    1    1    1    1    0    1    1    0    1    1    1    0    1    1    1    0    1    1    1    1    1    1    1    1    1    1    1    1    1    1    0    1    1    1    0    1    1    1    0    1    1    1    1    0    1    1    1    1    1    1    1    0    1    1    1    0    0    0    0    1    0    0    1    0    1    1    0    0    0    0    0    0    1    0    0    0    0    0    0    0    0    0    0    0    0    0    0    0    1    0    1    1    0    1    0    0    0    1    0    0    0    1    0    0    0    0    0    1    1    1    0    1    0    0    0    0    1    0    0    0    0    0    0    0    0    1    0    0    1    0    0    0    0    0    0    0    0    0    0    0    0    1    0    0    0    0    0    0    0    1    0    0    
50    0.81523    0.883185    1    1    1    1    1    1    1    1    1    1    1    1    1    1    1    1    1    1    1    1    0    1    1    0    1    1    1    1    1    1    1    1    1    1    1    1    1    1    1    1    1    1    1    0    1    1    1    1    1    1    1    0    1    1    1    1    1    1    1    1    1    1    1    0    1    1    0    1    1    1    1    1    1    1    1    1    0    1    1    1    1    1    1    1    1    1    1    0    0    1    1    1    1    1    1    1    1    1    1    1    0    0    0    1    0    0    1    0    0    1    1    1    1    1    0    1    1    0    0    0    0    0    0    0    0    0    1    0    0    0    0    0    0    0    0    1    1    0    0    0    0    0    1    0    0    0    0    0    1    0    0    0    1    0    1    0    0    1    1    0    1    0    0    0    0    0    0    0    0    0    0    0    0    1    0    0    1    0    0    1    0    1    0    0    0    1    0    0    0    0    0    0    1    0    0    1    0    1    0    1    
50    0.447259    0.490303    1    1    0    0    0    1    1    0    1    0    0    1    1    1    1    1    1    1    1    1    1    1    0    1    0    1    0    1    0    1    1    1    1    1    1    1    1    0    0    1    1    1    0    0    0    1    1    1    0    1    1    1    1    0    1    1    0    1    0    1    1    1    0    1    1    1    1    0    1    1    1    0    0    1    1    1    1    1    1    1    0    0    0    1    1    1    1    0    1    0    1    1    1    1    0    1    1    1    1    1    0    0    0    0    0    1    0    1    1    1    0    0    0    0    0    0    0    0    0    0    0    1    0    0    0    0    0    0    0    0    0    0    0    0    1    1    0    0    1    0    0    1    0    0    1    0    0    0    0    0    0    0    0    0    0    0    1    0    0    1    0    0    0    1    0    0    0    0    0    0    0    0    0    0    0    0    0    0    0    1    0    1    0    0    0    0    1    0    0    0    0    0    0    0    0    0    1    0    1    0    
50    0.820151    0.255019    1    1    1    1    1    1    1    1    1    0    1    0    1    1    1    1    1    1    1    1    1    1    1    1    1    1    0    1    0    1    1    1    1    1    1    1    1    1    1    0    1    1    1    1    1    1    1    1    1    1    1    1    1    1    1    1    1    1    1    1    1    1    1    1    1    0    0    1    1    1    0    1    1    1    1    0    1    1    1    0    0    1    1    1    1    1    1    1    1    1    1    1    1    1    1    1    1    1    0    1    0    0    0    0    0    0    1    0    0    0    0    0    0    0    1    1    0    0    0    0    0    0    0    0    0    0    0    1    0    0    0    1    0    0    0    0    0    1    0    1    0    0    0    0    0    0    0    0    0    0    0    1    0    0    0    1    0    0    0    1    0    1    0    0    0    0    0    0    0    0    1    1    0    1    0    1    1    1    0    1    0    1    0    0    0    0    0    0    0    1    0    1    0    1    0    0    1    1    0    1    
50    0.424112    0.529254    1    1    1    1    1    1    1    1    1    0    1    1    1    0    1    0    1    1    1    1    1    0    0    0    0    1    1    0    1    1    1    1    1    1    1    1    1    1    1    1    1    1    1    0    1    1    0    1    0    0    1    1    1    1    0    1    1    1    0    1    0    1    1    1    0    1    0    1    1    0    1    1    1    1    1    1    1    1    1    0    0    1    1    1    1    1    1    1    1    1    1    1    1    1    1    1    1    1    1    1    0    0    0    0    0    0    0    0    0    0    0    1    0    0    0    0    0    0    1    0    0    0    0    0    0    0    0    0    0    0    0    1    0    0    0    0    0    0    0    0    1    0    1    1    0    0    0    0    0    0    0    1    0    0    1    0    0    0    0    0    0    0    0    0    0    0    0    0    0    0    0    0    0    1    0    1    0    0    0    0    0    0    0    0    1    0    0    1    0    0    0    0    0    0    0    1    0    1    0    0    
50    0.184095    0.301695    1    1    1    0    1    0    1    1    0    1    1    1    1    1    1    1    1    1    1    1    1    1    1    0    1    1    1    0    1    0    1    1    1    1    1    0    1    1    0    1    0    1    1    1    1    1    1    1    0    1    0    1    1    1    1    1    1    1    1    1    1    1    1    0    1    1    1    1    1    1    1    1    1    1    1    1    1    1    1    0    1    0    1    0    1    1    1    1    1    1    1    1    0    1    1    1    1    1    1    0    0    0    0    0    0    0    1    0    0    0    0    0    1    1    0    0    1    0    0    0    0    0    0    0    0    0    0    0    0    1    0    0    0    0    0    0    0    0    0    1    0    0    0    0    0    0    0    0    0    0    1    0    0    0    0    1    0    0    0    0    0    0    1    0    1    0    0    0    1    0    0    0    0    1    1    0    0    0    0    0    0    0    0    1    0    1    1    1    0    0    1    0    0    0    0    1    0    0    0    0    
50    0.509946    0.845306    1    0    1    1    1    1    1    1    1    1    0    1    1    1    1    1    1    1    1    1    1    1    1    1    1    1    1    1    1    1    1    1    1    1    0    1    0    0    1    1    1    1    1    0    1    1    0    0    1    1    1    1    0    1    1    1    1    1    1    1    1    1    1    1    1    1    1    1    1    1    1    1    1    1    1    1    1    1    1    1    1    1    1    1    1    1    0    1    1    1    1    0    1    1    1    0    1    1    1    1    1    1    1    0    0    0    0    0    0    0    0    0    0    0    0    1    0    0    1    0    0    1    0    0    0    0    0    0    0    0    0    1    1    1    0    0    0    1    0    0    1    0    0    0    0    0    0    0    0    1    0    0    1    0    0    0    1    1    1    0    0    0    1    1    0    1    0    0    0    0    0    0    0    0    0    0    0    0    0    0    0    0    0    0    0    0    0    1    0    0    0    0    0    0    1    0    0    0    0    0    
50    0.745699    0.929777    1    1    1    1    1    1    1    1    1    1    1    0    1    1    1    1    1    1    1    1    1    1    1    1    1    1    1    1    1    1    1    1    1    1    1    1    1    1    1    1    1    1    1    1    1    1    1    1    1    1    1    0    1    1    1    1    1    1    1    1    1    1    1    1    1    1    0    1    1    0    1    1    1    1    0    1    1    1    0    1    1    0    1    1    1    1    1    1    1    1    1    1    1    1    1    1    1    1    1    1    1    0    0    0    0    0    0    0    1    1    0    1    0    0    0    1    0    1    0    0    0    0    1    0    1    1    0    0    0    0    1    1    0    0    0    0    0    1    0    1    0    0    1    0    0    0    0    0    0    0    0    1    1    1    0    0    0    0    0    0    0    0    0    0    0    0    0    0    1    0    0    0    0    0    0    0    0    1    0    0    1    1    0    1    0    1    0    0    0    0    0    0    0    0    0    0    0    0    0    0    
50    0.368884    0.813608    1    1    1    1    1    0    0    1    1    1    1    1    1    1    1    1    1    1    1    1    1    1    1    1    1    1    0    1    1    1    0    1    0    1    1    1    1    1    1    1    0    1    1    1    0    1    1    1    1    1    0    1    1    1    1    0    1    1    1    1    1    0    1    0    1    1    1    1    1    1    1    1    1    0    0    1    1    1    1    1    1    1    1    0    1    1    1    0    1    1    1    1    0    1    1    1    1    1    0    1    1    0    0    0    0    0    0    0    1    0    1    1    0    0    1    0    0    1    0    1    0    0    0    0    0    0    0    0    0    0    0    1    0    0    0    1    1    0    1    0    0    0    0    0    0    1    0    1    0    0    0    0    0    0    0    0    0    0    0    1    0    0    0    0    0    1    0    0    0    0    0    1    0    0    0    0    0    0    0    0    0    1    0    0    0    1    0    1    0    0    1    1    0    0    1    0    0    0    0    1    
50    0.959155    0.555176    1    1    1    1    1    1    1    1    1    1    1    1    0    1    1    1    1    1    0    1    1    1    1    1    1    1    1    1    1    1    1    0    1    1    1    1    1    1    1    1    1    1    1    1    1    1    1    1    1    1    1    0    1    0    1    1    1    1    0    1    0    0    1    1    1    0    0    1    1    0    1    1    1    1    0    0    1    0    1    1    1    1    1    1    1    1    1    1    1    1    0    1    0    1    1    1    1    1    1    1    1    0    0    0    1    0    0    1    0    0    0    0    0    0    0    0    0    1    1    0    0    0    0    0    0    0    0    1    0    0    0    0    0    0    1    0    1    0    1    0    0    0    0    0    0    0    0    0    0    0    0    0    1    0    1    1    0    0    0    0    0    0    0    0    0    0    0    1    0    1    0    0    0    1    0    0    1    0    0    0    0    1    0    0    0    0    0    0    0    0    0    0    0    1    0    0    0    0    0    0    
50    0.592005    0.081523    1    1    1    1    1    1    0    1    1    1    1    1    1    1    1    1    1    1    1    1    1    1    1    1    0    1    1    1    1    1    1    1    1    1    1    1    1    1    1    0    1    1    1    1    0    1    1    1    1    1    1    1    1    1    1    1    1    1    1    1    0    1    1    0    1    1    1    1    0    1    1    1    1    1    1    1    1    1    1    1    1    1    1    1    1    1    1    1    1    1    1    1    1    1    1    1    1    1    1    1    0    0    0    0    1    0    0    0    0    0    1    1    0    1    1    0    1    1    0    1    0    0    0    0    1    0    0    0    0    0    0    0    0    0    0    0    0    1    0    0    0    1    1    1    0    0    1    0    0    0    0    1    0    0    0    0    1    0    1    0    0    1    0    0    0    0    0    0    0    0    1    0    0    0    1    0    0    0    0    0    0    0    0    0    1    0    1    0    0    0    0    0    0    0    0    1    0    0    1    0    
50    0.58704    0.451513    0    1    1    1    1    1    1    1    0    1    1    1    0    1    0    1    1    1    1    1    1    1    1    0    0    1    1    1    1    1    1    1    1    1    1    1    1    1    1    1    1    1    1    1    1    1    1    1    0    1    1    0    1    1    1    0    1    1    1    1    1    1    1    1    1    1    1    1    0    1    1    1    1    1    1    1    1    1    1    1    1    1    0    1    1    1    1    0    1    1    1    1    1    1    1    1    1    1    0    1    0    1    0    0    1    0    0    0    1    0    0    1    1    0    0    0    0    0    0    0    0    0    0    0    0    1    0    0    0    0    0    0    0    0    1    0    1    0    0    1    1    0    0    0    0    0    0    1    0    0    1    0    0    0    0    0    0    0    0    1    0    0    0    0    0    0    0    0    1    0    0    0    0    0    0    1    0    0    0    0    0    0    0    0    1    0    0    0    0    0    1    0    0    0    1    1    0    0    0    0    
50    0.864475    0.301384    1    1    0    1    1    1    1    1    1    1    1    1    1    1    1    1    1    1    1    1    1    1    1    1    0    1    1    1    1    1    1    1    1    0    1    1    1    0    0    1    0    1    0    0    1    1    1    1    1    1    1    1    1    1    1    0    1    1    0    0    1    1    0    0    1    1    1    1    1    1    1    0    1    1    1    1    1    1    1    0    0    1    1    1    1    1    1    1    1    1    1    1    1    1    1    1    1    1    1    1    0    0    0    0    0    1    0    0    0    0    0    0    0    0    0    0    0    0    0    1    0    0    1    0    0    1    0    0    1    0    0    0    1    0    0    0    1    1    0    0    0    0    0    0    0    0    0    0    0    0    1    0    0    1    0    0    0    0    1    0    0    0    0    0    1    0    0    1    1    0    1    1    0    0    1    0    0    1    0    1    0    0    0    1    0    0    1    1    0    0    0    0    0    0    0    0    0    0    0    0    
50    0.465623    0.639508    1    1    1    1    1    1    1    1    1    0    0    0    1    1    1    1    1    1    1    1    1    1    1    1    1    1    1    1    1    1    1    1    1    0    1    1    1    1    0    1    0    1    1    1    1    1    1    1    1    1    1    0    0    0    1    1    1    1    1    1    1    1    1    1    1    1    1    1    1    1    1    1    1    1    1    1    1    0    1    0    1    1    1    0    1    1    0    0    1    0    1    1    1    1    1    1    1    1    1    1    1    0    1    0    0    0    0    0    0    1    0    0    0    0    0    1    0    0    0    1    1    0    0    0    0    1    1    0    0    0    0    0    0    1    0    1    0    0    0    0    0    0    0    0    0    0    0    1    0    0    0    0    0    0    0    0    0    0    1    0    0    0    0    1    0    0    0    1    0    0    0    0    0    1    1    0    0    0    0    0    0    0    1    0    1    0    0    0    0    0    0    0    0    0    1    1    0    1    1    1    
50    0.751834    0.562168    1    1    1    1    1    1    1    1    1    1    1    1    1    1    0    1    0    1    1    1    1    1    1    1    1    1    1    1    0    0    1    1    1    1    1    0    1    1    1    1    1    1    1    1    1    1    0    1    1    0    1    1    1    1    1    0    1    0    1    1    1    1    1    1    0    1    1    1    1    1    1    1    1    0    1    1    0    1    1    1    0    1    1    1    0    1    1    1    1    1    1    0    1    1    1    1    1    1    1    0    0    1    0    0    0    0    0    0    0    0    0    0    0    1    0    0    0    1    0    0    0    1    0    0    0    0    0    0    0    0    0    0    1    0    0    1    0    1    1    0    0    0    0    0    0    0    0    0    0    0    0    0    0    0    1    0    0    0    1    0    0    1    0    0    0    0    0    0    0    0    0    0    0    0    1    1    0    0    0    1    0    1    0    0    0    0    0    0    0    0    1    0    0    0    1    1    1    1    0    0    
50    0.233346    0.854874    1    1    1    1    1    0    1    1    1    0    1    0    0    0    0    1    1    1    1    1    1    1    1    0    1    1    1    1    1    0    0    0    1    1    0    0    1    1    1    1    1    1    1    0    0    0    0    1    1    1    1    1    1    1    1    1    0    0    1    1    1    0    1    1    1    0    1    0    0    1    1    1    1    1    1    1    1    1    1    1    0    1    1    0    0    1    1    0    1    1    0    0    1    1    1    1    1    0    1    0    0    0    1    0    0    0    0    0    0    0    0    1    0    0    0    0    0    0    0    1    0    0    0    0    0    1    0    0    0    1    1    1    0    1    0    0    0    0    0    1    1    0    0    0    0    0    0    0    1    1    0    0    0    0    1    0    0    0    0    0    1    0    0    1    0    1    0    0    0    0    1    0    0    0    0    1    0    0    0    0    0    0    0    1    0    0    1    0    0    0    1    1    0    0    0    1    0    0    0    1    
50    0.974158    0.600995    1    1    1    1    1    1    1    1    1    1    1    1    1    1    1    1    1    1    1    1    1    1    0    1    0    1    1    1    1    1    1    0    1    1    1    1    1    1    1    1    0    1    1    1    0    0    1    1    1    1    1    1    1    1    1    1    1    1    1    1    1    0    1    1    1    1    1    1    1    1    1    1    1    1    1    1    1    1    1    0    1    1    1    1    1    1    1    1    0    1    1    1    1    1    1    1    0    1    0    0    0    0    1    0    0    0    0    0    0    1    1    0    0    1    0    0    0    0    0    0    0    0    0    0    1    0    1    0    0    0    0    0    0    0    0    1    1    0    0    0    1    0    0    0    0    0    0    1    0    0    0    0    1    0    0    0    0    1    0    0    0    0    0    0    0    0    0    0    0    0    0    0    0    0    1    0    0    0    0    0    0    0    1    0    0    0    0    0    1    0    0    0    0    1    1    1    0    0    0    0    
50    0.912061    0.573288    1    1    1    1    1    1    1    1    1    1    1    0    1    1    1    0    0    1    1    0    1    1    0    1    1    1    1    1    1    1    1    1    1    1    1    1    1    1    1    1    1    1    1    1    1    1    1    1    1    1    1    1    1    1    1    1    0    1    1    1    1    1    1    0    1    1    1    1    1    1    1    1    1    1    1    1    1    1    1    1    1    0    1    1    1    1    1    1    1    1    1    1    1    1    1    1    1    1    0    1    0    0    1    0    0    0    0    0    0    1    0    0    0    1    0    0    1    0    0    1    0    0    0    0    1    1    1    0    1    0    0    0    0    0    1    1    0    0    0    1    0    0    0    0    1    0    1    0    0    0    0    1    0    1    0    0    0    0    1    1    1    0    0    0    0    0    0    0    0    1    0    0    0    0    1    0    0    0    0    0    0    0    0    0    0    0    0    0    1    1    0    0    0    0    0    0    0    0    0    0    
50    0.705221    0.568742    1    0    1    1    1    1    1    1    1    1    0    1    1    1    1    1    1    0    0    0    1    1    1    1    1    1    1    1    1    0    1    1    1    1    1    1    0    1    0    1    1    1    1    1    0    1    0    1    1    1    1    1    0    1    1    1    1    1    0    1    1    0    1    1    0    1    1    1    1    1    1    1    1    1    1    1    1    0    1    0    1    1    0    1    1    1    1    0    1    1    0    0    1    1    1    1    1    1    1    0    1    0    0    0    1    0    1    0    0    1    1    0    0    0    0    0    0    0    0    0    0    0    0    0    0    0    0    1    0    0    1    1    1    0    0    0    0    1    0    1    1    0    1    0    1    0    0    1    1    0    1    0    0    0    0    0    0    0    0    1    1    0    0    0    0    0    0    0    1    0    0    0    0    0    0    0    0    0    0    0    1    1    1    0    0    0    0    0    0    0    0    0    0    0    0    0    0    0    1    0    
50    0.79981    0.479971    1    1    0    1    1    1    1    1    0    0    1    1    1    1    1    1    1    1    1    1    1    1    1    1    1    1    1    1    1    1    0    1    0    1    1    1    1    0    1    1    0    1    1    0    1    0    0    1    1    1    1    1    1    1    1    1    1    1    1    0    1    1    1    1    0    1    1    1    1    1    1    1    1    1    1    1    1    1    0    1    1    0    1    1    1    1    1    1    1    1    1    1    1    1    1    0    1    1    0    1    0    1    0    1    1    0    0    0    1    0    0    0    0    1    0    0    0    0    0    0    0    0    0    0    1    0    0    0    1    0    0    1    0    1    0    0    0    0    0    0    0    0    1    0    0    0    0    0    0    0    1    0    1    0    1    0    1    1    1    1    0    0    0    0    1    0    0    1    0    1    0    0    0    1    0    0    0    0    1    1    0    1    0    0    0    0    0    0    1    0    1    0    0    1    1    1    0    0    0    0    
50    0.536456    0.0787593    1    1    1    1    1    1    1    1    1    1    1    1    1    1    1    1    1    0    0    1    0    1    1    1    1    0    1    1    1    1    1    1    1    1    1    1    1    1    1    1    1    1    1    1    1    1    1    1    0    1    0    1    1    1    1    1    1    1    1    1    1    1    1    1    0    1    1    1    0    1    1    1    1    1    1    1    1    1    1    1    1    1    1    1    1    1    0    0    1    1    1    1    1    1    1    1    1    1    1    1    0    0    1    1    0    1    0    1    0    0    0    1    0    0    1    1    0    0    0    1    0    0    0    0    0    0    1    0    0    0    1    0    0    0    0    1    0    1    1    1    0    1    0    0    0    0    0    0    1    0    0    1    0    0    0    0    0    1    0    0    1    0    1    0    1    0    1    1    0    0    0    0    0    0    0    0    1    0    0    1    0    0    0    0    0    0    0    0    0    0    0    0    0    0    0    0    0    0    0    1    
50    0.634706    0.893191    1    0    1    1    1    1    1    1    1    1    1    1    1    1    1    1    1    0    1    1    1    1    1    1    1    1    1    0    1    0    1    1    1    1    1    1    1    1    1    1    1    1    1    1    1    1    1    0    1    1    1    1    0    1    1    1    0    1    1    1    1    1    1    1    1    1    1    1    1    0    1    1    1    1    1    1    1    1    1    1    1    1    1    1    1    1    1    1    1    1    1    1    0    1    1    1    1    1    1    1    0    0    0    0    0    0    1    0    0    0    0    0    0    0    0    0    1    0    0    0    0    1    0    0    0    0    0    0    0    0    0    0    0    1    0    1    0    0    0    0    0    0    0    0    0    0    0    0    0    0    0    0    0    1    0    0    0    0    0    0    0    0    1    0    0    0    0    1    1    1    0    0    0    1    0    1    0    0    0    0    0    1    0    0    1    0    1    0    0    0    0    0    0    1    0    0    1    0    0    0    
50    0.966351    0.0631816    1    1    1    0    0    0    0    1    1    0    1    1    0    1    1    1    0    1    1    1    1    1    1    1    1    1    1    1    1    1    0    0    0    1    1    0    1    1    0    1    1    1    0    1    1    1    1    1    1    1    1    0    1    1    0    1    1    1    1    1    0    1    1    1    1    1    1    1    1    1    1    1    1    1    1    1    0    0    0    1    0    0    1    1    0    1    1    1    1    1    0    1    1    1    1    1    1    0    1    1    0    0    0    1    0    0    0    1    0    0    0    0    0    0    0    0    0    0    0    1    1    1    0    0    0    0    1    1    0    0    0    0    1    1    1    0    0    0    0    0    0    0    0    0    0    0    0    0    0    1    0    0    0    0    0    0    0    0    0    0    1    0    0    1    0    0    0    0    0    0    1    0    0    1    1    0    1    1    0    0    0    1    0    0    0    1    0    0    0    1    0    0    0    0    0    1    0    0    0    1    
50    0.178205    0.203002    0    1    1    1    1    1    1    1    1    1    1    0    1    1    1    1    1    1    1    1    1    1    1    1    1    0    1    1    1    1    1    1    1    1    1    0    1    1    1    0    1    1    1    1    1    1    1    1    1    1    1    1    1    1    1    1    1    1    1    1    1    1    1    1    1    1    1    1    1    1    1    1    1    1    1    1    1    1    0    1    1    1    1    1    1    0    1    0    1    1    0    1    1    1    1    1    1    1    0    1    0    0    1    0    0    0    1    0    0    0    0    0    1    1    0    0    0    0    0    0    1    0    0    1    0    0    0    0    0    0    0    0    0    0    1    0    1    0    0    0    0    0    0    0    0    1    0    0    0    0    0    0    0    0    1    0    0    0    0    0    0    1    0    0    1    0    0    0    0    0    0    0    0    1    1    0    0    0    1    0    0    0    0    0    0    0    0    0    1    1    0    0    0    0    0    0    0    0    1    0    
50    0.827197    0.00499032    1    1    0    1    1    1    0    1    1    1    1    0    1    1    1    1    1    1    1    1    1    1    1    1    1    1    0    1    1    1    1    1    0    0    0    1    1    1    1    1    1    1    0    1    1    1    1    1    1    1    1    1    0    1    1    0    1    1    1    0    1    0    1    0    1    1    1    1    0    1    0    0    1    1    1    1    1    1    1    1    1    1    1    1    0    1    1    1    1    1    1    1    1    1    1    1    1    1    1    1    0    0    0    0    0    1    0    0    0    0    1    1    1    0    0    1    1    0    0    0    0    0    0    0    0    0    1    0    0    1    0    0    1    0    1    0    0    0    0    0    0    0    0    0    0    1    0    0    1    0    0    1    0    0    0    0    0    1    0    0    1    0    0    0    0    0    0    0    1    0    0    0    0    0    0    0    0    0    0    0    0    0    0    1    0    1    0    0    0    0    0    0    1    0    0    0    0    1    0    1    
50    0.569313    0.930841    1    1    1    1    1    1    1    1    1    1    1    1    1    0    1    1    1    1    1    1    1    1    1    1    1    1    1    1    1    1    1    1    1    1    0    1    1    1    1    1    1    1    1    1    1    1    1    1    1    0    1    1    1    1    1    1    1    1    1    1    1    1    1    1    1    0    1    1    1    1    1    1    1    0    1    1    0    1    1    1    1    1    1    1    1    1    1    1    0    1    1    1    1    1    1    1    1    0    0    1    0    0    0    0    0    0    0    0    1    0    0    0    0    1    0    0    0    0    0    0    0    0    0    1    0    0    1    0    0    0    1    1    0    0    0    0    0    1    0    0    0    1    0    0    0    0    0    0    0    1    1    1    0    0    1    1    1    1    1    1    0    1    0    0    1    0    0    0    0    1    0    0    0    0    0    0    0    1    0    0    1    0    0    1    0    0    0    0    0    0    0    0    0    0    0    0    0    0    1    1    
50    0.548609    0.212916    1    1    0    1    1    1    1    1    0    1    0    1    1    1    0    1    0    1    1    1    1    1    1    1    1    1    1    1    1    1    1    1    1    1    1    1    1    1    0    1    1    1    1    1    1    1    0    1    0    1    0    1    1    1    0    1    1    1    1    1    1    1    1    1    1    1    1    1    1    1    1    1    1    1    1    1    1    1    1    1    1    1    1    0    1    1    0    1    1    1    1    1    1    1    1    1    1    1    1    1    1    1    1    0    0    0    0    0    0    1    0    0    0    0    0    0    0    0    0    0    0    0    0    0    0    1    0    1    0    0    0    0    1    0    0    0    1    0    0    1    0    0    0    0    0    0    0    1    0    1    0    0    0    0    0    1    0    0    0    0    0    0    0    0    1    1    0    0    1    0    0    0    1    0    0    0    0    0    0    0    0    0    0    0    1    0    1    0    0    0    0    0    0    0    1    0    1    0    0    1    
50    0.780608    0.188152    1    1    1    1    1    1    0    1    1    1    1    1    1    1    0    1    0    1    1    1    1    1    1    0    1    1    1    0    1    1    1    1    1    1    1    0    1    1    1    1    1    1    1    1    0    1    1    1    1    1    1    1    1    1    1    1    1    1    1    1    1    1    1    0    1    1    1    1    1    1    1    1    1    0    1    1    1    1    1    1    1    1    1    1    1    1    0    1    1    1    1    1    0    1    1    1    0    1    1    0    1    0    0    0    1    0    1    0    0    1    1    0    1    0    0    0    1    0    1    0    1    1    0    0    1    0    1    0    0    1    0    0    1    0    0    0    0    0    0    0    1    0    0    0    0    0    0    0    0    0    0    1    0    1    0    0    0    0    0    1    0    0    0    0    1    0    0    0    0    0    1    0    0    0    0    0    1    1    0    0    0    1    0    0    0    1    0    0    0    0    0    0    0    0    1    1    0    0    1    1    
50    0.285842    0.76999    1    1    1    1    1    0    1    1    0    1    1    0    1    1    1    1    0    1    1    1    1    1    1    1    1    1    1    0    1    1    1    0    1    1    1    1    1    1    1    1    1    1    1    1    1    0    1    1    0    1    0    1    1    0    1    0    1    1    1    1    0    0    0    1    0    1    1    1    1    1    1    1    1    0    1    0    1    0    1    0    1    1    1    1    1    1    1    0    0    1    1    1    1    1    1    1    1    0    0    0    1    0    0    0    0    1    0    0    0    0    0    0    0    0    0    0    0    0    0    1    1    0    0    0    0    1    1    0    0    1    0    0    0    0    0    0    0    1    0    0    1    1    0    0    1    0    0    1    0    0    0    0    0    1    0    0    0    0    0    0    0    0    0    1    0    0    0    0    0    0    0    1    0    0    1    0    0    0    0    0    0    0    0    0    0    0    0    0    0    0    0    0    0    0    0    1    0    0    0    0    
50    0.0675364    0.279296    1    1    1    1    1    1    1    1    1    1    1    1    1    1    1    1    1    0    1    1    1    1    1    1    0    0    1    0    1    1    1    1    1    1    1    1    0    1    0    1    1    1    1    1    1    1    1    1    1    1    1    1    1    1    1    1    1    1    1    1    1    1    1    1    0    0    1    1    0    1    1    1    0    1    1    1    1    0    1    1    1    1    1    1    0    1    1    1    1    1    1    1    1    1    1    1    1    1    1    1    0    0    0    0    0    0    0    0    0    0    0    0    0    0    0    0    0    0    0    0    0    0    0    0    0    0    0    0    1    1    0    0    0    0    0    1    0    0    1    1    0    0    0    0    0    0    0    0    0    1    0    0    0    0    0    0    0    0    0    0    1    0    0    0    0    0    0    1    1    0    0    0    0    0    0    0    0    0    0    0    1    0    0    0    0    0    0    0    1    1    0    0    0    0    1    0    0    1    0    0    
50    0.180483    0.0429445    1    1    1    1    1    1    0    0    1    1    0    0    1    1    1    1    1    1    1    1    1    1    1    1    0    0    1    1    1    1    1    1    1    1    1    1    1    1    1    1    1    0    1    1    0    1    1    1    1    1    1    1    1    1    1    1    1    1    1    0    1    1    1    1    1    1    1    1    1    1    1    1    1    1    0    1    1    0    1    1    0    1    1    1    1    1    1    1    1    1    0    1    1    1    1    1    1    1    0    0    0    0    0    0    0    0    1    0    0    1    0    0    0    0    1    0    1    0    0    0    0    0    0    0    0    1    0    0    0    0    1    0    0    0    1    0    0    0    1    0    0    1    1    0    0    0    0    0    0    0    0    0    0    0    1    0    0    0    0    0    0    0    1    0    0    0    0    0    0    0    1    0    0    1    0    0    0    1    0    0    0    0    0    0    0    0    0    0    0    0    0    0    0    0    1    1    0    0    0    0    
50    0.96299    0.337691    1    1    1    1    1    0    1    1    1    1    0    1    1    0    1    1    1    1    1    1    1    1    1    1    1    1    1    1    0    1    0    1    1    1    1    1    1    1    1    1    1    1    1    0    1    1    1    1    1    1    0    0    1    1    1    1    1    1    1    1    1    1    1    1    1    1    1    1    1    0    1    1    1    1    1    0    1    1    0    1    1    1    1    1    1    1    1    1    1    1    1    1    1    1    1    1    1    1    1    0    0    0    1    0    0    1    0    1    0    0    0    0    1    0    0    0    0    0    1    0    0    0    0    0    0    1    0    0    1    0    0    0    1    0    0    0    0    0    0    0    0    0    0    0    0    1    0    1    0    0    0    0    0    0    0    1    0    0    0    1    0    0    0    1    0    0    1    0    0    0    0    0    0    0    1    1    0    0    0    0    1    0    0    0    0    0    1    1    0    1    1    0    0    1    0    0    1    0    0    0    
50    0.396184    0.150331    1    1    1    1    1    0    1    1    1    1    1    0    1    0    1    1    1    1    1    1    1    1    1    1    0    1    1    1    1    1    1    1    1    1    1    1    0    1    0    1    1    1    1    1    1    1    1    1    1    1    1    1    1    1    1    1    1    1    0    1    0    1    1    1    1    1    0    1    1    1    1    1    1    0    1    1    1    1    1    1    0    1    1    1    1    1    1    1    1    0    1    0    1    1    0    1    1    1    1    1    0    0    0    1    1    0    0    1    0    0    0    1    0    0    0    0    0    0    1    0    0    0    0    0    1    0    0    1    0    1    1    1    0    0    0    0    0    0    0    0    0    1    1    0    1    0    0    0    1    1    0    1    0    0    1    0    0    0    0    0    0    1    1    0    0    0    0    1    1    1    0    0    0    0    0    0    0    0    0    0    1    0    1    0    1    0    0    0    0    0    0    0    0    0    0    1    0    1    0    1    
50    0.535378    0.752344    0    1    1    1    0    0    1    1    1    1    1    1    0    1    1    0    1    1    1    1    1    0    1    1    1    0    1    1    1    1    1    1    1    1    1    1    0    1    1    1    1    0    1    1    1    1    1    1    1    0    1    0    1    1    1    1    1    0    0    1    1    1    1    1    1    1    1    1    1    0    0    1    1    0    1    1    1    1    0    1    1    1    1    1    1    0    1    1    1    1    1    1    1    1    0    1    0    1    1    1    0    0    0    0    0    0    0    0    0    0    0    0    0    0    1    0    0    1    0    0    0    0    0    0    0    0    0    0    1    0    0    1    0    0    0    1    0    1    0    0    0    0    0    1    0    1    0    1    0    0    0    1    0    0    1    0    0    0    1    0    0    0    0    1    0    1    0    0    0    1    1    0    0    0    0    0    1    0    0    0    0    1    0    1    0    0    0    1    0    0    0    0    0    0    0    0    0    0    0    0    
50    0.607112    0.61253    1    1    1    1    0    1    0    0    1    1    1    1    1    0    1    1    1    1    0    1    1    1    1    1    1    1    1    1    1    1    0    1    0    0    1    1    1    0    1    0    1    1    1    0    1    1    1    1    1    1    1    1    1    1    1    1    1    1    1    1    1    1    1    0    1    1    1    1    1    1    1    1    1    1    1    0    1    1    1    1    1    1    1    0    1    1    1    1    1    1    1    1    1    1    1    0    0    0    1    1    1    1    0    0    1    0    0    0    0    0    0    1    0    0    1    0    0    0    1    1    1    0    0    0    0    0    0    0    1    0    0    0    0    0    0    0    0    0    0    0    1    0    0    0    0    0    0    0    1    0    1    0    0    0    0    0    0    0    1    0    0    0    0    1    0    0    0    0    1    0    0    0    0    0    0    0    0    0    0    0    0    0    0    0    0    0    0    1    0    0    0    0    0    0    0    1    0    0    1    1    
50    0.108602    0.0380517    1    0    1    1    1    1    0    1    1    0    1    1    1    1    1    1    1    1    1    1    1    1    1    1    1    1    1    1    0    1    1    1    1    1    1    0    0    1    1    1    0    1    0    1    1    1    1    1    0    1    1    1    1    0    1    0    1    1    1    1    1    1    1    0    0    1    0    0    1    1    1    1    0    1    1    1    0    1    1    1    1    1    1    1    1    1    1    0    1    1    1    0    1    1    1    1    1    0    1    0    0    0    0    1    0    0    0    0    0    0    1    0    0    1    0    0    0    1    1    0    0    0    0    0    0    0    0    0    0    0    0    0    0    1    1    0    0    0    0    0    0    1    1    0    1    0    0    0    1    0    0    0    0    1    0    0    0    0    0    0    0    0    1    0    0    0    0    1    1    0    0    0    0    1    1    0    0    1    0    0    0    0    0    0    1    0    0    0    0    0    0    0    0    0    0    1    0    0    1    0    
50    0.140482    0.54024    1    1    1    1    1    1    0    1    1    0    1    0    1    1    1    1    1    1    1    1    1    1    1    1    0    1    1    0    1    1    1    1    1    1    1    1    1    0    1    0    1    1    0    1    0    1    0    1    1    1    0    1    1    1    1    1    1    1    1    1    0    1    1    1    0    1    1    1    1    1    1    1    1    0    1    1    1    0    0    1    1    1    0    1    1    1    1    1    1    0    1    1    1    1    0    1    0    1    0    1    0    0    0    0    0    0    1    0    0    1    0    0    1    1    0    0    1    0    1    0    0    0    0    0    0    1    0    0    1    0    0    0    0    0    0    0    0    0    0    1    0    0    1    1    0    0    0    1    0    0    1    0    1    0    0    0    0    0    0    0    0    1    0    1    0    0    0    0    1    0    0    1    0    0    0    0    0    1    0    0    0    1    0    0    0    0    0    0    0    1    0    0    0    0    1    0    0    0    0    0    
50    0.997366    0.561142    1    1    1    1    1    1    1    1    0    1    1    1    1    1    1    1    1    1    1    1    1    1    1    1    0    1    1    0    1    1    1    1    1    1    1    1    1    1    1    1    0    1    1    1    1    1    1    0    1    1    0    1    1    1    1    1    1    1    1    1    1    1    1    1    1    1    1    0    1    1    1    1    0    1    1    0    1    1    0    1    1    1    1    0    0    1    1    1    1    1    1    1    1    1    1    1    1    1    1    1    0    0    0    0    0    0    0    0    0    1    0    0    0    0    1    0    0    0    0    0    1    0    0    0    0    1    0    1    1    0    0    1    0    0    0    0    0    1    0    0    0    0    0    0    0    1    0    1    0    0    0    0    0    0    0    0    1    1    0    1    0    0    0    1    0    0    0    0    0    0    0    0    0    0    1    0    0    1    0    0    0    0    0    1    0    0    0    1    1    0    0    0    0    0    0    0    0    1    0    0    
50    0.763058    0.0479392    1    1    1    1    1    1    1    0    1    0    0    1    0    1    1    1    1    1    1    1    1    1    0    1    1    1    1    1    1    1    1    1    1    1    1    1    1    1    1    1    1    1    1    1    1    0    1    1    1    1    1    1    1    1    1    1    1    1    1    1    1    1    0    1    1    1    1    1    0    1    1    1    1    1    1    1    0    1    1    1    1    1    1    0    1    1    0    1    1    1    1    1    0    1    1    1    1    1    1    1    0    0    0    0    0    1    0    0    0    1    1    0    1    1    0    0    0    0    1    1    0    0    0    0    1    0    0    1    0    0    1    0    0    0    0    1    0    1    1    0    0    0    1    0    0    0    0    0    0    0    0    0    0    0    0    0    1    0    0    0    1    0    0    0    0    0    0    0    0    1    0    0    1    0    0    0    0    0    0    0    1    1    0    1    0    0    0    0    1    1    0    0    0    0    1    0    0    0    0    1    
50    0.898337    0.403487    1    1    1    1    1    1    1    1    1    1    1    0    1    1    1    1    0    1    1    1    1    1    1    1    1    1    1    1    1    1    1    1    1    1    0    1    1    1    1    1    1    1    1    1    1    1    1    1    1    1    1    1    1    1    1    1    1    1    1    1    0    1    1    0    1    0    1    1    1    1    1    1    1    1    1    1    1    1    1    1    1    1    1    1    1    1    1    0    1    1    1    1    1    0    0    1    1    1    1    1    0    0    1    0    1    0    1    1    0    1    1    1    0    0    0    0    0    0    0    0    0    0    0    0    0    0    0    0    0    0    0    0    0    0    0    1    0    0    0    1    0    0    0    0    0    0    1    1    0    0    0    1    0    1    0    1    0    1    0    0    1    0    0    0    0    0    0    0    1    0    0    0    0    1    0    0    1    1    0    0    0    0    0    0    0    0    1    1    0    0    0    0    0    1    1    0    0    0    0    0    
50    0.572193    0.769653    1    1    1    1    1    1    1    1    1    0    1    1    1    1    1    1    1    1    1    1    1    1    0    1    1    1    1    1    1    0    1    1    1    0    1    1    1    0    1    1    1    1    1    1    1    1    1    1    0    1    1    1    1    1    1    1    1    1    1    1    1    1    1    1    1    1    1    1    1    1    1    1    1    0    1    1    0    1    1    1    1    1    1    1    1    0    1    1    1    1    1    1    1    1    1    1    1    1    0    1    1    0    0    0    0    0    0    1    0    0    1    0    0    0    0    1    0    0    1    0    0    0    0    0    0    0    0    0    0    1    1    0    0    1    0    0    1    0    0    0    0    0    0    1    0    0    1    1    1    0    0    0    0    1    0    0    0    0    0    0    0    0    0    0    0    1    0    0    1    0    0    0    0    1    1    0    0    0    1    0    0    0    0    0    0    0    0    0    0    0    1    0    0    0    1    0    0    0    1    0    
50    0.896379    0.390464    1    1    0    1    1    0    1    1    1    1    1    1    1    0    1    1    1    1    1    1    1    1    1    1    1    1    0    1    1    1    1    1    1    1    1    1    1    0    1    1    1    1    1    1    0    0    1    1    1    1    1    1    1    1    1    0    1    1    1    1    1    1    1    1    0    1    1    1    0    1    0    1    1    1    1    0    1    1    1    1    1    1    0    0    1    1    1    1    1    1    1    1    1    1    0    1    1    1    1    1    0    0    1    0    0    0    0    0    0    0    1    0    0    1    0    0    1    1    0    0    0    1    0    0    0    0    0    0    0    0    0    1    0    0    0    0    1    0    1    0    0    0    0    1    1    0    0    1    0    0    1    0    0    0    0    0    0    1    0    1    1    0    0    0    0    0    0    0    1    0    0    0    0    0    1    0    1    1    0    0    0    1    0    0    0    0    0    0    1    0    0    0    0    0    0    0    1    0    0    0    
50    0.0223292    0.113902    0    1    1    1    1    1    1    0    1    1    1    1    1    1    0    1    1    1    0    0    1    1    1    1    1    1    1    1    1    0    1    1    1    1    1    1    1    1    1    1    1    1    1    1    1    1    1    0    1    0    1    1    1    1    1    1    1    0    1    1    1    1    1    1    1    1    1    0    1    1    1    1    0    1    1    1    1    1    1    1    1    1    1    1    1    1    1    1    1    1    1    0    1    1    1    0    1    1    1    1    1    0    0    0    0    0    1    1    1    0    0    0    0    0    0    0    0    1    0    0    0    0    0    1    0    1    0    0    0    0    0    0    1    0    0    1    0    0    0    0    0    0    0    0    0    0    0    0    0    0    0    0    1    0    0    1    0    0    0    1    0    0    0    0    1    0    0    1    0    0    0    0    1    1    0    0    0    0    1    1    0    1    0    0    1    0    0    0    1    0    1    1    0    0    0    0    0    0    1    1    
50    0.0685002    0.332518    1    1    1    1    1    1    1    1    1    0    1    1    0    1    1    1    1    1    1    1    0    1    1    1    1    1    0    1    1    1    0    1    1    1    1    1    0    1    1    0    1    1    1    1    1    1    1    1    1    1    1    1    1    1    1    1    1    1    1    1    1    1    0    0    0    1    1    0    1    1    1    1    1    1    1    1    1    1    1    1    1    1    1    1    0    1    1    1    1    0    1    1    1    1    0    1    1    1    1    1    0    0    0    0    0    0    0    1    0    0    1    0    0    1    0    1    0    0    0    0    0    0    0    1    1    0    0    1    1    0    0    0    0    0    0    0    0    1    0    0    1    1    0    0    0    0    0    0    0    1    0    0    0    0    1    0    1    0    0    0    0    1    0    1    0    0    0    0    0    0    0    0    0    0    1    0    0    1    0    0    1    0    0    0    1    0    1    0    0    0    0    0    0    1    1    0    0    0    0    0    
50    0.582551    0.27089    1    1    1    0    1    1    1    0    0    1    1    1    1    1    0    1    1    1    1    1    1    0    1    1    0    1    1    1    1    1    1    1    0    1    1    1    1    1    1    1    1    1    1    1    1    0    1    1    1    1    1    1    1    1    1    1    1    1    1    1    0    1    1    1    1    1    0    1    1    0    0    1    1    1    1    0    1    1    0    1    1    1    1    1    1    1    1    1    0    1    1    1    1    1    1    1    1    0    0    0    1    1    0    0    1    0    0    0    0    0    0    0    1    1    0    0    0    0    0    0    0    0    0    0    0    0    0    0    0    0    0    0    0    0    0    0    0    1    1    1    0    0    1    0    0    0    0    0    1    0    0    1    0    0    0    0    0    0    0    1    1    1    0    0    1    0    0    0    0    0    0    0    0    0    0    0    0    0    0    1    0    0    0    1    0    0    0    0    1    0    0    0    0    0    0    0    0    0    0    0    
50    0.498114    0.0498707    1    1    1    1    1    1    1    0    0    1    1    1    0    1    1    1    1    1    1    1    1    1    1    1    1    1    1    1    1    1    0    0    1    1    1    1    1    1    1    1    1    1    0    0    1    1    1    1    0    0    1    1    1    1    1    1    0    1    1    1    1    1    0    1    1    1    1    0    1    0    1    1    1    1    1    1    1    1    1    1    1    1    1    0    1    0    1    1    1    1    1    1    1    1    1    0    1    1    1    1    0    1    0    0    0    0    0    0    1    1    0    0    0    0    0    1    0    0    1    1    0    0    0    0    1    0    0    0    0    0    0    1    0    0    0    0    0    0    0    1    0    0    0    0    0    0    0    1    0    0    1    0    1    0    1    0    0    0    0    0    0    0    0    0    0    0    0    1    0    0    1    0    0    0    1    0    1    1    0    0    0    0    1    1    0    0    0    0    0    0    0    0    0    0    0    0    0    0    1    1    
50    0.232038    0.0509421    1    1    1    1    1    0    1    1    1    1    1    1    0    1    1    1    1    1    1    1    1    0    0    1    1    1    1    1    0    1    1    1    1    1    1    1    0    0    0    1    1    1    1    1    1    1    1    1    1    1    1    1    0    1    0    1    1    0    0    1    1    1    1    1    1    0    0    1    1    1    1    1    1    1    1    1    0    1    1    1    1    1    0    1    1    1    0    1    1    1    1    1    1    0    0    0    0    1    1    1    0    0    0    1    1    0    1    0    0    0    0    1    1    0    0    1    0    1    1    1    0    0    0    0    0    0    0    0    0    0    1    0    0    0    0    0    0    0    0    1    0    0    1    0    0    0    0    0    1    0    0    0    0    0    0    0    0    0    1    1    0    0    0    0    1    0    0    0    0    0    1    0    0    1    0    0    0    0    0    1    0    0    0    0    0    1    0    0    0    0    1    0    0    0    0    0    0    0    1    1    
50    0.59687    0.101358    1    0    1    1    1    1    1    1    1    1    1    1    0    1    1    1    1    1    1    1    1    1    1    1    1    0    1    1    0    1    1    1    1    0    1    1    1    1    1    1    1    1    1    1    1    1    1    1    1    0    1    1    1    1    0    1    1    1    1    1    1    0    0    1    1    0    1    1    1    1    1    1    1    1    1    1    1    1    1    0    1    1    0    0    1    1    1    1    1    1    1    1    1    1    1    1    1    1    1    1    1    1    0    0    0    0    0    0    1    0    0    0    0    0    0    0    1    0    0    0    0    0    0    1    0    0    1    0    1    0    0    1    0    0    0    0    0    0    0    1    1    0    0    0    0    0    0    0    0    0    0    0    1    0    0    0    0    1    1    0    0    0    0    1    0    0    1    0    1    0    0    0    0    0    0    0    0    0    1    0    0    0    0    1    0    0    0    0    0    1    0    0    0    0    0    1    1    1    0    0    
50    0.255818    0.783652    1    1    0    1    1    1    1    0    0    1    0    1    1    1    1    1    1    1    1    1    1    1    1    1    0    1    1    0    0    1    1    0    1    0    1    1    1    1    1    1    1    1    1    1    1    1    1    1    1    1    1    1    0    0    0    0    1    1    1    1    1    1    1    1    1    0    0    1    1    1    1    1    1    1    0    0    1    1    1    1    0    1    1    0    1    1    1    0    1    1    1    1    1    1    0    1    0    1    0    1    0    0    1    1    0    0    0    1    0    0    0    0    0    0    0    0    1    0    0    1    0    1    0    0    0    1    0    0    1    0    0    0    0    0    0    1    0    1    0    0    0    0    0    0    0    0    0    0    0    0    0    0    0    0    0    1    0    0    0    0    1    0    0    0    0    0    1    0    0    1    0    0    1    0    0    1    0    1    0    0    0    0    1    0    0    0    1    0    0    0    0    1    0    0    1    0    0    1    0    0    
50    0.842408    0.684792    1    1    1    1    1    1    1    1    1    1    1    0    0    1    1    1    1    1    0    1    1    1    1    1    1    1    0    1    1    1    1    1    1    1    1    1    1    1    1    1    1    1    1    1    1    1    1    1    1    1    1    1    1    0    1    0    1    1    0    1    0    1    1    1    1    1    1    1    1    1    1    1    1    1    1    1    1    0    1    1    0    1    1    1    1    1    1    1    1    1    0    1    1    1    1    1    1    0    1    0    0    0    0    1    0    0    0    0    0    0    0    0    0    0    0    0    1    0    0    1    0    1    0    0    1    0    0    0    0    0    1    0    1    0    0    0    0    0    0    0    1    0    0    0    0    0    0    0    0    0    0    0    1    1    0    0    1    0    0    0    0    0    0    1    0    0    0    1    0    0    0    0    0    0    0    0    0    1    1    0    0    0    0    0    0    0    0    0    1    0    0    0    0    0    0    0    0    1    0    1    
50    0.751937    0.642508    1    1    1    1    1    1    1    1    0    1    1    1    1    1    1    1    1    0    1    1    1    1    1    1    1    1    1    1    0    1    1    1    0    1    1    1    1    1    0    1    1    1    1    1    1    1    1    1    1    1    1    0    1    1    1    1    1    0    1    1    1    1    1    1    1    1    1    0    1    1    1    1    1    1    1    1    1    1    0    1    1    1    1    1    1    1    1    1    1    1    0    1    1    1    1    1    1    1    1    1    1    0    0    0    0    0    1    0    0    0    0    0    0    0    0    0    1    1    0    0    0    0    0    0    0    1    0    0    0    0    0    1    0    0    0    0    0    1    0    0    0    0    0    0    1    1    0    0    0    0    0    0    0    1    0    0    0    0    0    0    1    0    0    1    0    0    0    1    1    0    0    0    0    0    0    0    0    0    1    0    0    0    0    1    0    0    1    0    1    0    0    0    0    1    1    1    1    0    0    1    
50    0.000785915    0.313752    1    1    1    1    1    1    1    1    1    0    1    1    1    1    0    1    1    1    1    1    1    1    1    1    1    1    1    1    1    1    0    1    1    1    1    1    1    0    1    1    1    1    1    1    1    1    0    1    1    1    0    0    1    1    0    1    1    1    1    1    0    1    1    1    1    1    1    1    1    1    1    1    1    1    1    1    1    1    1    1    1    1    1    1    1    1    1    0    1    1    1    1    1    1    0    0    0    1    1    1    0    1    0    1    0    0    0    0    0    0    1    0    0    0    0    0    1    1    0    0    1    0    0    0    0    0    0    0    0    0    0    0    0    0    1    1    0    0    0    0    0    1    1    0    0    0    0    0    0    0    0    0    0    0    0    1    0    0    0    0    1    0    1    0    0    0    0    0    0    0    1    0    0    1    0    0    0    1    0    1    0    0    0    0    1    1    0    0    0    1    0    0    1    0    0    1    0    0    0    0    
50    0.828561    0.313354    1    1    1    0    1    1    1    1    1    1    1    0    1    1    1    0    0    1    1    1    1    1    1    1    1    1    1    1    1    1    0    1    1    1    1    1    1    1    1    1    1    1    1    1    1    1    1    0    1    1    1    1    1    1    1    1    1    1    1    1    1    0    1    1    1    1    1    1    0    1    1    1    1    1    1    1    1    1    1    1    1    1    1    1    1    0    1    1    1    1    1    0    0    1    1    1    1    1    1    0    0    0    0    0    0    0    0    0    0    1    0    0    1    0    0    0    0    0    0    0    1    1    0    0    0    1    1    1    0    0    0    1    0    0    0    1    0    0    1    0    0    0    0    1    0    0    0    0    0    1    0    0    0    0    0    0    0    1    1    0    0    0    1    0    0    0    0    0    0    0    0    0    0    0    0    0    0    0    0    0    0    0    0    0    0    0    0    1    0    0    0    0    0    0    0    0    0    0    1    0    
50    0.506299    0.287976    1    1    1    0    1    1    1    1    0    1    1    1    1    1    1    1    0    1    1    1    1    1    1    1    1    1    1    1    0    1    1    1    1    1    1    1    1    1    1    0    0    1    1    1    0    1    0    1    0    1    1    1    1    1    1    1    1    1    1    1    1    1    1    1    1    1    1    1    1    1    1    0    1    1    1    1    1    1    1    1    1    1    1    1    1    1    1    1    1    1    1    1    1    1    1    1    1    1    1    1    0    1    0    0    0    0    0    1    0    0    1    0    0    0    0    1    0    0    0    0    0    0    1    0    1    0    0    0    1    0    0    0    0    0    0    1    0    1    0    0    0    0    1    0    1    0    0    0    0    0    0    1    0    0    0    0    0    0    0    0    1    0    1    0    1    0    0    0    1    0    1    1    0    0    0    0    1    0    0    0    0    0    1    0    0    0    0    1    1    0    0    1    0    0    0    0    0    1    0    0    
50    0.802819    0.207576    1    1    0    1    1    0    1    1    1    1    0    1    1    1    1    1    1    1    1    1    1    1    1    0    1    1    1    1    1    1    1    1    1    1    1    1    1    0    0    1    0    1    1    1    1    1    1    1    1    1    1    0    1    1    1    1    1    1    1    1    1    1    1    1    0    1    1    1    1    1    1    1    1    1    1    1    1    1    1    1    1    0    0    1    1    1    1    1    1    1    1    1    1    1    1    1    0    1    1    0    0    1    0    0    0    1    0    0    0    1    0    0    0    0    0    0    1    1    0    0    1    1    1    0    0    0    0    1    1    0    0    0    1    1    0    1    1    0    0    1    0    0    1    0    0    0    0    1    0    0    0    1    0    0    1    0    1    0    1    0    0    0    1    0    1    0    0    0    0    0    0    0    0    0    0    0    0    0    0    0    1    1    0    1    1    0    1    0    0    1    0    0    0    0    0    0    0    0    1    1    
50    0.867488    0.660227    1    1    1    0    1    1    1    1    1    0    1    1    0    1    1    1    1    1    1    1    1    0    1    1    1    1    1    1    1    0    1    1    0    1    0    1    1    1    1    0    0    1    0    1    1    1    1    1    1    1    1    1    1    1    1    1    1    1    1    1    1    1    1    1    1    1    1    1    1    1    1    1    1    1    1    1    1    1    1    0    1    0    1    1    1    1    1    1    0    1    0    1    0    1    1    1    1    1    1    1    0    1    0    0    0    0    1    0    0    1    0    0    0    1    0    0    1    0    0    0    1    0    0    0    1    1    0    1    0    0    0    0    0    0    0    1    0    1    1    1    1    1    1    0    0    1    0    1    0    0    0    0    1    0    0    0    0    0    1    0    0    1    0    0    0    0    1    0    0    0    0    0    0    1    1    0    0    0    0    0    0    0    0    1    0    0    0    0    1    1    0    1    0    0    0    1    0    0    0    1    
50    0.8758    0.883661    1    1    0    1    1    1    1    1    1    1    1    0    1    1    1    1    1    1    1    0    1    1    1    1    1    1    1    1    1    1    1    1    1    1    1    1    1    1    1    1    1    1    1    1    1    1    0    1    1    1    1    1    1    1    1    0    1    1    1    1    1    1    1    1    1    0    1    1    1    1    1    1    1    1    1    1    1    1    1    1    1    1    1    0    1    1    0    1    1    1    1    1    0    0    1    1    1    1    1    0    1    1    0    0    0    0    0    0    1    1    1    0    0    0    0    1    0    0    0    1    0    1    1    1    0    0    0    1    0    0    0    1    0    0    0    1    0    0    0    0    1    0    0    0    0    0    0    0    1    0    0    1    1    0    0    1    0    0    0    0    0    0    0    0    0    0    0    0    0    1    0    0    0    0    0    0    0    0    1    0    0    0    0    0    0    1    1    0    0    0    0    0    1    0    0    0    0    0    1    1    
50    0.138497    0.158171    1    1    1    1    1    1    1    1    1    1    1    1    1    1    1    1    1    1    1    1    1    1    1    1    0    0    1    0    1    1    1    1    1    1    1    1    1    1    1    1    0    1    1    0    1    1    1    1    1    1    1    1    1    0    1    0    1    1    1    0    1    1    0    0    1    1    0    1    1    1    1    1    1    1    1    1    1    0    1    1    1    0    1    1    1    0    1    1    1    1    1    1    1    1    1    1    1    1    1    1    1    0    1    0    0    0    0    0    0    0    1    0    0    1    1    0    0    1    0    0    0    0    1    0    0    0    1    1    0    0    0    0    0    1    0    1    1    1    0    1    0    0    0    0    0    1    0    0    0    1    0    0    0    0    0    0    1    0    0    0    0    0    0    1    1    1    0    0    0    0    1    0    0    0    0    0    0    0    0    0    0    0    0    0    1    0    0    0    0    1    1    0    0    0    0    1    0    1    0    0    
50    0.839913    0.0495701    1    1    1    1    1    1    1    0    1    1    1    1    1    1    1    1    1    1    1    0    1    1    1    1    1    1    1    1    1    1    1    1    1    0    0    1    1    1    1    0    1    1    1    1    1    1    1    1    1    1    1    1    1    1    1    1    1    1    1    1    1    1    1    1    0    0    1    1    1    1    1    1    1    1    1    1    1    1    1    1    1    1    1    1    1    1    0    1    1    1    1    1    1    1    1    1    1    1    1    0    0    0    0    0    0    0    0    0    0    0    0    0    0    0    1    1    0    1    0    1    0    0    0    0    0    0    0    0    0    0    0    0    1    0    1    0    0    0    1    0    0    0    0    0    0    0    0    1    0    0    0    0    0    0    0    0    0    1    0    0    0    0    1    1    1    0    0    1    0    0    1    0    1    0    1    0    0    0    1    1    0    0    0    1    0    0    0    0    0    1    0    0    1    0    0    0    1    0    0    0    
50    0.476576    0.930299    1    1    1    0    1    1    1    1    1    1    1    1    1    1    1    0    1    1    1    1    1    1    1    1    1    1    1    1    1    1    1    1    1    1    1    1    0    1    1    1    0    1    0    1    1    1    1    1    1    1    1    1    0    0    1    0    1    1    1    1    1    1    0    1    1    1    1    1    1    1    1    1    1    1    1    1    1    1    1    1    1    1    1    1    1    1    1    1    1    1    1    0    1    1    1    1    1    1    1    0    0    0    0    0    0    0    0    1    0    0    0    0    0    0    1    0    0    0    0    0    1    0    0    0    0    1    1    0    0    1    0    0    1    1    0    0    0    0    0    0    1    0    1    0    1    0    1    0    0    0    0    0    0    1    0    0    0    1    0    0    0    0    1    0    0    0    0    1    1    0    0    0    0    0    1    0    0    0    0    0    0    0    0    1    1    0    0    0    0    0    0    0    0    0    0    0    0    0    0    0    
50    0.738496    0.731082    1    0    1    1    1    1    1    1    1    1    0    1    0    1    0    1    1    1    1    1    1    1    1    1    1    1    1    1    1    1    1    1    1    1    1    1    1    1    1    1    1    0    0    1    1    1    1    1    1    1    1    1    1    1    1    1    1    1    1    1    1    1    0    1    1    1    1    1    1    1    1    1    1    1    1    1    1    1    1    1    1    0    0    1    1    1    1    1    1    1    1    1    1    0    1    1    1    1    1    1    0    0    0    0    1    0    0    0    0    0    0    0    0    0    1    0    0    0    0    0    0    1    1    0    0    0    0    0    1    0    0    0    1    0    1    0    1    0    0    0    0    0    1    0    0    0    0    0    0    0    0    0    0    0    0    0    0    1    0    1    0    0    0    1    0    0    0    1    0    0    0    0    0    0    0    0    0    0    0    1    0    1    1    0    0    1    0    1    0    0    1    0    0    1    0    0    1    0    0    0    
50    0.428506    0.956646    0    1    1    1    1    1    0    0    1    1    1    1    1    0    1    1    1    0    1    1    1    1    1    1    1    1    1    1    1    1    1    0    1    1    1    0    0    1    1    0    1    1    1    1    1    1    0    1    1    1    1    1    1    1    1    0    1    1    1    1    0    1    1    0    1    1    1    1    0    1    1    1    0    1    1    1    1    1    1    1    1    0    1    1    1    1    1    1    1    1    1    1    1    1    0    0    1    1    1    1    0    0    1    0    0    0    1    0    0    1    0    0    0    0    1    0    0    1    0    0    0    1    0    1    0    0    0    1    0    1    0    0    0    0    0    0    0    0    0    1    0    0    1    0    0    0    0    0    1    0    0    0    0    1    0    1    0    0    1    0    0    1    0    0    1    0    1    0    0    0    1    0    0    0    1    0    0    1    0    0    1    0    1    1    0    0    1    1    1    1    0    0    0    0    1    0    0    0    0    0    
50    0.487819    0.0140919    1    0    1    1    1    1    1    1    1    0    1    1    1    1    1    1    1    1    1    1    1    0    1    1    1    1    1    1    1    0    1    1    0    0    1    1    1    1    1    1    1    1    1    1    1    1    1    1    1    1    1    1    1    1    1    1    1    1    1    0    1    1    0    1    1    1    1    1    1    1    1    1    1    1    1    1    1    1    1    1    1    1    1    1    1    1    1    1    1    1    1    1    1    1    1    1    1    1    1    1    0    0    0    0    0    0    0    0    1    0    1    0    1    0    0    0    0    0    1    0    0    0    1    0    0    1    1    0    0    0    0    1    1    0    0    1    0    0    0    0    1    1    1    0    0    0    0    0    0    1    0    1    1    0    0    1    0    1    1    0    0    0    0    0    1    0    1    0    0    0    0    0    1    0    0    0    0    1    0    0    0    0    0    0    0    0    0    0    1    1    0    0    1    1    0    0    1    0    0    0    
50    0.572491    0.779888    1    1    1    1    1    1    0    1    1    1    1    1    1    1    1    1    0    1    1    1    1    1    1    1    1    1    1    0    1    0    1    1    1    1    0    1    1    1    1    1    1    1    0    1    1    1    1    0    1    1    1    1    1    1    1    0    1    1    1    1    0    0    1    0    0    1    1    1    1    1    1    1    1    1    1    1    1    1    1    1    1    1    1    1    1    0    1    1    1    0    1    1    1    1    1    1    1    1    1    1    0    0    1    0    0    0    1    0    0    0    1    0    0    0    0    1    0    0    1    1    1    0    0    0    1    0    0    0    0    0    1    1    0    0    1    0    0    0    1    0    0    0    0    0    0    0    0    0    0    0    0    0    0    0    0    0    0    1    0    0    0    0    0    0    0    0    0    1    0    1    1    0    0    0    1    1    1    0    0    0    0    0    0    0    0    1    1    0    0    0    0    0    0    0    0    0    1    1    0    0    
50    0.717454    0.533481    1    1    1    1    1    1    1    1    1    1    1    1    1    1    1    1    1    1    0    0    0    1    1    1    1    1    1    1    1    1    1    1    1    1    1    1    1    1    0    1    0    1    1    1    1    1    1    1    1    1    1    1    0    1    1    1    1    1    1    1    1    1    1    1    1    0    1    1    1    1    1    1    1    1    1    1    1    1    1    1    1    1    1    1    1    1    1    1    1    1    1    1    0    1    1    1    1    0    1    1    0    0    0    1    0    0    1    1    0    1    0    0    1    0    0    0    0    0    1    1    0    0    0    0    0    0    0    0    0    0    0    0    0    0    0    0    0    0    0    0    1    0    0    0    0    0    1    1    0    0    1    1    0    0    1    0    0    0    0    0    0    0    0    0    0    0    0    1    0    0    1    0    0    0    0    0    0    0    0    0    0    0    1    0    0    0    1    0    1    0    0    1    0    0    0    1    0    0    0    0    
50    0.727688    0.0941148    1    1    1    1    1    1    1    0    1    1    1    1    1    1    1    0    1    1    1    1    1    1    1    1    1    1    1    1    1    1    1    1    1    0    1    1    1    1    1    0    1    1    1    1    1    1    1    1    1    1    1    1    1    1    0    1    0    0    0    0    1    1    1    1    1    1    1    1    0    1    1    1    0    1    1    1    1    0    1    1    1    1    1    1    1    1    1    1    1    1    0    1    1    0    1    1    1    1    1    1    1    1    0    0    0    0    0    0    0    0    0    0    0    1    1    1    0    1    0    0    1    0    0    0    1    0    0    1    0    0    0    0    1    0    1    0    1    1    0    0    0    0    0    0    0    0    0    0    1    1    0    0    0    0    1    0    0    0    0    0    0    0    0    0    0    0    0    0    0    0    0    0    1    1    1    0    0    0    0    0    0    0    0    0    0    0    1    0    1    0    0    0    1    0    0    1    0    0    0    0    
50    0.364333    0.0467988    1    1    1    1    0    0    1    1    1    1    0    1    0    1    1    1    1    1    1    1    1    1    0    1    1    1    1    1    1    1    1    1    1    1    1    1    1    1    1    0    0    1    1    1    1    1    1    1    1    0    1    1    1    1    1    0    1    1    1    0    1    1    1    1    1    1    0    1    1    1    1    1    1    1    1    0    1    1    1    1    1    1    1    0    1    1    1    1    1    1    1    1    1    1    0    1    1    1    1    1    0    0    1    0    1    1    1    1    0    0    0    1    0    0    0    1    0    0    0    1    0    1    0    1    0    0    0    0    0    1    0    0    0    0    0    1    0    0    1    0    0    0    0    0    0    0    0    0    0    0    0    0    0    0    0    0    1    0    1    0    0    0    1    0    0    0    0    0    0    0    0    0    0    0    0    0    0    0    0    0    0    0    0    1    0    0    0    0    1    0    0    0    0    0    0    0    0    0    0    1    
50    0.108554    0.473246    1    1    1    1    1    1    1    1    0    1    1    1    1    1    1    1    1    1    1    0    1    1    0    1    0    1    1    1    1    1    1    1    0    1    1    0    1    1    1    0    1    1    1    1    1    1    1    1    1    1    0    1    1    1    1    1    1    1    1    1    1    1    1    1    0    1    1    1    1    1    1    1    1    1    0    1    1    0    1    0    1    1    1    1    1    1    1    1    1    1    1    0    1    1    1    1    1    0    1    0    0    0    0    0    0    0    1    1    1    0    0    1    0    0    0    0    1    0    0    1    1    0    0    1    0    0    0    0    1    0    0    0    1    1    0    0    0    1    0    1    0    1    0    0    0    0    0    0    0    1    0    0    0    0    1    0    0    1    0    0    0    0    1    0    0    0    1    0    0    0    0    0    0    0    0    0    0    0    0    0    0    0    0    1    0    1    0    1    0    1    0    1    1    0    1    0    0    0    0    0    
50    0.990827    0.395343    1    0    1    1    1    1    1    1    1    1    0    0    1    1    1    1    0    1    1    0    1    1    1    1    0    1    1    1    1    1    1    1    1    1    1    0    1    1    1    1    1    1    1    1    1    1    1    1    1    1    0    1    1    1    1    0    1    1    1    1    0    0    1    1    1    1    1    1    1    1    1    1    1    1    1    1    1    1    1    1    1    1    1    1    1    1    1    1    1    1    1    1    1    1    1    1    1    1    1    1    0    1    0    0    0    1    1    0    0    0    0    0    0    0    0    0    0    0    0    0    0    0    0    0    0    0    1    0    1    0    0    0    0    0    1    1    0    0    0    0    1    0    0    0    0    1    0    0    0    0    1    0    0    0    0    0    1    0    0    1    0    0    0    0    0    0    0    0    0    0    0    0    0    0    0    0    0    1    1    0    0    0    0    0    1    1    0    0    0    1    0    1    0    0    0    0    0    1    0    0    
50    0.0992986    0.636543    1    1    1    1    1    1    1    1    1    0    1    1    1    1    1    1    1    1    1    1    1    1    1    1    1    1    1    1    1    1    1    1    1    1    0    1    1    1    1    1    1    1    1    1    1    0    1    1    1    1    1    1    0    1    1    1    1    1    1    0    1    1    1    1    1    1    1    1    1    0    1    0    0    1    1    1    1    1    0    1    0    1    1    1    1    1    1    1    1    1    0    1    0    1    1    1    1    1    1    1    0    1    0    0    1    0    1    1    1    0    1    0    0    0    0    0    0    0    0    0    1    0    0    0    0    1    0    0    0    0    0    0    0    1    0    0    0    0    0    0    0    0    0    1    0    0    0    0    0    0    1    0    0    0    1    1    0    0    0    0    0    1    0    1    0    0    0    0    0    1    0    0    0    0    0    0    0    0    0    0    0    0    0    1    0    0    0    1    1    1    0    0    0    0    0    0    0    1    0    0    
100    0.128302    0.747505    1    1    0    1    1    1    0    1    1    0    1    1    1    0    0    1    1    1    1    1    1    1    1    0    1    1    1    0    0    0    1    1    1    1    1    1    1    1    1    1    1    1    1    1    1    1    1    0    1    1    1    1    1    0    1    1    1    1    1    1    1    1    1    1    1    1    1    0    1    1    1    1    1    0    1    1    1    1    1    1    1    1    1    1    1    1    1    0    1    1    1    1    1    1    1    1    0    1    1    0    0    0    0    0    1    0    0    0    0    0    0    0    0    0    0    0    1    0    0    0    1    0    0    0    0    1    0    1    0    0    1    0    0    0    0    0    0    0    1    0    0    0    0    0    0    0    0    0    1    0    1    0    0    0    0    0    0    0    0    0    1    1    0    0    0    0    0    0    1    1    1    0    0    0    0    0    0    0    0    0    0    0    0    0    1    0    0    0    0    1    1    0    0    0    0    0    0    0    0    0    
100    0.526983    0.155282    0    1    1    1    1    1    1    1    1    1    0    1    1    0    1    1    1    1    1    1    1    1    1    1    1    0    1    1    1    1    1    1    1    0    1    1    0    1    0    1    1    1    0    1    1    0    1    1    1    1    1    1    1    1    1    0    1    0    1    1    1    1    1    1    1    1    1    1    1    1    1    1    1    0    1    1    1    0    1    1    1    1    1    1    0    1    1    1    1    0    1    0    1    0    1    1    1    0    1    0    0    1    1    0    0    0    0    0    0    0    0    0    0    0    0    0    1    1    1    0    0    0    0    0    1    0    0    1    0    1    0    0    0    0    0    0    0    0    0    0    0    0    0    0    0    0    1    0    1    0    0    0    1    0    1    0    0    0    0    0    0    1    0    0    0    0    0    0    0    0    0    0    0    0    0    0    0    1    0    0    0    0    0    1    0    0    0    0    1    0    0    0    0    1    0    1    0    0    0    0    
100    0.584079    0.898307    1    1    1    1    1    1    0    1    1    1    1    1    1    1    1    1    1    1    1    1    1    1    1    1    1    1    0    1    0    1    1    1    1    1    1    1    1    1    1    1    1    1    1    1    1    1    1    1    1    1    1    1    1    1    1    1    1    1    0    1    0    1    1    1    1    1    1    1    1    1    1    1    1    0    1    1    1    1    1    1    1    1    1    1    1    1    1    1    1    1    1    1    1    1    1    0    1    1    1    1    0    0    0    1    0    1    1    1    0    0    0    1    0    0    0    0    0    0    0    1    0    0    0    0    0    1    0    1    0    0    0    0    1    0    1    0    0    0    0    1    1    0    0    0    0    0    1    0    0    0    1    0    0    0    0    1    0    0    1    1    0    1    0    1    0    1    0    1    1    1    0    1    1    0    0    0    0    0    0    1    0    1    0    0    0    0    0    0    0    0    0    0    0    1    0    1    1    0    0    1    
100    0.927233    0.186301    1    1    1    1    1    1    1    1    1    0    1    1    1    0    1    1    1    1    1    1    1    0    1    1    1    1    1    1    1    1    1    1    1    1    1    1    1    1    1    1    1    1    0    1    1    1    0    1    1    1    1    1    1    1    1    1    1    1    1    1    1    1    1    0    1    1    1    1    1    1    0    1    1    1    1    0    1    1    1    1    0    1    0    1    1    1    1    0    1    1    1    1    1    1    1    1    1    1    1    1    0    0    0    0    0    0    0    1    0    0    0    0    0    0    0    0    0    1    0    0    0    0    1    0    0    0    0    0    0    1    0    0    0    0    0    0    0    0    0    0    0    0    0    0    0    0    0    0    0    0    0    0    1    0    0    0    0    0    0    0    1    0    1    0    0    0    0    0    0    1    0    0    0    0    0    0    0    1    0    0    0    1    0    0    1    1    0    0    0    0    0    0    0    0    0    0    0    0    0    0    
100    0.97766    0.0251174    1    1    1    1    1    1    1    1    1    1    1    0    1    1    1    0    1    1    1    1    1    0    1    0    1    1    1    1    1    1    0    0    1    1    1    1    1    1    1    1    1    1    1    1    1    1    1    1    1    0    1    0    1    1    1    1    1    1    1    1    1    1    0    1    1    1    1    1    1    1    1    1    1    1    1    1    1    0    1    1    1    1    0    1    0    1    1    0    1    0    1    1    1    1    1    1    1    1    1    1    0    0    0    0    1    0    1    0    0    0    0    0    1    0    0    0    0    0    0    0    1    1    0    0    0    0    0    0    1    0    0    0    0    0    1    0    1    0    0    1    0    0    0    0    0    0    0    0    0    0    1    0    0    0    0    0    0    0    0    0    1    1    0    0    0    0    0    0    0    0    0    1    1    0    0    0    0    0    1    0    1    0    0    0    0    0    0    0    0    1    0    0    0    1    0    1    1    0    0    0    
100    0.782925    0.445475    1    1    1    1    1    1    1    1    1    1    1    1    0    1    1    1    1    1    1    1    1    0    1    1    1    1    1    1    1    1    0    1    1    1    1    1    1    1    1    1    0    0    0    0    1    1    1    0    1    0    1    1    1    1    1    1    0    1    1    1    1    1    1    1    1    1    1    1    1    1    1    1    1    1    1    1    1    0    1    1    1    1    1    0    1    1    1    1    1    1    1    1    1    1    1    1    1    1    1    1    0    0    1    1    1    0    1    0    1    0    1    0    0    1    0    0    0    0    1    1    0    0    1    0    0    1    0    0    0    1    0    1    0    0    0    1    1    0    0    0    0    1    1    0    0    1    0    1    1    0    0    0    0    0    0    1    0    0    0    1    0    0    0    0    0    0    0    0    0    1    0    0    0    0    1    1    1    1    1    0    0    1    0    1    0    1    0    0    0    0    0    0    0    0    1    0    0    0    0    0    
100    0.828586    0.816591    1    1    1    1    1    1    0    1    1    1    1    1    1    1    1    1    1    1    0    1    0    1    0    1    1    1    1    1    1    1    1    1    1    1    1    1    1    1    1    1    1    1    1    1    1    1    1    1    1    1    1    1    1    1    0    1    1    0    1    0    1    1    1    1    1    1    1    1    0    0    1    1    1    1    1    1    0    1    1    1    1    1    0    1    1    1    1    1    1    0    1    1    1    1    1    0    1    1    1    1    1    0    0    1    0    1    1    0    0    0    0    0    0    0    0    0    0    0    0    0    0    1    0    0    0    1    0    0    0    1    0    0    1    0    0    0    0    0    1    1    0    0    0    0    1    0    0    0    0    0    0    0    0    1    0    1    0    0    0    1    0    0    0    1    1    0    1    0    1    0    0    0    0    0    0    1    0    0    0    0    1    0    1    0    0    0    0    0    0    0    0    0    1    0    0    0    0    0    0    0    
100    0.843145    0.924249    1    1    1    1    1    1    1    1    1    1    1    1    1    1    0    1    1    1    1    1    0    1    1    1    1    1    1    0    0    1    1    1    1    1    0    1    1    1    1    1    1    1    1    1    1    1    1    1    0    1    0    1    1    1    0    1    1    1    1    1    1    1    1    1    1    1    1    0    1    0    1    1    1    1    1    1    1    1    1    1    1    1    1    1    1    1    1    1    0    1    1    1    1    1    1    1    1    1    1    1    0    0    0    1    0    1    0    0    0    0    0    0    0    1    0    0    0    0    0    1    1    0    0    0    0    0    0    0    1    1    1    0    0    0    0    0    0    0    0    0    0    0    1    0    1    0    0    0    1    0    0    0    0    0    0    0    0    0    1    0    0    0    0    1    0    0    0    0    0    0    0    0    1    0    0    1    0    0    0    0    0    0    0    0    0    0    0    1    0    0    0    0    0    0    0    1    0    0    0    1    
100    0.741121    0.998974    1    1    1    1    0    1    1    1    0    1    1    1    1    1    1    1    0    1    0    1    1    1    1    1    1    1    1    1    1    1    1    1    1    0    1    1    1    1    1    0    1    1    1    1    1    1    1    1    1    1    1    1    1    1    1    1    1    1    1    1    1    1    1    1    1    1    1    1    1    1    1    1    1    1    1    1    1    1    1    1    1    1    1    1    1    1    1    1    1    1    0    1    1    1    1    1    1    1    0    1    0    0    0    0    0    0    0    0    0    0    0    0    1    1    1    0    0    0    0    0    0    0    1    0    1    0    0    1    0    1    0    0    0    0    0    0    0    0    0    0    0    1    1    1    0    0    0    0    0    0    0    0    0    0    0    0    0    0    0    0    1    1    0    1    0    0    0    0    0    1    0    0    0    0    0    0    0    1    0    0    0    0    0    0    0    0    1    0    0    0    0    0    1    0    0    0    0    0    0    0    
100    0.316881    0.528299    0    0    0    0    0    0    1    1    1    1    1    1    1    1    0    1    0    1    0    0    0    1    1    0    1    1    1    1    1    1    0    1    0    1    1    1    1    0    1    1    1    0    1    1    1    1    1    0    1    1    1    1    1    1    1    1    1    1    0    1    0    1    1    1    1    1    0    1    1    1    0    1    1    0    1    1    1    1    0    1    1    1    0    1    0    0    0    1    0    1    1    1    0    1    1    1    1    1    1    1    1    0    0    0    0    0    0    0    1    0    0    1    0    0    0    0    0    0    0    0    0    0    0    0    0    0    0    0    1    1    0    0    0    0    0    0    0    0    0    0    0    0    0    0    0    0    0    1    0    1    1    0    0    0    0    0    0    1    0    1    0    0    0    0    0    0    0    0    0    0    0    0    0    0    0    0    0    0    0    0    1    1    0    1    0    0    0    0    0    1    1    0    0    0    0    0    0    0    0    1    
100    0.993119    0.846789    1    1    1    1    1    0    1    1    1    1    1    1    1    1    1    0    1    1    1    1    1    1    0    0    1    1    1    1    0    1    1    0    1    1    0    1    1    1    0    0    1    1    0    1    1    1    1    1    1    0    1    1    1    1    1    1    0    0    1    1    0    1    1    1    1    1    1    1    1    1    1    0    0    1    1    0    1    1    1    1    1    1    1    1    1    1    0    1    1    1    1    1    1    1    1    1    1    1    1    1    0    0    0    0    1    0    0    0    0    0    0    1    0    0    0    0    0    0    0    0    0    0    1    0    0    0    0    0    1    0    1    1    1    1    0    1    0    0    0    0    1    0    1    0    0    0    1    1    0    0    0    0    0    0    0    0    0    0    0    1    0    0    0    0    0    0    0    0    1    1    0    0    0    0    0    0    1    1    0    0    1    0    0    0    0    0    0    1    0    0    1    0    0    0    0    0    0    0    0    1    
100    0.253141    0.313553    1    1    0    1    1    1    1    1    1    1    1    0    1    1    0    1    1    0    1    1    1    1    1    1    1    0    1    1    0    1    1    0    1    0    1    1    1    1    1    0    1    1    1    1    1    1    1    0    0    0    1    1    0    1    0    0    1    1    0    1    1    1    1    1    0    0    1    1    0    1    0    1    1    1    1    1    1    1    1    1    1    1    1    0    1    1    1    0    1    1    0    1    1    0    1    1    1    1    1    1    0    0    1    0    0    0    0    1    0    0    0    0    0    0    0    1    0    0    0    0    0    0    1    0    0    0    0    0    1    0    1    0    0    0    0    0    0    1    0    0    0    0    0    0    0    0    1    0    0    0    0    0    0    0    0    0    1    0    0    1    0    0    0    0    0    0    1    0    0    0    0    0    0    0    0    0    0    0    0    0    0    0    0    0    0    0    0    1    0    0    0    0    0    0    0    0    0    0    0    0    
100    0.416604    0.464797    1    1    1    1    1    1    1    1    1    1    0    0    1    1    1    1    1    1    0    1    1    1    1    0    1    1    1    1    1    1    1    0    1    1    0    1    1    1    1    1    1    1    1    0    0    1    1    1    0    0    1    0    0    1    0    0    1    1    1    0    0    1    1    1    1    1    1    0    1    1    0    1    1    1    1    1    1    0    0    1    1    0    0    1    0    1    1    0    0    0    1    1    1    1    1    0    1    1    1    1    0    1    0    0    0    0    0    1    0    0    0    0    0    0    0    0    0    0    0    0    0    0    0    0    0    0    0    0    0    0    1    0    0    0    0    0    0    0    0    1    0    0    0    0    0    0    0    1    1    1    1    0    0    0    0    1    1    1    0    1    0    0    0    0    0    1    0    0    0    1    0    0    0    1    0    0    0    0    0    0    0    0    0    1    1    0    0    0    0    0    0    0    0    0    0    0    0    0    0    0    
100    0.588422    0.625973    1    1    1    1    1    1    1    1    1    0    0    1    0    1    1    1    1    0    1    1    1    1    1    1    1    1    1    1    1    1    1    0    1    0    1    1    1    1    1    0    1    0    1    1    1    0    1    0    1    1    1    1    1    1    1    1    1    1    1    1    1    1    1    1    1    1    1    1    1    1    1    1    1    1    1    1    1    1    1    1    0    0    1    1    1    1    1    0    1    1    1    1    1    1    1    1    1    1    1    1    0    0    0    0    0    1    0    0    0    0    0    0    0    1    0    0    0    0    1    0    1    0    0    0    0    0    0    0    1    0    1    0    0    0    0    0    0    0    1    0    0    0    0    0    0    1    1    0    0    0    0    0    0    0    1    0    0    1    0    1    0    0    0    0    1    0    0    0    0    0    1    1    0    1    1    0    0    0    0    0    0    0    0    0    1    1    0    1    0    1    0    1    0    0    0    0    1    0    0    0    
100    0.289366    0.274471    0    1    1    1    1    1    0    1    1    1    0    1    1    1    1    1    1    1    1    0    1    1    1    1    1    1    1    1    0    1    1    1    1    1    1    1    0    1    1    1    1    1    1    0    0    1    1    1    1    1    1    1    0    1    1    1    1    0    1    0    0    1    1    1    1    1    1    1    1    1    1    1    1    1    1    1    1    1    1    1    1    0    1    1    1    1    0    1    1    1    1    1    1    1    1    1    1    1    1    0    0    0    0    0    0    0    0    0    0    1    0    0    0    0    0    0    0    0    0    0    0    0    0    0    0    0    0    0    1    0    1    1    0    0    0    0    0    0    0    0    0    0    0    0    0    0    0    0    0    0    0    0    0    0    0    1    0    0    0    0    1    0    0    1    0    1    1    0    0    0    0    1    0    1    0    1    0    1    0    0    0    1    1    1    0    1    0    0    0    1    1    1    0    0    0    0    0    0    0    0    
100    0.296382    0.256742    1    0    1    1    0    1    1    1    1    1    0    1    1    1    1    1    1    1    0    1    0    0    0    1    1    0    0    1    0    1    1    0    1    1    1    1    1    0    1    1    1    1    1    1    1    1    1    1    1    0    1    1    0    1    1    0    1    1    1    1    1    1    1    1    1    1    1    1    0    1    1    0    1    1    1    1    1    1    1    1    1    0    1    1    1    1    0    0    1    1    1    1    0    1    0    1    0    0    1    1    1    1    0    0    1    0    1    0    0    0    0    0    0    0    1    0    0    0    0    0    0    0    1    0    0    1    0    0    0    1    1    0    0    0    0    0    0    0    0    0    0    0    0    0    0    0    0    1    0    0    0    0    0    0    0    0    0    0    0    0    0    0    0    0    0    0    0    0    0    0    0    0    0    0    0    0    0    0    0    0    0    0    0    0    1    0    0    0    0    0    0    0    0    1    0    0    0    0    0    0    
100    0.571307    0.954737    1    1    1    1    1    1    1    1    1    1    0    1    1    1    1    1    1    1    0    1    1    1    1    1    1    1    0    1    1    1    1    1    1    1    1    1    1    1    1    1    1    1    1    1    1    1    1    1    1    1    1    1    0    1    1    1    1    1    0    1    1    1    1    1    1    1    0    0    1    1    1    1    1    0    1    1    1    1    0    1    0    1    0    1    1    1    1    1    1    1    1    1    1    1    1    1    1    1    1    1    0    1    1    0    0    0    0    0    0    0    0    0    0    0    1    0    0    0    0    0    0    0    0    0    0    0    0    0    0    0    0    0    0    1    0    0    0    1    0    0    0    0    0    1    0    0    0    0    1    0    1    0    0    1    0    0    0    1    0    0    0    0    0    0    0    0    0    0    0    0    0    0    1    0    0    0    0    0    0    0    0    0    1    0    0    0    0    0    0    0    0    0    0    0    0    0    1    0    1    0    
100    0.0274078    0.852196    1    1    1    0    1    1    1    1    1    0    1    1    1    1    1    1    1    1    1    1    1    1    0    0    1    0    0    0    1    0    1    1    1    1    0    0    1    1    0    1    1    1    1    1    1    1    1    1    0    1    1    0    1    1    1    1    1    0    1    1    1    1    0    1    1    1    1    1    1    1    1    1    1    1    1    1    1    1    1    1    1    0    1    1    1    1    0    1    1    1    0    0    1    1    0    1    1    1    1    1    0    0    0    0    0    0    0    0    0    0    1    0    0    0    0    0    1    0    0    0    0    0    0    0    0    0    0    0    1    0    0    1    0    0    0    0    0    0    0    1    1    1    0    1    0    1    0    0    0    0    0    0    0    0    0    1    0    0    0    0    1    1    0    0    0    0    0    0    1    0    0    0    0    0    0    1    0    0    0    0    0    0    1    0    1    0    0    1    0    0    0    0    1    0    0    0    1    0    0    0    
100    0.0718645    0.00492449    1    1    1    1    1    1    0    0    1    1    0    0    1    1    1    1    1    1    1    1    1    0    1    0    0    1    0    1    0    1    1    1    1    1    0    0    0    1    1    1    1    1    1    0    1    0    0    0    1    1    1    1    1    1    1    1    1    1    1    0    1    1    1    1    1    0    1    1    1    1    1    0    1    1    1    1    0    1    1    1    1    1    0    1    1    1    1    1    1    0    1    1    1    1    1    1    1    0    1    1    0    0    0    0    0    0    1    0    0    0    1    0    0    0    0    1    0    0    0    0    0    0    0    0    0    0    0    1    0    0    0    0    0    0    1    0    0    0    0    0    0    0    0    0    0    0    0    0    0    0    0    0    0    0    0    0    1    0    1    1    1    0    0    0    0    0    0    0    0    0    1    0    0    0    0    1    1    0    1    0    1    0    0    0    1    0    0    1    0    0    0    0    0    0    0    0    0    0    0    0    
100    0.745026    0.294435    1    1    1    1    1    1    1    1    1    1    0    1    1    0    1    1    0    1    1    1    0    1    1    1    0    1    1    1    0    1    1    1    1    1    0    0    1    1    1    1    1    1    0    1    1    1    1    1    1    0    0    0    1    1    1    1    1    1    1    1    1    1    1    1    1    1    1    1    1    1    1    1    1    1    1    1    1    1    1    1    0    1    1    1    1    0    1    1    1    1    1    1    1    1    1    1    1    0    1    1    1    0    1    0    0    0    0    1    0    0    0    0    0    0    0    1    0    0    0    1    0    1    0    0    0    0    1    0    0    0    1    0    0    1    0    0    0    0    0    0    0    1    0    0    0    0    1    0    0    1    1    0    0    0    1    1    0    1    0    0    0    0    1    0    0    0    1    0    0    0    0    0    0    0    1    0    1    1    0    0    0    0    1    1    0    1    0    0    0    0    1    0    0    1    1    0    0    0    0    0    
100    0.382809    0.184193    1    1    1    1    1    1    1    1    0    1    1    0    1    1    1    1    1    0    1    1    1    1    1    1    1    1    1    1    1    0    0    1    1    1    1    1    1    1    0    1    1    1    1    1    1    1    1    1    1    1    1    1    1    1    1    1    1    0    1    1    1    1    1    1    1    1    1    1    1    1    1    1    1    1    1    1    1    0    1    1    1    1    1    1    0    1    1    1    1    0    1    1    1    1    1    1    0    1    0    1    1    0    0    0    1    0    0    0    0    0    0    0    0    0    0    0    0    0    0    0    0    1    0    1    0    0    0    0    0    0    0    0    0    0    0    0    0    0    1    0    0    1    0    0    0    0    0    0    1    0    0    0    0    1    0    1    0    0    0    0    0    0    0    0    0    0    0    1    0    0    0    0    0    1    0    0    0    0    0    0    0    1    0    0    0    0    1    1    1    0    0    0    0    0    0    1    0    0    0    0    
100    0.0745678    0.503665    1    1    1    1    1    0    1    1    1    1    1    1    0    1    1    1    0    1    1    0    1    0    0    1    1    1    0    1    1    1    0    1    0    1    1    1    1    1    1    1    1    1    1    0    0    1    1    1    1    0    1    1    0    1    1    1    1    1    0    1    1    0    1    1    1    1    1    1    0    1    1    1    1    1    1    1    1    1    1    1    1    0    1    1    1    1    1    0    0    1    1    1    1    1    1    1    1    0    0    1    1    0    0    1    0    0    0    1    0    0    0    0    1    0    0    0    0    1    0    0    0    0    0    0    0    1    0    0    1    0    1    0    1    0    0    0    0    0    0    0    0    0    0    0    0    0    0    0    0    0    0    0    0    0    0    1    0    0    0    1    1    1    0    0    1    1    0    0    0    0    0    0    1    0    0    0    0    0    0    0    0    1    0    0    0    0    0    0    0    0    0    0    0    0    0    0    0    0    0    0    
100    0.0698891    0.80404    1    1    1    1    1    1    1    1    1    1    1    1    1    1    1    1    1    1    1    1    1    1    1    1    1    1    0    1    1    0    0    1    0    0    0    1    0    1    1    1    1    1    1    1    1    1    1    1    0    1    1    1    1    1    1    0    1    1    0    0    1    1    0    1    0    1    0    1    1    1    1    1    1    0    1    1    1    1    1    1    1    1    1    1    1    0    1    1    1    1    1    1    0    1    1    1    1    1    0    1    0    0    0    0    0    0    0    0    0    0    1    0    0    0    0    0    0    0    0    0    0    0    1    0    0    0    0    1    0    1    0    0    1    0    1    0    0    0    1    0    0    0    0    0    0    0    1    0    0    0    0    0    0    0    0    0    0    0    1    0    0    0    0    0    0    1    0    0    0    1    0    1    0    1    0    0    0    0    0    0    0    0    0    0    0    0    0    1    0    0    0    0    1    0    0    0    0    0    0    0    
100    0.427758    0.994831    1    1    1    1    1    1    1    1    1    1    1    1    1    1    0    1    1    1    1    1    1    1    1    1    0    1    1    1    1    1    1    1    1    0    1    1    1    1    1    1    1    1    1    1    1    1    1    1    1    1    1    1    1    1    1    1    1    1    1    1    0    1    1    1    1    1    1    1    0    1    1    1    0    1    1    1    1    1    1    1    1    0    1    1    1    1    1    1    1    1    1    1    1    1    1    1    1    1    1    1    0    0    1    1    1    1    0    0    1    0    0    0    0    0    0    0    1    1    0    0    0    0    0    1    0    0    0    0    0    0    0    0    0    0    1    0    0    0    0    0    1    0    1    0    0    0    1    1    0    1    0    0    0    0    1    1    1    0    0    0    0    0    0    1    0    1    0    0    0    0    0    0    0    0    0    0    0    0    0    0    0    0    0    0    0    0    0    1    0    0    0    0    0    0    1    0    0    1    1    1    
100    0.409287    0.430459    1    1    0    0    1    1    1    1    0    1    1    0    1    1    1    0    1    1    1    0    1    1    1    1    0    1    1    1    1    1    1    1    1    1    1    1    1    1    1    1    1    0    0    0    1    1    1    1    1    1    1    0    1    0    0    0    1    0    1    1    0    1    1    1    1    1    1    0    0    1    1    0    1    1    1    1    1    1    0    0    1    1    1    1    0    1    1    1    0    1    1    1    1    1    1    1    1    1    1    1    1    0    0    0    1    0    0    1    0    0    0    1    1    0    0    1    1    0    0    1    0    0    0    0    0    0    0    0    1    0    0    0    0    0    0    0    0    1    0    1    0    0    0    0    1    1    0    1    0    0    0    0    0    0    0    0    0    1    0    0    0    0    0    0    0    0    0    0    0    0    0    1    0    0    0    0    0    0    0    0    1    0    0    0    1    1    0    1    0    1    0    0    0    0    0    1    0    0    0    1    
100    0.160797    0.74447    1    1    1    1    1    1    0    1    0    1    1    1    1    1    1    1    1    1    1    1    1    1    1    0    1    1    1    1    1    1    0    1    1    1    0    1    1    1    1    1    1    1    1    1    1    0    1    0    1    1    1    1    0    1    0    1    1    0    1    1    1    1    0    0    1    1    1    1    1    1    1    1    1    1    1    1    0    1    1    1    1    0    1    1    0    1    1    0    0    1    1    0    0    0    0    1    1    1    1    1    0    0    0    0    0    0    0    1    0    1    0    1    0    0    0    1    1    0    0    0    1    0    0    0    0    1    0    0    0    0    0    0    0    0    0    0    0    0    0    0    0    0    0    0    0    0    0    0    0    0    0    0    1    0    0    0    0    0    0    1    0    0    0    0    0    0    1    0    0    1    1    1    0    0    0    0    0    0    0    0    0    0    0    0    1    0    0    0    0    1    0    0    0    1    0    1    0    0    0    0    
100    0.918249    0.352924    1    1    1    1    1    1    1    1    1    1    1    1    1    1    1    1    0    1    1    1    1    1    1    0    1    1    1    1    1    0    1    1    1    1    1    0    1    1    1    1    1    0    1    1    1    1    1    1    1    1    0    1    1    1    1    0    0    1    1    1    1    1    1    1    1    0    0    1    1    1    1    0    1    1    1    1    1    1    1    1    1    1    1    1    0    1    1    1    1    0    1    1    1    1    1    1    0    1    1    1    1    1    1    0    0    0    0    0    0    0    0    0    0    0    1    0    0    0    0    0    0    0    1    0    0    0    0    0    0    0    0    1    1    0    0    0    1    0    0    0    1    1    0    0    0    0    1    1    0    0    1    0    1    0    1    1    0    0    0    0    1    0    1    0    0    0    0    0    0    0    0    0    1    0    1    0    0    1    0    0    0    0    0    0    0    1    0    0    0    0    0    1    0    0    0    0    1    0    0    0    
100    0.519678    0.242776    1    1    1    1    1    1    0    1    1    0    1    0    1    1    1    0    1    1    1    1    1    1    1    1    1    1    1    1    1    1    1    1    1    1    1    0    1    1    1    0    1    1    1    1    1    0    1    1    1    0    1    1    1    0    1    1    0    1    0    1    1    1    1    0    1    1    1    0    0    1    1    1    1    1    1    1    1    1    0    1    1    1    0    1    0    0    1    0    1    0    1    1    0    1    1    1    1    1    1    1    1    1    0    0    1    0    0    0    0    0    0    0    0    0    0    0    0    0    0    0    0    0    0    1    0    1    0    0    1    0    0    0    0    0    0    0    0    0    0    0    0    0    0    1    1    1    0    0    1    0    1    0    0    0    0    0    1    0    0    0    1    0    0    0    1    0    0    0    0    0    0    0    0    0    0    0    0    0    0    0    0    0    0    0    1    0    1    1    1    0    0    0    1    1    1    1    0    0    1    0    
100    0.178523    0.909463    1    1    1    1    1    1    0    1    0    0    1    1    1    1    1    0    1    0    1    1    0    1    1    0    1    1    1    1    1    0    1    1    1    1    0    1    1    1    1    1    1    1    1    0    1    1    1    1    1    1    0    1    1    1    1    1    1    1    1    1    1    1    1    1    1    0    1    1    1    1    1    1    1    1    1    0    1    1    1    1    0    1    1    1    1    1    1    1    1    1    0    1    0    1    0    1    1    1    1    1    0    0    0    0    0    0    0    0    0    0    0    1    1    0    0    1    0    1    1    0    0    0    1    0    0    0    0    1    0    1    0    0    1    0    0    0    0    0    0    0    0    0    1    1    0    0    0    0    0    0    0    0    0    0    0    1    0    0    0    0    0    0    1    0    0    0    1    0    1    0    0    0    0    0    0    1    0    0    0    0    0    0    1    0    1    1    1    0    0    0    0    0    0    0    0    1    1    0    1    0    
100    0.620931    0.336955    1    0    1    1    1    1    0    1    1    1    0    0    1    1    1    1    1    1    1    1    1    1    0    1    0    1    1    1    1    0    1    0    1    1    0    0    0    1    1    1    1    1    1    1    1    1    0    1    1    1    1    0    1    1    1    0    1    1    1    1    1    1    1    1    1    1    1    1    1    0    1    1    1    1    1    0    1    1    1    0    1    1    1    0    1    1    1    0    1    0    0    1    1    1    0    1    1    1    1    1    0    0    0    0    0    1    0    0    0    0    0    0    1    0    0    1    0    0    0    1    0    0    1    0    0    0    1    0    0    1    1    1    1    0    0    0    0    0    0    0    0    1    1    0    0    1    0    0    0    1    0    0    1    0    0    0    0    0    0    1    0    1    0    0    0    0    0    0    0    0    0    1    0    0    0    0    0    1    0    0    0    0    0    0    0    1    0    0    0    0    0    0    0    0    1    0    1    0    0    1    
100    0.95754    0.610407    0    1    1    1    1    1    1    0    1    1    0    1    1    1    1    1    1    1    1    0    0    1    1    0    1    0    1    1    1    1    0    1    1    0    1    0    1    1    0    1    1    0    1    1    0    1    1    1    1    1    1    1    1    1    1    1    1    1    0    1    1    0    1    0    1    1    1    1    0    1    1    0    1    1    1    1    1    1    1    1    0    1    1    1    0    1    1    1    1    1    1    1    1    1    1    1    0    1    0    1    0    0    0    1    0    0    0    1    0    0    0    0    0    0    0    0    0    1    1    0    0    1    0    0    0    1    1    1    0    0    0    0    0    1    0    0    0    0    0    0    0    0    0    0    0    0    0    0    0    1    0    0    0    0    0    1    1    0    0    0    0    1    0    0    0    1    0    0    0    0    0    0    0    0    0    0    0    1    0    1    1    1    0    0    0    1    0    0    0    0    0    0    0    0    0    0    0    0    0    0    
100    0.81523    0.883185    1    1    1    1    1    1    1    1    0    1    1    1    1    1    1    1    1    1    1    1    1    1    1    1    1    1    1    1    1    1    1    1    0    1    0    1    1    1    0    1    1    0    1    1    0    0    1    1    1    1    1    1    1    1    1    0    1    1    1    0    1    1    1    1    1    1    1    1    1    1    1    1    1    1    1    1    1    1    1    1    1    1    1    1    1    1    1    1    1    1    1    0    1    1    1    1    1    0    1    1    0    0    1    0    0    0    1    0    0    1    1    0    0    0    0    1    0    0    0    0    1    0    0    0    0    0    0    1    0    0    0    1    0    0    1    1    0    0    0    0    0    0    1    1    0    0    0    1    0    0    0    0    0    1    0    0    0    1    0    1    0    1    0    0    0    0    0    1    0    0    0    0    0    1    0    1    0    1    1    1    0    1    1    0    0    1    0    1    0    0    0    0    0    1    0    0    1    0    0    0    
100    0.447259    0.490303    1    1    0    1    1    0    1    1    1    1    1    1    1    1    1    0    1    1    1    1    1    0    1    1    1    1    1    0    0    1    1    1    0    1    1    1    1    1    1    1    1    1    1    1    0    1    1    1    0    1    1    1    1    1    0    0    1    0    1    1    1    1    1    1    1    1    1    1    1    1    1    1    1    1    1    1    1    0    1    1    1    1    1    0    1    1    1    1    1    1    1    1    1    0    1    1    0    0    1    0    1    0    0    0    0    0    0    0    1    0    0    1    1    1    1    1    0    0    0    1    0    0    1    0    0    0    0    0    1    0    0    0    0    0    0    0    0    0    0    0    0    0    0    1    0    0    0    0    0    0    1    0    0    0    0    1    1    0    0    1    0    1    0    0    0    0    1    0    0    0    0    0    0    0    0    0    0    0    0    1    0    0    0    0    0    0    0    0    0    1    0    0    0    0    0    0    0    0    1    0    
100    0.820151    0.255019    1    1    1    1    1    1    1    1    1    1    1    1    1    1    1    1    1    1    1    1    1    1    1    1    1    1    1    1    0    1    1    1    1    1    1    1    1    0    0    1    1    1    0    1    1    1    1    1    0    1    1    1    1    1    0    1    1    1    1    1    1    0    1    1    0    1    1    1    1    1    0    0    0    0    1    1    1    1    1    1    1    1    1    1    1    1    1    0    1    1    1    1    1    1    1    1    0    1    1    1    1    0    0    0    0    0    1    0    0    0    1    0    0    0    0    0    1    0    0    1    0    0    1    1    0    0    0    0    0    0    0    0    0    0    1    0    0    0    0    0    0    0    0    0    0    1    0    0    0    1    0    1    0    0    0    0    0    1    0    1    0    1    0    1    1    0    1    0    0    1    1    0    0    0    0    0    0    1    0    0    0    0    1    0    1    0    0    1    0    0    0    0    0    0    0    1    1    0    0    0    
100    0.424112    0.529254    1    0    1    1    1    1    1    1    1    1    1    0    1    1    1    1    1    1    1    1    0    0    1    0    1    1    0    1    1    1    1    1    1    1    1    1    0    0    1    1    1    0    1    1    1    1    0    0    1    1    0    0    1    0    1    1    0    1    1    1    1    1    0    1    1    1    1    1    1    1    1    1    1    1    0    1    1    0    1    0    1    1    1    1    0    1    1    0    1    1    1    1    1    1    1    1    0    0    1    0    0    1    1    0    1    0    0    1    1    0    0    0    0    0    0    0    0    0    0    0    0    0    0    0    0    0    0    0    0    1    1    0    0    0    0    1    0    0    0    0    0    0    0    0    0    0    0    0    0    0    0    0    0    0    0    0    0    0    0    0    0    0    0    0    0    1    0    0    0    0    0    0    0    1    0    0    0    0    0    0    0    0    0    1    0    0    0    0    0    0    0    0    0    0    0    1    0    0    0    0    
100    0.184095    0.301695    1    1    1    1    1    0    1    1    1    1    1    0    1    1    1    0    1    1    1    0    0    1    1    0    1    0    1    0    0    1    1    1    1    1    1    1    1    0    1    1    0    1    1    1    1    1    1    1    1    1    0    1    1    1    1    1    1    1    1    1    0    1    1    1    1    1    1    1    0    1    1    1    1    1    1    1    1    1    1    1    1    0    1    0    1    0    1    1    1    0    1    1    1    1    1    0    1    1    1    1    0    0    0    0    0    0    0    0    0    0    0    0    0    0    1    1    0    0    0    0    0    0    0    1    0    0    0    0    1    0    0    1    0    0    0    0    0    1    0    0    0    0    0    0    0    0    0    1    0    0    0    0    0    0    0    0    0    0    0    0    0    0    0    0    0    1    0    0    0    0    0    0    0    0    0    0    1    1    0    0    0    0    0    0    0    0    0    0    0    1    1    1    0    0    0    1    0    0    1    0    
100    0.509946    0.845306    0    1    1    1    1    1    1    1    1    1    1    0    1    1    1    1    0    1    1    1    1    0    1    1    1    1    0    1    1    1    1    1    1    1    0    1    1    1    1    1    1    1    1    1    1    1    1    0    1    1    0    1    1    1    1    1    1    1    1    1    1    0    1    1    1    1    0    1    1    1    1    1    1    1    1    1    1    1    1    1    1    1    0    1    1    1    1    1    1    1    1    0    1    0    1    1    1    1    1    1    0    0    0    0    0    0    0    0    0    0    0    0    1    0    0    1    1    0    1    1    0    1    0    0    0    0    0    0    0    0    1    1    0    0    1    0    0    0    0    1    0    0    0    0    0    0    1    0    0    1    1    0    1    0    0    0    0    1    0    0    0    0    0    1    0    1    0    0    0    0    0    0    1    1    0    1    1    0    0    1    0    1    1    0    0    0    0    0    0    1    0    0    0    1    0    1    1    0    0    0    
100    0.745699    0.929777    1    1    1    1    1    1    1    1    1    1    1    1    1    1    1    1    1    0    1    1    1    1    1    1    1    0    0    1    1    1    1    1    1    1    1    0    1    0    0    1    1    1    1    1    1    1    1    1    1    1    1    1    1    1    1    1    1    1    1    1    1    0    1    1    1    1    1    1    1    1    1    1    1    0    1    0    1    1    1    1    1    1    1    1    1    1    1    1    1    1    1    1    0    1    1    1    1    1    1    1    0    1    0    1    0    0    0    0    0    0    0    0    1    0    0    0    0    1    0    0    1    0    0    1    1    0    0    0    0    0    0    0    1    0    0    0    0    0    0    0    1    0    0    0    0    0    0    0    0    0    0    0    1    1    0    1    0    0    1    1    0    0    0    0    1    0    0    0    0    0    0    0    0    0    1    0    0    0    0    0    0    0    0    0    1    0    0    0    1    0    0    0    0    0    0    0    1    0    0    0    
100    0.368884    0.813608    1    1    1    1    1    1    1    0    1    0    1    1    1    1    1    1    1    1    1    1    1    1    1    1    1    1    1    1    1    1    1    1    1    1    1    0    1    1    1    1    1    1    0    0    1    1    0    1    0    1    0    1    1    1    1    1    0    1    1    1    1    1    1    1    1    1    1    1    0    1    1    1    0    1    1    1    1    0    1    1    1    1    0    0    1    1    1    1    1    1    0    1    1    0    1    0    1    0    1    1    1    1    1    1    0    0    0    1    0    0    1    0    1    0    0    1    0    1    1    0    0    0    1    0    0    0    0    0    0    0    1    0    0    0    0    1    1    0    1    0    0    0    0    0    0    0    1    0    0    0    0    1    0    0    0    0    1    0    0    0    0    0    0    0    0    0    0    1    0    0    0    0    1    0    0    1    1    0    0    0    0    0    0    1    0    1    0    0    0    1    0    0    0    0    0    0    0    0    0    0    
100    0.959155    0.555176    1    1    1    1    1    1    1    0    1    1    1    1    1    0    1    1    1    1    1    0    1    1    1    1    1    1    1    1    1    1    1    1    1    1    0    1    1    1    1    1    1    1    1    1    1    1    0    1    0    1    1    1    1    1    1    0    1    1    1    1    1    1    1    1    1    1    0    1    1    1    0    1    1    0    1    1    1    1    0    1    1    1    1    1    1    1    1    1    1    1    1    1    1    1    1    1    0    1    1    1    0    0    0    0    0    0    0    0    1    0    0    1    0    0    0    0    0    0    1    0    0    1    1    0    0    0    0    0    0    0    0    0    0    0    1    0    0    0    0    1    1    0    1    1    0    0    0    0    0    0    0    1    1    0    1    0    0    0    1    1    0    0    0    0    0    0    0    0    0    1    1    0    1    0    0    1    1    0    0    1    0    1    1    0    1    0    0    0    0    0    1    0    0    0    0    0    0    1    0    0    
100    0.592005    0.081523    1    1    1    1    1    0    1    1    1    1    1    1    1    1    1    1    1    1    1    1    1    1    1    1    1    1    1    1    1    1    1    0    1    1    1    1    1    1    1    0    1    1    1    1    1    1    1    1    0    1    1    1    1    1    1    1    1    1    1    1    1    1    1    1    1    1    1    1    1    1    1    1    1    1    1    0    0    1    1    1    1    1    0    0    1    1    1    1    1    1    1    1    1    1    1    0    1    1    1    1    0    1    0    0    0    0    0    0    0    0    1    1    0    0    0    0    0    0    0    0    0    0    1    0    1    1    0    0    0    0    0    0    1    0    0    1    0    1    0    1    0    0    0    0    0    0    0    0    0    0    0    0    0    0    0    0    0    0    0    1    0    1    0    0    0    0    0    0    0    1    0    1    1    0    0    0    0    0    0    0    0    0    0    0    0    0    0    0    1    0    0    1    0    0    0    0    1    0    1    0    
100    0.58704    0.451513    0    1    1    1    1    1    1    1    1    1    1    1    1    1    1    1    1    1    1    1    1    1    1    1    1    1    1    1    1    0    0    1    1    1    1    1    1    1    1    1    1    1    1    1    1    0    1    1    1    1    0    1    1    1    1    0    1    0    1    1    1    1    1    1    1    1    1    0    1    1    1    1    1    1    1    1    1    1    1    0    1    1    1    1    1    1    1    1    1    1    1    1    1    1    1    1    1    1    1    1    0    0    0    1    1    0    0    0    0    0    0    0    0    0    1    1    0    0    0    0    0    0    1    0    0    1    0    0    0    0    1    0    0    0    0    0    0    0    0    0    0    0    0    1    0    0    0    0    0    1    0    1    0    1    0    0    1    0    1    0    0    0    0    0    1    1    0    0    0    1    0    0    0    0    0    0    0    1    1    1    0    0    0    0    0    0    1    0    0    0    0    0    0    0    0    0    1    0    0    0    
100    0.864475    0.301384    0    1    1    1    1    1    1    1    1    1    1    1    1    1    1    1    1    1    1    1    1    1    1    1    0    1    1    1    1    1    1    0    1    1    1    1    0    1    1    1    0    1    1    1    1    0    1    1    1    1    1    0    1    1    1    0    1    0    1    1    1    1    1    1    1    1    1    1    1    1    1    1    1    1    1    1    1    0    1    1    1    1    0    1    1    1    1    1    0    1    1    1    1    0    1    1    1    1    1    1    0    0    1    1    0    0    0    0    0    0    0    1    0    0    1    0    0    0    1    0    0    0    0    0    0    0    0    0    1    0    0    0    0    0    0    0    0    0    0    0    1    0    0    0    0    0    0    0    0    0    0    1    0    0    0    0    0    1    0    0    1    0    0    0    0    0    0    0    1    0    0    0    1    0    1    0    1    0    0    0    0    1    0    1    0    0    1    0    0    0    0    0    0    0    1    1    0    0    0    1    
100    0.465623    0.639508    1    1    1    1    1    1    1    1    1    1    1    1    0    1    1    1    1    1    1    1    0    1    0    1    1    1    1    1    1    1    0    1    1    1    1    1    1    1    1    1    1    1    0    1    1    1    0    1    1    1    1    1    0    1    1    1    1    1    0    1    1    1    1    1    0    1    1    1    1    1    1    1    1    1    1    1    0    0    1    1    1    1    1    1    1    1    1    1    1    1    1    1    1    1    1    1    1    1    0    1    0    0    1    0    0    1    0    1    1    0    1    0    0    0    0    0    1    0    0    0    0    0    0    0    0    0    0    0    0    0    1    0    0    0    0    0    1    0    0    0    0    0    0    1    0    0    0    0    1    0    1    0    0    0    0    0    1    0    0    0    0    0    0    0    0    0    0    1    0    1    0    0    0    0    0    1    0    0    0    0    1    0    1    0    0    0    0    0    1    0    0    0    0    0    0    0    0    0    0    0    
100    0.751834    0.562168    1    1    1    1    1    1    0    1    1    1    1    1    1    1    1    1    1    1    1    1    0    1    1    0    1    1    0    1    1    1    1    1    1    1    1    1    0    0    1    1    0    0    1    1    1    1    1    1    1    1    1    1    1    1    1    0    1    1    1    1    1    1    1    1    1    1    1    1    1    1    1    1    1    1    1    1    1    0    1    1    1    1    0    1    1    1    1    0    1    1    1    1    1    1    1    1    1    1    1    1    0    0    0    0    1    0    1    1    0    0    1    0    0    0    0    0    0    0    0    0    0    0    0    0    0    0    0    1    1    1    1    0    1    0    1    1    0    0    0    0    0    0    0    0    0    0    1    1    1    1    0    0    0    0    1    1    0    0    1    0    0    0    0    0    0    0    1    1    0    0    0    1    1    0    0    0    0    0    0    0    0    0    0    0    1    0    1    0    0    0    0    1    0    0    0    0    0    0    0    0    
100    0.233346    0.854874    0    1    0    1    1    1    0    1    0    0    1    1    0    1    0    1    1    1    1    1    1    1    1    1    1    1    1    1    1    0    1    1    1    1    1    1    1    1    0    1    1    1    1    1    1    0    1    1    1    1    1    1    1    1    1    1    1    1    1    1    1    1    1    1    1    1    1    1    1    1    1    1    0    1    1    0    1    1    1    0    1    1    1    1    1    1    1    1    0    1    1    1    1    1    1    0    1    1    1    1    0    0    1    0    1    0    0    1    0    0    0    0    0    0    0    1    0    0    0    0    1    0    0    0    0    0    0    0    0    0    0    0    0    0    0    1    1    0    0    0    0    0    0    0    0    0    1    0    1    0    0    1    0    0    0    1    0    1    1    0    0    0    0    0    0    1    0    0    0    0    0    0    0    1    0    1    1    0    0    0    0    1    1    0    0    0    0    1    0    0    0    0    1    1    0    0    0    0    1    0    
100    0.974158    0.600995    1    1    1    1    1    1    0    1    1    1    1    1    1    1    1    1    1    0    0    1    1    1    0    1    1    1    0    1    1    1    0    1    1    1    1    1    1    1    1    1    1    1    0    1    1    1    0    0    1    0    1    1    1    1    1    1    1    1    1    1    1    1    1    1    1    0    0    1    1    1    1    0    1    0    1    1    1    1    1    1    1    0    0    1    1    1    1    1    1    1    1    1    1    1    1    1    1    1    1    1    0    1    0    0    0    0    1    0    0    0    0    1    0    0    1    0    0    1    0    0    1    0    0    0    0    0    0    0    0    0    0    0    0    0    0    1    0    0    0    0    0    0    0    0    0    0    0    1    1    0    0    0    0    0    0    0    0    0    0    0    1    0    0    0    0    0    0    1    0    0    0    0    0    0    0    0    1    0    0    1    0    0    0    0    1    1    1    0    0    0    0    0    0    1    1    0    1    0    1    0    
100    0.912061    0.573288    1    1    1    1    0    1    1    1    1    0    1    1    0    1    1    1    1    1    1    1    1    1    1    1    1    1    1    1    1    1    1    1    1    1    1    0    1    1    1    1    1    1    1    1    1    1    1    1    1    1    1    1    1    1    1    1    1    1    1    1    1    1    1    1    1    1    1    0    1    1    1    1    1    1    1    1    1    1    1    1    1    1    1    1    1    1    1    1    1    1    1    1    1    0    1    1    1    1    1    1    0    0    0    0    0    0    0    0    0    0    0    0    0    0    0    0    1    0    0    0    1    0    0    0    0    0    1    1    0    1    1    1    1    1    0    0    0    0    0    0    0    0    0    0    0    0    0    0    0    0    1    0    0    0    0    1    0    0    0    0    0    0    0    0    0    0    0    1    1    0    0    0    1    0    0    1    0    1    0    1    0    0    0    0    0    0    0    0    0    0    0    1    0    0    0    0    0    0    1    0    
100    0.705221    0.568742    1    1    1    1    1    0    1    1    1    1    1    0    1    1    1    1    0    1    1    1    1    1    0    0    1    1    1    1    1    0    1    1    1    1    1    0    0    1    1    1    1    1    1    1    1    1    1    0    1    1    1    1    1    1    1    1    1    1    0    1    1    1    1    0    1    1    1    1    1    1    1    1    1    0    1    1    1    1    1    1    1    1    1    1    1    1    0    1    1    1    1    0    1    0    1    1    1    1    0    1    0    0    0    1    1    0    0    0    0    0    0    0    1    0    0    0    0    0    0    0    0    0    0    0    0    1    0    0    1    0    1    0    0    0    0    1    0    0    0    0    0    0    0    0    0    0    0    0    0    0    0    1    0    1    0    1    0    0    0    0    0    1    0    0    0    0    1    1    0    0    1    0    0    0    0    0    0    0    0    0    0    0    0    0    0    1    0    0    0    0    0    1    0    0    0    1    0    0    0    0    
100    0.79981    0.479971    0    1    1    1    1    0    0    0    1    1    0    1    1    1    1    1    1    1    1    1    1    1    1    1    1    1    1    1    1    1    1    1    1    1    1    1    1    1    1    1    1    0    1    1    1    1    1    1    1    1    1    1    1    1    1    1    1    1    1    0    1    1    1    1    1    1    1    1    1    1    1    1    1    0    1    1    0    1    0    1    1    1    1    1    1    1    1    0    1    1    1    1    1    1    1    1    1    1    1    1    0    0    0    0    1    0    1    0    0    1    0    0    0    1    0    1    1    1    0    0    0    0    1    0    0    0    0    1    0    0    0    0    1    0    0    0    0    1    0    0    0    0    0    1    1    0    0    0    0    0    1    0    0    1    1    0    0    1    0    0    1    0    0    0    1    0    1    1    1    0    1    1    0    0    1    1    1    0    0    0    1    0    0    0    0    1    0    0    1    0    0    0    0    0    0    1    0    0    0    0    
100    0.536456    0.0787593    1    1    1    1    1    1    1    1    1    1    1    1    1    1    1    1    1    1    1    1    1    0    1    0    1    1    1    1    1    1    1    1    1    0    1    1    1    1    1    1    1    1    1    1    1    1    0    1    1    1    0    0    1    1    1    0    1    1    1    1    1    1    1    1    1    1    1    0    1    1    1    1    1    1    1    1    1    1    1    1    1    1    1    0    0    1    1    1    0    0    0    0    1    1    1    1    1    1    1    1    0    1    0    1    0    1    0    0    0    1    0    1    0    0    0    1    1    0    0    1    1    1    1    0    0    1    0    1    1    0    0    0    0    0    0    0    0    1    0    1    0    0    1    0    0    1    0    1    0    0    1    0    1    0    1    1    0    0    0    0    0    0    0    0    0    0    0    0    0    0    0    0    0    1    0    1    0    0    0    0    1    0    1    1    0    1    0    1    0    0    0    0    1    0    0    0    0    0    0    0    
100    0.634706    0.893191    1    1    1    1    1    0    1    1    0    1    1    1    1    1    1    1    1    1    1    1    1    1    1    1    1    1    1    1    0    1    1    1    1    1    0    1    1    1    1    1    1    1    1    1    1    1    1    0    1    0    1    1    1    1    1    0    1    1    1    0    1    1    1    1    0    1    1    1    1    1    1    1    1    1    1    1    1    1    0    1    1    1    1    0    1    0    1    1    1    0    1    0    1    1    1    1    1    1    1    0    1    0    0    0    0    1    0    1    1    0    1    0    0    0    1    0    0    0    0    0    0    1    0    1    0    0    1    0    0    0    0    0    0    0    1    0    0    0    0    0    0    0    0    1    0    0    0    0    1    0    0    0    0    0    1    0    0    0    1    0    1    1    0    0    1    0    0    0    0    0    1    1    0    1    1    1    1    0    1    0    0    0    0    0    1    0    0    0    0    0    0    0    0    0    1    1    0    0    1    1    
100    0.966351    0.0631816    1    0    1    1    0    1    1    1    1    1    1    1    1    1    1    1    0    1    1    0    0    0    1    1    1    1    1    1    1    1    1    1    1    1    0    1    1    1    1    0    0    1    0    0    1    1    1    1    1    1    1    1    0    1    0    1    1    1    1    1    1    0    1    1    0    1    1    1    1    1    1    1    1    1    1    1    1    1    1    0    1    0    0    1    1    1    1    1    1    1    1    1    1    1    1    1    1    1    0    1    0    0    0    0    0    0    1    0    0    0    0    0    0    0    0    0    1    0    1    1    0    0    0    1    0    0    0    0    0    1    0    1    0    0    0    0    1    0    0    0    1    0    0    0    0    0    0    0    1    0    0    0    0    0    0    0    0    1    0    0    1    0    0    0    0    0    0    1    0    0    1    1    0    0    1    0    0    0    1    0    1    0    0    0    0    0    0    0    0    1    0    0    1    0    0    0    0    0    0    0    
100    0.178205    0.203002    1    1    1    1    1    0    0    0    1    1    1    1    1    1    1    1    1    1    1    0    0    0    1    1    1    0    0    1    1    1    1    1    1    1    1    1    1    1    1    1    1    1    1    1    1    1    1    1    1    1    1    1    1    1    1    0    1    0    1    1    1    1    1    1    1    1    0    1    1    1    1    1    1    1    1    1    1    1    1    1    0    1    1    0    1    0    1    1    1    1    1    1    1    0    1    1    1    0    1    1    0    0    0    0    0    0    0    1    0    0    0    0    0    0    0    1    0    0    0    0    1    1    1    0    0    0    0    0    0    0    0    1    0    0    1    0    0    0    0    0    0    0    0    0    0    0    0    0    0    1    0    0    0    0    1    0    1    0    0    0    1    0    0    1    0    0    0    0    0    0    1    0    0    0    0    0    0    1    0    0    0    1    0    0    0    0    0    1    0    1    0    0    0    0    0    0    0    0    1    0    
100    0.827197    0.00499032    1    1    1    0    1    1    1    1    1    1    1    0    1    1    1    1    1    1    1    1    1    1    1    1    1    1    0    0    1    0    1    0    1    1    1    1    1    1    1    1    1    1    1    1    1    1    0    1    1    1    1    1    1    1    1    1    1    1    1    1    1    1    1    1    1    1    0    1    1    1    1    1    1    0    1    1    1    0    1    1    1    1    1    1    1    1    0    1    1    1    1    1    1    1    1    1    1    1    1    0    0    0    0    0    1    0    0    1    0    0    0    0    0    0    0    1    0    1    0    0    1    0    0    0    0    0    0    0    1    0    0    0    0    0    1    0    1    0    1    0    0    0    1    0    0    0    0    0    1    0    0    0    0    1    0    0    0    0    0    0    0    0    0    0    0    0    0    0    0    0    0    0    1    0    1    0    0    0    0    0    0    0    0    0    0    0    0    0    1    0    0    0    0    1    0    0    0    0    0    1    
100    0.569313    0.930841    0    0    1    1    1    1    0    1    1    1    1    0    1    1    1    1    1    1    1    1    1    1    1    1    1    0    1    1    1    1    1    1    1    1    0    1    1    1    1    1    1    1    0    1    1    1    1    1    1    1    1    0    1    1    1    1    1    1    1    1    1    1    1    1    1    1    1    0    1    1    1    1    1    1    1    1    1    1    1    1    1    1    1    1    1    1    1    1    1    1    0    1    1    1    0    1    1    1    1    1    0    0    0    0    0    1    0    0    1    0    0    0    0    0    0    1    0    1    1    0    0    0    1    0    0    0    0    0    0    0    0    0    0    0    1    0    0    1    0    0    0    0    0    0    0    0    0    0    0    0    0    0    0    0    0    0    0    0    0    0    1    1    0    0    1    0    0    0    0    0    1    0    0    0    0    0    0    0    0    0    0    1    0    1    1    1    0    0    0    0    1    1    0    0    1    0    0    0    0    0    
100    0.548609    0.212916    1    0    1    1    1    1    1    0    1    0    1    1    1    0    0    0    1    1    1    0    1    1    1    1    1    1    1    1    1    1    1    1    1    1    0    1    1    1    1    1    0    1    1    1    0    1    1    0    1    1    1    1    1    0    1    1    1    1    0    1    1    1    1    1    0    1    1    1    1    1    1    1    1    1    1    1    1    1    1    1    1    1    1    1    0    1    1    0    1    1    1    0    0    1    1    1    1    0    1    0    0    0    0    0    1    1    0    1    0    0    0    1    0    0    0    0    0    0    0    0    0    0    0    0    0    0    1    0    1    0    0    0    1    0    0    1    1    0    0    0    0    0    0    0    0    0    0    0    0    0    0    0    0    0    0    0    0    1    0    0    0    0    0    0    0    0    0    0    0    0    0    0    1    0    1    1    1    0    0    0    0    0    0    0    0    0    0    0    0    0    0    0    0    0    1    0    0    1    0    0    
100    0.780608    0.188152    1    1    1    1    0    1    1    0    0    1    1    1    1    1    1    1    1    1    0    1    1    1    0    1    1    0    0    1    0    1    1    0    1    1    1    1    1    1    1    1    1    1    1    1    1    1    1    1    1    0    1    1    1    1    1    0    1    1    1    0    1    1    1    1    1    1    1    1    1    1    1    1    0    1    1    1    1    0    1    1    0    1    1    1    1    1    1    1    1    1    1    1    1    0    1    1    1    0    0    1    0    0    0    0    0    0    0    0    1    0    0    0    1    1    0    1    0    1    0    1    0    0    0    0    1    0    0    1    0    1    0    1    1    0    0    0    1    0    0    0    0    0    0    0    0    0    0    1    0    0    0    0    0    0    0    0    0    0    1    1    0    0    1    0    0    0    0    1    0    0    0    0    0    1    1    0    0    1    1    1    0    0    1    0    0    0    0    0    0    0    0    0    0    0    0    1    0    0    1    1    
100    0.285842    0.76999    1    1    1    0    0    1    1    0    1    1    1    0    1    1    1    1    0    1    1    0    1    1    1    1    1    0    0    1    1    1    1    1    1    1    0    0    1    0    1    1    0    1    1    1    1    0    1    1    0    1    0    0    1    1    1    1    0    1    1    0    1    1    1    1    1    1    1    1    1    1    1    0    1    1    1    1    1    1    1    1    1    1    1    1    1    1    1    1    0    1    1    1    1    1    1    1    1    1    1    1    0    1    0    0    0    0    0    0    0    0    0    0    0    0    0    0    0    0    0    0    0    0    0    0    0    1    0    0    0    0    0    0    1    0    0    0    0    0    1    0    0    0    0    1    0    0    0    0    0    0    1    0    1    0    0    0    0    0    0    0    0    1    0    0    0    0    0    0    0    0    1    0    1    1    0    0    0    0    0    0    0    0    0    1    0    0    0    0    0    0    1    0    0    0    0    0    1    0    0    0    
100    0.0675364    0.279296    1    1    1    1    1    1    1    1    0    1    1    1    1    0    1    0    1    1    1    1    0    1    0    1    1    1    1    1    0    1    0    1    0    1    1    1    1    1    1    1    1    1    1    1    1    1    1    1    1    1    0    1    0    1    0    1    1    1    1    0    1    1    0    1    1    1    1    0    1    1    1    1    1    0    0    1    0    1    1    1    1    1    1    1    1    1    1    1    1    0    1    0    1    1    1    1    1    1    1    1    1    0    1    0    1    0    1    0    0    0    0    0    1    0    0    1    0    0    0    0    1    1    0    0    0    1    0    0    0    0    0    0    0    1    1    0    0    0    0    0    0    0    1    0    0    0    1    0    0    0    0    0    0    0    1    0    0    0    0    0    0    0    1    1    0    1    0    0    1    0    0    0    0    0    0    0    0    0    0    0    1    0    0    0    0    1    0    0    0    0    0    0    0    0    0    0    0    1    0    0    
100    0.180483    0.0429445    1    0    1    1    1    1    0    0    0    1    1    1    0    0    0    1    1    1    1    1    1    1    1    0    1    1    1    1    1    1    0    1    1    1    1    1    1    1    1    1    1    1    1    1    0    1    1    1    1    1    1    1    1    1    1    1    1    1    0    0    1    1    1    0    1    1    1    1    1    1    1    1    1    0    1    1    1    1    1    1    1    1    1    1    1    1    1    1    1    1    1    1    0    1    1    1    1    1    1    1    0    1    0    0    0    0    0    0    0    0    0    0    1    0    0    0    1    1    0    0    0    0    0    0    0    0    0    0    1    0    1    0    0    1    0    0    0    0    0    0    1    0    1    0    0    0    0    0    0    0    0    0    0    0    0    0    0    1    1    0    0    0    0    0    0    0    1    0    0    0    0    0    0    0    0    0    0    0    0    0    0    0    1    0    1    0    0    0    0    0    0    0    0    0    0    0    0    0    1    0    
100    0.96299    0.337691    1    1    0    1    1    1    1    1    1    1    1    1    1    1    1    0    1    0    1    1    1    1    1    1    0    1    1    1    0    1    1    1    1    1    1    1    1    1    1    1    1    1    1    1    1    1    1    1    1    1    1    1    1    0    1    1    1    1    1    0    1    1    1    1    1    1    0    1    1    1    1    1    0    1    1    1    1    1    0    1    1    1    1    1    1    1    1    1    1    1    1    1    1    1    0    1    0    1    1    1    1    0    1    1    0    0    0    0    0    0    0    0    0    0    0    0    0    0    1    0    0    1    0    0    1    0    0    0    0    0    0    0    0    0    0    1    0    0    0    0    1    1    0    0    0    0    0    0    0    0    0    0    0    0    0    1    0    0    1    0    0    0    0    1    1    0    0    0    0    0    0    1    0    0    0    0    0    0    0    1    1    1    1    0    0    0    0    0    0    0    0    0    0    0    1    0    0    0    0    0    
100    0.396184    0.150331    0    1    1    1    1    1    1    1    1    1    1    1    1    0    1    1    1    1    1    1    1    1    1    1    1    1    0    1    1    1    1    1    1    1    1    1    1    1    1    1    1    1    1    1    1    1    1    1    1    1    1    1    1    1    0    1    1    1    1    1    1    1    1    0    1    0    1    0    1    1    0    1    1    1    1    1    1    1    1    1    1    0    1    1    0    1    1    0    1    1    0    1    1    1    1    1    1    0    1    1    0    0    0    0    1    0    0    0    1    0    0    0    0    0    0    1    0    0    0    0    0    1    0    1    0    0    1    0    0    1    0    0    0    0    0    0    0    0    0    1    0    0    0    0    0    1    0    0    0    0    0    0    0    1    0    1    0    0    0    0    0    0    0    0    1    1    0    0    1    0    0    0    0    0    0    0    1    1    0    0    0    0    1    0    0    0    1    0    0    0    1    0    0    1    1    0    0    0    0    0    
100    0.535378    0.752344    1    0    1    1    1    1    1    1    1    1    1    1    1    1    1    1    0    1    1    1    1    1    0    1    1    1    1    1    1    0    1    0    1    1    0    1    1    0    0    1    1    0    1    1    1    1    1    1    1    1    1    1    1    0    0    1    1    1    1    1    1    1    1    1    1    0    1    1    1    1    1    0    1    1    1    1    1    1    1    1    1    1    1    1    1    1    1    1    1    1    1    1    1    1    0    1    1    1    1    1    0    0    1    0    0    0    1    0    0    0    1    0    1    0    0    1    0    0    1    0    0    0    0    0    1    0    0    1    1    1    0    0    0    0    0    0    0    0    0    0    0    0    0    1    0    1    0    0    0    1    1    1    0    0    1    0    1    1    1    0    0    0    0    0    0    0    0    1    0    1    1    0    0    0    1    0    0    0    0    0    0    1    0    0    0    1    0    0    1    0    0    0    0    0    0    1    0    0    0    1    
100    0.607112    0.61253    0    1    0    1    0    0    0    1    1    1    1    1    1    1    1    1    1    0    1    1    0    1    1    1    1    1    1    1    0    1    1    1    1    0    1    1    1    1    0    0    1    1    1    1    1    1    1    1    1    1    0    0    0    1    1    1    1    1    1    1    1    1    1    1    1    1    1    1    1    0    1    1    0    1    1    0    0    1    1    0    1    1    1    1    1    1    1    1    1    1    0    1    1    1    1    1    1    0    0    0    0    0    0    0    0    0    1    0    0    0    0    1    0    1    0    1    0    0    0    1    0    0    0    0    0    0    0    1    0    0    0    0    0    0    0    0    0    0    0    1    1    0    0    0    0    0    0    0    0    0    0    0    0    0    0    0    0    0    0    0    0    0    1    0    0    0    0    0    0    0    1    0    1    1    0    0    0    0    0    1    0    0    0    0    0    0    0    1    0    0    0    0    1    1    0    0    1    0    1    0    
100    0.108602    0.0380517    0    1    1    1    1    1    1    1    1    1    1    1    1    0    0    1    1    1    0    0    1    0    0    1    1    0    1    1    0    1    1    0    0    1    1    1    1    1    1    0    1    1    1    1    1    0    1    1    1    1    1    1    1    1    1    1    1    0    1    1    1    0    1    1    1    1    1    1    0    1    1    1    0    1    1    1    1    1    1    1    1    0    1    1    0    1    1    0    1    1    1    0    1    1    1    0    1    1    1    1    0    1    0    0    0    0    0    0    0    0    0    0    0    0    0    0    0    0    0    0    0    0    0    0    0    0    1    0    1    1    0    0    0    1    0    0    1    1    0    0    0    0    0    0    0    0    0    0    0    1    0    1    0    0    0    1    0    0    0    0    0    1    0    0    1    0    0    0    0    1    0    1    0    0    0    1    0    1    1    0    1    0    1    0    0    1    1    0    0    0    0    0    0    0    0    0    0    0    0    0    
100    0.140482    0.54024    1    0    1    1    1    0    0    1    1    1    1    1    0    1    1    1    1    1    1    1    1    1    0    1    1    1    1    1    1    1    1    0    1    0    1    1    1    1    1    1    0    1    0    1    0    1    1    1    0    0    1    1    1    1    1    1    1    0    1    1    1    1    1    0    1    1    0    1    1    1    1    1    1    0    1    1    1    1    0    0    0    1    1    1    1    1    1    1    1    1    1    0    1    1    0    1    1    1    1    1    0    1    0    1    0    0    0    0    0    0    0    0    0    0    1    0    0    0    0    0    0    0    1    0    1    0    0    0    0    1    0    0    0    0    0    1    0    0    0    0    0    0    0    0    0    0    0    0    0    0    0    0    1    0    0    0    0    0    0    0    0    0    0    0    1    0    0    0    0    1    0    1    0    0    1    1    0    0    0    0    0    0    0    1    0    1    0    0    0    0    0    0    0    0    0    0    0    0    0    0    
100    0.997366    0.561142    1    0    1    1    1    1    1    1    1    1    0    1    1    1    1    1    1    1    1    1    1    1    1    1    1    1    1    1    1    1    1    1    1    1    1    1    1    1    1    1    1    1    1    1    1    1    1    1    1    1    1    1    1    1    1    1    1    1    1    1    1    1    1    0    1    1    1    1    1    1    1    1    1    1    0    1    1    1    1    1    1    1    1    1    1    1    1    0    1    1    1    1    1    1    1    1    1    0    1    1    0    1    0    0    1    0    1    0    0    0    0    0    0    0    1    0    0    0    0    0    1    0    0    0    0    1    0    0    0    0    0    0    1    0    0    0    0    0    0    0    0    0    1    0    0    0    0    0    0    0    0    0    0    0    0    0    1    1    0    0    0    1    0    0    0    0    0    1    1    1    0    0    0    0    1    0    1    0    0    0    0    0    1    0    0    0    0    0    0    0    1    1    0    0    0    1    0    0    0    0    
100    0.763058    0.0479392    1    1    1    1    1    1    1    1    1    1    1    1    1    1    1    1    1    1    1    1    1    0    1    1    1    1    1    0    1    0    1    0    0    1    1    1    1    0    1    1    1    1    1    1    1    1    1    1    0    1    1    1    1    1    1    1    1    1    1    1    1    1    1    1    1    1    1    1    1    1    0    1    1    1    1    1    1    1    1    1    1    0    0    1    0    1    1    1    1    1    1    1    1    1    1    1    1    1    1    1    0    0    0    0    0    0    0    0    0    0    0    0    0    0    0    0    0    0    0    0    0    1    0    1    0    1    0    0    1    0    1    0    0    0    0    0    0    0    0    0    0    1    1    0    0    1    0    1    0    0    0    0    0    1    0    1    0    1    1    0    0    0    0    0    0    1    0    0    0    0    0    0    0    0    0    0    0    0    0    0    0    0    1    0    0    0    0    0    0    0    0    0    0    0    0    0    0    0    0    1    
100    0.898337    0.403487    1    1    1    1    1    1    0    1    1    1    1    1    1    1    0    1    1    1    1    1    1    1    1    1    1    1    1    1    1    1    1    1    1    1    1    1    1    0    1    1    1    1    1    0    0    1    1    1    1    1    1    1    1    1    1    1    1    1    1    0    1    1    1    1    1    1    0    1    1    1    1    0    1    1    1    1    1    1    1    1    0    1    1    1    1    1    1    1    1    1    0    1    1    1    1    1    1    1    1    1    1    0    0    0    0    0    1    0    0    1    0    1    0    0    0    1    0    0    0    0    0    0    0    0    0    0    0    1    0    0    0    0    0    1    0    1    0    0    0    0    0    1    0    1    1    1    0    0    0    0    0    0    1    0    1    0    0    0    1    0    0    0    1    0    0    1    0    0    0    0    0    0    0    0    0    1    1    0    1    0    1    0    0    1    0    0    0    0    0    0    0    1    0    0    0    1    0    0    0    1    
100    0.572193    0.769653    1    1    1    1    1    1    1    1    0    1    1    1    1    0    1    1    1    1    1    1    0    1    1    0    1    1    1    0    0    1    1    1    1    1    0    1    1    1    1    1    1    0    1    1    1    1    0    1    1    1    1    1    1    1    1    1    1    1    1    1    1    1    1    1    1    0    1    1    1    1    0    1    1    1    0    1    1    1    1    1    0    1    1    1    1    1    0    1    0    1    1    1    1    0    1    1    1    1    1    1    0    0    1    1    0    1    0    0    0    0    0    1    0    1    0    1    0    0    0    0    0    1    0    0    0    0    0    0    0    0    1    0    0    1    1    0    1    1    1    0    1    0    0    0    0    1    0    0    0    1    0    0    0    0    1    1    0    0    1    1    0    0    0    1    0    0    0    0    0    1    0    0    0    0    0    0    0    0    1    0    0    0    1    0    0    0    0    0    0    0    0    0    1    0    0    0    0    1    0    0    
100    0.896379    0.390464    0    1    1    1    1    1    1    1    1    1    1    1    1    0    1    1    1    1    1    1    1    1    1    1    1    1    1    1    1    1    1    1    1    1    1    1    1    0    0    1    1    1    1    0    1    1    1    1    0    0    1    1    1    1    1    1    1    1    1    1    1    1    1    1    1    1    1    1    1    0    1    1    0    1    1    1    1    1    1    1    1    1    1    1    1    1    1    0    1    1    1    1    0    0    1    1    1    1    1    1    1    0    0    0    0    0    0    0    0    0    0    0    1    0    0    0    0    0    1    0    0    0    0    0    1    1    1    0    1    1    0    0    1    1    1    0    0    1    0    0    0    0    0    1    1    1    0    0    0    0    1    0    1    0    0    0    0    1    0    0    0    0    1    0    1    1    1    0    0    0    0    0    0    0    0    0    0    1    0    0    0    0    0    0    0    0    1    0    0    0    0    0    1    0    0    0    0    0    0    0    
100    0.0223292    0.113902    0    1    1    1    1    1    1    1    1    1    0    1    0    0    1    1    0    1    1    1    1    1    1    1    1    0    1    0    1    1    0    1    1    1    1    1    1    1    0    1    1    1    1    1    1    1    1    1    1    1    1    1    1    0    1    1    1    0    1    1    1    1    1    1    1    1    1    1    1    0    0    1    1    1    0    1    1    1    1    1    0    1    0    1    1    1    1    1    0    1    1    1    0    1    1    1    1    1    1    1    0    0    0    0    1    0    0    0    0    0    1    0    0    0    0    1    1    0    0    1    0    0    0    1    0    1    0    1    1    0    0    1    0    0    0    0    0    0    0    0    0    0    1    0    0    0    0    0    1    1    1    1    0    0    0    0    1    1    0    1    0    0    0    0    1    0    1    0    0    1    0    0    0    0    0    1    0    0    0    1    1    0    0    0    0    1    0    0    0    0    1    0    1    0    0    0    0    0    0    0    
100    0.0685002    0.332518    1    1    1    1    1    1    1    0    1    0    1    0    1    1    1    0    1    1    1    1    1    1    1    1    1    1    1    1    1    1    1    1    1    1    1    1    1    1    1    1    1    0    1    1    1    1    1    1    1    1    1    1    1    1    1    1    1    1    1    1    1    0    1    1    1    1    1    1    0    1    1    1    1    1    1    1    0    0    1    1    1    1    1    1    1    1    1    1    1    1    1    1    1    1    1    1    1    1    1    1    1    0    0    0    0    0    1    0    0    0    1    0    1    1    1    0    1    0    0    0    0    0    0    0    0    0    0    0    0    0    0    0    0    1    0    0    1    0    0    0    0    0    0    0    0    0    1    0    0    0    0    0    1    0    0    0    0    0    0    0    0    0    0    0    0    1    0    0    0    0    0    1    0    0    0    0    1    0    0    0    0    0    0    0    0    0    0    0    0    0    0    0    0    0    0    0    0    0    0    0    
100    0.582551    0.27089    1    0    1    1    1    1    1    1    1    1    1    1    1    0    1    0    1    0    0    0    0    1    1    1    1    0    1    1    1    0    1    1    1    1    1    1    1    1    0    1    1    1    1    1    1    1    1    0    1    1    0    1    1    1    1    1    1    1    1    1    0    1    1    1    1    1    1    1    1    1    1    1    1    1    1    1    1    1    1    0    0    1    1    1    1    1    1    1    1    0    1    1    1    1    1    1    1    1    1    1    0    0    1    0    1    0    0    1    1    0    0    0    1    0    1    0    0    0    0    1    0    0    0    0    0    0    1    0    0    0    0    0    0    0    0    1    0    0    0    0    0    0    0    0    0    0    0    1    0    0    0    0    1    0    1    0    0    1    0    0    0    0    0    0    0    1    0    0    0    1    0    1    0    0    0    1    0    1    1    1    1    0    1    1    0    0    0    0    0    0    0    0    1    0    0    0    0    0    0    0    
100    0.498114    0.0498707    1    1    1    1    1    1    1    1    1    1    1    1    1    1    1    1    1    1    1    1    1    1    0    1    1    1    1    1    1    1    1    1    1    1    1    1    1    1    1    1    1    1    1    1    1    1    1    1    1    1    1    1    1    1    1    1    1    1    1    0    1    1    1    1    1    1    1    1    1    1    1    1    1    1    1    1    1    0    1    1    1    1    1    0    1    1    1    1    1    0    1    1    1    1    1    1    1    1    1    1    0    0    0    0    0    1    0    0    0    0    0    1    1    0    0    0    0    0    0    1    0    0    0    0    0    0    0    1    1    1    0    1    0    0    1    0    0    0    0    0    0    0    0    1    0    0    0    0    0    0    1    0    0    0    0    0    0    0    0    0    0    1    0    0    0    0    0    0    1    0    0    1    0    1    1    0    0    0    0    0    0    0    0    0    1    1    0    0    0    0    0    1    0    0    0    0    0    0    1    1    
100    0.232038    0.0509421    1    1    1    1    0    1    1    1    1    1    1    1    0    1    1    0    1    1    1    1    1    0    1    1    0    0    1    0    1    1    0    1    1    0    1    1    1    0    1    1    0    1    1    1    1    0    1    1    1    1    1    1    1    1    1    1    0    1    1    1    1    1    1    1    1    0    1    1    0    1    1    1    1    0    1    1    1    1    1    1    1    1    1    1    1    1    1    0    0    1    1    1    1    1    1    1    1    1    1    0    0    1    0    0    0    0    0    0    0    0    0    1    0    0    0    0    0    0    1    0    1    1    0    0    0    0    1    0    0    0    0    1    0    0    1    0    0    0    0    0    1    1    0    0    0    0    0    0    1    0    1    0    0    0    0    0    0    0    1    1    1    0    1    0    0    1    1    0    0    0    1    0    0    0    0    0    0    0    0    0    1    0    0    0    0    0    0    0    0    1    1    0    0    0    0    1    0    0    0    1    
100    0.59687    0.101358    1    1    1    0    1    1    1    1    1    1    1    1    1    0    1    1    1    1    1    1    1    1    1    1    1    1    1    1    1    1    1    1    1    1    1    1    1    1    1    1    1    1    1    1    1    1    1    1    1    1    1    1    1    1    1    1    1    1    1    1    1    1    1    0    1    1    1    1    1    1    1    1    1    1    1    1    1    1    0    1    1    1    1    1    1    1    1    1    1    1    1    1    1    1    1    1    1    1    0    1    0    0    0    1    0    0    0    0    0    0    1    0    0    0    0    0    0    0    1    1    1    1    0    0    0    0    1    0    0    0    0    0    1    0    0    0    0    1    0    0    0    0    0    0    0    1    0    0    0    0    1    0    1    0    1    0    0    1    0    0    0    0    0    0    1    0    0    0    0    0    0    0    0    0    0    1    0    0    1    1    0    1    0    0    0    0    1    0    0    0    1    0    0    0    0    0    1    0    0    0    
100    0.255818    0.783652    1    1    1    1    1    1    0    1    0    1    1    1    1    0    1    1    1    1    1    1    0    1    1    0    1    1    1    1    1    1    1    1    1    1    1    1    1    1    0    1    1    1    1    1    0    1    0    0    1    1    0    1    1    0    1    1    1    1    1    1    1    1    1    1    0    0    0    0    1    1    0    1    0    0    1    1    1    1    0    1    1    1    1    1    0    1    1    0    1    1    1    1    1    1    1    1    1    0    1    1    0    0    0    0    0    0    0    1    0    0    1    0    0    0    0    0    0    0    0    0    0    1    0    0    0    0    0    0    0    0    1    0    0    0    0    1    0    0    1    0    0    0    0    0    0    0    0    0    0    0    0    0    0    0    0    0    0    0    0    0    0    1    1    0    0    0    0    0    1    0    0    0    0    0    0    0    0    0    0    0    0    1    0    1    0    0    0    0    0    0    0    0    0    0    0    0    0    0    0    0    
100    0.842408    0.684792    0    1    1    0    1    1    1    1    1    1    0    1    1    1    1    1    1    1    1    1    1    1    1    1    1    1    0    1    1    1    1    1    0    1    1    1    1    1    1    1    1    1    1    1    1    0    1    1    1    1    1    1    1    1    1    1    1    1    0    1    1    1    1    1    1    1    1    1    1    1    1    1    1    1    1    1    1    1    1    0    1    1    1    1    0    1    1    1    1    0    1    1    1    0    1    1    0    1    1    1    0    0    1    0    0    0    1    1    0    0    0    1    0    0    1    0    0    0    0    0    1    0    0    1    1    0    0    0    0    1    0    0    0    0    0    0    0    0    0    1    0    0    0    0    1    0    0    0    0    0    0    0    0    1    0    0    0    0    0    0    0    0    0    0    0    0    0    0    0    0    1    1    1    0    0    0    0    0    0    0    1    0    0    0    0    0    0    0    0    1    0    0    0    0    0    0    1    0    0    0    
100    0.751937    0.642508    1    1    1    1    1    1    1    1    1    1    1    1    1    1    1    1    1    1    1    1    1    0    1    1    1    1    0    1    1    0    1    0    1    1    1    1    1    1    1    1    1    1    1    0    1    1    0    1    1    1    1    1    1    1    1    1    1    1    1    1    1    1    1    1    1    1    1    1    1    1    0    1    1    1    1    1    0    1    1    1    1    1    1    0    1    1    1    1    0    0    1    1    1    1    1    1    1    1    1    1    0    0    0    0    0    0    0    1    0    0    1    0    0    0    0    0    0    0    0    0    0    0    1    0    1    0    0    1    0    0    0    0    1    0    0    1    1    0    0    0    0    0    0    0    0    0    0    0    0    1    1    0    1    1    1    0    0    0    0    0    0    1    1    0    0    0    0    0    0    0    1    0    0    1    0    0    0    0    0    0    1    0    0    0    0    1    0    1    0    1    0    1    0    0    0    1    0    1    0    0    
100    0.000785915    0.313752    1    1    1    1    1    1    0    1    1    1    0    1    1    1    1    1    1    0    1    1    0    1    1    1    1    1    1    1    1    1    1    1    1    1    1    1    1    1    1    1    1    1    0    1    1    1    1    1    1    1    1    1    1    1    1    1    1    1    1    1    1    1    1    1    1    1    1    0    1    1    1    1    1    1    1    1    1    1    1    1    1    1    1    1    1    1    1    1    1    1    1    1    1    0    1    1    1    1    1    1    0    1    0    0    0    0    1    0    0    0    1    0    0    0    1    0    0    0    1    0    0    0    1    0    0    0    0    0    0    0    0    1    0    0    0    1    0    0    0    0    1    0    0    0    0    0    0    0    0    0    0    0    0    0    0    0    0    1    0    0    0    0    1    1    1    0    0    0    0    1    1    0    0    1    0    1    1    0    1    0    0    0    0    0    0    0    0    0    0    0    0    0    1    0    0    0    0    0    0    0    
100    0.828561    0.313354    0    1    1    1    1    0    1    1    1    1    1    0    1    0    1    1    1    1    1    1    1    1    1    1    1    1    1    1    1    1    1    0    0    1    0    1    0    0    1    1    1    1    1    1    1    1    1    1    1    1    1    0    0    0    1    1    1    1    1    1    1    1    1    1    1    1    1    1    1    1    1    1    0    1    0    1    0    1    1    1    1    1    1    1    1    1    1    1    1    1    1    1    1    0    0    1    1    1    1    1    1    0    0    0    1    0    0    1    0    0    0    0    0    1    1    0    0    1    0    0    0    0    0    0    1    1    0    1    1    1    0    0    0    1    0    0    0    0    0    0    0    0    0    1    0    1    1    0    0    0    0    0    0    0    0    0    0    0    0    0    0    0    0    0    0    0    0    0    0    1    0    0    0    0    0    0    0    0    0    0    0    0    0    0    0    0    1    0    0    1    0    0    0    1    0    1    1    0    1    0    
100    0.506299    0.287976    1    1    1    1    1    1    1    0    0    1    1    1    1    0    1    1    1    1    0    1    0    1    1    0    1    1    1    1    1    0    1    0    1    1    0    1    1    0    1    1    1    1    1    1    1    0    0    0    1    1    1    1    1    1    1    1    1    1    1    1    1    1    1    1    1    1    1    1    0    1    1    1    1    1    1    1    1    1    1    1    0    0    1    1    1    1    1    1    0    1    1    1    1    1    1    1    1    1    1    1    0    0    0    0    0    0    1    0    0    0    0    0    0    0    1    0    1    0    0    0    0    0    0    1    0    0    1    1    0    1    0    0    0    0    0    1    0    0    0    0    0    0    0    0    1    1    0    0    0    0    0    0    1    0    0    0    0    0    0    0    1    0    0    0    0    0    1    0    0    1    0    1    0    0    0    0    1    0    0    0    0    0    0    0    1    0    0    0    1    0    0    0    0    0    1    0    0    0    0    0    
100    0.802819    0.207576    1    1    1    1    0    1    1    1    0    1    0    0    1    0    1    0    1    1    1    1    1    1    0    1    1    0    1    1    0    1    1    1    0    0    0    1    1    1    1    0    1    1    1    0    1    1    1    1    1    1    1    1    1    1    1    1    1    1    1    1    0    1    1    1    0    1    0    0    1    1    1    0    1    1    1    1    1    0    1    1    0    0    1    1    1    1    1    0    1    1    1    1    1    1    1    1    1    1    1    1    0    0    0    0    0    0    0    0    1    0    0    0    1    1    1    0    0    1    0    1    0    1    0    0    0    1    0    1    1    1    0    0    0    0    0    0    1    0    0    0    0    0    1    1    0    1    0    0    0    0    1    0    0    0    0    0    0    0    0    1    0    1    0    0    1    1    0    1    0    0    0    0    0    1    0    0    0    0    1    0    0    0    0    1    0    0    0    0    0    1    0    0    1    0    0    0    0    0    0    1    
100    0.867488    0.660227    1    1    1    1    1    1    0    1    1    1    0    1    1    0    1    1    1    1    1    1    1    1    0    0    1    1    1    1    1    1    0    1    0    1    1    1    1    1    1    0    1    1    1    0    1    1    1    1    1    1    1    1    1    1    1    0    1    0    1    1    0    1    1    1    0    1    1    1    1    1    1    0    1    1    1    1    1    1    1    1    1    1    1    1    1    1    1    1    1    1    1    1    0    0    1    0    1    1    1    1    0    0    1    0    0    0    1    0    0    0    0    0    0    1    0    0    0    1    0    0    1    1    0    0    0    0    0    1    0    1    0    0    1    0    0    1    0    0    0    0    1    0    0    0    1    0    0    1    0    0    0    1    0    0    0    0    1    0    0    1    1    0    0    0    0    1    0    0    0    0    0    0    1    0    1    1    0    0    0    0    0    0    1    0    0    0    0    0    0    0    0    0    1    1    0    0    0    1    0    0    
100    0.8758    0.883661    1    1    1    1    1    1    1    1    0    1    1    0    1    0    1    1    1    1    1    1    1    0    0    1    1    1    1    1    1    1    1    1    1    1    1    1    1    1    1    1    1    1    1    1    0    1    1    0    1    1    0    1    1    1    1    1    1    1    1    1    1    1    1    1    1    1    1    1    1    0    1    0    1    1    0    1    1    1    1    1    0    1    1    1    1    1    1    1    1    1    1    0    1    1    1    1    1    0    1    1    0    0    0    0    0    1    1    0    0    0    0    0    0    0    0    1    0    0    0    0    0    0    0    0    0    1    0    1    0    0    1    0    0    1    0    0    1    0    0    0    1    0    1    0    0    0    0    0    0    0    0    0    1    0    0    0    0    0    0    0    0    1    0    0    0    0    0    1    1    0    0    0    0    0    0    0    0    0    1    0    0    0    1    0    0    0    1    0    1    0    0    0    1    0    0    1    0    0    0    1    
100    0.138497    0.158171    1    0    1    1    1    1    1    1    0    1    1    1    1    1    1    1    1    1    1    1    1    1    0    1    1    1    1    0    1    1    1    1    1    1    1    1    1    1    0    1    1    0    1    1    1    1    1    1    0    1    1    1    1    1    1    1    0    1    1    0    1    1    1    1    1    1    1    1    1    1    1    0    1    1    1    1    1    1    0    1    1    1    1    0    1    0    1    1    1    1    1    0    1    1    1    1    1    1    1    1    0    0    0    0    0    0    0    1    0    1    0    0    0    0    1    0    0    0    0    0    0    0    0    0    0    0    0    0    0    0    0    1    0    1    0    0    0    1    0    1    0    1    0    0    0    0    0    1    1    0    0    0    0    1    0    0    1    0    0    0    0    0    0    0    1    0    0    0    0    0    1    0    0    0    0    0    0    0    0    0    1    0    0    0    0    0    1    1    0    1    0    0    0    0    1    0    1    0    0    0    
100    0.839913    0.0495701    1    1    1    1    1    1    0    0    0    1    1    1    1    1    1    1    1    1    1    1    1    1    1    1    1    1    0    1    1    1    1    1    1    1    1    1    1    1    0    1    1    1    1    0    0    1    1    1    1    1    1    1    1    1    1    1    1    1    1    1    1    1    1    1    1    1    1    1    1    1    1    1    1    0    1    1    1    0    1    1    1    1    1    1    1    1    0    1    1    1    1    1    1    1    0    1    1    1    0    1    1    0    1    1    1    0    0    0    1    0    0    0    1    0    0    0    0    1    0    0    0    0    0    0    0    0    1    0    1    0    0    0    0    0    1    1    0    0    0    0    1    0    0    1    0    1    0    0    0    0    1    0    0    0    0    0    0    0    0    0    0    0    0    0    0    0    1    1    0    0    1    0    0    1    0    0    0    1    0    0    0    0    0    0    0    1    0    0    0    1    0    0    0    1    0    0    0    0    0    0    
100    0.476576    0.930299    1    1    1    1    1    0    1    1    1    1    1    1    1    1    1    1    1    1    1    1    1    1    1    1    1    1    1    1    1    1    1    1    1    1    0    1    0    1    1    0    1    1    1    1    1    1    1    0    1    1    1    0    1    1    1    1    1    1    1    1    1    1    1    1    1    1    1    1    0    1    1    1    1    1    1    1    1    1    1    1    1    1    1    1    1    1    0    1    1    1    1    1    1    1    1    1    1    1    1    1    0    0    0    0    0    0    0    0    0    0    0    0    0    1    1    0    0    0    0    1    1    0    0    0    1    0    1    0    1    1    0    1    0    1    0    0    0    0    0    0    1    0    0    1    0    1    0    1    1    0    1    0    0    0    1    1    0    1    0    0    0    1    0    0    0    0    0    0    0    0    0    0    0    1    0    1    0    1    1    1    0    0    0    1    1    0    1    0    0    0    0    0    0    1    1    0    1    0    0    0    
100    0.738496    0.731082    1    1    1    1    1    1    1    1    1    0    0    0    1    1    1    0    1    1    1    1    1    0    1    1    1    1    1    1    1    1    1    1    1    1    1    1    1    0    1    1    1    1    1    1    1    1    1    1    1    1    1    0    0    1    1    1    1    1    0    1    1    1    1    1    1    1    1    1    1    1    1    1    1    1    0    1    1    1    1    1    1    1    1    1    1    0    1    1    1    1    1    1    0    1    1    1    1    1    1    1    0    0    1    1    0    1    1    1    0    0    0    0    0    0    0    0    1    0    0    0    0    0    0    1    0    0    0    0    1    0    1    1    0    0    1    0    0    0    0    1    0    1    0    1    0    1    1    0    0    0    0    1    1    0    0    0    0    0    0    1    0    0    0    0    0    0    1    0    0    1    0    1    1    0    1    0    0    0    0    1    0    0    1    0    0    1    0    1    0    1    0    0    0    0    0    0    0    1    0    1    
100    0.428506    0.956646    0    1    1    0    1    1    1    1    1    1    1    1    1    1    1    1    1    0    0    0    1    1    1    1    1    1    1    1    1    1    1    1    0    0    1    1    1    1    1    1    1    1    1    0    0    1    1    1    1    1    1    1    0    1    0    1    1    1    1    1    1    1    1    0    1    1    1    1    1    1    0    1    1    1    1    1    1    0    1    1    1    1    1    0    1    1    1    1    1    0    1    1    1    1    0    1    1    1    1    1    0    0    0    1    0    0    0    0    0    0    1    0    1    0    0    0    0    0    0    0    0    1    0    1    0    0    0    0    0    0    0    0    0    0    0    1    0    0    0    0    0    0    0    0    0    0    0    1    1    0    1    0    1    1    0    0    0    0    0    1    0    1    0    0    0    0    0    0    1    0    0    0    0    0    0    0    0    0    0    0    0    1    0    0    1    0    0    0    0    0    0    0    0    0    1    0    0    0    0    0    
100    0.487819    0.0140919    1    0    1    1    1    1    0    1    1    1    1    1    0    1    1    1    1    1    1    0    1    1    1    1    0    1    1    1    1    1    1    1    1    1    0    1    1    1    1    1    1    0    1    1    1    1    1    1    1    1    1    1    1    1    1    1    1    1    1    1    1    1    1    1    1    1    0    0    1    1    1    1    1    1    1    1    1    1    1    1    1    1    1    1    0    1    1    1    1    1    1    1    1    1    1    1    1    1    1    1    0    0    0    0    0    0    1    0    1    0    1    0    0    0    0    0    1    0    0    0    1    0    1    0    0    0    0    0    0    0    1    0    0    1    0    0    0    0    0    0    1    0    1    1    0    0    0    0    0    0    0    0    1    1    1    0    1    0    0    0    0    0    0    0    0    0    1    1    0    0    1    0    0    0    0    0    0    0    0    0    0    1    1    0    0    0    0    0    0    0    0    0    0    0    0    0    0    0    0    0    
100    0.572491    0.779888    0    1    0    1    1    1    1    0    1    1    0    1    1    1    1    1    1    1    1    0    1    0    1    0    1    1    1    0    0    0    1    1    0    0    1    1    1    1    1    1    1    1    1    1    1    1    1    1    1    1    1    1    1    1    0    1    1    1    1    1    0    1    0    1    0    1    1    0    1    1    1    1    1    1    1    0    1    1    1    1    1    1    1    0    1    0    1    1    1    1    1    1    1    1    1    1    1    1    0    0    0    1    0    1    1    0    0    0    1    0    1    1    0    0    0    0    0    0    0    0    0    0    0    1    0    0    0    0    0    0    1    0    0    0    0    0    0    0    0    0    0    0    0    1    0    0    0    1    0    0    0    0    0    1    1    0    1    1    0    0    0    0    0    0    0    0    0    0    0    0    0    1    0    0    0    0    0    1    0    0    0    0    0    1    0    0    0    1    1    0    0    0    0    1    0    0    0    1    0    0    
100    0.717454    0.533481    0    1    1    1    1    1    1    1    0    0    0    0    0    0    1    1    1    1    0    1    0    1    1    1    0    0    1    1    1    0    1    1    0    1    1    0    1    1    1    0    1    1    0    1    1    1    1    1    0    1    1    1    1    1    1    1    1    1    1    1    1    1    1    1    1    1    1    1    1    1    0    1    0    1    1    1    1    1    1    1    1    1    1    1    1    0    1    1    1    1    1    1    1    0    1    1    1    1    1    1    0    0    1    1    0    0    0    0    1    0    0    0    0    0    0    0    0    0    1    1    1    0    0    1    1    0    0    1    0    0    0    0    0    0    0    0    1    0    0    1    0    0    0    0    0    0    1    1    1    0    0    0    0    0    0    0    1    0    0    1    0    0    0    0    1    0    0    0    0    0    0    0    0    0    0    0    0    0    0    1    1    0    0    1    1    0    0    0    0    0    0    0    0    0    1    1    0    0    1    0    
100    0.727688    0.0941148    1    1    1    0    1    1    1    1    1    1    0    1    0    1    1    1    1    1    1    1    1    1    0    1    1    1    1    1    1    1    0    1    0    0    1    0    1    1    1    1    1    1    1    1    1    1    1    1    1    1    1    1    1    1    1    1    1    1    1    1    0    1    1    1    1    1    1    1    1    1    1    1    1    1    1    1    1    1    1    1    1    1    1    1    1    1    0    1    0    1    1    1    1    1    0    1    1    1    1    1    0    1    0    0    1    0    0    1    0    1    0    1    1    1    0    0    0    1    0    0    0    1    0    0    0    0    1    0    0    0    0    1    0    0    0    0    0    0    0    0    0    0    0    0    0    0    0    0    0    0    0    0    1    0    0    0    0    0    1    0    0    1    0    1    0    0    1    1    0    0    0    0    0    0    1    1    0    0    0    0    0    0    0    1    0    0    0    0    0    0    0    0    0    0    0    0    0    0    0    0    
100    0.364333    0.0467988    0    1    1    0    1    1    1    1    0    1    1    0    1    1    1    1    1    1    0    0    1    0    1    1    0    1    1    1    0    1    1    1    0    1    1    1    1    1    1    1    1    1    1    1    1    1    1    1    1    1    1    0    1    1    1    1    1    1    1    1    1    1    1    1    1    0    1    1    0    1    1    1    0    1    1    1    0    1    0    1    1    1    1    1    1    0    1    1    1    0    1    1    1    1    1    1    1    1    1    1    1    1    0    1    1    1    1    1    0    0    0    0    0    0    0    0    0    0    0    0    0    0    0    1    0    0    0    1    0    0    0    0    0    0    0    0    0    0    0    0    0    1    1    0    0    0    0    0    0    0    0    0    1    0    1    1    0    0    0    0    1    0    0    0    1    0    0    0    0    0    0    0    1    0    0    0    1    0    0    1    1    0    0    0    0    1    1    1    0    0    0    0    0    0    0    1    1    0    1    0    
100    0.108554    0.473246    1    0    1    1    1    1    1    1    1    1    1    1    1    1    1    0    1    1    0    0    1    0    1    1    1    1    1    1    0    1    1    1    1    1    1    1    1    1    1    1    1    0    1    0    1    1    0    1    1    1    0    0    1    1    1    1    1    1    1    0    1    1    1    1    1    1    1    0    1    1    1    1    1    1    1    1    1    0    1    1    1    1    0    1    1    1    1    1    1    1    1    0    1    1    1    0    1    1    1    1    0    0    1    0    0    0    0    0    0    0    0    0    0    0    0    0    0    1    1    0    0    0    0    0    0    0    0    0    0    0    0    0    0    0    0    0    0    0    0    1    0    0    0    0    0    0    0    1    0    0    0    0    0    0    0    1    0    1    0    1    1    1    0    0    1    0    0    0    0    0    1    0    0    0    0    0    0    0    0    0    1    0    0    1    0    0    1    0    0    0    0    1    0    0    0    1    0    0    0    0    
100    0.990827    0.395343    1    1    1    1    1    1    1    1    1    1    1    1    1    1    1    0    1    1    1    1    1    1    0    1    1    1    1    1    1    1    1    1    1    1    1    1    0    1    1    0    1    1    1    0    0    1    1    1    1    1    1    1    1    1    0    1    1    1    1    1    1    1    1    1    1    0    0    1    0    1    1    1    1    1    1    1    0    1    1    1    1    1    1    1    1    1    1    1    1    1    1    1    1    1    1    1    1    1    1    1    0    0    1    0    0    0    0    0    0    1    1    0    0    0    1    0    1    1    1    0    0    1    0    0    0    1    1    1    0    1    0    0    0    0    1    1    0    1    0    0    0    0    1    0    0    0    0    0    0    1    0    0    0    0    0    1    0    0    1    1    0    1    0    0    0    1    0    0    1    1    1    1    0    0    0    0    0    0    0    0    1    0    0    0    0    0    0    0    0    0    0    0    0    0    0    0    0    0    0    0    
100    0.0992986    0.636543    1    1    1    1    0    1    0    1    1    1    1    1    1    1    1    1    1    1    1    0    1    1    0    1    1    0    1    1    0    0    1    1    1    1    1    1    1    1    1    1    1    1    1    1    1    1    1    1    1    1    1    1    1    1    1    1    1    1    1    1    0    0    0    0    1    1    1    0    1    1    1    1    1    1    0    1    1    1    1    1    1    1    1    1    1    1    1    1    1    1    1    1    0    0    1    0    1    0    1    1    1    0    0    0    0    0    0    1    0    0    0    0    0    0    0    0    0    1    0    0    0    1    0    0    1    1    1    1    0    1    0    0    0    0    0    0    0    0    0    0    0    0    0    1    0    0    1    0    0    0    0    0    1    0    0    1    0    0    1    0    0    0    0    0    0    0    0    0    0    0    0    0    0    0    0    0    0    1    0    0    1    0    0    0    1    1    0    0    0    0    0    0    0    1    0    1    0    0    0    0    
