50    0.791981    0.0591849    1    1    1    1    1    1    1    1    1    1    1    1    1    1    1    1    0    1    1    1    1    1    1    1    1    1    1    1    1    1    1    1    1    1    1    1    0    1    1    1    1    1    1    1    1    1    1    1    1    1    1    1    1    1    0    0    1    1    1    1    1    1    0    1    1    1    1    1    1    1    1    1    1    1    1    1    1    1    1    1    1    1    1    1    1    1    1    1    1    1    1    1    1    1    1    1    0    1    1    1    1    0    0    0    0    0    0    0    0    0    1    1    1    1    1    0    0    0    0    0    0    0    1    1    0    0    0    0    0    1    1    0    0    1    0    0    0    0    0    0    0    1    1    1    1    1    0    0    0    1    0    1    0    0    1    0    0    1    0    0    1    0    0    0    0    1    0    0    0    1    0    0    0    1    0    0    0    0    0    0    0    0    1    1    1    1    0    0    0    1    0    1    0    0    1    0    0    0    0    1    
50    0.690814    0.39214    1    1    1    1    1    1    1    1    1    1    1    1    1    1    0    1    0    0    1    1    0    1    1    1    1    1    1    1    1    1    1    1    1    1    1    0    1    1    1    1    1    0    1    1    1    1    1    1    1    1    0    1    1    1    1    1    1    0    1    1    1    1    1    1    1    1    1    0    1    1    1    0    1    1    0    1    1    1    1    1    1    1    1    0    0    1    1    1    1    1    1    1    1    1    1    1    1    1    1    1    0    1    0    0    0    0    0    1    0    0    0    0    1    0    0    0    0    1    0    0    1    0    0    0    0    0    0    1    0    0    0    0    0    0    1    1    0    0    1    0    0    1    1    1    0    0    1    0    0    0    0    0    0    1    0    0    0    1    0    0    0    1    0    0    0    0    1    1    1    1    0    0    1    0    0    0    0    0    0    0    0    0    0    1    0    0    0    0    0    1    1    0    1    1    0    0    1    1    0    0    
50    0.397964    0.603069    1    1    1    1    1    1    1    1    0    1    1    1    1    1    1    1    1    0    1    1    1    1    1    1    1    0    0    1    1    1    1    1    1    0    1    1    0    1    1    1    1    1    1    1    1    1    1    0    1    1    1    1    1    1    1    1    0    1    1    1    1    1    1    1    1    1    1    1    1    1    1    1    0    1    1    1    1    0    1    0    1    1    1    1    1    1    1    1    1    1    1    1    1    0    1    1    1    1    1    1    0    0    0    0    1    0    1    0    0    0    0    0    0    0    0    0    0    1    0    1    0    0    0    0    1    1    0    0    0    0    0    0    0    1    0    1    0    1    0    0    0    0    0    0    1    0    0    0    0    1    0    0    1    0    0    1    0    0    0    1    0    0    0    0    1    0    0    0    1    0    0    1    0    0    0    0    0    1    0    0    0    0    0    1    0    0    0    1    0    0    1    0    1    1    0    0    0    1    0    0    
50    0.612576    0.00789751    1    0    0    1    1    0    1    1    1    1    1    1    1    0    0    1    1    0    1    1    1    1    1    1    1    1    0    0    0    1    1    1    1    0    1    1    1    1    1    1    1    1    0    1    1    1    1    1    0    1    1    1    1    1    1    1    1    0    1    1    1    0    1    0    1    1    1    1    1    1    1    1    1    0    1    1    1    1    0    0    1    1    1    1    1    1    1    1    0    1    1    0    1    1    1    1    1    1    1    1    1    0    0    0    0    0    0    0    0    0    0    0    1    0    0    1    0    0    0    0    0    0    0    0    0    0    0    0    0    0    0    1    0    0    0    0    0    0    1    0    0    0    0    0    0    1    0    0    0    0    0    1    0    1    0    0    1    0    0    1    1    1    0    0    0    0    1    0    1    0    0    0    0    0    0    0    0    0    1    0    0    1    0    0    0    0    1    0    1    0    1    0    0    0    0    0    0    0    1    1    
50    0.589552    0.764904    1    0    0    1    1    1    1    1    0    1    1    0    1    1    1    1    1    0    0    1    0    1    1    0    1    0    1    0    1    1    1    1    1    1    1    1    1    1    0    1    1    1    1    0    0    1    1    1    1    1    1    1    0    0    1    1    1    0    1    0    1    1    1    0    0    1    1    1    1    1    0    1    0    1    0    0    0    1    1    1    1    0    1    1    1    1    0    1    1    1    0    1    1    1    1    1    1    1    1    1    0    0    0    0    0    0    0    0    0    0    0    0    1    0    0    1    0    0    0    0    0    0    1    0    1    0    0    1    0    0    0    0    1    0    1    0    0    0    0    0    0    0    1    0    1    0    1    0    1    0    0    0    1    0    0    0    0    0    0    0    0    0    0    1    1    0    0    0    0    1    0    0    1    0    1    1    1    1    0    0    0    0    0    0    0    1    0    0    1    0    0    0    1    0    0    1    0    1    1    1    
50    0.853907    0.715618    1    1    1    1    1    1    1    1    1    1    1    1    1    1    1    0    1    1    1    1    1    1    1    1    1    1    1    1    1    1    1    1    1    1    1    1    0    1    1    1    1    0    1    1    1    1    1    0    1    0    1    1    1    1    1    0    1    1    1    1    1    1    1    1    1    1    1    1    1    1    1    1    1    1    0    1    1    1    1    1    1    1    1    1    1    1    1    1    1    1    1    1    1    1    0    1    1    1    1    1    0    0    0    1    0    0    0    0    1    0    0    1    1    0    0    0    1    0    0    0    1    0    0    1    1    1    0    1    1    1    0    0    1    0    0    0    0    0    0    0    1    0    0    1    0    0    0    0    1    0    0    0    0    0    0    1    0    0    1    0    0    0    1    0    1    1    0    1    0    0    1    1    0    1    1    0    1    0    0    0    0    0    1    0    0    1    0    0    0    0    0    0    1    0    0    0    0    1    0    0    
50    0.670477    0.249348    1    1    1    1    1    1    1    1    1    1    1    0    1    1    1    1    1    1    1    1    1    1    1    1    1    1    1    1    1    1    1    1    1    1    1    1    1    1    1    1    1    1    1    1    1    1    0    1    1    1    1    1    1    1    1    1    1    0    1    0    1    1    0    1    1    1    0    1    1    0    1    1    1    1    1    1    1    0    1    1    1    1    1    1    1    1    1    1    1    0    1    1    1    1    1    1    1    1    1    1    0    0    1    0    0    0    0    0    1    0    1    0    1    0    0    0    0    1    0    0    0    1    0    0    0    0    1    0    0    0    1    0    0    0    1    0    0    0    0    0    0    0    1    1    0    0    0    1    0    0    1    0    1    0    1    0    1    0    0    0    1    0    0    1    0    0    0    0    1    0    0    0    0    0    0    1    0    0    1    1    1    1    0    0    0    1    1    1    0    1    1    0    0    0    1    0    0    1    0    0    
50    0.907343    0.462369    1    1    1    1    1    1    1    1    1    1    1    1    1    1    1    1    1    1    1    1    0    1    1    1    1    1    1    1    1    1    1    1    1    1    1    0    1    1    1    0    1    1    1    0    1    1    0    1    1    1    1    1    1    0    1    1    1    1    1    1    1    0    1    1    1    1    1    0    1    1    1    1    1    1    1    0    1    1    1    1    1    1    1    1    1    1    0    1    0    1    1    1    1    0    1    1    1    1    1    1    0    0    0    0    0    0    0    0    0    1    1    1    1    1    0    0    0    0    1    1    0    1    1    1    1    0    0    0    0    0    0    0    0    1    0    0    1    0    0    0    0    0    1    0    0    0    0    0    1    1    0    0    0    0    0    0    0    0    0    0    1    0    0    0    0    0    0    0    0    0    0    0    0    0    0    0    0    0    0    1    0    0    1    0    1    1    1    1    0    1    0    0    0    0    0    0    0    0    0    1    
50    0.231396    0.428126    1    1    1    1    1    0    1    1    0    1    1    1    1    1    1    1    0    0    1    1    1    1    1    0    1    1    1    1    1    1    1    1    1    0    1    0    1    0    1    1    0    1    1    1    1    1    0    0    1    1    1    1    0    0    1    1    1    1    0    1    1    1    1    1    0    1    1    1    1    1    0    0    1    1    0    1    1    1    1    1    1    1    0    1    0    1    1    1    1    1    1    0    1    1    0    1    1    1    0    1    0    0    0    1    1    0    1    1    0    0    1    0    0    0    0    0    0    0    0    1    0    0    0    0    1    0    1    0    0    0    0    0    0    0    0    0    1    0    0    0    0    0    0    0    0    0    0    0    0    1    0    0    0    0    0    1    0    0    0    1    0    0    0    1    0    0    1    1    0    1    0    0    0    0    0    1    1    1    0    1    0    1    0    0    0    0    0    1    0    1    0    1    0    1    0    0    0    0    0    0    
50    0.944567    0.702539    1    1    1    1    1    1    1    1    1    1    1    1    0    1    1    1    1    0    1    1    1    1    1    0    1    1    1    1    1    1    1    1    1    1    1    0    1    1    1    1    1    0    1    1    1    1    1    1    1    1    0    1    1    1    1    1    1    1    1    1    1    1    1    1    1    1    1    1    1    1    1    1    1    1    1    1    1    1    1    1    1    0    1    1    1    1    0    0    1    1    1    1    1    1    0    1    1    1    1    1    0    0    0    0    0    0    0    0    0    0    0    0    0    0    0    1    0    0    0    0    0    0    1    0    0    1    1    0    1    0    0    1    1    1    0    0    1    1    1    1    0    0    0    1    0    1    0    0    0    0    0    0    0    1    1    0    0    0    0    0    1    0    0    0    1    1    0    0    0    1    0    1    1    0    0    1    0    0    0    1    0    0    0    0    0    0    0    0    0    0    1    1    0    0    0    1    0    0    0    0    
50    0.598215    0.923361    1    1    0    1    0    1    1    1    1    1    1    0    1    0    0    1    1    1    1    1    1    0    1    1    0    1    1    1    1    1    1    1    1    1    0    1    1    1    1    1    1    0    1    1    0    1    1    1    1    1    1    1    1    1    0    1    1    1    0    1    0    1    1    1    1    1    0    1    1    1    1    1    1    1    1    1    1    1    1    1    0    1    0    1    1    1    1    1    1    1    0    1    1    1    1    1    1    1    1    1    1    1    0    1    0    0    0    0    1    0    0    1    0    0    0    1    0    0    0    0    1    0    0    0    0    0    0    0    1    0    1    0    0    0    1    0    1    0    1    0    0    0    0    1    0    0    1    0    1    0    0    0    0    0    1    0    0    1    0    1    0    1    0    1    1    1    0    1    0    0    0    0    0    0    0    0    0    0    0    0    0    0    0    1    0    1    1    0    0    0    0    0    0    0    1    0    0    0    0    0    
50    0.878127    0.355376    1    1    1    1    1    1    1    1    1    1    1    1    1    1    1    1    1    1    0    1    1    1    1    1    1    1    1    1    1    1    0    1    1    1    1    1    1    1    1    0    1    1    1    1    1    1    1    1    1    1    1    0    1    1    1    1    1    0    1    1    1    1    1    1    1    1    0    1    1    1    1    1    0    1    1    1    1    1    1    1    1    1    1    1    1    1    1    1    1    1    1    1    1    1    1    1    1    1    1    1    0    0    0    0    0    0    0    0    0    0    0    0    0    0    1    0    0    0    0    0    0    0    0    0    0    1    0    1    0    0    0    1    0    1    0    0    0    0    0    0    1    0    1    1    0    0    0    0    0    0    1    0    0    0    1    0    0    0    0    0    0    1    1    0    0    0    0    0    0    0    1    1    0    1    0    0    0    0    0    1    0    0    1    0    0    0    0    0    1    0    0    1    0    1    1    0    0    0    0    0    
50    0.100059    0.189451    1    1    1    1    0    0    0    1    0    0    0    0    1    1    1    0    0    0    1    1    1    0    1    1    1    1    1    1    0    0    1    0    0    0    0    0    1    1    0    1    0    0    1    1    1    0    1    1    1    0    1    1    0    0    1    0    0    1    0    0    1    0    1    0    0    1    0    0    1    1    1    1    1    0    0    0    1    0    1    0    0    0    0    1    1    0    0    1    1    1    1    0    1    1    1    0    0    1    0    0    1    0    1    0    0    0    0    0    0    0    0    0    0    0    0    0    0    0    0    0    0    0    0    0    0    0    0    0    0    0    1    0    1    0    0    0    0    0    0    0    0    0    0    0    0    0    0    0    0    0    0    0    0    0    0    0    0    0    1    0    0    0    0    0    0    1    0    0    0    0    1    0    1    0    0    0    0    0    0    0    0    1    0    0    1    0    0    0    0    0    0    0    0    0    0    0    0    0    0    1    
50    0.32394    0.542823    1    1    1    1    1    1    1    1    1    1    0    1    1    1    1    1    1    1    1    1    1    1    1    1    1    1    1    1    1    1    0    1    1    1    1    1    1    1    1    1    0    1    1    1    1    1    1    1    0    1    1    1    0    1    1    1    1    1    1    1    1    1    1    1    1    1    1    1    1    1    1    1    1    1    1    1    1    1    1    1    1    1    1    1    1    1    1    1    1    1    1    1    1    1    0    1    1    1    0    1    0    1    1    0    0    0    0    1    1    0    0    0    0    1    1    1    0    0    0    0    0    1    0    0    1    0    0    0    0    0    0    0    0    0    0    1    0    0    1    0    0    1    1    1    0    0    1    0    1    0    0    0    0    0    0    1    0    0    0    0    0    1    1    1    0    0    1    1    0    0    1    0    0    0    0    0    0    1    0    1    0    1    0    0    1    0    0    0    0    0    0    0    0    0    0    0    1    0    0    0    
50    0.369582    0.513365    1    1    1    1    1    1    1    1    1    1    1    1    1    1    1    1    1    1    1    1    1    1    1    1    1    1    1    1    1    1    1    0    1    1    0    1    1    1    1    1    1    1    1    1    1    1    1    0    1    1    0    1    1    1    1    1    1    0    1    1    1    1    1    1    0    1    1    1    0    1    0    1    1    1    1    1    1    0    1    0    1    1    1    1    1    1    0    1    1    1    0    1    1    1    1    1    1    1    1    1    0    0    1    0    0    1    1    0    0    0    0    0    1    0    0    0    0    0    0    0    1    0    0    1    0    1    0    0    0    0    0    1    1    1    0    1    0    0    1    0    0    0    0    0    0    1    1    0    0    0    0    0    0    0    0    0    0    1    1    0    0    1    0    0    0    0    0    0    1    1    0    1    0    0    0    0    1    0    1    0    0    0    0    0    0    1    0    0    0    1    0    0    0    0    0    0    0    0    0    1    
50    0.581854    0.409325    1    1    1    1    1    1    1    1    1    1    1    1    1    1    1    1    1    1    1    1    1    1    0    0    1    1    0    1    1    1    1    1    1    1    0    1    1    1    1    1    1    1    1    1    1    1    1    1    1    0    0    1    1    1    1    1    1    1    1    1    1    1    1    0    0    1    0    1    1    0    1    1    1    1    0    1    1    1    1    0    1    1    0    1    1    1    1    1    1    1    1    1    1    1    1    1    0    0    1    1    0    1    0    0    1    0    1    0    0    0    0    0    1    0    1    1    0    1    0    0    0    0    1    0    0    1    0    0    0    0    0    0    0    0    0    0    0    0    0    0    0    1    0    0    0    0    0    1    0    0    0    0    0    0    1    0    0    0    0    0    0    0    0    0    0    0    0    0    0    0    1    0    0    1    0    0    0    0    0    0    0    0    1    0    0    0    1    1    1    0    1    0    0    0    0    0    0    0    0    0    
50    0.313922    0.59047    1    1    1    1    1    1    1    1    1    1    1    1    1    1    1    1    1    1    1    0    1    1    1    1    1    1    1    1    1    1    1    1    1    1    1    1    1    1    1    1    0    1    0    1    1    1    1    1    0    1    1    1    1    1    1    1    1    1    0    1    1    1    1    0    0    1    1    1    0    1    1    1    1    1    0    1    1    1    1    1    1    1    1    1    1    1    1    1    1    1    1    1    1    1    1    1    1    0    1    1    0    0    0    1    0    1    0    1    0    1    0    1    0    1    0    0    0    1    0    1    0    0    0    0    1    0    0    0    0    0    0    0    1    0    1    0    0    0    0    0    0    0    0    0    1    0    0    1    0    0    0    1    0    1    0    1    1    0    0    0    1    1    1    1    0    0    1    1    0    0    1    1    0    0    0    0    0    0    1    0    1    0    1    1    0    0    0    0    0    1    1    0    0    0    1    1    0    0    0    1    
50    0.8133    0.181247    1    1    1    1    1    1    1    1    1    1    1    1    1    1    1    1    1    0    0    0    1    1    1    1    1    1    1    1    1    1    1    1    1    1    1    1    1    1    1    1    1    1    1    1    1    1    1    1    1    1    0    1    1    1    1    1    1    1    0    1    1    1    0    1    1    1    1    1    1    0    1    1    1    1    1    1    1    1    1    1    1    1    1    1    1    1    1    1    1    1    1    0    1    1    0    1    1    1    1    1    0    1    0    0    0    0    0    0    0    0    0    0    0    0    0    0    0    1    1    1    0    0    0    1    0    1    0    0    0    1    0    1    0    0    0    0    0    0    0    1    0    0    0    0    0    0    0    0    0    1    0    1    0    0    0    0    0    1    0    0    0    1    0    0    1    1    0    0    0    0    0    0    1    0    0    0    1    0    0    1    1    1    0    0    0    1    1    0    0    0    1    0    0    0    1    1    0    1    1    1    
50    0.593979    0.947751    1    1    1    1    0    1    0    1    1    1    0    1    1    1    1    0    1    1    1    1    1    0    1    0    1    0    1    1    1    1    0    0    1    1    1    0    1    1    1    1    1    1    1    1    1    1    1    1    1    1    1    1    1    1    1    1    1    1    1    0    1    0    1    1    1    1    1    1    1    1    1    1    1    1    1    0    1    1    1    1    1    1    1    1    1    1    1    1    1    1    1    1    1    1    1    1    1    0    1    0    0    0    0    1    0    1    0    0    1    0    0    0    1    0    1    0    0    1    1    0    0    0    0    0    0    0    0    1    0    0    0    0    1    1    0    0    0    0    0    0    1    0    0    0    0    0    0    1    0    0    0    0    0    0    1    0    0    0    1    0    1    0    0    0    1    0    0    1    0    0    0    0    1    0    1    0    0    0    1    0    0    0    1    0    0    0    0    0    0    0    0    0    1    0    0    0    1    0    0    0    
50    0.309599    0.45099    1    1    1    1    1    1    1    1    1    1    1    1    1    1    1    1    0    0    1    1    1    1    1    1    1    0    1    1    1    1    1    1    1    1    1    1    0    1    0    1    1    1    1    1    1    1    1    1    1    0    1    1    1    1    1    1    1    1    1    1    1    1    0    1    1    0    1    1    1    0    1    1    1    1    1    1    1    1    1    0    1    1    1    1    1    1    1    1    1    1    1    1    1    1    1    1    1    1    1    0    1    0    1    0    1    0    1    0    0    0    0    1    0    0    0    0    0    0    0    1    1    0    0    1    0    0    1    0    0    0    0    0    0    0    0    0    0    0    0    0    0    0    1    0    0    0    1    0    1    1    1    0    1    0    0    0    0    0    0    0    0    0    1    1    0    0    0    0    0    1    0    0    0    0    0    0    0    0    0    0    1    0    0    0    0    1    0    0    1    0    1    1    0    1    0    0    0    0    0    0    
50    0.763602    0.0886269    1    1    1    1    1    1    1    1    1    1    1    1    1    1    1    1    0    0    0    1    1    1    1    1    0    1    1    1    1    1    1    0    1    1    1    1    1    1    1    1    1    0    1    1    1    1    1    1    1    1    1    1    1    1    1    1    0    1    0    1    1    1    1    1    1    1    1    1    1    1    1    1    1    1    1    1    1    1    0    0    1    1    1    1    1    1    0    1    1    0    1    1    1    1    0    1    1    1    1    1    0    0    0    1    1    1    0    0    0    0    0    1    0    0    1    1    0    0    0    0    1    0    0    0    0    0    1    0    0    0    0    1    0    0    0    0    1    0    0    0    0    0    0    0    1    0    0    0    0    1    1    0    0    0    0    0    0    1    1    1    0    1    0    1    0    0    0    0    1    0    0    1    0    0    0    0    0    0    0    1    0    0    1    0    0    0    0    0    0    0    0    0    1    0    1    0    1    0    0    1    
50    0.479868    0.50069    1    1    0    1    1    0    1    0    1    1    1    1    1    1    1    1    1    0    1    1    1    1    0    1    1    1    1    1    1    1    0    1    0    1    1    1    1    1    0    1    1    1    1    1    1    1    1    0    1    1    0    0    1    0    1    1    1    1    0    1    1    1    1    1    1    1    0    1    1    1    1    1    1    1    1    0    1    1    1    1    1    1    1    0    1    1    1    1    1    1    1    1    1    1    1    0    1    1    1    1    1    0    1    0    0    0    1    1    0    0    1    0    0    0    0    0    1    1    0    0    0    0    0    1    0    0    0    0    0    0    0    0    1    0    0    0    0    0    0    0    0    1    0    1    0    0    0    0    0    0    0    0    0    1    0    0    0    0    0    0    0    1    1    1    0    0    0    0    0    0    1    1    0    0    1    1    0    0    1    0    0    0    0    0    0    0    0    1    1    0    0    0    0    0    0    0    0    0    0    0    
50    0.6499    0.25577    1    1    1    1    1    1    1    1    1    1    1    1    1    1    1    0    1    1    0    1    0    1    1    1    1    1    1    1    1    1    1    1    1    1    1    1    1    1    1    1    1    1    1    1    1    1    1    0    1    1    1    0    1    1    1    1    1    1    1    1    0    0    0    0    1    0    1    1    1    1    1    1    1    0    1    1    0    1    0    1    1    1    1    1    0    1    1    1    0    0    1    0    1    1    1    1    1    1    1    1    0    0    0    0    1    0    0    1    0    0    0    0    0    0    1    0    0    1    0    1    0    0    0    0    0    1    1    0    0    0    1    1    1    1    1    0    0    1    0    0    0    0    1    0    0    0    1    0    1    1    0    0    0    1    0    1    0    0    0    0    1    0    0    1    0    0    0    0    1    0    0    0    0    0    1    0    1    1    0    1    0    1    1    0    0    1    0    0    0    0    1    1    0    0    0    0    0    0    0    0    
50    0.941862    0.71751    1    1    1    1    1    1    1    1    1    1    1    1    1    1    1    1    1    1    1    1    1    1    1    1    0    1    1    1    1    1    1    1    1    1    1    1    1    1    1    1    0    1    1    1    1    1    1    1    1    1    1    1    1    1    1    1    1    1    1    1    1    1    1    1    1    1    1    1    1    1    1    1    1    1    1    1    1    0    0    1    1    1    1    1    1    1    1    1    1    1    1    1    1    1    1    1    1    1    1    1    1    0    0    0    1    0    0    0    1    0    0    0    0    0    1    0    0    0    0    0    1    1    0    1    0    0    0    0    0    0    0    1    0    0    0    1    0    0    0    0    1    0    1    0    0    0    0    0    0    1    0    1    0    0    0    1    0    0    1    0    1    1    0    1    0    1    0    0    0    0    0    0    0    0    1    0    1    0    0    1    1    0    0    0    1    0    0    0    0    0    1    0    0    1    0    0    0    0    0    1    
50    0.806386    0.604635    1    1    1    1    0    1    1    1    1    1    1    0    1    1    1    1    0    0    1    1    1    0    1    1    1    1    1    1    1    1    1    1    1    1    1    0    1    1    1    1    1    0    1    1    1    1    1    1    1    1    1    1    1    1    1    1    1    1    1    1    1    1    1    1    1    0    0    1    1    1    1    1    1    1    1    0    1    1    1    1    1    1    1    1    1    1    1    1    1    0    1    1    1    1    1    1    0    1    1    1    0    1    1    0    1    0    1    1    1    0    1    0    0    1    0    1    0    0    0    0    1    0    0    1    0    0    0    0    0    0    0    0    0    0    1    1    1    1    0    0    1    0    0    0    0    1    0    0    0    0    1    0    1    0    0    0    0    0    1    0    0    0    0    0    1    0    0    0    0    0    1    0    1    0    0    0    0    0    1    0    0    0    0    1    0    1    0    0    0    0    0    0    0    0    0    0    0    1    0    1    
50    0.126856    0.213923    0    0    1    0    0    0    1    1    0    0    1    1    0    0    1    0    1    1    1    1    1    1    1    0    1    1    1    0    0    0    1    0    1    0    1    1    1    1    1    1    1    1    1    0    0    1    0    1    0    0    1    1    1    1    1    1    1    1    0    0    0    0    0    0    0    1    1    0    1    1    1    1    0    1    1    0    1    1    1    1    0    1    1    0    0    0    1    1    1    1    0    1    0    1    0    0    0    1    0    0    0    0    0    0    0    1    0    1    1    0    0    0    1    0    0    0    0    0    0    0    0    1    0    0    0    0    0    0    0    0    0    0    0    0    0    0    0    0    0    1    0    1    0    0    0    0    0    0    0    1    0    0    0    0    0    0    1    1    0    1    1    0    0    1    1    0    1    0    0    1    0    0    0    0    1    1    0    0    0    0    0    0    0    0    1    1    0    0    0    0    0    0    0    1    0    0    1    0    0    0    
50    0.510064    0.741779    0    1    1    1    1    1    1    1    0    0    1    1    1    1    1    1    1    1    1    0    0    1    1    1    1    1    1    1    1    1    1    1    1    1    1    1    1    1    1    0    1    1    1    1    1    1    1    1    0    1    1    1    1    1    1    1    1    1    1    0    1    1    1    0    0    0    1    1    0    1    1    1    0    1    1    1    1    1    1    1    1    1    1    1    0    1    1    1    0    0    1    1    1    1    0    1    1    1    0    1    1    0    0    0    1    0    0    1    0    0    1    0    0    1    0    1    0    0    1    0    0    0    1    0    0    0    1    1    0    1    0    0    0    0    0    0    0    0    1    0    0    0    0    0    0    1    1    0    0    0    0    0    1    1    1    0    1    1    0    0    1    0    0    1    0    1    0    0    0    0    0    0    0    0    0    0    0    0    1    1    0    0    0    0    1    0    1    0    0    1    1    0    0    0    0    1    1    0    0    0    
50    0.786235    0.529057    1    1    0    0    1    1    1    1    1    1    1    1    1    1    1    0    1    1    1    1    0    1    1    0    1    1    0    1    1    1    1    0    1    1    1    1    1    1    0    1    1    1    1    0    1    1    1    1    1    1    1    1    1    1    1    1    1    1    1    1    1    1    1    1    1    0    1    1    1    0    1    1    1    1    1    1    0    1    1    1    1    1    1    1    1    1    1    0    1    1    1    0    1    1    1    1    1    1    1    1    0    0    0    0    1    1    0    0    0    1    1    0    0    0    0    1    1    0    0    0    0    1    0    0    0    1    0    0    0    0    0    1    1    0    0    0    1    1    0    0    0    0    1    0    0    1    0    0    1    0    0    0    0    0    1    1    1    0    1    1    0    1    0    1    0    0    1    0    0    1    0    1    1    0    0    0    1    0    1    0    0    0    1    1    0    1    0    0    0    1    0    0    0    1    0    1    0    0    0    0    
50    0.764978    0.196203    1    1    1    1    1    1    1    0    1    1    1    1    0    1    1    1    1    1    1    1    1    1    1    1    1    1    1    1    1    1    1    1    1    1    1    1    1    0    1    1    1    1    1    1    1    1    1    0    1    1    1    1    1    0    0    1    1    1    1    1    1    1    0    1    1    1    0    1    1    1    1    1    1    1    1    1    0    1    1    1    1    1    1    1    1    1    1    0    1    1    1    1    1    0    1    1    0    1    1    1    0    0    1    0    0    0    0    0    0    1    0    0    0    0    0    1    0    1    0    0    0    0    0    0    0    0    0    0    0    0    1    0    1    1    0    1    1    0    0    0    0    0    0    0    0    0    0    1    0    1    0    1    0    0    0    0    0    0    0    0    0    1    0    0    1    0    0    0    1    0    0    1    0    0    0    0    1    0    1    1    0    1    0    0    0    1    0    0    1    0    0    0    1    0    0    1    0    0    0    0    
50    0.0269926    0.636894    1    1    1    1    1    0    1    1    1    1    1    1    0    1    1    1    1    1    1    1    1    1    1    1    1    1    1    1    0    0    1    1    1    1    1    1    1    1    1    1    1    1    1    1    1    1    0    0    1    1    1    1    1    1    1    1    1    1    0    1    1    1    1    1    0    1    1    1    1    1    1    1    1    1    1    1    1    1    1    1    1    1    1    1    1    1    1    1    1    1    1    1    1    1    1    1    1    1    1    1    0    1    1    1    1    0    0    1    1    0    1    0    1    0    0    1    0    1    0    0    1    1    0    1    0    0    0    1    0    0    0    0    0    0    1    0    1    0    0    1    1    0    0    0    0    0    0    0    1    0    0    0    0    1    0    1    1    0    1    0    0    1    0    0    1    0    0    1    0    1    0    0    0    0    1    0    1    1    0    0    0    0    0    0    0    1    0    0    1    0    1    0    1    1    0    0    0    0    0    0    
50    0.0266406    0.991868    1    1    1    1    1    1    1    1    1    0    1    1    1    1    1    1    1    1    1    1    1    1    0    1    0    1    1    1    1    1    1    1    1    1    1    1    1    1    1    1    1    0    1    1    1    1    1    1    1    1    0    1    1    1    1    0    1    1    1    1    1    1    1    1    1    1    0    1    1    1    1    1    1    1    1    1    1    1    1    1    1    1    1    1    1    1    1    1    0    1    1    1    1    1    1    1    0    1    0    1    0    0    1    0    0    0    0    0    1    0    0    0    1    0    0    0    0    0    0    0    0    0    0    0    1    0    1    0    0    0    0    0    0    0    0    0    1    0    0    0    1    0    0    0    1    0    1    1    1    0    0    0    0    0    1    0    0    1    0    0    1    1    0    0    0    0    1    0    0    0    1    1    0    1    0    1    0    0    0    0    1    0    1    0    0    0    0    0    1    0    0    0    0    0    1    0    0    1    1    0    
50    0.684287    0.947624    0    1    1    0    1    1    1    1    1    1    1    1    1    0    1    1    1    1    0    1    1    1    1    1    1    1    1    1    1    1    1    1    1    1    1    1    0    0    1    1    1    0    1    1    1    1    1    1    0    1    1    1    0    1    1    1    1    1    1    1    1    0    1    0    1    1    1    1    1    1    1    1    1    1    1    1    1    1    1    1    1    1    1    1    0    1    1    1    1    1    1    1    1    1    1    1    1    1    1    1    0    0    0    0    0    0    0    1    0    0    0    0    0    1    0    0    1    1    0    0    0    0    0    0    0    0    0    0    0    0    0    1    0    0    0    0    0    1    1    1    1    0    0    0    0    0    0    0    1    0    0    1    1    1    1    0    1    0    0    0    0    0    1    0    0    0    0    0    0    0    0    0    0    0    1    0    1    0    1    0    1    1    1    0    1    1    0    0    0    1    0    0    1    0    0    0    1    1    0    0    
50    0.313364    0.653473    1    1    1    1    1    1    1    1    1    1    1    1    1    1    1    1    0    1    1    0    0    0    1    0    1    1    0    1    0    1    1    1    1    1    0    1    1    1    0    1    1    1    1    1    0    1    1    1    1    1    1    1    1    1    1    0    1    1    1    1    0    1    1    1    1    0    1    1    1    1    1    1    1    1    1    1    1    1    1    1    1    1    1    1    1    0    0    1    1    1    1    1    1    1    1    1    0    0    1    1    1    0    0    1    0    0    0    0    0    1    1    0    1    0    0    0    1    0    0    0    0    0    0    0    1    0    0    0    0    1    0    1    1    1    0    0    0    0    0    1    0    0    0    1    1    0    0    1    0    0    1    1    0    0    0    0    0    0    0    0    0    1    0    0    0    0    0    1    0    0    0    0    0    1    1    0    0    0    0    0    1    0    0    0    0    0    0    1    0    0    1    0    1    1    0    0    0    0    0    0    
50    0.047749    0.837603    1    1    1    1    1    1    1    0    1    1    1    1    1    0    1    0    1    1    1    1    1    0    0    1    1    1    1    1    1    1    1    1    1    1    1    1    1    1    1    1    1    1    1    0    1    1    1    1    1    1    1    1    1    1    1    1    1    1    1    1    1    1    1    1    1    0    0    1    1    1    1    1    1    1    1    1    0    1    1    1    1    1    1    1    1    1    1    1    1    1    1    1    1    1    1    1    1    0    1    1    0    0    0    1    0    1    0    1    0    1    0    0    0    1    1    0    0    0    1    0    1    0    0    0    0    0    0    0    0    0    0    0    0    0    0    1    1    0    0    1    0    0    0    1    1    1    1    1    0    0    0    0    0    0    1    0    0    1    0    0    1    0    0    0    0    1    0    0    0    1    0    0    0    1    0    0    0    0    0    0    0    0    0    0    1    1    0    0    0    0    0    0    0    0    1    0    0    0    0    0    
50    0.630673    0.325251    1    1    0    1    1    1    1    1    1    1    1    0    0    1    1    1    1    1    1    1    1    1    1    1    1    1    1    1    1    0    0    1    1    1    1    1    1    1    1    0    1    1    1    1    1    1    1    1    1    1    1    1    1    0    1    0    1    1    1    1    0    1    1    1    1    0    1    1    1    1    1    1    1    1    1    1    1    1    1    0    0    0    0    1    1    1    0    1    1    1    1    1    1    0    1    1    1    1    1    1    0    0    0    0    0    1    0    1    1    0    0    0    0    1    1    0    0    0    0    1    0    0    0    1    1    0    1    1    0    0    0    0    0    0    0    0    1    1    0    0    0    1    0    0    0    1    1    0    1    0    1    1    0    1    0    0    0    0    1    1    0    1    0    1    1    0    0    0    0    1    1    1    0    0    0    0    0    1    0    0    1    1    1    0    1    0    0    1    0    1    0    0    0    1    0    0    0    0    0    0    
50    0.168786    0.865222    1    1    1    1    1    1    1    1    1    1    1    1    1    1    0    1    1    1    1    1    1    1    0    1    0    1    1    1    1    1    1    1    1    1    1    1    1    1    1    0    1    1    1    1    1    1    1    1    1    1    1    1    1    1    1    1    1    1    1    1    1    1    1    1    1    1    1    1    1    1    1    1    1    1    1    1    0    1    1    0    1    1    1    1    1    1    0    1    1    1    1    0    1    1    0    1    1    1    1    1    1    1    0    0    1    0    0    1    0    1    0    0    0    0    0    0    0    1    1    0    0    0    0    0    0    1    1    1    0    0    0    0    0    0    0    0    0    1    0    0    1    1    0    1    0    0    0    0    0    0    0    1    0    1    0    0    0    1    1    0    1    0    0    0    0    0    1    0    0    0    0    0    0    1    1    0    0    1    0    0    1    1    0    0    0    0    0    1    0    0    0    0    1    1    0    1    1    1    0    1    
50    0.000170109    0.849374    1    1    1    0    1    1    1    1    1    1    1    1    0    1    1    1    1    1    1    1    1    1    1    1    1    1    0    1    1    1    1    1    1    1    0    1    1    1    1    1    1    1    1    1    0    1    1    1    0    1    1    1    1    1    1    1    1    1    0    1    1    1    1    1    1    1    1    1    1    1    1    1    1    1    1    0    1    1    1    1    1    1    1    1    1    1    1    1    1    1    1    1    1    1    1    1    1    1    1    1    0    1    1    0    1    0    0    0    0    0    0    1    0    0    0    0    0    0    0    0    0    0    0    1    0    0    0    0    0    0    0    0    0    1    0    1    0    0    0    0    0    1    0    0    1    1    0    0    1    1    1    0    0    1    0    0    1    0    0    0    0    0    1    0    0    0    0    0    0    0    0    1    1    0    0    0    1    0    0    0    0    0    1    0    1    1    0    0    0    0    1    0    0    0    0    0    0    0    1    0    
50    0.455704    0.117154    1    1    1    1    1    1    1    1    1    1    1    1    1    0    1    0    1    0    1    1    1    1    1    1    1    0    1    1    1    1    1    1    1    1    1    1    1    1    0    1    1    1    1    1    1    1    1    1    1    1    1    1    1    1    1    0    1    1    1    1    0    1    1    1    1    1    1    1    0    1    1    1    1    1    1    1    0    1    1    0    1    1    1    1    1    1    1    1    1    1    0    1    1    1    1    1    1    1    1    1    0    1    0    0    0    0    1    1    0    1    0    0    0    1    1    0    1    0    0    0    0    0    1    0    0    0    0    1    0    1    1    1    0    0    0    0    1    0    0    0    1    1    0    0    0    0    0    0    0    0    0    0    0    0    0    0    0    1    0    1    0    0    0    0    1    0    1    0    1    1    1    0    0    0    0    0    0    1    1    0    0    1    0    0    0    0    0    1    0    0    0    0    1    0    0    0    0    0    1    0    
50    0.455139    0.42774    1    1    1    1    1    1    1    1    1    1    1    1    1    1    1    1    1    1    1    1    1    1    1    1    1    1    1    1    1    1    1    1    1    0    1    1    1    1    0    1    1    1    1    1    1    1    1    1    1    1    1    1    0    0    1    1    1    1    1    1    1    1    1    1    1    0    1    0    1    1    1    0    1    1    0    0    1    1    1    1    1    1    1    0    1    1    1    1    1    1    1    0    1    1    1    1    1    1    1    1    1    0    1    0    0    0    0    0    0    0    1    1    0    1    0    1    0    1    0    0    0    1    0    1    0    0    0    0    0    0    0    0    0    0    0    0    0    0    0    0    1    0    1    0    0    0    0    0    0    0    0    0    1    1    0    0    0    1    0    1    0    0    0    0    1    0    0    1    0    1    0    0    0    0    1    1    1    0    1    0    1    0    1    1    0    0    0    1    0    0    0    0    1    0    0    0    1    0    0    1    
50    0.433707    0.613371    1    1    0    1    1    1    1    0    1    1    1    1    1    1    1    1    1    1    1    1    1    0    1    1    1    1    1    1    1    1    1    1    1    1    1    1    1    1    1    1    1    1    1    1    1    1    1    1    1    1    1    1    1    1    1    1    1    1    1    1    1    1    1    1    1    1    1    1    1    0    1    1    1    0    0    1    1    0    1    1    1    1    1    1    1    1    1    0    1    0    1    0    0    1    1    0    1    0    0    1    1    0    0    0    0    0    1    0    0    0    0    1    0    0    1    0    0    0    1    0    1    1    1    1    0    0    0    0    1    0    0    0    0    1    1    0    0    1    0    0    0    0    1    0    0    1    0    1    0    0    0    1    0    0    0    0    0    0    1    1    1    0    0    0    0    0    1    0    1    0    1    1    1    1    0    0    1    1    0    1    0    0    1    0    0    1    0    0    0    1    0    1    0    0    0    1    1    0    0    1    
50    0.912531    0.0250087    1    1    1    1    1    1    1    1    1    1    1    1    1    1    1    1    1    1    1    1    1    1    1    1    1    0    0    0    1    1    1    1    1    1    1    0    1    1    1    1    1    1    1    1    1    0    1    1    1    1    1    1    1    1    1    1    1    1    1    1    1    1    1    1    1    1    0    1    1    0    1    1    0    0    1    1    1    0    1    1    0    1    1    1    1    1    0    1    1    1    1    1    1    1    1    1    1    1    1    1    0    0    0    1    0    1    0    1    1    1    0    0    1    1    0    1    0    0    0    1    0    0    0    0    0    0    1    1    0    0    0    0    0    1    0    0    1    0    0    0    0    0    0    1    0    1    0    1    1    0    1    0    0    0    0    1    0    1    0    1    0    1    1    1    0    0    0    1    0    0    0    0    1    1    0    0    0    0    0    0    0    0    0    0    1    0    1    0    0    1    0    1    0    0    1    0    0    0    0    1    
50    0.765071    0.365652    1    1    1    1    1    0    1    1    1    1    1    0    1    1    1    1    1    1    0    1    1    1    1    1    1    1    1    1    0    0    1    1    1    1    1    1    1    1    1    0    1    1    1    1    0    1    0    1    1    1    1    0    1    1    1    1    1    1    1    1    1    1    0    1    1    1    1    1    1    1    1    1    1    1    1    1    1    1    1    1    1    1    1    1    1    1    1    1    1    1    1    1    1    1    1    1    0    1    1    1    1    0    0    0    0    1    0    0    1    1    0    0    1    0    1    0    1    0    0    0    0    0    1    1    1    0    0    1    1    1    1    0    0    0    0    0    0    0    0    0    0    1    0    0    0    0    0    0    0    0    1    0    1    0    0    1    0    1    1    0    0    1    0    0    1    0    0    0    0    0    0    1    1    1    0    0    1    0    0    1    0    0    1    0    0    1    0    0    0    0    0    0    1    0    1    0    0    1    0    1    
50    0.837232    0.983162    1    1    1    1    1    1    1    1    0    1    1    0    1    0    1    1    1    1    1    1    1    1    1    0    1    1    1    1    1    1    1    1    0    1    0    1    0    1    1    1    1    0    1    1    1    0    1    0    1    1    1    1    1    1    1    0    1    1    1    1    1    1    1    1    1    1    1    1    1    1    1    1    0    1    1    0    1    1    1    1    1    1    1    1    1    1    1    1    1    1    1    1    1    1    1    1    1    1    1    0    0    0    0    0    0    0    1    0    0    0    0    0    0    1    0    0    0    0    0    0    0    0    0    0    0    1    0    0    0    0    1    0    1    1    0    0    1    0    0    0    0    0    1    0    0    0    0    1    0    1    0    1    0    0    0    0    0    0    0    0    0    1    0    1    0    0    0    0    0    1    1    0    0    0    0    0    0    0    0    0    0    0    0    0    0    0    0    1    0    0    1    1    0    0    0    1    0    0    0    0    
50    0.555021    0.283196    1    1    0    1    1    1    1    1    1    1    1    1    1    1    1    1    1    1    1    1    0    1    1    1    1    1    1    1    1    0    1    1    1    1    1    1    1    1    1    1    1    1    1    1    1    1    1    1    1    1    1    1    1    1    0    1    1    1    0    1    1    1    1    1    1    1    1    1    1    1    1    1    1    1    1    1    1    0    0    1    1    0    1    1    1    1    0    1    0    1    1    1    1    1    1    0    0    1    1    1    1    1    0    0    0    1    1    0    0    0    0    0    0    0    0    1    0    1    1    0    0    1    0    0    1    0    0    0    0    0    0    1    0    0    0    0    0    1    1    0    0    0    0    0    0    0    0    0    0    1    0    0    1    1    1    1    0    0    0    0    0    1    0    0    1    0    0    1    0    1    0    0    0    0    1    1    1    1    1    0    0    1    0    0    1    0    0    0    0    0    1    0    0    0    0    0    1    0    0    0    
50    0.957962    0.0192618    1    1    1    1    1    1    1    0    1    1    1    0    1    1    1    1    1    0    1    0    1    1    1    1    1    1    1    1    1    1    1    0    1    1    1    1    0    1    1    1    1    0    1    1    1    1    1    1    1    1    1    1    1    1    1    0    1    1    1    0    1    1    1    1    1    0    1    1    1    1    1    1    1    1    1    1    1    1    1    1    0    1    1    1    1    1    1    1    1    1    1    1    1    1    1    1    1    1    1    1    0    0    0    1    0    1    0    1    0    1    1    0    0    1    0    0    1    0    1    1    0    0    0    0    1    0    0    0    0    0    0    1    0    0    0    0    0    0    0    0    1    0    0    1    0    0    1    0    0    1    0    0    0    0    0    0    0    0    0    0    1    1    1    0    1    0    0    1    0    1    0    1    1    0    1    0    0    0    0    1    1    1    0    0    0    1    0    0    0    1    0    0    1    0    1    0    0    1    0    1    
50    0.431172    0.0907221    1    1    1    1    0    1    1    1    1    1    1    1    0    1    0    1    1    1    1    1    1    1    1    0    1    0    1    1    1    1    1    1    1    1    1    1    0    1    1    1    1    1    1    0    1    1    1    1    1    1    0    1    1    1    1    0    1    1    1    1    1    0    1    1    1    1    0    0    1    0    0    1    1    1    1    1    1    1    1    0    0    0    0    1    1    1    1    1    1    1    1    1    1    1    1    0    1    1    1    1    0    0    0    0    1    1    1    0    1    0    0    0    0    0    0    0    0    0    0    0    1    0    0    0    1    0    0    0    0    0    0    1    0    1    0    0    1    0    1    0    0    0    0    0    0    1    1    1    1    0    1    0    0    1    0    0    0    0    0    1    0    0    0    0    0    0    0    0    0    0    1    0    0    1    0    1    0    1    1    0    0    0    1    1    1    0    1    0    1    0    0    0    0    0    1    1    0    0    1    0    
50    0.0387287    0.828834    1    1    1    1    1    1    1    1    1    1    1    1    1    1    1    1    1    1    1    1    1    1    1    1    1    1    1    1    1    1    1    1    1    1    1    1    1    1    1    1    1    1    1    0    1    0    1    1    1    1    0    1    1    1    1    1    1    1    0    1    1    1    1    1    1    1    1    1    1    1    1    1    1    1    1    1    1    1    1    1    1    1    1    1    1    1    1    1    1    1    1    1    1    1    0    1    1    1    0    1    0    0    0    0    0    0    0    0    0    1    0    0    0    0    0    1    1    1    0    0    0    0    0    1    0    1    0    0    0    1    0    0    0    0    0    0    1    0    1    0    0    0    0    1    0    0    1    0    1    0    0    0    1    0    0    0    0    0    0    1    1    1    1    0    1    0    0    0    0    0    0    0    1    0    1    1    0    0    0    0    1    0    0    0    0    0    0    0    1    0    0    0    1    1    0    0    0    0    0    0    
50    0.154253    0.645267    0    1    1    1    1    1    1    1    1    0    1    0    1    1    1    1    0    1    1    1    1    1    1    1    1    1    0    1    1    1    1    1    1    1    1    1    1    1    1    1    0    1    1    1    1    0    1    1    1    1    1    1    1    1    1    1    1    1    1    1    1    1    0    1    1    1    1    1    1    1    1    1    1    1    1    1    1    1    1    1    1    1    1    1    1    0    1    1    1    1    1    1    1    0    1    1    1    1    1    1    0    1    0    0    1    0    1    0    0    1    0    0    0    0    0    0    1    1    0    0    0    0    0    0    0    1    1    0    0    0    0    0    0    0    1    0    0    0    0    0    0    0    0    1    0    0    0    0    0    0    0    1    1    0    0    0    0    1    0    1    0    0    1    0    1    0    0    0    1    0    0    0    0    1    0    1    1    1    0    1    0    0    0    0    0    0    0    1    0    1    0    0    0    0    0    0    0    0    0    0    
50    0.781962    0.489626    1    1    1    1    0    1    1    1    1    1    1    1    0    1    1    1    1    1    1    1    1    1    1    1    0    1    1    1    0    1    1    0    1    0    1    0    1    1    1    1    1    1    1    1    0    1    1    1    0    1    1    0    1    0    1    1    1    0    1    1    1    1    0    1    0    1    1    1    1    1    1    1    1    0    1    1    1    1    1    1    1    0    1    1    1    1    1    0    1    1    1    1    0    1    0    1    1    1    0    1    0    0    1    0    0    1    0    0    0    0    1    1    1    0    1    1    1    0    0    0    0    0    0    0    1    0    0    0    0    0    0    1    1    0    0    0    0    0    1    1    0    1    0    1    1    0    1    0    1    0    0    0    0    1    0    1    1    1    0    0    0    0    0    0    0    0    0    0    0    0    0    0    0    1    0    0    0    0    1    0    0    0    0    1    0    0    1    0    0    0    0    0    0    1    1    0    0    0    0    1    
50    0.37069    0.504239    0    1    1    0    1    1    1    1    1    1    1    1    1    1    1    1    0    0    1    1    1    1    1    1    1    1    1    1    1    1    1    1    1    0    1    1    1    1    1    1    1    1    0    1    1    1    1    1    1    1    1    1    1    1    1    0    0    1    1    1    1    1    1    1    1    0    0    1    1    1    1    0    1    0    1    0    1    1    1    1    1    1    0    1    1    1    1    1    1    1    1    1    1    1    1    1    1    1    1    1    1    1    0    0    0    0    0    0    0    0    0    0    0    0    0    1    0    0    0    1    0    1    0    0    0    0    1    1    1    1    0    0    0    1    1    0    1    1    0    0    0    0    0    0    0    1    0    0    0    0    0    0    0    0    0    0    0    0    0    0    0    1    0    1    1    0    1    0    1    0    1    1    1    0    0    0    0    0    0    0    1    0    0    0    0    0    0    1    0    1    0    1    0    1    0    1    0    1    1    0    
50    0.424831    0.512493    1    1    1    1    1    1    1    1    1    1    1    1    1    1    1    1    1    1    1    1    1    1    1    1    1    1    1    1    1    1    1    1    1    1    1    1    1    1    1    1    1    1    1    1    1    1    0    1    1    1    0    1    1    1    1    1    1    1    1    1    1    1    0    1    1    1    0    1    1    1    1    1    1    1    1    1    1    1    1    1    1    1    1    1    1    1    1    1    1    1    1    0    1    0    1    1    1    1    1    1    0    0    0    1    1    1    0    0    1    0    0    0    0    0    1    1    0    1    0    0    0    0    0    0    1    0    1    1    0    1    0    0    0    1    0    1    0    0    0    0    0    0    0    0    0    0    0    0    0    0    0    0    1    0    0    1    0    0    1    0    0    1    0    1    0    0    1    0    0    0    0    0    0    0    0    0    0    1    0    1    0    0    0    0    0    0    0    0    1    1    0    0    0    0    1    0    1    1    1    1    
50    0.425779    0.799605    0    0    1    0    1    1    1    1    1    1    1    1    0    1    1    1    1    1    1    1    1    1    1    1    1    1    1    1    0    1    1    1    0    1    1    1    1    1    1    1    0    1    0    1    1    1    1    0    1    0    1    0    0    1    1    1    0    1    1    1    1    1    1    1    0    0    1    1    1    0    0    1    0    0    1    1    1    1    1    1    1    1    1    1    1    0    1    1    1    1    1    0    1    1    0    1    1    1    1    0    0    0    0    0    0    0    0    0    1    1    1    0    1    0    1    1    0    0    1    0    0    0    1    0    0    0    0    0    1    0    1    1    0    0    1    1    0    0    0    0    0    1    0    1    1    1    0    0    0    1    0    0    0    0    0    1    0    0    0    0    0    1    0    0    0    0    0    0    1    0    1    0    1    0    1    0    0    0    0    0    0    0    0    0    1    1    1    0    0    1    0    0    0    0    0    1    1    0    1    0    
50    0.839182    0.287123    1    1    1    1    1    0    1    1    1    1    1    0    1    1    1    1    1    1    1    1    1    1    1    1    1    1    1    1    1    1    0    1    1    1    1    0    0    1    1    1    1    1    1    1    1    1    1    1    1    1    1    1    1    1    1    1    1    1    1    1    1    1    1    1    1    0    1    0    1    1    1    1    1    1    1    1    1    0    1    1    1    1    1    1    1    1    1    1    1    1    1    1    1    1    0    1    1    1    0    0    1    1    1    1    0    0    0    0    1    1    1    1    0    0    0    1    1    1    1    0    0    0    0    1    0    0    0    1    1    0    0    0    1    0    0    0    0    0    0    0    0    0    0    0    0    0    0    1    1    0    0    0    0    0    1    0    0    0    0    0    1    0    1    0    0    1    1    0    0    1    1    0    1    1    0    0    1    1    1    0    1    0    0    1    0    0    1    0    0    1    0    1    0    0    0    1    1    0    1    0    
50    0.788053    0.0691222    1    1    1    1    1    1    1    1    1    1    1    1    1    1    1    0    0    1    1    1    1    1    1    1    1    0    1    0    1    1    0    1    0    1    0    1    1    1    1    1    1    1    1    1    0    0    1    1    1    1    1    1    1    1    1    1    1    1    1    1    1    1    1    0    1    1    0    1    1    1    1    1    1    1    1    1    1    0    1    1    1    0    1    1    1    1    1    1    0    1    1    1    1    1    1    1    1    1    1    1    0    0    0    1    0    0    0    0    1    0    0    0    0    1    0    0    1    0    0    0    0    1    0    0    0    0    0    0    1    0    0    0    0    1    0    1    0    1    1    0    1    1    0    0    0    0    0    0    1    0    0    0    1    0    0    0    0    0    0    0    0    0    0    0    0    0    0    0    0    0    0    1    0    0    1    0    0    1    1    0    0    0    0    1    0    0    0    0    0    0    0    0    1    0    1    0    0    0    0    0    
50    0.370543    0.145679    1    1    1    0    1    1    1    0    1    1    0    1    1    1    1    1    1    1    1    0    1    0    1    1    0    1    1    1    1    1    1    0    1    1    1    1    1    1    1    1    0    1    1    1    1    0    1    1    1    1    0    1    1    1    0    1    1    0    0    1    1    1    1    0    1    0    1    0    1    1    0    0    1    1    1    1    0    1    1    1    1    1    1    1    1    1    0    0    1    0    1    1    0    1    1    1    1    0    1    1    0    0    0    0    0    1    0    1    0    0    0    0    0    0    0    0    0    0    0    0    1    0    0    0    0    0    0    1    0    0    0    0    0    0    0    0    1    0    0    0    1    1    1    0    0    1    1    1    1    1    1    0    0    0    0    0    0    1    0    0    0    1    0    0    0    0    0    0    1    1    1    0    0    0    0    0    0    0    1    0    0    0    1    0    1    0    0    0    0    0    0    0    1    0    0    0    0    0    1    0    
50    0.373354    0.703079    1    1    1    1    1    1    1    1    1    0    1    1    0    1    0    1    1    1    1    1    1    1    1    1    0    1    1    1    1    1    1    1    1    1    1    1    1    1    1    1    1    1    0    1    1    1    1    1    1    1    1    1    1    1    1    1    0    1    1    1    1    1    1    1    1    0    1    0    0    0    1    1    1    1    1    1    1    1    1    1    1    1    1    1    1    0    1    1    1    1    1    1    0    1    1    1    1    1    1    1    1    1    0    0    1    1    0    1    1    0    1    1    0    1    0    0    0    0    0    0    1    0    0    1    0    1    0    0    0    1    0    0    1    1    0    0    0    0    0    1    1    1    0    0    0    0    0    0    1    0    0    0    0    0    0    0    1    1    1    0    1    0    0    1    0    1    0    1    1    0    1    0    1    0    0    0    0    0    1    0    0    0    0    0    0    1    0    1    0    0    0    0    1    0    1    0    0    1    0    0    
50    0.936455    0.698929    1    1    1    1    1    1    1    1    1    1    1    1    1    1    1    1    1    1    1    1    1    1    1    1    1    1    1    0    1    1    1    1    0    1    1    1    1    1    1    1    1    1    1    1    1    1    1    0    1    1    1    1    1    1    1    1    1    1    1    1    1    1    1    1    1    1    1    1    1    1    1    1    1    1    1    1    1    1    1    1    0    0    1    1    1    0    1    1    1    0    1    1    1    1    1    1    1    1    0    1    0    0    1    1    0    0    0    0    0    0    1    0    0    0    1    0    0    0    1    0    0    0    0    1    0    0    1    0    1    0    0    0    0    0    0    1    0    0    0    0    0    1    0    0    0    1    1    0    1    0    0    1    0    0    1    0    1    1    0    0    0    1    0    0    1    0    0    1    0    0    0    0    0    1    1    1    1    1    0    0    1    1    0    0    1    0    0    0    1    0    0    1    0    1    0    0    0    0    1    0    
50    0.873105    0.739906    0    0    1    0    1    1    1    1    1    0    1    0    1    1    1    0    1    0    1    1    1    0    1    1    0    1    1    1    1    1    1    1    1    1    0    1    0    1    1    1    1    1    1    1    0    1    1    1    0    1    1    1    0    1    1    1    1    1    1    1    1    1    1    1    1    1    0    1    0    1    1    1    1    1    1    1    1    0    1    1    1    1    1    0    0    1    1    1    1    1    0    1    1    1    0    1    0    1    1    1    1    0    0    1    0    0    0    0    0    0    1    0    0    0    1    0    1    0    0    0    0    1    0    1    0    1    0    0    0    0    0    0    1    0    0    0    0    0    0    1    0    1    0    1    0    0    0    0    1    1    0    0    0    0    0    0    0    0    1    1    0    0    1    0    0    0    0    0    0    1    1    1    1    0    0    0    0    0    0    0    0    1    0    0    0    0    1    0    1    0    0    0    0    1    0    0    1    0    0    0    
50    0.356387    0.196987    1    0    0    0    1    0    1    1    1    0    1    1    1    1    1    1    1    1    1    1    1    1    1    1    1    0    1    1    0    0    1    1    1    0    1    1    1    1    1    1    1    0    1    1    1    1    0    1    1    0    0    1    1    1    1    1    1    1    0    1    0    1    1    1    1    1    1    1    1    1    0    1    1    1    1    1    1    0    1    0    1    0    1    1    1    1    1    0    1    1    0    1    1    1    1    1    1    1    1    1    0    0    0    0    1    0    0    0    0    1    1    1    0    0    1    0    0    0    0    0    0    0    1    0    0    0    0    0    0    0    0    0    0    1    0    0    1    0    1    0    0    0    0    0    0    0    0    0    1    1    0    0    0    0    1    1    1    1    0    0    0    0    0    1    0    0    1    0    1    1    1    0    0    1    0    0    0    0    0    0    0    0    0    0    1    0    0    1    0    0    0    0    1    0    0    1    0    0    0    1    
50    0.28109    0.892691    1    1    0    1    0    1    1    1    1    1    1    1    0    1    1    1    1    1    0    1    0    1    1    0    1    1    0    1    0    1    1    1    1    1    0    0    1    1    1    1    0    1    1    1    1    1    1    1    1    1    1    0    1    1    0    1    0    1    1    1    1    1    1    1    1    1    1    1    1    1    1    0    1    1    1    1    0    1    1    0    0    1    1    1    1    1    0    0    1    1    1    1    1    1    1    0    1    1    1    0    0    0    1    0    0    0    1    0    1    0    0    0    1    0    0    0    1    0    0    0    0    1    1    0    1    0    0    0    0    0    0    0    0    0    0    0    0    0    0    0    0    0    1    1    0    0    0    0    0    0    1    0    1    1    0    1    0    1    0    0    1    1    0    1    1    0    0    0    0    1    0    0    0    1    1    0    1    0    0    0    0    1    0    0    0    0    0    0    1    0    0    0    0    1    0    0    1    0    0    0    
50    0.85907    0.490281    1    0    1    1    1    1    0    1    1    0    1    1    0    1    1    1    1    1    1    1    1    0    1    0    1    1    1    1    1    0    1    0    1    1    1    1    1    0    1    1    1    1    1    1    1    0    1    1    1    1    1    1    1    0    1    1    1    0    0    1    1    1    1    1    1    1    1    1    1    1    1    1    0    1    1    1    1    1    1    1    1    1    1    0    1    1    0    1    1    1    0    1    1    1    1    0    1    0    1    0    1    0    1    0    0    0    0    0    0    0    0    0    1    0    0    1    0    1    0    0    0    1    0    0    1    0    0    0    0    1    0    0    0    0    0    0    1    0    0    1    1    1    0    0    0    0    0    0    0    0    0    0    0    1    1    0    0    0    0    0    0    0    0    0    0    0    0    0    0    1    0    0    0    1    0    0    1    0    0    0    1    0    1    0    0    0    1    1    0    1    0    0    0    0    0    1    1    0    1    1    
50    0.242366    0.0438489    1    1    1    1    1    0    1    1    0    1    1    0    1    1    1    1    1    1    1    0    1    1    0    1    1    1    1    1    1    1    1    1    1    1    1    1    0    1    1    1    1    1    1    0    1    0    0    0    1    0    0    0    1    1    0    1    0    1    1    1    1    1    1    1    0    1    1    1    1    1    1    1    1    1    1    1    1    1    1    1    1    1    1    0    1    0    1    1    1    0    1    1    1    1    1    1    1    1    1    1    1    1    0    0    0    1    0    0    0    1    0    0    0    0    1    0    0    0    1    0    0    0    0    1    1    0    0    1    0    0    0    0    0    0    0    0    0    0    1    1    0    1    1    0    0    1    0    1    1    0    0    0    0    0    0    0    1    0    0    0    0    0    0    1    0    0    1    0    1    1    0    0    0    0    0    0    0    1    0    1    0    1    0    1    0    0    0    0    1    0    0    0    0    0    0    0    0    0    1    0    
50    0.617285    0.893715    0    1    1    1    1    1    1    0    1    1    0    1    1    1    1    1    1    1    1    1    1    1    1    1    1    1    1    0    1    1    1    1    1    1    1    1    1    1    1    0    1    0    1    1    1    1    1    1    1    1    1    1    1    1    1    1    0    1    1    1    1    1    1    1    0    1    1    1    1    1    0    0    1    1    0    1    1    0    1    1    1    1    0    1    0    1    1    0    0    1    0    0    1    1    1    1    1    1    1    1    0    0    1    0    0    0    0    0    0    0    0    1    0    1    0    0    0    0    1    1    0    0    1    0    0    0    0    0    0    0    0    0    0    1    0    0    0    1    0    0    0    0    0    1    0    1    0    0    1    0    1    0    0    0    0    0    1    0    0    1    1    0    0    0    0    1    0    0    0    1    0    0    0    0    0    0    0    0    0    0    0    0    0    0    1    0    0    0    1    0    0    0    0    1    0    0    0    1    0    0    
50    0.906223    0.281741    1    1    1    1    0    1    1    0    1    1    1    1    1    1    1    1    1    1    1    1    1    1    0    1    1    1    1    1    0    0    1    1    1    1    1    1    0    1    1    1    1    1    1    1    1    1    1    0    1    1    1    1    0    1    1    1    1    1    1    1    1    0    1    1    1    0    1    1    1    1    0    1    1    1    0    1    1    1    0    0    1    1    1    1    1    0    1    1    1    1    1    1    0    1    1    1    1    1    1    1    1    0    0    0    0    0    0    1    0    0    0    0    0    0    1    0    0    0    0    0    0    0    0    1    1    0    0    0    0    0    0    0    0    0    1    0    0    0    1    1    0    1    0    0    0    0    0    0    0    0    1    0    0    0    0    1    1    0    0    1    1    0    1    0    1    1    0    0    0    0    1    0    0    0    0    0    0    0    0    0    0    1    1    0    0    0    0    1    0    0    0    0    1    1    0    1    0    0    0    0    
50    0.968849    0.314691    1    1    1    1    1    1    1    1    1    1    0    1    1    1    1    1    1    1    1    1    1    0    0    1    1    1    1    1    0    1    1    1    1    1    1    1    1    1    1    0    0    1    1    1    0    0    0    1    1    0    1    1    0    1    0    1    1    1    1    1    1    1    0    1    0    0    1    1    1    1    1    1    1    0    1    1    1    1    1    0    1    1    1    1    1    1    1    1    0    1    0    1    1    1    1    0    1    1    1    1    0    0    0    0    0    1    0    0    1    0    0    0    0    0    0    0    0    0    0    0    0    1    0    0    0    0    1    0    0    0    1    0    1    1    0    0    0    0    0    0    1    0    0    1    0    0    0    0    0    1    0    0    0    0    1    0    0    0    1    0    1    0    0    1    0    0    1    0    0    1    0    0    0    0    0    0    0    0    0    0    0    1    1    1    0    1    0    0    1    0    0    1    0    1    1    0    0    1    0    1    
50    0.0219914    0.539059    1    1    1    1    1    1    1    1    1    1    1    1    1    1    0    1    1    1    0    1    1    1    0    1    0    1    0    1    1    1    1    1    0    1    1    1    0    1    1    0    1    1    1    1    1    1    1    1    1    1    1    1    1    0    1    1    1    1    1    1    1    1    1    1    1    1    1    1    1    1    1    1    0    1    1    0    1    1    1    1    1    1    1    1    1    1    1    1    1    1    1    0    1    1    1    1    1    1    1    1    0    0    0    0    1    0    0    1    0    0    0    0    1    0    0    1    0    0    1    1    0    0    1    1    0    0    0    0    0    0    0    1    1    0    0    0    1    0    1    0    0    1    1    0    1    1    0    1    1    0    0    0    1    0    0    0    0    0    0    0    0    1    1    0    0    1    0    1    0    1    0    1    0    0    0    0    0    0    0    0    0    0    1    0    0    0    0    1    1    1    0    0    1    0    0    0    0    0    1    0    
50    0.712881    0.871098    1    1    1    1    1    1    1    1    1    1    1    1    1    1    1    1    0    1    1    1    1    1    0    1    1    0    1    1    1    1    1    1    1    0    1    0    1    0    1    1    1    0    1    0    1    1    1    1    1    0    0    1    1    1    1    1    0    1    1    0    1    1    1    1    0    1    1    1    1    1    0    1    1    0    0    1    1    1    1    1    1    0    1    1    1    1    1    1    1    1    1    1    1    1    1    1    1    1    1    0    0    0    0    0    0    0    0    0    1    0    0    1    0    0    0    1    1    0    1    1    0    0    0    0    0    0    0    1    0    0    0    0    1    1    0    0    1    0    0    1    0    0    0    0    0    0    1    1    0    1    0    0    0    0    0    0    1    0    0    0    1    0    0    0    0    0    0    1    0    1    1    0    0    0    0    0    0    1    0    0    1    1    0    0    0    1    0    0    1    0    1    0    0    0    0    1    0    0    0    1    
50    0.39858    0.375848    1    1    0    1    0    0    1    1    1    1    1    1    1    0    1    1    0    1    1    1    1    1    0    1    1    1    0    1    0    1    1    1    1    1    1    1    1    1    1    0    0    1    1    1    1    1    1    1    1    1    1    1    0    1    1    1    0    1    0    0    1    1    1    1    1    1    0    1    0    1    1    1    1    1    1    1    1    1    1    1    1    1    1    1    0    0    1    1    0    1    0    1    1    1    1    1    1    1    1    1    0    0    0    1    0    1    1    1    0    0    1    1    0    0    1    0    1    0    0    0    1    0    0    0    0    0    0    0    0    0    0    0    0    1    0    0    0    0    1    0    1    1    0    1    1    0    0    0    1    0    0    0    0    0    1    1    1    0    0    0    0    0    0    0    0    0    0    0    0    0    1    0    0    1    0    1    1    0    0    0    0    0    0    1    0    0    1    0    0    0    0    0    1    0    0    1    1    0    1    1    
50    0.92071    0.942949    1    1    1    1    1    1    1    1    1    1    1    1    1    1    1    1    1    1    1    0    1    1    1    1    0    1    0    1    1    1    1    1    1    1    1    1    1    1    1    1    1    1    1    1    1    1    0    1    1    1    1    1    1    1    0    1    1    1    1    1    1    1    1    1    1    1    1    1    1    1    1    1    1    1    1    1    1    1    1    1    1    1    1    1    1    1    1    1    1    1    1    1    1    1    1    1    0    1    1    1    0    0    0    1    0    1    0    0    0    1    1    0    0    0    0    1    0    0    0    0    1    1    1    0    0    0    0    0    0    0    0    1    0    0    0    1    1    0    0    0    0    0    1    1    0    0    0    1    0    0    0    1    0    1    1    0    1    0    0    0    0    1    0    0    1    0    0    0    1    0    0    1    0    0    0    0    0    1    0    1    0    0    1    0    0    0    0    1    0    0    1    1    0    0    0    0    0    0    0    0    
50    0.927836    0.832837    1    1    1    1    1    1    1    1    1    1    0    1    1    1    0    1    1    1    0    1    1    1    1    1    1    1    1    1    1    1    1    1    1    1    1    1    1    1    1    1    1    1    1    1    1    1    1    1    1    1    1    1    1    1    1    1    1    1    1    1    1    1    1    1    1    1    1    1    1    0    1    1    1    1    1    1    1    1    1    1    1    1    1    1    1    0    1    1    1    1    1    1    1    1    1    0    1    1    1    1    0    0    0    0    0    0    0    1    0    0    1    0    1    0    1    0    0    0    1    0    0    1    1    1    0    0    0    1    0    0    1    1    0    0    1    0    0    1    1    0    0    0    0    0    0    1    0    0    0    1    0    1    0    0    1    1    1    1    0    1    0    0    0    0    0    0    1    0    1    0    0    0    0    0    0    0    0    0    0    1    0    1    0    0    0    1    0    1    1    0    1    0    0    0    0    0    0    0    0    0    
50    0.677188    0.144231    1    1    1    1    1    1    1    1    1    1    1    1    1    1    0    0    1    1    1    1    1    1    1    1    1    1    1    1    1    1    1    1    0    1    1    1    0    1    1    0    1    1    1    1    1    1    1    1    1    1    1    1    1    1    1    1    0    0    1    1    1    1    1    1    1    0    1    1    1    1    1    1    1    1    1    1    1    1    0    1    1    1    0    1    0    1    1    1    1    0    1    1    1    1    1    1    1    1    1    1    0    0    0    1    1    0    0    0    0    0    1    1    0    1    0    0    0    0    0    1    0    0    0    0    0    0    0    0    0    1    0    0    1    0    1    0    0    0    0    1    0    0    1    0    1    1    1    0    1    1    0    0    0    0    1    0    1    0    0    1    0    0    1    0    0    1    0    1    0    0    1    1    0    1    0    0    1    0    0    0    0    1    0    0    0    0    0    0    0    0    0    1    0    0    1    0    0    0    1    0    
50    0.313532    0.741937    1    1    1    1    1    1    1    1    1    1    0    1    1    1    1    1    1    1    1    1    1    1    1    1    0    1    1    1    1    1    1    1    1    1    1    1    1    1    1    1    1    1    1    1    1    1    1    0    1    1    1    1    1    1    1    1    1    1    1    1    1    1    1    1    1    1    1    1    1    1    1    0    1    0    1    1    1    1    1    1    1    1    1    1    1    0    1    0    1    1    1    0    0    1    1    1    1    0    1    1    0    1    1    1    0    0    0    1    0    0    1    0    0    1    1    0    0    1    0    0    0    1    0    0    1    0    1    0    0    0    0    0    0    0    1    0    0    1    0    0    0    1    0    1    0    0    1    1    0    0    0    0    1    1    0    1    1    1    0    1    0    1    0    0    0    1    0    0    0    0    0    0    0    0    0    0    0    1    0    0    1    0    0    0    0    0    0    1    0    0    0    0    0    0    0    0    0    0    0    1    
50    0.859514    0.657415    1    1    1    1    1    0    1    1    1    1    1    1    1    1    1    1    1    1    1    0    1    1    1    1    0    1    1    1    0    0    1    1    1    0    1    0    1    1    1    1    1    1    1    0    1    0    1    0    1    1    1    1    1    1    1    1    1    0    1    1    1    0    1    1    1    1    1    1    1    1    0    1    1    1    1    1    1    1    1    0    1    1    1    1    1    1    1    1    1    0    0    1    1    1    1    1    1    1    0    0    1    0    0    0    0    0    0    0    1    0    0    0    0    1    0    1    1    0    1    0    1    0    0    0    0    1    0    1    1    1    0    0    1    1    1    1    0    1    0    0    1    0    1    0    1    0    0    1    0    0    1    0    0    0    0    1    1    1    0    0    0    1    0    0    0    1    0    1    0    1    0    0    0    1    1    0    0    0    0    0    0    0    0    0    1    0    0    0    0    1    0    0    0    0    1    1    0    0    0    0    
50    0.127218    0.474637    1    1    1    1    0    1    1    1    1    1    1    1    1    1    1    0    1    1    1    0    1    1    1    1    1    1    1    1    1    1    1    1    1    0    1    1    1    1    1    1    1    1    1    1    1    1    0    1    1    1    1    1    1    1    1    1    0    1    1    1    1    1    1    1    1    0    1    1    1    1    0    0    1    1    0    1    0    1    1    1    1    1    0    0    1    0    1    1    1    1    1    1    1    1    1    1    1    1    1    1    0    0    0    0    1    1    0    0    0    0    0    0    0    0    0    1    0    0    0    0    1    0    1    0    0    0    1    0    0    0    0    0    0    0    0    0    0    0    0    0    0    0    1    0    0    1    0    0    0    0    1    0    0    0    0    0    0    0    1    0    1    0    0    0    0    1    1    0    1    0    1    0    0    0    1    0    1    0    0    0    1    0    1    0    1    1    1    0    0    0    0    0    0    0    0    0    0    0    0    1    
50    0.912689    0.754882    0    1    1    1    1    1    1    1    1    1    0    0    1    1    1    1    1    1    1    1    1    1    1    1    1    1    1    1    1    1    1    1    1    1    1    1    1    0    1    1    0    0    1    1    1    1    1    1    1    1    1    1    1    1    1    1    0    1    1    1    1    1    1    1    1    0    0    0    1    1    1    0    1    1    1    1    1    1    1    1    1    1    1    1    0    1    1    1    1    1    1    1    1    1    1    1    0    1    1    1    0    0    0    0    0    0    0    0    1    0    1    0    0    0    0    0    1    0    0    0    1    1    0    0    0    1    0    1    0    0    1    0    0    0    0    1    1    0    0    0    0    1    1    1    1    0    0    0    0    0    0    0    0    1    0    0    0    0    1    1    1    0    1    0    1    1    0    0    0    0    0    1    0    0    1    0    0    1    0    0    0    0    0    1    0    0    1    1    0    1    0    0    0    0    1    0    0    0    0    0    
50    0.995337    0.824593    1    1    1    1    1    1    1    0    1    1    1    1    1    1    1    1    1    1    1    1    1    1    1    1    1    1    1    1    1    1    1    1    1    1    1    1    1    1    1    1    1    0    1    1    1    0    1    1    0    0    1    1    1    1    1    1    1    1    1    1    1    1    1    1    1    1    1    1    1    1    1    1    1    1    1    1    1    1    1    1    0    1    1    1    1    1    1    1    1    1    1    1    1    1    1    1    0    1    1    1    0    0    1    1    0    0    0    0    1    0    0    0    0    0    0    1    0    0    1    0    0    0    0    0    0    0    0    0    0    1    1    0    0    0    0    0    0    1    1    0    1    0    0    0    0    0    0    0    0    1    0    1    0    0    0    0    0    0    0    0    0    0    0    0    0    0    0    0    1    0    0    0    0    0    1    0    1    0    0    1    0    0    0    1    0    0    0    0    0    0    1    0    0    0    0    0    1    1    0    0    
50    0.0752522    0.389073    1    0    0    1    0    1    1    1    1    1    1    1    1    1    1    1    0    1    0    1    1    1    1    0    1    1    1    1    1    1    1    1    1    1    1    1    1    1    1    1    1    1    1    1    1    1    1    1    1    1    1    1    1    1    1    1    1    1    0    0    1    1    1    1    0    1    1    1    1    1    1    1    1    1    0    0    1    0    1    1    1    1    1    1    1    0    0    1    0    1    1    1    1    1    1    1    1    1    1    1    0    0    0    0    0    1    0    0    1    0    0    0    0    0    0    0    1    0    0    0    0    1    0    0    0    0    0    0    0    0    0    0    0    1    0    0    0    1    0    0    0    0    0    0    0    0    1    0    1    0    0    0    0    1    0    0    1    0    0    1    0    0    0    0    0    0    0    0    0    1    0    1    0    0    0    0    1    0    0    0    1    1    1    0    0    0    0    0    0    0    0    0    0    0    1    0    0    0    0    1    
50    0.513341    0.254408    0    1    1    1    1    1    1    1    1    1    1    1    1    0    1    1    1    1    0    1    1    1    1    1    1    1    0    1    0    1    1    1    1    1    1    0    1    1    0    1    1    0    1    1    1    1    1    1    0    1    1    1    1    1    1    1    1    1    1    1    1    1    1    1    1    1    1    1    1    1    1    1    1    1    1    1    1    1    1    1    0    1    1    1    1    0    1    1    0    1    1    1    1    1    1    1    1    1    0    1    0    0    0    0    1    0    0    0    1    1    0    1    0    1    1    0    0    0    0    0    0    1    1    1    0    0    0    1    0    1    0    0    0    1    0    0    0    1    1    0    0    0    0    0    1    0    0    1    0    0    1    0    0    1    0    1    1    1    0    0    0    1    0    0    0    0    0    0    0    0    0    0    0    1    0    0    0    1    0    0    0    1    1    0    1    1    0    0    0    0    0    0    0    0    0    0    0    1    0    0    
50    0.282266    0.883569    1    1    1    1    1    1    1    1    1    1    1    0    0    1    1    1    0    1    1    0    1    1    1    1    1    1    1    1    1    1    0    1    1    1    1    1    1    1    1    1    1    1    1    0    1    1    1    1    0    1    1    0    1    1    1    1    0    1    1    1    1    1    1    1    1    1    0    1    1    1    1    0    0    0    1    1    1    1    1    1    1    1    0    1    1    1    1    1    1    1    0    1    1    1    1    1    1    1    1    1    1    0    0    0    1    1    1    0    0    0    0    0    0    0    0    0    1    1    0    0    1    0    1    0    0    0    1    0    1    0    0    0    1    0    0    1    0    0    0    0    1    0    0    0    1    0    1    0    0    1    0    0    0    0    0    0    1    0    1    1    1    0    0    0    0    0    0    1    0    0    1    1    0    0    1    0    0    0    0    0    0    0    0    0    0    1    0    0    1    1    1    0    1    0    0    0    0    0    0    1    
50    0.199245    0.623025    1    1    1    1    0    0    1    1    1    1    0    1    1    1    1    1    1    0    1    1    1    1    0    1    1    1    1    1    1    1    0    1    1    1    1    1    1    1    0    1    0    1    1    1    1    1    1    1    1    1    1    1    1    1    1    1    1    0    0    1    1    1    1    1    1    1    1    0    1    1    1    1    1    1    1    0    1    1    1    1    1    1    1    1    1    1    1    1    1    0    1    1    1    1    1    1    1    1    1    1    1    0    1    1    0    0    0    1    0    0    0    0    1    1    0    0    1    1    0    1    1    0    0    0    1    1    0    0    0    0    1    1    1    0    0    1    1    0    1    1    0    0    0    0    0    0    0    0    0    0    0    1    0    0    0    0    0    0    0    1    0    1    1    0    0    0    0    0    1    1    0    1    0    1    0    0    0    0    0    0    0    0    0    0    0    0    0    0    0    0    0    0    0    1    0    0    1    1    0    0    
50    0.831891    0.221516    1    0    1    1    1    1    1    1    1    1    1    1    0    1    1    0    1    1    1    1    1    1    1    1    1    1    1    1    1    0    1    0    1    1    1    0    1    1    1    1    1    1    1    1    1    1    1    1    0    1    1    1    1    1    1    1    1    1    1    1    1    1    1    1    1    1    1    1    1    0    1    1    1    1    1    1    1    1    1    1    1    1    1    1    1    1    1    1    1    1    1    1    1    1    1    0    0    1    0    1    0    0    1    0    0    0    0    0    0    0    0    0    0    0    0    0    0    0    0    0    1    0    1    0    0    0    0    0    0    0    0    1    0    0    0    0    1    0    1    0    0    0    1    0    1    0    0    0    1    0    1    0    0    0    1    1    0    0    0    0    1    0    0    0    0    1    1    1    0    0    0    1    0    1    0    1    0    0    0    0    1    0    1    0    0    1    0    1    0    1    0    0    0    1    1    0    0    0    1    0    
50    0.383088    0.274563    1    0    1    1    0    1    0    0    1    1    1    1    1    1    1    0    1    1    1    1    1    1    1    1    0    1    1    1    1    1    1    1    1    1    1    1    1    1    1    1    1    1    1    1    1    1    1    1    1    1    0    1    1    1    1    1    1    0    1    0    0    1    1    1    1    1    1    1    1    1    1    1    0    1    1    0    1    1    1    0    1    1    1    1    0    1    1    1    1    1    1    1    1    1    1    1    1    1    1    0    0    1    0    0    0    0    0    0    0    1    0    0    0    0    0    0    1    0    0    0    0    1    1    1    1    0    0    1    0    0    0    0    0    0    0    0    1    0    0    0    1    1    0    0    0    0    1    0    0    0    0    0    1    0    1    1    0    0    0    0    0    1    0    0    0    0    0    0    0    0    0    0    0    0    0    0    0    0    0    0    0    1    1    1    0    0    0    1    0    0    0    0    1    0    0    0    1    0    0    0    
50    0.238738    0.565007    0    0    1    1    1    1    1    1    1    1    1    1    1    1    1    1    1    0    1    1    1    1    1    1    1    1    1    1    1    1    0    1    1    1    1    1    1    1    1    1    1    1    1    1    1    1    1    0    1    1    1    1    1    1    1    1    1    1    1    0    1    1    1    1    1    1    1    1    1    1    1    1    1    1    1    1    1    1    1    1    0    1    1    1    1    0    1    0    1    0    1    1    1    1    1    1    1    1    1    1    1    0    0    0    0    1    1    0    0    0    1    0    1    0    1    1    0    0    0    1    1    1    0    0    1    1    0    0    0    0    1    0    0    0    1    0    0    1    0    1    0    0    0    0    0    0    0    0    0    0    0    1    1    0    0    0    0    0    1    1    0    0    0    1    1    1    1    0    0    0    0    0    0    0    0    0    1    0    0    0    0    1    0    0    1    0    0    0    1    0    0    0    0    1    1    0    0    0    1    0    
50    0.343049    0.663312    1    1    1    1    1    0    1    1    1    1    1    0    1    1    0    1    1    1    0    1    0    1    1    1    1    1    1    1    1    1    1    1    0    1    1    1    1    1    1    1    1    1    1    0    1    1    1    1    1    1    1    1    1    1    1    1    1    1    1    1    1    1    1    1    1    1    1    0    1    1    1    1    1    1    1    0    0    1    1    1    0    1    1    1    0    1    1    1    1    1    1    1    1    1    1    1    1    1    1    1    0    0    0    1    0    0    0    0    1    1    1    0    1    0    0    1    0    0    1    0    1    1    1    0    1    1    0    0    0    1    0    1    0    1    1    0    1    0    1    0    0    0    0    0    0    1    0    0    1    0    0    1    0    1    0    0    0    1    0    0    0    0    1    0    0    0    0    0    0    0    0    1    1    1    0    0    0    0    0    0    0    0    0    0    0    0    1    0    0    1    1    0    0    0    0    0    1    0    0    0    
50    0.660545    0.668714    1    1    1    1    1    1    1    0    1    1    1    0    1    1    1    1    1    1    1    1    1    1    1    1    1    1    0    1    1    1    1    0    1    1    1    0    1    1    1    1    1    0    1    1    1    1    1    1    1    1    1    1    1    1    0    1    1    1    1    1    0    1    1    0    0    1    1    0    1    1    1    1    1    1    1    1    0    0    1    0    1    1    1    1    1    1    1    1    0    0    1    1    1    1    1    1    1    1    1    0    1    0    0    0    0    0    0    0    1    0    1    0    0    0    1    0    0    0    1    0    0    0    0    0    0    0    0    0    0    0    1    1    0    0    0    0    0    0    0    1    0    0    0    0    0    1    0    1    0    0    0    0    0    1    1    0    1    0    0    1    0    1    0    1    0    0    0    0    0    0    1    0    1    1    0    0    1    0    1    0    0    0    0    0    0    0    1    0    0    0    0    0    0    0    0    0    0    0    1    0    
50    0.620211    0.138255    1    1    1    1    0    1    1    1    1    1    1    0    0    0    1    1    1    1    0    1    1    1    1    1    1    1    1    1    1    1    1    1    1    1    1    1    1    1    1    1    1    1    1    1    1    1    1    0    1    1    1    1    1    1    1    1    1    1    1    1    1    0    1    1    1    0    1    1    1    0    1    1    1    1    1    1    1    1    1    1    1    1    1    1    1    1    1    1    1    1    1    1    1    1    1    1    1    0    1    1    0    0    0    0    0    0    0    0    1    0    1    1    0    0    0    0    0    0    0    0    0    1    0    0    0    0    0    0    0    1    0    0    0    0    0    0    0    0    0    0    0    1    0    0    0    0    0    0    0    1    0    0    0    1    0    0    0    0    1    0    0    0    1    1    1    1    0    1    0    0    0    0    1    1    1    0    0    0    0    0    0    0    1    1    0    1    0    0    0    0    0    1    1    0    0    0    0    0    1    0    
50    0.219479    0.967543    0    1    1    1    1    1    1    1    1    0    1    0    1    1    1    1    1    0    1    1    1    0    1    0    0    1    0    1    1    1    1    1    1    1    0    1    1    1    1    1    1    1    1    1    1    1    0    1    1    1    0    1    1    0    1    1    0    0    1    0    1    1    1    1    1    1    1    1    1    1    1    1    1    1    0    1    1    1    1    1    1    1    1    1    1    1    1    1    0    1    1    1    1    1    0    1    1    1    0    1    0    0    0    0    0    0    0    0    0    0    0    1    1    0    0    0    1    0    0    0    0    1    0    0    0    0    0    0    0    1    0    0    0    0    0    1    0    0    1    1    0    1    0    1    0    0    0    0    1    0    0    1    0    0    1    0    0    1    0    1    0    1    0    0    0    0    0    0    0    0    0    1    0    0    0    0    0    0    0    1    1    1    0    0    0    0    1    1    0    0    0    0    0    1    1    0    1    0    0    0    
50    0.73286    0.572967    1    1    0    1    1    1    1    1    1    1    1    1    1    1    1    0    1    1    1    1    0    1    1    1    0    1    1    1    1    1    1    1    1    0    1    0    0    1    0    1    1    1    1    1    1    1    1    1    1    1    0    1    1    1    1    0    1    1    1    1    1    1    1    1    1    1    1    0    1    0    1    1    1    1    1    0    1    1    1    1    1    1    1    1    1    1    1    1    1    1    1    1    0    1    1    1    1    1    1    0    1    0    0    0    0    0    0    1    0    0    0    0    0    0    0    0    0    0    0    1    1    0    0    0    1    1    1    0    1    0    0    1    0    0    1    0    0    0    0    0    0    1    1    1    0    0    0    1    1    0    0    0    0    1    0    1    0    0    1    0    0    0    0    0    0    0    1    1    0    0    0    0    0    0    0    0    0    0    0    0    0    1    0    0    0    0    0    0    0    0    0    0    1    1    0    0    0    0    0    1    
50    0.644416    0.0437059    1    1    1    1    1    1    1    1    0    1    1    1    1    1    0    1    1    1    1    1    1    1    1    1    1    0    0    1    1    1    1    0    1    1    0    1    1    0    1    1    1    1    1    1    1    1    1    1    0    1    1    1    1    1    1    1    1    1    1    1    1    0    0    1    1    1    1    1    1    1    1    1    1    1    1    1    1    1    0    1    1    1    1    1    1    1    1    0    1    1    1    1    1    1    1    1    1    1    1    1    0    0    0    0    0    0    0    1    0    0    0    0    0    0    1    0    1    0    1    0    0    0    0    0    1    0    0    0    1    0    0    1    0    0    1    0    0    1    0    0    1    0    1    0    0    0    1    0    1    1    1    1    1    1    0    1    0    0    0    0    0    0    1    0    0    0    0    0    1    0    0    0    1    0    0    0    0    0    0    0    0    0    0    0    0    1    0    0    1    1    1    0    0    0    1    0    0    0    0    0    
50    0.701742    0.530703    1    1    1    1    1    1    1    1    1    1    1    0    1    1    1    1    0    1    1    1    1    1    1    1    1    1    1    1    1    1    1    1    1    0    1    0    1    1    0    1    1    1    0    1    1    1    1    1    1    1    1    0    1    1    1    1    1    1    1    0    1    1    1    1    1    0    1    1    1    0    1    1    1    1    1    1    1    1    1    0    1    1    0    1    1    0    1    1    0    1    1    1    0    1    1    0    1    1    0    0    1    0    1    0    0    0    0    1    1    1    0    0    0    1    0    0    1    1    0    0    0    0    0    0    1    0    0    0    0    0    0    0    0    0    0    0    0    1    0    1    0    0    1    1    0    1    0    1    1    0    0    0    0    1    0    1    0    0    1    1    0    0    0    1    0    1    0    1    1    1    0    0    0    1    0    0    1    1    0    0    0    0    0    0    0    0    0    0    0    0    1    0    0    0    1    0    1    0    0    1    
50    0.942697    0.75248    0    1    1    1    1    1    1    1    1    1    1    1    1    1    1    1    1    1    1    1    1    1    1    1    1    1    1    1    1    1    1    1    1    1    1    1    1    1    1    1    1    1    1    1    1    1    1    1    1    1    0    1    1    1    1    0    1    1    1    1    1    1    1    1    1    1    1    1    1    1    1    1    0    1    1    1    1    1    1    1    0    0    1    1    0    1    0    1    1    0    1    1    1    1    1    1    1    1    1    1    0    1    0    1    0    0    0    0    0    0    1    0    0    0    1    0    0    0    0    0    0    1    1    0    0    0    0    0    0    1    1    0    0    1    0    1    0    0    0    0    0    0    0    0    0    0    0    1    0    0    0    1    1    1    1    1    0    1    0    0    1    0    0    0    0    0    0    0    0    0    0    0    0    0    0    0    1    1    0    1    0    0    0    0    1    0    1    0    0    1    0    0    1    0    0    1    0    0    0    0    
50    0.584578    0.0769967    1    1    0    1    0    1    1    1    1    1    1    1    0    1    1    0    1    1    0    1    1    1    1    1    1    1    1    1    1    1    0    1    1    1    1    1    1    1    1    1    1    1    1    1    1    1    1    1    1    1    1    1    0    1    1    1    1    1    1    1    1    1    1    1    1    1    1    1    1    1    1    1    1    1    1    1    1    1    1    1    1    1    1    1    1    1    1    1    1    1    1    1    1    1    1    1    1    1    1    1    1    0    0    1    0    0    0    0    1    0    1    0    0    0    0    0    1    1    0    1    0    0    0    0    0    0    0    0    1    1    0    0    0    0    0    0    1    0    0    0    1    0    0    0    0    0    0    0    0    0    1    0    1    0    0    1    0    0    0    0    0    0    0    0    0    0    0    0    0    0    0    0    0    0    0    0    0    1    0    0    0    0    1    0    0    0    1    0    1    0    1    0    0    0    0    1    1    0    0    0    
50    0.674646    0.299261    1    1    1    0    1    1    1    1    1    0    1    1    1    1    1    0    1    1    0    1    1    1    1    1    1    1    1    1    1    1    1    1    1    1    1    0    1    1    1    1    1    1    1    1    1    1    1    1    1    1    1    1    1    1    1    1    1    1    0    0    1    1    1    1    1    0    1    0    1    1    1    1    1    1    1    1    1    1    1    1    1    1    1    1    1    1    1    1    1    1    1    1    1    1    0    1    1    1    1    1    0    0    1    1    0    1    0    1    0    0    0    0    1    0    1    0    1    0    1    0    0    1    0    0    1    0    0    0    0    1    0    1    0    0    1    1    0    0    0    0    1    1    1    1    0    0    1    0    0    0    0    1    0    0    0    1    0    0    0    1    0    0    0    0    0    0    0    0    0    0    0    0    0    1    0    1    0    0    0    1    1    1    0    1    0    0    0    0    1    1    0    1    1    1    0    0    1    0    0    1    
50    0.775564    0.987698    1    1    1    1    1    1    0    1    0    1    1    1    0    1    1    0    1    0    1    1    1    1    0    1    1    1    1    1    1    1    1    1    1    1    1    1    1    1    1    1    1    1    1    1    1    1    1    1    1    1    1    1    1    1    1    1    1    1    1    1    1    1    1    1    1    1    1    1    1    0    1    1    1    1    0    1    1    1    1    1    1    1    1    1    1    1    1    1    1    1    1    1    1    0    1    1    1    1    1    1    0    0    1    1    0    0    0    1    1    0    0    0    1    0    0    1    0    1    0    0    0    0    0    0    0    1    1    0    0    0    0    0    0    0    0    1    1    0    1    0    0    0    0    0    0    1    0    0    0    0    0    1    0    1    0    1    0    0    1    0    1    1    1    0    0    0    0    1    1    0    1    1    0    0    0    0    0    0    1    1    0    0    0    0    0    0    0    0    0    0    0    0    0    0    0    1    0    0    0    0    
50    0.152588    0.800866    1    1    0    0    1    1    1    1    1    1    1    1    1    1    1    1    1    1    0    1    1    0    1    1    1    1    1    1    1    1    1    1    0    1    0    1    1    1    0    1    1    1    1    1    1    1    1    0    1    1    1    1    1    0    1    1    1    1    1    0    1    1    1    1    1    1    1    0    1    1    1    1    0    1    0    1    1    1    1    1    1    1    1    1    1    1    1    1    1    1    1    0    1    0    0    1    1    1    0    0    1    0    0    0    1    0    1    0    1    1    1    0    0    0    0    1    0    0    0    0    0    0    0    0    0    0    0    0    1    0    0    0    0    1    0    0    0    0    1    0    1    0    1    1    0    0    1    1    0    1    0    0    0    0    0    0    0    0    0    0    0    0    0    0    1    0    1    0    0    1    1    1    1    0    0    0    1    0    0    1    0    0    1    0    0    0    0    1    0    0    1    0    0    1    0    0    1    1    0    0    
50    0.913874    0.884568    1    1    1    1    0    1    1    1    1    1    1    1    1    1    1    1    1    0    1    1    1    0    1    1    1    1    1    1    1    1    1    1    1    1    1    1    0    1    1    1    1    0    1    1    1    0    1    1    1    1    1    1    1    1    0    1    1    1    1    1    1    1    1    1    1    1    1    1    1    1    1    1    1    1    1    1    1    1    0    0    1    0    1    1    1    1    1    1    1    1    0    1    1    0    1    1    1    1    1    1    1    0    0    0    1    1    1    1    0    0    1    0    1    0    0    0    0    0    0    1    0    0    0    0    0    0    0    1    1    0    0    0    0    0    0    1    0    0    0    1    0    1    1    0    0    0    0    0    0    0    1    0    0    0    0    0    1    1    0    0    0    1    0    0    0    1    0    0    1    0    1    0    0    0    1    1    0    1    1    0    0    0    1    1    1    0    0    0    0    0    0    0    1    1    0    1    1    0    0    0    
50    0.135402    0.891639    1    1    1    1    1    1    1    1    1    0    1    1    0    1    1    0    1    1    1    1    1    1    0    1    1    1    1    0    1    1    1    0    0    1    0    1    1    1    1    1    1    1    1    1    1    1    1    1    1    1    1    1    1    1    0    1    1    0    1    1    1    1    1    1    1    1    0    1    1    1    1    1    1    1    1    1    1    1    1    1    1    0    1    1    1    1    0    1    1    1    1    1    1    1    1    1    0    1    1    1    0    0    0    0    0    0    0    1    0    0    1    1    0    0    0    0    0    0    0    0    0    0    0    1    0    0    0    1    0    0    0    0    0    0    0    0    0    1    0    0    0    0    0    0    0    0    1    1    0    1    1    1    1    0    1    1    0    0    0    0    0    0    0    0    0    1    0    0    1    0    1    0    0    1    1    0    0    0    0    1    0    1    0    0    0    0    1    0    1    1    0    0    0    0    1    1    1    0    1    0    
50    0.0640945    0.861187    1    0    1    1    1    1    1    1    1    1    1    1    1    1    1    1    1    1    1    1    1    1    1    1    1    1    1    1    1    1    1    1    1    1    1    1    1    0    1    1    1    0    1    1    1    1    1    1    0    1    1    1    1    1    1    1    1    1    1    1    1    1    1    0    1    0    1    1    1    1    1    1    1    1    0    1    1    1    1    1    1    1    1    1    1    1    1    0    1    1    1    1    1    1    1    1    1    1    0    1    0    0    0    1    0    0    1    0    1    0    0    0    0    0    0    0    0    0    0    0    0    1    0    0    0    0    0    0    0    0    0    1    0    0    0    0    0    0    0    1    1    1    0    0    0    0    1    0    0    1    1    1    1    0    0    0    0    0    0    0    0    0    1    1    0    0    1    1    1    0    0    0    1    0    0    0    0    0    1    0    0    0    0    1    1    0    1    0    0    0    0    1    0    0    1    0    1    0    0    0    
50    0.157518    0.100135    1    1    1    1    1    0    1    0    1    0    1    0    1    1    1    0    1    0    1    1    1    1    1    1    1    0    0    0    1    1    1    0    0    1    0    1    0    1    1    1    1    1    1    1    0    1    0    1    1    0    1    0    1    0    0    1    0    1    1    0    1    1    1    1    1    1    0    1    1    1    0    1    0    1    1    0    1    1    1    0    0    1    0    0    1    1    0    1    0    0    1    1    1    1    0    1    1    0    0    1    0    0    0    0    0    1    0    1    0    0    0    0    0    0    0    0    0    0    0    0    0    1    0    0    0    0    0    1    1    0    0    0    0    0    0    0    0    0    0    0    0    0    0    0    0    0    0    0    1    0    1    1    0    0    0    0    0    1    0    0    0    1    0    0    0    0    0    0    0    0    1    0    0    0    1    1    0    0    0    0    0    0    0    0    1    0    1    1    0    0    0    0    0    0    0    0    0    0    0    0    
50    0.893027    0.157876    1    1    1    0    1    1    1    1    1    1    1    1    0    1    1    1    1    1    1    1    1    1    1    1    1    1    1    0    0    1    1    1    1    1    1    1    1    1    1    1    1    1    1    1    1    1    0    0    1    1    1    1    1    1    1    1    1    1    1    1    1    0    1    1    1    1    1    1    1    1    1    1    0    1    1    1    1    1    1    1    0    1    1    1    1    1    1    1    1    1    0    1    1    1    1    1    1    1    1    1    1    1    0    0    0    1    0    1    1    0    0    0    1    0    1    1    1    0    0    1    0    0    0    0    0    0    0    1    0    1    1    1    0    0    1    0    0    0    0    1    0    0    0    0    1    0    0    1    0    0    1    0    0    0    0    0    0    0    1    1    0    0    1    1    0    0    1    0    0    0    0    1    0    1    0    0    0    0    0    0    0    1    0    0    0    0    0    0    0    1    0    1    0    0    0    0    0    1    1    0    
100    0.791981    0.0591849    0    1    1    1    1    1    1    0    1    1    1    1    1    1    1    1    1    1    1    1    1    1    1    1    1    1    1    1    1    1    1    0    1    1    1    1    1    1    1    1    1    1    1    1    1    1    1    1    1    1    1    1    1    1    1    1    1    1    0    1    1    1    1    1    1    1    0    1    1    0    0    1    1    1    1    1    1    1    1    1    1    1    0    1    1    1    1    0    0    1    1    1    1    1    1    1    1    1    1    1    0    0    1    0    1    1    0    1    1    0    0    0    0    0    0    1    1    0    0    0    0    1    1    0    0    0    1    0    1    1    1    1    1    0    0    0    0    0    0    0    0    0    1    0    0    0    0    0    0    0    0    1    0    0    0    0    1    0    0    0    1    0    0    0    0    1    1    0    0    1    1    1    0    0    0    1    0    1    0    0    0    0    1    0    0    1    0    0    0    0    1    0    1    0    1    1    0    0    1    1    
100    0.690814    0.39214    1    1    1    1    1    1    0    1    1    0    1    1    1    1    1    1    1    1    1    1    1    1    1    1    0    1    1    1    1    1    1    0    1    1    0    1    1    1    1    1    0    1    1    1    1    1    1    1    1    1    1    1    1    1    0    1    1    1    0    1    0    1    1    1    0    1    1    1    1    1    1    1    1    1    1    1    1    1    1    1    0    1    0    1    1    1    1    1    1    1    1    1    1    1    1    1    1    1    0    0    0    0    0    0    0    0    1    0    0    0    1    1    0    0    1    1    0    0    0    0    1    0    1    0    0    0    0    1    0    0    0    0    0    1    0    1    0    0    0    0    0    0    0    1    0    0    0    1    0    0    0    1    1    0    0    1    0    0    0    1    0    0    0    0    1    0    0    0    1    0    1    0    0    0    1    0    0    0    0    0    0    0    0    0    0    1    1    0    1    1    0    1    0    0    0    0    0    0    0    0    
100    0.397964    0.603069    1    1    1    1    1    1    1    1    1    1    1    1    1    1    1    1    1    1    1    1    1    1    1    1    1    1    1    1    1    1    1    1    0    1    0    1    1    1    1    1    1    1    0    1    1    1    1    1    1    1    1    1    1    0    1    0    1    1    1    1    1    1    1    1    1    1    1    1    1    1    1    1    1    0    1    0    1    1    1    1    0    1    1    1    1    1    1    1    1    1    1    1    1    1    1    1    1    1    1    1    0    0    0    0    0    1    0    0    1    0    0    0    0    1    0    0    1    0    0    1    0    0    0    0    1    1    0    0    0    1    1    0    0    0    0    0    0    0    0    0    0    0    0    1    1    0    1    0    0    0    0    0    1    1    0    1    0    0    1    0    0    0    0    0    0    1    0    0    0    0    0    0    1    0    0    1    0    1    0    0    1    0    0    0    1    0    0    0    1    0    0    0    0    0    0    0    0    0    0    0    
100    0.612576    0.00789751    0    1    0    1    0    1    1    1    0    1    1    1    1    0    0    1    1    1    1    1    1    1    1    1    1    1    1    1    1    1    1    1    1    1    1    1    1    1    0    1    1    1    1    1    1    0    1    1    1    1    1    1    1    1    1    1    1    1    1    1    1    1    1    0    1    1    1    1    1    1    1    1    1    0    1    1    1    1    1    1    1    1    1    0    0    1    1    1    1    1    1    1    1    1    1    1    1    1    1    1    0    1    0    1    0    0    0    0    1    1    1    0    0    1    0    1    0    0    0    0    1    1    0    0    0    1    1    1    0    0    0    1    0    1    0    0    0    0    1    0    0    1    0    0    0    1    0    0    0    0    1    0    0    0    0    1    0    1    0    0    0    1    1    0    0    0    1    0    1    0    1    0    1    0    0    0    0    0    0    1    0    0    0    0    0    0    0    0    0    0    1    0    0    0    0    0    0    0    0    0    
100    0.589552    0.764904    1    1    1    1    0    1    1    1    1    0    1    1    1    1    1    1    1    1    1    1    1    1    1    1    1    0    1    1    1    1    0    0    1    1    1    1    1    0    1    1    1    1    1    1    0    1    1    1    1    1    1    1    1    1    1    1    1    1    0    1    1    1    1    1    1    1    0    1    1    1    0    1    1    1    1    1    1    1    1    1    1    1    0    1    0    0    1    1    1    1    1    1    1    0    0    0    0    1    1    1    0    1    1    0    0    0    0    0    0    0    0    0    1    0    0    0    0    0    0    0    0    1    0    0    1    0    1    1    0    0    0    0    0    0    0    0    0    0    1    0    0    0    0    1    0    0    0    0    1    0    0    0    0    0    0    0    0    0    0    0    1    0    1    0    0    0    1    0    0    1    0    0    0    1    0    0    0    0    0    0    0    0    1    1    0    0    1    0    0    1    0    0    1    0    0    0    0    0    0    1    
100    0.853907    0.715618    1    1    1    1    1    1    1    1    0    1    1    1    1    1    1    1    0    1    1    1    1    0    1    1    1    1    1    1    1    1    1    1    1    1    1    1    1    0    1    0    1    1    1    0    0    1    1    1    1    1    1    1    1    1    1    1    1    1    1    1    1    0    1    1    1    1    1    1    1    0    1    1    1    1    1    0    0    0    0    1    0    1    1    1    1    1    1    0    1    1    0    1    1    1    0    1    1    1    1    1    1    0    0    0    1    0    1    0    0    0    0    1    0    0    1    1    0    1    0    0    1    1    0    0    0    0    0    1    0    0    0    0    0    0    0    0    0    1    0    0    0    0    0    1    0    1    0    0    0    0    1    0    0    1    0    0    0    0    1    0    0    0    1    0    1    0    0    1    0    0    0    0    0    1    0    0    1    0    0    1    1    0    1    0    0    0    0    0    0    0    1    0    1    1    1    0    0    0    1    0    
100    0.670477    0.249348    1    1    1    1    1    1    1    1    1    1    1    1    1    1    1    1    1    1    1    1    1    1    1    1    1    1    1    1    1    1    1    1    1    1    1    1    1    1    1    1    1    1    1    1    1    1    1    1    1    1    0    1    1    0    1    1    1    1    1    0    1    1    1    1    1    1    0    1    1    1    1    1    1    1    1    1    1    1    1    1    1    1    1    1    1    1    1    1    0    1    0    1    1    1    1    1    1    1    1    1    0    1    0    0    1    1    1    0    0    0    0    0    1    0    0    1    1    0    1    1    1    0    0    1    0    0    0    0    0    1    0    1    0    0    0    0    0    1    1    0    0    0    0    0    0    0    0    0    0    0    0    1    0    0    1    1    0    1    0    1    0    0    0    0    0    1    0    0    0    0    1    0    0    0    0    1    0    0    1    0    0    0    0    1    0    0    0    0    0    0    1    1    0    1    0    0    0    0    0    0    
100    0.907343    0.462369    1    1    1    1    1    1    1    1    1    1    1    1    1    1    1    1    1    0    1    1    1    1    1    1    1    1    1    1    1    1    1    1    1    1    1    1    1    1    1    1    1    1    1    1    1    1    1    1    1    1    1    1    1    1    1    1    1    1    1    0    0    1    1    1    1    1    1    1    1    1    1    1    1    1    1    1    1    1    1    1    1    1    1    1    1    1    1    1    1    1    0    1    1    1    1    1    1    1    1    1    0    0    0    0    0    0    0    1    0    1    1    0    0    1    0    0    1    0    0    1    0    0    0    0    0    1    0    0    0    0    0    1    0    0    1    0    1    0    0    0    0    0    0    0    0    1    0    0    0    0    0    0    0    1    0    0    0    0    0    1    0    0    0    0    0    0    1    1    1    0    1    0    0    0    0    0    1    0    0    0    1    0    0    1    1    0    0    0    0    0    1    1    0    1    0    0    0    1    0    0    
100    0.231396    0.428126    1    1    1    1    1    1    1    1    1    1    1    1    1    1    0    1    1    1    1    1    1    1    0    1    1    1    1    0    1    0    0    1    1    0    1    1    1    1    1    1    1    1    1    0    1    1    1    1    1    1    1    0    1    1    1    0    0    1    1    1    0    1    1    1    1    1    0    1    1    1    1    1    0    1    1    1    1    1    1    1    1    0    1    1    1    1    0    0    1    0    1    1    1    1    1    0    1    0    0    1    0    0    0    0    0    0    0    0    0    1    0    0    1    0    0    0    0    1    0    0    0    0    0    0    0    0    0    1    1    0    1    0    0    0    1    0    0    0    0    0    0    0    0    0    0    0    0    0    0    0    0    0    1    0    0    0    0    0    0    1    0    0    0    0    0    0    0    1    0    0    0    0    0    0    0    0    0    0    0    0    0    0    0    0    0    0    0    0    0    1    1    0    0    0    0    0    0    0    1    1    
100    0.944567    0.702539    1    1    1    1    1    1    1    0    1    1    1    1    1    1    0    1    1    1    1    1    1    1    1    1    1    1    1    1    1    1    0    1    1    0    1    1    1    1    0    1    0    0    1    1    1    1    1    1    1    1    1    1    1    1    1    1    1    1    0    1    1    1    1    1    1    1    1    1    1    1    1    1    1    1    1    1    1    0    1    1    1    1    1    1    1    1    1    1    0    1    1    1    1    1    1    1    0    1    0    1    0    1    0    0    1    0    0    0    0    0    0    0    0    0    0    0    1    1    0    0    0    1    0    1    0    1    1    1    1    1    0    0    0    1    1    0    1    0    0    0    0    1    0    0    0    0    0    0    1    0    0    0    1    1    0    0    0    1    1    0    0    0    0    0    0    0    0    1    1    0    0    0    0    0    0    1    0    0    1    0    0    0    0    0    0    1    1    0    0    0    0    1    0    0    1    0    0    0    0    0    
100    0.598215    0.923361    1    1    1    1    1    1    1    1    1    1    1    1    1    0    1    0    0    1    1    1    1    1    1    0    1    1    1    0    0    1    1    1    1    0    0    1    1    1    1    1    1    1    1    1    0    0    0    1    0    1    1    1    0    1    1    1    1    1    1    0    1    1    1    1    1    1    1    1    1    1    0    1    1    1    0    1    1    1    1    1    1    1    1    1    1    1    1    1    1    0    1    1    1    1    1    1    1    1    1    1    0    0    0    0    0    1    0    0    1    0    0    0    0    0    0    0    1    0    0    0    0    0    0    1    0    1    1    0    1    0    1    0    0    1    1    0    1    0    1    0    1    0    0    0    0    0    1    0    0    0    0    0    0    0    0    0    0    1    0    0    0    0    0    0    0    0    0    1    0    0    0    1    1    0    0    0    0    0    0    0    1    1    0    0    0    0    0    0    0    0    0    0    0    0    1    1    0    0    1    0    
100    0.878127    0.355376    1    1    0    1    1    1    1    1    1    1    1    1    1    1    1    1    0    1    1    1    1    1    1    1    1    0    1    1    1    1    1    1    1    0    1    1    1    1    1    1    0    1    1    1    1    1    1    1    1    1    1    1    1    0    1    1    1    1    0    0    1    1    1    1    1    1    1    1    1    1    1    1    1    1    1    1    1    1    1    1    1    1    1    1    1    1    1    1    1    1    1    1    0    1    0    1    1    1    1    1    0    0    0    1    0    0    1    0    0    0    0    0    0    0    1    1    0    1    1    0    0    0    1    0    0    0    0    1    1    0    0    0    0    0    0    0    0    1    1    0    0    0    0    0    0    0    0    1    0    0    0    0    0    1    0    1    0    0    0    0    0    0    0    1    0    0    0    1    0    0    0    0    0    0    0    1    0    0    0    0    0    0    0    1    1    1    0    0    0    1    1    0    0    0    0    0    0    0    0    0    
100    0.100059    0.189451    1    1    1    1    1    1    1    0    1    1    1    0    1    1    0    0    1    1    1    0    1    1    0    1    0    0    1    1    0    0    1    1    0    1    0    1    0    0    0    1    1    1    1    1    1    1    1    0    1    1    0    0    0    0    0    1    0    1    1    1    0    0    0    0    0    1    0    0    1    0    0    0    1    1    0    1    0    0    0    0    0    1    1    1    0    1    0    1    1    1    1    0    1    1    0    1    0    1    1    0    0    0    0    0    0    0    0    1    0    0    1    0    0    0    0    0    0    0    0    1    0    0    0    1    0    1    0    0    0    0    0    0    0    0    0    0    0    0    0    0    1    1    0    0    0    0    0    0    0    0    0    0    0    0    0    0    0    0    0    0    0    0    1    0    1    0    0    0    0    1    0    0    0    0    0    0    1    0    0    0    0    0    0    0    1    0    0    0    0    0    0    0    0    0    0    0    0    0    0    0    
100    0.32394    0.542823    1    1    1    1    1    1    0    1    1    1    1    1    1    1    0    1    1    1    0    1    1    1    1    1    1    1    1    1    1    1    1    1    1    1    1    1    0    0    1    1    1    1    1    1    1    1    1    1    1    1    1    1    1    1    1    1    1    1    1    1    1    1    1    1    1    1    1    1    1    1    1    1    1    1    1    1    1    1    1    1    1    1    1    1    1    1    1    1    1    1    1    1    1    1    1    1    1    1    1    1    0    1    0    0    1    0    0    1    0    0    1    0    0    1    0    0    1    0    0    0    1    0    1    0    0    0    0    0    0    0    1    0    0    1    0    0    0    0    0    0    0    1    0    0    0    0    0    1    0    0    1    0    0    0    0    1    0    0    1    0    1    0    1    0    0    0    0    0    0    0    0    0    0    0    1    0    0    0    0    0    1    0    1    1    0    1    0    0    0    0    1    1    0    0    0    0    0    0    0    0    
100    0.369582    0.513365    1    1    1    1    1    1    1    1    1    1    1    1    1    1    1    1    1    1    1    1    1    1    1    1    0    1    0    1    1    0    1    1    1    1    1    1    1    1    1    1    1    1    1    1    1    1    1    1    1    1    1    1    1    1    1    1    1    1    1    1    1    1    1    1    0    1    1    1    1    1    1    1    1    0    1    1    1    1    1    1    1    1    1    1    1    1    0    1    1    1    1    1    1    1    1    1    1    1    1    1    0    0    1    0    0    1    0    0    0    0    0    0    1    0    0    1    0    1    0    0    0    0    0    0    0    0    1    0    1    0    1    0    0    0    0    0    0    0    0    0    0    0    0    1    0    0    1    1    0    0    0    0    0    0    0    0    0    0    1    0    0    0    0    0    0    0    1    0    1    0    0    1    1    1    1    0    0    0    0    1    1    0    1    0    1    0    0    0    0    0    0    0    0    1    0    0    0    1    0    1    
100    0.581854    0.409325    1    1    1    1    1    1    1    1    1    1    1    1    1    1    0    1    1    1    0    1    1    1    1    1    1    1    1    1    0    0    1    1    1    1    1    1    1    1    1    1    1    0    1    1    1    0    1    1    1    1    0    1    1    1    1    0    1    1    1    1    0    1    1    1    1    1    1    1    1    1    0    1    0    1    1    1    1    1    1    0    0    1    1    0    1    0    1    1    0    0    1    0    1    1    1    0    1    1    1    1    0    1    0    0    0    0    1    0    0    0    1    0    1    0    0    1    0    1    0    0    0    0    0    0    0    0    1    0    1    0    1    1    0    0    1    0    1    0    1    0    0    0    0    0    1    0    0    0    0    0    0    1    0    0    0    0    0    0    0    0    0    0    1    0    0    0    1    0    0    0    1    0    1    1    0    0    1    0    0    1    1    0    1    0    1    1    1    1    0    0    0    0    0    1    1    0    0    0    0    0    
100    0.313922    0.59047    1    1    1    1    1    0    1    1    1    1    1    1    1    1    1    1    1    1    1    1    1    1    1    1    1    1    1    1    1    1    1    1    1    0    1    1    1    1    1    0    1    1    1    1    0    1    1    1    1    1    1    1    1    1    1    1    1    1    1    1    1    1    1    1    1    1    1    1    1    0    1    1    1    1    1    1    1    1    1    1    0    1    0    1    1    1    1    1    1    1    1    1    1    1    1    1    1    1    0    1    0    0    0    0    0    0    0    0    0    0    0    1    0    1    0    1    0    0    0    0    1    0    0    0    0    0    0    1    0    0    0    0    0    0    0    0    0    0    0    1    1    0    0    0    0    0    0    1    1    1    0    0    0    0    0    1    0    0    0    0    0    0    1    0    1    0    1    0    0    0    0    0    0    0    0    1    0    1    0    1    1    1    0    0    1    0    0    1    1    1    0    1    0    0    0    1    1    1    0    0    
100    0.8133    0.181247    1    1    1    1    1    1    1    1    0    1    1    1    1    1    1    1    1    1    1    1    1    1    1    1    1    1    1    0    1    1    1    1    1    1    1    1    1    0    1    1    1    1    1    1    1    1    1    1    1    1    1    1    1    1    1    1    1    1    1    0    1    1    1    1    1    0    1    1    0    1    1    1    1    1    1    1    1    1    1    1    1    0    1    1    0    1    1    1    1    1    1    1    1    1    1    1    1    1    1    1    0    1    0    0    0    1    0    0    0    0    1    1    1    0    0    0    0    0    0    0    0    0    1    0    0    0    0    0    0    1    0    0    0    0    0    0    0    0    1    0    0    1    0    0    1    0    0    0    0    0    1    0    0    0    0    1    0    0    1    0    1    1    0    0    0    0    0    0    1    1    0    0    0    1    0    0    0    1    0    0    1    0    0    0    1    0    1    0    1    1    0    1    1    0    0    0    1    0    0    0    
100    0.593979    0.947751    1    0    1    0    1    1    1    0    0    1    0    0    1    1    1    1    1    1    1    1    0    0    1    1    0    1    0    1    0    1    0    1    1    1    1    1    0    1    1    1    1    1    1    1    1    1    1    1    0    1    1    1    1    1    1    1    1    1    1    1    1    1    1    1    1    1    1    1    1    1    1    1    0    1    1    0    0    1    1    1    1    1    1    1    1    1    1    0    1    0    1    1    1    1    1    1    1    1    1    1    1    0    0    0    0    1    0    0    0    0    0    0    0    0    0    0    1    0    0    0    0    0    1    0    0    1    0    0    0    0    0    1    1    0    0    1    0    0    0    0    0    0    0    0    0    1    1    1    0    0    0    0    0    0    0    0    0    1    0    1    0    0    0    1    0    0    0    0    0    1    0    1    0    0    0    1    1    1    0    0    0    0    1    1    0    1    1    0    0    0    1    0    1    0    0    0    1    1    1    0    
100    0.309599    0.45099    0    1    1    1    1    1    1    1    1    1    1    0    1    1    1    1    1    1    1    1    1    1    0    1    1    1    1    1    1    1    1    1    1    1    1    1    1    1    1    0    1    1    1    1    1    0    1    1    0    1    1    1    1    1    1    1    1    1    1    1    1    1    1    1    1    1    1    0    1    1    1    1    1    1    1    0    0    1    1    1    1    1    1    1    1    0    1    1    0    1    1    1    1    1    1    1    1    1    1    1    0    0    0    1    1    1    0    1    1    0    0    0    1    1    0    0    1    0    0    0    1    0    0    0    0    0    0    0    1    0    0    0    0    0    0    1    0    0    1    1    0    0    0    0    0    0    0    0    0    1    1    0    0    0    1    1    0    1    0    0    0    1    0    0    1    1    0    0    0    0    0    0    0    1    0    1    0    0    0    0    0    0    0    0    0    0    0    0    0    0    1    0    0    1    0    0    1    0    0    0    
100    0.763602    0.0886269    0    1    1    1    1    1    1    1    1    1    1    1    1    1    0    1    1    1    1    1    1    1    1    1    1    1    1    1    1    1    1    1    1    1    1    1    0    1    1    1    1    1    1    0    1    0    1    1    1    0    1    1    1    1    1    1    1    0    1    0    1    1    1    1    1    1    1    0    1    1    1    1    1    1    0    0    1    1    1    1    1    1    1    1    1    1    1    1    1    1    1    1    1    1    1    1    1    1    0    1    0    0    1    1    0    0    0    0    1    0    0    0    0    1    0    0    0    1    0    0    1    0    1    1    0    0    0    0    1    0    0    1    1    1    0    0    0    0    1    1    0    0    0    0    1    0    0    1    0    0    0    0    0    0    0    0    0    0    0    0    0    0    0    1    0    0    0    0    0    0    0    0    1    0    0    1    1    0    1    0    1    1    0    0    0    0    1    1    0    0    0    0    0    1    0    1    1    0    0    0    
100    0.479868    0.50069    1    0    0    0    0    0    1    0    1    1    1    1    1    0    1    0    1    1    1    1    1    1    1    1    1    1    0    1    1    1    1    1    1    1    1    1    1    0    1    1    1    1    1    1    1    0    1    1    1    1    1    1    0    1    0    1    1    1    1    1    1    1    1    1    1    0    1    1    1    1    1    1    1    1    1    1    1    1    1    1    0    1    1    1    1    1    1    1    1    1    1    1    1    1    1    1    1    1    0    0    0    0    0    1    0    0    0    0    1    0    0    0    0    1    0    1    0    1    0    0    0    0    0    0    0    1    0    0    0    0    1    0    1    0    0    0    0    1    0    0    0    0    0    0    0    0    0    0    0    0    0    0    0    1    0    1    0    0    0    0    1    0    0    0    0    1    0    0    0    0    0    0    0    0    0    1    0    0    0    1    0    0    1    0    0    1    0    0    1    0    0    0    1    1    0    0    0    0    0    0    
100    0.6499    0.25577    1    1    0    1    1    1    1    1    0    1    1    1    1    1    1    1    1    1    1    1    1    1    1    1    1    1    1    1    0    0    1    1    1    1    1    1    1    1    1    1    1    1    1    1    1    1    0    1    1    1    1    1    1    1    1    1    1    1    1    0    1    1    1    1    1    1    1    1    1    1    1    1    1    1    1    1    1    1    1    1    1    1    0    1    1    0    1    1    1    1    1    1    1    1    1    1    1    1    1    1    0    0    1    0    0    1    0    0    0    0    0    0    0    0    0    1    0    0    1    0    0    0    0    0    1    0    0    0    0    1    0    1    0    0    1    0    1    0    1    1    0    1    0    1    0    0    0    0    0    0    1    0    1    1    0    0    0    0    0    0    1    0    0    1    1    0    0    0    1    0    0    0    0    1    0    0    0    0    1    0    1    0    1    0    0    0    1    1    0    0    0    0    1    0    0    1    0    0    0    0    
100    0.941862    0.71751    1    1    1    1    1    1    1    1    1    1    1    0    1    1    1    0    1    1    1    1    1    1    1    1    1    1    1    1    1    1    1    1    1    1    1    1    0    1    1    1    1    1    1    1    1    1    1    1    1    1    1    1    1    1    1    1    1    1    1    1    1    0    0    1    1    1    1    1    1    1    1    1    1    1    1    1    1    1    1    1    1    1    1    1    1    1    0    1    1    1    1    1    1    1    1    1    1    1    1    1    0    1    0    0    1    0    0    1    1    0    1    0    0    1    0    0    1    1    0    1    0    0    0    0    0    0    0    0    0    0    1    0    0    0    1    0    0    0    1    1    0    0    0    0    1    0    1    0    1    0    0    0    0    0    1    0    1    1    0    0    0    0    1    0    0    0    0    0    1    0    0    0    0    0    0    1    1    1    0    1    0    0    0    1    0    1    0    0    0    0    1    1    0    0    0    0    0    1    1    1    
100    0.806386    0.604635    1    1    1    1    0    1    1    1    1    1    1    1    1    1    1    1    1    1    1    1    0    1    1    1    1    1    1    1    1    1    1    1    1    1    1    1    1    1    1    1    1    1    1    1    0    1    1    1    1    0    1    1    1    1    1    1    1    1    1    1    1    0    1    1    1    1    1    1    1    1    0    1    1    1    0    1    1    1    1    1    1    1    1    1    1    0    1    1    1    1    0    1    1    1    1    1    1    1    1    1    1    0    0    0    0    1    1    1    0    0    0    1    1    0    0    0    0    0    0    1    0    0    0    0    0    0    0    1    0    0    0    0    0    0    0    0    0    0    0    0    0    0    1    0    0    1    0    0    0    0    0    0    0    0    0    0    0    1    1    0    1    1    0    1    0    1    1    0    1    0    0    0    1    0    0    1    0    1    0    0    0    0    0    1    0    1    0    1    0    1    0    1    0    1    0    0    1    1    1    0    
100    0.126856    0.213923    0    1    0    1    1    1    1    0    1    0    1    1    1    1    0    1    0    1    0    0    1    1    0    1    1    1    1    1    0    0    0    0    1    1    1    1    1    1    1    1    1    1    1    1    1    0    0    0    1    1    0    1    0    1    1    0    1    1    0    1    1    0    0    0    0    1    1    1    1    1    0    1    1    1    1    1    0    0    1    0    0    0    1    0    0    0    1    1    1    1    1    1    0    1    0    1    1    0    1    1    0    0    0    0    0    0    0    0    0    0    0    0    0    0    0    1    0    0    0    0    0    0    0    0    0    0    0    0    0    0    0    0    0    0    0    0    0    0    0    0    0    0    0    1    0    1    0    0    0    0    0    0    0    0    0    0    0    0    1    0    0    0    1    0    1    0    0    0    0    0    0    1    0    0    0    1    1    0    0    0    0    0    0    0    0    0    0    0    0    1    1    0    0    0    1    0    1    1    0    0    
100    0.510064    0.741779    0    1    1    1    1    1    1    1    0    1    1    1    1    0    1    1    1    1    1    1    1    1    1    1    1    0    0    1    0    1    1    1    1    1    1    1    1    0    1    1    1    1    0    1    1    1    1    0    1    1    1    1    1    1    1    1    1    1    1    1    1    0    1    1    1    1    0    1    0    0    1    0    1    1    0    1    0    1    1    1    1    1    0    1    1    0    1    1    1    0    1    1    1    1    1    1    1    1    1    0    0    0    1    0    0    0    0    0    0    0    1    0    0    0    0    0    1    0    0    1    0    0    1    1    0    0    0    1    1    1    1    0    1    0    0    0    0    0    0    0    0    1    0    0    1    0    0    0    0    0    0    0    0    1    1    0    0    0    0    0    0    0    0    0    0    0    1    0    0    0    0    0    1    0    0    0    0    0    1    0    0    1    1    1    0    0    0    0    0    0    1    0    0    1    0    1    0    1    0    1    
100    0.786235    0.529057    1    1    1    1    1    1    1    1    0    1    1    1    1    1    1    1    1    1    1    1    1    1    1    1    1    1    1    1    1    1    0    1    0    1    0    1    1    0    1    0    1    1    1    0    1    1    1    0    1    1    1    1    0    1    1    0    1    1    1    1    0    1    1    1    1    1    0    1    1    1    1    1    1    1    1    0    0    1    0    1    1    0    1    1    1    1    1    0    1    1    1    1    1    1    1    1    1    1    1    1    1    1    0    1    0    0    0    0    0    1    0    0    1    0    1    0    0    1    0    0    0    0    0    0    1    1    0    1    0    0    0    0    1    0    1    1    0    0    0    0    0    0    0    0    0    0    0    1    0    0    0    0    0    0    0    1    0    0    0    0    0    1    1    1    0    1    0    0    0    0    0    0    0    0    0    0    0    0    0    1    1    1    0    0    1    0    0    1    0    0    1    1    1    1    0    0    0    1    0    0    
100    0.764978    0.196203    0    1    1    0    1    0    1    1    1    1    1    1    1    1    1    1    1    1    1    1    1    1    1    1    1    1    1    1    1    1    1    1    1    0    1    1    1    1    1    1    1    1    1    1    1    1    1    1    1    1    1    1    0    1    1    1    1    1    1    1    1    1    1    1    1    1    1    1    1    1    1    1    1    1    1    1    1    0    1    0    1    1    1    0    1    1    1    1    1    1    1    0    1    1    1    1    1    1    1    0    0    0    0    0    0    0    0    0    0    0    1    0    0    1    0    0    0    0    0    1    0    0    0    1    0    0    0    1    0    0    1    0    0    0    1    0    1    1    0    1    0    1    1    0    0    0    1    0    1    0    0    0    1    0    1    0    0    0    0    0    1    0    0    1    1    0    1    1    1    1    1    0    1    0    1    1    0    0    0    0    0    0    0    0    0    0    0    0    0    0    0    0    0    0    0    1    0    1    0    0    
100    0.0269926    0.636894    0    1    0    1    1    1    1    1    1    1    1    0    1    1    1    1    1    1    1    1    1    1    1    1    1    1    1    1    0    1    1    1    1    1    1    1    1    1    1    1    1    1    1    1    1    1    1    1    1    1    1    1    1    1    1    1    1    1    1    1    1    1    1    1    1    0    1    0    1    1    1    1    1    1    1    1    1    0    1    1    1    1    1    1    1    1    0    0    1    1    1    1    1    1    1    1    1    1    1    0    0    1    0    1    0    1    0    0    0    0    1    0    1    1    0    0    1    0    0    0    0    0    0    0    0    0    0    0    0    0    0    0    0    1    1    1    0    0    0    1    1    0    0    0    0    0    0    0    0    0    0    0    0    1    0    1    0    0    0    1    0    1    0    1    0    0    1    0    0    0    1    1    0    0    0    0    0    0    0    1    1    0    0    1    0    0    1    0    1    0    0    1    0    0    1    0    0    0    0    0    
100    0.0266406    0.991868    1    0    1    1    0    1    1    1    0    1    1    1    1    1    1    1    1    1    0    1    1    1    1    1    1    1    1    1    1    1    1    1    1    1    1    1    1    1    1    0    0    1    1    1    0    1    1    1    0    1    1    1    1    1    0    0    0    1    1    1    1    1    1    1    1    1    1    1    1    1    1    1    0    1    1    1    1    1    1    1    1    1    1    1    1    1    1    1    1    0    1    1    1    1    1    1    1    0    1    1    1    0    1    0    0    0    0    0    1    1    1    0    0    0    0    0    1    1    1    0    1    0    1    0    0    1    0    0    1    0    0    0    0    0    0    0    0    0    1    0    1    1    1    1    0    0    0    0    1    0    0    0    1    0    1    0    0    0    0    0    1    0    1    1    0    0    0    0    0    1    1    0    1    1    0    0    0    1    0    0    0    0    0    0    1    1    1    1    0    1    0    0    1    0    0    0    0    1    0    1    
100    0.684287    0.947624    1    1    0    1    1    1    1    1    1    1    1    1    1    1    1    1    1    1    1    1    1    0    1    1    1    1    1    1    1    1    1    1    1    1    1    1    1    1    1    1    0    1    0    1    1    1    1    1    1    1    1    1    1    1    0    1    1    1    1    1    1    1    1    1    1    1    1    1    1    1    1    0    1    0    1    1    1    1    0    1    1    1    1    1    0    1    1    1    1    1    1    1    0    1    1    1    1    1    1    1    0    0    0    0    0    1    0    0    0    0    0    0    0    0    0    0    0    1    1    0    0    1    0    1    0    0    0    0    0    0    1    0    0    1    0    0    0    0    0    0    0    0    0    0    0    0    0    1    0    0    0    1    0    1    0    0    0    0    0    0    0    0    0    0    1    0    0    0    0    0    1    1    0    0    1    0    0    1    1    0    1    1    0    0    0    0    0    0    1    1    1    0    1    0    0    1    0    0    0    0    
100    0.313364    0.653473    1    0    1    1    1    1    1    1    1    1    1    1    1    1    1    1    1    1    1    1    1    1    1    1    1    1    1    1    1    0    1    1    1    1    1    1    1    1    0    1    0    0    0    1    1    1    1    1    1    1    1    0    1    1    1    1    1    1    0    1    1    1    1    1    1    1    1    1    1    1    1    1    1    1    1    0    1    1    1    1    1    1    1    1    1    0    1    1    1    0    1    1    1    0    1    1    1    1    1    1    0    0    0    1    0    1    0    0    0    0    0    0    0    1    0    0    0    1    0    0    0    1    0    1    0    0    0    1    0    0    0    0    1    0    0    1    0    0    0    1    0    0    1    1    1    0    0    0    0    1    0    0    0    0    0    0    0    0    0    0    0    0    0    1    0    0    0    0    0    0    0    0    0    0    0    0    0    1    0    0    0    1    0    1    0    0    1    1    0    0    1    1    1    0    0    1    0    0    1    0    
100    0.047749    0.837603    1    1    1    1    1    0    1    0    1    1    1    0    1    1    1    1    1    1    1    1    1    1    1    1    1    1    1    1    1    0    1    1    1    1    1    1    1    1    1    1    1    1    0    1    1    1    1    1    1    1    1    1    1    1    1    0    1    1    0    1    1    1    1    1    1    1    1    1    1    1    1    1    1    1    1    1    1    1    1    1    1    1    1    1    1    1    0    1    1    1    1    1    0    1    1    1    1    1    1    1    0    0    1    0    1    0    0    0    1    1    0    0    0    0    1    0    1    0    0    1    0    0    0    1    0    0    1    0    0    0    0    0    0    0    0    1    0    1    1    1    0    0    0    0    0    1    0    0    0    0    0    0    1    0    0    0    1    1    0    1    0    0    0    1    0    0    0    0    0    0    0    0    1    0    0    0    0    0    1    0    1    0    0    0    1    0    0    1    1    0    0    1    0    0    0    1    0    0    1    0    
100    0.630673    0.325251    1    1    1    1    1    1    1    1    1    1    1    1    1    1    1    1    1    1    1    1    0    1    0    1    0    1    1    1    1    1    1    0    1    1    0    1    0    1    1    0    1    1    0    1    1    1    0    1    0    1    1    1    1    1    1    1    1    1    0    1    1    1    1    1    1    1    1    1    0    1    0    1    1    0    1    1    1    1    1    1    0    0    1    1    1    1    1    1    1    1    1    0    1    1    1    1    1    1    1    1    1    0    0    0    0    0    0    0    1    1    0    0    0    0    0    0    0    0    0    0    1    1    0    0    0    0    0    1    0    0    1    1    0    0    0    1    1    0    0    0    1    1    1    0    0    0    1    0    0    1    0    0    1    0    0    0    0    0    1    0    0    0    0    1    0    0    0    1    0    1    0    0    1    1    0    0    0    0    0    0    0    0    0    0    1    0    1    0    0    0    1    0    0    0    0    0    1    0    0    0    
100    0.168786    0.865222    1    1    1    1    1    1    1    1    1    1    1    1    1    1    1    1    1    1    1    0    0    1    1    1    1    1    1    1    1    1    1    1    1    1    1    1    1    1    1    1    1    1    1    0    1    1    1    1    1    1    1    0    1    1    1    1    1    1    1    1    1    1    1    1    1    1    1    1    1    1    1    1    1    1    1    1    1    1    1    1    1    1    1    1    1    1    1    1    1    1    1    1    1    1    1    1    1    1    1    1    0    1    0    0    0    0    1    0    1    0    0    0    0    1    1    1    0    0    0    0    1    1    0    0    0    1    0    0    0    0    0    0    0    0    0    0    0    0    0    0    0    0    1    0    0    0    0    0    0    0    0    1    1    0    0    0    1    0    1    0    0    1    1    0    1    0    0    0    0    0    0    0    0    0    1    0    0    0    0    0    0    1    0    1    0    0    0    0    0    0    0    1    0    0    0    1    0    1    1    0    
100    0.000170109    0.849374    1    1    0    1    1    0    1    1    1    1    1    0    1    0    1    1    1    1    1    1    1    1    0    1    1    1    1    1    0    1    1    1    1    1    1    1    1    1    1    1    1    1    1    1    1    1    1    1    1    1    1    1    1    0    1    1    1    1    1    1    1    1    1    1    1    1    1    1    1    1    1    0    1    1    1    1    0    1    1    1    1    0    1    1    1    1    1    1    0    1    1    1    1    1    1    1    1    1    1    1    0    0    0    0    0    1    0    0    0    0    1    1    0    1    0    0    1    0    0    0    0    1    0    0    0    0    0    0    0    0    0    1    0    0    0    0    0    0    1    1    0    1    1    0    0    1    0    1    0    1    0    0    1    0    0    0    1    1    0    0    1    0    0    0    1    0    0    0    0    1    0    0    0    0    1    1    1    0    1    0    1    0    0    1    0    1    0    0    0    0    0    0    1    0    0    1    1    1    0    0    
100    0.455704    0.117154    1    1    1    1    0    0    0    0    1    0    1    1    1    1    1    1    1    1    1    1    1    1    1    1    1    1    1    1    1    1    0    0    1    1    1    1    1    1    1    0    0    1    1    0    1    0    1    1    0    1    1    1    1    1    1    1    1    1    1    1    0    1    1    1    1    1    1    0    1    0    0    1    1    1    1    1    1    1    0    1    1    1    1    1    1    1    1    1    0    0    1    1    1    1    1    0    1    1    0    1    1    0    0    0    1    0    0    0    0    1    1    0    1    0    0    0    0    0    0    1    0    0    0    1    0    0    0    0    0    0    1    0    0    0    1    0    0    1    0    0    0    0    0    0    1    0    0    0    1    0    0    1    0    1    0    1    0    0    1    0    0    1    0    1    0    0    0    0    0    0    0    1    1    0    1    0    0    0    0    0    0    1    1    0    1    0    0    0    0    0    0    0    0    0    1    1    1    0    1    0    
100    0.455139    0.42774    1    1    1    1    1    1    1    1    1    1    0    1    1    1    0    0    1    1    1    1    1    1    1    1    1    1    1    1    1    1    1    1    1    1    0    1    1    1    1    0    1    1    1    1    1    1    1    1    1    1    1    1    1    1    1    1    1    1    1    1    1    1    1    1    1    0    1    1    0    1    1    0    1    1    1    1    1    1    1    1    0    1    1    1    1    1    1    1    1    1    1    1    1    0    1    1    0    1    1    1    1    0    0    0    0    0    1    0    1    0    1    0    0    1    0    0    0    1    0    0    0    0    1    0    0    0    0    0    1    0    1    0    0    0    0    1    0    0    1    0    0    0    0    0    0    1    0    0    0    0    0    0    0    0    0    0    0    0    1    0    0    0    0    0    0    0    0    0    0    0    0    0    0    0    0    1    1    0    0    0    0    0    1    1    1    0    1    1    0    0    0    0    1    0    0    1    0    0    0    1    
100    0.433707    0.613371    0    1    1    1    1    1    1    1    1    1    1    1    1    1    1    0    1    1    1    1    1    0    1    1    1    1    1    1    0    1    1    1    1    1    1    1    1    1    1    1    1    1    1    1    1    1    1    0    1    1    1    0    1    1    1    1    1    0    1    1    1    1    1    1    0    1    1    1    1    1    1    1    0    1    1    0    1    1    1    0    1    1    1    1    1    1    0    1    1    1    1    1    1    1    1    1    1    1    1    1    0    0    0    1    0    1    1    1    1    0    1    0    0    0    0    1    0    1    0    0    0    0    1    0    0    1    0    0    1    0    0    0    1    0    0    0    0    0    0    0    1    0    0    0    0    0    0    1    0    0    0    1    1    0    1    0    0    0    0    0    0    0    0    0    0    1    0    0    0    1    0    1    1    1    0    1    1    0    1    0    0    0    0    1    1    0    0    0    0    0    0    0    0    0    1    0    1    0    0    0    
100    0.912531    0.0250087    1    0    1    0    1    1    1    1    1    1    1    1    0    1    1    1    1    1    0    1    1    1    1    1    1    1    1    1    0    0    1    1    1    1    1    1    1    1    1    1    0    1    1    1    1    1    1    1    1    1    1    0    1    1    1    1    1    1    1    1    1    1    1    1    1    0    1    1    1    1    1    1    0    1    1    1    1    0    0    1    0    1    1    1    1    1    1    0    0    1    1    1    1    1    1    1    0    1    1    1    0    1    0    0    0    1    0    0    0    0    0    0    0    0    0    0    0    0    1    1    0    1    0    0    1    0    0    1    0    1    1    0    0    1    1    0    0    0    0    0    0    0    0    0    0    0    0    0    1    1    1    0    0    0    1    0    1    1    0    1    0    0    1    0    1    1    0    1    0    0    1    0    0    0    0    0    1    1    0    0    0    0    0    1    0    0    0    0    0    0    0    0    1    1    0    1    0    1    0    0    
100    0.765071    0.365652    1    1    1    0    1    1    1    1    1    1    1    1    1    0    1    1    1    0    1    1    1    1    1    1    1    1    1    1    1    1    0    1    1    1    0    1    1    1    1    1    1    1    1    1    1    1    1    0    0    1    1    0    1    1    1    1    1    0    1    1    1    1    1    1    1    0    0    1    1    0    1    0    0    1    1    1    1    1    0    1    1    1    1    1    1    0    1    1    1    1    1    1    0    1    1    1    1    1    1    1    0    0    0    0    1    1    0    0    0    0    0    0    0    0    1    0    0    1    0    0    0    1    1    0    1    0    0    0    1    1    1    0    0    0    0    1    0    0    0    0    1    0    0    0    0    0    0    0    0    0    0    0    0    0    0    0    0    0    0    0    0    1    1    0    1    0    0    0    1    0    0    0    0    0    0    0    0    0    0    0    0    0    0    1    0    1    0    0    0    0    1    0    0    1    1    0    0    1    0    1    
100    0.837232    0.983162    1    1    1    1    1    1    1    1    1    1    1    1    1    1    0    1    1    1    1    1    1    1    1    0    1    1    1    1    1    1    1    1    1    1    1    1    1    1    1    1    1    0    1    1    1    1    1    0    0    1    0    1    1    0    1    1    1    1    1    1    1    1    1    1    1    0    1    1    0    1    1    1    1    1    1    1    1    1    0    1    1    1    1    1    1    1    1    1    1    1    1    1    0    1    1    1    1    1    1    1    0    0    0    0    0    1    0    1    1    0    0    0    0    0    1    0    1    0    1    0    1    0    0    0    1    1    1    0    0    0    1    1    0    0    0    0    0    1    0    1    0    0    0    0    1    0    0    0    0    0    1    0    0    0    0    1    1    0    0    0    0    0    0    0    1    1    0    0    0    0    0    0    0    0    1    0    0    0    1    1    1    1    0    0    0    0    1    1    0    0    0    1    0    1    0    0    0    1    0    0    
100    0.555021    0.283196    1    1    1    1    0    1    1    1    0    1    1    1    1    1    0    1    1    1    1    0    1    1    1    1    0    1    1    1    1    1    1    1    1    1    1    1    1    1    1    1    1    1    1    1    1    1    0    1    1    1    1    1    1    1    1    1    1    1    1    1    0    1    1    1    1    1    1    1    1    1    1    1    1    1    1    1    1    1    1    1    1    1    1    1    1    1    1    1    1    1    1    1    0    1    1    1    1    0    1    1    0    0    0    1    0    0    0    0    0    0    1    0    1    1    0    0    0    0    0    0    0    0    0    0    0    1    0    0    0    0    0    0    0    1    0    0    0    1    0    0    0    1    0    1    0    0    0    0    0    0    0    0    1    1    0    1    0    0    1    0    0    0    0    1    0    0    1    0    0    1    0    1    0    0    0    0    1    0    0    0    0    0    0    0    1    1    0    0    0    0    0    1    0    1    0    0    1    0    1    0    
100    0.957962    0.0192618    1    1    1    1    1    1    1    1    0    1    1    1    1    1    1    1    1    1    1    1    1    1    1    1    1    1    1    1    1    1    1    1    1    1    1    1    1    0    1    1    1    0    0    1    1    1    1    1    1    0    1    1    1    1    1    1    1    0    1    1    1    1    1    1    1    1    1    1    1    1    1    0    0    0    1    1    1    0    1    1    1    1    1    1    1    1    1    1    0    1    1    1    1    1    1    1    1    1    1    1    0    0    0    1    0    0    0    0    0    1    1    0    0    1    1    0    1    0    0    1    0    0    0    1    0    0    0    0    1    1    0    0    0    0    0    0    0    0    1    0    1    0    0    0    0    0    0    0    0    0    0    0    0    0    0    0    0    0    0    0    1    0    0    0    1    0    1    0    0    0    1    0    1    0    0    0    0    0    0    0    1    0    0    0    0    1    0    0    0    0    0    1    0    0    0    0    0    1    1    1    
100    0.431172    0.0907221    1    1    1    1    1    1    0    1    1    0    1    1    1    1    0    1    0    1    1    1    1    1    1    1    0    1    1    1    0    1    1    1    1    0    1    1    1    0    1    1    1    1    0    1    1    1    1    1    1    1    1    1    1    1    1    1    1    0    1    1    1    0    0    0    1    1    1    1    1    1    1    1    0    1    1    0    0    1    1    1    0    1    1    1    1    1    1    0    0    1    1    1    1    1    1    0    1    1    1    1    1    1    1    0    0    0    0    1    1    0    0    0    1    0    0    1    0    0    0    0    0    1    0    0    0    0    0    1    0    1    1    0    0    1    0    0    1    1    0    0    0    0    0    1    1    0    0    0    0    0    0    1    0    1    0    0    1    0    1    0    0    0    0    1    0    0    0    1    0    0    1    0    0    0    0    1    0    1    0    0    1    0    1    0    0    0    0    0    0    0    1    0    0    0    1    0    0    1    0    0    
100    0.0387287    0.828834    1    1    1    1    1    1    1    0    1    1    1    1    1    1    1    1    1    1    1    1    1    1    1    1    1    1    1    1    0    1    1    1    1    1    1    1    1    1    1    1    1    1    1    1    1    1    0    1    1    1    1    1    1    1    1    1    1    1    1    1    1    1    1    1    1    1    1    1    1    1    1    1    0    1    0    1    0    1    1    1    1    1    1    1    1    1    1    0    1    1    1    1    1    1    1    1    1    1    1    1    0    0    0    0    0    0    0    0    0    0    0    0    1    0    0    1    0    0    1    0    0    0    0    1    1    1    1    0    0    0    0    0    0    0    0    0    1    1    0    0    0    0    0    0    1    0    0    1    0    0    0    0    0    0    0    1    0    1    1    1    0    0    0    0    0    0    0    0    0    0    1    0    1    0    0    0    1    1    1    0    1    0    1    0    1    0    0    0    0    1    0    0    1    0    1    0    1    0    1    1    
100    0.154253    0.645267    1    1    1    0    1    1    1    1    1    1    1    1    0    1    1    1    1    1    1    1    1    1    1    1    1    1    1    1    1    1    1    1    1    1    1    1    1    0    1    1    0    0    0    1    1    1    1    1    1    1    1    0    1    1    1    1    1    0    1    1    1    1    1    1    1    1    1    1    1    1    1    0    1    1    1    1    1    1    1    1    0    1    0    1    1    1    1    0    1    1    1    1    1    1    0    1    1    1    1    1    0    0    0    0    0    1    1    0    1    1    0    1    0    0    0    0    1    0    0    0    0    0    0    0    0    0    0    0    1    0    0    0    0    0    0    1    1    0    1    0    1    1    0    1    1    0    0    1    1    0    0    1    0    0    0    0    0    0    1    0    0    0    0    0    0    0    1    0    0    1    0    0    0    0    1    0    0    0    0    0    0    0    1    0    1    1    0    0    0    0    1    1    1    0    0    0    0    0    1    0    
100    0.781962    0.489626    0    1    1    0    1    1    0    1    1    1    1    1    1    0    1    1    1    1    1    1    1    1    1    1    1    1    1    1    0    1    0    1    1    1    1    1    1    1    1    0    1    0    0    1    1    1    1    0    1    0    1    1    0    1    1    1    1    1    1    1    1    1    1    1    1    0    0    1    1    1    1    1    1    1    1    1    1    1    1    1    0    1    0    1    1    1    1    1    1    0    1    1    1    1    1    1    1    0    1    0    0    0    0    1    0    0    0    1    0    0    1    0    0    0    0    0    0    0    0    1    0    0    0    1    1    0    0    1    0    0    0    0    1    1    0    1    0    0    0    0    0    0    0    0    0    1    0    0    0    1    0    0    0    1    0    0    0    0    0    1    0    0    0    0    0    1    0    0    0    0    1    0    1    0    0    1    0    0    1    1    0    0    1    1    0    0    0    1    0    0    1    0    1    0    1    1    0    0    0    0    
100    0.37069    0.504239    1    1    1    1    1    1    0    1    1    1    1    1    1    1    0    1    1    0    1    1    1    1    0    1    1    1    1    1    1    1    1    1    1    1    1    1    1    1    1    1    1    1    1    1    0    1    1    1    1    0    1    1    1    1    1    1    1    1    1    0    1    1    1    1    1    1    1    1    1    1    1    1    1    1    1    1    1    1    1    1    1    1    0    1    1    1    1    1    1    1    1    1    1    1    1    1    1    1    1    1    1    0    0    1    1    1    0    1    1    0    0    1    0    0    0    0    1    0    0    0    0    0    0    0    0    0    0    1    0    1    0    1    1    1    1    0    0    0    1    0    0    0    1    1    0    1    1    1    0    0    0    1    0    0    0    1    0    0    1    0    0    0    0    0    0    1    1    0    0    1    0    0    0    0    1    0    0    1    1    0    0    0    0    1    1    1    0    0    0    0    1    0    1    1    0    0    1    0    1    0    
100    0.424831    0.512493    1    1    1    1    0    1    1    1    1    1    1    1    1    1    1    1    1    1    0    1    1    1    0    1    1    1    1    1    1    1    0    1    1    1    1    1    1    1    1    0    1    1    0    1    1    0    0    1    1    1    1    1    1    1    1    1    1    1    1    1    1    1    1    1    1    0    1    1    0    1    1    1    1    1    1    1    1    1    1    1    1    0    1    1    1    0    0    1    1    1    1    1    1    1    1    1    1    1    1    1    0    0    0    1    0    0    0    0    0    1    0    0    0    0    0    0    0    0    0    0    0    0    1    1    0    0    1    0    0    0    1    0    0    0    1    0    0    1    0    0    1    0    0    1    0    0    0    0    0    1    0    1    0    0    0    1    0    0    0    0    0    1    0    0    1    0    0    0    1    0    1    0    1    0    0    0    0    0    0    0    0    0    1    0    0    1    0    1    0    0    0    0    0    1    0    0    1    0    0    0    
100    0.425779    0.799605    1    1    1    1    1    1    1    1    1    1    1    1    1    0    1    1    1    1    1    1    1    1    1    1    1    1    0    1    0    0    1    1    1    1    0    1    0    1    1    1    1    1    0    0    0    1    1    1    1    1    1    1    1    1    1    1    1    1    1    1    1    1    1    1    1    0    1    1    1    0    1    1    1    1    1    1    1    1    1    1    1    1    1    0    0    1    1    1    1    1    1    1    1    0    1    1    1    1    0    0    0    0    1    1    1    0    0    0    0    0    0    1    0    1    0    0    0    0    0    0    0    0    1    1    0    1    0    0    0    0    1    0    0    1    0    0    1    0    1    0    0    0    0    1    0    1    0    0    0    0    0    0    1    0    0    0    0    0    0    0    0    1    0    0    0    0    1    0    1    0    0    1    0    0    0    1    0    0    0    0    0    0    0    0    0    0    0    0    0    0    0    1    0    0    1    1    1    0    0    1    
100    0.839182    0.287123    1    0    1    1    1    1    1    1    1    1    1    1    0    1    1    1    1    1    1    1    1    1    1    1    0    1    1    1    1    1    1    1    1    0    1    1    1    1    1    1    1    1    1    0    1    1    1    1    1    1    1    0    1    1    1    1    1    1    1    1    1    1    1    1    0    1    1    1    0    1    1    1    1    1    1    1    1    1    1    1    1    1    1    1    1    1    1    1    0    1    1    1    1    1    1    1    1    1    1    0    1    1    0    1    0    0    1    0    1    0    0    0    0    0    0    1    0    1    1    0    0    1    0    0    0    0    0    0    1    0    0    1    0    0    0    1    0    0    0    0    0    1    1    0    1    0    0    0    0    0    0    1    0    1    0    0    0    0    0    1    0    1    0    1    1    0    0    0    1    0    1    0    0    1    0    0    0    0    0    0    0    1    1    1    0    0    0    1    0    0    0    1    0    0    1    0    0    0    0    0    
100    0.788053    0.0691222    1    1    1    1    1    0    1    1    1    1    1    1    1    1    0    1    1    1    1    1    1    0    1    1    1    1    1    1    1    1    1    1    1    1    1    1    1    1    1    1    1    1    1    1    0    1    1    1    1    1    1    1    1    1    1    1    1    1    0    1    1    1    1    1    1    1    1    1    1    1    1    1    1    1    1    1    1    1    0    1    1    1    1    0    1    1    1    1    1    1    1    1    1    1    0    1    1    1    1    1    0    1    1    0    0    0    1    0    1    0    0    1    0    1    0    0    0    0    0    0    1    0    0    0    0    1    0    1    0    0    1    0    1    0    0    0    0    0    0    0    1    0    1    0    0    0    1    1    0    1    0    0    0    0    0    0    0    0    1    1    0    0    0    0    0    0    0    0    0    0    1    0    1    0    0    0    0    1    0    0    0    0    0    0    0    0    0    0    1    0    0    1    0    0    1    0    0    0    0    0    
100    0.370543    0.145679    1    1    0    1    1    1    0    1    1    1    1    1    0    0    0    1    1    1    0    1    1    0    1    1    1    1    1    1    1    1    0    1    1    0    1    1    1    1    1    0    0    1    0    0    0    1    1    0    0    1    1    1    0    0    1    1    0    1    0    1    1    1    1    0    0    1    1    1    1    0    0    0    1    0    1    0    1    1    0    1    1    1    1    1    1    1    0    1    1    0    1    1    1    1    1    1    0    1    0    1    0    0    0    1    0    0    0    0    0    0    0    0    0    1    0    0    0    0    1    1    0    0    1    0    0    0    1    1    0    0    0    0    0    0    0    0    0    0    0    0    1    1    0    1    1    1    0    0    1    0    0    0    0    0    0    1    0    0    0    0    0    0    0    0    1    0    0    0    0    0    0    1    0    0    1    1    0    1    1    0    1    0    0    0    0    1    0    0    0    0    1    1    1    0    0    0    0    0    1    0    
100    0.373354    0.703079    1    1    0    1    1    1    0    0    1    1    1    1    1    1    1    1    1    1    1    1    1    0    1    1    1    1    1    1    1    1    1    1    0    0    1    1    1    1    1    1    1    1    1    1    1    1    1    0    1    1    1    1    0    1    1    0    0    1    1    1    1    1    1    1    1    1    1    1    1    1    1    1    1    1    1    1    1    1    1    0    1    1    1    1    1    1    1    1    0    1    1    1    1    1    1    0    0    1    1    1    1    0    1    0    1    0    1    0    1    1    0    0    0    0    0    0    0    0    0    0    0    0    0    1    0    0    0    1    0    1    0    1    1    1    0    1    1    1    0    0    1    0    0    0    1    0    0    0    0    0    0    1    1    0    0    1    1    0    0    0    0    1    0    0    0    0    0    1    0    1    0    0    0    0    0    0    1    0    0    0    0    0    1    0    1    0    1    1    0    0    1    0    0    0    0    1    1    0    1    0    
100    0.936455    0.698929    1    1    1    1    1    1    1    1    1    1    1    1    1    1    1    1    1    1    1    1    0    1    0    1    1    1    1    1    0    1    1    1    1    1    0    1    1    0    1    1    1    1    1    1    1    1    1    1    1    1    1    1    1    1    0    1    1    1    1    1    1    1    1    1    1    1    0    1    1    0    1    1    1    1    1    1    1    1    1    1    1    1    1    1    1    1    1    1    1    1    1    1    0    1    1    1    1    1    1    1    0    0    0    0    0    0    1    1    0    0    0    0    1    0    0    1    0    1    0    1    0    0    0    1    0    0    0    0    0    0    0    0    1    0    0    1    0    0    0    0    0    0    0    0    0    0    0    0    0    0    0    0    0    0    0    0    1    1    0    1    0    0    0    0    0    0    0    0    1    1    0    0    0    0    0    0    0    0    0    0    1    1    0    0    0    0    1    0    1    1    1    0    0    0    0    0    1    0    0    0    
100    0.873105    0.739906    0    1    1    1    1    1    1    1    1    0    0    1    1    1    1    1    1    1    1    1    1    1    1    1    1    1    1    0    1    1    1    1    1    1    1    1    1    1    1    1    1    1    1    1    1    1    1    1    0    0    1    1    1    1    0    1    1    1    1    1    1    1    1    1    1    1    1    1    1    1    1    1    1    1    1    1    1    1    1    1    1    1    1    1    1    0    1    1    1    1    1    1    1    1    1    1    1    1    1    1    0    1    0    1    1    0    1    0    1    1    0    1    0    0    0    0    0    1    0    1    0    0    1    0    1    0    0    0    0    0    0    0    1    0    1    0    0    0    1    0    0    1    1    0    0    1    0    1    0    0    0    0    0    0    0    0    0    0    1    0    1    1    1    0    1    0    0    0    1    0    0    0    1    0    1    0    0    0    0    1    0    0    0    1    0    0    1    0    0    0    0    0    0    1    1    0    0    0    0    0    
100    0.356387    0.196987    1    1    1    1    1    0    1    0    1    1    1    1    1    0    1    1    1    1    1    1    1    1    1    0    0    1    0    1    0    1    1    1    0    0    1    0    0    1    1    0    1    0    1    0    1    1    1    1    1    0    0    1    1    0    1    1    1    1    1    1    1    1    0    1    1    1    1    1    1    1    0    0    1    1    1    1    1    1    1    1    1    1    1    0    1    1    0    1    1    0    1    0    1    0    0    1    0    1    1    1    0    0    1    0    0    0    0    1    0    0    1    1    0    0    1    1    0    1    0    0    0    0    0    0    0    0    0    0    0    0    0    0    0    0    1    1    0    1    0    1    0    0    0    0    0    0    0    0    0    0    0    1    1    0    1    0    0    0    1    0    0    0    0    0    1    1    0    0    0    1    0    0    1    0    1    1    0    0    1    0    1    0    0    1    0    0    0    1    0    0    0    0    1    0    0    0    0    1    1    0    
100    0.28109    0.892691    1    1    1    1    1    1    0    1    0    1    1    1    1    1    1    1    1    0    1    1    0    1    1    1    0    0    0    1    0    1    0    1    1    1    1    0    1    1    1    1    1    1    1    1    1    1    1    1    1    1    1    1    1    0    1    0    1    1    1    1    1    1    0    1    1    1    1    1    1    1    1    1    1    1    1    1    1    1    1    1    1    1    1    1    0    1    0    1    1    1    1    1    1    1    1    1    1    0    1    1    0    0    1    0    1    0    0    0    0    0    0    0    0    0    0    0    0    0    0    0    0    0    1    0    0    1    0    1    0    0    0    1    0    0    1    0    0    0    0    0    0    0    0    1    0    0    1    1    0    0    0    0    0    0    0    1    0    0    1    0    0    0    0    0    1    0    0    0    0    0    0    1    0    0    0    0    0    0    0    1    0    1    0    1    1    0    1    0    1    0    0    1    0    1    0    0    1    0    0    1    
100    0.85907    0.490281    1    1    1    1    1    1    1    1    1    1    1    1    1    1    1    1    1    1    1    1    1    1    1    0    1    1    1    1    1    1    1    1    1    1    1    1    1    1    1    1    1    1    0    1    1    1    1    1    1    1    0    1    1    1    0    1    0    0    1    1    1    1    1    1    1    0    1    1    1    1    1    1    0    1    1    1    1    1    1    1    1    1    1    1    1    0    1    1    1    1    0    1    1    1    1    1    1    1    0    1    0    1    0    0    0    0    0    0    0    1    0    0    0    0    1    0    0    0    0    1    1    0    0    1    0    0    0    0    0    0    0    0    0    0    1    1    0    1    0    0    0    0    1    0    0    1    0    0    1    0    0    1    0    0    0    1    0    0    0    0    1    1    1    1    0    0    1    0    1    1    1    0    1    1    0    0    0    0    0    0    0    0    0    0    0    1    0    0    0    1    1    0    1    0    1    0    1    0    0    0    
100    0.242366    0.0438489    1    0    1    1    1    1    1    0    1    1    1    1    1    1    1    0    1    0    1    1    0    0    0    1    0    1    1    1    1    1    1    1    0    1    0    1    1    1    1    1    1    1    1    1    1    1    1    0    1    1    0    1    0    1    1    1    1    0    1    1    1    1    0    1    0    1    1    1    0    1    1    1    1    1    0    1    1    0    1    0    1    1    1    1    1    0    1    1    1    0    1    0    1    1    1    1    1    1    1    1    0    1    1    1    0    0    0    0    0    0    1    1    0    0    0    0    1    0    0    1    0    0    1    1    1    1    0    1    0    0    0    0    0    0    0    0    1    0    0    0    1    0    0    1    0    1    0    1    0    0    0    0    0    1    0    0    0    0    1    0    0    0    0    0    0    0    0    1    0    0    0    1    0    1    0    0    0    0    1    1    0    0    0    0    0    0    0    0    0    0    0    0    0    0    0    0    0    0    0    0    
100    0.617285    0.893715    1    1    1    1    0    1    1    1    1    1    1    1    1    1    1    1    1    0    0    1    1    1    1    0    1    0    1    1    1    1    1    0    1    0    1    1    1    1    1    1    1    1    1    1    1    1    1    1    1    1    1    1    1    1    0    1    1    1    1    0    0    1    1    1    1    1    0    0    1    1    1    1    1    1    1    0    1    1    1    1    1    1    1    1    0    1    1    1    1    1    0    1    1    1    0    1    0    1    1    1    1    0    0    1    0    0    0    0    1    1    0    1    1    0    1    0    1    0    0    0    0    0    0    0    0    1    1    1    0    0    0    0    0    0    0    0    0    1    0    0    1    0    0    0    1    0    1    0    0    0    0    0    0    1    0    0    0    0    0    1    1    0    1    1    0    0    0    0    0    0    0    0    1    0    0    0    0    1    1    0    0    0    0    0    1    0    0    1    0    0    0    0    0    0    1    1    0    1    0    0    
100    0.906223    0.281741    1    1    0    1    1    1    1    1    0    1    1    1    1    1    1    1    1    1    1    1    1    1    1    1    1    0    0    1    1    1    1    1    1    1    1    1    1    1    1    1    1    0    1    1    0    1    1    0    0    1    0    0    1    1    1    1    1    1    1    1    1    1    1    1    1    1    1    1    1    1    1    0    1    1    1    1    1    1    1    1    0    1    1    1    0    1    0    1    1    1    1    1    1    1    1    1    1    1    1    1    0    1    0    0    0    1    1    0    0    1    0    0    1    0    0    1    0    1    0    0    0    0    0    1    1    0    0    1    1    0    0    0    1    0    0    0    0    0    1    0    0    1    0    1    0    0    0    0    0    0    0    0    1    0    0    0    0    0    0    0    1    0    1    1    0    0    1    1    0    0    0    0    0    1    0    0    1    1    1    0    1    1    0    1    1    1    0    0    1    0    1    1    0    0    0    0    0    0    0    0    
100    0.968849    0.314691    1    1    1    1    1    1    0    1    1    1    1    1    0    0    1    1    1    1    1    1    1    0    1    1    1    1    1    1    1    1    1    1    1    1    0    1    1    1    1    1    1    0    1    1    1    1    0    1    1    1    1    1    1    1    1    0    0    1    1    1    1    1    0    0    1    1    1    1    1    1    1    1    1    1    1    1    1    1    1    1    1    1    1    1    1    1    1    1    1    1    1    0    1    1    0    1    0    1    1    1    0    0    1    0    0    1    0    0    0    0    1    0    0    0    0    0    0    1    0    0    0    1    0    1    0    0    0    1    0    0    1    0    0    0    0    0    0    0    0    0    0    0    0    0    0    1    0    0    0    0    0    0    0    0    1    0    0    0    0    0    0    1    1    1    1    0    1    1    1    1    0    0    0    1    0    0    0    0    0    1    0    1    1    1    0    0    0    1    1    0    0    0    1    1    0    0    0    0    0    0    
100    0.0219914    0.539059    1    1    1    1    1    1    1    1    0    1    0    1    1    1    1    0    1    1    0    1    0    1    1    1    1    1    1    1    1    1    1    1    1    1    1    1    0    1    1    1    1    1    1    1    1    1    0    0    1    1    0    1    1    1    1    1    1    1    1    1    1    1    1    1    1    0    1    1    1    1    1    1    1    1    1    1    1    1    1    1    1    1    1    1    1    1    0    1    1    1    1    1    1    0    1    1    1    1    1    1    0    1    1    0    0    0    0    0    0    0    1    0    0    0    0    1    0    0    0    0    1    0    0    1    1    0    0    1    0    0    0    1    1    1    0    1    0    1    0    0    0    1    0    0    1    1    0    0    1    0    0    0    0    1    0    0    0    0    1    0    1    0    0    0    1    0    0    1    1    0    0    1    0    0    0    1    1    0    0    0    0    0    0    1    0    0    0    0    1    0    0    0    1    0    0    0    0    1    1    1    
100    0.712881    0.871098    1    1    1    0    1    1    1    1    0    0    1    1    1    1    0    1    1    1    1    1    1    1    1    1    0    1    1    1    0    0    1    1    1    1    1    1    1    1    0    1    1    1    1    1    1    1    0    1    1    1    1    1    1    1    1    1    1    1    1    1    1    1    1    1    1    1    0    1    1    1    1    1    1    1    1    0    1    1    0    1    1    1    1    1    0    1    1    1    1    1    1    1    0    1    1    1    1    1    1    1    0    0    1    0    0    0    1    0    0    0    0    0    0    0    1    0    1    0    0    0    0    0    1    0    1    0    0    0    0    0    0    1    0    0    0    1    0    0    0    0    0    0    0    0    0    1    1    0    0    0    0    0    1    1    0    0    0    1    1    1    1    0    0    0    0    1    0    0    0    0    0    1    0    1    0    0    0    0    0    0    0    0    0    1    0    0    1    1    0    0    0    1    0    0    0    0    0    0    0    0    
100    0.39858    0.375848    0    1    1    1    1    1    1    1    1    1    1    1    1    1    1    1    1    1    0    1    1    1    1    1    1    1    0    1    1    1    1    1    1    1    1    1    0    1    1    1    0    0    1    1    1    1    1    1    1    1    1    1    1    1    1    0    1    1    1    1    1    0    1    1    1    1    1    1    1    1    0    1    1    1    1    1    1    1    1    1    1    0    1    1    1    1    1    1    1    0    0    1    1    1    1    1    1    1    1    1    0    0    0    1    0    0    0    0    1    0    0    0    1    0    0    0    0    0    1    1    0    0    0    0    0    0    0    0    0    1    1    1    0    0    1    0    0    0    0    0    0    0    0    0    0    0    0    0    1    1    0    0    0    0    1    0    0    1    0    0    0    0    0    0    1    0    0    0    0    0    1    0    1    1    0    0    0    1    0    0    0    1    0    1    0    0    0    1    0    0    1    0    0    0    0    0    1    1    0    0    
100    0.92071    0.942949    0    1    1    1    1    1    0    1    0    1    1    1    1    1    1    1    1    1    0    1    1    1    1    1    1    1    1    1    1    1    1    1    1    1    1    1    1    1    1    1    1    1    1    1    1    1    1    1    0    0    1    1    1    1    1    1    1    1    1    1    1    1    1    1    1    1    1    1    1    1    1    1    0    1    1    1    1    1    1    1    1    0    1    0    1    1    1    0    1    1    0    1    1    1    1    1    1    1    1    1    0    1    0    0    1    0    0    0    0    0    1    0    0    0    1    0    0    1    0    1    1    0    0    0    1    0    0    1    0    0    0    0    0    0    0    0    0    1    0    0    0    1    0    1    0    0    0    0    0    0    0    1    1    1    0    0    0    0    1    1    1    1    1    0    1    1    0    0    0    1    0    0    0    0    1    0    0    1    0    0    0    1    1    1    1    1    1    0    1    0    1    0    1    0    0    0    1    0    0    0    
100    0.927836    0.832837    1    1    1    1    1    1    1    0    1    1    1    1    1    1    1    1    1    1    1    1    1    0    1    1    0    1    1    1    1    0    0    1    1    1    1    1    1    1    1    0    1    1    1    1    1    1    1    1    1    1    1    1    1    1    1    1    1    1    1    1    1    1    1    1    1    1    1    1    1    1    1    1    1    1    1    1    1    1    1    1    1    1    1    0    1    1    1    1    1    1    1    0    1    0    1    1    1    1    1    1    0    0    0    0    0    0    0    0    0    0    1    0    0    1    0    1    0    1    0    0    0    0    0    0    1    1    0    1    0    0    1    0    1    0    0    1    0    0    0    0    0    0    0    0    1    1    0    0    0    1    1    0    1    1    0    1    0    0    0    0    0    0    0    0    0    0    0    0    0    0    1    0    1    0    0    1    0    1    0    1    0    0    0    1    0    0    0    0    1    0    0    0    1    0    0    0    0    1    0    0    
100    0.677188    0.144231    1    1    1    1    1    1    1    1    1    1    1    1    1    1    1    1    1    1    1    1    1    1    1    1    1    1    1    1    1    1    1    1    1    1    1    1    1    1    1    1    1    1    1    1    1    1    1    1    1    1    1    1    1    1    1    1    1    1    1    1    1    1    1    1    1    1    0    1    0    1    1    1    1    1    1    1    1    1    1    1    1    1    1    1    1    1    1    1    1    1    1    1    1    1    1    1    1    1    1    0    0    1    0    0    1    0    1    0    0    0    0    1    1    1    0    0    0    1    1    0    0    0    0    1    1    0    0    0    0    0    0    1    0    1    0    1    1    0    0    1    0    1    0    0    0    0    0    0    0    0    1    0    0    0    1    0    0    0    0    0    1    1    0    1    0    0    0    1    0    1    0    0    0    0    0    0    0    1    0    0    0    0    1    0    1    0    0    0    1    1    0    0    0    1    0    1    0    0    0    1    
100    0.313532    0.741937    0    0    1    0    1    1    0    1    1    1    1    1    1    1    1    1    1    1    0    1    1    1    1    1    1    1    1    1    1    1    1    1    1    1    1    1    1    1    1    1    1    1    1    1    1    1    1    1    1    1    1    0    0    1    1    0    1    1    1    1    1    1    1    1    1    0    1    1    1    1    1    1    0    1    1    1    0    0    1    1    1    1    1    1    1    1    1    0    1    1    1    1    1    1    1    1    1    1    1    1    0    0    1    0    1    0    0    0    0    0    0    1    0    0    0    0    0    0    0    0    0    1    0    0    0    0    0    1    0    0    0    0    1    0    0    1    0    1    0    0    1    0    0    1    0    0    0    0    0    1    0    0    0    1    0    0    0    0    0    0    1    0    1    0    0    0    0    0    0    0    0    0    0    0    0    0    1    0    0    0    0    0    0    1    0    1    0    0    0    0    0    1    0    0    0    0    0    0    0    1    
100    0.859514    0.657415    1    1    1    0    1    1    1    1    1    0    1    1    1    1    1    1    1    1    1    1    1    1    1    0    1    1    1    1    1    1    1    1    1    0    0    0    1    1    1    1    0    1    1    1    1    1    1    1    1    1    0    0    0    1    1    1    1    1    1    1    1    1    1    1    1    1    1    1    1    1    1    1    1    1    1    1    1    1    1    1    1    0    1    1    1    1    1    1    1    1    1    1    1    1    1    1    1    1    0    1    0    1    0    0    0    0    0    0    1    1    0    0    0    0    0    1    0    0    0    0    0    0    0    0    1    0    0    1    0    1    0    0    0    0    1    0    0    0    0    1    0    0    0    0    0    1    0    0    0    0    0    0    0    1    0    1    1    0    0    1    1    0    1    0    0    0    1    0    1    1    1    0    0    1    0    0    0    0    0    0    1    0    0    1    0    1    0    0    0    0    0    0    0    0    0    0    0    0    0    1    
100    0.127218    0.474637    1    1    1    1    1    1    1    0    1    1    0    1    0    1    1    0    1    1    1    1    1    1    1    1    1    1    1    1    1    0    0    1    1    1    1    0    1    1    0    1    0    1    1    0    0    1    0    1    1    1    0    0    0    1    1    1    1    1    1    1    1    1    0    1    1    1    0    0    0    1    1    1    1    1    1    1    1    1    1    1    1    1    1    0    0    1    0    0    0    0    1    1    1    1    1    1    1    1    1    1    0    0    0    0    0    0    1    1    0    0    1    0    1    0    0    0    0    0    0    1    0    0    0    0    0    1    0    1    1    1    0    0    0    0    0    0    0    0    1    0    0    0    0    0    0    0    0    0    0    1    1    1    0    1    0    0    0    0    0    0    0    0    0    0    0    1    0    1    0    1    0    0    0    0    0    0    0    0    0    1    0    0    0    1    0    1    0    0    0    0    0    1    0    0    1    1    1    0    1    0    
100    0.912689    0.754882    1    1    0    1    1    1    1    1    1    1    0    1    1    1    1    1    1    1    1    1    1    1    0    1    1    1    1    1    1    1    0    1    1    1    1    1    1    1    1    1    1    1    1    1    0    1    1    1    1    1    1    1    1    0    1    1    1    0    1    1    1    1    1    1    0    1    1    1    1    1    0    1    1    1    1    1    1    1    1    0    1    1    1    1    1    1    1    1    1    1    1    1    1    1    1    1    1    1    1    1    0    0    0    0    0    0    0    1    0    0    0    0    0    1    0    0    1    0    1    0    0    0    0    1    1    0    0    1    1    1    0    0    0    0    0    0    0    0    0    0    0    0    0    1    1    1    0    0    1    0    0    0    1    1    1    0    0    0    0    0    1    1    1    0    0    1    0    0    0    0    0    0    0    0    0    1    0    0    1    0    0    0    0    1    0    1    1    1    0    0    0    0    0    0    1    0    0    0    0    1    
100    0.995337    0.824593    1    0    1    1    1    1    1    1    1    1    1    1    1    1    1    0    0    1    1    1    1    1    1    1    1    1    1    1    1    1    1    1    1    1    1    1    1    1    1    1    1    1    1    0    1    1    1    1    1    1    1    1    1    1    1    1    1    1    1    1    1    1    1    1    1    1    1    1    1    1    1    1    1    1    1    1    1    1    1    1    1    1    1    0    0    1    0    1    1    1    1    1    1    1    1    1    1    1    1    0    0    0    1    0    0    0    0    0    1    1    1    0    0    1    0    0    0    0    0    1    0    1    0    1    0    1    0    0    0    1    0    0    1    1    0    1    0    1    0    1    0    0    0    1    0    0    0    0    0    0    0    0    0    0    0    0    1    1    0    0    1    0    0    1    0    0    0    1    0    0    0    0    0    0    0    1    0    0    0    0    0    0    0    0    0    1    0    1    0    0    1    0    1    1    0    0    0    0    0    0    
100    0.0752522    0.389073    0    1    0    0    1    1    0    1    1    0    1    1    0    0    0    1    0    1    1    1    1    1    0    1    1    1    1    1    1    0    1    1    1    1    1    1    1    0    0    1    0    1    1    0    0    1    0    1    1    1    1    1    0    1    1    0    1    1    1    0    1    1    0    1    1    1    1    1    1    1    1    1    0    1    1    1    1    1    1    1    1    1    1    1    1    1    1    0    1    1    1    1    1    0    0    1    1    0    0    1    1    1    1    0    0    1    0    0    0    0    0    0    1    0    0    0    1    1    0    0    0    0    0    0    0    1    0    0    1    0    0    1    1    0    0    0    1    0    0    0    1    1    0    1    0    0    0    0    0    0    1    0    0    0    0    1    0    0    0    1    1    0    0    0    0    0    0    1    0    0    0    1    0    0    0    0    1    0    0    0    0    0    0    0    0    0    0    0    1    0    1    0    0    0    0    0    0    1    0    0    
100    0.513341    0.254408    1    1    1    1    1    1    1    1    1    1    1    1    1    1    1    1    0    1    1    1    1    0    1    1    0    1    0    1    0    1    1    1    1    1    1    1    1    0    1    1    1    1    1    1    1    1    1    1    0    1    1    1    0    1    1    1    1    1    1    1    1    0    1    1    1    1    1    1    1    1    0    1    1    1    1    1    1    1    0    1    1    1    1    1    1    0    1    1    1    1    1    1    1    1    0    1    1    1    1    1    0    0    0    0    0    0    0    0    0    0    1    0    1    1    0    0    0    1    0    0    0    0    0    0    0    0    0    0    0    1    0    0    0    1    1    1    0    1    1    1    0    1    0    0    0    0    0    0    1    0    1    1    0    1    0    1    1    0    0    0    0    0    0    0    0    1    1    1    0    1    1    0    0    1    0    0    1    0    1    1    0    0    1    0    0    0    0    0    0    0    0    0    1    0    0    0    1    0    1    0    
100    0.282266    0.883569    1    0    1    1    0    0    1    1    0    1    1    1    1    1    1    1    1    1    1    1    1    0    0    1    1    1    0    1    1    1    1    1    1    1    1    1    0    1    1    1    1    1    1    1    0    1    1    1    0    0    0    1    1    0    1    1    1    1    1    1    1    1    1    1    1    1    1    1    1    1    1    1    1    1    0    1    1    1    0    1    1    1    1    1    1    0    1    0    1    1    1    1    1    1    1    1    0    1    1    1    0    0    0    0    0    0    0    0    0    0    0    0    1    0    0    1    0    0    0    0    0    0    0    1    0    0    0    0    0    1    0    0    1    0    0    1    0    0    0    0    0    0    0    0    0    1    1    0    0    1    0    1    1    1    0    0    0    0    0    0    0    0    0    1    0    0    0    0    0    0    0    0    0    1    0    0    1    1    1    1    1    0    0    0    0    0    0    0    0    0    0    0    0    0    0    0    1    0    0    0    
100    0.199245    0.623025    1    1    1    1    1    1    1    1    1    1    1    1    0    1    1    1    0    0    1    1    1    1    1    1    1    1    1    1    1    0    1    1    1    1    0    1    0    1    1    1    1    1    1    1    1    1    1    1    1    0    1    0    1    1    1    1    1    1    1    1    1    1    1    1    1    1    1    1    0    1    1    1    0    1    1    1    1    1    1    1    1    1    1    1    1    1    1    1    1    1    1    0    0    1    1    1    1    1    1    1    0    0    0    1    0    0    1    0    0    0    0    0    0    0    0    0    0    0    1    1    0    0    1    0    0    1    0    1    0    0    1    0    1    0    1    0    0    1    1    0    0    0    0    0    0    0    0    0    0    1    1    1    0    0    0    0    0    0    0    0    0    1    1    0    0    1    0    0    1    0    1    0    0    1    0    0    0    0    0    0    0    0    1    1    0    0    1    1    0    1    1    1    0    0    0    0    1    0    0    0    
100    0.831891    0.221516    1    1    1    1    1    1    1    0    1    1    0    1    1    1    1    0    1    1    1    1    1    1    1    1    1    1    1    1    1    1    1    1    1    1    0    1    1    0    0    1    1    1    0    1    1    1    1    1    1    1    1    0    1    1    1    1    0    0    1    0    1    1    0    1    1    1    1    1    1    1    1    0    1    1    1    1    1    1    1    1    1    1    1    1    1    1    1    1    1    1    0    0    1    1    1    0    1    1    1    1    0    1    1    1    1    0    0    0    0    0    0    0    1    0    1    0    0    0    1    0    0    0    0    1    1    0    0    0    0    0    0    0    0    0    0    0    0    0    0    1    0    0    0    0    0    1    0    1    0    0    1    0    1    1    0    0    1    0    0    0    0    0    1    0    1    0    1    0    0    0    1    1    0    1    1    0    0    0    1    0    0    0    0    1    0    0    1    0    0    0    1    0    0    1    0    1    1    0    0    0    
100    0.383088    0.274563    1    1    1    1    1    1    1    0    1    1    1    1    1    1    0    0    0    1    1    0    1    1    1    1    1    1    1    1    0    1    1    1    1    1    1    1    1    0    0    1    1    0    0    1    0    1    1    1    0    1    1    1    1    1    1    1    1    0    1    1    1    0    1    0    0    1    0    1    1    1    1    1    1    1    1    1    1    1    1    1    1    0    1    1    1    1    1    0    1    1    0    0    1    1    0    1    0    1    1    1    0    0    0    1    1    1    0    0    0    0    1    1    1    1    1    0    1    1    1    0    1    0    0    0    1    0    1    1    0    1    1    1    0    0    0    1    0    0    1    0    0    0    0    0    1    0    0    0    0    0    0    0    1    1    0    0    0    0    1    0    0    0    0    0    1    1    0    0    0    0    1    0    0    0    0    1    0    1    0    0    0    1    0    1    1    0    0    0    0    1    1    0    0    0    0    1    0    0    0    1    
100    0.238738    0.565007    1    1    1    1    0    1    0    1    1    1    1    1    1    1    1    1    1    1    1    1    0    0    1    1    1    0    1    1    1    1    1    1    1    1    1    1    1    1    1    1    1    1    1    1    1    1    1    1    1    1    1    1    1    0    1    1    1    1    1    1    0    1    1    1    1    1    1    1    1    1    0    1    1    1    1    1    1    1    1    1    1    1    1    1    1    1    1    1    1    1    1    1    1    1    0    1    1    0    1    1    0    1    0    0    0    0    1    0    0    0    0    0    0    0    0    0    0    0    0    0    0    0    0    0    0    0    1    1    0    0    1    1    0    0    0    0    0    0    0    0    0    0    0    0    1    0    0    0    0    1    0    0    0    0    0    0    0    0    1    0    0    0    0    0    1    1    1    0    0    0    0    0    0    0    0    1    0    0    0    0    0    0    1    1    1    0    0    1    0    0    0    0    0    0    0    0    0    0    1    1    
100    0.343049    0.663312    1    0    1    1    1    1    1    1    1    1    1    1    1    1    1    1    1    1    1    1    1    1    1    1    1    1    1    1    1    1    1    1    1    1    1    1    1    1    0    1    1    1    1    1    1    1    1    1    0    1    1    1    1    1    1    1    0    1    1    1    1    1    1    1    1    1    1    1    1    1    1    1    1    1    1    1    1    1    1    1    1    1    1    0    1    1    1    1    1    1    1    1    1    1    1    1    1    1    1    1    1    1    0    1    1    1    1    1    0    0    0    0    0    0    0    0    1    0    0    0    0    0    0    0    0    0    0    0    0    0    1    1    1    1    0    1    0    0    0    1    1    1    1    0    0    0    0    0    0    1    0    1    1    0    0    0    0    0    0    0    0    1    0    0    1    0    0    0    0    1    0    0    0    0    1    1    1    1    1    0    0    0    0    0    0    1    0    1    0    0    1    0    0    0    1    1    1    1    0    0    
100    0.660545    0.668714    1    1    1    1    1    1    1    1    1    0    1    1    1    0    1    1    0    1    1    0    1    1    0    1    1    1    1    1    1    1    1    1    1    1    1    1    0    1    0    1    1    1    1    1    1    1    1    1    0    1    1    1    0    1    1    1    1    1    1    1    1    1    1    1    1    1    1    1    1    1    1    1    1    1    1    1    1    1    0    1    1    1    1    1    0    1    1    1    1    1    0    1    0    1    0    1    1    1    1    1    1    0    0    0    0    0    0    1    1    0    0    0    1    0    0    0    0    0    0    0    0    1    1    0    0    0    0    0    0    0    0    1    1    0    0    0    0    0    0    1    1    0    0    0    0    0    1    0    0    0    0    0    1    0    0    1    0    0    1    0    0    0    1    0    1    1    0    0    0    0    1    1    0    1    1    0    0    0    1    0    1    0    0    0    0    0    0    0    0    0    1    0    0    0    0    0    0    1    0    1    
100    0.620211    0.138255    1    1    1    1    1    1    1    1    1    1    1    1    1    1    1    1    1    1    0    1    1    1    1    1    1    1    1    1    1    1    1    1    1    0    0    1    1    1    1    1    1    1    1    1    1    1    1    1    0    1    1    1    1    1    1    1    1    1    1    1    1    1    1    1    1    1    1    1    1    1    1    1    1    1    1    1    1    1    1    1    1    1    0    1    1    1    1    1    1    1    1    1    1    1    0    1    1    1    1    1    0    0    0    0    1    1    0    1    1    0    1    1    1    0    1    0    0    0    0    0    0    0    0    0    1    0    0    1    0    0    1    1    0    0    0    0    1    0    0    0    1    0    0    1    0    1    0    0    0    1    0    0    0    0    0    0    0    0    1    0    0    0    0    0    0    0    0    0    0    0    1    0    0    0    1    0    1    1    0    0    0    1    0    0    1    0    0    0    0    0    0    1    0    0    0    0    0    0    0    0    
100    0.219479    0.967543    1    1    1    0    0    1    1    1    1    0    1    0    1    1    1    1    1    1    1    1    1    1    1    1    1    0    1    1    1    1    1    1    1    1    1    0    1    1    1    1    1    0    1    1    1    1    1    1    0    1    1    1    1    0    1    1    1    1    1    1    1    1    1    1    1    0    0    1    1    0    0    0    1    0    1    1    0    1    1    0    1    1    0    1    0    1    1    1    1    1    1    1    1    1    1    1    1    1    1    0    0    0    0    0    1    0    0    1    0    1    0    0    1    0    0    1    0    1    1    1    0    0    1    1    1    0    1    0    0    0    1    0    0    0    1    0    0    1    1    0    0    0    1    1    1    0    0    1    0    0    0    1    0    0    0    0    0    0    0    0    0    0    1    0    0    0    1    0    0    0    0    1    0    0    0    0    0    0    0    1    1    0    0    0    0    0    0    0    0    0    1    1    0    1    0    0    0    0    0    0    
100    0.73286    0.572967    1    1    1    0    1    0    1    1    0    1    1    1    1    1    1    1    1    1    0    1    1    1    1    1    1    1    1    1    1    0    1    1    1    1    1    0    0    1    1    1    1    0    1    1    1    1    1    0    1    0    0    1    1    1    0    1    1    1    1    1    1    1    1    0    0    0    1    0    1    0    1    1    0    1    1    1    0    1    1    1    0    1    1    1    1    1    1    1    1    1    1    1    1    1    1    1    1    1    0    1    0    0    0    0    1    0    0    0    1    1    0    0    0    0    0    0    0    0    0    0    0    0    0    0    1    0    0    0    0    0    0    0    0    0    0    0    0    1    0    0    1    0    0    0    1    0    0    1    1    1    0    0    1    0    0    0    0    0    0    0    1    0    0    1    1    0    0    0    0    1    0    0    0    0    0    0    0    1    0    1    0    0    0    0    0    0    1    0    0    1    0    1    0    0    0    0    0    0    1    0    
100    0.644416    0.0437059    1    1    1    1    1    1    1    1    1    1    1    1    1    1    1    1    1    1    0    1    1    0    1    1    1    1    0    1    1    1    1    1    1    1    1    1    0    1    1    1    0    0    1    1    1    1    1    1    1    1    0    1    1    1    1    1    1    0    1    1    1    1    1    1    0    1    0    1    1    1    1    1    1    1    1    1    1    1    1    1    1    1    0    1    1    1    1    1    1    1    1    1    1    1    1    1    1    1    1    1    0    0    0    0    0    0    0    1    0    0    0    0    1    0    1    0    0    1    0    0    0    0    0    0    0    0    0    0    1    0    0    0    0    1    0    0    0    0    0    0    0    0    0    0    1    1    0    0    0    0    0    1    0    0    0    0    0    0    0    0    1    1    0    1    0    0    1    0    1    1    0    0    0    1    0    0    0    0    1    0    1    0    1    0    1    0    0    1    1    0    0    0    0    1    1    0    0    0    1    0    
100    0.701742    0.530703    1    1    0    1    1    1    1    1    1    1    1    1    1    0    1    1    1    1    1    1    1    0    1    1    1    0    1    1    1    1    0    1    1    1    1    1    1    1    1    0    1    1    1    1    1    1    0    1    1    1    1    1    1    0    0    1    1    1    1    0    1    1    1    1    1    1    1    1    1    1    1    1    1    1    1    1    0    1    1    1    1    1    1    0    0    0    1    1    1    0    1    1    1    1    1    1    1    0    1    1    0    0    0    0    0    1    0    1    1    0    0    1    0    0    0    0    0    0    0    1    0    0    0    0    0    1    0    1    0    0    0    0    1    1    0    0    1    0    0    0    0    0    0    0    1    0    1    0    0    0    0    0    1    1    0    0    1    1    0    1    0    0    1    0    0    1    1    0    1    0    0    1    0    0    0    0    0    0    1    0    1    0    1    0    0    0    0    1    0    1    0    0    0    1    1    0    0    0    0    0    
100    0.942697    0.75248    1    1    1    1    1    0    1    1    1    1    1    1    1    1    1    1    1    1    1    1    1    0    1    1    1    1    1    1    1    1    1    1    0    1    1    1    1    1    1    0    1    1    1    1    1    1    1    0    1    1    1    1    1    1    1    1    1    1    1    1    1    1    1    1    1    1    1    1    0    1    1    1    1    1    1    1    1    1    1    1    1    1    1    1    0    1    1    1    1    1    1    1    1    0    1    1    1    1    1    1    1    0    0    0    1    1    0    1    0    1    0    1    0    1    0    1    0    1    0    0    0    1    0    1    1    0    0    1    0    0    1    0    0    0    1    0    1    0    0    0    0    1    1    0    0    0    0    0    1    0    0    0    0    0    0    1    0    0    1    0    0    0    0    0    0    0    0    0    1    1    0    1    1    0    1    1    0    0    0    0    0    0    1    0    0    0    0    0    0    0    1    1    1    0    0    1    0    1    1    0    
100    0.584578    0.0769967    0    1    1    1    0    1    1    0    1    1    1    1    1    1    0    1    1    1    1    1    1    0    1    1    1    1    1    1    1    1    1    1    1    1    1    1    1    1    1    1    1    0    1    1    1    1    0    1    0    1    1    1    0    1    1    1    1    1    1    1    1    1    1    1    1    1    1    1    1    1    1    1    0    0    1    1    1    1    1    1    1    1    1    1    1    1    1    1    1    1    1    1    1    1    1    1    1    1    0    1    1    1    0    1    1    0    0    0    0    0    0    0    0    0    0    0    1    0    0    0    0    0    0    0    1    0    1    0    0    1    1    1    0    0    0    0    1    0    0    0    0    0    0    1    1    0    0    0    0    0    1    0    1    1    1    0    0    0    1    0    0    0    0    1    1    0    0    0    0    0    0    1    1    0    0    0    0    0    0    0    0    0    1    1    1    1    0    0    0    0    0    1    1    0    1    0    1    0    0    0    
100    0.674646    0.299261    0    1    1    1    1    1    1    1    1    1    1    1    1    1    1    1    1    1    1    1    0    1    1    1    1    1    1    0    1    1    1    1    1    1    0    1    1    1    0    1    1    1    1    1    1    1    1    1    1    1    1    1    0    1    1    1    1    1    1    1    1    1    1    1    1    1    0    1    1    1    1    1    1    1    0    1    1    1    1    1    1    1    1    1    1    1    1    1    1    1    1    0    1    1    0    1    1    1    1    1    1    0    1    1    0    0    1    0    0    0    1    0    1    0    1    0    0    1    0    0    1    0    0    1    0    0    0    0    1    1    1    0    1    1    0    1    0    0    0    1    0    0    0    0    0    0    0    0    1    1    1    0    0    0    0    0    0    0    0    1    0    0    0    1    0    0    0    0    1    0    0    0    0    1    1    1    1    1    0    1    1    0    1    0    0    0    0    0    0    0    1    0    0    1    1    0    0    0    0    1    
100    0.775564    0.987698    1    1    1    0    1    1    1    1    0    1    1    1    1    1    0    1    1    1    1    1    1    1    0    0    1    1    1    0    1    1    1    1    1    1    1    1    1    1    1    1    1    1    1    1    1    1    1    1    1    1    1    1    1    1    1    1    1    1    0    0    0    1    1    1    1    1    1    0    1    0    0    1    0    1    0    1    1    1    1    1    1    1    1    1    1    1    1    1    1    1    1    1    1    1    1    0    1    1    1    1    0    1    0    1    0    1    1    0    0    0    0    0    0    0    1    0    0    1    1    1    1    1    0    0    1    0    0    0    0    0    1    1    0    0    0    0    0    0    0    1    0    0    0    0    0    0    0    1    0    1    0    0    0    0    0    1    0    0    0    0    0    1    0    0    0    1    0    0    1    0    0    0    0    1    1    0    0    1    0    0    0    0    1    1    0    0    0    0    0    0    0    0    1    0    0    1    0    0    0    0    
100    0.152588    0.800866    1    0    1    1    1    0    1    1    0    1    1    1    1    1    0    1    0    1    1    1    1    1    1    1    1    0    1    1    1    1    0    0    1    1    0    0    1    1    1    1    1    1    1    1    1    1    1    1    1    0    1    1    0    1    1    1    1    1    1    1    1    1    1    1    1    1    0    1    1    1    1    1    1    1    1    1    1    1    1    1    0    1    1    1    1    1    0    1    1    1    0    1    1    0    1    1    0    1    1    1    1    0    1    0    0    1    1    0    0    0    0    0    0    0    1    0    0    0    0    0    0    0    0    0    0    0    1    0    0    0    0    1    0    0    0    1    0    0    0    0    0    0    0    0    0    1    0    1    0    0    0    0    0    1    0    1    1    0    0    0    0    0    0    0    0    0    0    1    0    1    0    0    0    1    0    1    0    0    1    0    0    1    0    0    0    0    0    0    1    1    1    0    1    0    1    1    0    0    0    0    
100    0.913874    0.884568    1    0    1    1    1    0    1    1    1    1    1    1    1    0    1    1    1    1    1    1    1    1    1    1    1    1    1    1    1    1    1    1    1    1    0    1    1    1    1    1    1    1    1    1    1    1    1    0    1    1    1    1    1    0    1    1    1    1    1    1    1    0    1    1    1    1    1    1    1    1    1    1    0    1    1    1    1    1    1    1    0    1    1    1    1    1    1    1    1    1    1    0    1    1    1    1    1    1    1    1    0    1    0    1    0    0    0    0    0    0    0    1    0    1    0    0    1    0    0    1    0    0    0    0    1    0    0    0    0    0    1    0    0    0    0    0    0    1    1    1    1    0    0    0    0    1    0    0    0    0    0    1    0    0    0    1    0    0    0    0    0    0    0    0    0    0    0    1    0    0    0    1    0    0    0    0    1    0    1    1    1    1    1    0    1    0    0    1    1    1    0    0    0    0    1    0    0    0    0    1    
100    0.135402    0.891639    1    0    0    1    1    1    1    1    1    1    1    1    1    0    1    0    1    1    0    1    1    1    1    1    1    1    1    1    1    1    1    0    1    1    1    1    0    1    1    1    1    0    1    1    1    1    1    1    1    1    1    1    1    1    1    1    1    1    1    1    0    1    1    1    1    1    1    1    1    1    0    1    1    1    0    1    1    1    1    1    1    1    0    1    1    1    0    1    1    1    1    1    1    1    1    0    1    1    1    1    0    0    0    1    0    0    0    0    0    1    0    0    0    1    1    1    0    0    1    1    0    1    0    0    0    0    1    0    0    0    0    1    0    0    0    0    0    0    0    1    0    0    0    0    0    0    0    0    0    0    0    0    0    0    1    0    0    0    0    0    0    0    0    1    0    0    0    0    0    1    0    0    0    1    0    0    0    0    1    0    1    0    0    0    0    0    0    1    0    0    0    1    0    0    0    0    0    0    0    1    
100    0.0640945    0.861187    1    1    1    1    1    1    0    1    1    1    1    1    1    0    1    1    1    1    1    1    0    1    1    1    1    1    1    1    1    1    1    1    1    1    1    1    1    1    1    0    1    1    1    1    1    1    1    1    1    1    1    1    1    1    1    1    1    0    1    0    1    1    1    1    1    1    1    1    1    1    1    1    1    0    1    0    1    1    1    1    1    1    1    1    1    1    1    1    1    1    1    1    1    0    1    1    1    1    1    0    0    1    0    0    0    1    0    0    1    0    0    0    1    0    0    0    0    0    0    1    1    0    0    0    0    0    0    1    1    0    1    0    1    0    1    0    0    0    1    0    0    0    0    0    0    1    1    1    0    0    0    0    0    0    0    1    0    0    0    0    0    0    0    1    0    0    1    1    0    0    1    0    1    0    0    0    1    0    0    0    1    1    1    0    1    0    0    1    0    0    0    0    1    1    1    1    1    1    0    0    
100    0.157518    0.100135    1    1    0    1    0    1    1    0    1    1    1    1    1    1    0    1    1    1    1    1    1    0    1    1    0    1    1    1    0    1    1    0    1    1    0    0    0    1    1    1    1    0    1    1    1    0    1    0    0    1    0    1    0    1    0    1    0    1    1    1    1    1    1    1    1    1    1    1    0    1    1    1    1    1    1    1    0    0    1    0    1    0    1    1    0    1    1    1    1    1    0    1    1    1    1    0    1    1    1    0    0    0    0    1    0    0    0    0    0    0    0    0    0    0    0    0    1    0    0    1    0    0    1    0    0    1    0    0    0    0    1    0    0    0    0    1    0    0    0    1    0    0    0    0    0    0    0    0    0    0    0    0    1    0    0    0    0    0    0    0    0    0    0    0    0    0    0    0    0    1    0    0    0    1    0    0    0    0    0    0    1    0    0    0    1    0    0    0    1    1    0    0    0    0    1    0    1    0    0    0    
100    0.893027    0.157876    1    1    0    1    1    1    1    1    1    1    1    1    1    1    1    1    0    1    1    1    1    1    1    1    1    1    1    0    1    1    1    1    1    1    1    1    1    1    1    0    1    1    1    1    1    1    1    0    1    1    1    1    1    1    1    1    1    1    0    1    1    1    1    1    1    1    0    1    1    1    1    1    1    0    1    1    1    1    0    1    1    1    1    1    1    1    1    1    1    1    1    1    1    1    1    1    1    1    1    1    0    0    0    0    1    0    0    0    1    1    1    1    1    0    0    1    0    0    0    1    0    0    1    0    1    1    0    1    0    0    0    1    0    1    1    0    0    1    0    0    0    0    1    1    1    1    0    0    0    0    1    0    0    0    1    0    1    0    0    1    0    0    0    0    1    0    0    0    0    0    0    0    0    0    0    1    0    1    0    0    1    0    0    0    1    0    0    1    1    0    1    1    1    1    0    1    1    0    0    0    
