50    0.618501    0.238578    1    1    0    1    1    1    1    1    1    1    1    0    1    1    0    1    1    1    0    1    1    0    1    1    1    0    1    0    1    1    0    0    1    1    0    1    1    1    1    1    0    1    1    1    1    0    1    1    0    1    1    1    0    1    1    1    0    1    1    1    1    1    0    1    1    1    1    1    0    0    1    0    1    1    1    1    1    1    1    0    1    0    1    1    1    0    1    1    0    1    1    1    1    1    1    1    1    1    1    0    1    0    0    0    1    1    1    0    1    0    0    1    1    1    0    0    0    1    1    1    0    0    1    0    0    0    0    0    0    1    0    0    1    0    0    1    1    0    0    1    1    0    1    1    0    0    0    0    1    0    1    0    0    0    0    0    0    1    0    0    1    0    0    0    1    0    0    0    0    0    0    0    0    0    0    0    0    0    0    1    1    0    0    0    0    0    0    1    0    1    1    0    0    0    1    1    0    0    0    0    
50    0.0660713    0.700817    1    1    1    1    0    1    0    1    1    1    1    1    1    0    1    1    1    1    1    0    1    1    1    1    1    1    1    1    1    0    0    1    1    1    1    1    1    1    1    0    0    1    1    1    1    1    1    1    1    1    1    1    1    1    1    0    1    1    1    0    1    1    1    1    1    1    1    0    1    0    1    1    1    1    1    1    1    1    1    1    0    0    1    1    1    0    1    1    1    1    1    1    1    1    0    1    1    1    1    1    0    0    1    0    0    0    1    0    0    0    0    1    1    0    0    1    1    1    0    0    0    0    1    1    1    1    0    0    0    0    0    0    0    1    0    0    0    1    0    0    0    0    0    1    0    0    0    0    1    0    0    0    0    0    0    0    1    0    1    0    0    0    0    0    0    0    0    1    0    1    0    0    1    0    0    0    0    0    0    0    0    0    0    0    0    0    0    0    0    0    0    0    0    0    0    1    1    1    0    0    
50    0.0319791    0.0866592    1    0    0    1    1    1    1    1    1    1    1    1    1    1    0    1    0    1    1    1    0    1    1    1    1    1    1    1    1    1    1    1    1    1    1    1    0    1    1    1    0    1    0    1    1    1    1    1    1    1    1    0    1    1    1    1    1    1    1    1    1    1    1    1    1    0    1    1    1    1    1    1    1    1    0    1    1    0    1    1    1    1    1    1    1    1    1    1    1    1    1    0    1    1    1    1    1    1    1    1    0    0    0    0    1    0    0    1    0    0    0    1    0    0    0    1    0    0    0    0    0    0    0    1    0    0    0    0    0    1    0    0    0    1    0    0    0    0    0    0    0    1    1    0    0    0    0    0    0    1    0    1    1    0    0    0    0    0    0    0    0    1    1    1    0    0    0    0    0    1    1    1    0    0    0    0    1    0    0    0    0    0    0    0    1    0    0    0    0    0    0    0    0    1    0    1    1    1    0    0    
50    0.0693262    0.864857    1    1    1    0    1    1    1    1    1    1    1    0    1    1    1    1    0    1    0    0    1    1    1    1    1    1    0    1    1    1    1    1    1    1    1    1    1    1    1    1    0    1    1    1    1    1    1    1    1    1    1    0    1    1    1    1    1    1    1    1    1    1    0    1    0    1    1    1    1    1    1    1    1    1    1    1    1    0    1    1    1    1    1    1    1    0    1    1    1    1    1    1    1    1    1    1    0    1    1    0    1    0    1    0    1    0    0    0    0    0    0    0    0    1    1    1    1    0    0    0    0    0    1    1    0    0    0    0    0    0    1    0    0    0    0    0    0    0    0    1    0    0    0    0    1    0    1    0    0    1    0    1    0    0    0    0    1    0    1    0    0    0    0    0    0    0    0    0    1    0    0    0    0    1    0    1    0    0    0    0    1    0    1    1    0    0    0    0    1    1    0    1    0    0    0    0    0    1    0    0    
50    0.333142    0.0491601    1    1    1    1    1    0    1    1    1    1    1    1    1    1    1    1    1    1    0    1    1    0    1    1    1    1    0    0    1    1    1    1    1    1    1    1    0    1    1    1    0    1    1    0    1    1    1    1    1    1    1    1    1    1    1    1    1    1    1    1    1    1    0    1    1    1    1    0    1    1    1    1    1    1    1    1    0    1    1    1    1    1    1    1    1    1    1    1    1    0    1    1    1    0    1    1    1    1    1    0    1    0    1    0    0    0    0    1    1    0    1    1    1    0    0    1    0    0    0    0    1    1    0    0    1    1    0    0    1    0    0    0    0    0    0    0    0    1    1    1    1    1    0    0    0    0    0    1    0    0    0    1    0    0    1    0    1    0    0    0    1    0    0    0    1    0    0    0    0    1    1    1    0    0    0    0    1    0    0    0    0    0    0    0    0    0    0    0    1    0    0    1    1    1    1    0    0    0    0    0    
50    0.998759    0.576746    1    1    1    1    1    1    1    1    1    0    1    1    1    1    0    1    0    1    1    1    1    1    1    0    0    1    1    1    1    1    1    1    1    1    1    1    1    0    1    1    1    1    1    1    1    1    1    1    1    0    1    1    1    1    1    1    1    1    1    1    1    1    1    0    1    1    1    0    1    1    1    1    1    0    1    1    1    1    0    1    1    1    1    1    1    1    1    1    1    1    1    0    1    0    1    1    1    1    1    1    1    0    0    1    0    1    1    0    1    1    0    1    0    1    0    0    1    0    0    0    0    1    0    0    1    0    1    1    0    0    0    1    1    0    0    1    1    0    0    0    1    0    0    0    1    1    1    1    0    0    0    0    0    0    0    0    0    0    0    0    0    1    0    0    1    1    0    1    0    1    0    0    0    1    1    0    0    1    0    0    1    1    1    1    0    1    0    0    0    0    0    1    0    0    0    1    0    1    0    1    
50    0.248895    0.313568    1    1    1    0    1    1    1    0    1    0    0    1    1    0    1    1    1    0    1    1    1    1    1    0    1    1    1    0    1    1    1    1    1    1    1    1    1    1    1    1    1    1    1    1    1    1    1    1    1    0    1    1    1    1    0    0    0    1    1    0    1    1    1    1    1    1    1    1    1    1    0    1    0    0    1    1    1    1    1    1    1    1    0    1    0    1    1    0    1    1    1    1    1    1    1    1    1    1    1    1    0    1    0    0    0    1    1    1    1    1    1    1    0    0    0    0    0    1    1    1    1    1    1    0    0    0    0    1    1    1    0    1    0    1    0    1    0    0    0    0    0    0    1    1    0    0    1    0    0    0    0    0    0    0    1    0    0    0    0    1    0    0    0    0    0    0    1    0    0    0    0    0    0    0    0    1    0    0    1    0    0    0    0    0    0    1    0    0    1    1    0    0    0    0    1    0    0    0    1    0    
50    0.301541    0.173366    0    1    1    1    1    1    1    0    0    1    1    1    0    0    1    1    0    1    1    1    1    0    1    0    0    1    0    1    0    0    1    0    1    1    1    1    1    0    0    1    0    1    1    0    0    1    0    1    1    1    0    1    1    0    1    1    0    1    0    0    1    1    0    1    1    1    1    0    0    1    0    1    1    0    0    1    0    1    1    1    1    1    1    1    1    1    1    1    1    0    1    0    1    0    1    1    0    1    1    1    1    1    1    1    0    0    0    0    1    1    0    1    1    1    0    0    1    0    0    0    0    0    0    1    1    0    0    1    1    1    0    0    0    1    0    0    0    0    0    1    0    0    0    0    0    0    1    0    1    0    0    1    1    1    0    0    1    0    0    0    0    0    0    0    1    1    1    0    0    1    0    0    1    0    0    1    0    0    0    0    1    0    0    0    0    0    0    0    0    1    0    0    0    0    0    1    0    0    0    0    
50    0.28978    0.535184    1    1    1    0    1    1    1    1    1    1    1    1    1    1    1    1    1    1    0    0    1    1    1    1    1    1    1    0    0    1    1    1    1    1    1    1    1    1    1    1    1    1    1    0    1    0    0    1    1    0    1    0    1    1    1    1    0    1    1    0    1    1    1    0    1    1    1    1    1    1    0    1    1    1    1    1    1    0    0    0    1    1    0    0    1    0    1    0    1    1    1    1    1    1    0    0    0    1    1    1    0    0    0    0    0    0    0    0    0    0    1    0    1    1    1    0    0    0    0    1    0    0    0    0    0    0    0    0    0    1    0    0    0    1    0    0    0    0    0    0    0    0    1    1    0    0    0    0    0    0    0    0    0    1    1    1    1    0    1    0    0    0    0    0    0    1    0    0    1    0    0    1    0    0    1    1    0    1    1    0    0    0    0    1    0    0    0    0    0    0    0    0    1    1    0    0    0    0    0    1    
50    0.379817    0.849107    1    1    1    1    1    1    1    1    0    1    1    1    1    1    1    0    1    1    0    1    1    1    1    1    0    1    1    1    1    1    1    1    1    1    1    0    1    1    1    1    1    1    1    1    1    1    1    1    1    1    1    1    1    1    1    1    1    1    1    1    1    0    1    1    1    1    1    1    1    1    1    1    1    0    1    1    1    1    1    1    1    1    1    1    1    1    1    1    0    1    1    1    0    1    1    1    1    1    1    1    0    0    1    0    0    0    0    0    1    0    0    1    0    1    0    0    0    1    0    0    0    0    0    1    1    0    0    0    1    0    0    1    0    0    0    0    0    0    0    1    1    0    0    1    1    0    1    0    0    0    0    0    0    0    0    0    0    0    0    0    0    0    1    0    0    0    1    0    1    1    0    0    1    0    0    0    0    0    1    0    0    0    0    1    0    1    0    0    0    0    0    1    1    0    0    0    1    0    0    0    
50    0.875008    0.225071    1    1    0    1    1    1    1    1    0    1    1    1    1    1    1    1    1    1    1    0    1    1    1    1    1    1    1    1    0    1    1    1    1    1    1    0    1    0    1    1    1    1    1    1    1    1    1    1    1    0    1    1    1    1    0    1    0    1    1    1    1    1    1    1    1    1    1    0    0    1    1    1    0    1    0    1    1    1    1    0    0    1    1    0    1    1    1    0    1    1    1    1    1    1    1    0    1    1    1    1    0    0    1    0    0    0    1    1    0    0    1    0    0    0    0    0    0    1    0    0    0    0    0    0    0    0    0    0    0    0    1    0    0    0    0    0    0    0    1    0    1    0    1    1    0    0    0    0    1    0    0    0    0    0    0    0    0    1    1    0    0    0    0    1    1    0    0    0    0    0    0    1    1    0    0    1    0    0    0    0    1    1    0    0    0    0    1    0    1    0    0    1    0    0    0    0    0    0    0    0    
50    0.0740317    0.600568    1    0    0    1    0    1    1    0    1    1    1    1    1    1    0    1    1    0    1    0    1    1    0    1    1    1    1    1    0    1    1    1    0    1    1    1    1    1    1    1    1    1    1    0    0    1    1    1    1    1    1    1    1    1    1    1    1    1    1    1    1    0    1    1    1    1    0    1    1    0    1    1    1    0    1    1    1    1    1    1    1    1    1    1    1    1    1    1    1    1    1    1    1    1    1    0    1    1    1    1    0    0    1    0    0    0    0    0    0    0    0    0    1    1    0    0    0    0    0    0    0    1    0    0    0    0    0    0    0    0    0    0    0    0    1    0    0    1    1    0    0    1    1    0    0    0    0    0    0    1    1    0    0    1    0    0    0    0    0    0    0    0    0    0    1    0    0    0    0    1    0    0    0    0    0    0    0    0    0    0    0    1    0    0    0    0    0    0    1    1    0    0    0    0    1    1    0    0    1    0    
50    0.95976    0.782649    1    1    1    0    1    1    1    1    1    1    1    0    1    1    0    1    1    0    1    1    1    1    1    1    0    1    1    1    1    1    1    1    1    1    1    1    1    1    1    1    1    0    1    0    1    1    1    1    0    1    1    1    0    0    1    1    1    1    1    1    1    1    1    1    0    1    1    1    1    1    1    1    1    1    0    1    1    1    1    1    0    1    1    1    1    1    0    1    0    1    0    1    1    1    1    1    1    1    0    1    0    0    0    0    1    1    1    0    1    0    0    1    0    1    0    1    0    0    0    0    1    0    1    0    1    0    0    0    0    1    1    1    0    1    0    0    0    0    0    1    0    0    0    0    0    0    1    0    0    0    0    0    1    1    0    0    0    0    0    1    0    0    1    0    1    1    0    0    1    0    0    0    1    1    0    0    0    0    0    0    0    0    0    0    1    0    0    0    0    0    0    0    0    1    0    1    0    0    0    1    
50    0.632964    0.629531    1    1    1    1    1    1    1    1    1    1    1    1    1    0    1    1    1    1    1    1    1    1    1    1    1    1    1    1    1    1    1    1    1    1    1    1    1    1    1    1    1    1    1    1    1    1    1    1    1    1    1    1    1    1    1    1    1    1    1    1    1    1    1    1    1    1    1    1    1    1    1    1    1    1    1    1    1    1    1    1    1    1    1    1    1    1    1    1    0    1    1    1    0    1    1    1    1    1    1    1    1    0    0    0    1    0    0    0    0    0    1    0    0    0    0    0    0    0    0    0    0    1    1    1    0    0    1    0    0    1    0    0    1    0    0    0    0    0    0    0    0    0    1    0    0    0    0    0    1    0    0    0    1    0    0    1    1    0    0    0    0    0    1    1    0    0    0    1    1    0    0    0    0    0    0    0    0    0    0    0    0    0    1    0    0    0    0    1    0    0    0    0    1    0    0    0    0    0    0    1    
50    0.628956    0.915964    1    1    1    0    1    1    1    0    0    1    1    1    1    1    1    1    1    1    1    0    1    1    1    1    0    1    1    1    1    1    1    1    1    1    1    1    0    1    1    1    1    1    1    1    1    0    1    1    1    1    1    1    0    1    1    1    1    1    0    1    1    1    1    0    1    1    0    1    1    1    1    0    0    1    1    1    1    1    1    0    1    1    1    1    1    1    1    1    1    1    1    1    1    1    1    0    1    1    1    0    1    0    0    1    0    0    0    0    0    1    0    0    0    0    0    0    0    0    0    0    1    0    0    0    1    1    1    0    0    0    1    1    0    0    0    1    1    0    0    0    1    0    0    0    0    0    0    1    0    0    0    0    0    0    1    0    0    0    0    0    0    0    0    1    0    0    1    1    0    0    0    0    1    0    0    0    0    0    0    1    0    0    1    1    0    0    0    1    1    0    1    0    0    0    1    0    0    0    0    0    
50    0.0533677    0.248495    1    1    0    0    1    1    1    1    1    1    0    1    1    1    1    1    1    1    0    1    1    1    1    1    1    1    1    1    1    1    1    1    1    1    1    0    1    1    1    1    0    0    1    1    1    1    1    1    1    1    1    1    1    1    1    1    1    1    0    0    1    1    0    1    1    1    1    1    1    1    1    0    0    1    1    1    1    0    1    1    1    1    1    1    1    1    1    0    1    1    1    1    0    1    1    1    1    1    1    0    0    1    0    0    1    1    0    0    0    0    0    1    1    1    0    0    0    1    0    0    0    0    0    0    0    0    0    1    1    0    1    0    1    0    0    1    0    0    0    1    0    1    1    0    1    0    1    0    0    1    0    0    1    0    0    0    0    1    0    1    0    1    0    0    0    0    1    1    0    0    0    0    0    1    0    0    1    0    0    1    1    1    0    1    0    0    0    0    1    0    1    0    1    0    0    0    0    1    0    0    
50    0.558141    0.98701    1    1    1    1    1    1    1    0    1    0    1    1    1    1    1    1    1    1    1    1    1    1    0    0    1    0    1    1    1    1    1    1    1    1    1    1    1    1    1    1    1    0    1    1    0    1    1    1    1    1    1    1    1    0    1    1    1    1    1    1    0    1    1    1    1    1    1    1    1    1    0    1    1    1    1    1    1    1    0    1    1    1    1    1    1    1    1    1    1    1    1    1    1    1    1    1    1    1    0    1    0    1    0    0    0    0    1    0    0    1    0    0    0    0    1    0    0    0    0    1    0    0    1    0    0    1    1    0    1    0    0    1    0    1    0    0    0    0    0    1    1    1    0    1    0    1    0    1    0    0    0    0    1    1    0    0    0    0    0    0    1    0    0    0    0    1    1    0    0    0    0    1    0    0    0    0    0    0    1    1    0    0    1    0    0    0    0    1    0    0    0    0    0    0    1    1    0    1    0    0    
50    0.942366    0.275198    1    1    1    1    1    1    1    1    1    1    1    1    0    0    0    0    0    1    0    0    1    1    1    1    0    1    1    0    1    1    0    1    1    1    1    1    1    1    1    1    1    0    1    1    1    1    0    1    1    1    1    1    0    0    1    1    1    1    1    0    1    0    0    1    1    1    1    1    1    0    1    0    1    0    1    0    1    1    1    1    1    1    0    1    1    1    1    1    1    1    1    1    0    0    0    1    1    1    1    1    1    0    0    0    0    1    0    0    0    0    0    0    0    0    0    0    0    0    0    1    0    0    0    0    1    1    0    0    1    1    0    1    0    0    1    0    0    0    1    0    0    1    0    0    0    1    0    1    0    0    1    0    1    0    0    0    0    1    1    0    0    0    0    1    0    0    1    1    0    1    0    0    0    0    1    0    0    1    0    0    0    0    0    0    0    0    0    0    0    1    1    0    1    0    1    0    0    1    0    0    
50    0.737036    0.758228    1    1    1    1    0    1    1    0    1    1    1    1    1    1    1    0    1    0    1    1    1    0    1    1    0    1    1    1    1    1    0    1    1    1    1    1    1    0    1    1    1    0    1    1    1    1    0    1    1    1    0    0    1    1    1    1    1    1    1    0    1    1    1    1    1    1    0    1    1    1    1    1    1    1    0    1    1    1    1    1    1    1    1    1    1    1    1    1    1    1    1    1    0    1    1    1    0    1    1    1    0    0    1    0    1    0    0    0    1    0    1    0    0    0    0    0    0    0    0    0    1    1    0    1    0    0    0    0    0    0    0    0    0    0    0    1    1    1    0    0    0    0    0    0    0    0    0    1    0    0    0    0    0    0    0    1    0    0    1    0    0    0    0    0    0    0    0    0    0    0    0    0    0    0    0    0    0    0    0    0    0    0    1    1    0    1    0    1    0    1    0    0    0    0    0    1    0    1    0    0    
50    0.860671    0.579823    1    1    1    1    1    1    1    1    1    1    1    0    1    1    0    1    1    1    1    1    1    1    1    1    1    0    1    1    1    1    1    0    1    1    1    1    0    1    1    0    1    1    0    1    1    0    1    1    1    0    1    1    0    1    1    1    0    0    0    1    1    1    0    1    1    1    1    1    1    1    1    1    1    0    0    1    0    1    1    1    0    0    1    1    1    1    0    1    0    1    0    1    1    1    0    1    1    1    1    1    0    0    0    1    1    0    0    1    0    1    0    1    1    1    1    1    0    0    0    0    0    0    0    0    1    0    1    1    0    0    0    0    0    0    1    1    0    1    0    0    0    0    0    0    0    0    0    0    1    0    0    1    0    0    0    0    1    0    1    0    0    0    1    1    0    0    0    1    0    0    0    0    0    0    0    0    0    0    0    0    0    0    0    1    0    1    0    0    0    1    0    0    1    1    0    0    0    0    0    1    
50    0.693819    0.597676    1    1    0    1    1    1    1    0    1    1    1    1    1    1    1    1    1    1    1    1    1    1    0    1    1    1    1    1    1    0    0    1    1    0    1    1    1    1    1    1    1    1    1    1    1    1    1    1    1    1    1    1    1    1    1    0    1    1    1    1    1    1    1    1    1    1    1    1    1    1    1    1    1    1    0    1    1    1    1    1    1    1    1    1    1    1    1    1    1    0    1    1    1    1    1    1    1    1    1    1    1    0    0    0    0    0    0    0    0    1    0    0    1    0    0    1    0    0    0    1    0    1    0    0    0    0    0    0    1    1    0    0    0    1    0    0    1    0    0    0    1    0    0    0    0    1    0    0    0    1    1    1    0    1    0    0    0    1    0    1    0    0    0    1    0    0    1    1    0    0    0    0    0    1    0    0    0    1    0    0    1    0    0    0    1    0    0    0    0    1    0    0    1    0    0    0    0    0    1    1    
50    0.219233    0.469207    0    1    1    1    1    1    1    1    0    1    1    1    1    1    1    1    1    1    1    1    1    0    0    1    0    0    1    0    1    1    1    1    1    0    0    1    1    0    1    1    1    1    1    1    1    1    1    1    1    1    0    1    1    1    0    1    1    1    1    1    0    1    1    1    1    0    1    1    1    1    1    1    0    1    0    1    1    1    1    1    1    1    1    0    1    1    1    1    1    1    1    1    1    0    0    0    0    1    1    1    0    0    0    0    0    0    0    0    0    1    0    0    0    1    1    0    0    1    1    1    1    0    1    0    0    0    0    0    0    0    0    0    0    0    0    0    1    0    0    1    0    0    0    0    0    0    1    1    0    1    0    0    0    0    1    0    0    1    0    0    0    1    0    0    0    1    0    1    0    1    0    0    0    0    0    0    0    0    1    1    0    0    0    0    0    0    0    1    0    0    1    0    1    0    1    1    1    0    0    0    
50    0.700457    0.29969    1    1    1    1    1    1    1    1    1    1    1    1    1    1    1    0    1    1    1    1    1    0    1    1    1    0    1    1    1    1    1    1    1    1    1    1    1    0    1    0    1    1    0    1    1    1    1    1    1    1    1    1    1    1    1    0    0    1    1    1    1    1    1    1    1    1    0    1    1    0    1    1    1    1    1    1    1    1    1    1    1    1    1    1    1    1    1    1    1    1    1    1    1    1    1    1    1    1    1    1    1    0    0    0    0    0    1    1    0    0    1    1    1    1    1    1    1    0    0    0    0    1    1    0    0    0    0    0    1    1    0    1    0    0    0    1    0    0    0    0    0    1    0    1    1    0    0    0    1    0    0    1    1    0    0    0    0    0    1    0    0    0    0    1    0    1    1    1    0    0    0    0    0    1    1    0    0    0    1    0    0    1    0    1    1    0    0    0    0    0    0    0    1    0    0    0    0    1    0    0    
50    0.647517    0.614385    0    1    1    1    1    1    1    1    1    1    1    1    1    1    1    0    1    1    1    1    0    1    1    1    1    1    1    1    0    1    1    1    1    1    1    1    1    1    1    1    1    1    1    1    1    0    1    1    1    1    1    1    1    1    1    1    1    1    1    1    1    1    1    1    1    1    1    1    1    1    1    1    1    1    0    1    1    1    0    1    1    1    1    1    1    1    1    0    1    1    1    1    1    1    1    1    1    1    0    1    0    0    0    0    0    0    1    0    1    0    1    1    0    0    0    0    1    0    0    0    0    1    0    1    0    1    0    1    0    0    0    0    0    0    0    0    1    0    1    0    0    0    0    0    1    0    0    0    0    1    0    1    1    1    0    0    0    1    0    1    1    0    0    0    0    0    0    0    0    0    0    0    0    0    0    0    0    0    0    0    0    0    0    0    0    0    1    0    0    1    0    1    0    1    0    0    0    0    0    1    
50    0.460496    0.291199    1    0    1    0    1    1    0    1    1    1    0    0    1    1    0    0    1    1    1    0    1    0    0    1    1    0    1    1    1    1    1    1    1    1    1    0    0    0    0    1    1    1    1    1    1    1    1    1    0    1    1    1    1    0    1    1    1    1    1    1    1    1    0    1    1    1    1    0    1    1    0    1    0    0    1    0    1    1    0    1    0    1    1    0    0    1    1    1    1    0    1    1    1    1    1    0    1    1    1    0    0    0    0    0    0    0    0    0    0    1    1    0    0    0    1    0    1    0    0    0    0    0    1    0    0    1    0    0    0    0    1    0    1    0    0    0    0    0    1    0    0    1    0    0    0    0    0    0    0    0    0    0    1    1    0    0    1    0    0    0    1    0    0    0    0    0    1    0    1    0    0    1    0    0    0    0    0    0    0    1    1    0    0    0    0    1    0    0    0    0    0    0    0    0    0    0    0    0    0    0    
50    0.0863457    0.923705    1    0    1    1    0    1    1    1    1    1    1    0    1    1    1    1    1    1    0    1    1    1    1    1    1    1    0    1    1    0    0    1    1    1    1    1    0    1    1    1    1    1    1    1    1    1    1    1    1    1    1    1    1    0    1    1    1    1    1    1    1    1    1    0    1    0    0    1    1    1    1    1    1    0    1    1    1    1    1    1    0    1    1    0    1    1    1    1    1    1    1    1    0    1    0    1    1    1    1    0    0    1    1    0    1    0    0    0    0    0    0    0    0    0    0    0    0    0    1    0    1    0    1    0    0    0    1    1    0    0    0    1    0    0    0    1    0    1    0    0    1    0    0    0    0    1    1    1    1    0    0    0    0    0    0    1    0    1    1    1    0    0    1    0    1    0    0    0    0    0    0    1    0    0    0    1    0    0    0    0    1    0    0    0    0    1    0    1    0    1    0    0    0    0    0    0    1    0    0    0    
50    0.108388    0.318519    1    1    1    1    1    1    1    1    1    1    1    1    1    0    1    1    1    1    1    1    1    1    1    1    0    0    1    1    0    1    1    1    0    1    0    1    1    1    1    1    1    1    1    0    1    1    1    1    1    0    1    1    0    1    1    1    1    1    1    0    0    1    1    0    0    1    1    0    1    1    1    1    1    1    1    1    0    1    1    1    1    0    1    1    0    0    1    0    1    1    1    1    1    1    0    1    1    1    1    0    0    0    0    1    0    0    1    1    0    0    1    0    1    0    0    0    1    0    0    0    0    1    0    0    1    0    1    1    0    0    0    0    1    0    0    1    0    0    0    0    1    1    0    0    0    0    0    1    0    0    1    0    0    0    0    0    1    0    1    0    0    0    1    1    0    0    0    1    0    0    0    1    1    1    1    1    1    0    0    1    0    0    0    1    0    0    1    0    0    0    1    0    1    0    0    1    0    0    0    0    
50    0.04941    0.793746    1    1    1    1    1    1    1    1    1    1    0    0    1    0    1    1    1    0    1    1    1    0    1    1    1    1    1    1    0    1    1    1    1    1    1    1    1    1    0    1    1    0    1    1    1    1    0    1    1    1    1    1    1    1    1    0    1    1    1    1    1    0    1    1    1    0    0    1    1    1    1    1    1    1    1    1    1    1    1    1    1    1    1    1    1    1    1    1    1    1    1    1    1    1    1    1    1    1    1    1    0    0    1    0    0    1    0    1    0    0    0    0    0    0    1    1    0    1    0    0    0    0    0    0    0    0    0    0    0    0    0    0    1    0    0    1    0    1    1    0    0    0    0    1    0    0    1    0    1    0    0    1    0    0    0    1    0    0    0    0    1    1    1    1    0    1    0    0    1    1    0    1    0    0    0    1    0    0    0    0    0    0    0    0    0    0    1    0    0    0    0    0    0    1    1    0    1    0    1    1    
50    0.96175    0.686329    1    1    1    1    1    1    1    1    1    1    1    1    1    1    0    1    1    1    0    1    1    1    1    1    1    1    1    1    1    0    1    1    1    1    1    0    1    1    1    1    0    1    0    1    1    0    1    1    1    1    1    1    1    1    0    1    1    0    1    1    1    1    1    1    1    1    1    1    1    1    1    1    1    1    1    1    1    1    1    1    1    1    1    1    1    1    0    1    1    1    1    1    1    1    1    0    1    1    0    0    0    0    1    0    1    1    0    0    0    0    0    0    0    0    0    1    0    0    1    0    1    0    1    1    0    1    0    0    0    0    0    1    0    0    0    0    0    1    1    1    1    0    0    0    1    1    1    1    0    1    0    1    0    0    0    0    1    0    0    1    1    0    1    0    0    1    1    0    0    0    1    1    0    0    0    0    0    1    1    0    0    0    1    0    1    1    0    0    0    0    0    0    1    1    1    1    1    0    0    0    
50    0.136241    0.0610216    1    1    1    1    0    1    1    1    0    1    1    0    1    1    1    1    0    1    1    1    0    0    1    1    1    1    1    1    1    1    0    1    0    1    1    0    1    1    1    1    1    1    1    1    1    1    0    1    1    1    1    1    1    1    0    1    1    1    1    1    1    1    1    0    1    1    1    1    1    0    1    1    1    1    1    1    1    0    1    1    1    1    0    1    1    1    1    1    1    0    1    0    0    1    1    1    0    1    1    0    0    1    1    1    0    1    0    0    0    0    1    0    0    0    1    0    1    1    1    0    0    0    1    1    0    1    0    0    0    0    0    0    0    0    0    0    1    0    0    0    0    0    0    0    0    0    0    0    0    0    0    0    0    0    0    0    1    1    0    1    0    0    0    0    0    0    0    1    1    0    0    0    1    0    0    0    0    0    0    0    0    0    0    0    1    1    0    0    0    0    0    1    0    0    0    0    0    0    1    0    
50    0.576926    0.73584    1    1    1    0    0    1    1    1    1    1    0    1    1    1    1    1    1    0    1    1    1    1    1    1    0    1    1    0    1    1    1    1    1    1    1    1    1    1    1    0    1    1    1    1    1    1    1    1    1    1    1    1    1    1    1    1    1    1    1    1    0    1    1    1    1    1    1    1    1    1    1    1    1    1    1    1    1    1    1    1    1    1    1    1    1    1    1    1    1    1    1    1    1    1    1    1    1    1    1    0    0    1    1    0    0    0    0    1    0    0    1    1    0    0    1    0    0    0    0    0    0    0    0    0    0    0    0    0    0    0    0    1    1    0    0    1    0    0    0    0    1    0    0    0    1    0    1    1    0    0    0    0    0    0    1    0    0    0    1    0    1    0    0    1    0    0    0    0    0    0    0    0    0    0    1    0    0    0    1    0    0    0    0    0    1    0    0    0    0    0    0    1    1    0    0    0    0    0    0    1    
50    0.145655    0.523684    0    1    1    1    1    1    0    1    1    1    1    1    0    0    1    1    1    0    1    0    1    1    1    1    1    1    1    1    1    1    1    1    1    1    1    1    1    1    1    1    1    1    1    1    1    1    0    1    1    1    1    0    1    1    1    1    1    1    1    1    1    1    0    1    1    1    1    1    0    1    1    1    1    1    1    0    1    1    1    1    1    1    0    1    1    1    1    1    1    1    1    1    1    1    1    1    1    1    0    0    0    1    0    0    0    0    0    0    0    1    0    0    0    1    0    0    0    0    0    1    0    0    1    0    0    0    1    0    0    1    1    0    0    0    0    0    0    0    0    0    1    0    0    1    0    1    1    0    0    1    1    1    1    1    0    0    1    0    1    0    0    0    0    0    0    1    1    0    0    0    1    0    1    0    0    0    1    0    1    0    0    0    0    0    1    0    0    0    0    0    0    1    0    0    0    0    0    0    0    0    
50    0.916862    0.0881356    1    1    1    0    1    1    1    1    1    1    1    1    1    1    0    1    1    1    1    1    1    1    1    1    1    1    1    1    1    1    1    1    1    0    1    1    1    1    1    1    1    1    1    1    1    0    1    1    0    1    1    1    1    0    1    0    1    1    1    1    1    1    0    1    1    1    1    1    1    0    0    1    1    1    1    1    1    0    1    1    1    1    0    1    1    1    1    0    1    1    1    1    1    1    1    1    1    1    1    1    0    1    1    1    0    0    0    1    0    1    0    0    1    1    0    0    0    0    1    0    1    0    1    0    0    0    1    0    0    0    0    0    0    0    1    0    0    0    1    0    0    0    1    0    0    0    0    1    0    0    1    0    1    0    0    0    0    0    0    0    0    1    0    0    1    1    0    1    0    1    0    0    1    0    0    1    0    0    1    0    1    0    1    0    0    1    0    0    0    0    0    0    0    0    0    0    1    1    1    0    
50    0.931379    0.266966    1    1    1    1    1    1    1    1    1    1    0    1    1    1    1    1    1    1    1    1    1    0    1    1    1    1    1    1    0    1    1    1    1    1    1    1    1    1    1    1    1    1    1    1    1    1    1    1    1    1    0    1    1    0    0    1    1    1    1    1    1    1    1    1    1    1    1    1    1    1    0    1    1    1    1    1    0    0    1    1    1    1    0    0    1    0    1    1    1    0    1    1    1    1    1    1    1    1    1    1    0    1    0    0    0    0    1    0    1    1    0    0    0    0    0    0    0    1    0    1    0    1    0    0    0    1    0    0    0    0    0    0    0    1    0    0    0    0    0    0    0    1    1    0    0    0    0    1    1    0    0    0    0    0    1    1    0    0    1    0    1    0    0    0    0    0    0    0    0    0    0    0    0    0    0    0    1    1    0    0    1    1    1    0    0    0    0    0    0    0    0    0    0    0    1    0    0    0    0    0    
50    0.2749    0.409805    1    0    1    0    1    1    0    1    1    1    1    1    1    0    0    1    1    1    0    1    1    1    1    1    1    0    1    1    1    1    1    1    1    1    0    1    1    0    1    1    1    0    0    1    1    1    1    1    1    0    1    1    1    1    1    1    1    1    1    1    0    1    1    1    1    1    1    1    1    1    1    1    1    1    0    1    1    1    1    1    1    1    1    0    1    1    1    1    0    1    1    1    1    1    0    0    1    1    1    1    0    0    0    1    1    1    0    0    1    1    0    0    0    0    1    1    0    0    0    0    0    0    0    0    1    1    1    1    0    1    0    0    1    1    1    0    0    0    0    1    0    0    0    0    0    0    1    1    0    0    0    0    1    1    1    0    0    0    0    0    0    0    1    0    1    0    0    0    0    0    0    1    0    0    0    1    0    0    0    0    0    1    0    0    0    0    0    1    0    0    1    0    0    1    0    0    0    1    1    0    
50    0.65882    0.238385    1    0    1    1    1    1    0    1    1    1    1    0    1    0    1    0    1    1    1    1    1    1    0    1    1    0    1    1    1    1    1    1    0    0    1    0    1    0    1    1    0    1    1    1    1    0    1    1    1    0    1    1    1    1    1    1    1    1    1    1    1    1    0    0    1    1    1    1    1    1    1    1    1    1    0    0    1    1    1    1    1    1    1    0    1    1    1    1    0    1    0    1    0    1    1    0    1    1    1    1    0    0    1    0    0    1    0    0    0    0    0    1    0    0    0    1    0    0    0    0    1    0    0    1    0    0    0    0    0    0    0    0    0    1    1    0    0    0    0    0    0    0    0    0    0    1    0    0    0    0    0    0    1    0    0    0    0    1    0    1    1    0    0    0    0    0    0    0    1    1    0    0    0    1    0    1    0    1    1    0    1    0    0    0    0    0    0    1    0    0    0    0    0    0    0    0    1    1    0    0    
50    0.459558    0.706094    1    0    1    1    1    1    1    1    1    0    1    1    0    1    1    1    1    1    1    1    1    1    1    1    1    1    1    1    1    1    1    1    0    1    1    1    1    1    0    1    1    0    0    1    1    1    1    1    1    1    1    1    1    1    0    1    0    1    1    1    1    1    1    1    1    1    1    1    1    1    1    1    1    0    1    0    1    1    1    1    1    1    1    1    1    1    1    1    0    1    1    1    0    1    1    1    1    1    1    1    0    0    0    0    0    1    1    0    0    1    1    0    0    0    0    0    0    0    0    1    0    0    0    1    1    0    1    1    0    1    0    1    0    0    0    1    0    1    0    0    0    0    0    0    1    1    0    0    0    0    0    0    0    1    0    0    0    0    0    0    0    1    0    1    0    0    1    0    0    0    1    0    0    1    0    0    0    0    1    0    0    0    1    0    0    0    0    0    0    1    1    0    1    0    0    0    1    0    0    0    
50    0.0957828    0.429045    1    1    1    0    1    1    0    1    1    1    1    1    1    1    1    1    1    1    1    1    1    0    1    1    0    0    1    1    1    1    1    0    1    1    1    1    1    1    1    1    1    1    1    1    1    0    1    1    1    1    1    1    0    1    1    1    1    1    1    1    0    1    0    0    1    1    0    1    1    1    1    1    1    1    0    1    1    1    1    1    1    1    1    1    1    1    1    1    1    1    0    1    1    1    1    1    1    1    1    0    0    1    0    1    0    0    0    0    0    1    0    0    0    1    0    0    0    0    1    0    0    0    0    0    0    0    0    0    0    0    1    0    0    0    0    1    0    1    1    1    0    1    0    0    0    1    0    0    0    0    0    0    1    1    0    0    1    1    0    1    0    0    0    1    1    0    0    0    0    0    1    1    1    0    1    0    0    0    0    0    1    0    0    0    0    1    0    1    1    0    0    0    0    0    0    0    0    0    0    0    
50    0.897895    0.319148    1    1    1    0    1    1    1    1    1    1    1    0    1    0    0    1    1    1    1    1    1    1    1    1    1    1    0    0    1    1    1    1    1    1    1    1    1    1    1    1    1    1    1    1    1    1    1    1    0    1    1    1    1    1    1    1    1    0    0    1    1    1    1    1    0    1    1    1    0    1    1    0    1    1    0    1    0    1    1    1    1    1    1    0    1    0    1    1    1    1    0    1    1    0    1    1    1    1    1    1    1    0    0    1    1    0    0    0    1    0    0    0    0    0    0    0    0    0    0    0    0    0    0    0    0    0    0    1    0    0    1    1    0    0    1    0    0    0    0    0    0    0    0    0    0    0    0    1    1    0    1    1    1    0    1    0    0    0    0    0    0    0    0    0    1    0    0    1    1    0    0    0    0    0    1    0    0    0    0    0    0    1    0    1    0    0    0    1    0    0    0    1    0    0    0    1    0    0    0    1    
50    0.189651    0.978462    1    1    1    1    1    1    1    1    1    1    1    0    1    1    1    0    1    1    1    1    0    0    1    1    1    1    0    1    0    1    1    1    1    1    1    1    1    1    0    0    1    1    1    1    1    1    1    1    1    1    1    1    1    1    0    1    1    1    1    1    1    1    1    1    1    1    1    1    0    1    0    1    1    0    1    1    1    1    1    1    1    1    1    1    1    1    1    0    1    1    1    1    1    1    1    1    1    1    1    1    0    0    0    0    1    0    0    0    0    1    0    0    0    1    0    1    0    0    1    0    0    0    0    0    0    0    1    0    0    1    0    0    0    0    0    0    0    0    0    0    1    0    1    0    1    0    0    0    0    0    0    0    1    0    0    1    0    0    0    1    1    0    0    1    0    1    1    0    0    0    0    1    0    0    0    0    0    0    0    0    0    1    1    1    1    0    0    0    1    0    0    0    0    0    0    0    0    0    0    0    
50    0.970231    0.850993    1    0    1    1    1    1    1    1    1    1    1    1    0    1    1    1    1    1    1    1    0    1    0    1    0    1    1    1    1    1    0    1    1    1    0    1    1    1    1    1    1    1    0    0    1    1    1    1    1    1    1    1    1    0    1    1    1    1    1    1    1    1    1    1    1    0    0    0    0    1    1    1    1    1    1    1    0    0    1    1    0    1    1    1    1    1    1    1    1    1    1    1    1    1    1    0    1    0    0    1    0    0    0    1    0    1    0    0    0    0    1    1    1    0    0    0    0    0    0    0    1    0    0    1    0    0    0    0    0    0    0    0    0    0    1    0    0    1    0    0    0    0    0    0    0    0    1    0    0    1    0    0    1    0    0    0    0    0    0    0    1    1    1    0    1    1    0    0    0    0    0    0    0    1    0    0    0    0    0    0    0    0    0    1    1    1    1    1    0    0    0    1    1    1    0    0    0    0    0    0    
50    0.0702747    0.0279058    1    1    1    1    1    1    1    1    1    1    0    0    1    1    1    1    0    1    1    1    1    1    1    1    1    1    1    1    1    1    1    0    0    0    1    1    1    1    1    1    1    1    1    1    1    1    1    1    1    1    1    0    1    1    1    1    1    1    1    1    0    1    1    1    1    1    0    1    1    1    0    1    1    1    0    1    1    0    1    1    0    1    1    1    1    1    1    1    1    1    1    1    1    1    1    1    1    1    1    1    0    0    1    0    1    0    0    0    0    0    1    0    0    0    0    0    0    0    1    1    0    0    0    0    0    1    1    0    0    0    0    0    1    1    0    0    0    0    0    1    0    0    0    0    1    1    0    0    0    1    0    0    0    0    0    0    0    0    0    1    0    1    1    0    1    0    0    1    0    1    0    1    1    0    0    0    0    0    0    0    1    0    0    0    0    0    0    0    1    1    0    1    0    0    0    1    0    0    0    0    
50    0.447274    0.852604    1    1    1    1    1    1    1    1    1    0    1    1    1    1    1    0    1    1    1    1    1    1    1    1    1    1    1    1    1    0    1    1    1    1    1    1    1    1    1    1    1    1    1    1    1    1    1    1    0    1    0    1    1    1    1    1    1    1    1    1    1    1    0    1    1    1    1    1    0    1    0    1    1    1    1    1    1    1    1    1    1    1    1    1    1    1    1    0    1    1    1    1    1    0    1    1    1    1    1    1    0    0    0    0    0    0    1    0    0    1    0    0    0    1    1    0    0    0    0    0    0    0    0    0    0    1    0    0    0    0    0    0    1    0    1    0    0    1    0    0    0    0    0    1    0    0    0    1    1    0    0    0    0    0    0    0    1    1    0    0    0    1    0    0    0    0    0    1    1    1    0    1    0    0    0    1    1    0    1    0    1    0    1    0    0    0    0    1    0    0    1    1    0    0    1    1    0    0    1    0    
50    0.26104    0.627516    1    1    1    1    1    1    1    1    1    1    1    1    1    1    1    1    1    1    1    1    1    1    1    1    1    1    1    1    1    1    1    1    1    1    1    1    1    1    0    1    1    1    1    1    1    1    1    1    1    1    0    0    1    1    1    1    1    1    1    1    1    0    1    1    1    0    1    0    1    1    1    0    1    1    1    1    1    1    1    1    1    1    1    0    0    1    1    0    1    1    1    1    1    1    0    1    0    1    1    1    0    0    0    0    0    0    1    0    1    0    0    1    0    0    0    0    1    0    0    1    0    0    0    0    0    0    0    0    0    0    0    0    0    1    0    0    1    0    0    0    0    0    0    1    0    0    0    0    0    1    0    0    0    0    0    0    0    0    1    0    0    0    0    0    0    1    0    0    1    0    0    0    1    0    0    0    0    0    0    0    1    0    1    0    1    0    0    1    0    0    0    0    0    1    0    0    0    0    1    1    
50    0.586443    0.586516    1    1    1    1    1    1    1    0    1    1    1    1    0    1    1    1    1    1    1    1    1    1    1    1    1    1    1    1    1    1    1    1    1    1    0    1    1    0    1    1    1    1    1    1    1    1    1    1    1    1    1    1    1    1    1    1    1    1    1    1    0    1    1    1    1    0    1    0    0    1    0    1    1    1    1    1    1    1    0    1    1    1    1    0    1    0    1    1    1    1    1    1    1    1    1    1    1    1    1    1    0    0    0    0    0    0    0    0    0    1    1    1    0    0    0    1    1    0    0    1    0    1    0    0    0    0    0    0    1    0    0    1    0    0    0    0    0    1    1    0    0    0    0    1    0    0    0    0    0    0    0    1    1    0    1    1    1    1    0    1    0    0    0    0    0    1    1    0    1    0    1    1    0    0    0    0    0    0    1    0    0    1    0    0    0    1    0    0    0    0    0    1    0    0    0    0    1    0    0    0    
50    0.605588    0.245235    0    1    1    0    1    1    1    1    1    1    1    1    1    1    1    1    1    1    1    1    0    0    1    1    1    1    1    0    1    0    1    1    1    1    1    1    1    0    1    1    1    1    1    1    1    1    1    1    0    1    1    1    0    1    1    1    0    1    1    0    1    1    0    1    1    1    1    1    1    1    1    1    1    1    1    0    1    1    1    0    1    1    1    1    0    1    1    1    1    0    1    1    1    1    1    1    1    1    1    1    0    0    0    0    0    0    1    0    1    0    1    1    0    0    1    0    0    1    0    0    0    0    1    0    0    0    1    0    0    0    0    1    0    1    1    0    0    1    0    1    0    1    0    1    0    0    0    0    0    1    0    0    0    1    1    0    0    0    0    0    1    1    1    0    1    0    0    1    0    1    1    0    0    0    0    0    0    0    0    0    0    0    0    0    0    1    0    0    0    0    0    0    1    0    1    0    0    0    1    0    
50    0.690323    0.943317    1    1    1    1    1    0    1    0    1    1    1    1    1    1    1    1    1    1    0    1    1    0    0    1    1    1    1    0    1    0    1    1    1    1    1    1    1    0    0    1    1    1    1    1    1    1    1    1    1    1    1    1    1    1    1    1    1    1    1    1    1    1    1    0    0    1    1    1    1    1    1    1    1    1    1    1    1    1    1    1    1    1    0    1    1    1    1    1    1    0    1    1    1    1    0    0    1    1    0    1    0    1    0    1    0    0    0    0    0    0    1    0    0    0    0    0    0    0    0    0    0    0    0    0    1    1    0    0    0    0    0    1    0    0    0    0    0    0    0    0    0    0    0    0    0    1    0    0    0    1    0    0    0    0    1    1    0    0    0    0    0    0    1    1    1    1    1    1    1    0    1    0    0    0    1    0    0    0    1    0    0    0    0    0    1    0    0    0    0    0    0    1    0    0    0    1    0    0    1    1    
50    0.664999    0.119593    1    1    1    1    1    1    1    1    1    1    1    1    1    1    0    1    1    1    1    1    1    1    1    1    1    1    1    0    1    0    1    0    1    1    1    0    1    1    1    1    1    1    1    1    1    1    1    0    1    0    1    1    1    0    1    1    1    1    1    1    1    1    1    1    1    1    1    1    1    1    1    1    1    1    1    1    1    1    1    1    1    1    1    1    1    0    1    1    1    1    1    0    0    1    1    1    1    1    0    1    0    0    0    0    0    0    0    0    1    0    0    0    1    0    0    1    1    1    1    0    0    0    0    0    0    1    1    0    0    0    0    0    0    0    0    0    1    0    0    0    0    0    1    1    0    1    0    0    0    1    1    1    0    1    0    0    0    1    0    0    1    0    0    0    0    0    0    0    0    1    0    0    0    1    1    0    0    0    0    0    0    0    0    0    0    0    1    1    0    0    1    1    0    1    0    0    1    0    1    0    
50    0.560033    0.447644    1    0    1    1    0    1    1    0    1    1    1    1    1    0    1    1    0    1    0    1    1    1    1    1    1    1    1    0    1    1    1    0    1    0    1    1    1    0    1    0    1    1    1    1    1    1    1    1    1    1    1    1    1    0    1    1    1    0    1    1    1    1    1    1    1    1    1    0    1    1    1    1    1    1    0    1    1    1    0    0    1    1    1    1    1    1    1    1    1    0    1    1    0    0    1    1    1    0    1    0    1    0    1    1    0    0    0    0    0    0    0    0    0    0    0    0    0    0    0    0    0    0    0    0    0    0    1    0    0    0    1    0    1    0    0    0    0    0    0    0    1    1    0    0    0    0    1    0    1    0    0    0    1    0    0    0    0    0    1    0    0    0    0    0    0    1    0    1    0    0    0    0    0    0    0    0    1    0    0    0    0    0    0    0    0    0    1    0    0    1    0    0    0    0    0    0    0    0    1    0    
50    0.886962    0.709229    1    1    1    1    0    1    1    1    1    1    1    1    1    1    0    1    1    1    1    1    0    1    0    1    1    1    1    1    1    0    1    0    0    1    1    1    0    1    0    0    1    1    1    1    1    0    1    0    1    1    1    0    1    1    0    1    1    1    1    1    0    1    1    1    0    1    1    0    1    0    0    1    1    1    0    0    0    1    1    1    1    1    1    1    1    1    1    1    1    1    1    1    1    0    1    1    1    1    1    1    1    0    1    0    1    0    1    0    0    0    1    0    1    0    0    0    0    0    0    0    0    0    0    1    0    0    0    0    0    1    0    0    0    0    1    0    1    1    0    1    0    0    0    0    0    0    1    1    0    0    0    0    1    0    0    0    1    0    0    1    0    1    0    0    1    0    1    0    0    0    0    0    0    0    0    0    0    0    1    0    0    0    0    1    0    0    1    0    0    0    0    1    0    0    0    0    1    1    0    1    
50    0.368805    0.193528    1    1    1    1    0    1    1    1    1    0    1    1    1    1    1    1    1    1    0    1    1    1    1    0    0    1    1    1    0    1    1    1    1    1    1    1    1    1    0    1    0    1    1    0    1    1    0    1    1    0    0    1    1    1    1    1    1    1    1    0    1    1    0    1    1    1    0    1    1    0    1    1    0    0    1    1    1    1    1    1    0    0    0    0    1    1    1    1    1    0    1    0    1    1    0    1    1    1    1    1    0    0    0    0    0    0    0    0    0    1    0    0    0    0    0    0    0    1    0    0    0    0    0    0    0    0    0    0    1    0    1    0    0    0    0    0    1    1    0    0    0    0    0    0    0    0    0    0    0    0    0    0    0    0    0    0    0    1    0    1    0    0    1    1    0    0    1    0    0    0    0    1    1    1    0    0    0    0    0    0    1    0    0    1    0    0    0    0    1    0    0    0    0    1    0    0    0    0    0    0    
50    0.754556    0.972725    1    1    1    1    1    1    1    0    1    1    1    1    1    1    1    1    1    1    1    1    1    1    1    1    1    1    1    0    1    1    1    0    0    1    1    1    1    1    1    1    0    1    1    1    1    0    0    0    1    1    0    1    1    1    1    0    1    1    1    1    1    1    1    1    1    1    1    1    1    1    1    1    1    1    1    1    0    1    1    1    1    0    1    1    1    1    1    1    1    1    0    1    1    1    1    1    1    1    1    1    1    0    1    0    0    1    0    0    0    0    0    1    1    0    0    0    0    0    1    1    0    0    0    0    0    0    0    1    0    0    0    0    0    1    0    1    0    0    0    0    1    1    1    0    0    0    0    0    0    0    0    0    0    0    0    0    1    0    1    0    0    1    0    0    1    1    0    0    0    0    0    0    0    0    0    1    0    0    1    1    0    1    0    0    0    0    0    0    0    0    0    0    0    1    1    0    0    0    0    1    
50    0.143359    0.466612    1    1    1    1    1    1    1    1    1    1    1    1    1    1    0    1    1    1    1    1    1    1    1    1    1    1    1    1    1    1    1    1    1    1    1    0    1    1    1    1    1    1    1    1    1    1    1    1    1    1    1    1    1    1    1    1    1    1    0    0    0    1    1    1    1    0    0    1    1    1    0    1    1    1    1    1    1    1    1    1    1    1    1    1    0    1    1    0    1    0    1    1    1    1    0    1    1    1    1    1    1    1    0    1    0    0    0    0    1    0    0    0    0    0    0    1    1    0    0    0    0    0    0    1    0    0    0    0    0    0    0    1    1    0    0    1    0    0    0    0    1    0    1    0    1    0    0    0    0    1    0    1    0    1    0    0    0    0    0    0    0    0    0    0    0    0    0    1    1    1    1    0    0    0    0    1    0    0    1    0    1    1    1    0    0    0    1    0    0    0    0    0    1    0    0    0    1    0    0    0    
50    0.0354795    0.927082    1    1    1    1    1    0    1    1    1    1    1    1    0    1    1    1    1    1    1    1    0    1    1    1    1    1    1    1    0    1    1    1    0    1    1    1    0    1    0    0    1    1    1    1    1    0    1    1    1    0    1    1    0    1    1    1    1    1    1    1    1    0    1    1    1    1    1    1    1    1    1    1    1    1    1    1    1    1    1    1    1    1    1    1    1    1    1    0    1    0    1    1    1    1    1    0    1    1    1    1    0    1    0    0    0    1    0    0    0    1    0    0    0    0    0    1    0    1    1    0    1    0    0    0    1    0    0    0    0    0    0    0    1    1    0    0    0    0    1    0    0    0    0    0    0    1    0    0    0    0    1    0    0    0    0    0    1    0    1    1    0    0    1    0    0    0    0    1    1    0    0    0    1    0    0    1    0    0    0    0    1    0    1    0    0    0    0    1    1    0    0    0    0    0    0    0    1    0    0    0    
50    0.469434    0.798239    1    1    1    0    1    1    1    1    1    1    1    1    1    1    1    1    1    1    1    1    1    1    1    1    1    1    1    1    1    1    1    1    0    0    1    1    1    1    1    1    1    1    0    1    1    1    1    0    1    1    1    1    1    1    1    1    1    1    1    1    1    0    1    1    1    1    1    1    1    1    1    1    1    1    1    1    1    1    1    1    1    0    1    0    1    1    1    1    1    1    1    1    1    1    1    1    1    1    1    1    0    0    1    0    0    1    1    0    0    0    1    0    1    0    0    0    1    0    0    0    1    0    0    0    0    0    1    0    0    0    0    0    0    1    0    0    0    0    0    1    0    0    1    0    0    0    0    1    0    0    0    0    1    0    0    0    1    0    0    1    0    0    0    1    1    1    1    1    0    0    1    0    0    0    0    1    0    1    0    0    0    0    0    0    0    1    0    1    1    0    0    0    0    0    1    0    0    0    0    0    
50    0.458458    0.655709    1    0    1    1    1    0    0    1    1    1    1    1    1    1    1    1    0    1    1    1    1    1    1    1    1    1    0    1    1    1    1    1    0    1    1    0    1    1    1    1    0    1    1    1    1    1    1    1    1    1    1    1    1    1    1    1    1    1    1    1    1    1    1    1    1    1    1    1    1    1    1    1    1    1    1    1    1    1    1    1    1    1    0    1    0    1    1    1    1    1    1    1    1    1    1    1    0    1    1    1    0    1    1    0    0    1    1    0    0    1    0    0    0    0    0    0    1    0    0    0    0    0    0    0    0    1    1    0    0    1    1    0    1    0    0    0    0    0    0    0    0    0    1    0    0    1    0    0    0    0    0    0    0    1    0    0    1    0    0    1    0    1    0    0    1    1    0    0    0    0    0    0    0    0    0    0    0    0    0    0    0    0    1    1    1    1    1    0    1    0    0    0    1    0    0    0    0    0    0    0    
50    0.0769637    0.266214    0    1    1    1    1    1    1    1    1    1    1    1    1    0    1    1    1    1    1    1    1    1    1    1    0    1    0    1    1    1    1    1    1    0    1    1    1    1    1    1    1    1    1    1    1    0    1    1    1    1    1    1    1    1    0    1    1    1    0    0    1    1    1    1    1    0    1    1    1    1    1    0    1    1    1    0    1    1    1    1    1    1    0    1    1    1    1    1    1    1    1    1    1    1    1    1    1    1    1    1    1    0    0    1    0    0    0    0    0    1    0    0    1    0    0    0    1    1    0    0    0    0    0    0    1    0    1    0    0    1    0    1    0    0    0    0    0    0    0    0    0    1    1    0    1    1    0    0    0    0    1    1    0    0    0    0    1    0    0    1    1    0    1    0    0    0    1    0    0    0    0    0    0    1    0    1    0    0    0    0    1    0    0    1    0    0    0    0    0    0    0    1    0    0    0    1    0    1    0    0    
50    0.588428    0.589857    1    1    1    1    1    1    1    1    1    1    1    0    1    1    1    1    1    1    1    1    1    1    0    1    1    1    1    1    1    1    1    1    0    0    1    1    1    1    1    1    1    1    1    1    1    0    1    1    0    1    0    1    1    1    1    1    1    1    1    1    1    1    1    1    1    1    1    1    1    0    1    1    1    1    1    1    1    1    1    0    1    1    1    1    1    1    1    1    1    1    0    1    0    1    1    1    1    1    1    1    1    0    1    0    0    0    0    0    0    0    0    1    1    1    0    0    0    1    0    0    1    0    0    0    1    0    1    0    0    0    0    1    0    0    0    1    0    0    0    1    0    0    1    0    1    0    0    1    0    0    0    1    0    0    1    1    0    0    0    1    0    0    0    1    0    0    0    0    0    0    0    1    0    0    0    0    1    0    0    1    1    1    0    0    0    1    0    1    1    1    0    0    0    0    0    0    1    0    0    0    
50    0.239532    0.195113    1    1    1    1    0    1    0    1    1    0    1    1    1    1    1    1    1    1    1    1    1    1    0    0    1    1    1    0    1    1    1    1    1    1    1    1    1    1    1    0    1    1    1    1    1    0    0    1    1    1    1    1    0    1    1    1    1    1    1    1    1    1    0    1    0    1    0    1    1    0    0    1    1    0    1    1    1    1    1    1    1    1    0    1    1    1    1    1    1    1    1    1    1    1    1    1    1    1    1    1    1    0    1    0    0    0    0    1    0    1    0    0    0    0    0    0    0    0    0    0    1    0    0    0    0    0    0    0    0    0    1    0    0    0    0    0    0    0    0    0    0    1    0    1    0    0    0    1    0    0    0    1    0    0    0    1    1    1    0    0    0    1    1    0    0    1    1    0    0    1    1    0    0    1    0    0    1    0    0    1    0    0    0    1    0    1    1    1    0    0    0    1    0    1    0    0    0    1    0    0    
50    0.279665    0.684052    1    1    1    1    1    1    1    1    1    1    1    1    1    1    0    1    1    1    1    1    1    1    1    1    1    1    1    1    1    1    1    0    1    1    1    1    1    1    1    1    1    1    0    1    1    1    1    1    1    1    1    1    1    1    1    1    1    1    1    1    1    1    1    1    1    0    1    1    1    1    0    1    1    1    1    1    0    1    0    0    0    1    1    1    1    1    1    1    1    1    1    1    1    1    1    1    1    1    1    1    1    0    0    1    1    0    1    0    0    0    0    1    0    0    1    0    0    0    1    0    0    0    0    0    0    0    0    1    1    0    0    0    1    1    0    1    0    0    0    0    1    0    1    1    0    0    0    0    0    0    0    0    0    0    0    0    0    0    0    0    0    0    0    0    1    0    1    0    1    1    0    0    0    0    0    0    0    1    0    0    0    0    0    1    0    0    0    0    0    1    0    0    0    0    0    0    0    0    0    0    
50    0.765794    0.875001    1    0    1    1    1    1    1    0    1    1    1    0    1    1    1    0    1    0    1    1    1    1    1    0    1    1    1    1    0    1    1    1    1    1    1    1    1    1    0    1    1    1    0    1    1    1    0    1    1    0    1    1    0    1    1    1    0    1    1    1    1    1    1    1    1    1    1    1    0    1    1    1    0    0    1    1    1    0    1    1    0    1    1    1    1    1    1    1    1    1    0    1    1    1    1    1    1    0    0    0    0    1    1    0    1    0    0    0    0    0    0    1    0    1    1    0    0    0    1    0    0    0    1    0    0    0    1    1    0    0    0    0    0    0    0    0    0    1    0    0    0    0    0    0    0    0    0    1    1    1    1    0    1    1    1    0    0    0    0    0    0    1    0    1    0    0    1    1    0    0    1    0    1    0    1    1    0    0    0    0    0    1    0    0    0    0    0    0    0    1    0    0    0    1    0    0    1    1    1    0    
50    0.777961    0.596962    1    1    1    1    1    1    1    1    1    1    1    1    1    1    1    0    1    1    1    1    1    1    0    1    1    1    1    1    1    1    1    1    0    1    1    1    1    1    1    1    1    1    1    1    1    1    1    1    1    1    1    1    1    1    1    1    1    1    1    1    1    0    1    1    1    0    1    1    1    0    1    1    1    1    1    1    1    1    0    1    1    1    1    1    1    1    1    1    1    1    1    1    1    1    1    1    1    1    1    1    0    0    1    1    0    1    0    0    1    0    0    1    1    1    1    0    0    0    0    0    0    0    0    0    0    0    1    0    1    0    1    0    0    1    0    0    0    0    1    1    1    0    1    0    0    1    0    1    1    0    0    0    0    1    1    1    0    0    0    0    0    1    0    0    1    0    0    0    1    0    0    1    0    1    0    0    0    0    0    0    0    0    1    1    0    1    0    0    0    0    0    0    0    0    1    0    0    0    0    0    
50    0.365776    0.86759    1    0    1    1    1    1    1    1    1    1    1    1    1    1    1    0    1    1    1    1    1    1    1    1    1    0    1    0    1    1    1    0    0    1    0    1    1    1    1    1    1    1    1    1    1    1    1    1    1    1    1    1    1    1    1    0    1    1    1    1    1    1    1    1    1    1    1    1    1    1    1    1    1    1    1    1    1    1    1    1    1    0    1    1    1    1    0    1    0    1    1    1    1    1    0    1    0    1    1    1    0    0    0    0    0    0    1    0    0    0    1    0    0    1    1    0    1    0    0    0    0    0    0    0    0    1    0    1    0    0    0    0    1    0    0    0    0    0    1    1    0    1    1    0    1    1    0    0    0    0    0    0    1    0    1    1    0    1    0    0    0    1    0    1    0    0    0    1    0    0    0    0    1    1    0    0    1    0    0    0    1    1    0    0    0    0    0    0    0    0    0    0    0    1    0    0    1    0    1    1    
50    0.493141    0.615207    1    1    1    1    0    1    1    1    1    0    1    1    1    1    1    1    0    1    1    1    1    1    1    1    1    1    1    1    1    1    0    1    0    1    1    1    1    1    0    1    1    1    1    1    1    1    1    1    1    1    1    1    1    1    0    1    0    1    1    1    1    0    1    1    1    1    1    1    1    1    1    1    1    1    1    1    1    1    1    1    1    1    1    1    1    1    1    1    1    1    1    1    1    1    1    1    1    1    1    1    1    0    1    1    1    0    1    0    1    0    0    1    0    0    0    1    0    0    0    1    0    0    0    0    0    1    0    0    0    1    0    0    0    0    0    0    1    1    0    0    0    0    0    0    0    0    0    0    0    0    1    1    0    0    0    0    0    0    0    1    0    1    0    0    1    0    0    0    0    0    1    0    0    1    1    0    1    0    1    0    0    0    0    0    0    0    1    0    1    0    1    0    0    1    0    1    0    0    1    1    
50    0.411437    0.86811    0    1    1    0    1    1    1    1    1    1    1    1    1    1    1    1    1    1    0    1    1    1    1    0    1    1    1    1    1    1    1    0    1    1    1    1    1    1    1    1    1    1    0    0    0    1    1    1    1    1    1    1    1    1    1    1    1    1    1    1    1    1    1    1    1    1    1    1    1    0    1    1    0    1    1    1    1    1    1    1    1    1    1    1    1    1    1    1    1    1    1    1    0    0    1    1    1    1    0    1    0    1    1    0    0    0    0    0    1    0    1    0    0    1    1    1    0    0    0    0    1    0    0    0    0    0    0    0    0    1    0    0    0    0    0    0    0    1    0    0    0    0    0    1    1    1    0    0    1    0    0    0    0    0    1    0    0    0    0    0    1    1    0    0    0    0    0    1    0    0    0    0    0    0    0    0    0    0    0    0    0    0    0    1    1    0    0    0    0    1    0    0    1    0    1    1    1    1    0    1    
50    0.67955    0.786569    0    1    1    1    1    1    1    1    1    1    1    1    1    1    1    1    1    1    1    1    1    1    1    1    1    1    1    1    1    1    1    1    1    1    1    1    1    0    1    1    0    1    0    1    1    1    1    1    0    1    1    1    1    0    1    1    0    1    1    1    1    1    1    1    1    1    1    1    1    1    1    1    1    1    1    1    0    1    1    0    1    1    1    1    1    1    1    1    1    1    1    1    1    1    1    1    1    1    1    0    0    0    1    0    1    1    0    1    0    0    1    0    0    0    1    0    0    1    0    1    0    0    1    0    1    0    0    1    0    0    0    0    0    0    0    0    0    0    0    0    0    1    0    0    0    0    0    0    0    0    1    0    0    1    0    0    0    1    0    1    0    1    1    1    0    0    0    1    1    0    1    0    0    0    0    1    0    0    1    1    0    0    0    1    0    0    0    0    0    0    0    1    0    1    0    1    0    0    0    0    
50    0.276548    0.823495    1    1    1    1    1    1    1    1    1    1    1    1    1    1    0    1    1    1    1    1    1    1    1    1    1    1    1    0    1    1    1    1    1    1    1    1    1    1    1    1    1    1    1    1    1    1    1    0    1    1    1    1    1    1    1    1    1    1    1    1    1    1    1    1    1    1    0    1    0    1    0    1    1    1    1    1    1    1    0    1    1    1    0    1    1    1    1    1    1    1    1    1    1    1    1    0    1    1    1    1    1    0    0    0    0    0    1    0    0    0    0    0    1    0    0    0    1    1    1    1    0    1    1    0    0    1    0    1    1    0    0    0    1    1    0    0    0    0    0    0    0    0    0    0    0    1    0    0    0    0    0    1    1    1    0    0    0    0    0    0    1    1    0    0    0    1    0    1    1    0    0    0    0    0    1    0    0    0    0    0    0    0    0    0    0    0    1    0    0    0    1    0    1    0    0    0    1    0    0    1    
50    0.614862    0.953407    1    1    1    1    1    1    0    1    1    1    1    1    1    1    1    1    1    0    1    1    1    0    1    1    1    1    1    0    1    1    1    1    1    1    1    1    1    1    1    0    1    0    0    0    1    1    1    1    1    1    1    1    1    1    1    1    1    1    1    1    1    1    1    1    1    1    1    0    1    1    1    1    1    1    1    1    1    1    1    1    1    1    1    1    1    1    1    1    1    1    1    1    0    1    1    1    1    1    0    1    0    0    1    1    0    1    0    0    0    0    0    1    1    0    0    0    0    0    0    1    0    1    1    1    1    0    0    0    0    1    0    0    0    1    0    1    1    0    1    0    1    0    0    0    0    0    0    0    0    1    0    1    1    0    1    0    1    0    0    0    1    0    1    0    0    0    0    0    0    0    1    1    1    0    0    0    0    0    1    0    1    1    0    1    0    0    0    0    1    0    0    0    0    0    0    0    0    0    1    1    
50    0.829125    0.586622    1    1    0    1    1    1    1    1    1    1    1    1    1    1    0    1    1    1    1    1    1    1    0    1    1    1    1    1    1    1    1    1    1    1    0    1    0    0    0    1    0    1    0    1    1    1    1    1    1    1    0    1    1    1    1    1    0    1    1    1    1    1    0    1    1    1    1    0    0    1    1    1    1    1    0    1    0    1    1    1    1    0    1    1    0    1    1    1    1    1    1    1    1    0    1    0    0    1    0    1    0    0    0    1    1    1    0    0    1    0    0    0    0    0    0    1    0    0    1    1    0    0    0    0    0    0    0    0    0    1    0    0    1    1    0    0    0    0    0    1    0    1    0    0    1    0    1    0    0    0    1    0    0    0    0    0    0    1    0    0    0    0    1    0    0    0    0    1    0    0    1    1    0    0    0    0    0    1    0    0    1    0    1    1    0    0    1    0    0    0    0    0    0    0    0    1    0    0    0    0    
50    0.786923    0.893416    1    1    1    0    1    1    1    0    1    0    1    1    1    0    1    1    1    1    1    1    1    1    0    1    1    1    1    1    1    1    0    1    1    1    1    1    1    1    1    1    1    1    1    1    0    1    1    1    1    0    0    1    1    1    1    1    1    1    1    1    1    1    1    0    1    1    1    1    1    1    0    1    0    1    1    1    1    1    1    0    1    0    1    1    1    1    1    0    1    1    0    1    1    1    1    1    1    0    1    1    0    0    1    0    0    0    1    0    1    1    1    0    1    0    1    0    0    0    1    0    0    1    1    0    0    1    0    0    1    0    1    0    1    0    0    0    0    0    0    0    1    0    0    0    0    1    0    0    0    0    1    0    1    1    0    1    1    1    0    0    0    1    0    0    0    0    0    1    0    0    0    0    1    0    0    0    0    0    0    0    0    1    0    0    1    0    0    0    0    0    0    0    0    0    0    0    0    0    0    1    
50    0.472432    0.863593    1    1    1    1    1    1    1    1    1    1    1    1    1    1    1    1    1    1    1    1    1    1    1    1    1    1    1    0    1    1    1    0    1    1    1    1    1    1    1    1    1    1    1    1    1    1    1    1    1    1    1    1    1    1    1    1    0    1    1    1    1    1    0    1    1    1    1    1    1    1    1    1    1    0    1    1    1    1    1    1    1    1    1    1    1    1    1    1    1    1    1    1    1    1    1    1    1    1    1    0    0    1    0    0    0    1    0    0    0    0    0    0    1    0    0    0    1    1    1    0    0    0    1    1    0    1    0    0    0    1    1    0    1    0    1    0    0    0    1    0    0    1    0    0    1    0    0    0    1    0    0    1    0    0    0    0    0    0    0    1    0    1    1    0    0    1    0    0    0    0    0    1    0    0    0    1    1    0    0    1    1    0    1    0    1    0    0    0    1    0    0    1    1    1    0    0    1    1    0    1    
50    0.897735    0.0403897    1    1    1    1    0    1    1    1    1    1    1    0    1    1    1    1    1    1    1    1    1    1    1    1    1    1    1    1    1    1    1    1    1    1    1    1    1    1    1    1    1    1    1    1    0    0    1    1    1    1    1    1    0    1    1    1    1    1    1    1    1    1    1    1    0    1    1    1    1    1    1    1    1    1    1    1    1    1    0    1    1    1    1    1    1    0    1    1    1    0    1    0    1    1    0    1    1    1    1    1    0    0    1    0    0    0    0    0    0    0    0    0    0    0    0    0    0    0    1    1    0    0    0    1    0    0    0    0    0    0    1    0    0    0    0    1    0    0    0    1    0    1    0    0    0    0    0    0    1    1    0    0    0    1    0    0    0    1    0    0    1    0    0    0    0    1    0    1    0    0    0    0    0    1    1    1    1    0    0    0    1    0    0    0    0    0    0    0    0    0    0    0    0    0    0    0    0    1    1    0    
50    0.541654    0.698709    1    1    1    0    1    0    1    1    1    1    1    1    1    1    1    1    1    1    1    1    1    1    1    1    0    1    1    1    1    1    1    1    0    1    1    1    1    1    1    0    0    1    1    1    1    1    1    1    1    1    1    1    1    1    1    1    1    1    1    1    1    1    1    1    1    1    1    1    1    1    1    1    1    1    1    1    1    1    1    1    0    1    1    1    0    1    1    1    1    1    1    0    1    1    1    1    1    1    1    1    0    0    1    0    1    0    0    0    1    0    0    0    0    1    0    0    0    1    1    1    0    1    1    0    0    0    0    0    1    0    1    0    0    0    0    0    1    0    1    0    1    0    0    0    1    0    0    0    1    0    0    0    0    0    0    0    0    0    0    1    0    0    0    0    0    0    0    0    0    0    0    0    0    1    0    1    0    0    0    0    0    0    0    0    0    0    0    0    0    0    0    0    0    1    1    1    0    1    1    0    
50    0.0599881    0.494678    1    0    1    0    1    0    1    1    1    1    1    1    1    1    1    1    1    1    1    1    1    1    1    1    1    1    1    0    0    1    1    1    1    1    1    1    1    1    1    1    1    1    1    1    1    1    0    1    1    1    1    1    1    1    1    1    0    1    1    0    1    1    1    1    1    0    1    1    1    1    1    1    1    1    1    1    1    0    1    1    0    1    0    0    1    1    0    1    1    1    1    1    1    1    0    0    1    1    1    0    0    0    1    0    0    0    0    0    1    0    0    0    1    0    0    0    1    0    0    0    0    0    0    1    0    0    1    1    0    0    0    0    1    0    0    1    0    0    0    0    0    0    0    0    0    0    0    0    0    0    1    0    0    0    1    0    0    0    1    0    1    1    0    0    0    0    1    1    0    0    1    1    0    0    1    0    0    0    0    1    0    1    1    0    0    0    0    0    1    1    1    0    0    0    0    0    0    1    0    0    
50    0.72282    0.153667    1    0    0    1    1    1    1    1    1    1    1    1    1    1    1    0    1    1    0    0    1    1    1    1    1    0    1    1    0    1    1    1    1    1    1    1    1    1    1    1    1    1    1    1    1    0    1    1    0    0    1    1    1    1    1    1    1    1    0    1    1    1    1    1    1    1    1    1    1    1    1    0    1    1    1    1    1    1    1    1    1    1    1    1    1    1    1    1    1    1    1    1    1    1    1    1    1    1    1    1    0    0    0    0    1    0    1    0    0    0    1    1    0    0    0    0    0    0    0    0    1    0    1    0    0    0    0    1    1    0    1    0    1    0    0    0    0    0    0    1    1    0    0    0    1    0    0    0    0    0    0    0    0    0    0    0    0    0    0    0    0    0    1    0    1    0    0    0    0    0    1    0    0    0    0    1    0    0    0    1    1    0    1    1    0    1    1    1    0    0    0    0    0    0    0    1    0    0    0    1    
50    0.196788    0.878678    1    1    1    1    1    1    1    1    1    1    1    1    1    1    1    1    0    0    1    1    1    1    1    1    1    1    1    1    1    1    1    1    1    1    0    1    1    1    1    1    1    1    1    1    1    0    1    1    0    1    1    1    1    1    1    1    1    0    1    1    1    1    1    1    1    1    1    1    1    1    1    1    1    1    1    1    1    1    1    1    1    1    1    1    1    1    1    1    0    1    1    1    1    1    1    1    1    1    1    0    0    0    0    0    0    0    0    1    0    0    1    0    0    0    0    1    0    0    1    0    0    0    0    0    1    1    0    0    0    0    1    1    0    1    0    0    0    0    0    1    1    0    0    0    0    0    0    1    0    0    1    0    0    0    0    0    0    0    0    0    0    0    0    1    0    1    0    1    0    0    0    0    0    1    0    1    0    0    0    0    0    1    0    0    1    1    1    0    0    0    0    1    0    0    1    0    0    0    0    0    
50    0.607307    0.160423    1    1    1    1    1    1    0    1    1    1    0    1    1    1    1    1    1    1    1    1    1    1    1    0    1    1    1    0    0    1    0    1    1    1    0    1    1    0    1    1    0    0    1    1    1    1    1    0    1    1    0    1    1    1    1    1    1    1    1    1    1    1    1    1    0    1    1    0    1    1    1    1    1    1    1    1    1    1    1    0    1    0    1    1    0    1    1    1    1    0    1    1    1    0    1    1    1    0    0    1    1    0    1    0    0    0    0    0    0    0    0    0    0    0    0    0    0    1    0    1    1    0    1    1    0    1    1    0    1    0    1    0    0    0    1    0    0    1    0    0    0    0    1    0    1    0    0    0    0    0    0    1    0    1    1    0    0    1    1    0    0    0    1    1    0    0    0    0    1    0    0    1    0    0    0    1    0    1    0    0    0    0    1    0    1    0    0    0    0    0    0    0    0    0    1    0    1    1    0    0    
50    0.760686    0.994226    1    1    1    1    0    1    1    0    1    1    0    1    1    1    1    1    0    1    1    1    1    1    1    1    1    1    0    1    0    1    1    1    1    1    1    1    0    1    0    1    0    1    1    1    1    1    1    1    1    1    1    1    1    1    1    1    1    1    1    1    1    1    1    1    1    1    1    1    1    1    1    0    1    1    1    1    1    1    1    1    0    1    1    1    1    0    1    1    1    1    1    1    1    1    1    1    0    1    1    1    0    0    1    0    1    1    1    0    0    1    0    1    0    0    0    0    0    1    0    1    0    0    0    0    0    0    1    1    0    0    0    0    0    1    0    1    0    0    0    1    0    0    0    0    0    1    0    0    1    0    1    0    1    0    0    0    1    0    1    0    1    0    0    0    0    0    1    0    0    0    0    0    0    0    1    1    0    0    0    0    1    1    0    0    0    0    0    0    0    0    0    0    0    0    0    1    0    0    0    0    
50    0.344501    0.921955    1    0    1    1    1    1    1    1    1    1    0    1    1    1    0    1    1    1    1    0    1    1    1    1    0    1    1    1    1    0    1    1    1    1    1    1    1    1    0    1    1    1    1    1    1    0    1    1    1    1    1    1    1    1    1    1    1    1    1    1    1    1    1    1    1    1    0    1    1    1    1    1    1    1    1    1    0    1    1    1    1    1    1    1    1    1    1    1    1    1    1    1    1    1    1    1    1    1    1    1    0    0    0    0    1    1    0    0    0    0    1    0    0    0    0    0    0    0    1    1    0    0    0    0    0    1    0    0    0    1    0    0    0    0    1    0    0    0    0    1    0    0    0    0    0    0    0    1    0    0    0    1    0    0    0    1    1    1    0    0    1    0    0    0    1    1    1    0    0    0    1    0    0    0    0    1    0    0    0    0    1    1    0    0    0    0    0    0    0    0    0    0    0    0    0    1    1    0    0    0    
50    0.081005    0.27331    1    1    1    1    0    0    1    1    1    1    1    1    1    1    0    1    1    1    1    0    1    1    1    1    1    1    0    1    1    1    1    1    1    1    1    1    1    1    1    1    1    1    1    1    1    0    1    1    1    1    1    1    1    1    1    1    1    0    0    0    1    1    0    1    1    1    1    1    1    1    0    1    1    1    1    1    1    0    1    1    1    1    1    1    1    1    1    1    1    1    1    1    0    1    0    1    1    1    1    1    0    0    0    0    1    0    0    0    0    0    0    1    0    0    0    0    1    0    0    0    1    1    0    1    0    0    0    0    0    0    0    0    0    1    0    0    0    0    0    0    0    1    0    1    1    0    1    1    1    1    0    1    0    1    0    1    0    0    0    0    0    0    0    1    0    1    1    0    0    0    0    0    1    0    1    0    1    1    0    0    0    0    0    0    0    0    1    0    0    0    0    0    1    1    1    1    1    0    0    0    
50    0.205492    0.786222    1    0    1    1    1    1    1    1    0    1    1    0    1    1    1    1    1    1    1    1    1    1    1    1    1    1    1    1    1    1    1    1    1    1    1    1    0    1    0    1    1    0    1    1    1    1    1    1    1    1    1    1    1    0    1    0    1    1    1    1    1    1    1    1    1    1    1    1    0    1    1    1    1    1    1    1    1    1    1    1    1    1    1    1    1    1    1    1    1    1    1    1    0    1    1    1    1    1    1    0    1    0    0    0    1    1    1    0    0    1    0    1    1    0    0    0    1    0    0    0    0    1    0    1    0    0    0    0    0    1    0    0    0    0    0    0    0    0    1    0    0    0    0    0    0    0    1    1    0    0    1    1    0    1    0    0    0    0    1    0    0    1    0    0    0    1    0    0    0    0    1    1    0    0    0    0    0    0    0    0    0    0    1    0    0    0    1    0    1    0    0    0    0    0    0    0    1    0    0    1    
50    0.809277    0.468043    1    1    1    1    1    0    1    1    1    1    0    1    1    1    1    1    1    1    1    0    1    1    1    1    1    1    1    1    1    0    1    1    1    1    1    1    0    1    0    1    1    1    1    1    0    1    1    1    1    1    1    0    1    1    0    1    1    1    1    1    0    0    0    1    0    1    1    1    1    1    1    0    1    1    1    1    1    1    0    1    1    1    1    1    0    1    1    1    1    1    0    1    1    1    1    1    0    1    0    1    0    0    1    1    1    0    0    1    1    0    0    0    0    1    0    1    0    0    1    0    0    0    0    1    1    1    1    1    0    1    0    0    0    0    0    1    0    0    1    0    1    0    0    1    0    0    0    1    0    0    0    0    1    0    0    0    0    1    0    0    0    0    1    0    0    0    0    1    0    0    0    1    0    0    0    0    0    0    0    0    0    1    0    0    0    0    1    0    0    1    0    0    0    0    0    0    0    1    0    1    
50    0.702536    0.264446    1    1    1    1    1    1    0    1    1    1    1    1    1    1    1    0    1    1    0    1    1    1    1    1    1    0    1    1    1    1    1    1    1    1    1    1    1    1    1    1    1    1    1    1    1    1    1    1    1    1    1    1    1    1    1    1    1    1    1    1    1    1    1    1    1    1    1    1    0    1    1    1    1    1    1    0    1    1    1    0    1    0    1    0    0    0    0    0    0    1    1    1    1    1    1    1    1    1    1    1    0    0    0    0    0    0    0    0    1    0    0    1    0    0    0    1    1    0    0    1    0    0    0    0    0    0    0    0    0    0    1    0    0    0    1    0    0    1    0    1    0    0    1    0    1    0    0    0    0    0    1    0    0    0    1    1    1    0    0    0    1    0    1    0    1    0    0    1    0    1    1    0    0    0    0    0    0    0    0    0    0    1    0    1    1    1    0    0    1    0    0    1    0    0    0    0    0    0    0    0    
50    0.866512    0.914935    1    1    0    1    1    1    1    1    1    1    1    0    1    1    0    1    1    1    1    1    1    1    1    1    0    1    1    1    1    1    1    1    1    1    1    1    1    1    1    1    1    1    1    1    1    1    1    1    1    1    1    1    1    1    1    1    1    1    1    1    0    1    1    1    1    1    1    1    1    1    1    1    1    1    1    1    0    1    0    0    1    1    1    1    1    1    1    1    1    1    1    1    1    1    1    1    0    0    1    1    0    0    0    1    1    0    0    1    0    0    1    1    0    1    0    1    0    0    0    1    0    0    0    0    0    1    1    0    1    0    0    0    0    0    0    0    0    1    0    0    1    0    1    0    0    0    1    0    0    0    0    1    0    0    0    0    0    1    0    0    0    0    0    1    1    1    0    0    0    1    0    0    0    0    0    1    0    0    0    1    1    0    1    0    0    0    0    0    0    1    0    0    0    0    1    0    1    0    0    0    
50    0.696291    0.576854    1    1    1    1    1    1    1    1    1    1    1    1    1    1    1    1    1    1    1    0    1    1    1    1    1    1    1    0    1    1    1    1    1    1    1    1    1    1    1    1    1    1    1    1    1    1    0    1    1    1    1    1    1    1    1    1    1    1    0    1    1    1    1    1    1    0    1    1    1    1    0    1    1    1    1    1    1    1    1    0    1    1    1    1    0    1    1    1    1    1    1    1    1    1    1    1    1    1    1    1    0    0    0    0    1    0    0    0    0    1    0    1    0    0    0    0    0    0    0    0    1    0    0    0    0    0    0    0    0    0    0    1    0    0    0    0    0    0    1    0    0    1    0    1    1    0    0    0    0    1    0    0    1    0    0    1    1    1    0    0    0    0    0    1    0    0    1    1    1    1    0    0    0    0    0    0    0    0    0    1    1    0    1    0    0    0    0    0    1    0    0    0    0    1    0    0    1    1    0    0    
50    0.480831    0.0104351    1    1    1    1    1    1    1    1    1    1    1    1    1    1    1    1    1    1    1    1    1    1    1    1    0    1    1    1    1    1    1    1    1    1    1    1    1    1    1    1    1    1    1    1    1    0    1    0    1    1    1    1    1    1    1    1    1    1    1    1    1    1    0    1    1    1    1    1    1    1    1    1    0    1    1    1    1    1    1    1    1    1    1    1    1    1    1    1    1    1    0    1    1    1    0    1    1    1    1    0    0    1    0    0    1    0    0    0    1    0    0    0    0    0    1    0    1    0    0    0    0    0    0    0    0    0    1    0    1    0    0    0    1    0    0    0    0    0    1    0    1    0    0    0    0    0    0    0    1    1    1    0    1    0    0    0    0    0    1    0    1    0    0    1    0    0    1    0    1    0    1    1    1    1    0    1    0    0    0    0    1    0    0    1    1    0    0    0    0    1    0    0    0    0    1    1    0    1    1    0    
50    0.211895    0.582093    1    1    1    1    1    1    1    1    1    1    1    1    0    0    1    1    1    1    1    1    1    1    1    0    1    1    1    1    1    1    1    1    1    1    0    1    1    0    1    1    1    1    1    1    1    1    1    1    1    1    1    1    1    1    1    1    1    0    1    1    1    0    1    0    1    0    1    1    0    1    1    1    1    0    1    1    0    1    1    1    1    1    0    1    1    1    1    1    1    1    1    1    1    1    1    1    1    1    1    1    0    0    0    0    0    1    1    0    1    1    0    0    1    0    0    0    0    0    1    0    0    0    1    0    0    0    0    1    0    0    0    1    1    0    1    0    1    0    1    0    0    0    1    0    0    0    0    0    0    0    1    0    0    0    0    1    0    0    0    0    0    0    0    0    1    0    0    0    1    0    0    0    0    1    0    0    0    0    0    1    1    0    0    0    0    1    1    0    0    0    1    1    0    0    0    0    0    0    0    1    
50    0.505927    0.0875756    0    0    1    1    0    1    1    1    1    1    1    1    0    1    1    0    1    0    1    1    1    0    1    1    1    1    0    1    1    1    1    1    1    1    1    1    1    0    0    1    1    1    0    1    1    1    1    0    1    1    1    1    1    1    1    1    1    1    1    1    1    1    1    1    1    1    1    1    1    1    1    1    1    0    1    1    0    0    1    1    1    1    1    1    1    1    1    1    1    1    1    1    1    1    1    1    1    1    1    0    1    1    0    0    0    0    0    0    0    0    0    0    0    1    1    0    0    0    1    0    0    0    1    0    0    0    1    1    0    0    1    0    0    0    1    0    0    0    0    0    1    1    0    0    1    1    0    1    0    0    0    0    0    0    0    1    1    0    0    1    0    1    0    0    1    0    0    0    0    1    0    0    1    0    0    0    0    0    0    0    0    0    0    0    0    0    1    0    0    0    0    0    0    0    0    0    1    0    0    0    
50    0.573925    0.0658959    0    1    1    1    1    1    1    1    1    1    1    1    1    1    1    1    1    1    1    1    1    0    1    1    1    1    1    0    1    1    1    1    1    1    1    1    1    1    1    0    1    1    1    1    1    1    1    1    1    0    1    1    1    1    1    0    1    1    1    1    0    1    0    1    1    1    1    1    1    1    1    1    1    1    1    0    1    1    1    1    1    1    1    1    1    1    1    1    1    0    1    1    0    1    1    1    1    1    1    1    0    0    0    0    0    0    1    0    0    0    1    0    0    0    1    1    0    1    0    0    0    0    1    0    0    1    0    1    0    1    1    0    0    0    0    1    0    0    0    0    1    1    0    0    0    0    0    0    0    0    0    1    0    0    0    0    0    0    1    1    1    0    0    0    1    0    0    0    1    1    0    0    0    0    0    1    0    0    0    0    0    1    0    0    1    0    1    1    1    1    0    0    0    0    1    1    0    0    0    0    
50    0.232711    0.865204    0    0    1    1    1    0    1    1    1    1    1    1    1    1    1    1    1    1    1    1    1    1    1    1    0    1    1    1    1    1    1    1    1    1    1    1    1    1    1    0    1    0    1    1    1    0    1    1    1    1    1    1    1    0    1    1    1    1    1    1    1    1    1    1    1    1    1    1    1    0    1    1    1    1    1    0    1    1    1    1    1    1    1    1    1    1    1    0    1    1    1    1    0    1    1    1    1    1    0    1    0    0    0    0    0    0    1    0    0    0    1    0    0    0    1    0    1    0    1    0    0    0    0    0    0    0    1    1    0    0    1    1    0    1    1    1    0    1    0    1    0    0    0    0    0    0    1    0    1    0    1    1    0    0    1    0    0    0    1    0    0    0    0    1    0    0    1    0    0    1    1    0    0    1    1    0    1    0    0    0    0    0    1    0    0    0    0    1    1    1    1    0    0    1    0    1    0    0    0    0    
50    0.398884    0.693979    1    1    1    1    1    1    0    1    0    1    1    1    0    1    1    1    1    0    1    1    1    1    1    1    1    1    0    1    1    1    1    1    1    1    1    1    1    1    1    1    0    0    1    1    1    1    1    1    1    1    1    1    1    1    1    1    0    1    1    1    1    0    1    1    1    1    1    1    1    1    1    1    1    1    1    1    1    1    1    1    0    1    1    1    1    1    1    0    1    1    1    1    0    1    1    1    1    1    1    1    0    1    0    0    0    0    0    1    0    1    0    1    0    0    0    1    0    0    0    0    0    1    1    0    0    0    0    0    1    1    0    1    0    0    0    0    0    0    0    1    0    1    0    1    0    0    0    0    0    0    1    0    1    0    1    0    0    0    0    0    1    0    0    0    0    0    0    0    0    0    0    0    0    1    0    0    0    0    0    0    0    1    0    0    0    0    0    1    0    0    0    1    0    0    1    1    0    0    0    0    
50    0.647584    0.492816    1    1    1    1    0    1    1    0    1    0    1    1    1    1    1    1    0    1    1    1    1    1    1    1    1    1    1    1    1    0    1    1    1    1    0    1    1    1    1    1    0    1    1    1    1    1    1    1    1    1    1    1    1    1    0    1    1    1    1    1    0    1    1    1    1    1    1    1    1    1    1    0    1    1    1    1    1    1    0    1    1    1    1    1    1    1    0    1    1    1    1    1    0    1    0    1    0    1    1    1    0    0    1    0    1    0    0    1    0    1    1    1    0    0    1    0    1    0    1    0    1    0    0    0    0    0    0    1    0    0    0    1    0    0    0    0    0    1    0    0    0    0    0    1    0    0    0    0    0    1    1    0    0    0    1    0    0    0    0    0    1    0    0    0    0    0    1    0    1    0    0    1    1    1    0    0    0    0    0    0    0    1    0    0    0    1    0    0    0    1    0    1    0    1    1    0    0    0    0    0    
50    0.353177    0.904981    1    1    1    1    1    1    1    1    1    1    0    0    1    0    1    1    1    1    1    0    1    1    1    1    1    1    1    0    1    1    1    1    1    1    1    1    1    1    1    1    1    1    1    1    1    1    1    1    1    1    1    0    1    1    0    0    1    1    1    1    1    1    1    1    1    1    1    1    1    1    1    1    1    1    1    0    1    1    1    1    1    1    1    1    1    1    1    1    1    1    1    1    1    1    1    1    1    1    1    1    0    0    0    0    0    0    0    1    0    0    1    0    1    1    0    0    0    0    1    1    0    0    0    1    1    0    0    0    0    0    1    1    1    0    0    0    0    0    0    1    0    1    0    0    0    1    0    0    1    0    0    0    0    0    0    0    1    0    1    0    1    0    1    0    0    0    1    0    0    0    0    0    0    0    0    0    0    0    0    1    0    0    0    0    0    0    0    0    0    0    1    0    0    1    0    0    1    1    0    0    
50    0.905384    0.62026    1    0    1    1    1    0    1    1    1    0    1    1    0    0    1    1    1    1    1    0    1    1    1    1    1    1    1    1    0    0    1    1    1    1    1    1    1    1    1    1    1    0    1    0    1    0    1    1    1    1    1    1    1    1    0    1    1    0    1    0    1    1    1    0    1    1    1    1    1    1    1    1    1    1    0    1    1    0    1    1    1    1    1    1    1    1    1    1    0    1    0    1    1    1    1    1    1    1    1    1    1    0    1    0    1    0    0    1    1    1    1    0    0    0    0    0    0    0    0    0    0    0    0    1    0    0    0    0    0    0    1    0    0    0    0    0    0    0    1    1    0    0    0    0    0    0    0    0    0    0    1    1    0    1    0    0    0    0    0    1    0    0    0    0    0    0    0    1    0    0    0    0    0    0    0    0    0    0    0    0    1    0    0    0    0    0    0    0    0    0    0    1    0    0    1    0    1    0    0    1    
50    0.897839    0.173804    1    0    1    1    1    1    1    1    1    1    1    1    1    1    1    1    0    1    1    1    1    0    1    1    0    1    1    1    1    1    1    1    1    1    0    1    1    1    1    1    1    1    1    0    1    1    1    1    1    0    1    1    1    1    1    1    0    1    0    1    1    1    1    1    1    1    1    1    1    1    0    1    1    0    1    1    1    1    1    1    1    1    1    1    1    0    1    0    1    1    1    0    1    1    1    1    1    0    1    1    0    1    0    1    1    0    0    1    0    0    0    0    0    0    0    0    0    0    0    0    0    0    0    1    0    0    1    1    0    1    1    0    1    0    0    0    0    0    1    0    0    0    1    1    0    0    0    1    0    1    0    0    0    0    0    1    0    0    1    0    1    0    0    1    1    0    0    0    0    1    1    0    1    1    0    1    0    0    0    1    0    0    0    0    0    1    1    0    0    0    0    0    0    0    0    0    0    0    0    0    
50    0.646532    0.482036    1    1    1    1    1    1    1    1    0    1    1    0    1    1    1    1    1    1    1    1    1    1    1    1    1    0    1    1    0    1    1    1    1    0    1    1    1    1    0    0    1    1    1    1    1    0    1    1    0    1    1    1    1    1    1    1    1    1    1    0    1    0    1    1    1    1    1    1    1    1    1    1    0    1    1    0    1    0    1    1    1    0    0    1    0    0    1    1    1    1    1    0    1    1    1    1    1    1    1    1    0    0    0    0    0    0    0    0    0    1    0    0    0    0    1    0    0    0    0    0    1    1    0    1    0    0    1    0    0    1    0    0    0    0    0    0    1    1    1    0    0    0    1    0    0    1    0    1    1    0    1    0    0    0    1    0    0    0    1    1    0    0    1    0    0    0    1    0    0    0    0    1    0    0    0    0    1    1    0    0    0    1    0    0    0    0    1    0    0    0    0    0    0    1    1    0    0    0    0    0    
50    0.829912    0.368617    1    1    1    1    1    0    1    1    1    1    1    1    1    0    0    0    1    1    1    1    1    0    1    1    1    0    1    1    1    0    1    1    1    1    1    1    1    1    1    1    1    1    1    1    1    0    1    0    1    1    1    1    0    1    1    0    1    1    0    0    1    1    1    1    0    1    1    0    1    0    1    1    1    1    0    1    0    0    1    0    1    1    1    1    1    0    1    1    1    0    1    1    0    0    1    1    1    1    1    1    0    0    0    0    0    0    1    0    1    0    0    0    1    0    1    0    1    0    1    1    0    0    0    0    1    0    0    1    0    0    0    0    0    0    0    0    0    0    0    0    0    1    1    0    0    1    0    0    1    1    0    1    0    0    1    0    1    0    0    0    0    0    0    0    0    0    1    0    1    0    0    0    1    0    0    0    0    0    0    0    1    1    0    0    1    0    0    0    0    0    1    0    0    0    0    0    1    0    0    0    
50    0.362732    0.829657    1    1    1    1    1    1    1    1    1    1    1    1    1    1    1    1    1    1    1    1    1    1    1    1    1    1    1    1    1    1    1    1    1    1    1    1    1    1    1    1    1    1    1    1    0    1    1    1    1    1    1    1    1    1    1    1    1    1    1    1    1    1    1    1    1    1    0    1    1    1    1    1    1    1    1    1    1    1    1    1    1    1    1    1    1    1    1    1    1    1    1    0    1    0    1    1    1    1    1    1    0    0    1    0    0    0    0    0    0    0    1    1    1    0    0    1    0    1    0    0    0    0    1    1    1    0    1    0    0    0    0    0    0    1    0    0    0    0    1    1    0    1    0    1    1    0    0    0    0    0    0    0    0    0    0    0    0    0    0    0    0    0    0    0    0    0    0    0    0    1    0    1    0    0    1    1    0    0    0    0    1    0    0    0    1    0    0    0    0    0    0    0    1    0    0    0    0    0    0    1    
50    0.233286    0.287927    0    1    1    1    1    1    1    1    1    1    1    1    1    1    1    1    1    1    1    1    1    1    0    1    0    0    1    1    1    1    1    1    0    1    0    1    0    1    0    1    1    1    1    1    1    0    1    1    1    1    1    1    0    1    1    1    1    1    1    1    1    1    1    1    1    1    1    1    1    1    1    1    1    1    1    1    1    0    1    1    0    0    1    1    0    1    1    1    1    1    1    1    1    0    1    1    1    1    1    1    0    0    1    1    1    0    0    0    0    0    1    0    1    0    0    0    0    0    1    0    0    0    0    1    0    0    1    0    0    0    0    0    0    0    1    0    0    0    1    0    0    0    0    0    0    0    0    1    0    0    0    1    0    0    1    0    0    1    0    1    1    0    0    0    0    1    0    0    1    0    1    0    0    0    1    0    0    0    0    0    0    0    0    0    0    1    0    0    0    1    0    0    1    0    0    0    1    0    1    0    
50    0.96333    0.906445    1    1    1    1    1    1    1    1    1    1    1    0    1    1    0    1    1    1    1    1    1    1    1    1    1    1    1    1    1    1    1    1    1    0    1    1    1    0    1    1    1    1    1    1    0    0    1    1    1    1    0    1    1    0    1    1    1    1    1    1    0    1    1    1    1    1    1    1    1    1    1    1    1    1    1    1    0    1    1    1    1    1    1    1    1    1    1    1    0    1    1    1    0    1    1    1    0    1    1    1    0    1    0    0    0    0    0    0    0    0    0    1    0    1    0    0    0    0    1    1    0    0    1    1    0    0    0    1    0    0    0    0    0    1    1    1    0    0    0    1    1    0    0    1    0    0    0    0    0    1    0    1    1    0    0    1    0    0    0    0    0    1    0    1    0    1    1    0    0    0    0    0    0    0    0    0    1    0    0    0    0    0    0    0    0    0    0    0    0    0    0    1    0    0    0    0    1    0    0    0    
100    0.618501    0.238578    1    1    1    0    0    1    1    0    0    1    1    0    1    1    1    1    1    1    0    1    1    1    1    1    1    1    0    1    1    1    0    1    1    1    1    1    1    1    1    0    1    0    1    1    1    0    1    1    1    1    1    1    1    1    1    1    1    1    1    1    1    1    1    1    1    1    1    1    1    0    0    1    1    1    1    1    1    1    1    1    1    0    1    1    1    1    1    1    0    1    0    1    1    1    0    1    1    1    1    0    0    0    0    1    0    0    1    0    0    0    0    0    0    1    0    0    0    0    0    1    0    1    0    0    0    0    0    0    0    0    1    0    0    0    1    1    1    1    0    1    0    0    0    0    1    0    1    1    1    0    0    0    0    1    0    0    1    0    1    0    0    0    0    0    0    0    0    0    0    1    0    1    0    0    0    0    0    0    0    0    1    0    0    0    0    1    1    1    0    1    0    0    0    1    0    0    0    0    0    0    
100    0.0660713    0.700817    1    0    0    1    1    1    1    1    1    1    1    0    0    1    1    1    1    1    1    0    1    1    1    1    1    0    1    1    1    1    1    1    1    1    1    1    1    1    1    1    1    1    1    1    0    0    1    1    0    1    1    1    1    1    1    0    1    1    0    0    1    0    1    1    1    1    1    0    1    1    1    1    1    1    1    1    1    1    1    1    1    1    1    0    1    1    1    1    0    1    0    1    1    0    1    1    1    1    1    0    1    0    1    1    0    0    1    1    0    1    0    0    1    0    0    0    0    0    1    0    0    0    0    1    1    0    0    0    0    0    0    0    1    0    1    1    0    0    0    0    0    0    1    0    1    0    0    1    1    0    0    0    1    0    1    0    0    1    0    1    0    0    0    1    0    0    0    1    1    0    0    1    0    0    0    0    0    1    1    0    0    0    0    0    0    0    0    1    1    1    1    0    1    0    0    0    0    0    0    1    
100    0.0319791    0.0866592    0    1    1    1    1    1    1    1    1    1    1    1    1    0    1    1    1    1    1    1    1    1    0    1    1    1    1    1    1    1    1    1    0    0    0    1    1    1    1    1    1    1    1    1    1    1    1    1    1    1    1    0    1    1    1    1    1    1    1    1    1    1    1    1    1    0    1    1    1    0    1    1    0    1    0    1    1    1    1    1    1    1    1    0    1    1    1    1    1    1    1    1    0    1    1    0    1    1    0    1    1    1    0    0    0    1    1    0    1    0    0    0    0    1    1    0    0    0    0    0    0    1    0    1    0    0    0    0    0    0    0    1    0    0    1    0    1    1    0    0    0    0    1    0    0    0    0    0    1    0    0    0    0    1    0    0    0    0    0    0    0    0    0    0    1    0    0    1    0    0    1    0    0    1    0    0    0    0    1    0    1    1    0    0    0    0    0    0    0    0    0    0    0    1    0    0    0    0    0    0    
100    0.0693262    0.864857    1    1    1    1    1    1    1    1    1    1    1    1    1    1    1    0    1    1    1    1    0    1    1    1    1    1    1    1    1    1    1    1    0    1    1    1    1    1    1    1    1    0    1    1    1    1    1    1    1    1    1    0    1    1    1    0    1    1    1    1    1    1    0    0    1    1    1    1    1    1    1    1    1    1    1    1    1    1    1    1    1    1    1    1    1    1    1    1    0    1    0    1    0    1    1    1    1    1    1    1    1    1    0    0    0    1    0    0    1    1    0    0    0    0    0    0    0    0    0    0    1    0    0    0    1    0    0    1    0    0    1    0    1    1    1    0    0    0    1    1    0    0    0    0    0    0    1    0    0    0    1    0    0    0    0    1    0    0    0    0    0    0    1    1    0    1    0    1    0    0    0    0    1    0    0    0    1    0    0    0    0    0    1    1    1    0    0    1    1    1    0    0    0    0    1    0    0    0    0    1    
100    0.333142    0.0491601    1    1    1    1    1    1    1    1    1    1    1    0    1    1    1    0    1    0    1    1    1    0    1    0    1    1    1    0    0    1    1    1    1    1    1    1    1    1    0    1    0    0    1    0    1    1    1    1    1    1    1    1    1    1    1    1    1    1    1    1    1    0    1    1    1    1    1    0    0    0    1    1    1    1    1    1    1    1    1    1    1    1    1    1    1    1    1    1    1    1    1    1    1    1    1    1    1    1    1    1    1    0    1    0    0    1    0    0    0    0    0    0    0    1    1    0    0    0    1    0    0    0    1    0    0    0    0    0    1    0    0    0    0    0    1    0    0    0    1    0    0    1    1    1    0    1    0    0    1    1    0    0    1    0    1    0    1    0    0    1    0    0    0    0    0    1    0    0    0    1    0    0    0    0    1    1    1    0    0    0    1    0    0    0    1    0    1    0    0    0    1    0    1    0    1    0    0    0    0    0    
100    0.998759    0.576746    1    1    0    1    1    1    1    1    1    1    1    1    1    1    1    1    1    0    1    1    0    1    1    1    1    1    1    1    1    1    1    1    1    1    1    1    1    1    1    0    1    1    1    1    1    0    1    1    1    1    1    0    1    0    1    1    1    1    0    1    1    0    1    1    0    1    1    0    1    1    1    1    1    0    1    1    1    1    1    0    1    1    1    0    1    1    1    1    1    1    1    1    1    1    1    1    0    1    1    1    0    0    1    0    0    1    0    0    0    0    0    0    0    1    0    0    0    0    0    0    0    1    0    0    0    0    0    0    0    0    0    1    0    1    1    1    1    0    0    0    0    1    0    0    1    0    0    0    1    0    1    1    0    0    0    1    0    0    0    0    0    0    1    0    1    0    0    0    1    0    1    0    0    0    0    0    0    0    0    0    1    1    0    1    0    0    0    1    0    0    0    0    0    0    1    1    0    0    0    0    
100    0.248895    0.313568    1    1    1    1    1    1    1    1    1    1    1    1    0    1    1    0    0    1    1    1    1    1    1    1    1    1    0    1    1    0    0    1    1    1    1    1    1    1    1    1    1    1    1    1    1    0    1    1    1    0    1    1    1    0    1    1    1    1    1    1    1    1    1    1    0    1    1    1    1    0    0    1    1    1    0    0    1    1    0    1    1    1    1    1    1    0    1    0    1    1    1    0    1    1    0    1    0    1    1    1    0    0    1    0    1    1    0    1    0    0    0    1    1    0    0    0    1    0    0    0    0    1    0    0    1    0    0    1    0    1    1    0    0    0    0    0    0    1    0    1    0    0    0    0    0    0    0    1    0    1    0    1    0    0    1    0    0    1    0    0    1    0    0    0    0    0    0    0    1    0    1    0    1    0    0    0    1    1    0    1    0    1    0    1    1    0    0    1    0    0    0    0    1    0    0    1    0    0    0    1    
100    0.301541    0.173366    1    0    1    1    1    1    0    1    1    1    1    1    1    0    1    0    0    0    1    1    1    0    1    1    0    1    1    1    0    1    0    1    1    1    1    1    1    1    1    0    1    1    0    0    1    1    1    1    1    1    1    0    1    1    1    1    1    0    1    0    1    1    1    1    1    1    1    0    1    1    1    1    1    1    1    1    1    0    0    1    1    1    1    1    1    1    1    1    1    1    1    1    1    1    1    1    1    1    1    1    0    1    0    0    1    0    0    0    0    0    0    0    1    0    0    0    0    1    0    0    0    0    1    1    0    0    0    0    0    0    0    0    0    0    0    0    0    0    1    1    0    0    1    0    0    0    0    0    1    1    0    1    0    1    0    0    0    1    1    0    0    0    1    0    0    0    0    1    0    0    1    0    1    0    1    0    0    0    0    0    0    0    0    0    1    0    0    0    0    0    1    0    0    0    0    0    0    1    0    0    
100    0.28978    0.535184    1    1    1    1    1    0    0    1    1    1    1    1    1    1    1    1    1    1    0    1    1    1    0    1    1    1    1    1    1    1    1    1    0    1    1    1    1    1    0    0    1    0    1    1    1    1    1    1    0    1    0    0    0    1    1    0    1    0    0    1    1    1    1    1    0    0    1    1    1    1    1    0    1    1    1    1    0    0    1    0    0    1    1    1    0    0    1    1    1    1    1    1    0    1    1    1    1    1    0    1    1    0    0    0    0    0    0    0    0    1    0    0    0    1    0    1    0    0    0    0    0    0    0    0    0    0    0    0    0    0    0    0    0    0    0    0    1    1    1    0    0    1    0    0    0    0    0    0    0    0    0    0    1    0    0    1    0    0    0    0    0    0    0    0    0    1    0    0    1    0    0    0    1    0    0    0    0    0    0    0    0    0    0    0    0    1    0    1    0    0    1    0    0    1    0    1    0    1    0    0    
100    0.379817    0.849107    1    1    1    1    1    1    1    1    0    1    1    1    1    1    1    1    0    1    1    0    1    1    1    0    1    1    1    1    1    0    1    1    1    1    1    1    0    1    1    0    1    1    1    1    0    0    1    1    1    1    1    1    1    1    1    1    1    1    1    1    1    1    1    1    1    1    1    1    1    1    1    0    1    1    0    0    1    1    1    1    1    1    0    1    1    1    1    0    1    0    0    1    1    1    1    1    1    1    1    1    1    0    0    0    0    1    0    0    0    0    1    1    0    0    0    0    1    1    0    0    0    0    1    0    0    0    0    0    0    0    0    0    0    0    0    0    0    0    0    0    1    0    1    0    0    1    1    1    0    0    0    0    0    1    0    1    0    0    0    1    0    1    1    0    0    0    0    0    1    0    0    0    0    0    0    0    0    0    0    0    1    1    1    1    0    0    0    0    0    0    1    0    0    1    0    0    1    0    1    0    
100    0.875008    0.225071    1    1    1    0    1    1    0    1    1    1    1    1    1    1    1    1    1    0    1    1    1    1    1    1    0    1    1    1    1    1    1    1    1    1    1    1    1    1    1    1    1    1    0    1    1    1    0    1    0    1    1    0    0    1    1    1    1    1    1    1    1    1    1    1    0    1    1    1    1    0    1    0    1    1    1    1    1    1    1    1    1    1    1    1    1    1    1    1    0    1    1    1    1    1    1    1    1    1    1    0    0    0    0    0    0    1    0    1    0    0    0    1    0    0    0    0    0    0    0    0    1    1    1    0    0    0    1    0    1    0    1    1    1    1    0    1    0    0    1    0    0    0    0    0    0    0    0    1    0    0    1    0    0    1    0    0    0    0    1    0    0    1    0    0    0    1    0    0    0    1    1    0    0    0    0    0    1    0    0    0    0    0    0    0    0    0    1    0    0    1    0    1    0    0    0    1    0    0    0    0    
100    0.0740317    0.600568    1    1    1    1    1    1    1    1    1    1    1    1    1    1    1    1    1    1    1    1    1    1    1    1    0    1    0    1    0    1    1    1    1    1    0    1    1    1    1    0    1    1    1    1    1    1    0    1    1    0    1    1    1    0    1    1    0    0    1    1    1    1    1    1    1    0    1    0    0    1    1    1    1    1    0    1    1    1    0    1    1    1    1    1    1    1    1    0    1    1    0    1    1    1    1    1    1    1    1    0    0    0    0    0    0    0    1    1    0    1    1    0    0    1    0    1    0    0    0    1    0    0    0    0    0    0    0    0    0    0    0    0    0    0    1    0    1    0    0    0    0    0    0    1    0    0    0    0    1    0    0    0    1    0    1    0    1    0    0    1    0    0    0    0    0    0    0    0    0    1    1    1    1    0    0    0    0    1    0    0    0    0    0    1    0    1    0    0    0    0    0    1    1    0    0    0    1    0    0    1    
100    0.95976    0.782649    1    0    1    1    0    1    1    1    1    1    1    1    1    1    1    1    0    1    1    1    0    1    1    1    1    0    1    0    1    1    0    1    0    1    1    1    1    1    0    1    1    1    1    1    1    1    1    1    1    1    1    1    1    0    1    0    1    1    1    1    1    1    1    1    1    1    1    0    1    1    0    1    1    1    1    1    1    1    1    1    1    1    1    1    0    1    1    1    1    1    1    1    0    0    1    1    0    1    1    1    0    0    0    0    1    0    0    0    0    0    0    0    0    0    1    0    0    0    1    0    0    1    1    1    0    1    1    0    0    0    0    0    0    1    0    1    1    0    1    0    1    0    1    1    0    0    0    0    0    1    0    0    1    1    0    0    1    0    0    0    0    0    0    0    0    1    1    0    0    0    0    0    1    0    0    0    0    0    0    0    0    0    1    0    0    0    0    1    1    1    1    0    0    0    0    0    0    0    0    0    
100    0.632964    0.629531    1    1    1    1    1    1    0    1    1    1    1    1    1    0    1    1    1    1    0    1    1    1    1    1    0    1    0    1    1    1    1    1    1    1    1    1    1    1    1    1    1    0    1    1    1    1    1    1    0    1    1    1    1    1    1    1    1    1    1    1    1    1    1    1    1    1    1    1    1    1    1    1    1    1    1    1    1    1    1    1    1    1    1    1    0    1    1    1    1    1    1    1    1    1    1    1    1    1    1    1    1    1    0    0    0    0    0    0    0    0    0    1    1    0    0    0    1    0    0    1    0    0    1    0    0    0    1    0    0    0    1    0    0    0    1    1    1    1    1    0    0    0    0    0    0    1    0    0    1    0    1    0    0    0    0    0    1    0    0    1    0    0    0    0    0    0    0    0    0    0    0    0    1    0    0    0    1    0    0    1    1    0    0    1    0    1    0    0    1    1    0    0    0    0    0    0    0    0    1    1    
100    0.628956    0.915964    0    1    1    1    1    1    1    0    1    1    1    1    1    1    1    1    1    1    1    1    1    1    1    1    1    1    1    1    1    1    1    1    1    1    1    1    1    1    1    0    1    1    1    1    1    1    1    1    1    1    1    1    1    1    1    1    1    1    1    1    1    0    1    1    1    1    1    1    1    1    1    1    1    1    1    1    1    1    0    1    1    1    1    1    0    1    1    1    1    1    0    1    1    1    1    1    1    1    1    1    0    0    1    0    1    0    1    0    1    0    0    0    1    1    1    0    0    0    1    1    1    0    1    1    0    1    0    1    0    0    1    0    0    0    0    1    0    0    0    0    0    0    0    0    0    1    0    0    0    0    1    0    1    0    0    0    0    0    0    1    0    0    0    0    1    1    0    0    1    0    0    1    1    0    0    0    0    1    0    1    0    0    0    0    0    0    0    1    0    0    1    0    1    1    1    0    0    0    1    0    
100    0.0533677    0.248495    0    1    1    1    1    0    1    1    1    0    1    1    1    0    1    1    1    1    0    1    1    1    1    1    0    1    1    0    1    1    1    1    1    1    1    0    1    1    1    1    1    0    1    1    1    1    1    1    1    0    1    1    1    0    1    1    1    1    1    1    1    1    1    1    1    1    0    1    1    1    1    1    0    1    1    1    1    1    1    1    1    1    0    1    1    1    1    1    1    1    1    0    1    1    1    1    1    1    1    1    0    0    0    0    0    1    1    0    0    1    0    0    0    0    0    0    1    0    1    0    1    0    0    0    0    0    0    1    0    0    1    0    0    0    0    0    0    0    0    1    0    0    0    0    0    0    1    0    1    0    1    0    0    0    1    0    0    0    0    0    0    0    0    0    0    1    0    1    0    0    0    0    0    1    0    1    0    0    1    0    0    0    1    0    0    0    1    0    0    1    0    1    0    0    0    0    0    1    0    0    
100    0.558141    0.98701    1    0    1    1    1    0    1    1    1    1    1    0    1    0    1    0    0    1    1    1    1    1    1    1    0    0    1    1    1    1    1    1    1    0    0    0    1    1    0    1    1    1    1    1    1    1    1    1    1    1    0    1    1    1    1    1    1    1    1    1    1    0    1    1    1    0    1    0    1    0    1    1    1    1    1    1    1    1    1    1    0    1    1    1    1    1    1    0    1    1    0    1    1    1    1    1    1    1    1    1    0    0    0    0    0    1    0    0    0    0    0    0    0    0    0    0    1    0    0    0    1    0    0    0    0    1    0    0    0    0    0    0    0    1    1    0    0    0    0    0    0    0    1    0    0    0    1    0    0    0    0    0    0    1    0    0    0    0    0    0    0    1    0    0    1    0    0    0    0    0    0    0    1    1    0    0    0    0    1    0    0    0    1    0    0    0    0    0    0    0    0    0    0    0    1    0    0    0    0    0    
100    0.942366    0.275198    1    1    1    1    1    1    1    1    1    0    1    1    1    1    0    1    1    1    1    0    1    1    0    0    1    1    1    1    1    1    0    1    1    1    1    1    0    1    1    1    1    1    0    1    0    1    1    1    1    1    1    1    1    1    1    1    1    1    1    1    0    1    0    1    1    1    1    1    1    1    1    1    1    1    1    1    0    1    0    0    1    1    1    0    0    1    1    0    1    1    0    1    0    0    1    1    1    1    1    1    0    0    0    1    0    1    0    0    1    1    0    0    1    0    0    0    0    1    0    1    0    1    0    0    0    0    0    0    0    0    0    0    0    0    1    0    1    0    0    0    0    0    0    1    0    1    0    0    1    0    0    0    0    0    0    0    0    0    1    1    0    0    1    1    0    0    0    1    0    1    0    0    0    0    1    0    0    0    1    1    0    0    0    0    0    0    0    0    1    0    0    1    1    1    0    0    0    0    0    0    
100    0.737036    0.758228    1    1    1    1    1    1    1    0    1    1    1    1    1    1    1    1    1    1    1    1    1    1    1    0    0    1    1    1    1    1    0    0    1    1    1    1    1    1    1    1    1    1    1    1    1    1    0    1    1    1    1    0    1    1    1    1    1    1    1    1    1    1    1    0    1    0    1    0    0    1    1    1    1    1    1    1    1    1    1    1    1    1    1    1    0    1    1    0    1    1    1    0    1    1    0    1    1    1    1    1    0    0    0    0    0    1    1    1    1    0    1    0    1    0    0    0    1    0    0    1    1    1    0    1    0    0    1    0    1    0    1    0    1    0    0    0    0    0    1    0    1    1    0    0    0    0    0    1    1    0    0    1    0    1    0    0    0    0    1    1    0    1    0    0    0    1    1    0    0    1    1    0    0    1    0    0    1    0    0    0    0    0    0    0    0    0    0    1    0    1    0    0    1    1    0    0    1    1    1    1    
100    0.860671    0.579823    1    0    1    1    0    1    1    1    0    0    1    1    1    1    1    1    0    1    1    1    1    1    1    1    1    1    1    1    1    1    1    1    1    1    1    1    0    1    1    1    1    0    0    1    0    1    0    1    1    1    1    1    0    1    0    1    1    0    1    1    1    0    1    1    1    1    1    0    1    1    1    0    1    0    1    1    1    1    1    1    1    1    1    1    1    1    1    0    1    1    0    1    1    1    1    1    1    0    0    1    0    1    0    0    0    0    0    1    0    0    0    0    1    0    0    0    0    0    1    0    0    0    0    0    0    0    1    0    1    1    0    1    0    0    0    0    0    0    0    1    1    0    1    0    1    1    0    1    0    0    1    0    0    1    0    1    0    1    1    0    1    0    0    0    0    0    0    0    0    0    0    0    0    0    0    0    1    1    1    0    1    0    0    0    1    0    0    0    0    0    0    1    0    0    1    1    0    0    0    0    
100    0.693819    0.597676    1    1    1    1    0    1    1    1    0    1    1    1    1    1    1    0    1    1    1    0    1    1    1    1    1    1    1    1    0    1    1    1    0    1    1    1    1    1    1    1    1    1    1    1    1    1    1    0    1    1    1    0    1    1    1    1    1    1    1    1    0    1    1    1    1    1    0    1    1    1    1    1    1    1    1    1    1    1    0    1    1    1    1    1    1    1    1    1    1    1    1    1    1    1    1    1    1    1    0    1    0    1    1    0    0    0    1    1    0    0    0    0    1    0    0    1    0    0    1    0    0    0    1    0    0    0    0    1    0    0    0    1    1    1    0    0    1    0    1    0    0    0    0    0    0    0    0    0    1    0    1    0    0    0    1    0    1    0    0    0    0    1    0    0    0    0    0    0    1    0    0    0    0    1    1    0    0    0    1    0    1    1    0    0    0    0    0    1    0    0    1    1    0    0    1    0    0    1    0    0    
100    0.219233    0.469207    1    1    1    1    0    1    1    1    1    1    1    1    0    1    1    1    1    1    1    1    1    1    0    1    1    1    1    1    1    1    1    0    1    1    1    1    1    1    1    1    1    1    1    1    1    1    1    1    1    1    1    1    0    1    1    1    1    1    1    1    1    1    1    1    1    1    1    1    1    1    1    1    1    1    0    1    1    1    1    1    1    1    1    1    1    0    1    0    1    1    1    1    1    1    1    1    1    1    1    1    0    0    1    0    0    0    0    1    0    0    0    0    1    1    0    0    0    0    0    0    0    0    0    0    0    0    0    0    0    0    0    1    0    0    1    0    1    0    0    0    0    0    0    0    0    0    0    0    0    0    1    0    1    1    0    0    0    0    0    1    0    1    0    0    0    0    0    0    0    0    0    0    1    0    0    0    0    0    0    0    0    0    0    0    0    1    0    1    1    0    1    0    0    0    0    1    0    1    0    1    
100    0.700457    0.29969    1    1    1    1    1    0    1    1    1    1    1    1    1    1    1    1    0    1    1    1    1    1    1    1    1    1    1    1    1    1    1    1    1    1    1    1    0    1    1    1    1    1    1    1    1    1    1    1    1    1    1    1    1    1    1    1    1    1    1    1    1    1    1    0    1    1    1    1    1    0    1    0    1    1    1    1    1    1    0    1    0    1    1    0    1    1    1    1    1    1    1    1    1    1    1    1    1    1    1    1    0    0    1    0    0    0    0    0    0    1    0    1    0    0    0    0    0    0    0    0    1    0    0    1    1    0    1    1    0    0    0    1    0    1    0    0    1    0    0    0    1    1    0    0    1    0    0    0    0    1    0    0    0    0    0    1    0    0    1    0    0    0    0    0    0    0    0    0    0    0    0    0    0    1    0    0    0    0    0    0    0    1    0    0    0    1    1    0    1    0    0    1    0    0    0    0    1    0    0    0    
100    0.647517    0.614385    1    1    0    1    1    1    1    1    1    1    1    1    1    1    1    1    1    1    0    1    1    1    0    1    1    1    1    1    1    1    1    1    1    1    1    1    1    1    1    1    1    1    1    1    1    1    0    1    1    1    1    1    1    1    1    0    1    1    1    1    1    1    1    0    1    1    1    1    1    1    0    1    0    1    1    1    1    1    1    1    1    1    1    1    0    1    1    1    1    1    1    1    1    1    1    1    1    1    1    1    1    1    1    0    1    0    0    0    0    1    0    0    1    0    1    1    0    1    1    1    0    0    1    1    0    0    1    0    0    1    0    1    1    0    0    1    0    1    1    0    0    0    0    1    0    0    0    0    0    1    0    0    0    1    0    1    1    0    0    1    0    1    1    1    0    0    0    0    0    0    0    1    0    1    0    0    0    0    0    0    0    0    0    0    1    0    0    0    0    1    1    0    0    1    1    0    0    0    0    1    
100    0.460496    0.291199    0    1    0    1    1    1    0    1    0    1    1    1    0    1    1    1    1    0    0    0    1    1    1    0    1    0    1    1    0    1    1    1    1    1    0    1    0    1    1    1    0    1    1    0    1    1    1    1    1    1    1    1    1    1    1    1    1    1    1    0    1    1    1    1    0    1    1    1    1    0    0    1    1    1    1    1    1    1    1    1    0    0    0    0    1    1    0    1    1    1    1    1    1    1    0    1    1    1    1    1    1    0    0    1    1    0    0    1    0    0    0    1    0    0    0    1    1    1    0    0    1    0    0    0    0    0    0    0    0    0    0    0    0    0    0    0    1    0    0    0    1    0    0    0    0    0    1    0    0    1    1    0    0    0    1    0    1    0    0    0    0    0    1    0    0    0    1    0    1    0    0    1    0    0    1    0    0    0    1    0    0    0    0    0    0    0    0    0    0    0    1    1    0    0    0    0    0    1    0    0    
100    0.0863457    0.923705    1    1    1    1    1    1    1    1    1    1    1    0    0    1    1    1    1    1    1    0    0    0    1    0    1    0    1    1    1    0    1    1    1    0    1    1    1    1    1    0    1    1    1    1    1    1    1    1    1    1    1    1    0    1    1    1    1    1    1    1    0    1    1    1    1    1    1    1    1    1    1    1    1    1    1    1    1    1    0    1    1    1    1    1    1    1    1    1    0    1    1    1    1    0    1    1    1    1    1    1    0    0    0    0    0    0    1    0    0    0    1    0    1    0    1    0    0    0    0    0    1    1    1    1    1    0    1    0    1    1    0    0    0    0    1    0    0    1    0    0    0    0    1    1    1    0    1    1    1    1    0    0    1    0    0    0    1    0    1    0    0    0    1    0    1    0    0    0    0    0    1    0    1    0    0    0    0    0    0    0    1    0    0    0    1    0    1    0    1    1    0    0    0    0    1    0    0    0    1    0    
100    0.108388    0.318519    1    0    1    1    1    1    1    1    1    1    1    1    1    1    1    1    1    1    1    0    1    1    1    1    1    1    0    0    1    1    1    1    1    1    1    1    1    1    0    1    1    1    1    1    1    1    1    0    1    1    1    1    1    1    1    1    1    1    0    1    1    1    1    1    0    1    0    1    1    1    0    1    1    1    1    1    1    0    0    1    1    1    1    1    1    1    1    1    1    1    1    1    1    0    1    1    1    0    1    1    0    0    0    0    0    0    0    0    0    0    0    0    0    0    0    0    1    0    0    0    0    0    1    0    1    0    1    0    0    0    0    1    0    0    0    0    1    1    0    1    0    1    0    0    0    0    1    0    1    0    0    0    1    0    1    0    1    0    0    0    0    0    0    1    0    0    0    0    0    0    1    1    1    0    0    0    1    1    0    0    0    1    1    0    0    0    1    0    0    1    0    0    1    0    0    1    0    0    0    1    
100    0.04941    0.793746    1    0    1    1    1    1    0    1    1    1    1    1    1    1    1    0    1    1    1    1    1    1    1    1    1    0    1    1    1    1    1    1    1    1    1    1    0    1    1    1    1    1    1    1    0    1    1    1    1    1    1    1    1    1    1    1    1    1    1    1    1    1    1    1    1    1    1    1    0    1    1    1    1    1    1    1    1    1    1    1    1    1    1    0    1    1    1    1    1    1    1    1    1    0    1    1    0    1    1    1    1    0    1    0    1    0    1    1    1    0    1    1    0    0    1    0    0    0    1    1    1    0    0    1    0    0    0    1    0    0    0    0    0    0    0    0    0    1    0    0    1    0    1    1    0    0    0    1    0    0    0    1    0    1    0    1    0    0    0    0    1    0    0    0    0    0    0    0    1    0    1    0    0    0    1    0    0    0    0    0    1    0    1    0    0    1    0    0    1    1    0    1    0    0    1    0    0    0    0    0    
100    0.96175    0.686329    0    1    1    1    1    1    0    1    1    1    1    1    1    1    1    1    1    1    1    1    1    1    1    1    1    0    1    1    1    1    1    1    1    1    1    1    1    1    1    1    1    1    0    1    1    0    1    0    1    1    1    1    1    1    1    0    1    1    1    1    0    1    1    1    1    0    1    1    0    1    1    1    1    1    1    1    1    0    1    0    1    1    1    1    1    1    1    1    0    1    1    1    1    1    1    1    1    1    1    0    1    0    0    0    1    0    0    0    1    0    1    0    0    1    0    0    0    1    1    0    0    0    1    0    0    0    0    0    0    1    1    0    1    0    1    0    0    0    0    1    0    0    0    0    0    1    0    1    0    0    0    0    0    1    0    0    0    1    0    0    0    1    0    0    0    1    0    1    0    0    0    0    0    0    0    1    0    0    0    0    0    0    0    0    1    0    0    0    1    1    1    0    1    0    0    0    0    0    0    0    
100    0.136241    0.0610216    1    1    1    1    0    0    1    1    1    0    1    0    1    1    1    1    1    0    1    1    1    1    1    1    1    1    1    1    0    1    1    1    1    1    1    1    1    1    1    1    1    1    0    1    1    0    1    1    1    1    1    1    1    1    1    1    1    0    1    1    1    0    0    0    1    1    1    0    1    1    1    0    1    1    0    1    0    1    1    0    1    1    0    1    1    1    1    0    1    1    1    1    1    0    1    1    1    1    1    1    0    0    0    0    0    1    0    0    1    0    0    0    0    0    0    0    0    0    0    0    1    0    0    0    1    0    0    1    1    0    0    1    0    0    1    0    0    1    0    0    0    0    1    0    0    0    0    0    0    0    0    1    0    1    0    0    0    0    0    0    0    1    0    0    1    0    0    0    0    0    1    0    0    0    0    1    0    1    1    1    0    0    0    1    1    0    0    0    0    0    1    0    1    0    0    0    0    1    0    1    
100    0.576926    0.73584    1    1    1    0    1    1    1    1    0    1    1    1    1    1    1    1    1    1    1    1    1    1    1    1    1    1    1    1    1    1    1    1    0    0    1    1    1    1    1    1    1    1    1    1    1    1    1    1    1    1    0    1    0    1    1    1    1    1    1    1    1    0    1    1    1    1    1    1    1    1    1    1    1    1    1    1    1    1    1    1    1    1    1    0    1    1    1    1    1    1    1    1    1    1    0    1    0    1    1    0    0    0    0    1    0    0    1    0    0    0    0    1    1    1    0    1    0    0    0    1    0    1    0    0    0    1    1    0    1    0    0    1    1    1    1    0    1    0    0    0    0    0    0    1    0    0    1    0    1    0    1    0    0    1    0    1    1    0    0    0    0    0    0    0    0    0    0    1    0    0    0    0    0    0    0    0    0    1    0    1    0    0    0    0    0    0    0    0    0    1    0    1    1    0    0    0    0    1    0    0    
100    0.145655    0.523684    1    0    1    1    1    1    1    0    1    1    1    1    1    1    1    1    1    1    1    1    1    1    1    1    1    1    1    0    1    1    1    1    1    1    0    1    1    1    0    1    1    1    1    1    1    1    1    1    1    1    1    1    1    1    1    1    1    1    1    0    1    1    0    1    1    1    1    1    1    0    1    1    1    1    1    0    1    1    1    1    1    1    1    1    0    1    1    1    0    1    0    1    0    1    1    1    1    1    1    1    1    1    0    0    1    0    0    0    0    0    0    0    0    0    0    0    0    0    0    0    0    0    0    0    1    0    0    1    0    1    0    0    0    1    0    0    0    1    1    0    1    1    0    0    0    0    0    0    1    0    0    0    0    1    0    0    1    0    0    0    0    0    0    1    0    1    1    1    1    1    0    0    0    0    0    0    0    1    0    0    0    0    0    0    1    0    1    0    1    0    0    0    1    0    0    0    0    0    1    0    
100    0.916862    0.0881356    1    1    1    1    1    1    1    0    1    1    0    1    1    1    1    1    1    1    1    1    1    1    0    1    1    1    1    0    1    1    1    1    1    1    1    0    1    1    1    1    0    1    1    1    1    1    1    1    0    1    1    1    0    1    1    1    1    1    1    1    1    1    0    1    1    1    1    1    1    1    1    0    1    1    1    1    1    1    0    1    1    0    1    0    0    1    1    0    1    1    1    0    0    1    1    1    1    1    1    1    0    0    0    1    0    1    0    0    1    0    1    0    1    0    1    0    0    1    0    1    0    0    0    0    0    0    0    0    0    0    1    1    0    0    1    0    1    1    1    1    0    1    0    0    1    1    0    0    0    1    1    0    0    1    0    0    0    0    0    0    1    0    0    1    1    0    0    0    1    0    0    0    0    0    1    0    0    0    0    1    0    1    0    0    0    0    0    1    0    0    0    0    0    0    0    0    0    0    0    1    
100    0.931379    0.266966    0    0    1    0    1    0    1    1    0    0    1    1    1    1    1    1    1    1    1    0    1    1    1    1    1    1    1    1    0    0    1    1    1    1    1    0    1    1    0    1    1    1    1    1    1    1    1    1    1    1    0    1    0    1    1    0    1    1    1    1    1    1    1    1    0    1    1    1    0    1    1    0    0    1    1    1    1    0    0    0    1    0    0    0    0    1    1    1    0    1    1    1    1    0    1    1    0    1    1    1    0    0    1    0    0    0    0    0    1    0    0    0    0    0    0    0    1    0    0    0    0    0    1    0    0    0    0    1    1    0    1    0    0    1    1    0    0    1    0    0    0    1    0    0    1    0    0    0    1    0    0    0    0    0    1    0    0    1    0    1    0    1    1    1    0    0    0    0    0    0    0    0    0    0    0    1    0    1    0    0    0    0    1    0    0    0    0    0    0    0    1    0    1    0    0    0    0    0    0    0    
100    0.2749    0.409805    1    1    0    1    1    1    0    1    1    1    1    0    1    1    1    1    1    1    1    1    0    1    0    1    1    0    1    1    1    1    1    1    1    1    0    1    1    1    1    1    1    1    0    1    0    1    1    1    1    0    1    1    1    1    0    1    0    0    1    1    1    1    1    1    1    1    1    1    1    1    1    0    0    1    0    0    1    0    1    1    1    0    1    0    0    0    1    1    1    0    1    0    1    1    1    1    1    1    1    1    0    1    1    1    1    0    0    0    0    0    1    0    0    0    0    0    0    0    0    0    0    0    0    0    1    0    0    1    1    0    0    0    0    0    1    0    1    1    1    0    0    0    0    0    1    1    0    0    0    0    0    0    1    0    0    0    0    0    0    0    0    0    0    0    1    1    0    0    0    0    0    0    0    0    0    0    0    0    0    0    0    1    0    0    0    0    0    0    1    1    0    1    0    0    1    0    1    0    0    0    
100    0.65882    0.238385    1    1    1    1    1    1    0    0    0    0    1    1    1    0    1    1    1    1    0    1    1    1    0    1    1    1    1    1    1    1    1    1    1    0    1    0    1    1    1    1    1    1    1    1    0    0    1    1    1    1    1    1    0    1    1    1    1    1    1    1    0    1    1    1    1    1    1    1    1    1    1    0    1    1    1    1    1    1    1    1    1    1    1    1    1    1    1    1    0    1    1    1    1    1    0    0    1    1    1    1    0    0    1    0    0    1    1    0    0    1    0    1    1    0    0    0    0    1    0    0    0    0    0    1    1    0    0    1    1    1    0    0    0    0    1    0    1    0    1    0    0    0    0    1    0    0    1    0    0    0    0    0    1    0    1    0    0    1    0    0    1    0    1    0    0    1    0    0    1    1    1    0    0    0    0    0    0    0    0    0    0    1    0    0    1    0    0    0    1    0    0    0    1    0    0    0    0    1    1    0    
100    0.459558    0.706094    1    0    1    1    1    1    1    1    0    1    1    1    1    0    1    1    1    1    1    1    1    1    1    1    1    1    1    1    1    1    1    1    1    1    1    0    1    1    1    1    0    1    1    1    1    1    1    1    1    1    1    0    1    1    1    1    1    1    1    1    1    1    1    1    1    1    1    1    1    1    1    1    1    1    1    1    0    1    1    1    1    1    1    1    1    0    1    1    1    1    1    0    1    1    0    1    1    1    1    1    1    0    0    0    0    0    1    0    0    0    1    1    0    0    0    0    0    0    0    1    0    0    0    1    1    0    0    0    0    0    0    0    0    0    0    0    0    0    0    0    0    0    0    0    0    0    0    0    0    0    1    0    1    0    0    0    0    1    0    0    1    1    0    0    1    1    1    1    0    0    0    0    0    0    1    0    0    1    0    0    0    0    0    1    1    1    1    0    1    1    1    0    1    0    0    1    0    0    0    0    
100    0.0957828    0.429045    1    1    1    1    1    1    1    1    1    1    1    0    1    1    1    1    1    1    1    1    1    1    0    1    1    1    1    1    1    0    0    1    1    1    1    1    1    1    1    1    1    0    1    0    1    1    1    0    1    1    0    1    1    1    1    1    1    1    1    1    1    1    1    1    1    1    1    1    1    1    1    1    1    1    0    1    1    1    1    1    0    1    1    0    1    1    1    1    1    1    0    1    1    1    1    1    1    1    1    1    1    0    1    0    0    0    0    0    0    1    1    0    0    1    0    1    1    0    0    0    0    0    1    0    1    1    0    1    0    0    0    0    1    1    1    0    0    0    0    0    0    0    0    0    0    0    1    0    0    0    0    0    0    0    1    0    0    0    0    0    0    0    1    0    0    0    0    0    1    0    0    1    0    1    1    0    0    0    0    0    1    0    0    1    1    0    0    0    0    0    0    1    1    1    1    1    0    0    0    0    
100    0.897895    0.319148    1    0    1    1    1    0    1    1    0    1    0    1    0    1    1    1    1    1    1    1    1    1    0    1    1    1    1    1    1    1    1    1    1    1    1    1    0    1    0    1    1    1    1    1    1    1    0    1    1    1    1    1    1    0    0    1    1    1    1    1    1    1    1    1    0    0    1    1    1    1    1    1    1    1    1    1    1    1    1    1    1    1    1    1    1    1    1    1    1    1    0    0    1    1    1    1    1    0    1    1    0    1    0    0    0    0    0    0    0    0    0    0    0    0    0    1    0    0    0    0    0    0    0    1    0    0    1    1    0    0    0    0    0    0    0    1    1    0    0    1    0    0    0    1    0    0    0    0    1    0    0    0    1    0    0    0    0    0    1    1    0    0    1    1    0    0    0    0    1    0    0    1    0    0    0    1    0    1    0    0    0    0    0    1    0    0    1    1    1    0    0    0    1    1    0    1    0    0    0    1    
100    0.189651    0.978462    1    1    1    0    1    0    1    1    1    1    1    1    0    1    1    1    1    1    1    1    1    1    1    1    1    1    1    1    1    1    1    1    1    1    1    0    1    1    1    0    1    1    1    1    1    1    1    1    1    1    0    1    1    1    1    1    1    1    1    1    1    1    1    1    0    1    1    1    1    0    1    1    1    1    1    1    1    1    1    1    1    1    1    1    1    1    1    1    1    1    1    1    1    1    1    1    1    0    1    1    1    1    1    0    0    0    0    0    0    0    1    0    1    0    0    0    1    0    0    0    1    0    0    1    0    0    0    0    1    0    0    0    1    0    0    0    0    1    0    0    0    1    0    0    0    1    0    0    0    0    0    0    0    0    0    0    0    0    0    0    0    0    0    0    1    0    1    0    1    1    1    0    0    0    1    0    1    0    0    0    0    0    0    1    1    1    1    1    1    0    1    1    0    1    0    0    0    0    1    0    
100    0.970231    0.850993    1    1    0    1    1    1    1    1    0    1    1    1    1    0    0    1    1    1    1    1    1    1    1    1    1    0    1    1    1    1    0    1    1    1    1    1    0    1    1    1    1    1    1    1    0    1    1    1    1    1    1    0    1    1    0    1    1    1    1    1    1    1    1    1    1    1    1    1    1    1    1    1    1    1    1    1    0    1    0    0    1    1    1    1    1    1    1    1    1    1    1    1    1    0    1    0    1    0    1    1    0    0    0    0    1    0    1    0    0    0    0    0    0    0    0    0    1    0    0    0    0    0    0    0    0    0    0    1    0    0    0    0    0    0    0    0    0    0    0    1    0    0    1    0    1    0    1    0    0    0    0    1    0    0    0    0    1    0    0    0    0    0    0    0    0    1    1    0    0    0    0    1    0    1    1    1    1    0    0    0    0    0    1    1    0    0    0    1    1    1    0    0    1    0    1    0    0    0    0    0    
100    0.0702747    0.0279058    1    1    1    1    0    1    1    1    1    0    0    0    0    0    1    1    0    1    1    1    1    1    1    1    1    1    1    0    1    1    1    1    1    1    1    1    1    1    1    0    1    1    1    1    1    1    1    1    1    1    1    0    1    1    1    1    1    1    1    1    1    1    1    1    1    1    0    1    1    1    0    1    1    1    1    1    1    1    0    1    1    1    1    1    1    0    1    0    1    1    1    0    1    0    1    1    1    1    1    0    1    0    0    1    0    0    1    1    0    1    1    1    0    0    0    1    0    1    0    0    0    0    0    1    0    0    0    0    0    0    0    1    0    0    0    0    0    1    0    0    0    0    0    1    1    0    1    0    0    1    0    0    0    1    0    0    0    0    1    0    0    1    0    0    0    0    0    0    0    0    1    0    1    1    0    0    0    0    0    0    0    0    0    1    0    0    0    0    0    0    0    0    0    1    0    1    0    0    0    0    
100    0.447274    0.852604    0    1    1    1    1    1    1    1    1    1    1    1    1    1    1    1    1    1    1    1    1    1    1    0    1    1    1    1    1    1    1    1    1    1    1    1    1    1    1    0    1    1    1    1    1    1    1    1    1    1    1    0    1    1    1    1    1    1    1    1    1    0    1    1    1    1    1    1    1    1    1    1    1    1    1    0    1    1    1    1    1    1    1    1    1    1    1    1    1    1    1    1    1    1    1    1    1    0    1    1    0    0    0    0    0    0    0    0    0    1    0    0    1    0    1    0    0    0    0    0    0    0    1    0    0    0    0    0    0    0    0    0    0    0    0    1    0    1    1    0    1    0    1    1    0    1    0    0    1    1    1    1    0    0    0    0    0    1    0    0    0    0    0    0    1    0    0    0    1    1    0    0    0    1    1    0    0    0    0    0    0    0    0    0    0    0    1    0    0    0    0    1    0    1    0    1    0    1    1    0    
100    0.26104    0.627516    1    1    1    1    0    1    1    1    1    1    1    1    1    0    1    0    0    1    1    1    1    1    1    1    1    1    1    1    1    1    0    1    1    1    1    1    1    0    1    1    1    1    0    1    1    1    1    1    1    1    1    1    1    1    1    1    1    1    1    1    1    1    1    1    0    1    1    1    1    1    1    1    1    0    0    0    1    0    1    0    1    1    0    1    1    1    1    1    1    0    1    1    1    1    1    1    1    1    0    1    0    1    0    1    0    0    0    0    0    0    0    0    0    0    0    0    0    1    1    0    0    0    1    0    0    0    1    0    0    0    0    0    0    1    0    0    0    1    0    0    0    0    1    1    1    0    1    0    0    1    1    0    0    0    0    1    0    0    0    0    0    1    0    0    0    1    1    0    1    0    0    1    1    1    0    1    0    0    0    0    1    0    0    0    0    0    0    0    0    0    1    0    0    1    0    0    0    0    0    1    
100    0.586443    0.586516    1    0    1    1    1    1    1    1    1    0    1    1    1    1    1    1    0    1    1    1    1    0    1    0    1    1    1    1    1    1    1    1    0    1    1    1    1    1    1    1    1    1    1    0    1    1    1    0    1    1    1    1    1    1    1    1    1    1    1    1    1    1    1    1    1    1    1    1    0    0    1    1    1    1    1    1    1    1    1    1    1    1    1    1    1    1    1    1    1    1    1    1    1    1    1    1    1    1    1    1    0    0    0    0    1    0    0    0    0    1    0    0    1    1    0    1    0    0    0    0    1    0    1    1    0    1    0    0    1    1    1    0    1    0    0    0    1    0    0    0    0    0    0    1    0    1    1    0    0    0    1    0    0    0    0    1    0    0    0    0    0    0    0    1    0    0    0    0    0    1    0    0    0    1    1    0    1    0    0    0    1    0    0    1    0    1    1    1    0    0    0    0    1    0    0    0    0    0    1    0    
100    0.605588    0.245235    1    1    1    1    1    1    1    1    1    0    1    1    1    1    1    1    1    1    0    1    1    1    1    1    1    1    1    1    1    1    1    0    1    0    0    1    1    1    1    1    0    0    1    1    1    1    0    1    1    1    1    1    1    1    1    1    1    1    1    1    1    0    1    1    1    1    1    1    1    1    1    1    1    1    1    1    1    1    0    1    1    1    1    1    1    1    1    1    1    1    1    0    1    1    1    1    1    0    1    1    0    1    1    0    0    1    1    1    0    0    0    0    0    0    0    0    0    0    0    0    0    0    0    0    0    0    1    0    1    0    0    0    0    0    0    0    0    0    0    1    0    0    0    0    0    0    1    0    1    1    0    1    0    0    0    0    0    1    0    0    0    0    0    0    0    0    1    1    0    0    0    0    0    1    0    0    0    1    0    0    0    1    0    1    0    0    1    1    0    0    0    1    0    0    1    0    0    0    0    0    
100    0.690323    0.943317    1    1    1    0    0    1    1    1    1    1    1    1    0    1    1    0    1    1    1    0    1    0    1    1    0    1    1    1    0    1    1    1    0    1    1    1    1    1    1    0    1    1    1    1    1    1    1    1    0    1    0    1    0    0    0    1    1    1    1    1    1    1    1    0    1    1    1    1    1    1    0    1    1    1    0    1    1    0    1    0    1    1    1    1    1    1    1    1    1    1    0    1    1    1    1    1    1    1    1    1    0    0    0    0    0    0    1    1    0    0    0    0    0    0    0    0    1    1    1    0    0    1    0    1    0    1    1    1    0    0    0    1    0    0    1    0    0    0    0    0    0    1    0    0    1    1    0    1    1    1    0    1    0    0    1    0    0    0    0    1    1    0    1    0    0    0    0    0    0    0    0    0    0    0    1    1    0    0    0    0    1    0    0    0    1    0    0    0    1    1    0    0    0    0    0    0    1    0    0    0    
100    0.664999    0.119593    1    1    1    1    1    1    1    0    1    1    1    1    0    0    1    1    1    1    1    1    1    1    1    1    1    1    0    1    1    1    1    1    1    1    1    1    1    1    1    1    1    0    1    1    1    1    1    1    1    1    1    0    1    0    1    1    1    0    1    1    1    1    1    1    1    1    1    1    1    1    0    1    1    1    1    0    0    1    0    1    0    1    0    1    1    1    1    1    0    1    1    1    1    1    1    1    1    0    1    1    0    1    1    0    0    0    1    0    0    0    0    1    0    1    1    0    0    0    0    0    0    0    0    0    0    1    0    0    0    0    0    0    1    0    1    0    0    0    0    1    0    0    0    0    0    0    0    0    0    0    0    0    1    0    0    0    0    1    1    0    0    0    0    0    0    1    1    0    0    0    0    0    0    1    0    0    0    0    0    0    0    1    0    1    0    1    0    1    0    0    0    0    0    0    0    1    0    1    0    0    
100    0.560033    0.447644    1    0    1    1    1    0    1    1    1    1    0    0    1    1    1    0    0    0    0    1    1    0    1    1    1    1    1    0    1    1    1    1    0    1    0    1    1    1    1    1    1    0    1    1    0    1    1    1    1    1    1    1    0    0    1    1    1    0    1    0    1    0    1    1    1    1    0    1    1    1    0    1    1    1    1    1    0    1    1    1    1    1    0    1    1    1    1    1    1    1    1    1    1    1    1    1    1    1    1    1    0    1    1    1    0    0    0    0    0    0    1    0    0    0    0    1    0    1    1    0    1    0    1    0    0    0    0    1    0    0    0    1    1    1    0    0    0    1    0    0    0    0    0    0    0    0    0    0    0    0    1    1    0    0    0    0    0    0    0    1    0    0    0    0    0    0    0    1    0    0    0    0    1    0    0    0    0    0    0    0    0    0    0    0    0    0    0    0    1    1    0    0    1    0    0    0    1    0    0    0    
100    0.886962    0.709229    0    1    1    1    1    1    1    1    1    1    1    1    1    1    1    1    0    1    1    1    1    1    1    1    1    1    1    1    1    1    0    1    1    0    1    1    1    0    1    1    0    1    1    1    1    0    1    1    1    1    1    1    1    1    1    1    1    1    0    1    0    1    1    1    1    1    1    1    0    1    1    1    1    1    1    0    1    1    1    1    1    1    1    0    1    1    1    1    1    1    1    1    0    1    0    1    1    1    1    1    0    1    0    0    0    1    1    0    0    0    0    0    0    0    1    0    0    0    0    0    0    0    1    0    0    1    1    0    0    0    1    0    0    1    0    0    0    0    1    0    0    0    0    1    1    0    0    0    0    0    0    0    1    0    1    0    1    0    1    0    1    0    0    0    1    0    1    0    1    0    0    1    0    0    0    1    1    0    0    1    0    0    0    0    1    0    0    0    1    0    0    0    1    0    0    0    0    1    1    0    
100    0.368805    0.193528    1    0    1    0    0    1    1    0    1    1    1    0    1    1    1    1    0    1    0    1    0    1    1    1    1    1    1    1    1    1    1    1    1    0    0    0    0    0    1    1    1    1    1    1    1    0    0    1    1    0    0    1    1    1    1    1    1    1    1    1    1    1    1    1    1    1    1    1    0    1    1    1    1    1    0    0    0    1    1    1    1    1    1    1    1    1    1    1    1    0    1    1    1    1    1    1    1    1    1    0    0    0    0    1    1    0    0    0    1    0    0    0    1    0    0    0    0    1    1    0    0    1    1    0    0    1    0    0    1    1    1    0    0    0    0    0    0    1    0    0    0    0    0    0    0    0    0    0    0    1    1    0    0    0    0    0    1    0    0    0    0    1    0    0    0    0    1    0    0    0    0    0    0    0    1    0    0    1    0    0    1    0    0    1    0    0    1    0    1    0    0    0    0    0    0    0    0    0    1    0    
100    0.754556    0.972725    1    1    1    1    1    1    1    1    1    1    1    1    1    1    1    1    1    1    1    1    1    0    1    0    1    1    1    1    0    1    0    1    0    1    1    1    1    1    1    1    1    0    0    1    1    1    1    1    0    1    1    0    1    0    1    1    1    1    1    1    0    1    1    1    0    1    1    1    1    1    1    1    1    1    1    1    1    1    0    1    1    1    1    1    0    1    1    1    0    1    0    1    1    1    1    1    1    1    1    1    0    0    0    0    0    0    0    0    0    0    0    1    0    1    0    0    0    0    0    0    0    0    0    1    0    1    0    1    0    0    0    0    0    0    0    1    0    0    0    1    1    0    0    1    0    1    0    0    0    1    1    0    0    0    0    0    0    0    0    0    0    0    0    0    0    0    1    0    0    1    0    1    0    0    0    1    1    0    0    1    0    0    0    0    1    0    1    0    0    1    1    0    0    0    0    1    0    0    0    0    
100    0.143359    0.466612    0    1    1    1    0    1    1    1    1    1    0    1    0    1    1    1    0    1    0    1    1    0    1    0    0    1    1    1    0    1    1    0    1    0    1    1    1    1    1    1    1    1    0    1    1    1    1    1    1    1    1    1    1    1    0    0    0    0    1    1    1    1    1    1    0    1    1    1    1    1    1    1    0    1    1    1    1    0    1    1    1    1    1    1    1    1    1    1    1    1    1    1    1    0    1    0    1    1    1    0    0    0    0    1    0    0    0    0    1    1    1    1    0    0    1    1    0    0    0    0    1    0    1    1    0    0    0    0    0    0    0    0    0    1    0    0    0    0    0    1    0    1    0    0    1    0    0    1    0    0    0    0    0    0    0    0    0    1    0    1    0    0    0    0    0    0    0    0    1    0    1    1    0    0    0    0    0    1    1    0    0    0    1    0    0    0    1    1    0    0    0    0    0    1    0    0    0    0    0    0    
100    0.0354795    0.927082    1    1    1    1    1    1    1    1    1    1    1    0    1    1    1    1    0    1    1    0    0    1    1    1    1    1    1    1    1    1    1    1    0    1    1    1    0    1    1    1    1    0    1    1    0    1    1    1    0    1    1    1    0    1    0    0    1    1    1    1    1    1    1    1    1    1    1    1    1    1    1    1    0    1    1    1    1    1    0    1    1    1    1    1    1    1    1    1    1    0    1    1    1    1    1    1    1    1    1    1    1    0    1    1    1    1    0    0    1    0    0    0    0    1    1    0    1    0    0    0    0    0    0    0    0    0    1    1    1    0    0    0    0    0    1    0    0    0    0    1    0    0    0    0    0    0    0    0    1    1    0    1    1    0    1    0    0    0    0    0    0    0    1    1    0    0    1    1    0    1    0    0    1    0    1    0    0    1    0    1    0    0    0    0    1    0    0    0    0    1    0    1    0    1    0    0    0    0    0    0    
100    0.469434    0.798239    1    1    1    1    1    1    1    1    1    1    1    1    1    1    0    1    1    1    1    1    1    1    1    1    1    1    1    1    1    1    1    1    1    1    1    1    1    1    1    1    0    1    1    1    1    1    1    1    1    1    1    1    1    1    1    1    1    1    1    1    1    1    1    0    1    0    1    1    1    1    1    1    1    1    1    1    1    1    1    1    1    1    0    1    1    1    1    1    1    1    1    1    1    1    1    1    1    1    1    1    0    0    0    0    1    0    0    0    0    0    0    1    1    1    0    1    0    0    0    0    0    0    0    1    1    0    0    1    0    0    0    0    1    0    0    1    0    0    1    1    0    0    1    0    1    0    0    0    0    1    1    1    0    0    1    0    0    1    0    1    1    0    0    1    0    0    0    0    0    1    0    0    1    0    0    1    0    0    0    1    1    0    1    1    0    0    0    0    0    0    1    0    0    1    0    1    0    0    0    1    
100    0.458458    0.655709    0    0    1    1    1    1    1    1    1    1    1    1    1    1    0    1    0    1    1    1    1    0    0    1    1    1    1    1    1    1    1    1    1    0    1    1    1    1    1    1    1    1    1    1    1    1    1    1    1    1    1    0    1    1    1    1    0    1    1    1    1    1    1    1    1    1    1    1    1    1    1    1    1    1    0    1    1    1    1    0    1    1    1    1    0    1    1    1    0    1    1    1    1    1    1    0    1    1    0    0    0    0    0    0    0    0    1    1    1    0    0    1    1    0    1    0    0    1    0    0    0    0    1    0    1    1    1    0    0    0    0    0    1    1    0    1    0    1    0    0    1    0    0    0    1    0    1    1    0    0    1    1    1    0    0    0    0    0    0    0    0    0    1    0    0    1    0    0    0    0    1    1    0    1    1    1    0    0    1    0    0    0    1    0    0    0    0    0    1    1    1    1    0    1    1    0    0    0    0    0    
100    0.0769637    0.266214    1    1    1    1    1    1    1    1    1    1    0    1    1    1    1    0    1    1    1    1    1    0    1    1    1    1    1    1    1    1    1    1    1    1    0    0    1    1    1    1    1    1    1    1    1    1    1    1    1    1    1    0    1    1    1    1    1    1    1    0    1    1    1    1    1    1    1    1    1    1    1    1    1    0    1    1    1    1    0    0    1    1    1    1    1    0    1    1    0    1    0    1    1    1    0    1    1    1    1    1    0    1    0    0    1    0    0    0    0    1    1    0    0    1    0    1    0    0    0    0    0    0    1    0    0    0    0    0    0    1    0    0    0    0    0    0    0    0    1    0    0    1    0    0    0    0    0    1    0    0    0    1    0    0    1    0    0    0    0    1    0    0    1    0    0    0    0    0    0    1    1    0    0    0    0    0    0    1    1    0    1    0    0    1    0    0    0    0    1    0    0    0    0    0    1    0    1    1    1    1    
100    0.588428    0.589857    1    1    1    1    1    1    1    1    1    1    1    1    1    1    0    1    1    1    1    1    1    1    1    0    1    1    1    1    1    1    1    1    0    1    0    1    1    1    1    1    0    1    1    0    0    1    1    1    1    1    1    1    1    1    1    1    1    1    1    0    1    1    0    1    1    1    1    1    1    1    1    1    1    1    0    0    0    1    1    1    1    1    1    0    1    1    1    1    1    1    1    1    1    1    1    0    1    1    1    1    0    0    0    0    0    0    0    0    0    0    0    1    0    1    0    0    1    0    0    1    1    0    1    0    0    0    0    0    0    1    0    1    0    0    1    0    0    1    0    1    0    0    1    0    1    0    1    0    0    0    0    0    0    0    0    1    0    0    0    0    0    0    0    1    0    0    1    1    1    0    1    0    0    0    0    0    1    0    1    1    0    1    0    0    1    0    0    0    1    0    0    0    0    0    1    0    0    0    1    1    
100    0.239532    0.195113    1    1    1    1    1    1    0    1    0    1    1    1    1    1    1    1    1    0    0    1    1    1    1    0    1    1    1    1    1    1    1    1    1    1    1    1    1    1    0    1    1    0    1    1    0    1    1    1    1    1    0    1    1    1    1    1    1    1    1    1    1    0    1    1    1    1    1    1    1    1    1    1    1    1    0    1    1    0    1    0    1    0    1    1    1    1    1    1    1    1    1    1    0    1    1    1    1    1    1    1    0    0    0    0    0    0    0    1    0    0    0    0    0    0    0    1    1    0    0    0    0    1    1    0    1    0    1    1    0    0    1    0    0    0    0    0    0    0    0    0    0    0    0    0    0    0    1    0    1    1    0    0    0    0    1    0    0    0    0    1    0    0    0    0    0    0    1    0    0    0    0    0    0    0    0    0    0    1    0    1    0    1    0    1    0    0    0    0    0    0    0    1    0    0    1    1    0    0    0    1    
100    0.279665    0.684052    1    1    1    1    1    1    1    1    1    1    1    1    1    1    1    1    1    1    0    1    1    1    1    0    1    1    1    1    1    1    1    1    0    1    1    1    1    1    1    1    0    1    1    1    1    1    1    1    1    0    1    1    1    1    1    1    1    1    1    1    1    1    0    1    1    1    1    1    1    1    1    1    1    1    1    1    1    1    1    1    1    1    1    1    1    1    1    1    1    1    1    1    1    1    1    1    0    1    1    1    0    1    0    1    0    0    1    0    0    0    0    0    0    0    0    0    0    0    0    0    1    0    0    0    0    1    0    0    1    0    1    0    0    0    0    1    1    0    0    0    0    0    0    0    0    0    0    0    0    0    0    0    0    1    0    0    0    0    0    1    0    0    1    1    0    0    0    0    0    0    1    0    0    0    0    0    0    0    0    0    0    1    0    1    0    0    1    1    0    0    0    1    0    0    0    0    0    1    0    0    
100    0.765794    0.875001    1    1    1    1    1    1    1    1    1    1    0    1    1    1    0    1    1    1    1    1    1    1    0    1    1    1    1    0    1    1    0    0    1    1    1    1    1    1    1    1    1    0    1    1    1    1    0    1    0    1    1    1    0    1    1    1    0    1    1    0    1    0    1    0    0    0    1    0    1    1    1    0    0    1    1    1    1    1    1    1    1    1    1    1    1    1    1    1    0    1    0    1    1    0    1    0    1    1    1    1    0    1    0    0    0    0    0    0    0    0    0    0    0    0    0    0    0    0    1    0    1    1    1    0    0    0    0    1    0    1    0    1    0    0    0    1    0    0    0    0    1    0    1    0    0    1    0    0    0    0    0    1    0    0    1    0    0    1    0    0    0    0    0    0    1    0    0    0    1    0    0    0    0    0    0    1    0    0    0    0    0    1    0    0    1    0    0    0    0    0    0    0    0    0    0    0    0    0    0    1    
100    0.777961    0.596962    1    1    1    1    1    1    1    0    1    1    1    1    1    1    1    1    1    1    1    1    1    1    1    1    1    1    1    1    0    1    0    1    0    0    1    1    1    1    1    1    1    0    1    1    0    1    1    1    1    1    0    1    1    1    1    1    1    1    1    1    1    0    1    1    1    1    1    1    1    1    1    0    1    1    1    1    1    1    1    1    1    1    1    1    1    1    1    1    1    1    0    1    1    1    1    1    1    1    1    1    1    0    1    0    0    0    0    0    1    0    1    1    1    1    1    0    1    1    0    1    1    0    0    0    0    0    0    1    0    1    1    0    0    0    1    0    0    0    0    1    0    0    0    1    0    1    0    0    0    0    0    1    0    0    0    0    0    0    0    0    0    1    0    0    0    0    0    0    0    1    1    1    0    0    1    0    0    0    1    0    1    0    0    0    1    0    0    1    0    0    1    0    0    0    0    0    1    0    0    1    
100    0.365776    0.86759    1    1    1    1    0    0    1    1    1    1    1    1    1    1    1    1    1    0    1    1    1    1    1    0    1    1    1    1    1    1    1    1    1    1    1    1    1    1    1    0    1    1    1    1    1    1    1    0    1    1    1    1    1    1    1    1    1    1    1    1    1    1    1    1    1    1    1    1    1    1    1    0    1    1    1    1    1    1    1    1    1    1    1    1    1    1    1    1    1    1    1    1    1    1    1    1    1    1    1    1    0    1    0    0    0    0    1    0    1    0    0    0    1    0    1    0    0    0    0    0    0    0    0    1    0    0    1    0    0    0    0    0    1    1    0    0    0    0    0    0    0    0    0    0    0    0    0    0    0    0    1    1    1    1    0    0    0    0    0    0    1    1    0    0    0    0    0    0    0    1    1    0    1    1    0    1    1    1    0    0    0    1    0    0    0    0    0    1    0    0    0    1    0    0    1    0    0    0    0    0    
100    0.493141    0.615207    1    1    1    1    1    1    1    1    1    1    1    1    1    1    0    1    1    1    0    1    1    1    1    1    1    1    1    1    1    1    1    1    1    1    0    1    1    0    1    1    1    1    1    0    1    1    1    1    1    1    1    1    1    1    0    1    1    1    1    1    1    1    1    1    1    1    1    1    1    1    1    1    1    1    1    1    1    1    1    0    1    1    1    0    1    1    1    1    1    1    1    0    1    0    1    1    0    0    1    1    0    0    1    0    0    0    1    0    0    0    0    0    1    0    0    1    0    0    1    0    0    0    0    0    0    0    0    0    0    0    0    1    0    0    0    0    0    0    0    0    0    1    0    1    1    0    0    0    1    1    0    1    1    0    1    1    1    0    0    0    0    1    0    0    0    1    0    1    0    1    0    1    0    1    1    0    0    0    0    0    0    1    0    1    0    1    1    0    0    0    0    0    0    0    0    1    1    1    0    0    
100    0.411437    0.86811    1    1    1    1    1    1    1    1    1    1    0    1    1    1    1    1    1    1    0    1    1    1    1    1    1    0    1    0    1    1    1    1    1    1    0    1    1    1    1    1    1    1    1    1    1    1    1    1    0    1    1    0    1    1    1    1    1    1    1    0    1    0    1    1    1    1    1    1    1    1    1    1    1    1    1    0    1    1    1    1    1    1    1    1    1    1    1    0    1    1    1    1    0    1    1    0    1    1    1    1    0    0    0    0    0    1    0    1    0    1    0    0    0    0    1    0    0    0    1    0    0    0    0    0    0    0    0    1    1    0    0    0    0    0    1    0    0    0    1    0    0    0    1    0    1    0    0    1    0    0    1    0    1    0    0    1    0    1    0    0    1    0    0    1    0    1    0    0    0    0    1    1    1    0    0    0    0    1    1    0    0    0    0    1    1    1    1    0    1    1    0    0    0    1    0    1    0    1    1    0    
100    0.67955    0.786569    1    1    1    1    1    1    1    1    0    1    1    1    1    0    1    1    0    1    1    1    1    1    1    1    1    1    1    1    1    1    1    1    1    1    1    1    1    1    1    1    1    0    1    1    1    1    1    0    1    1    1    0    1    1    0    1    1    1    1    1    1    0    1    1    1    1    1    1    1    1    1    1    1    1    1    1    1    0    1    1    1    1    1    1    1    1    0    1    1    1    1    1    1    1    1    1    1    1    1    1    0    1    0    0    0    0    0    0    1    0    0    1    1    1    0    0    0    0    0    1    0    0    0    0    0    1    0    0    1    0    0    0    1    1    0    1    0    0    0    0    0    0    0    1    1    0    0    1    0    1    1    1    0    0    0    1    1    1    1    0    0    0    0    0    0    0    0    0    0    0    1    0    0    1    0    0    0    0    0    0    1    0    0    1    0    0    0    0    0    1    0    0    0    1    0    1    1    1    0    1    
100    0.276548    0.823495    1    0    1    0    1    1    1    1    0    1    1    1    1    1    0    1    1    1    1    1    1    1    1    0    1    1    1    1    0    1    1    1    0    1    1    1    1    1    1    1    0    1    1    1    1    1    1    1    1    1    1    1    1    1    1    1    1    1    1    1    1    1    1    1    1    1    1    1    0    1    1    1    1    1    0    1    1    1    1    1    1    1    1    1    1    1    1    1    1    1    0    0    1    1    1    1    1    1    1    1    0    0    0    0    0    1    0    0    0    1    1    0    1    0    0    0    1    0    1    0    0    1    0    0    1    1    1    0    0    1    0    0    0    0    0    0    0    0    0    0    0    0    1    0    0    0    0    0    0    0    0    0    0    0    0    0    1    0    0    1    1    0    0    0    0    0    0    0    1    0    0    1    0    0    1    1    1    0    0    0    1    0    0    0    0    1    0    0    0    0    1    1    1    0    0    1    0    0    0    0    
100    0.614862    0.953407    1    1    1    0    1    1    0    1    0    1    1    1    1    0    1    1    1    1    1    1    1    1    1    1    1    0    1    1    1    1    1    1    1    1    1    1    1    1    1    1    0    0    1    1    1    1    1    1    1    1    1    1    1    1    1    1    1    1    1    1    0    1    1    1    1    1    1    1    1    1    1    1    1    1    1    1    1    1    1    1    1    1    1    1    1    1    0    0    1    1    0    0    1    1    1    1    1    1    1    1    0    0    1    0    0    1    1    0    0    0    1    1    0    0    0    0    0    0    0    1    0    0    0    1    0    0    0    1    0    1    0    1    1    1    0    0    0    0    0    0    1    1    0    0    0    0    0    0    0    1    0    0    0    0    0    0    0    0    0    0    0    1    0    0    0    0    1    0    0    1    0    0    0    0    1    1    0    1    0    0    0    0    1    0    0    0    0    0    0    0    0    0    1    0    0    0    1    0    0    1    
100    0.829125    0.586622    1    1    1    1    1    1    1    1    0    1    1    1    1    0    1    1    1    1    1    1    1    1    1    0    1    1    1    1    1    1    1    1    1    1    1    1    0    1    0    1    1    1    1    1    0    0    1    1    1    1    1    1    1    1    1    1    1    1    1    1    1    1    1    1    1    1    1    1    1    1    1    0    1    1    1    0    1    1    1    1    0    1    1    0    1    1    1    1    1    1    1    0    1    1    1    1    1    1    1    1    0    1    0    1    0    0    0    0    1    0    0    0    0    1    1    0    0    0    1    1    0    1    0    0    0    1    0    1    0    0    0    1    1    1    0    0    0    0    0    0    0    0    0    0    0    0    0    0    1    0    1    0    0    0    1    0    1    0    0    0    1    1    0    0    0    0    0    0    0    0    0    1    0    0    0    1    0    1    0    0    0    0    0    0    0    0    0    0    0    0    0    0    0    0    0    1    0    0    0    0    
100    0.786923    0.893416    1    1    1    1    1    1    1    1    1    1    1    0    1    1    1    1    1    1    1    0    1    1    1    1    1    1    1    0    1    1    1    1    1    1    1    1    1    0    1    1    1    0    1    1    1    1    1    0    1    1    1    1    1    1    1    0    1    1    1    1    0    1    1    1    1    1    1    1    0    0    1    0    1    1    1    1    1    1    1    1    0    1    0    1    1    1    1    1    1    1    1    1    1    1    1    1    1    1    1    1    0    0    0    1    0    1    1    0    0    0    0    0    0    1    0    0    0    1    0    0    0    0    0    0    1    0    0    0    0    1    0    0    0    1    0    1    0    0    0    0    0    0    1    1    0    1    0    1    0    0    0    0    0    0    0    0    0    0    1    0    0    0    1    0    0    0    0    0    1    0    1    1    0    0    0    1    1    0    0    1    1    1    0    0    0    0    0    0    0    1    0    0    0    1    0    0    0    0    1    1    
100    0.472432    0.863593    1    1    1    1    1    1    1    1    1    1    1    0    1    1    1    1    1    1    1    1    1    1    1    1    1    1    1    1    1    1    1    1    1    1    1    0    1    1    1    1    1    1    1    1    1    1    1    1    1    1    1    1    1    1    1    1    1    1    1    1    1    1    1    1    1    1    1    1    1    1    1    1    1    1    1    0    1    1    0    1    1    0    1    0    1    1    1    1    1    1    1    1    1    1    1    1    1    1    1    1    1    0    0    0    0    0    0    0    0    0    0    0    0    0    0    0    1    0    0    0    1    0    1    0    0    0    0    0    0    0    1    0    0    0    0    1    0    1    1    0    1    0    0    0    0    0    0    1    1    1    0    0    1    0    0    0    1    1    0    0    0    1    0    0    0    0    0    0    1    0    0    0    0    0    0    0    1    0    0    0    0    0    1    1    0    0    0    1    0    0    0    0    0    1    1    0    1    0    0    0    
100    0.897735    0.0403897    1    1    1    1    1    1    1    1    1    1    1    1    1    1    0    0    1    1    1    0    1    1    0    1    1    0    1    1    1    1    1    1    1    1    1    1    1    0    0    1    1    1    1    1    1    1    1    1    0    1    1    1    1    1    1    1    1    1    1    1    0    1    0    0    1    1    1    0    0    1    0    1    1    1    1    1    1    1    1    1    1    0    1    0    0    0    1    1    0    1    1    1    1    0    1    1    1    0    0    1    0    0    0    0    1    0    0    0    0    0    0    0    1    1    0    0    0    0    1    0    0    0    1    0    0    0    0    1    0    0    1    0    0    0    1    0    1    1    0    0    0    0    0    0    0    1    0    0    0    0    0    1    0    0    0    0    1    0    0    0    0    0    1    0    0    0    0    0    0    1    0    1    0    1    1    0    0    0    1    0    0    0    1    1    1    0    1    1    0    1    0    1    1    1    1    1    0    0    0    0    
100    0.541654    0.698709    1    1    1    1    1    0    1    0    1    1    1    1    1    1    1    1    1    1    0    0    1    0    1    1    1    1    1    1    1    1    1    1    1    1    1    0    1    1    1    1    1    1    1    1    1    1    1    0    1    1    0    1    1    1    1    1    0    1    1    1    1    1    1    1    0    1    1    1    1    1    1    1    1    0    1    1    1    0    1    1    1    1    1    0    1    1    1    1    1    1    0    1    1    1    1    1    1    1    1    1    1    0    0    0    0    0    0    1    0    0    1    0    1    1    0    1    0    0    0    0    1    1    1    0    1    1    1    1    0    0    1    0    0    1    0    1    0    0    0    0    1    1    1    0    0    1    0    0    1    1    0    0    0    0    1    1    1    0    0    1    1    0    0    0    0    0    0    0    1    0    0    1    1    1    1    1    0    0    0    0    0    0    1    1    0    0    0    1    0    0    0    0    0    1    0    1    1    1    0    1    
100    0.0599881    0.494678    1    1    1    0    1    1    0    1    1    1    1    0    1    0    1    1    1    0    1    1    1    1    1    1    1    1    1    1    1    1    1    0    1    1    0    0    1    1    1    1    0    1    0    1    1    1    1    0    1    1    1    1    1    0    1    1    1    0    1    1    1    0    0    0    1    1    1    1    1    1    1    1    1    1    1    1    1    1    1    1    1    0    1    0    1    1    1    1    1    1    1    0    1    0    0    0    1    1    1    0    0    0    0    0    0    1    0    0    0    1    0    0    0    1    0    1    1    0    0    0    1    0    0    1    0    1    1    0    0    1    0    0    0    0    0    0    0    1    0    1    0    1    0    0    0    0    1    1    1    0    0    0    0    0    0    0    0    0    1    0    1    0    0    1    0    1    1    0    0    1    0    0    0    0    0    1    0    0    0    0    1    1    0    0    0    0    1    0    0    1    1    0    1    0    0    0    0    0    0    1    
100    0.72282    0.153667    1    0    1    1    1    1    0    1    0    1    1    0    1    1    1    1    1    1    1    1    1    1    0    1    1    1    1    1    1    1    1    1    1    0    1    1    1    1    1    1    1    1    1    1    1    1    0    0    0    1    1    0    1    1    1    1    1    1    0    0    0    1    1    1    1    1    1    1    1    1    1    0    1    1    1    0    1    1    1    1    1    0    0    1    1    1    0    1    0    1    1    0    1    1    1    1    1    0    1    1    0    0    0    0    0    0    1    1    1    0    0    0    0    0    0    0    0    0    1    1    0    1    0    1    0    1    1    0    0    1    0    0    0    0    1    0    1    1    0    0    1    1    0    1    1    0    0    1    0    1    0    1    0    0    0    0    1    0    0    0    0    0    1    1    0    1    0    0    0    0    1    1    0    1    0    0    0    1    0    0    0    0    0    0    1    0    0    0    0    0    0    0    1    0    0    0    0    1    0    0    
100    0.196788    0.878678    1    1    1    1    0    1    1    1    0    0    1    1    1    0    1    1    1    1    1    0    1    1    1    0    1    1    1    1    1    1    1    1    1    1    1    1    1    1    1    1    1    1    1    1    0    1    1    1    1    1    1    1    1    1    0    1    0    0    1    0    1    1    1    1    1    1    1    1    1    1    1    1    1    1    1    1    1    1    1    0    1    1    1    1    1    1    1    1    1    1    1    1    1    1    1    0    1    0    1    1    1    0    0    0    1    0    0    0    0    1    0    0    0    1    0    1    0    0    0    0    0    0    0    0    0    1    1    0    1    1    1    0    0    1    0    0    0    0    0    1    0    1    0    0    0    0    0    0    1    0    0    0    1    0    1    0    0    0    0    0    0    0    0    0    0    0    0    0    0    1    1    1    1    0    1    0    1    1    0    0    1    0    1    0    1    0    0    0    1    0    1    0    0    0    1    0    0    0    1    1    
100    0.607307    0.160423    1    1    1    1    1    1    0    1    1    1    0    1    1    1    1    1    1    1    1    1    1    1    0    1    1    1    1    1    0    1    1    1    1    1    1    1    1    0    1    1    0    1    1    1    1    1    1    1    1    0    1    1    1    1    1    1    1    1    1    0    1    0    0    1    1    1    0    1    1    1    1    0    1    1    1    1    1    1    1    1    1    1    1    1    1    1    1    1    1    1    1    1    1    1    1    0    0    1    1    1    1    0    0    0    0    0    1    0    0    0    0    0    0    1    1    0    1    0    0    0    0    1    0    1    0    1    1    1    0    0    0    0    0    0    0    0    1    0    0    0    0    0    0    0    0    1    0    0    0    0    0    0    0    0    1    0    0    1    1    0    1    0    0    0    1    0    1    0    0    0    0    0    1    1    0    0    0    0    1    0    0    1    1    0    0    1    1    0    0    0    0    0    0    0    1    0    0    0    1    0    
100    0.760686    0.994226    1    1    1    1    0    1    1    1    1    1    1    1    0    1    1    1    1    1    1    1    1    1    1    1    1    1    1    1    1    1    1    1    1    1    1    1    1    1    0    1    1    1    1    1    1    1    1    1    1    1    1    0    1    0    0    1    1    1    1    1    1    1    1    1    0    1    1    1    1    0    1    1    1    1    1    1    1    0    0    1    1    0    1    1    1    1    1    1    1    1    1    1    1    1    1    1    1    1    1    1    0    0    1    0    0    0    0    0    0    0    0    0    0    0    0    0    0    0    0    0    0    1    0    0    0    0    0    0    0    0    0    0    0    1    0    1    1    0    0    1    0    0    0    0    0    0    0    0    0    0    1    1    0    0    1    0    0    0    0    0    1    1    1    0    1    0    0    0    1    1    1    1    0    0    1    0    0    1    1    0    1    0    0    0    0    1    0    0    1    1    1    0    0    1    0    1    0    1    1    0    
100    0.344501    0.921955    1    1    1    1    1    1    1    1    1    1    1    1    1    1    1    1    1    0    1    1    1    1    1    0    1    1    1    1    1    1    1    1    1    1    1    1    1    1    1    1    1    0    1    0    1    1    1    0    1    1    1    1    1    1    1    1    1    1    0    1    1    1    1    0    1    1    1    1    1    1    1    1    1    1    1    1    1    1    0    1    1    0    1    1    1    1    1    1    1    1    1    1    1    1    1    0    1    1    1    1    1    0    0    0    1    0    1    0    0    0    0    0    0    0    0    0    1    0    0    0    0    0    0    1    0    1    0    1    0    0    0    1    0    0    0    0    0    0    0    0    0    0    1    0    0    1    1    0    0    0    1    1    1    0    0    0    0    0    0    0    0    1    0    0    1    0    1    1    0    0    0    1    0    0    1    0    0    0    0    1    1    0    0    0    0    0    0    0    1    0    0    1    1    0    1    0    0    0    0    1    
100    0.081005    0.27331    1    1    1    1    1    1    1    1    1    0    1    1    1    1    1    1    1    1    0    1    1    1    1    1    1    0    1    1    1    1    1    1    1    1    1    1    0    1    1    1    1    1    1    1    1    0    1    1    1    1    1    1    1    1    1    1    1    1    0    1    0    1    1    1    0    1    1    1    1    1    0    0    1    1    1    1    1    1    1    1    1    1    0    1    1    1    1    0    1    1    1    1    1    1    1    1    0    1    1    1    0    1    0    0    1    0    1    0    1    1    0    0    1    0    0    0    0    0    0    0    0    0    0    1    0    0    1    0    0    0    0    0    1    1    0    0    1    0    1    0    0    0    0    1    0    1    1    0    0    0    1    0    0    0    1    0    0    0    0    0    0    0    1    0    0    0    0    0    1    0    0    1    0    0    1    0    0    0    1    0    0    0    0    1    0    0    0    1    0    1    0    1    0    0    0    0    1    0    0    0    
100    0.205492    0.786222    1    1    1    0    1    1    1    1    1    0    1    1    1    1    1    1    1    0    1    1    1    1    1    0    1    1    1    1    1    0    1    1    1    1    1    1    1    1    1    1    1    1    0    1    0    1    1    1    1    1    1    1    1    1    1    1    1    1    1    0    1    1    1    1    1    1    0    1    1    1    1    1    1    1    1    1    1    1    1    1    1    1    1    1    1    1    1    1    1    1    0    0    1    1    1    1    1    1    1    1    0    0    1    1    0    0    0    0    0    0    0    0    0    0    1    0    0    0    0    0    0    0    1    0    0    0    0    0    1    0    0    0    0    0    0    0    0    0    0    0    0    1    0    0    0    1    1    0    0    0    0    0    1    1    1    0    1    0    0    1    0    0    1    0    0    1    0    1    0    0    0    0    0    0    0    1    0    0    1    0    0    0    0    0    0    0    0    0    0    0    1    0    0    0    0    0    0    1    0    0    
100    0.809277    0.468043    1    1    1    1    0    1    1    1    1    1    1    1    1    1    1    0    1    1    1    0    1    1    1    1    0    1    0    1    1    1    1    1    1    1    1    1    1    1    1    1    1    1    1    1    1    1    1    1    0    1    1    0    1    1    0    1    1    1    1    1    1    0    1    1    1    0    0    1    1    1    1    1    1    1    1    1    1    1    1    1    0    1    1    1    1    1    1    0    1    1    1    1    0    1    1    1    1    1    1    1    0    0    1    0    0    0    1    1    0    1    1    0    0    0    0    0    0    0    0    1    0    0    0    1    0    0    0    0    1    0    0    0    0    1    0    1    0    1    0    1    0    0    1    0    0    0    0    0    0    0    1    0    0    0    0    1    1    0    1    0    0    0    0    0    0    0    1    0    0    0    0    1    0    0    1    1    0    0    1    0    0    0    0    0    0    0    0    0    1    0    0    0    0    0    0    0    0    0    0    0    
100    0.702536    0.264446    1    0    1    1    1    1    1    1    1    1    1    0    1    1    1    1    0    1    1    1    1    1    1    1    1    1    1    1    1    1    1    1    1    1    1    0    0    1    1    1    1    1    0    1    1    1    1    1    0    1    1    1    0    1    1    0    0    1    0    0    1    1    1    1    0    0    1    1    1    1    1    1    1    1    1    1    1    1    1    1    1    1    1    1    1    1    1    1    0    1    1    1    1    1    1    1    1    1    1    1    0    1    0    0    0    1    1    0    1    1    0    0    0    1    0    1    1    0    0    1    0    1    1    0    1    0    0    1    0    0    1    1    0    1    0    0    1    0    0    1    0    1    0    0    0    1    1    0    0    1    0    0    0    0    0    0    1    0    1    0    0    1    0    1    0    1    1    0    0    0    0    0    0    0    0    0    0    0    0    0    0    1    0    1    1    0    1    0    0    0    0    1    0    0    0    1    0    0    0    0    
100    0.866512    0.914935    1    1    1    1    0    1    1    1    1    1    1    1    1    1    1    1    1    0    1    1    1    1    1    1    1    1    1    1    1    1    1    1    1    1    1    0    0    1    0    1    1    1    1    1    1    1    1    1    1    1    1    1    1    1    1    1    0    1    1    1    1    1    0    1    0    1    1    1    1    1    1    1    1    1    1    1    0    1    1    1    1    1    1    0    0    1    0    1    0    1    0    1    1    1    1    0    1    0    1    1    0    0    0    0    1    0    1    0    1    0    0    0    0    0    1    0    0    1    0    0    0    0    0    0    0    1    0    0    0    0    0    1    0    1    0    0    1    1    0    0    1    0    0    0    0    0    0    0    0    0    0    1    0    0    1    0    0    0    0    0    0    0    1    0    0    0    1    0    1    0    0    0    0    0    0    0    0    0    0    1    0    0    0    1    0    0    0    1    1    0    1    0    1    0    0    0    1    0    0    1    
100    0.696291    0.576854    1    1    1    1    1    1    1    1    1    0    1    1    1    1    0    1    1    1    1    1    1    0    1    1    1    1    1    1    1    1    0    1    1    1    1    1    1    1    1    1    1    1    1    1    1    1    1    1    1    1    1    0    1    1    0    0    0    1    1    1    1    1    0    1    0    1    0    1    0    1    1    1    1    1    1    1    1    1    1    1    1    1    1    1    1    1    1    1    1    1    1    1    1    1    1    1    1    1    1    1    0    0    0    1    0    1    0    0    0    0    1    1    1    0    0    0    0    0    0    0    0    0    0    0    1    0    0    1    0    0    0    1    0    0    0    0    0    0    0    0    0    1    0    0    0    0    0    1    0    0    0    1    0    0    1    0    1    0    0    0    0    1    1    1    0    1    0    0    0    0    0    0    1    0    1    1    0    0    1    0    1    0    0    0    1    0    0    0    0    0    0    0    0    0    1    0    0    0    0    0    
100    0.480831    0.0104351    1    1    1    1    1    1    1    1    1    1    1    1    1    1    1    1    1    1    1    1    1    0    1    1    1    1    1    1    1    1    1    1    1    0    1    1    0    1    1    0    1    1    1    0    1    1    1    0    1    1    1    1    1    1    1    1    1    1    1    1    1    1    0    0    1    0    1    1    0    1    1    1    1    1    1    0    1    0    1    1    1    1    1    1    1    1    1    0    1    1    0    1    1    1    1    1    1    1    1    1    0    0    1    0    0    0    0    0    1    0    0    0    0    0    0    0    0    0    0    0    1    0    0    0    0    0    1    0    1    0    0    0    0    0    1    0    1    0    0    0    1    0    0    0    1    1    0    0    0    1    1    0    0    0    0    0    0    0    0    1    0    1    0    0    1    0    1    1    0    0    0    0    0    1    1    0    1    0    0    1    1    0    0    0    1    0    1    0    0    0    1    0    0    1    1    1    0    0    1    0    
100    0.211895    0.582093    1    1    1    1    1    1    1    1    1    1    1    1    1    1    0    1    1    1    1    1    1    1    1    1    1    1    0    0    1    1    0    1    1    1    0    1    1    1    1    1    1    1    1    1    0    0    1    1    1    0    1    1    0    1    1    1    1    1    1    1    1    1    1    1    1    1    1    1    0    1    1    0    1    0    1    1    1    1    0    1    1    1    1    1    0    1    1    1    1    1    1    1    1    1    1    0    1    1    1    1    0    0    0    1    0    0    0    0    1    0    0    0    0    1    1    1    0    0    0    1    0    0    0    0    0    0    0    0    0    0    0    0    0    1    0    0    0    0    0    0    0    0    0    0    0    0    0    0    1    0    0    0    0    0    0    1    0    0    0    0    0    1    0    0    0    0    0    1    1    1    0    1    0    0    0    0    0    0    0    0    0    1    0    1    0    1    0    0    0    0    1    0    1    0    0    1    0    0    1    0    
100    0.505927    0.0875756    1    1    1    1    1    1    1    1    1    0    1    0    1    0    1    1    1    0    1    1    1    1    1    1    1    1    1    1    1    1    1    1    1    1    1    1    1    1    1    1    1    1    1    1    1    1    1    1    1    1    1    0    1    0    0    0    1    1    1    1    1    1    1    1    1    0    1    1    1    1    1    1    1    1    1    1    1    1    1    1    1    1    1    1    1    1    1    0    1    1    1    1    1    0    1    1    1    1    1    1    0    1    0    0    0    1    0    0    0    1    0    0    1    0    1    0    0    0    0    0    1    0    1    1    0    0    0    0    0    1    0    0    1    0    0    0    0    1    0    1    1    1    0    0    0    0    0    0    0    0    0    0    0    0    0    1    1    1    0    0    0    0    0    0    0    0    0    1    1    0    0    1    0    0    1    0    0    0    0    0    0    0    0    0    0    1    0    0    0    0    1    0    0    0    0    0    1    0    0    1    
100    0.573925    0.0658959    1    1    1    1    0    0    1    0    1    0    1    1    1    0    1    0    1    1    1    0    0    1    0    1    1    1    1    1    1    0    1    1    1    1    1    1    1    1    1    0    0    1    1    1    0    1    1    1    0    1    1    0    1    0    1    1    1    1    1    1    1    1    1    1    1    1    0    0    1    0    1    1    1    1    1    1    1    0    0    0    1    1    1    0    1    1    1    1    0    1    1    1    1    1    0    0    1    1    1    1    0    1    0    0    0    0    0    1    0    0    0    0    0    0    0    0    0    0    0    0    0    1    0    0    0    0    0    0    0    0    0    0    0    0    0    0    1    0    1    0    1    1    0    0    0    0    0    1    0    0    0    0    1    0    1    1    1    0    1    1    1    0    0    0    0    0    0    1    0    1    0    0    0    1    0    0    0    0    0    0    0    0    0    0    1    1    1    0    0    1    1    0    0    0    1    1    1    1    0    0    
100    0.232711    0.865204    1    1    1    0    1    1    1    0    1    1    1    1    1    1    1    1    0    1    0    1    1    1    1    0    1    1    0    1    1    1    1    1    1    1    0    1    1    1    1    0    1    1    1    1    1    1    1    1    1    1    0    0    1    0    1    1    0    1    1    1    1    1    1    1    1    0    1    1    1    1    1    1    1    0    1    1    1    1    1    1    1    1    0    1    1    1    1    1    1    1    1    1    1    1    1    0    1    1    1    1    0    0    0    0    0    0    1    0    0    1    0    0    1    0    0    1    0    0    1    0    1    0    0    0    0    0    0    1    1    0    1    0    1    0    0    1    0    1    0    0    1    1    0    1    1    0    1    0    1    0    0    0    0    1    0    0    1    0    0    0    0    0    0    1    0    0    1    1    0    0    0    0    1    0    0    1    0    0    0    0    0    0    0    1    0    0    0    0    0    1    1    0    1    0    0    0    0    0    1    1    
100    0.398884    0.693979    1    1    1    1    1    1    1    1    1    1    1    1    1    1    1    1    1    1    0    1    1    1    1    1    1    1    1    1    1    1    1    1    1    1    0    1    1    1    1    1    0    1    1    1    1    1    1    1    1    1    1    1    1    1    1    1    0    1    1    1    1    1    1    1    1    0    1    1    1    1    0    1    1    1    1    1    1    1    1    1    1    0    1    1    1    1    1    0    1    1    1    1    1    1    1    0    1    1    1    1    0    0    0    1    1    0    0    0    1    1    0    0    1    0    0    0    0    0    0    0    1    0    0    0    0    1    0    1    0    0    0    0    0    0    0    0    0    1    0    0    1    0    0    1    1    0    0    0    1    0    0    0    0    0    0    0    0    1    0    1    0    0    0    0    0    1    0    0    1    0    1    0    0    0    1    0    0    0    0    0    0    0    1    0    0    0    0    0    0    0    0    1    0    0    0    0    1    0    1    1    
100    0.647584    0.492816    1    1    1    0    1    1    1    1    1    1    1    0    1    1    1    1    1    1    1    1    1    1    1    1    1    1    0    1    1    1    1    1    1    1    1    1    1    1    1    1    1    0    1    1    1    1    1    1    1    1    1    1    1    1    1    1    1    1    0    0    1    1    1    1    1    1    1    1    1    1    1    1    1    1    1    1    1    1    1    1    1    1    1    1    1    0    0    1    0    1    1    1    1    1    0    1    1    1    0    1    0    0    0    0    0    1    0    0    0    1    1    1    0    1    0    0    1    1    0    1    0    0    1    0    0    1    0    0    0    0    0    0    0    0    0    0    0    1    0    1    1    1    0    0    0    0    0    0    0    0    0    0    0    1    0    0    0    0    0    1    1    1    0    0    0    0    1    0    0    0    0    1    1    0    1    0    0    0    0    0    0    0    0    0    0    0    0    1    0    0    0    0    0    0    0    0    0    1    0    1    
100    0.353177    0.904981    1    1    1    1    1    1    1    1    1    1    1    1    1    1    1    0    1    1    1    1    1    1    0    0    1    1    1    1    1    1    1    1    1    1    1    1    1    1    1    1    1    0    1    0    1    1    1    1    1    1    1    0    1    1    1    0    1    1    1    1    1    1    1    1    1    1    0    1    1    1    0    1    1    1    1    1    1    1    1    0    1    1    1    0    1    0    1    1    1    1    1    1    1    1    0    1    1    1    1    1    0    1    0    1    0    0    0    0    0    0    0    1    0    1    0    0    0    0    0    0    1    0    0    0    0    1    0    0    0    0    1    0    1    0    0    0    0    0    0    1    0    0    0    1    0    1    1    1    0    0    0    0    0    0    1    1    1    0    1    0    0    0    1    0    0    1    0    0    0    1    1    1    0    0    1    0    0    1    0    0    0    1    1    0    0    0    0    0    0    0    1    0    0    0    1    0    0    1    1    1    
100    0.905384    0.62026    1    1    1    1    1    1    0    1    1    1    0    1    1    1    0    1    0    1    1    1    1    0    1    1    1    1    1    1    1    1    1    1    1    1    1    1    1    1    1    1    1    1    0    1    1    1    1    1    1    1    1    1    1    1    1    1    0    0    1    1    1    1    0    1    1    1    1    1    1    1    0    1    1    1    1    1    1    1    0    1    1    1    1    0    1    1    1    1    0    1    1    1    1    0    1    1    1    1    1    1    0    0    0    0    0    1    1    0    0    0    0    0    1    0    0    0    0    0    0    0    0    0    0    1    0    0    0    0    0    0    0    0    0    0    0    1    1    1    0    0    0    0    0    0    1    0    0    0    0    0    1    0    0    0    1    0    0    0    0    1    0    0    0    0    1    1    1    0    0    0    1    0    0    0    1    0    0    0    1    1    1    1    0    0    0    0    0    1    1    0    0    0    1    0    0    0    0    0    0    0    
100    0.897839    0.173804    1    1    0    1    1    1    0    1    1    1    1    1    1    0    1    1    0    1    1    0    1    1    1    1    1    1    1    1    1    0    1    1    0    1    1    1    1    1    0    1    1    1    1    1    1    0    1    1    0    0    1    1    1    0    1    1    1    1    1    0    1    1    1    1    1    1    1    1    1    1    1    1    1    1    1    1    1    1    1    1    1    0    0    1    1    1    0    0    0    1    1    0    1    1    1    1    1    1    1    0    0    1    1    0    1    0    1    0    0    0    0    1    0    1    0    0    0    1    0    1    0    1    1    0    1    1    1    0    1    1    0    1    0    0    0    0    1    1    0    0    0    0    0    0    1    0    0    1    0    0    1    1    1    1    1    0    1    1    0    0    0    0    0    1    0    0    0    0    0    0    0    0    1    1    0    0    0    0    0    0    0    0    1    0    0    0    0    0    1    1    0    1    0    0    0    0    1    1    0    0    
100    0.646532    0.482036    1    1    0    0    0    1    1    1    1    1    1    1    1    1    0    1    1    0    1    1    1    1    1    0    1    1    1    0    1    1    1    1    0    1    1    1    1    1    1    1    1    1    1    1    1    0    1    1    1    1    1    1    1    0    0    1    0    0    0    1    1    1    1    1    1    1    0    1    0    1    1    1    1    1    1    1    0    1    1    0    1    1    1    1    1    1    1    1    1    1    1    1    1    0    1    1    1    1    1    1    0    1    1    0    0    0    1    1    0    1    0    0    0    0    1    0    1    0    0    0    0    0    1    0    0    0    0    1    0    1    0    0    0    0    0    0    0    0    0    0    0    0    1    0    0    0    0    1    0    0    0    0    0    0    0    0    1    0    0    0    1    1    0    0    1    1    0    1    1    0    0    0    1    0    1    0    0    0    0    0    1    0    0    0    1    0    1    1    0    1    0    1    0    0    1    1    0    0    0    1    
100    0.829912    0.368617    1    1    0    1    1    0    1    1    1    0    1    0    1    1    1    0    1    0    1    0    1    0    1    1    1    1    1    0    1    0    1    1    1    1    1    1    1    1    1    1    1    1    1    1    1    1    1    0    0    0    1    1    1    1    1    1    0    1    1    1    1    1    1    0    1    1    1    1    1    1    1    1    1    1    1    0    1    1    0    1    1    0    1    1    1    0    1    0    1    0    1    1    1    0    1    1    1    1    1    1    0    0    0    0    0    0    0    0    1    0    1    0    1    0    0    0    0    0    1    0    0    0    0    0    0    0    0    0    1    0    0    0    0    1    1    0    0    1    0    1    0    0    1    0    0    0    0    0    1    0    0    0    1    1    0    0    0    0    0    0    0    0    0    0    0    1    1    0    0    0    0    0    1    0    0    1    1    0    1    0    0    0    1    0    0    0    0    0    0    1    1    0    0    0    1    0    0    0    0    1    
100    0.362732    0.829657    1    1    0    1    1    1    1    1    0    1    1    1    1    1    0    1    1    1    1    1    0    1    1    1    1    1    1    1    1    1    1    1    1    1    1    1    1    1    1    1    0    1    1    1    1    1    1    1    1    1    1    1    1    1    1    1    1    1    1    0    1    1    1    1    1    1    1    1    1    0    1    1    1    1    1    1    1    1    1    1    1    0    1    1    1    1    1    1    1    1    1    1    1    1    1    1    1    1    1    0    0    0    0    1    0    0    1    0    1    0    1    1    0    1    1    0    1    0    0    1    0    0    0    0    0    1    0    0    0    0    1    0    0    1    0    0    0    0    1    0    0    1    1    0    1    0    0    1    1    0    0    0    0    0    0    0    0    0    1    0    1    0    0    0    1    0    0    0    0    1    0    0    0    1    1    0    0    0    0    0    0    0    0    0    0    0    0    1    0    0    0    0    0    0    0    0    0    0    0    0    
100    0.233286    0.287927    1    1    1    0    1    1    0    1    1    1    0    1    0    0    0    0    1    1    1    1    1    1    1    1    1    0    1    1    1    1    1    1    1    1    1    0    1    1    1    1    1    1    0    1    1    1    1    1    1    0    0    1    1    1    1    1    0    1    1    1    1    1    1    1    1    1    0    1    1    0    0    1    0    1    1    1    1    1    1    1    1    1    1    1    1    1    1    1    1    1    0    1    1    0    1    1    1    1    1    1    0    1    0    0    1    0    1    0    1    1    0    0    1    1    0    0    1    0    0    0    0    0    0    0    1    1    0    0    0    1    0    0    1    1    0    0    1    0    1    1    0    0    0    1    0    1    0    0    0    1    1    0    0    0    0    0    0    1    1    0    0    0    0    1    0    0    1    1    0    0    0    0    0    0    0    0    1    0    0    1    1    0    0    0    0    0    0    0    1    1    1    0    1    0    0    1    0    0    0    0    
100    0.96333    0.906445    1    1    1    1    1    1    1    1    1    1    1    1    1    1    1    1    1    1    1    0    0    1    0    1    1    1    1    1    1    1    1    1    0    0    1    1    1    0    1    1    1    1    1    1    0    1    1    1    1    1    1    1    1    1    1    1    1    1    1    1    1    1    1    1    1    1    1    1    0    1    1    1    1    1    1    1    1    0    1    0    1    1    1    1    1    1    1    1    0    1    1    1    1    1    1    1    1    0    1    1    0    0    0    0    1    1    0    0    0    0    0    0    1    0    0    0    0    0    0    0    0    0    0    0    0    1    1    0    1    1    1    1    1    1    0    0    1    1    1    0    0    0    0    1    1    0    0    1    0    0    0    0    0    1    0    0    1    0    0    0    1    1    0    0    0    0    0    0    1    0    0    0    0    0    0    0    0    0    0    0    1    1    0    0    0    0    0    0    0    0    0    0    0    0    1    0    1    0    1    0    
