50    0.234761    0.500882    1    0    0    0    1    0    0    0    0    0    0    0    1    0    0    1    0    0    0    0    0    1    1    1    0    1    1    0    1    0    1    0    0    0    0    0    0    1    1    0    0    1    0    0    0    0    1    0    0    1    1    1    0    1    1    1    0    0    1    1    0    0    0    1    0    0    1    0    0    0    0    0    0    0    0    0    1    0    0    0    0    0    1    1    0    0    0    1    1    0    1    0    0    1    1    1    0    1    0    0    0    1    0    1    0    1    0    0    0    0    0    0    0    0    1    0    0    0    0    0    1    0    1    0    1    1    0    0    0    0    0    0    0    0    0    0    0    0    0    1    1    0    0    0    0    0    0    0    0    0    1    0    0    0    0    0    0    1    0    0    0    0    0    0    0    0    0    0    0    1    0    0    0    0    0    0    1    0    1    0    0    0    1    0    0    0    0    0    0    1    0    0    0    0    0    0    0    1    0    0    
50    0.882222    0.0636748    0    0    0    0    1    0    0    0    0    1    0    0    0    0    0    0    0    0    0    0    0    0    0    0    0    0    0    0    0    0    0    1    0    0    0    0    0    0    1    0    0    0    0    0    0    0    0    0    0    0    0    0    0    0    0    0    0    0    0    0    0    0    0    0    0    0    0    0    0    0    0    0    0    0    0    0    0    0    0    1    0    0    0    0    0    0    0    0    0    0    0    0    0    0    0    0    0    0    0    0    0    0    0    0    0    0    0    0    0    0    0    0    0    0    0    0    0    0    0    0    0    0    0    0    0    0    0    0    0    0    0    0    0    0    0    0    0    0    0    0    0    0    0    0    0    0    0    0    0    0    0    0    0    0    0    0    0    0    0    0    0    0    0    0    0    0    0    0    0    0    0    0    0    0    0    0    0    0    0    0    0    0    0    0    0    0    0    0    0    0    0    0    0    0    0    0    0    0    0    0    
50    0.0743221    0.979482    0    0    0    1    0    1    0    0    0    0    0    0    0    0    0    0    0    0    0    0    0    1    0    0    0    0    0    0    0    0    0    0    0    1    1    0    1    0    0    0    0    0    0    0    0    0    0    0    0    0    0    0    1    0    0    0    0    0    1    0    0    0    0    0    0    0    0    0    0    0    0    0    0    1    0    0    0    0    0    0    0    0    1    0    0    0    0    0    1    1    0    0    0    0    0    0    0    0    0    1    0    0    0    0    0    1    0    0    0    0    0    0    0    0    0    0    0    0    0    0    0    0    0    0    0    0    0    1    0    0    0    0    0    0    0    0    0    0    0    1    0    0    0    0    0    0    0    0    0    0    0    0    0    0    0    0    0    0    0    0    0    0    0    0    0    0    0    0    0    0    0    0    0    0    0    0    0    0    0    0    0    1    0    0    0    0    0    0    0    0    0    0    0    0    0    0    0    0    0    0    
50    0.503365    0.206729    1    0    0    0    0    0    0    0    0    1    0    0    0    0    0    0    0    0    0    0    1    0    0    0    0    1    0    0    1    0    1    0    1    1    0    1    0    0    0    1    0    0    0    0    1    0    0    0    1    0    1    0    0    0    0    0    1    0    0    0    0    0    1    0    0    0    0    1    0    0    0    0    0    0    0    1    0    0    0    1    0    0    0    0    0    0    1    0    1    0    0    0    0    0    0    0    0    1    0    0    0    0    0    0    0    0    0    0    0    0    1    0    0    0    0    0    1    0    0    0    0    0    0    0    0    0    0    0    0    0    0    0    0    0    0    1    0    0    0    0    0    0    0    0    0    0    0    0    1    0    0    0    0    0    0    0    0    0    0    1    0    0    0    1    0    0    0    0    0    0    0    0    0    0    0    0    0    1    0    0    0    0    0    0    0    0    1    0    0    0    0    0    0    0    0    0    0    0    0    0    
50    0.037134    0.834493    0    1    1    1    0    0    0    0    0    0    0    0    0    0    1    0    0    0    0    0    0    1    0    1    0    1    1    0    0    0    0    1    0    0    0    0    0    0    1    0    0    0    1    0    0    1    0    0    1    1    0    1    0    0    0    0    0    0    1    1    0    0    0    1    0    0    0    0    1    0    0    1    0    1    0    0    0    0    0    0    0    0    0    0    0    0    0    0    0    0    0    1    0    0    0    0    1    0    0    0    0    0    0    0    0    0    0    0    0    0    0    0    0    0    0    0    0    0    0    0    0    1    0    0    0    0    0    0    0    0    0    0    0    1    0    0    0    0    0    0    0    0    0    0    0    0    0    0    0    0    0    1    0    0    0    0    1    0    0    0    0    0    1    0    0    0    0    0    0    0    1    0    0    0    0    1    0    0    0    0    0    0    0    0    0    0    0    0    0    0    0    0    0    0    0    0    0    1    0    0    
50    0.201059    0.936675    0    0    0    1    0    0    0    0    0    0    0    0    0    0    1    0    0    0    0    1    0    0    0    0    0    1    0    0    1    1    0    0    0    1    1    0    0    0    0    0    0    0    0    0    0    0    0    0    0    0    0    0    0    1    0    1    1    0    0    1    0    0    1    0    0    0    0    0    0    0    0    1    0    0    0    0    0    0    0    0    0    0    0    1    0    1    0    0    0    1    0    0    0    0    0    0    1    0    0    0    0    0    0    0    0    0    0    0    0    0    0    0    0    0    1    0    0    0    0    0    0    1    0    0    0    0    0    0    0    0    0    0    0    0    0    0    0    0    0    0    1    0    0    0    0    0    0    1    0    0    0    0    0    0    0    0    0    0    0    0    0    0    0    0    0    1    0    0    0    0    0    0    0    0    0    0    0    0    1    0    0    0    0    0    0    0    1    0    0    0    0    0    0    0    0    0    0    0    0    0    
50    0.760592    0.800233    1    1    0    0    0    1    0    0    0    0    0    1    1    0    1    0    0    0    1    1    1    0    0    0    0    0    0    1    0    0    0    0    0    0    0    0    0    0    0    1    1    0    1    0    0    0    0    0    1    0    1    0    0    0    0    0    1    0    0    0    0    0    0    0    0    0    0    0    0    0    0    1    0    0    0    0    0    0    0    0    0    1    0    0    0    0    0    0    0    0    0    0    0    1    0    1    0    0    0    0    0    0    0    0    0    0    0    0    0    0    0    0    0    0    0    0    0    0    0    0    0    0    0    0    0    0    0    1    0    0    0    0    0    0    0    0    0    1    0    0    0    0    0    1    0    0    1    0    1    0    0    0    0    0    0    0    0    0    0    0    0    0    0    0    0    0    0    0    0    0    1    0    0    0    0    0    0    1    1    0    0    0    1    1    0    0    1    0    0    0    0    0    0    0    0    0    0    1    0    0    
50    0.350947    0.709121    1    1    0    1    0    0    0    0    1    1    1    0    0    1    0    0    1    0    0    0    0    1    1    0    0    0    0    0    0    0    0    0    0    1    0    0    0    0    0    0    1    1    1    1    0    0    0    1    1    0    0    1    1    1    1    1    0    0    0    0    1    1    0    0    0    0    0    0    0    0    1    0    0    0    0    0    1    0    0    0    1    1    0    1    0    1    0    1    0    1    0    0    0    0    1    0    0    0    0    0    0    1    0    0    1    0    0    0    0    0    0    0    1    0    0    0    0    0    1    0    0    0    0    0    1    0    1    0    1    0    1    0    0    0    0    0    0    0    0    1    0    0    0    1    0    0    0    0    0    0    0    0    0    0    0    0    0    0    0    0    0    1    0    1    0    0    0    0    0    0    0    0    0    0    0    1    0    0    0    0    1    0    1    0    0    0    0    0    1    0    1    0    0    0    0    0    1    0    0    1    
50    0.515481    0.784856    1    0    0    1    0    0    0    0    1    0    0    0    0    1    1    0    1    1    1    0    1    0    1    0    0    0    1    0    0    0    1    1    1    0    0    0    1    1    1    0    1    1    0    0    0    0    0    1    1    0    1    0    1    1    0    1    0    1    0    0    1    1    0    1    0    0    1    0    0    1    0    0    0    0    0    0    0    0    0    1    1    0    0    1    1    0    1    1    0    1    1    1    1    1    0    0    0    0    1    1    0    0    0    0    0    0    1    0    0    0    0    0    1    1    0    0    1    0    1    1    1    0    0    0    1    0    0    0    0    1    0    0    0    1    0    1    0    0    0    0    0    0    0    1    0    0    0    1    0    1    0    0    0    0    0    0    0    0    0    0    0    0    0    0    1    0    0    0    0    0    0    0    0    0    1    0    0    0    0    0    0    0    0    0    0    0    0    0    0    0    1    0    0    0    0    0    0    1    0    0    
50    0.364198    0.448319    0    0    1    0    0    1    0    0    1    1    0    0    0    0    0    0    1    0    1    0    0    1    0    1    1    0    1    0    0    0    1    0    1    1    0    1    0    1    1    1    0    0    0    0    0    1    1    0    0    1    0    0    0    0    1    0    0    0    0    0    0    1    0    0    0    0    0    1    0    1    1    0    0    1    0    0    0    0    0    0    0    0    0    0    0    0    0    1    0    1    0    0    1    1    1    1    0    0    0    0    0    0    0    0    0    0    0    0    0    0    0    1    0    0    0    0    0    0    1    1    0    0    0    0    0    0    0    1    0    1    0    0    0    0    0    1    0    0    0    0    0    0    0    0    0    0    0    0    0    0    0    0    0    0    0    0    1    0    0    0    0    0    0    1    0    0    0    0    0    0    0    0    0    0    0    0    0    0    0    0    0    0    0    0    0    0    0    0    0    0    0    0    0    0    1    0    0    0    1    0    
50    0.921556    0.72484    0    1    0    0    0    0    1    0    1    0    0    0    1    0    0    0    1    0    0    0    0    0    0    1    0    1    0    0    0    0    0    1    0    0    0    1    0    0    0    0    1    0    1    0    1    0    0    1    0    1    0    0    0    1    0    0    0    0    1    0    0    0    0    0    1    0    0    0    0    0    0    0    1    0    1    0    0    0    1    0    1    0    0    1    0    0    0    0    0    0    0    0    0    1    1    0    1    0    0    0    1    0    0    0    0    0    0    0    0    0    0    0    0    0    0    0    0    0    0    0    1    0    0    0    0    0    0    1    0    0    0    0    0    0    0    0    0    0    0    0    0    0    0    0    0    0    0    0    0    0    0    0    0    0    0    0    1    0    0    0    0    0    0    0    0    0    0    0    0    0    0    0    0    0    0    0    0    0    0    0    0    0    0    0    0    0    0    0    0    0    0    0    0    0    0    1    0    0    0    0    
50    0.517827    0.400737    1    0    0    0    0    1    0    0    0    0    0    0    0    0    0    0    0    0    0    0    1    0    0    1    0    1    0    0    1    0    1    1    0    0    0    0    0    1    0    1    0    0    0    0    1    0    0    0    1    0    1    0    1    1    0    0    0    0    0    1    0    1    0    0    0    0    0    1    0    0    0    0    0    0    0    0    0    1    0    0    0    0    1    0    0    0    1    0    0    0    1    0    0    1    0    0    0    0    0    0    0    0    0    0    0    0    0    0    0    0    0    0    1    0    1    0    0    0    0    0    0    0    1    0    0    0    0    0    0    0    0    1    0    0    0    0    0    0    1    0    0    0    0    0    0    0    0    1    0    0    0    0    1    0    0    1    0    0    0    0    0    0    0    0    0    0    0    0    0    0    0    0    0    0    1    0    0    0    0    0    0    0    0    0    0    0    0    0    0    0    0    0    0    0    0    0    0    0    0    0    
50    0.556398    0.90212    1    0    0    0    0    0    1    0    1    1    0    0    0    0    1    0    0    0    1    0    1    1    1    0    0    0    0    0    0    1    0    1    0    0    1    0    0    1    1    1    1    1    1    0    0    0    0    1    1    0    0    0    1    1    1    1    0    1    0    0    1    0    1    1    1    1    1    1    1    0    0    0    0    1    0    0    0    0    0    0    1    0    0    1    0    0    1    1    0    1    1    0    1    1    0    0    0    0    0    0    1    0    1    0    0    0    0    0    0    0    0    0    1    0    0    0    0    0    1    0    0    1    0    0    0    0    0    1    0    0    0    0    0    0    0    1    0    0    0    1    0    0    0    0    0    0    0    1    0    0    0    0    0    0    0    1    0    0    0    0    0    1    0    0    0    1    0    0    0    0    0    0    0    0    0    0    1    0    0    0    0    0    0    0    0    0    0    0    0    0    0    0    0    0    0    0    0    1    0    0    
50    0.121067    0.332377    1    0    0    0    0    0    0    0    0    1    0    1    1    0    0    0    0    0    0    0    0    1    0    0    0    0    0    0    0    0    0    1    0    0    0    1    0    0    0    1    0    0    0    0    0    0    1    0    1    1    1    1    1    1    0    0    0    1    0    0    0    0    0    0    0    0    0    0    0    0    0    0    0    1    0    0    0    1    1    1    1    0    0    0    1    0    0    0    0    0    0    0    0    0    0    0    0    0    0    0    0    0    0    0    0    0    0    0    1    0    1    0    0    1    0    0    0    0    0    0    0    0    0    0    0    0    0    0    0    0    0    0    0    0    0    0    0    0    0    0    0    0    0    0    0    0    0    0    0    0    0    0    0    0    0    0    0    0    0    0    0    0    0    1    0    0    0    0    0    0    0    0    1    0    0    0    0    0    0    0    0    0    0    0    0    0    0    0    0    0    0    0    0    0    0    1    0    1    0    0    
50    0.56249    0.663463    1    0    1    0    1    0    1    0    1    1    1    1    0    0    1    0    1    0    1    1    1    0    0    0    1    0    1    1    0    0    0    1    0    1    0    0    1    0    1    0    1    0    0    0    0    0    0    1    1    1    0    1    1    0    1    0    0    1    0    0    1    0    1    0    0    0    1    0    0    0    1    1    1    0    0    0    0    0    1    0    0    1    1    0    0    0    0    1    1    0    0    1    1    1    1    1    0    0    1    1    0    0    0    0    1    0    0    0    0    0    0    0    0    0    0    0    0    0    0    0    1    0    0    0    0    1    0    0    0    1    0    0    0    0    0    0    0    0    0    0    1    0    0    0    0    0    0    0    0    0    0    0    0    0    1    0    0    0    0    0    1    0    0    0    0    0    0    0    0    0    1    0    0    0    0    0    0    0    0    0    0    0    1    1    0    0    0    0    0    0    0    0    0    0    1    0    0    0    0    1    
50    0.802927    0.928606    0    0    0    0    1    1    0    0    0    0    0    1    0    0    1    0    0    0    0    0    1    0    0    0    0    0    1    1    0    1    0    0    0    0    0    0    0    0    1    0    0    0    1    0    0    0    0    0    1    0    0    0    0    0    0    1    0    0    0    0    0    1    0    0    1    0    0    0    0    0    0    0    0    0    0    0    0    0    0    1    1    0    0    1    0    0    0    0    0    0    1    0    0    0    0    0    0    0    0    1    0    0    0    0    0    0    0    0    0    0    0    0    0    0    0    0    0    0    0    0    0    0    0    1    0    0    0    0    0    0    0    0    0    0    0    0    0    0    0    0    0    0    0    0    0    0    0    0    0    0    0    0    0    0    0    0    0    0    0    0    0    0    0    0    0    0    0    0    0    0    0    0    0    0    0    0    0    0    1    0    0    0    0    0    0    0    0    0    0    1    0    0    0    0    0    0    0    0    0    0    
50    0.179094    0.557224    0    0    1    0    0    1    1    1    0    1    1    1    0    0    0    1    1    1    1    0    1    1    0    0    1    1    0    0    0    0    1    1    1    0    0    0    0    0    1    0    0    0    0    0    0    1    0    1    0    0    1    0    1    1    0    0    0    0    0    0    1    0    0    0    0    0    0    1    0    0    0    1    0    1    0    0    1    0    1    0    0    1    1    0    1    0    0    1    0    0    0    0    1    1    0    1    0    0    0    0    0    0    0    0    0    0    0    0    0    0    1    0    0    0    0    0    0    0    0    0    0    1    0    0    0    0    0    0    0    0    0    0    0    0    1    0    0    0    0    0    0    0    1    1    0    0    0    0    1    0    0    0    0    0    0    1    0    0    0    0    0    0    0    0    0    0    0    0    0    1    0    0    0    0    0    0    1    1    1    0    0    0    0    1    0    0    0    0    0    0    0    1    0    0    0    0    0    0    0    0    
50    0.661664    0.674009    0    0    0    1    0    0    0    0    1    1    0    1    1    0    1    0    1    0    1    0    0    0    0    0    1    0    0    1    0    0    1    1    0    1    1    0    0    1    0    0    0    1    0    0    0    0    1    1    1    0    1    1    0    1    1    0    0    1    0    0    1    0    0    1    0    0    0    1    0    1    0    0    0    0    0    0    1    0    0    0    1    0    0    1    0    0    0    0    0    1    0    1    0    1    0    0    1    1    0    1    0    0    0    0    0    0    0    0    0    0    0    0    0    1    0    0    0    0    0    0    0    0    0    0    0    1    1    0    0    0    0    0    0    0    1    0    0    0    0    0    0    0    0    0    0    0    0    1    0    0    0    0    1    0    0    0    0    0    0    0    0    1    0    1    0    0    0    0    0    0    0    0    0    0    0    0    0    0    0    0    0    0    0    0    0    0    0    1    0    0    0    0    0    0    1    1    0    0    0    0    
50    0.0753431    0.268071    1    0    0    0    0    0    0    0    1    1    0    0    0    0    0    0    0    0    1    0    0    0    0    0    1    0    0    0    0    0    0    0    0    1    0    0    0    1    0    0    0    1    0    0    0    0    1    0    1    0    1    0    0    0    1    0    0    1    1    0    0    0    1    0    0    0    0    0    0    0    1    0    0    1    0    0    0    0    0    0    1    0    1    0    0    0    0    0    0    0    0    0    1    0    0    0    0    0    0    0    0    0    0    0    0    0    0    0    1    0    0    0    0    0    0    0    1    0    0    0    1    0    0    0    0    0    0    0    0    0    0    0    0    0    0    0    0    0    0    0    0    0    0    0    1    0    0    0    0    0    0    0    0    0    0    0    0    0    0    0    0    0    0    0    0    0    0    0    0    1    0    0    0    0    0    0    0    0    0    0    0    0    0    0    0    0    0    0    0    0    0    0    0    0    0    0    0    0    0    0    
50    0.679116    0.174941    0    0    0    0    0    0    0    0    0    0    0    0    0    0    0    0    0    0    0    0    0    0    0    1    0    0    0    0    0    0    0    0    0    0    0    0    0    0    0    0    0    0    0    0    0    0    0    0    0    0    0    0    0    0    0    0    0    0    0    0    0    0    1    0    0    0    0    0    0    0    0    0    0    0    0    0    0    0    0    0    0    0    0    0    0    0    0    0    0    0    0    0    0    0    0    1    0    0    0    0    0    0    0    0    0    0    0    0    0    0    0    0    0    0    0    0    0    0    0    0    0    0    0    0    0    0    0    0    0    0    0    0    0    0    0    0    0    0    0    0    0    0    0    0    0    0    0    0    0    0    0    0    0    0    0    0    0    0    0    0    0    0    0    0    0    0    0    0    0    0    0    0    0    0    0    0    0    0    0    0    0    0    0    0    0    0    0    0    0    0    0    0    0    0    0    0    0    0    0    0    
50    0.807798    0.80862    0    0    0    0    0    0    1    0    0    0    0    1    1    0    1    0    0    0    0    0    1    0    0    0    0    0    0    1    0    0    0    1    1    0    1    0    0    0    0    1    0    0    1    0    0    0    0    0    0    1    0    0    0    0    0    0    0    0    0    0    0    0    0    0    0    0    0    0    0    0    0    0    1    0    1    1    1    0    1    1    0    1    1    0    1    0    1    0    0    0    0    0    0    0    1    0    0    0    1    0    0    0    0    0    1    1    0    1    0    0    0    0    0    1    0    0    0    0    0    0    0    0    0    0    0    0    0    0    0    0    0    0    0    0    0    0    1    0    0    0    0    0    0    0    0    0    0    0    0    0    0    0    0    0    0    0    0    0    0    0    0    0    0    0    0    1    0    0    0    0    0    0    0    0    0    0    0    0    0    0    0    1    0    0    0    0    0    0    0    0    0    0    0    0    0    0    0    0    0    0    
50    0.836085    0.426923    0    0    0    0    0    0    0    0    0    0    1    1    0    0    0    0    1    0    0    0    1    0    0    1    0    0    0    1    1    1    0    1    0    0    0    0    0    0    0    0    0    0    0    0    0    0    0    1    1    1    0    0    0    0    0    0    0    0    0    0    0    0    0    0    0    0    1    0    1    1    0    0    1    0    0    0    0    0    0    0    1    0    0    0    0    0    1    0    0    0    1    0    1    0    1    0    0    0    0    0    0    0    0    0    0    0    0    0    0    0    0    0    0    0    0    0    0    1    0    0    0    0    0    0    0    0    0    0    0    0    0    0    0    0    0    0    0    0    0    0    0    0    0    0    0    0    0    0    0    0    0    1    0    0    0    0    0    0    0    0    0    0    0    0    0    1    1    0    0    0    0    0    0    0    0    0    0    0    0    1    0    0    0    0    0    0    0    0    0    0    0    0    0    0    0    0    0    1    0    0    
50    0.617186    0.956802    0    0    0    0    0    1    0    0    0    1    0    0    0    0    1    0    0    0    0    1    1    0    0    0    0    0    1    0    1    1    0    0    0    0    0    0    0    1    1    0    1    0    1    0    0    0    0    1    0    0    0    0    0    0    0    1    1    0    0    0    0    1    1    0    0    0    1    0    0    0    0    0    0    0    0    1    0    0    0    1    1    0    0    0    0    0    0    0    0    0    0    0    1    0    0    0    0    0    0    0    1    0    1    0    0    0    0    0    0    0    0    0    0    0    0    0    0    0    0    0    0    0    0    0    0    0    0    0    0    0    1    0    0    0    0    0    0    0    0    0    0    0    0    0    0    0    1    0    0    0    0    1    0    0    1    1    0    0    0    0    0    0    0    0    0    0    0    0    0    0    0    0    0    0    0    0    0    1    0    0    1    0    0    0    0    0    0    0    0    0    0    0    0    0    0    0    0    0    0    0    
50    0.069078    0.408632    1    0    1    0    0    0    1    0    0    1    0    0    0    0    1    1    1    0    0    1    0    0    0    1    0    0    0    1    1    0    1    0    0    1    1    1    1    0    0    1    1    0    0    0    0    0    0    0    1    0    1    1    1    1    0    1    1    1    0    1    0    0    0    0    0    0    1    0    0    0    1    1    0    0    1    0    0    0    0    0    0    0    0    0    0    0    1    0    0    1    0    1    0    1    0    1    0    0    0    0    0    0    0    0    0    0    0    0    0    0    1    1    0    0    0    0    1    1    0    0    0    0    0    0    0    0    1    0    0    0    0    0    0    0    0    0    0    0    0    0    1    0    1    0    0    0    0    0    0    0    0    1    0    0    0    0    1    0    0    0    0    0    0    1    0    0    0    0    1    0    0    0    1    0    0    0    0    0    1    0    0    0    0    0    1    1    0    0    0    0    0    0    0    0    0    0    0    0    0    1    
50    0.777982    0.137002    0    0    0    0    0    0    0    0    0    0    0    0    0    0    0    0    0    0    0    0    0    0    0    0    0    0    0    0    0    0    0    0    0    0    0    0    0    0    0    0    0    0    0    0    0    0    0    0    0    0    0    0    0    0    0    0    0    0    0    0    0    0    0    0    0    0    0    0    0    0    0    0    0    0    0    0    0    0    0    1    0    0    0    0    0    0    1    0    0    0    0    0    0    0    0    0    0    0    0    1    0    0    0    0    0    0    0    0    0    0    0    0    0    0    0    0    0    0    0    0    0    0    0    0    0    0    0    0    0    0    0    0    0    0    0    0    0    0    0    0    0    0    0    0    0    0    0    0    0    0    0    0    0    0    0    0    0    0    0    0    0    0    0    0    0    0    0    0    0    0    0    0    0    0    0    0    0    0    0    0    0    0    0    0    0    0    0    0    0    0    0    0    0    0    0    0    0    0    0    0    
50    0.758472    0.517626    0    0    0    0    1    0    1    0    0    0    1    1    0    0    0    1    0    0    1    1    1    0    0    0    1    0    1    0    0    0    1    0    0    1    1    0    0    0    1    0    0    0    0    0    1    0    0    0    0    1    1    0    0    1    1    0    0    0    0    0    1    0    0    0    1    0    0    0    1    1    0    0    0    0    0    0    1    0    1    0    0    0    0    0    0    0    0    0    0    0    1    0    0    0    0    1    0    0    1    1    0    0    0    0    1    0    0    0    0    0    0    0    0    0    0    0    0    0    0    0    0    0    0    0    0    0    1    0    0    0    0    0    0    0    0    0    0    0    0    0    0    0    0    0    0    0    0    0    0    0    0    0    1    0    0    1    0    0    0    0    0    0    0    0    0    0    1    0    0    0    0    0    1    0    0    0    0    0    0    0    0    0    0    0    0    0    0    0    0    0    0    0    0    0    0    1    1    0    0    0    
50    0.45235    0.805258    1    1    1    0    1    0    1    0    1    0    1    0    0    1    1    0    0    0    1    1    1    0    0    1    1    0    1    0    0    1    0    0    1    1    0    1    1    1    0    1    0    1    1    1    0    0    0    0    0    0    1    0    0    1    1    1    1    1    0    0    0    1    0    1    0    0    1    0    0    1    0    0    0    1    0    1    1    1    1    0    1    1    0    1    1    1    0    1    0    1    0    0    1    0    0    0    1    0    1    1    0    0    1    0    0    0    0    0    0    0    0    0    0    1    0    1    0    0    0    0    0    0    0    0    1    0    0    0    1    1    0    0    0    0    0    0    0    0    0    0    0    0    0    0    1    0    0    0    0    0    0    0    0    0    0    1    0    1    0    1    0    0    1    0    1    0    0    0    0    1    1    0    1    0    0    0    0    0    1    0    0    1    0    0    0    0    1    0    0    0    0    0    0    1    0    0    1    1    0    0    
50    0.339973    0.551818    1    1    0    0    0    0    1    0    0    1    1    0    0    0    0    0    0    0    1    0    1    1    1    0    1    1    0    0    0    1    1    0    0    0    0    0    0    1    0    1    1    0    0    0    0    0    0    0    0    1    1    1    1    0    0    1    1    1    0    0    0    0    1    0    0    0    0    1    0    0    0    0    1    1    0    0    1    0    1    0    0    0    1    1    0    0    0    0    0    1    0    1    0    1    0    1    0    0    0    0    1    0    0    0    0    0    0    0    1    0    0    0    0    0    0    0    0    0    0    0    0    0    0    1    0    0    0    0    1    0    0    0    0    0    0    0    0    0    0    0    0    0    0    0    0    0    1    0    0    0    0    0    0    1    0    0    0    1    0    0    0    1    0    0    0    0    0    0    0    0    0    1    0    0    0    0    1    0    0    0    0    0    0    0    0    0    0    0    0    0    0    0    1    0    1    0    0    0    0    0    
50    0.573574    0.662454    0    0    1    1    1    0    1    0    1    1    0    0    0    0    1    0    0    0    0    0    1    1    0    0    1    0    0    1    0    0    0    1    1    1    0    0    1    0    0    1    1    0    0    0    0    0    0    1    0    1    1    1    0    1    0    0    0    1    0    1    0    1    1    1    0    1    1    0    0    1    1    0    1    1    0    0    0    1    0    0    1    1    0    0    0    1    1    1    1    0    0    0    0    0    0    0    1    0    1    1    0    0    0    0    0    1    0    0    0    0    0    1    0    0    0    0    0    1    0    0    0    0    0    0    1    0    1    0    0    1    0    0    0    0    1    0    0    0    0    0    0    0    0    0    0    0    0    0    0    0    0    0    0    0    0    0    0    0    0    1    1    0    1    0    0    0    0    0    0    0    1    0    0    1    0    0    0    0    0    0    0    0    1    1    0    0    0    0    0    1    0    1    0    0    0    0    1    0    0    1    
50    0.383505    0.182353    1    0    0    0    0    0    0    0    0    0    0    0    0    0    1    0    0    0    0    0    0    0    0    0    0    1    1    0    0    0    0    1    0    1    0    0    0    0    0    0    0    0    0    0    0    0    0    0    0    0    0    0    0    1    0    0    1    1    0    0    0    0    0    1    0    0    0    1    1    0    0    1    0    0    0    1    0    1    1    1    1    0    1    0    0    0    0    0    1    0    0    0    0    1    0    0    1    1    1    1    0    0    0    0    0    0    0    0    0    0    0    0    0    0    0    0    0    0    0    0    1    0    0    0    0    0    0    0    0    0    0    0    0    0    0    0    0    0    1    0    0    0    0    0    0    0    0    0    0    0    0    0    0    0    0    0    0    0    0    1    0    0    0    1    0    0    0    0    0    0    0    0    0    0    0    0    0    0    0    0    0    0    0    0    0    0    0    0    0    0    0    0    0    0    0    1    0    0    0    0    
50    0.0255572    0.543376    0    1    1    0    0    1    1    1    1    0    0    1    0    0    0    0    1    0    1    0    0    0    0    1    1    0    0    0    0    0    1    0    1    0    0    1    0    1    0    0    1    1    0    0    1    0    1    0    1    1    1    1    0    1    1    0    0    1    0    0    0    1    1    0    1    0    1    1    1    0    0    0    1    0    1    0    1    0    0    1    0    0    1    0    0    0    1    0    0    1    0    0    0    0    0    0    1    1    1    0    1    0    0    0    0    0    1    0    1    0    0    0    0    0    0    0    0    0    0    0    0    0    0    1    0    0    1    0    0    0    0    0    0    0    0    0    0    0    0    0    0    0    0    0    0    0    0    0    0    0    0    1    0    0    0    0    1    0    0    1    0    0    0    0    0    1    0    0    0    1    0    0    0    1    0    0    0    0    1    0    0    0    1    0    1    0    0    0    0    0    0    0    0    0    0    1    0    0    0    0    
50    0.0997174    0.717845    0    0    0    1    0    0    1    0    0    1    0    1    1    0    0    0    0    0    0    0    1    0    0    1    0    1    1    0    0    0    0    1    0    0    0    0    1    0    1    0    1    1    0    0    0    0    0    1    0    0    0    0    0    0    1    1    0    0    1    1    1    1    1    1    1    0    0    0    1    0    0    0    0    0    0    1    1    0    0    0    0    0    1    1    0    0    0    1    1    1    1    0    0    0    1    0    0    0    1    1    0    0    0    0    0    0    0    0    1    0    0    0    0    0    1    0    0    0    0    0    0    0    0    0    0    1    1    0    0    0    0    0    0    1    0    0    0    0    0    1    1    0    0    0    0    0    0    0    0    0    0    0    0    0    0    0    0    0    0    1    1    0    0    0    0    0    0    0    0    1    1    0    0    0    1    0    0    0    0    0    0    0    0    1    0    0    0    0    0    0    0    0    0    0    0    0    0    0    0    0    
50    0.0937322    0.783576    0    1    0    0    0    0    0    0    0    0    0    0    0    0    1    0    0    0    0    0    0    1    0    0    0    1    0    0    1    0    0    1    0    0    0    1    0    0    1    0    0    0    0    0    0    0    0    0    0    0    0    0    1    1    0    1    1    0    0    0    0    0    0    1    0    0    0    0    1    0    0    0    0    0    0    0    0    0    0    1    1    1    1    0    0    0    0    1    0    0    1    0    0    1    1    0    1    0    1    1    0    0    0    0    0    0    0    0    0    0    0    0    0    0    0    0    0    0    0    0    0    0    0    0    0    0    0    1    0    0    0    0    0    1    0    0    0    0    0    0    1    0    0    1    0    0    0    0    0    0    0    0    1    0    0    1    0    0    0    1    0    0    0    0    0    1    0    1    1    0    0    0    0    0    0    0    0    0    0    0    0    0    0    0    0    0    0    0    1    0    0    0    0    0    0    0    0    0    1    0    
50    0.256354    0.349274    1    1    0    0    1    0    1    0    1    1    0    0    1    0    1    0    0    0    0    1    1    1    0    1    1    0    0    1    0    1    0    0    0    0    0    1    0    0    1    1    0    0    1    0    0    0    1    0    0    0    0    0    1    0    0    0    0    1    0    0    0    0    0    1    0    0    1    0    0    0    0    0    0    0    1    0    0    1    1    0    0    0    1    1    1    1    1    1    0    0    1    1    1    1    0    0    1    1    0    0    0    0    0    1    0    0    0    0    0    0    0    0    0    0    0    0    0    0    0    0    1    0    0    0    0    1    0    0    0    0    0    1    0    0    0    0    0    0    0    1    0    0    0    0    1    0    1    0    0    1    0    0    0    0    0    0    0    0    0    0    0    0    0    0    0    1    0    0    1    1    0    0    1    1    0    0    1    1    0    0    0    0    0    0    0    1    0    0    0    1    0    0    0    0    0    0    1    0    0    0    
50    0.832507    0.554757    1    0    0    0    1    0    0    1    0    0    0    1    0    0    1    0    0    0    1    0    0    0    0    0    0    0    0    0    0    1    1    0    0    1    0    1    0    0    0    0    1    0    0    0    0    0    1    1    0    1    0    0    0    0    0    0    0    0    0    0    0    1    0    0    1    0    0    1    0    1    0    0    0    1    0    0    1    0    0    0    1    1    0    0    0    0    0    1    0    0    1    0    1    0    0    0    0    0    0    0    0    1    0    0    0    1    0    1    0    0    0    0    0    0    0    0    0    0    0    0    0    1    0    0    0    0    0    1    0    0    1    0    0    0    0    0    0    0    0    0    0    0    0    0    1    0    0    1    0    1    1    0    0    1    0    0    0    0    0    0    0    0    0    0    0    0    0    0    0    0    0    0    0    0    0    0    0    0    0    0    1    1    0    0    0    0    0    0    0    0    0    0    0    0    0    0    0    0    0    0    
50    0.267436    0.66797    0    1    0    0    1    0    1    1    1    0    1    1    0    1    0    1    1    0    0    0    0    0    0    1    1    0    0    0    0    0    1    1    0    0    0    1    0    0    1    0    1    0    1    0    1    0    0    0    0    0    0    0    0    1    0    0    1    1    1    0    0    1    1    0    0    0    1    0    0    1    0    1    0    0    1    0    1    0    1    0    0    1    0    0    0    1    0    0    0    1    1    1    0    1    0    1    0    0    1    1    0    1    0    1    0    0    0    0    0    0    0    0    1    0    1    0    0    1    0    0    0    0    0    0    0    1    0    0    1    0    0    0    1    0    1    0    0    0    0    0    0    0    1    0    0    0    0    1    0    0    0    1    0    0    0    0    1    0    1    0    1    0    0    0    0    0    0    0    1    0    0    0    0    0    0    0    0    0    0    0    0    0    0    0    0    0    0    0    1    0    1    0    0    1    0    0    0    0    1    0    
50    0.640636    0.545588    0    0    0    0    1    0    0    1    0    0    0    0    0    0    0    1    0    0    0    0    0    0    0    0    0    0    1    1    1    0    0    0    0    0    1    0    1    1    1    0    0    1    0    0    0    0    0    0    0    1    1    0    0    1    0    0    0    0    1    0    1    0    0    0    0    1    1    0    0    0    1    0    1    0    0    1    0    0    0    0    0    0    0    1    0    0    0    1    0    0    1    0    1    0    1    0    0    0    0    0    0    0    0    0    1    0    1    0    0    0    0    0    1    0    0    0    0    0    0    0    0    0    0    0    0    0    0    0    0    0    0    0    1    0    0    0    0    0    0    0    0    0    0    1    0    0    0    0    0    0    0    0    0    0    0    1    0    0    0    0    0    1    0    0    0    0    0    0    0    0    0    0    0    0    0    0    0    0    0    1    1    0    0    0    0    0    0    0    0    1    0    0    0    0    0    0    0    0    0    0    
50    0.628343    0.615739    1    1    0    1    0    1    0    0    1    1    0    1    0    0    0    1    0    1    0    0    1    0    0    0    0    1    1    1    0    0    0    1    0    0    0    0    0    1    0    0    0    0    0    0    1    0    0    1    0    0    0    0    0    1    1    0    0    0    0    0    0    0    1    1    0    1    1    0    0    1    1    0    0    0    0    0    1    1    0    0    0    0    0    0    0    0    0    1    0    1    0    0    1    1    0    1    0    1    0    0    0    0    0    0    1    0    0    0    0    0    0    0    1    1    0    0    0    0    0    0    0    0    0    0    0    1    0    1    1    0    0    0    0    0    0    0    0    0    0    0    0    0    0    0    1    0    0    0    0    0    0    1    0    0    0    0    0    0    0    0    0    0    0    0    0    0    0    0    0    0    1    0    0    0    0    0    0    0    0    0    0    0    1    0    0    0    0    0    0    0    0    0    0    0    0    0    0    0    0    1    
50    0.112683    0.072739    0    0    0    1    0    0    0    0    0    0    0    0    0    0    0    0    0    0    0    0    0    1    0    0    0    0    0    0    0    1    0    1    0    1    0    1    0    0    0    0    0    0    0    0    0    0    0    0    0    0    1    0    0    1    0    0    0    0    0    0    0    0    0    0    0    0    0    0    0    0    0    0    0    0    0    0    0    0    0    0    0    0    1    0    0    0    0    0    0    0    0    0    0    1    1    0    0    0    0    0    0    0    0    0    0    0    0    0    0    0    0    0    0    0    0    0    0    0    0    0    0    0    0    0    0    0    0    0    0    0    0    0    0    0    0    0    0    0    0    0    0    0    0    0    1    0    0    0    0    0    0    0    0    0    0    0    0    0    0    0    0    0    0    0    0    0    0    0    0    0    0    0    0    0    0    0    0    0    0    0    0    0    0    0    0    0    0    0    0    0    0    0    0    0    0    0    0    0    0    0    
50    0.990329    0.95861    0    0    0    0    0    0    0    0    0    0    0    0    0    0    0    0    0    0    0    0    0    0    0    0    0    0    0    0    0    0    0    1    0    0    0    0    1    0    0    0    0    0    0    0    0    0    0    0    0    0    0    0    0    0    0    0    0    0    0    0    0    0    0    0    0    0    0    1    0    0    0    1    0    0    0    0    0    0    0    0    0    0    0    0    0    0    1    0    0    1    0    1    0    0    0    0    0    0    0    0    0    0    0    0    0    0    0    0    0    0    0    0    0    0    0    0    0    0    0    0    0    0    0    0    0    0    0    0    1    0    0    0    0    0    0    0    0    0    0    0    0    0    0    0    1    0    0    0    0    0    0    0    0    0    0    0    0    0    0    0    0    0    0    0    0    0    0    0    0    0    0    0    0    0    0    0    0    0    0    0    0    0    0    0    0    0    0    0    0    0    0    0    0    0    0    0    0    0    0    0    
50    0.438129    0.760247    0    1    0    0    0    1    0    0    0    1    1    0    1    0    0    1    1    0    0    0    0    0    0    0    0    0    0    0    1    0    0    1    1    0    1    0    0    0    1    1    0    0    1    1    0    0    0    1    1    1    1    0    0    0    1    0    0    0    0    0    1    1    1    0    1    0    1    0    1    0    1    0    0    0    0    0    0    1    1    0    0    0    0    0    0    0    0    1    0    0    0    0    0    0    0    1    0    0    1    0    0    0    0    0    0    0    0    0    1    0    0    0    0    1    0    0    0    0    1    0    1    1    0    0    0    0    0    0    0    0    0    0    0    0    0    0    0    0    0    1    0    0    0    0    0    0    0    0    0    0    0    0    0    0    0    0    0    0    0    0    0    0    0    0    0    0    0    0    0    1    0    0    0    0    1    0    1    1    0    0    0    0    0    0    0    0    1    0    0    0    0    0    0    0    0    0    1    0    0    0    
50    0.0879532    0.641341    1    1    0    0    1    1    0    0    0    0    0    0    0    0    0    0    1    0    0    0    1    0    0    0    0    1    0    0    0    0    0    0    0    0    0    1    1    0    0    0    0    1    0    0    0    0    1    0    0    1    1    0    1    1    0    1    0    1    0    1    1    0    1    0    0    0    0    1    0    0    0    0    0    0    1    1    0    0    1    0    0    1    0    0    1    0    0    0    1    1    1    0    1    1    1    0    1    0    0    0    1    0    0    0    0    0    0    1    0    1    0    0    1    0    0    0    0    0    0    0    0    0    0    0    0    1    0    0    0    0    0    0    0    0    0    0    0    0    0    0    0    0    0    0    0    0    0    0    0    0    0    0    0    0    1    0    0    0    0    0    0    0    0    0    0    0    1    0    0    0    0    0    0    0    0    0    0    0    1    0    0    0    0    0    0    0    1    0    0    0    1    0    0    0    0    1    1    0    0    0    
50    0.920064    0.689487    0    1    0    0    0    0    1    0    0    0    0    1    0    0    0    0    0    0    1    0    1    0    0    0    0    1    0    0    1    0    0    1    1    0    0    1    1    0    0    0    0    1    1    0    0    1    0    0    0    1    1    0    0    1    1    0    1    0    1    0    0    1    0    1    0    0    0    1    0    0    0    1    0    0    1    1    1    0    0    0    1    0    1    0    0    0    0    1    0    0    0    0    0    1    1    0    0    0    1    0    0    0    0    0    0    0    0    0    0    0    0    0    1    1    0    1    0    0    1    0    0    0    0    0    0    0    0    0    0    0    1    0    0    0    0    0    0    0    0    0    0    0    0    0    0    0    0    0    0    0    0    0    0    0    1    0    1    0    0    0    0    0    0    0    0    0    0    0    0    1    0    0    0    0    0    1    0    0    0    0    0    1    0    0    0    0    0    0    0    0    0    0    0    0    0    0    0    0    0    0    
50    0.583049    0.620738    1    0    1    0    0    0    1    1    0    1    0    0    1    1    1    0    0    0    0    1    1    0    1    0    1    0    1    0    1    0    0    0    1    0    0    0    1    1    1    0    1    1    0    0    0    0    0    0    0    0    1    1    0    0    1    1    0    1    0    1    0    0    0    1    0    0    1    0    0    1    1    1    1    0    0    0    0    1    0    0    1    0    0    1    0    0    0    1    1    0    0    0    0    0    0    1    1    0    1    0    0    1    0    0    0    0    0    0    0    0    0    0    0    1    1    0    0    0    0    0    0    0    1    0    0    1    0    0    0    0    0    0    0    0    0    0    0    0    0    1    0    0    0    1    0    0    0    0    0    0    0    1    0    0    0    0    0    0    0    0    0    0    0    1    0    0    0    0    0    0    1    0    1    0    0    0    0    0    0    0    0    0    0    0    0    0    0    0    0    0    0    0    0    0    0    0    1    0    0    0    
50    0.704554    0.0637192    0    0    0    0    0    0    0    0    0    0    0    0    0    0    0    0    0    1    0    0    1    0    0    0    0    0    1    0    0    0    0    0    0    0    0    0    1    0    1    0    0    0    0    0    0    1    0    0    0    0    0    0    0    0    0    0    0    0    0    0    0    0    0    0    0    0    0    0    0    0    0    0    0    1    0    0    0    0    0    0    0    0    0    0    0    0    1    0    0    0    0    0    0    0    0    0    0    0    0    1    0    0    0    0    0    0    0    0    0    0    0    0    0    0    0    0    0    0    0    0    0    0    0    0    0    0    0    0    0    0    0    0    0    0    0    0    0    0    0    0    0    0    0    0    0    0    0    0    0    0    0    0    0    0    0    0    0    0    0    0    0    0    0    0    0    0    0    0    0    0    0    0    0    0    0    0    0    0    0    0    0    0    0    0    0    0    0    0    0    0    0    0    0    0    0    0    0    0    0    0    
50    0.955134    0.542057    0    0    0    0    1    0    1    1    1    0    1    0    0    0    1    0    1    0    0    1    0    0    0    0    0    0    1    0    1    1    1    0    0    0    0    0    1    0    0    0    0    1    0    0    0    0    0    1    1    0    1    0    1    1    0    1    1    0    0    0    1    1    0    1    1    0    1    1    1    0    0    0    1    0    0    1    0    0    0    0    0    0    0    0    0    0    1    1    1    1    0    0    1    0    0    0    0    1    0    0    0    0    0    0    1    0    0    0    1    0    0    0    0    0    1    0    0    0    1    0    1    0    0    1    0    0    0    0    1    0    0    0    0    0    0    0    0    0    0    0    0    0    0    1    0    0    0    1    0    0    1    1    1    0    0    0    0    0    0    1    0    0    0    0    0    0    0    0    0    0    0    0    1    1    0    0    0    0    0    0    0    0    0    1    0    0    1    0    0    0    0    0    0    1    0    0    0    0    0    0    
50    0.420212    0.84662    0    0    0    1    1    0    0    0    1    0    1    0    0    0    0    0    1    0    0    1    0    1    0    0    0    0    1    0    0    1    0    1    1    0    0    0    0    1    0    1    0    0    1    0    0    0    0    1    0    0    0    1    0    1    0    0    0    1    0    0    1    1    0    1    1    1    0    0    0    0    0    1    0    0    0    0    0    0    0    0    0    1    0    0    0    0    0    0    0    1    0    0    1    0    1    0    1    1    0    0    0    0    0    0    1    0    1    0    0    0    0    0    0    0    1    0    0    0    0    0    0    0    1    0    0    0    0    0    1    1    0    0    0    1    0    0    0    0    0    0    0    0    0    0    0    0    0    0    0    0    0    0    0    0    0    0    0    0    0    0    0    0    0    0    0    1    0    0    0    0    0    0    0    0    0    0    1    0    0    0    0    0    1    0    0    0    0    0    1    1    0    0    0    0    1    0    0    0    0    1    
50    0.115972    0.868309    0    0    0    0    0    0    1    0    0    0    1    1    0    0    0    0    0    0    0    0    0    0    0    0    0    1    0    0    1    0    0    1    0    0    1    0    0    0    0    0    1    0    0    0    0    0    0    0    1    0    0    0    1    0    0    0    1    0    0    0    0    0    0    0    0    0    0    0    0    0    0    0    0    0    0    0    0    0    0    0    0    0    0    0    0    0    0    0    0    1    0    0    0    0    0    0    0    0    1    0    0    0    0    0    0    0    0    0    0    0    0    0    0    0    0    0    0    0    0    0    0    1    0    0    0    0    0    0    0    0    0    0    0    0    0    0    0    0    0    0    0    0    0    0    0    0    0    1    0    0    0    0    0    0    0    0    0    0    0    0    0    0    0    0    0    0    0    0    0    0    0    0    0    0    0    0    0    0    0    0    0    1    0    0    0    1    0    0    0    0    0    0    0    0    0    0    0    0    0    0    
50    0.518456    0.950821    1    0    1    1    0    0    1    0    0    1    0    0    0    0    1    1    1    1    0    0    1    0    0    0    0    0    0    1    1    0    0    1    0    0    0    0    1    1    0    0    0    0    1    0    0    0    0    1    1    0    0    0    0    0    1    0    1    1    0    0    0    0    0    0    0    1    1    0    1    0    0    0    0    0    0    1    0    0    0    0    0    0    0    1    0    0    1    0    0    0    0    1    1    0    0    0    0    0    0    0    0    0    0    0    0    0    0    0    1    0    0    0    0    0    0    0    1    0    0    0    0    0    0    0    0    0    1    1    0    1    0    0    0    0    1    0    0    0    0    0    0    0    0    0    1    0    0    0    0    0    0    0    0    0    0    0    0    1    0    0    1    0    1    0    0    1    0    0    0    0    0    0    0    0    1    0    1    0    1    0    0    0    0    0    0    0    0    0    0    0    0    0    0    0    0    0    0    0    0    0    
50    0.78133    0.68184    0    0    0    1    0    0    0    0    1    0    0    1    0    0    1    0    0    0    0    0    1    0    0    0    1    1    0    0    0    0    1    0    0    0    1    1    0    1    0    1    1    1    0    0    0    1    0    1    0    1    0    0    1    0    0    0    0    0    0    0    1    1    0    0    1    0    0    1    1    0    0    0    0    0    1    0    0    0    1    0    0    0    0    1    0    0    1    0    0    1    0    0    1    0    0    0    1    0    1    1    0    0    0    0    0    0    0    0    0    0    0    0    0    0    0    0    0    0    0    0    0    0    0    0    0    0    0    0    0    0    0    0    0    1    0    0    0    0    0    0    1    0    0    1    0    0    0    0    0    0    0    0    0    0    0    0    0    0    0    0    0    0    1    0    0    0    1    0    0    0    0    0    0    0    0    1    0    0    0    0    0    0    0    0    0    0    1    0    0    0    0    0    0    1    0    1    0    0    0    0    
50    0.513243    0.751045    1    0    1    1    1    0    1    0    1    1    0    0    0    1    0    0    1    0    1    0    0    1    1    0    0    1    0    1    0    1    1    0    1    1    0    0    0    1    1    1    1    0    0    0    0    0    0    1    0    1    0    0    0    0    1    1    0    0    0    0    1    0    1    0    0    0    1    0    1    1    1    1    1    1    0    0    1    0    0    0    0    0    0    1    0    0    1    1    1    0    0    0    0    1    0    0    0    0    1    0    0    0    0    1    0    0    0    0    0    0    0    1    0    0    0    0    1    0    0    0    0    0    1    0    1    0    1    0    0    0    0    0    0    1    0    0    0    0    0    0    0    0    0    0    0    0    0    0    0    0    0    0    0    1    0    0    0    1    0    0    0    0    0    0    0    1    0    0    0    0    0    0    0    0    0    0    0    0    0    0    0    0    0    1    0    0    0    0    0    0    0    0    0    0    0    0    0    0    1    0    
50    0.372472    0.367743    1    0    1    0    1    1    0    0    0    0    0    0    1    1    0    0    1    1    0    0    1    1    1    0    1    0    0    0    0    1    0    0    0    0    0    0    0    1    0    0    1    0    0    0    0    1    0    0    0    0    0    0    1    0    0    0    1    1    0    1    0    0    1    1    0    0    1    0    1    0    0    0    0    1    0    0    0    0    1    1    1    0    1    0    0    0    1    0    1    0    1    1    0    0    0    0    0    0    0    1    0    0    0    0    0    0    0    0    0    0    0    0    0    0    1    0    0    0    0    0    0    0    0    0    0    0    0    0    0    0    0    0    0    0    0    0    0    0    0    0    1    0    0    0    0    0    0    0    0    0    0    0    0    0    0    0    0    0    0    0    0    0    0    0    0    0    0    0    0    1    0    0    0    0    1    0    0    0    0    0    0    0    0    0    0    0    0    0    0    1    0    0    1    0    0    0    0    0    1    0    
50    0.321614    0.00896797    0    0    0    0    1    0    0    0    0    0    1    0    0    0    0    0    0    0    0    0    1    0    0    0    0    1    0    1    0    1    0    1    0    0    1    0    1    0    0    0    0    0    0    0    0    1    0    1    0    0    0    0    0    0    1    0    1    0    1    1    0    1    0    0    0    0    1    0    1    0    1    1    0    0    0    1    1    0    0    0    0    0    1    0    0    1    0    0    1    1    1    0    0    1    0    0    0    1    0    0    0    0    0    0    0    0    0    0    0    0    0    0    0    0    0    0    0    0    0    0    0    0    0    0    0    0    0    0    0    0    0    0    0    0    1    0    0    0    0    0    0    0    0    0    0    0    0    0    0    0    0    0    0    0    0    0    0    0    0    0    0    0    0    0    0    0    0    0    0    0    0    0    0    0    0    0    0    0    0    0    0    0    0    0    0    0    0    0    0    0    0    0    0    0    0    0    0    1    0    0    
50    0.564025    0.851495    1    0    1    0    0    0    0    0    0    1    0    0    0    0    0    1    1    0    0    0    0    0    0    0    0    0    0    0    1    0    1    0    0    1    0    1    1    0    0    1    0    0    1    1    0    0    0    0    1    1    0    0    1    0    1    0    1    1    1    1    1    1    1    1    0    0    0    0    1    0    1    0    1    0    0    1    0    0    0    1    0    1    0    1    0    0    0    0    0    1    1    0    0    0    0    0    1    0    0    0    0    0    0    0    0    1    1    0    0    0    0    0    1    0    0    0    1    0    0    0    0    1    0    0    0    0    0    0    0    0    1    0    0    0    1    0    0    0    0    0    0    0    0    1    0    0    0    1    0    1    0    1    0    1    1    0    0    0    1    1    0    0    0    0    0    0    0    0    0    0    0    0    0    1    0    0    0    0    0    0    0    0    0    0    0    0    0    0    0    0    0    0    0    0    0    0    1    0    0    0    
50    0.86157    0.485031    0    0    1    0    1    0    1    0    0    0    0    0    0    0    1    1    1    0    1    0    1    0    0    0    0    0    1    0    0    0    0    1    1    0    1    1    0    1    0    0    0    0    0    0    0    0    0    0    0    0    0    1    0    1    0    0    0    1    1    0    0    1    0    0    0    0    0    1    1    0    0    0    0    0    0    0    1    0    0    0    0    0    0    0    0    0    1    1    0    0    0    0    0    0    0    0    0    0    0    1    0    0    0    0    0    0    0    0    0    0    0    0    0    0    0    0    0    0    0    0    0    0    0    0    0    0    0    0    0    0    0    0    0    0    0    0    1    0    0    0    0    0    0    0    0    0    0    0    0    0    0    0    0    0    0    1    0    0    0    0    0    0    0    1    0    0    0    0    0    1    0    0    1    1    1    0    0    0    0    1    0    0    0    1    0    0    0    0    0    0    0    0    0    0    0    0    0    0    1    0    
50    0.639593    0.535792    0    1    0    0    0    0    0    0    0    1    0    0    1    0    0    0    0    0    0    0    0    0    0    0    1    0    0    1    0    0    1    0    0    0    1    0    0    0    0    0    1    0    0    0    0    0    0    1    0    1    0    1    0    0    1    0    0    0    0    0    0    0    0    0    0    0    0    0    0    0    1    0    1    1    1    1    0    1    0    0    0    0    0    0    0    0    1    0    0    0    1    0    1    0    0    1    0    0    0    0    0    0    0    0    0    0    0    0    0    0    0    0    0    0    0    0    0    0    0    0    0    0    0    0    1    0    0    0    0    0    0    0    0    0    0    0    0    0    0    0    1    0    0    0    0    0    0    0    0    1    0    0    0    0    0    0    0    0    0    0    0    0    0    0    0    0    0    0    0    0    1    0    0    0    0    0    0    0    0    0    1    0    0    0    0    0    0    1    0    1    0    0    0    0    0    0    0    1    0    0    
50    0.143955    0.767383    1    0    0    1    1    1    1    1    0    0    0    0    0    0    0    1    0    1    0    1    1    0    0    0    0    0    1    0    0    1    0    0    0    1    0    1    1    0    0    1    0    1    0    0    0    0    1    0    1    0    1    0    0    0    0    0    1    0    0    0    0    0    1    0    0    0    0    1    0    0    0    0    0    1    0    0    0    0    0    0    0    0    0    0    0    0    0    0    0    1    1    0    0    0    0    0    0    0    1    0    0    0    0    0    0    0    0    0    0    0    0    0    0    0    0    0    0    0    0    0    0    0    0    0    0    0    0    0    0    0    0    0    0    0    0    0    0    0    0    0    0    0    0    0    0    0    0    0    0    0    0    0    0    0    0    0    0    0    0    0    0    0    0    0    0    0    0    0    0    0    0    0    0    0    1    0    0    0    0    0    0    0    0    0    0    0    0    0    0    0    0    0    0    0    0    0    0    0    0    0    
50    0.631958    0.946289    1    1    0    1    1    1    1    0    0    0    0    0    1    0    1    0    1    0    0    0    0    0    0    0    0    0    1    0    1    1    0    0    1    0    0    0    0    0    1    0    0    1    1    1    0    0    0    1    0    0    0    0    0    0    0    0    1    0    1    0    0    0    0    0    1    0    1    0    0    0    0    1    0    1    0    0    1    0    1    1    0    0    0    0    0    0    0    0    0    1    0    0    0    1    0    0    0    0    0    0    0    0    1    0    0    0    0    0    0    0    0    0    0    0    0    0    0    0    0    0    0    0    0    0    0    0    0    0    0    0    0    0    0    0    0    0    0    0    0    0    0    0    0    0    0    0    0    0    0    0    0    0    0    0    0    0    0    0    0    0    0    0    0    0    0    0    0    0    0    0    0    1    0    0    0    0    0    0    0    0    1    0    1    0    0    0    0    0    1    1    0    0    0    0    0    0    0    0    0    0    
50    0.861877    0.443453    0    0    0    0    0    0    0    0    0    0    1    0    0    0    0    1    1    0    0    0    0    0    0    0    0    1    1    0    0    0    0    0    0    1    0    1    0    0    0    0    1    1    0    0    0    0    0    1    0    0    0    0    1    1    1    1    1    0    0    1    1    0    0    1    1    0    1    0    1    1    0    0    0    0    0    0    1    0    1    0    0    1    0    0    1    0    0    0    0    0    0    0    1    0    1    0    1    0    0    1    0    0    0    0    0    0    0    0    0    0    0    0    0    0    0    0    0    0    1    0    1    0    0    0    0    0    0    0    0    0    0    0    0    0    0    0    0    0    0    0    0    0    0    0    0    0    0    0    0    0    0    0    0    0    1    0    0    0    0    0    0    0    0    0    0    1    0    0    0    0    0    0    0    0    0    0    0    0    0    1    0    0    1    1    1    0    0    1    0    0    0    1    0    0    0    1    0    0    0    0    
50    0.167782    0.512653    0    1    1    0    1    0    1    1    0    1    1    0    0    0    0    0    1    1    1    0    1    0    0    0    1    0    1    0    1    1    1    1    1    0    0    1    0    0    0    0    1    0    0    1    0    1    1    0    1    1    0    1    1    0    0    0    0    0    0    1    0    0    1    0    0    0    1    0    0    0    0    0    0    0    0    0    0    1    0    0    0    1    0    1    1    0    0    0    0    1    0    0    1    1    0    1    0    0    0    0    1    0    0    0    0    0    0    0    1    0    0    0    0    1    0    0    0    0    0    0    0    0    1    0    1    0    0    1    1    0    1    0    0    0    0    0    0    0    0    0    0    0    0    1    0    0    0    0    1    0    0    0    0    0    0    0    1    0    0    0    0    0    0    0    0    0    0    0    0    1    0    0    0    0    0    0    1    0    0    0    0    0    0    0    0    0    0    0    1    0    1    0    0    0    1    1    1    0    0    0    
50    0.207493    0.423187    1    0    0    0    1    0    1    0    0    1    0    1    1    0    1    1    1    0    0    0    0    1    0    0    0    0    0    0    0    1    1    0    0    0    1    0    0    1    1    1    1    0    1    0    0    0    1    1    1    1    1    1    1    0    0    0    1    0    0    1    0    0    0    1    0    0    1    1    0    0    0    1    0    0    1    0    0    1    0    1    0    0    0    1    1    0    0    1    0    1    1    1    1    1    1    0    0    1    0    0    1    0    0    1    1    0    0    0    1    0    0    0    0    1    0    0    0    0    0    0    0    0    0    0    0    1    0    0    0    0    0    0    0    0    0    0    0    0    0    1    0    0    0    0    0    1    0    0    0    0    0    0    1    0    0    0    0    0    0    0    0    0    0    0    0    0    0    0    0    0    0    0    0    0    1    0    0    1    0    1    0    0    1    0    0    0    0    0    0    0    0    0    0    1    0    0    0    0    1    0    
50    0.641724    0.858386    1    0    1    1    0    1    0    0    1    0    0    0    0    0    0    0    0    0    0    1    0    0    0    0    0    0    0    0    1    1    0    0    1    1    1    0    0    1    0    1    1    0    1    0    0    0    0    0    1    0    0    0    0    0    0    1    0    1    0    0    0    0    1    1    0    1    1    0    0    1    0    0    1    0    0    1    1    1    0    0    1    0    0    1    0    0    0    1    0    0    0    0    1    1    0    0    1    0    0    1    0    0    0    0    0    1    0    1    0    0    0    0    0    1    0    0    0    0    0    1    0    0    1    0    0    0    0    0    0    0    0    0    0    0    0    0    0    0    0    0    0    0    0    0    0    0    0    0    1    0    0    1    0    0    0    0    0    0    1    0    0    0    0    0    1    0    0    0    0    0    0    0    0    0    0    0    0    1    1    0    0    1    0    0    0    0    0    1    0    0    0    0    0    0    0    0    1    0    0    1    
50    0.384914    0.732957    1    1    1    1    0    0    1    0    1    0    0    0    1    1    1    1    0    0    0    0    0    1    0    0    0    0    1    0    1    0    0    1    1    0    0    0    0    1    1    1    0    0    1    0    1    0    0    1    1    0    0    1    0    1    0    0    0    1    0    0    0    0    0    1    0    0    1    1    1    0    1    0    0    0    0    0    0    0    0    1    0    1    1    1    1    1    0    0    0    0    1    0    1    0    0    0    0    0    0    0    0    0    0    0    0    0    0    0    0    0    0    0    1    0    1    0    1    1    1    0    0    0    0    0    0    0    1    0    0    0    1    0    0    0    1    0    0    1    0    0    1    0    0    0    1    0    0    0    1    0    0    0    0    0    0    0    0    0    0    0    0    0    0    1    0    0    0    0    0    0    0    0    0    1    0    0    0    0    0    0    0    0    0    0    0    0    0    1    0    1    0    1    1    0    0    1    0    0    0    0    
50    0.203375    0.381141    0    0    1    0    0    1    1    1    1    1    0    0    0    0    1    1    0    1    0    0    1    0    0    0    0    0    0    0    1    1    1    1    1    1    0    0    0    0    0    1    0    1    0    0    0    0    1    1    0    1    1    0    1    0    0    0    0    0    0    1    0    0    1    1    0    0    1    1    1    0    1    1    0    0    0    0    1    0    1    0    0    0    1    0    0    1    0    0    1    0    0    0    1    1    0    0    1    1    1    0    0    0    0    0    0    0    0    0    0    0    1    0    0    0    0    0    0    0    0    0    0    0    0    0    0    1    0    0    0    0    0    1    1    0    0    0    0    0    0    0    0    0    0    0    0    0    0    0    0    0    0    0    0    0    0    0    0    0    0    0    0    0    1    0    0    0    0    0    1    1    0    1    0    0    0    0    0    1    0    0    0    0    0    0    0    0    0    0    0    0    0    0    0    0    0    0    0    0    0    0    
50    0.152883    0.972827    0    0    0    0    1    0    0    0    0    1    0    0    0    0    0    0    0    0    0    0    0    0    0    0    1    1    0    1    1    0    0    0    0    1    1    1    1    0    0    0    0    0    0    0    0    0    0    0    0    0    0    0    1    1    0    0    1    0    0    0    0    0    0    0    0    0    0    1    1    0    0    0    0    1    0    0    0    0    0    0    1    0    0    0    0    0    1    0    0    1    0    0    0    0    1    0    0    1    0    1    0    0    0    0    0    0    0    0    0    0    0    0    0    0    0    0    0    0    0    0    0    0    0    0    0    0    0    0    0    0    0    0    0    0    0    0    0    0    0    0    0    0    0    0    0    0    0    0    0    0    1    0    0    0    0    0    0    0    0    0    0    0    0    0    0    0    0    0    0    0    0    0    0    0    0    0    0    0    0    0    0    0    0    0    0    1    0    0    0    0    0    0    0    0    0    0    0    1    0    0    
50    0.387091    0.240522    1    1    0    0    0    1    1    0    0    0    1    0    0    0    1    0    0    0    1    0    0    0    0    0    0    1    1    1    0    0    0    0    0    1    0    1    0    0    0    0    0    0    0    1    0    1    0    0    0    0    0    0    1    0    0    0    0    1    1    0    0    0    0    0    1    0    1    1    1    0    0    1    0    0    0    0    1    0    0    0    0    0    0    1    0    0    1    0    1    0    1    1    0    1    0    1    1    1    0    1    0    0    0    1    0    0    0    0    0    0    1    0    0    0    0    1    1    0    0    0    0    0    0    0    0    0    0    0    0    0    0    0    0    0    0    0    0    0    1    0    0    0    0    0    0    0    0    0    0    0    0    0    0    0    0    0    0    0    0    0    0    0    0    1    0    0    0    0    0    0    0    0    0    0    1    0    0    0    0    0    0    0    0    0    0    0    0    0    0    0    0    0    0    0    0    1    0    0    0    1    
50    0.963472    0.606855    0    0    0    0    0    0    0    0    0    0    1    0    0    0    1    0    0    0    0    0    1    0    0    0    0    1    0    0    0    0    0    0    0    0    1    0    0    0    0    1    1    0    0    0    0    1    1    1    0    0    1    0    0    1    0    1    0    1    1    1    0    0    1    1    1    0    0    1    0    0    0    0    1    0    0    0    0    0    1    0    0    0    0    0    0    0    0    1    0    0    0    0    0    0    1    0    0    1    0    1    0    0    0    0    1    0    0    0    1    0    0    0    0    1    0    0    0    0    0    0    0    0    0    0    0    0    0    0    0    0    0    0    0    0    1    0    1    0    0    1    0    0    0    0    0    0    0    0    0    0    0    0    0    0    1    0    0    0    0    0    0    0    1    1    0    0    0    0    0    0    0    0    0    0    0    0    0    0    0    1    0    0    0    0    0    0    0    0    0    0    0    1    0    0    0    1    0    0    0    0    
50    0.884988    0.835992    0    1    1    0    0    0    0    0    0    0    0    0    0    0    0    0    1    0    0    0    1    0    1    0    0    1    0    0    0    1    0    0    0    0    0    1    0    0    0    0    0    0    1    0    0    1    1    0    0    0    0    0    0    0    0    0    0    0    0    0    1    0    0    0    0    0    0    0    0    0    0    0    0    0    1    0    1    0    0    1    0    0    1    0    0    0    0    1    0    0    0    0    0    1    0    0    0    0    0    0    0    0    0    0    0    0    0    0    0    0    0    0    0    1    0    0    0    0    0    0    0    0    0    0    0    0    0    0    0    0    0    0    0    0    0    0    0    0    0    0    0    0    0    0    1    0    0    0    0    0    0    0    0    0    0    0    0    0    0    0    0    0    0    0    0    1    0    0    0    0    0    1    0    0    0    0    0    0    0    0    1    0    0    0    0    0    0    0    0    0    0    0    0    0    0    0    0    0    0    0    
50    0.726794    0.186626    0    1    0    0    0    0    0    0    0    0    0    0    0    0    0    0    0    0    0    0    1    0    1    0    0    0    0    0    0    0    0    0    0    0    0    0    0    0    0    0    0    0    0    0    0    0    0    0    0    0    0    0    0    0    0    0    0    0    0    0    0    0    0    0    0    0    1    0    0    0    0    0    0    0    0    1    0    0    0    0    0    0    0    0    0    0    1    0    0    0    0    0    0    0    0    1    0    1    0    0    0    0    0    0    0    0    0    0    0    0    0    0    0    0    0    0    0    0    0    0    0    0    0    0    0    0    0    0    0    0    0    0    0    0    0    0    0    0    0    0    0    0    0    0    0    0    0    0    0    0    0    0    0    0    0    0    0    0    0    0    0    0    0    0    0    0    0    0    0    0    0    0    0    0    0    0    0    0    0    0    0    0    0    0    0    0    0    0    0    0    0    0    0    0    0    0    0    0    0    0    
50    0.943199    0.394918    1    0    0    0    1    0    0    1    0    1    0    1    0    0    1    1    1    0    0    0    1    0    0    0    0    0    0    0    0    0    0    0    0    0    0    1    0    1    0    0    0    0    0    0    0    0    1    0    1    0    1    0    0    1    0    0    0    1    0    0    0    0    1    0    1    0    0    0    0    1    0    0    0    0    0    0    0    0    0    0    0    0    0    0    0    0    1    0    0    0    0    0    0    0    0    0    0    0    0    0    0    0    0    0    0    0    0    0    0    0    0    0    0    0    0    0    0    0    0    0    1    0    0    0    0    0    0    0    0    0    0    0    0    0    0    0    0    0    0    0    0    0    0    0    0    0    0    0    0    0    0    0    1    0    1    0    0    0    0    0    0    0    0    0    0    0    0    0    0    0    0    0    0    0    0    0    0    0    1    0    0    0    1    0    0    0    0    0    0    0    0    0    0    0    0    0    0    0    0    1    
50    0.715438    0.263574    0    0    0    0    0    0    0    0    0    0    0    0    0    0    0    0    1    0    0    0    0    0    1    0    0    0    0    0    0    0    0    0    0    0    0    0    0    0    0    0    0    0    0    0    0    0    0    0    0    0    0    0    0    0    0    0    0    0    0    0    0    0    0    0    0    0    0    0    0    0    0    0    0    0    0    0    0    0    0    0    0    0    0    0    0    0    0    0    0    0    0    1    0    0    0    0    0    0    0    0    0    0    0    0    0    0    0    0    0    0    0    0    0    0    0    0    0    0    0    0    0    0    0    0    0    0    0    0    0    0    0    0    0    0    0    0    0    0    0    0    0    0    0    0    0    0    0    0    0    0    0    0    0    0    0    0    0    0    0    0    0    0    0    0    0    0    0    0    0    0    0    0    0    0    0    0    0    0    0    0    0    0    0    0    0    0    0    0    0    0    0    0    0    0    0    0    0    0    0    0    
50    0.169838    0.619657    1    1    0    0    1    1    1    1    0    0    0    1    0    0    1    1    0    1    0    1    0    0    0    0    1    0    0    0    0    1    1    1    0    0    0    1    0    0    0    0    0    1    1    0    1    0    0    0    0    0    1    0    0    0    1    1    0    1    1    1    0    0    0    0    0    0    1    0    0    0    1    0    0    0    0    0    1    0    0    0    0    0    1    0    1    0    0    1    1    1    1    0    1    1    0    1    0    0    0    1    0    0    0    0    1    0    1    0    0    0    1    0    0    0    1    0    1    0    0    0    0    1    0    0    0    1    0    1    0    0    0    0    0    0    0    0    0    0    0    0    1    0    0    0    0    0    0    0    0    0    0    0    0    1    0    0    0    0    0    0    0    0    0    0    0    1    0    0    0    0    0    0    0    0    0    0    0    0    0    0    0    1    1    0    1    0    1    0    1    0    1    1    0    0    0    1    1    0    1    0    
50    0.507053    0.767498    0    1    1    1    0    0    1    0    1    0    1    1    1    0    1    0    1    1    1    0    1    0    0    1    0    0    1    1    1    0    0    1    1    0    0    0    1    1    1    0    1    1    0    1    0    0    0    1    0    1    0    1    1    0    1    0    1    1    0    0    1    0    0    1    1    1    1    0    0    0    1    0    1    0    0    1    1    1    0    0    1    1    0    0    1    1    0    0    1    0    1    0    0    0    1    1    0    1    0    1    0    0    0    1    0    0    1    0    0    0    0    1    0    1    0    0    0    0    0    0    0    1    1    0    0    0    0    1    0    0    0    0    0    1    0    0    0    0    0    0    0    0    0    0    1    0    0    0    1    0    0    0    0    1    1    0    0    1    0    0    0    0    0    0    0    0    1    0    0    0    0    0    0    0    0    0    1    0    1    0    1    1    0    0    0    0    0    0    0    0    0    1    0    1    0    0    1    0    0    0    
50    0.344452    0.453281    0    1    0    0    1    1    1    1    1    1    0    0    0    0    1    0    0    1    0    0    1    0    0    0    0    0    1    0    0    1    1    0    0    0    0    0    1    0    0    0    0    1    0    1    1    1    0    0    0    1    0    1    0    1    0    0    1    1    0    0    0    1    1    0    0    0    1    1    0    1    0    1    1    0    1    0    0    1    0    0    0    0    0    0    0    0    1    0    1    1    1    1    1    0    0    1    0    1    0    0    1    0    0    1    1    0    0    0    0    1    0    0    0    0    0    0    1    0    0    0    0    0    1    0    0    0    0    1    0    0    0    0    0    0    0    0    1    0    0    0    0    0    0    0    0    1    0    1    0    0    0    0    1    0    0    1    0    0    0    1    0    1    1    1    0    1    0    0    1    0    0    1    0    1    0    0    0    0    0    0    0    0    0    0    1    0    1    0    0    0    0    0    0    0    0    0    0    0    0    0    
50    0.249717    0.069828    0    0    0    0    1    0    0    0    0    0    1    0    0    0    0    0    0    0    0    0    0    1    0    0    0    0    0    0    1    0    0    1    0    1    0    0    1    0    1    0    0    0    0    0    1    0    0    0    0    0    0    0    0    0    0    0    1    0    0    0    0    0    0    1    0    0    0    0    0    0    1    0    0    0    0    0    0    0    0    0    0    0    1    1    1    0    0    0    1    1    1    0    0    0    0    0    0    0    0    1    0    0    0    0    0    0    0    0    0    0    1    0    0    0    0    0    0    0    0    0    0    0    0    0    0    0    0    1    0    0    0    0    0    0    0    0    0    0    0    0    0    0    0    0    0    0    0    0    0    0    1    0    0    0    0    0    0    0    0    0    0    0    0    0    0    1    0    0    1    0    0    0    0    0    0    0    0    0    1    0    0    1    0    0    0    0    1    0    0    0    0    0    0    0    0    0    0    0    0    0    
50    0.863301    0.338434    0    0    1    0    1    0    0    0    0    0    0    0    0    0    0    0    1    0    1    0    0    0    0    0    0    1    0    0    1    0    0    0    0    0    0    1    0    0    0    0    0    1    0    0    0    0    1    0    0    0    0    0    0    0    1    0    0    0    0    0    0    0    1    0    1    0    0    0    0    0    0    0    0    0    0    0    0    0    0    0    0    0    0    0    0    0    0    0    0    0    1    0    0    0    0    1    0    0    0    0    0    0    0    0    0    0    0    0    0    0    0    0    0    0    0    0    0    0    0    0    0    0    0    0    0    0    0    0    0    0    0    0    0    0    0    0    0    0    0    0    0    0    0    0    0    0    0    0    0    0    0    0    0    0    0    0    0    0    0    0    0    0    0    0    0    0    0    0    0    0    0    0    0    0    0    0    0    0    0    0    0    0    0    0    0    0    0    0    0    0    0    0    0    0    0    0    0    0    0    0    
50    0.670316    0.376009    0    0    1    0    0    0    0    0    0    0    0    0    0    0    0    1    0    0    0    0    0    0    1    0    0    1    0    0    0    0    0    0    0    0    0    0    0    0    0    1    0    1    0    0    0    0    0    0    0    0    0    0    0    0    0    1    0    0    1    0    0    0    0    0    0    0    1    1    0    0    0    0    0    0    0    1    0    0    0    0    0    0    0    0    0    0    0    1    0    0    1    1    0    0    0    1    1    0    0    0    0    0    0    0    0    0    1    0    0    0    0    1    0    0    0    0    0    0    0    0    0    1    0    0    0    0    0    0    0    0    0    0    0    0    0    0    0    0    1    0    0    0    0    0    0    0    0    0    0    0    0    0    0    0    0    0    0    0    0    0    0    0    1    0    0    0    0    0    0    0    0    0    0    0    0    0    0    0    0    1    0    0    0    0    0    0    0    0    0    0    0    0    0    0    0    0    1    0    0    0    
50    0.316868    0.616651    0    1    1    0    0    0    1    0    1    0    0    1    0    0    1    0    1    0    0    0    0    0    0    0    0    0    1    0    1    0    0    0    1    0    0    0    0    0    0    0    0    0    0    1    0    1    0    0    0    0    0    1    0    0    1    1    1    0    0    0    0    1    0    1    1    0    1    1    0    0    0    1    0    1    1    0    1    1    0    1    0    0    0    1    0    0    0    0    1    0    0    0    0    1    1    1    0    0    0    0    0    0    0    1    0    1    0    0    0    0    0    0    1    0    0    0    1    0    0    1    1    0    0    0    0    0    0    0    1    0    1    0    0    0    0    0    1    0    0    0    1    0    1    0    0    0    0    0    0    0    0    0    1    0    1    1    1    1    0    0    0    0    0    0    0    1    1    0    0    0    0    1    0    0    0    1    0    1    1    0    0    0    0    1    0    0    0    0    0    0    1    0    0    0    0    0    0    0    0    0    
50    0.0394902    0.560444    1    0    0    0    0    0    1    1    1    1    0    1    0    0    1    0    0    0    0    0    1    0    0    0    1    0    1    0    0    0    1    1    1    0    0    0    0    0    0    0    0    0    0    0    0    1    0    0    1    1    1    0    1    1    0    1    1    0    0    1    0    0    0    0    0    0    0    1    0    0    0    0    0    1    0    1    1    0    1    1    0    1    0    0    0    0    0    0    0    0    0    1    1    0    1    0    1    1    0    0    0    0    0    0    0    0    0    0    1    0    0    0    0    0    0    0    0    0    0    0    0    1    0    0    0    0    0    1    1    0    0    0    1    0    0    0    0    0    0    0    0    0    0    0    0    0    0    1    1    0    0    0    0    0    0    0    1    1    0    0    0    0    0    0    0    0    1    0    0    1    0    0    0    0    0    0    0    0    0    0    0    0    0    0    1    0    0    0    1    0    0    0    0    0    0    0    0    0    0    0    
50    0.346419    0.235849    0    1    0    0    0    0    0    0    0    1    0    0    0    0    0    0    0    0    0    0    1    1    0    0    1    0    0    0    1    1    0    1    1    0    0    0    0    0    1    0    0    0    0    1    1    0    0    0    0    0    0    0    1    0    0    0    0    1    0    0    0    0    0    0    0    0    0    1    1    0    0    0    0    0    0    0    0    0    0    1    0    0    1    1    0    0    0    0    1    0    0    0    0    1    0    0    0    0    0    1    0    0    0    0    0    0    0    0    0    0    0    0    1    0    0    0    0    0    0    0    0    0    0    0    0    0    0    0    0    0    0    0    0    0    0    0    0    0    0    0    0    0    0    0    0    0    0    0    1    0    0    0    0    0    0    0    0    0    0    0    0    0    0    0    0    0    1    0    1    0    0    0    0    0    0    0    0    1    0    0    0    0    0    0    0    0    1    0    0    0    0    0    0    0    0    0    0    0    0    0    
50    0.141454    0.122998    0    0    0    0    1    0    1    0    0    0    0    0    0    0    0    0    0    0    0    0    0    0    0    0    0    0    0    0    0    1    0    0    0    0    1    0    0    0    0    0    0    0    0    0    0    0    0    0    0    0    0    0    0    0    0    0    0    1    1    0    0    0    0    0    0    0    0    0    0    0    0    0    0    1    0    0    0    0    0    0    1    1    1    0    0    0    0    0    0    0    1    0    0    0    0    0    0    0    0    0    1    0    0    0    0    0    0    0    0    0    0    0    0    0    0    0    0    0    0    0    0    1    0    0    0    0    0    0    1    0    0    0    0    0    0    0    0    0    0    0    0    0    0    0    0    0    0    0    0    0    0    0    0    0    0    0    0    0    0    0    0    0    0    0    0    0    0    0    1    0    0    0    0    0    0    0    0    0    0    0    0    0    0    0    0    0    0    0    0    0    0    0    0    0    0    0    0    0    0    0    
50    0.435971    0.124023    0    0    0    0    0    1    0    0    0    0    1    0    0    1    0    1    1    0    0    0    0    0    0    0    0    0    0    0    0    0    0    0    0    0    1    0    0    0    0    0    0    0    0    0    0    0    1    0    0    0    0    0    1    0    1    0    1    1    0    0    0    0    1    0    0    0    1    0    1    0    0    0    0    0    0    1    0    0    0    1    0    0    1    1    0    0    0    0    0    0    0    0    0    0    0    0    1    1    0    1    0    0    0    0    0    0    0    0    1    0    0    0    0    0    0    0    0    0    0    0    0    0    0    0    0    0    0    0    0    0    0    0    0    0    0    0    0    0    0    0    0    0    0    0    0    0    0    0    0    0    0    0    0    0    0    0    0    0    0    0    0    0    0    0    0    0    0    0    0    0    0    0    0    0    0    0    0    0    0    0    0    1    0    0    0    0    0    0    0    0    0    0    0    0    0    0    0    0    0    0    
50    0.307619    0.513846    0    1    1    0    0    0    1    0    0    1    0    0    1    0    0    0    1    0    0    0    0    0    0    1    1    0    0    0    0    0    1    0    1    0    1    1    0    1    1    0    1    0    0    0    1    1    1    0    0    1    0    1    0    0    1    0    0    0    0    1    0    1    1    1    0    0    0    0    0    1    1    1    0    1    1    0    1    1    1    0    0    0    1    1    1    1    1    1    0    1    0    1    1    0    0    1    1    1    0    1    0    0    0    0    0    0    0    0    0    0    0    0    0    1    0    0    1    1    0    1    0    1    1    1    0    0    0    1    0    0    0    0    0    0    0    0    0    0    0    0    0    0    0    0    0    0    0    0    0    1    0    0    0    0    0    1    0    0    0    1    1    0    0    0    0    0    0    0    0    0    0    0    0    0    0    0    0    0    0    0    0    0    1    0    1    0    0    0    0    1    0    0    0    1    0    0    0    0    0    0    
50    0.161702    0.500232    0    0    0    0    0    1    1    0    0    1    0    0    1    0    1    0    0    0    0    0    0    1    0    1    1    1    1    0    1    0    0    0    0    0    0    1    0    0    1    1    1    0    1    0    0    1    0    0    1    1    1    1    1    1    1    0    0    1    0    0    0    1    1    0    0    0    1    1    0    0    0    1    0    0    1    0    1    0    0    1    1    1    1    0    1    0    0    1    0    0    0    0    0    1    0    0    1    1    0    1    0    0    0    0    0    0    1    0    0    1    0    0    0    0    0    0    0    1    0    0    0    0    0    1    0    0    0    0    0    0    0    0    0    0    1    0    1    0    0    1    0    0    0    0    0    0    0    0    0    0    0    0    0    0    1    0    0    0    0    0    0    0    0    0    0    1    0    0    0    0    0    0    0    0    1    0    0    0    0    0    0    1    0    1    1    0    1    0    0    1    0    0    0    0    0    0    1    1    0    0    
50    0.312128    0.157008    1    1    0    0    0    0    0    0    0    0    0    0    1    0    1    0    0    0    1    0    0    0    0    0    0    0    0    0    1    0    0    0    0    0    0    1    0    0    1    0    0    0    0    0    0    0    0    0    0    0    1    0    1    1    0    0    0    1    0    0    0    0    1    0    0    0    1    1    0    0    0    0    0    0    0    0    0    0    0    0    1    0    1    1    0    0    0    0    0    0    1    1    0    0    0    1    1    1    0    0    0    0    0    0    0    0    0    0    0    0    1    0    0    0    0    0    0    0    0    0    0    0    0    0    0    0    0    1    0    0    0    0    0    0    0    0    0    0    0    1    0    0    0    0    0    0    0    0    0    0    0    0    0    0    0    0    0    0    0    0    0    0    0    0    0    0    1    1    0    0    0    0    0    0    0    0    0    0    0    0    0    0    0    0    0    0    0    0    0    0    0    0    0    0    0    0    0    0    0    0    
50    0.129237    0.581931    1    0    1    0    1    0    0    0    0    0    1    0    1    0    0    1    0    0    0    1    1    0    0    0    1    1    0    0    0    1    0    1    0    0    1    1    1    1    0    1    0    0    1    0    0    1    0    0    1    0    0    1    1    0    0    0    1    0    0    1    1    0    0    0    0    0    1    0    0    0    0    1    1    0    1    0    0    1    0    0    0    0    0    0    0    0    0    1    0    1    0    0    1    0    0    1    0    0    0    0    0    0    0    0    0    0    0    0    0    0    1    0    1    0    0    0    1    0    0    1    0    0    1    0    0    0    1    1    0    0    0    0    1    0    0    0    0    0    0    0    0    0    0    0    0    0    0    0    1    0    0    0    0    0    0    0    0    1    1    0    0    0    0    1    0    0    0    0    0    1    0    0    0    1    0    0    0    0    0    0    0    1    0    0    0    0    1    0    0    1    0    0    0    0    0    0    0    0    0    0    
50    0.279681    0.200812    1    1    0    0    1    0    0    0    0    0    0    1    0    0    1    0    1    0    1    0    0    0    0    0    0    0    0    0    0    1    1    1    0    1    0    0    0    0    1    0    0    0    0    1    0    0    0    1    0    0    0    0    1    0    1    0    0    1    1    0    0    0    1    1    0    0    1    0    0    0    1    0    0    1    0    0    0    0    0    1    0    0    1    1    0    0    0    0    1    0    1    0    0    1    0    0    1    1    0    1    1    0    0    1    0    0    0    1    0    0    0    0    0    0    0    0    0    0    0    0    0    0    0    0    0    0    0    0    0    0    0    0    0    0    0    1    0    0    1    0    0    0    0    0    0    0    0    0    0    1    0    0    0    0    0    0    0    0    0    0    0    0    0    1    0    1    0    0    0    0    0    0    0    0    0    0    0    0    0    0    0    1    0    0    0    0    0    0    1    0    0    0    0    0    0    0    0    0    0    0    
50    0.195923    0.127662    0    1    0    0    0    0    0    0    0    0    0    0    0    0    1    0    0    0    1    0    0    0    0    0    0    1    0    1    1    0    0    1    0    0    1    1    0    0    0    0    0    0    0    0    0    0    0    0    0    0    0    0    0    1    0    0    1    1    0    0    0    0    0    1    0    0    0    0    0    0    0    0    0    0    0    0    0    0    0    0    1    0    1    0    0    1    1    0    0    1    1    0    0    1    0    0    0    0    0    0    0    0    0    0    0    0    0    0    0    0    0    0    0    0    0    0    0    0    0    0    0    0    0    0    0    0    0    0    0    0    0    0    0    0    0    0    0    0    0    0    0    0    0    0    0    0    0    0    0    0    0    0    0    0    0    0    1    0    0    1    0    0    0    0    0    0    0    0    0    0    0    0    0    0    0    0    0    0    0    0    0    1    0    0    0    0    0    0    0    0    0    0    0    0    0    0    0    0    0    0    
50    0.516476    0.653754    0    1    1    1    0    0    1    0    1    1    0    0    0    1    1    1    1    0    1    0    0    0    1    1    1    0    1    1    0    0    0    0    1    1    0    0    1    1    0    0    0    0    0    0    0    0    0    1    0    1    1    0    0    0    1    0    0    0    0    0    0    0    1    0    1    1    1    1    0    1    1    1    1    0    0    1    1    0    0    0    1    0    0    1    1    0    1    1    0    0    0    0    0    0    0    0    1    0    0    1    1    0    0    0    0    0    1    0    0    0    0    0    0    0    0    0    0    0    0    0    0    0    0    0    0    1    0    0    0    0    0    0    0    0    0    0    0    0    0    0    1    0    0    0    0    0    0    0    1    0    0    0    1    0    0    0    0    0    0    0    0    0    1    0    1    0    1    0    0    0    0    0    0    0    0    0    0    0    0    0    0    0    1    0    0    0    1    1    0    0    0    0    0    0    0    0    0    1    0    0    
50    0.430872    0.26777    1    1    1    0    0    0    0    0    1    0    0    0    1    1    0    0    0    0    0    0    0    0    0    0    1    0    0    0    1    1    0    1    1    1    1    0    0    0    0    1    0    0    0    0    0    0    0    0    0    0    0    0    0    0    0    0    0    1    0    0    0    0    1    1    0    0    1    1    0    0    0    0    0    0    0    0    0    0    1    1    0    0    0    1    1    1    1    0    0    0    0    0    0    1    0    0    1    1    1    0    0    0    0    0    0    0    0    0    0    0    0    0    1    0    0    1    0    0    0    0    0    0    0    0    0    0    0    0    0    0    0    0    0    0    0    0    0    0    0    0    1    0    0    0    1    0    0    0    1    0    0    0    0    0    0    0    1    0    0    0    0    0    1    0    0    0    1    0    1    0    0    1    0    0    0    0    0    0    0    0    0    0    0    0    0    1    0    0    0    0    0    0    0    0    0    0    0    0    0    0    
50    0.951153    0.155712    0    0    0    0    0    0    0    0    0    0    0    0    0    0    0    0    0    0    0    1    0    0    0    0    0    0    0    0    0    0    0    1    0    0    0    0    0    0    0    0    0    0    0    0    0    0    0    0    0    0    0    0    0    0    1    0    0    0    0    0    0    0    0    0    0    0    0    0    0    0    0    0    0    0    0    0    0    0    0    1    0    0    0    0    0    0    0    0    0    0    0    0    0    0    0    0    0    0    0    1    0    0    0    0    0    0    0    0    0    0    0    0    0    0    0    0    0    0    0    0    0    0    0    0    0    0    0    0    0    0    0    0    0    0    0    0    0    0    0    0    0    0    0    0    0    0    0    0    0    0    0    0    0    0    0    0    0    0    0    0    0    0    0    0    0    0    0    0    0    0    0    0    0    0    0    0    0    0    0    0    0    0    0    0    0    0    0    0    0    0    0    0    0    0    0    0    0    0    0    0    
50    0.480021    0.392007    0    0    0    0    0    0    0    0    1    0    0    0    0    1    0    0    0    0    0    0    1    0    0    0    0    1    0    0    0    0    1    1    1    0    0    0    1    1    0    1    0    0    0    0    0    0    0    0    1    0    1    0    0    0    0    0    1    0    0    0    0    1    0    1    0    0    1    0    0    0    0    0    0    0    0    0    0    0    0    1    0    0    0    0    0    0    0    0    0    0    1    0    1    0    1    0    0    0    0    0    0    0    0    0    0    0    0    0    0    0    0    1    0    0    1    0    0    0    0    0    0    0    1    0    0    0    0    0    0    0    0    0    0    0    0    1    1    0    0    0    0    0    0    0    0    0    0    0    0    0    0    0    0    0    0    1    0    0    0    1    0    0    1    0    0    0    1    0    0    0    0    0    0    0    1    0    0    0    0    0    0    0    0    0    0    0    0    0    0    0    0    0    0    0    0    0    0    0    0    0    
50    0.414625    0.675827    1    1    0    0    0    0    1    0    0    0    1    1    1    0    1    0    0    1    0    0    1    0    0    1    0    0    1    0    0    1    0    1    1    1    0    0    1    1    1    1    0    0    0    0    0    0    0    1    0    0    0    0    0    0    1    0    0    1    0    1    0    1    0    1    1    1    0    1    0    1    0    0    0    0    0    1    1    1    0    0    0    0    0    1    1    0    0    1    1    1    0    1    0    0    0    0    1    1    0    0    0    0    0    1    0    0    0    1    0    0    0    0    0    0    1    0    0    0    0    1    1    0    0    0    0    0    1    0    0    0    0    0    0    0    0    0    0    0    0    0    0    0    0    0    0    0    0    1    1    0    0    0    1    0    0    0    0    0    1    0    0    0    0    0    0    0    1    0    0    0    0    0    1    0    1    0    0    0    0    0    0    0    0    0    0    0    0    0    1    0    0    0    0    0    0    0    0    1    1    1    
50    0.625118    0.96808    0    0    1    0    1    1    0    0    0    1    0    0    0    0    0    0    0    0    0    0    1    0    1    0    0    0    0    0    1    0    0    0    0    0    0    0    0    0    0    0    0    0    0    0    0    0    0    1    0    0    0    0    0    0    0    0    0    0    0    0    0    0    0    0    0    1    0    0    0    0    0    0    0    0    0    0    0    1    0    0    0    0    0    0    0    0    0    0    1    1    0    0    1    1    0    0    1    0    0    1    0    0    0    0    0    0    0    0    0    0    0    0    0    0    0    0    0    0    0    0    0    0    0    0    0    0    0    1    0    0    0    0    0    1    0    0    0    0    0    0    0    0    0    0    0    0    0    0    0    0    0    0    0    0    0    0    0    0    0    0    1    0    0    0    0    0    0    0    0    0    0    0    0    0    0    0    0    0    0    0    0    0    1    0    0    0    0    0    0    0    0    0    0    0    0    0    0    0    0    0    
50    0.505862    0.320302    1    0    0    0    0    0    1    0    0    1    0    0    0    1    0    0    0    0    0    0    0    0    0    0    1    0    0    0    0    0    0    0    0    1    0    0    0    0    1    0    0    0    1    1    1    1    0    0    0    0    0    0    0    0    0    0    0    0    0    0    0    0    1    0    0    0    0    1    0    0    0    1    0    0    0    1    0    0    0    0    0    0    0    0    0    0    0    0    0    0    0    1    1    0    0    0    0    1    0    0    0    0    0    0    0    0    0    1    0    0    1    0    0    0    0    0    0    0    0    0    1    0    0    0    0    0    0    0    0    0    0    1    0    0    0    0    0    0    0    0    0    0    0    0    0    0    0    0    1    0    0    0    0    0    0    0    1    0    0    0    0    0    0    0    0    0    0    0    0    0    0    0    0    0    0    0    0    0    0    0    0    0    0    0    0    0    0    0    0    0    0    0    0    0    0    0    0    0    0    1    
50    0.51881    0.787484    1    0    0    0    0    0    1    0    0    1    0    1    1    0    1    0    0    1    0    1    0    1    0    0    0    0    1    1    1    1    0    1    1    1    0    0    0    1    1    1    1    0    0    1    0    0    0    0    1    0    0    1    1    1    0    0    1    1    1    0    1    1    1    1    1    0    0    0    1    0    1    1    0    0    0    0    0    1    0    1    0    0    0    0    0    1    1    1    0    0    1    0    1    1    1    0    0    0    0    0    1    0    0    0    1    0    0    0    1    0    0    0    0    0    1    0    0    0    1    1    1    0    0    0    1    0    1    0    0    0    1    0    0    0    0    0    0    0    0    0    1    0    0    0    0    0    1    1    0    0    0    0    0    0    1    1    0    0    0    0    0    0    0    0    0    0    0    0    0    0    0    0    0    0    1    0    0    0    0    0    1    0    0    1    0    0    0    0    0    0    0    0    0    1    1    0    0    0    0    0    
50    0.204241    0.0362787    0    0    0    0    0    0    0    0    0    0    0    0    0    0    1    0    0    0    0    0    0    0    0    0    0    0    0    1    0    0    0    0    0    0    1    0    1    0    1    0    0    0    0    0    0    0    0    1    0    0    0    0    1    0    0    0    0    0    0    0    0    0    0    0    0    0    0    0    0    0    0    0    0    0    0    0    0    0    0    0    0    0    0    1    0    0    0    1    0    0    0    0    0    1    0    0    0    1    0    0    0    0    0    0    0    0    0    0    0    0    0    0    0    0    0    0    0    0    0    0    0    0    0    0    0    0    0    0    1    0    0    0    0    0    0    0    0    0    0    0    0    0    0    0    0    0    0    0    0    0    0    0    0    0    0    0    0    0    0    0    0    0    0    0    0    0    0    0    0    0    0    0    0    0    0    0    0    0    0    0    0    0    0    0    0    0    0    0    0    0    0    0    0    0    0    0    0    0    0    0    
50    0.680391    0.907068    0    0    0    1    1    0    0    0    0    0    0    0    0    0    0    0    0    0    0    1    1    0    0    0    0    0    0    1    0    0    1    1    0    1    0    1    0    0    1    0    0    0    0    0    0    1    0    0    1    0    0    0    0    0    0    0    1    0    0    0    0    0    0    0    0    0    1    0    0    0    0    0    1    1    0    0    1    1    1    0    0    0    0    0    0    0    0    0    0    0    1    0    0    0    0    0    0    0    0    0    0    0    0    0    0    0    0    0    0    0    0    0    0    0    0    0    0    0    0    0    0    0    0    0    0    0    0    0    0    0    0    0    0    0    0    0    0    0    0    0    0    0    0    0    0    0    0    0    0    0    0    0    0    0    0    1    0    0    0    0    0    0    0    0    0    0    0    0    0    0    0    0    0    0    0    0    0    0    0    0    0    0    0    0    0    0    0    0    1    1    0    0    0    0    0    0    0    1    0    0    
50    0.86508    0.618403    1    0    1    0    0    0    1    1    1    1    0    0    0    0    1    1    0    0    0    1    0    0    0    0    1    0    0    0    0    0    1    0    0    1    0    0    0    0    1    0    1    1    0    0    1    1    0    0    0    1    0    0    1    0    1    0    0    0    0    1    0    0    0    1    1    0    0    1    1    1    0    0    1    0    0    0    0    0    0    0    1    0    0    0    1    0    0    1    0    0    0    0    0    0    1    0    1    1    0    1    1    0    0    0    0    0    0    0    0    0    0    0    0    0    0    1    0    0    0    0    0    0    0    1    0    0    1    0    1    0    0    0    0    0    0    0    0    0    0    0    0    0    0    1    1    0    0    0    0    0    0    0    0    0    0    0    0    0    0    0    0    0    0    0    0    0    1    0    0    0    0    0    0    0    0    0    0    0    0    0    0    0    1    0    0    0    0    0    0    0    0    1    0    0    0    1    1    0    0    0    
50    0.951634    0.418471    0    0    0    0    1    0    0    0    0    1    1    0    0    0    0    0    1    0    1    0    0    0    0    0    0    1    0    0    0    0    1    0    0    0    0    1    0    0    0    1    0    0    0    0    0    0    1    0    0    0    0    0    0    0    0    0    0    1    1    0    0    1    0    0    1    0    0    0    1    0    1    0    0    1    0    0    0    0    0    0    1    1    0    0    0    0    1    0    0    0    0    0    1    1    1    0    1    0    0    0    0    0    0    0    0    0    0    0    0    0    0    0    0    0    0    0    0    0    0    0    0    0    0    0    0    0    0    0    0    0    0    0    0    0    0    0    0    0    0    0    0    0    0    0    0    0    0    0    0    0    0    0    0    1    1    0    0    0    0    0    0    0    0    0    0    0    0    0    0    0    0    0    0    1    1    0    0    0    0    0    0    0    0    0    0    0    1    0    0    0    0    0    0    1    0    0    0    1    0    0    
100    0.234761    0.500882    0    1    0    1    0    1    0    0    1    0    1    1    1    1    0    0    1    0    1    0    0    0    0    0    0    1    0    0    0    0    0    0    0    0    0    1    0    1    0    0    0    0    0    0    0    1    1    1    0    0    0    0    0    1    0    0    0    1    1    0    0    1    0    1    1    1    0    0    0    0    1    0    0    0    0    0    0    0    1    0    0    0    0    0    1    0    0    0    1    0    0    1    0    0    1    0    1    0    0    1    0    1    0    0    0    1    0    0    0    0    0    0    0    0    0    0    1    0    0    0    0    0    0    0    0    0    0    0    0    0    1    0    0    1    0    0    0    0    0    0    0    0    0    0    0    0    0    0    0    0    0    1    0    1    0    0    0    0    0    0    0    1    0    0    0    0    0    0    1    0    0    0    0    0    0    1    0    0    0    0    0    0    0    0    1    0    0    0    0    0    0    0    0    0    0    0    0    0    0    0    
100    0.882222    0.0636748    0    0    1    0    0    0    0    0    0    0    0    0    0    0    0    0    0    0    1    0    0    0    0    0    1    0    0    0    0    0    0    0    0    0    0    1    0    0    0    0    0    0    0    0    1    0    0    0    0    0    0    0    0    0    1    0    0    0    0    0    0    0    0    0    0    0    0    0    0    0    0    0    0    0    0    0    0    0    0    1    0    0    0    0    0    0    0    0    0    0    0    0    0    0    0    0    0    0    0    0    0    0    0    0    0    0    0    0    0    0    0    0    0    0    0    0    0    0    0    0    0    0    0    0    0    0    0    0    0    0    0    0    0    0    0    0    0    0    0    0    0    0    0    0    0    0    0    0    0    0    0    0    0    0    1    0    0    0    0    0    0    0    0    0    0    0    0    0    0    0    0    0    0    0    0    0    0    0    0    0    0    0    0    0    0    0    0    0    0    0    0    0    0    0    0    0    0    0    0    0    
100    0.0743221    0.979482    0    0    0    0    0    0    1    0    0    1    0    0    0    1    0    0    0    0    0    1    0    0    0    0    1    0    0    0    0    0    0    0    0    0    0    0    0    1    0    0    0    0    0    0    0    1    0    0    0    0    0    0    0    0    0    0    0    1    1    0    0    0    0    1    0    0    0    0    0    0    0    1    1    1    0    0    0    1    0    0    0    0    0    0    0    0    0    0    1    0    0    0    0    0    0    0    0    0    0    0    0    0    0    0    0    0    0    0    0    0    0    0    0    0    0    0    0    0    0    0    0    0    0    0    0    0    0    0    1    0    0    0    0    0    0    0    0    0    0    0    0    0    0    0    0    0    0    0    0    0    0    0    0    0    0    0    0    0    0    1    1    0    0    0    0    0    0    0    0    0    0    0    0    0    0    0    0    0    0    0    0    0    0    0    0    0    0    0    0    0    0    0    0    0    0    0    0    0    0    0    
100    0.503365    0.206729    0    1    0    0    0    0    1    0    0    0    1    0    0    1    0    0    0    1    1    1    0    0    0    0    0    0    0    0    0    0    0    0    0    0    1    0    0    0    0    1    1    0    0    0    0    0    0    0    1    0    0    0    1    0    1    1    0    1    0    0    0    0    0    0    0    0    0    0    1    1    0    0    0    0    0    0    0    0    0    0    0    0    0    0    0    0    0    0    0    0    0    0    0    0    0    0    0    0    0    0    0    0    0    0    0    0    0    0    0    0    0    0    0    0    0    0    0    0    0    0    0    0    0    0    0    0    0    0    1    0    0    0    0    0    0    0    0    0    0    0    0    0    0    0    0    0    0    0    0    0    0    0    0    0    0    0    0    0    0    0    0    0    0    0    0    0    0    0    0    0    0    0    0    0    0    0    0    0    0    0    0    0    0    0    0    0    0    0    0    0    0    0    0    0    0    0    0    0    0    0    
100    0.037134    0.834493    0    0    0    0    0    1    0    0    0    0    0    0    0    0    1    0    0    0    0    0    0    0    0    0    0    0    0    1    0    0    0    0    0    0    0    0    1    0    1    0    0    0    0    1    1    1    0    1    0    0    0    0    0    0    1    1    1    0    0    0    0    1    0    0    1    1    0    0    0    0    0    0    0    0    0    1    0    0    0    0    0    0    0    1    1    0    0    1    1    1    0    0    0    0    0    0    0    1    0    0    0    0    0    0    0    0    0    0    0    0    0    0    0    0    0    0    0    0    0    0    0    0    0    0    0    0    0    0    0    0    0    0    0    0    0    0    0    0    0    0    0    0    0    0    0    0    0    0    0    0    0    0    1    0    1    0    1    0    0    0    0    0    0    0    0    0    0    0    0    0    1    0    0    0    0    0    0    0    0    0    0    0    0    1    0    0    0    0    0    0    0    0    0    0    0    0    0    0    0    0    
100    0.201059    0.936675    0    0    0    0    0    0    0    0    0    1    0    0    0    0    0    1    0    0    0    0    0    0    0    0    0    0    1    0    0    0    0    0    1    0    0    0    0    0    0    0    0    0    0    0    0    0    0    1    0    0    0    0    1    0    0    0    1    0    1    0    0    0    1    0    0    0    0    0    0    0    1    0    0    0    0    0    1    0    0    0    0    0    1    0    0    0    0    1    0    0    0    0    0    0    0    0    0    0    0    0    0    0    0    0    0    0    0    0    0    0    0    0    0    0    0    0    0    0    0    0    0    0    0    0    0    0    0    0    0    0    0    0    0    0    0    0    0    0    1    0    0    0    0    0    0    0    0    0    0    0    0    0    0    0    0    0    0    0    0    1    0    0    0    0    0    0    0    0    1    0    0    0    0    0    0    0    0    0    0    0    0    0    0    0    0    0    0    0    0    0    0    0    0    0    0    0    0    0    0    0    
100    0.760592    0.800233    0    0    0    0    0    0    0    0    1    0    0    0    0    0    0    0    1    0    0    0    0    1    0    1    0    1    0    0    0    0    1    0    0    0    1    0    0    0    0    0    0    0    0    1    0    0    0    0    0    1    0    0    1    0    0    0    1    0    0    0    0    0    0    0    0    0    0    0    0    0    0    0    0    1    1    0    0    0    0    0    0    0    0    0    0    0    0    1    0    0    0    0    0    1    0    1    0    0    0    1    0    0    0    0    0    0    0    0    0    0    0    0    0    0    0    0    1    0    0    0    0    0    0    0    0    0    0    0    0    0    0    0    0    0    0    0    0    0    0    0    0    0    0    0    1    1    0    0    0    0    0    0    0    0    0    0    0    0    0    1    0    0    0    0    0    0    0    0    0    0    0    0    0    0    0    0    0    0    0    0    1    0    0    0    0    0    0    0    0    0    0    1    0    0    0    0    0    0    0    0    
100    0.350947    0.709121    0    1    1    0    1    1    1    0    1    0    1    0    1    0    0    0    0    0    0    0    0    0    0    0    0    0    0    1    0    0    0    0    0    1    0    0    0    0    1    1    1    0    1    0    0    0    1    0    0    0    1    0    0    0    1    1    0    0    0    1    0    1    0    1    1    1    0    0    0    1    1    1    0    0    1    1    0    0    1    1    0    1    0    1    0    0    0    0    1    0    1    0    0    1    1    0    0    0    1    0    1    0    0    0    0    0    0    0    0    0    0    0    0    0    1    0    0    1    0    0    0    0    0    0    0    0    0    0    0    0    1    0    0    0    0    0    0    0    0    0    0    0    0    0    0    0    0    0    0    0    0    0    0    0    0    0    1    0    0    0    0    0    0    1    0    0    0    0    0    0    0    0    0    1    1    0    0    0    0    0    0    0    0    0    0    0    0    0    0    0    0    0    0    0    0    0    0    0    0    0    
100    0.515481    0.784856    0    1    0    0    0    1    0    0    1    1    0    1    0    1    0    0    0    0    1    1    0    0    0    0    0    0    1    0    0    0    0    0    0    0    0    1    1    1    1    1    0    1    1    0    1    0    0    1    1    0    1    0    1    0    0    0    0    0    0    0    1    0    0    0    0    1    1    1    0    0    0    0    1    0    0    0    1    0    1    1    0    1    0    1    0    1    0    0    0    1    1    0    0    0    1    0    1    0    0    0    1    0    0    0    0    0    1    0    0    0    0    0    0    0    0    0    1    0    0    0    0    0    0    0    0    1    0    0    0    0    1    0    0    0    0    0    1    0    0    1    0    0    0    0    0    1    0    0    0    0    0    0    0    0    0    0    0    0    0    1    1    1    0    0    0    0    0    0    0    0    0    0    0    0    1    0    1    0    0    0    0    0    0    0    0    0    0    0    0    0    0    1    0    0    0    0    0    0    0    0    
100    0.364198    0.448319    0    1    0    0    1    1    0    0    0    0    1    0    0    0    0    1    1    1    0    0    0    0    0    0    0    0    0    0    0    0    0    0    1    0    0    1    0    1    0    1    0    0    1    0    0    1    1    1    1    0    0    1    0    0    1    1    0    1    0    0    1    0    0    0    0    0    0    0    0    0    0    0    1    0    0    0    0    0    1    0    0    1    1    0    0    0    0    0    1    0    1    0    0    1    0    0    0    1    0    0    0    0    0    0    0    0    1    0    0    0    0    0    0    0    0    0    0    0    0    0    0    0    0    0    0    0    0    0    1    0    0    0    0    0    0    0    0    1    0    0    0    0    0    0    0    0    0    0    0    0    0    1    0    0    1    0    0    0    0    0    0    0    1    0    1    0    1    0    0    0    0    0    0    0    0    0    0    0    0    0    0    0    0    0    0    0    0    0    0    0    0    0    0    0    0    0    0    0    0    0    
100    0.921556    0.72484    0    0    0    0    0    0    0    0    0    0    0    0    0    0    1    0    1    0    0    0    1    1    0    0    1    0    0    1    0    0    1    0    0    0    0    0    0    0    0    1    0    0    0    1    0    0    0    1    0    0    1    0    0    1    0    0    1    0    0    0    0    0    0    0    0    0    0    0    0    0    1    0    0    1    0    0    0    1    0    0    1    0    0    0    0    0    0    1    1    0    0    0    0    1    1    0    1    0    0    1    0    0    0    0    0    0    0    0    0    0    0    0    0    1    0    0    0    0    0    0    0    0    0    0    0    0    0    0    0    0    0    0    0    0    0    0    0    0    0    0    0    0    0    0    0    1    0    0    0    0    0    0    0    0    0    0    1    0    0    0    0    0    0    0    0    0    0    0    0    0    0    0    0    0    0    0    0    0    0    0    0    1    0    1    0    0    0    0    0    0    0    0    0    0    0    0    0    0    0    0    
100    0.517827    0.400737    0    0    0    0    0    0    0    0    1    0    0    0    0    1    0    0    0    1    0    0    0    0    0    1    0    1    0    1    0    1    0    0    0    0    0    0    1    1    0    0    0    0    0    0    1    0    0    0    0    0    0    1    0    0    0    1    1    1    0    1    0    0    0    0    0    0    0    0    0    0    0    0    0    1    1    0    1    0    1    0    1    1    1    0    0    0    0    0    0    0    0    0    0    0    0    1    0    0    0    1    0    0    0    0    0    0    0    0    0    0    0    0    0    0    0    0    0    1    0    0    0    0    0    0    0    0    1    0    0    0    0    0    0    0    0    0    0    0    0    0    0    0    0    0    0    0    0    0    0    0    0    0    0    0    0    0    0    0    0    0    0    0    0    0    0    0    1    0    0    0    0    0    0    0    1    0    0    0    0    0    0    0    0    0    0    0    0    0    0    0    0    0    0    0    0    0    0    0    0    0    
100    0.556398    0.90212    0    1    1    0    0    1    0    1    0    1    1    0    0    1    0    0    0    0    0    0    1    1    0    1    0    0    0    0    0    0    0    0    1    0    1    0    1    0    1    1    0    0    0    0    1    0    0    0    0    0    1    0    0    0    1    0    0    0    0    0    0    0    0    0    0    1    1    0    0    1    0    0    0    0    0    1    0    0    1    1    0    1    0    0    0    0    0    0    0    1    0    0    1    1    1    1    0    0    1    1    0    0    0    0    0    0    0    0    0    1    0    0    0    0    0    0    1    0    0    0    0    0    0    0    0    1    0    0    0    0    1    0    0    0    0    0    0    1    0    0    0    0    0    0    0    0    0    0    0    0    0    0    0    1    0    0    0    0    0    0    0    0    1    0    0    0    0    0    0    0    0    0    0    0    0    1    0    0    0    0    0    0    0    1    0    1    0    1    0    0    0    0    0    0    0    0    0    1    0    0    
100    0.121067    0.332377    0    0    0    0    1    0    0    0    0    0    1    0    0    1    0    0    0    0    0    0    0    0    0    0    1    0    0    0    0    0    1    0    0    0    0    0    0    0    1    0    0    0    1    0    0    0    0    0    1    0    0    1    0    0    0    1    0    1    0    0    0    1    0    0    0    0    0    0    0    0    0    0    1    0    0    0    0    0    1    0    0    1    1    1    1    1    0    0    1    0    0    1    1    0    0    0    1    0    1    0    0    0    0    0    0    0    0    0    0    0    0    0    0    0    0    0    0    1    0    0    0    0    0    1    0    0    0    0    0    0    0    0    0    0    0    0    0    1    0    0    0    0    0    1    0    0    0    0    0    0    0    1    0    0    0    0    0    0    0    0    0    0    0    0    0    0    0    0    0    0    1    0    0    0    0    1    0    0    0    0    0    0    0    0    0    0    0    0    0    0    0    0    0    0    0    0    0    0    0    0    
100    0.56249    0.663463    0    0    0    0    1    1    1    0    0    1    0    1    0    1    0    0    0    0    1    0    0    0    0    1    0    0    0    0    0    1    1    0    0    0    0    0    1    1    0    1    0    0    1    0    1    0    0    1    0    0    1    0    0    1    0    0    0    1    0    0    1    1    0    0    1    1    0    1    1    1    1    1    0    0    0    0    1    1    0    1    0    1    0    1    1    0    0    0    1    0    1    0    1    1    0    0    1    0    0    0    0    0    0    0    0    0    0    0    0    0    0    0    0    1    1    1    0    0    0    0    0    0    0    0    0    0    0    1    0    0    1    0    0    0    0    0    0    1    1    0    0    0    0    0    0    0    0    0    0    0    0    0    0    0    0    0    0    0    0    1    0    0    1    0    0    0    0    0    0    0    0    0    1    0    0    0    0    0    1    0    0    0    1    0    0    0    0    0    1    0    0    1    0    0    0    0    0    0    0    0    
100    0.802927    0.928606    1    0    0    0    0    0    0    0    0    0    0    0    0    0    0    0    0    0    1    0    0    1    0    0    0    1    0    0    0    0    0    0    0    0    1    0    0    0    1    1    0    0    0    0    1    0    0    0    1    1    0    0    1    0    0    0    1    0    0    0    0    0    0    0    0    0    0    0    0    0    0    0    0    1    1    0    0    0    1    0    0    0    0    0    0    0    0    0    1    0    0    0    0    0    0    1    0    0    0    0    0    0    0    0    0    0    0    0    0    0    0    1    0    0    0    0    0    0    0    0    0    1    0    0    0    0    0    0    0    0    0    0    0    0    0    0    0    0    0    0    0    0    0    0    1    0    0    0    0    0    0    0    0    0    0    0    0    0    0    0    0    0    0    0    0    0    0    0    0    0    0    0    0    0    0    0    0    0    0    0    0    0    0    0    0    0    0    0    0    0    0    0    0    0    0    0    0    0    0    0    
100    0.179094    0.557224    0    0    0    0    0    0    0    0    1    1    0    1    0    0    1    0    1    0    0    0    0    1    0    0    0    0    0    0    0    0    1    0    0    0    0    1    0    0    0    0    0    0    1    1    1    1    0    0    1    1    0    1    0    1    1    1    1    0    0    0    0    0    0    1    0    1    0    0    1    1    1    1    0    0    0    1    0    1    0    0    0    0    0    0    1    0    0    0    1    0    0    0    1    0    1    0    1    1    0    0    0    0    0    0    0    0    0    0    0    1    0    0    0    0    1    0    0    0    0    0    0    0    0    0    0    0    0    0    1    0    0    0    0    0    0    0    0    0    1    0    0    0    1    0    0    0    0    0    0    0    1    0    0    0    0    0    0    0    0    0    0    0    0    0    0    0    1    0    0    0    0    0    0    1    0    0    0    0    0    0    0    0    0    0    1    0    0    0    0    0    0    1    0    0    1    1    0    0    0    0    
100    0.661664    0.674009    0    1    0    0    1    0    1    0    1    1    1    1    1    0    0    0    0    0    0    0    1    0    0    1    0    0    0    1    0    1    1    1    1    1    0    0    1    0    0    1    0    1    0    0    0    0    1    0    0    0    0    0    0    1    1    1    0    0    0    0    0    0    0    0    0    0    1    1    1    0    0    0    0    1    0    0    0    0    0    1    0    0    0    1    0    0    0    0    1    0    0    0    1    0    0    1    0    0    1    1    0    0    0    0    0    0    0    0    0    1    0    0    0    0    0    0    0    1    0    0    0    0    0    0    0    1    1    1    0    0    0    0    0    1    0    0    0    0    0    0    0    0    0    0    1    0    0    0    0    0    0    0    0    0    0    0    0    0    0    0    0    1    0    0    0    0    1    0    0    0    0    0    0    0    0    0    0    0    0    0    0    0    0    0    0    0    0    0    0    0    0    0    0    0    0    0    0    1    0    0    
100    0.0753431    0.268071    0    1    1    0    0    0    0    0    0    0    1    0    0    0    0    0    1    1    0    0    0    0    0    1    0    0    0    0    0    0    0    0    0    0    0    1    0    0    1    0    0    0    1    0    0    0    0    1    0    0    0    0    0    0    0    0    0    0    0    0    0    1    0    0    0    1    0    0    1    0    0    0    0    0    1    0    0    1    0    0    0    0    0    0    0    0    0    0    1    0    0    0    0    0    0    0    0    0    0    0    0    0    0    0    0    0    0    0    0    0    0    0    0    0    0    0    0    0    0    0    0    0    0    0    0    0    0    0    0    0    0    0    0    0    0    0    0    0    0    0    0    0    0    0    0    0    0    0    0    0    0    0    0    0    0    0    0    0    0    0    0    0    0    0    0    0    0    0    0    0    0    0    0    0    0    0    0    0    0    0    0    0    0    0    0    0    0    0    0    0    0    0    0    0    0    0    0    0    0    0    
100    0.679116    0.174941    0    0    0    0    0    0    0    0    0    0    0    0    0    0    0    0    0    0    0    0    0    0    0    0    0    0    0    0    0    0    0    0    0    0    0    0    0    0    0    0    0    0    0    0    0    0    0    0    1    0    0    0    0    0    0    0    0    1    0    0    0    0    0    0    0    0    0    0    1    0    0    0    0    0    0    0    1    0    0    0    0    0    0    0    0    0    0    0    0    0    0    0    0    0    0    0    0    0    0    0    0    0    0    0    0    0    0    0    0    0    0    0    0    0    0    0    0    0    0    0    0    0    0    0    0    0    0    0    0    0    0    0    0    0    0    0    0    0    0    0    0    0    0    0    0    0    0    0    0    0    0    0    0    0    0    0    0    0    0    0    0    0    0    0    0    0    0    0    0    0    0    0    0    0    0    0    0    0    0    0    0    0    0    0    0    0    0    0    0    0    0    0    0    0    0    0    0    0    0    0    
100    0.807798    0.80862    0    0    0    0    0    1    1    0    0    0    1    1    0    0    0    0    0    0    1    0    0    1    0    1    0    1    0    1    0    0    0    0    0    1    0    0    0    0    0    0    0    1    0    0    0    0    0    0    0    0    0    0    1    1    1    0    0    0    0    0    0    1    0    0    1    0    0    0    0    1    0    0    0    0    0    0    1    0    0    0    0    0    0    0    1    0    0    1    0    1    0    0    0    1    0    1    1    0    1    0    0    0    0    0    0    0    0    0    0    0    0    1    0    0    0    0    0    0    0    0    0    0    0    0    0    0    0    0    0    0    0    0    0    0    0    0    0    0    0    0    0    0    0    0    0    0    0    0    0    0    0    0    1    0    0    0    0    0    0    0    0    0    0    0    0    0    0    0    1    0    0    0    0    0    0    0    0    0    0    0    0    0    0    0    0    0    0    0    0    0    0    0    0    0    0    0    0    0    0    0    
100    0.836085    0.426923    0    0    0    0    0    1    1    1    0    0    0    0    0    0    0    1    0    0    1    0    1    0    0    0    0    0    0    0    1    0    0    0    0    0    0    0    0    0    0    0    0    0    0    0    0    1    1    0    0    0    0    0    0    0    0    0    0    0    0    0    0    0    0    0    0    0    0    0    0    0    0    0    0    0    1    0    0    0    0    1    0    0    0    0    0    0    1    0    0    0    0    0    0    0    0    0    0    0    0    0    0    0    0    0    0    0    0    0    0    1    0    0    0    0    0    0    0    0    0    0    0    0    0    0    0    0    0    0    0    0    0    0    0    0    0    0    0    0    0    0    0    0    0    0    0    0    0    0    0    0    0    0    0    0    0    0    0    0    0    0    0    0    0    0    0    0    0    0    0    0    0    0    0    1    0    0    0    0    0    0    0    0    0    0    0    0    0    0    0    0    0    0    0    0    0    0    0    0    0    0    
100    0.617186    0.956802    1    0    1    0    1    1    0    0    0    1    0    0    0    0    0    1    1    0    0    1    0    0    1    1    1    0    1    1    0    0    0    1    0    0    0    1    0    0    0    1    0    0    1    0    0    0    0    0    0    0    1    0    0    0    0    0    0    0    0    0    0    0    0    0    1    0    0    1    0    0    0    0    0    0    0    0    0    0    1    1    0    0    1    0    0    0    0    0    0    1    1    0    0    0    1    0    0    0    1    0    0    0    0    0    0    0    1    0    0    0    0    0    0    0    0    0    0    0    0    0    0    0    0    0    0    0    0    0    0    0    0    0    0    0    0    0    0    0    0    0    0    0    0    0    0    0    0    0    0    0    0    0    0    0    0    0    0    0    0    1    0    0    0    0    0    0    0    0    0    0    0    0    0    0    0    0    0    1    0    0    0    0    0    0    0    0    0    0    0    0    0    0    0    0    0    0    1    1    0    0    
100    0.069078    0.408632    0    0    0    0    1    1    1    0    0    0    0    0    1    1    0    1    1    1    1    0    1    1    0    1    0    0    1    0    0    0    0    0    0    1    0    1    1    1    0    1    0    1    0    0    0    0    0    1    0    1    0    1    0    1    0    0    0    1    0    0    0    1    0    0    0    0    0    0    1    0    1    1    0    1    1    1    0    1    0    0    0    0    1    1    0    0    0    0    1    0    0    0    0    0    0    0    0    0    0    0    1    0    0    0    0    0    1    0    1    0    0    1    0    0    1    0    0    0    0    0    0    0    0    0    0    0    0    0    0    0    0    0    0    0    0    0    0    0    0    0    0    0    0    0    0    1    0    0    0    0    0    0    0    0    0    0    0    0    0    0    0    0    1    0    0    0    0    0    0    0    0    0    1    0    0    0    0    0    0    0    0    0    0    0    1    0    0    0    0    0    0    0    0    0    0    0    0    0    0    0    
100    0.777982    0.137002    0    0    0    0    0    0    0    0    0    0    0    0    0    0    0    0    0    0    0    0    0    0    0    0    0    0    1    0    0    0    0    0    0    0    0    0    0    0    0    0    0    0    0    0    0    0    0    0    0    0    1    0    0    0    0    1    0    0    0    0    0    0    0    0    0    0    0    0    0    0    0    0    0    0    0    0    0    0    0    0    0    0    0    0    0    0    0    0    0    0    0    0    0    0    0    0    0    0    0    0    0    0    0    0    0    0    0    0    0    0    0    0    0    0    0    0    0    0    0    0    0    0    0    0    0    0    0    0    0    0    0    0    0    0    0    0    0    0    0    0    0    0    0    0    0    0    0    0    0    0    0    0    0    0    0    0    0    0    0    0    0    0    0    0    0    0    0    0    0    0    0    0    0    0    0    0    0    0    0    0    0    0    0    0    0    0    0    0    0    0    0    0    0    0    0    0    0    0    0    0    
100    0.758472    0.517626    0    0    0    0    0    0    0    0    0    0    0    0    0    1    0    0    1    0    0    1    0    1    0    0    0    0    1    1    0    0    0    1    1    0    0    0    0    0    0    0    0    0    1    0    1    1    1    1    0    0    0    0    1    0    0    0    0    0    0    0    0    0    0    0    0    0    0    0    0    0    0    1    0    0    0    0    0    1    1    1    1    0    0    0    0    0    0    1    0    0    1    0    1    0    1    0    0    0    0    1    0    0    0    0    0    0    0    0    0    0    0    0    0    0    1    1    0    0    0    0    0    0    0    0    0    0    0    0    0    0    0    0    0    0    0    0    0    0    0    0    0    0    0    0    1    0    0    0    0    0    0    1    0    0    0    0    1    0    0    1    0    1    0    0    0    0    0    0    1    0    0    0    0    0    0    0    0    1    0    0    0    1    1    0    0    0    0    0    0    0    0    1    0    0    0    0    0    0    0    0    
100    0.45235    0.805258    0    1    0    0    1    1    0    0    0    1    1    1    0    1    0    1    1    0    1    0    0    0    1    0    0    0    0    1    0    0    0    0    1    0    0    1    0    0    0    0    1    1    0    0    0    0    0    1    1    0    0    0    1    0    0    0    1    1    0    0    1    0    1    0    0    1    0    1    0    1    0    1    0    0    1    1    0    1    1    0    0    1    1    1    1    1    0    1    1    1    0    0    1    0    1    1    1    0    1    0    0    0    0    0    0    1    0    0    0    1    0    0    0    1    0    0    0    1    0    0    0    1    0    0    0    1    0    0    0    0    0    0    0    1    1    0    0    0    0    0    0    0    0    0    0    0    0    0    0    0    0    0    0    1    0    0    0    0    0    0    0    0    0    1    0    0    0    0    0    0    0    0    0    0    1    1    0    0    1    0    0    0    0    0    0    0    0    0    0    0    0    0    0    0    0    0    0    0    0    0    
100    0.339973    0.551818    0    1    0    0    1    0    0    0    0    1    0    0    0    1    1    0    0    1    0    0    1    1    1    0    1    0    0    1    1    0    1    0    1    0    0    1    0    1    1    1    1    0    0    0    0    1    1    1    1    0    0    0    0    0    1    1    1    0    0    1    0    0    0    1    0    0    0    0    0    0    0    1    1    0    1    0    0    0    1    0    0    1    1    1    0    0    0    0    1    0    0    0    0    1    0    0    1    0    0    0    1    0    0    0    0    0    0    0    0    0    0    0    0    0    0    0    0    0    0    0    0    0    0    0    0    0    0    0    0    0    0    1    0    0    0    0    0    0    0    0    0    0    0    0    1    0    0    0    0    0    0    0    0    0    1    0    0    0    0    0    0    0    0    0    0    0    0    0    0    0    0    0    0    0    1    0    0    0    0    0    0    0    0    0    0    1    0    0    0    0    0    0    0    0    1    0    0    0    0    0    
100    0.573574    0.662454    0    0    1    0    0    1    1    0    0    1    0    1    0    1    1    1    1    0    1    0    0    0    0    1    0    0    0    0    0    0    0    0    1    0    0    1    1    0    1    0    0    0    1    0    1    0    0    0    1    1    0    0    1    1    0    0    0    0    0    1    0    0    1    0    0    0    0    1    0    0    0    0    0    0    1    0    0    0    0    0    0    0    0    0    1    0    0    0    0    1    1    0    0    0    0    0    1    0    1    0    0    0    0    0    0    0    0    0    0    0    0    0    0    1    0    0    0    0    0    0    0    0    0    0    0    0    0    0    0    0    0    0    0    0    0    0    0    0    0    1    0    0    0    0    1    1    0    0    0    0    1    0    0    0    0    0    0    0    0    1    1    0    0    0    0    0    1    0    0    0    0    0    0    0    0    0    1    0    0    0    0    0    1    0    0    0    0    0    0    0    0    0    0    0    0    0    0    1    0    0    
100    0.383505    0.182353    1    0    0    0    0    1    0    0    0    0    0    0    0    0    0    0    0    0    0    0    1    0    0    0    1    0    0    0    0    0    0    0    0    0    1    0    0    0    0    0    0    0    1    0    0    0    0    0    0    0    0    0    0    1    1    0    0    1    0    0    0    0    0    0    0    0    0    0    0    0    0    1    1    0    0    0    0    0    0    0    0    1    0    0    0    0    1    0    0    0    0    0    0    0    1    0    1    0    0    0    0    0    0    0    0    0    0    0    0    0    0    0    0    0    0    0    0    0    0    0    0    0    0    0    0    0    0    0    0    0    0    0    0    0    0    0    0    0    0    0    0    0    0    0    0    0    0    0    0    0    0    0    0    0    0    0    0    0    0    0    0    0    0    0    0    0    0    0    0    0    0    0    0    0    0    0    0    0    0    0    0    0    0    0    0    0    0    0    0    0    0    0    0    0    0    0    0    0    0    0    
100    0.0255572    0.543376    0    0    0    0    0    0    0    0    0    1    0    0    1    1    0    0    0    0    1    0    0    1    0    1    1    0    0    0    0    0    1    1    0    0    0    0    0    1    0    0    0    0    0    1    0    1    0    1    0    0    0    1    0    0    1    0    1    1    0    1    0    0    1    0    0    1    0    0    1    1    1    1    1    1    0    0    0    0    0    0    1    0    0    0    1    0    0    1    1    0    0    1    0    1    0    0    1    1    0    1    0    0    0    1    0    0    0    0    1    1    0    0    0    1    0    0    0    0    0    0    0    0    0    0    0    0    0    0    0    0    0    0    0    0    0    0    0    0    0    0    0    0    0    0    1    0    0    0    0    0    0    0    0    0    0    0    0    0    0    1    0    0    0    0    0    0    1    0    1    0    0    0    0    0    0    0    0    0    1    0    0    0    0    0    1    0    0    1    0    0    0    0    0    0    0    0    0    0    0    0    
100    0.0997174    0.717845    0    1    0    1    1    0    0    0    0    0    1    0    1    0    1    0    1    0    0    0    0    1    0    0    0    0    0    0    0    0    0    0    0    0    1    0    0    0    0    0    0    0    1    1    0    0    0    1    0    0    0    0    0    0    0    0    1    1    0    0    0    0    0    1    1    0    0    0    0    0    0    0    0    0    0    1    0    1    0    0    1    0    0    0    1    0    0    1    1    1    0    1    0    0    1    0    1    1    0    0    0    0    0    0    0    1    0    0    0    0    0    0    0    0    0    0    0    0    0    0    0    0    0    0    0    0    0    0    0    0    0    0    0    0    0    0    0    0    1    0    0    0    0    0    0    0    0    0    0    0    1    0    0    0    0    0    0    0    0    0    1    0    0    0    0    0    0    0    0    0    0    0    0    0    1    0    0    0    0    0    0    0    0    0    0    0    0    0    1    0    0    1    0    0    0    0    0    0    0    0    
100    0.0937322    0.783576    0    0    0    1    1    1    0    0    0    0    0    0    0    0    0    0    0    0    0    0    0    1    0    0    0    0    0    0    0    0    0    1    0    0    1    0    1    0    0    0    0    0    1    0    0    0    1    0    1    0    0    1    1    0    0    0    1    0    1    0    0    0    0    1    0    0    0    0    0    0    0    0    1    1    0    0    1    1    0    0    1    0    0    0    0    0    1    1    0    0    1    0    0    1    1    0    0    0    0    0    0    0    0    0    0    0    0    0    0    0    0    0    0    1    0    0    0    0    0    0    0    0    0    0    0    0    0    0    1    0    0    0    0    0    0    0    0    0    0    0    0    0    0    0    0    0    0    0    0    0    0    0    0    0    0    0    0    0    0    1    1    0    0    0    0    0    0    0    0    0    0    0    0    1    0    0    0    0    0    0    0    0    0    0    0    0    0    0    1    0    0    0    0    0    0    0    0    0    0    0    
100    0.256354    0.349274    0    1    0    0    0    1    0    0    0    0    1    0    0    1    0    0    0    1    1    0    0    0    0    0    0    0    1    0    0    1    0    0    0    0    0    0    0    0    1    0    0    0    0    0    0    0    0    1    1    1    0    0    1    0    0    1    1    1    1    0    0    0    0    0    1    1    0    0    1    1    1    0    0    0    0    0    0    1    0    0    0    0    0    1    0    0    1    0    0    0    0    1    0    1    1    0    1    0    0    1    0    1    0    0    0    0    1    0    0    0    0    0    0    1    0    1    0    0    0    0    0    0    0    0    0    0    0    0    0    0    0    1    0    0    0    0    0    0    0    0    0    0    0    0    0    0    0    0    0    0    0    0    0    0    0    0    0    0    0    0    1    0    0    0    0    0    0    0    1    0    1    0    1    0    0    0    0    0    0    0    0    0    0    0    1    0    0    0    0    0    0    0    0    0    0    0    1    0    0    0    
100    0.832507    0.554757    0    1    0    1    0    1    0    1    1    0    0    0    1    1    0    0    1    0    0    0    0    1    1    1    1    0    0    1    0    0    1    0    1    0    0    0    1    0    0    1    0    0    0    1    0    0    0    0    1    0    0    1    1    0    0    0    0    0    0    0    0    1    0    0    0    0    0    0    0    1    0    0    0    1    0    1    0    1    0    0    0    0    0    0    1    0    1    1    1    0    0    0    0    1    0    0    0    1    1    0    0    0    0    0    0    0    0    0    0    0    0    0    0    0    0    0    0    0    0    0    0    0    0    0    0    0    0    0    0    0    0    0    0    0    0    0    0    0    0    0    0    0    0    0    1    0    0    0    0    0    1    0    0    0    0    0    0    0    0    0    0    0    0    0    0    0    0    0    0    0    0    0    0    0    0    0    0    0    0    0    0    0    0    0    0    0    0    0    0    1    0    0    0    0    0    0    0    0    0    0    
100    0.267436    0.66797    0    1    0    0    0    0    0    0    0    0    1    0    1    0    0    0    0    0    0    1    0    0    1    1    0    0    0    0    1    0    0    1    0    1    0    1    0    0    0    0    0    0    1    0    0    1    0    0    0    0    0    0    0    0    1    1    0    1    0    1    0    1    0    0    1    1    0    0    0    1    1    0    0    1    0    1    0    1    1    1    0    0    0    0    1    1    0    0    1    1    1    1    1    1    0    1    1    0    0    0    0    0    0    0    0    0    0    0    0    0    0    1    0    0    0    0    0    0    0    0    0    0    0    0    0    0    0    0    0    0    0    0    0    0    0    1    0    0    0    0    0    0    1    0    0    0    0    0    0    0    1    0    0    0    1    0    0    0    0    0    0    1    0    0    0    0    0    0    0    0    0    0    0    0    0    0    0    0    0    0    0    0    0    0    0    0    0    0    0    1    0    0    0    0    0    0    0    0    0    0    
100    0.640636    0.545588    0    0    0    0    0    1    0    0    0    0    0    1    0    0    1    0    1    0    0    0    0    0    0    1    0    0    0    1    0    0    0    0    1    0    0    1    1    0    0    0    0    0    1    0    1    1    0    0    0    0    0    0    1    0    0    0    1    0    0    1    0    0    1    0    0    0    0    1    1    0    0    0    0    0    1    1    0    1    1    0    0    0    1    1    0    1    0    0    0    1    0    0    0    0    1    1    1    0    1    0    0    0    0    0    0    0    0    0    0    0    0    0    0    0    0    0    0    0    0    0    0    0    0    0    0    0    0    0    0    0    0    0    0    0    0    0    0    0    0    0    0    0    0    0    0    0    0    0    0    0    1    0    0    0    0    0    0    0    0    0    0    0    0    0    0    0    0    0    0    0    0    0    1    0    0    0    1    0    1    0    0    0    0    0    0    0    0    0    0    0    0    0    0    0    0    0    0    1    0    0    
100    0.628343    0.615739    0    0    0    0    1    0    1    0    1    1    1    0    0    0    0    0    1    0    0    0    1    0    0    0    0    0    1    0    1    0    0    0    0    0    0    0    0    0    0    0    0    0    1    1    1    0    0    0    0    0    0    0    0    0    0    1    1    0    0    1    0    1    0    1    0    0    0    0    0    1    0    0    0    0    0    0    0    0    0    0    0    0    0    0    0    0    0    1    0    0    0    0    0    0    0    1    1    0    0    0    0    0    0    0    0    0    0    0    0    0    0    0    0    0    1    0    1    0    0    0    0    1    0    0    0    0    0    0    0    0    0    0    0    0    0    0    0    0    0    0    0    0    0    0    0    0    0    0    0    0    0    0    0    0    0    0    0    0    0    0    0    0    0    0    0    0    0    0    0    0    0    0    0    0    1    0    1    1    0    0    0    0    0    0    0    0    0    0    0    0    0    0    0    0    0    0    0    0    0    0    
100    0.112683    0.072739    0    1    0    0    0    0    0    0    0    0    0    0    0    1    0    0    1    0    0    0    0    0    0    1    0    1    0    0    0    0    0    0    0    0    0    1    0    0    0    0    0    0    1    0    0    0    0    0    0    0    0    0    0    0    0    1    0    0    1    0    1    1    0    0    0    0    0    0    0    0    0    0    0    0    0    1    0    1    0    0    1    0    0    0    0    0    0    0    0    1    0    0    0    0    0    0    0    0    0    0    0    0    0    0    0    0    0    0    0    0    0    0    0    0    0    0    0    0    0    0    0    0    0    0    0    0    0    0    0    0    0    0    0    0    0    0    0    0    0    0    0    0    0    0    0    0    0    0    0    0    0    0    0    0    0    0    0    0    0    0    0    0    0    0    0    0    0    0    0    0    1    0    0    0    0    0    0    0    0    0    0    0    0    0    0    0    0    0    0    0    0    0    0    0    0    0    0    0    0    0    
100    0.990329    0.95861    1    0    0    0    0    0    1    0    0    0    0    0    0    1    0    0    0    0    0    1    0    0    0    0    1    1    0    0    0    0    1    0    0    0    0    1    0    0    0    0    0    0    0    0    0    0    0    0    0    0    0    0    1    1    1    0    0    0    0    1    0    0    0    0    0    0    0    0    1    0    0    0    0    1    0    1    0    1    0    0    0    0    0    0    0    0    0    0    1    0    0    0    0    0    0    0    0    0    1    0    0    0    0    0    0    0    0    0    0    0    0    0    0    0    0    0    0    0    0    0    0    0    0    0    0    0    0    0    0    0    0    0    0    0    0    0    0    0    0    0    0    0    0    0    0    0    0    0    0    0    0    0    0    0    1    0    0    0    0    1    0    0    0    0    0    0    0    0    0    0    0    0    0    0    0    0    0    0    0    0    0    0    0    0    0    0    0    0    0    0    0    0    0    0    0    0    0    0    0    0    
100    0.438129    0.760247    0    0    1    0    1    1    1    0    0    0    1    1    1    1    1    0    0    0    1    1    0    1    0    1    0    1    0    1    0    1    0    1    0    0    1    0    0    0    1    1    1    0    1    1    0    0    1    0    0    0    1    0    0    1    0    1    0    1    0    1    0    1    0    1    0    1    0    1    0    0    1    1    1    1    1    1    0    0    0    0    0    0    0    1    1    1    0    0    0    1    1    0    0    1    1    0    1    0    1    1    0    0    0    0    0    1    1    0    0    0    0    0    1    0    0    0    0    0    0    0    0    1    0    0    0    0    0    0    0    0    0    0    0    1    0    1    1    0    0    0    0    0    0    0    0    1    0    0    0    0    0    0    0    0    0    0    0    0    0    0    1    0    1    0    0    0    0    0    0    1    0    0    0    0    1    0    0    0    0    0    0    0    0    1    0    0    0    0    0    0    0    0    0    0    0    0    0    0    0    0    
100    0.0879532    0.641341    0    1    0    0    0    0    1    0    0    1    0    0    0    0    0    0    1    1    0    0    0    0    0    1    1    0    0    0    0    0    1    0    0    0    0    0    0    0    1    0    1    0    1    1    1    0    1    0    1    0    0    0    0    0    0    1    1    0    0    0    0    0    0    0    1    1    0    0    0    0    1    0    1    0    0    0    1    0    1    0    0    0    0    0    0    0    1    1    0    0    1    0    0    0    1    0    1    1    0    0    0    0    0    0    0    0    0    0    0    0    0    0    0    0    0    0    0    1    0    0    0    0    0    0    0    0    0    0    1    0    0    0    0    0    0    0    0    0    0    0    0    0    0    0    0    0    0    0    0    0    0    0    0    1    1    0    0    0    0    0    0    0    0    0    0    0    1    0    0    0    0    0    0    0    0    0    0    0    0    0    0    0    1    0    0    0    0    0    1    0    0    0    0    0    0    0    0    0    0    0    
100    0.920064    0.689487    0    0    0    0    0    1    1    1    0    0    0    0    1    0    1    0    0    0    0    0    1    0    0    0    1    1    0    1    0    0    0    0    0    1    1    0    1    0    1    0    1    1    0    1    1    0    0    0    0    0    0    1    0    0    1    0    0    0    0    0    0    1    0    0    0    0    0    0    1    0    0    0    0    1    0    1    0    1    0    0    0    1    0    0    0    0    0    1    0    1    0    0    0    1    0    0    0    0    0    0    0    0    0    0    0    0    0    0    0    0    0    0    0    0    0    1    0    0    0    0    0    0    0    0    0    0    0    0    1    0    0    1    0    0    0    0    0    0    0    0    0    0    0    0    0    1    0    0    0    0    1    0    1    0    0    0    0    0    0    1    1    0    0    0    0    0    0    0    0    0    1    0    0    0    0    0    0    0    0    0    1    0    0    0    0    0    0    0    0    0    0    0    0    0    0    0    0    0    0    0    
100    0.583049    0.620738    0    0    0    0    1    0    0    0    0    1    0    0    1    0    1    0    1    0    0    1    0    0    1    1    0    0    0    0    0    0    0    0    0    1    1    0    1    0    1    0    0    0    1    0    0    0    0    1    1    1    1    0    0    0    0    0    0    0    0    0    0    0    0    1    0    1    1    1    1    1    0    0    0    0    0    1    0    0    0    0    0    0    0    1    0    0    1    0    1    0    1    0    1    0    0    1    1    0    0    0    0    0    0    0    0    1    0    0    0    0    0    0    0    0    0    0    0    0    0    0    0    0    0    0    0    0    0    0    0    0    0    0    0    0    0    0    0    0    0    0    0    0    0    0    0    0    0    0    0    0    0    0    0    0    0    0    1    0    0    0    0    0    0    0    0    0    1    0    0    0    0    0    0    0    0    0    0    1    0    0    0    0    0    0    0    0    0    0    0    0    0    0    0    0    0    0    0    0    0    0    
100    0.704554    0.0637192    0    0    1    0    0    0    0    0    0    0    0    0    0    0    0    0    0    0    0    1    0    0    1    0    1    0    1    0    0    0    0    0    1    0    0    1    0    0    0    0    0    0    1    0    1    0    0    0    1    0    1    0    1    1    0    0    1    0    0    0    0    0    0    0    0    0    0    0    0    0    0    0    0    0    0    0    1    0    0    0    0    0    0    0    0    0    1    0    0    0    0    0    0    1    0    0    1    0    0    0    0    0    0    0    0    0    0    0    0    0    0    0    0    0    0    0    0    0    0    0    0    0    0    0    0    0    0    0    0    0    0    0    0    0    0    0    0    0    0    0    0    0    0    0    0    0    0    0    0    0    0    0    0    0    0    0    0    0    0    0    0    0    0    0    0    0    0    0    0    0    0    0    0    0    0    0    0    1    0    0    0    0    0    1    0    0    0    0    0    0    0    0    0    0    0    0    1    0    0    0    
100    0.955134    0.542057    0    1    0    0    0    1    0    0    0    1    1    0    1    1    0    1    1    1    0    0    0    0    0    0    0    0    0    0    0    0    0    1    1    0    1    0    1    0    1    0    0    0    1    1    0    0    0    0    1    1    0    0    1    0    0    0    0    1    0    0    0    0    0    0    0    1    0    0    1    1    1    0    0    0    0    0    0    0    0    0    0    1    0    0    1    0    1    0    1    0    1    0    0    0    0    0    1    1    0    0    0    0    0    0    0    0    0    0    1    0    0    0    0    0    0    0    0    0    0    0    0    1    0    0    0    0    0    0    0    0    0    1    0    0    0    0    0    0    0    0    0    0    0    0    1    1    0    0    0    0    0    0    0    0    0    0    0    0    0    0    0    0    0    0    0    0    0    0    0    0    0    0    0    0    0    0    0    0    0    0    0    0    0    0    0    0    0    0    0    0    0    0    0    0    0    0    0    0    0    0    
100    0.420212    0.84662    1    1    1    0    1    0    0    0    0    0    0    1    0    0    0    0    0    0    1    1    0    0    0    0    0    1    0    0    1    0    0    0    0    0    1    1    0    0    0    0    0    1    1    1    0    0    0    0    0    0    1    0    1    0    1    0    1    1    0    1    1    0    0    1    0    1    0    1    0    1    0    0    0    1    0    0    1    0    0    0    0    1    1    0    0    1    0    0    0    0    0    1    1    1    0    0    0    0    0    1    0    0    0    0    0    0    0    0    0    1    0    0    0    0    0    0    0    0    0    1    0    0    0    0    0    0    0    0    0    0    0    0    0    0    1    0    0    0    0    1    0    0    0    0    0    1    0    0    0    0    0    0    0    1    0    0    1    0    0    0    1    0    0    0    0    0    0    0    0    0    0    0    0    1    0    0    0    0    0    0    0    0    1    0    0    0    0    0    0    0    0    0    0    0    0    0    0    0    0    0    
100    0.115972    0.868309    0    0    0    0    1    0    0    0    0    0    0    0    0    1    0    0    1    0    0    0    0    0    0    0    1    0    0    0    0    0    0    0    0    0    0    0    1    0    0    0    0    0    0    0    0    0    0    0    0    0    0    1    0    0    0    0    0    0    0    0    0    0    0    0    0    0    0    0    0    0    0    0    0    1    1    0    0    0    0    0    0    0    0    1    1    0    0    0    0    0    0    0    0    0    1    0    0    0    0    0    0    0    0    0    0    0    0    0    0    0    0    0    0    0    0    0    0    0    0    0    0    0    0    0    0    0    0    0    0    0    0    0    0    0    0    0    0    0    0    0    0    0    0    0    0    0    0    0    0    0    0    0    0    0    0    0    0    0    0    0    0    0    0    0    0    0    0    0    0    0    1    0    0    0    0    0    0    0    0    0    0    0    0    0    0    0    0    0    0    0    0    0    0    0    0    0    0    0    0    0    
100    0.518456    0.950821    0    0    1    0    1    0    0    0    0    1    0    0    0    0    0    0    0    0    0    1    1    1    0    0    0    1    1    0    0    0    1    0    0    1    1    1    1    0    1    0    0    1    1    0    0    0    0    0    1    0    1    0    0    0    0    0    1    0    0    0    0    0    0    0    0    0    0    1    0    0    0    0    0    1    1    0    0    0    1    1    0    0    0    0    0    0    0    0    1    0    0    0    1    1    0    0    0    0    1    0    0    0    0    1    0    0    0    0    0    0    0    1    0    0    0    0    0    0    0    0    0    0    0    0    0    0    0    1    0    0    1    0    0    0    0    0    1    1    0    1    0    0    0    0    0    0    0    0    0    0    0    0    0    1    0    0    0    0    0    0    0    0    0    0    0    0    0    0    0    0    0    0    0    0    0    1    0    0    0    0    0    0    0    1    0    0    0    0    0    0    0    0    0    0    0    0    0    0    0    0    
100    0.78133    0.68184    0    1    0    0    0    0    0    0    0    0    1    0    1    0    0    0    1    0    0    1    0    1    1    0    0    1    0    0    0    0    1    0    0    0    0    1    1    0    0    1    0    1    0    0    1    0    0    0    0    0    0    0    1    1    0    0    1    0    0    1    0    0    0    0    0    0    0    0    0    0    0    0    0    0    0    1    1    0    0    0    0    0    0    0    0    0    0    1    1    1    0    0    0    0    0    1    0    0    1    0    0    0    0    0    0    0    0    0    0    0    0    1    0    0    0    0    1    1    0    0    0    1    0    0    0    0    0    0    0    0    0    0    0    0    0    0    1    0    0    0    0    0    0    0    0    0    0    0    0    0    1    0    0    0    0    0    1    0    0    1    0    0    1    0    0    0    0    0    0    0    0    0    0    0    0    0    0    0    0    0    0    0    1    0    0    0    0    0    0    0    0    0    0    0    0    0    0    0    0    0    
100    0.513243    0.751045    1    0    1    0    1    1    1    0    1    0    0    0    0    0    1    0    1    0    1    1    0    1    1    1    1    0    1    0    0    1    0    0    1    0    1    0    0    0    0    0    1    0    0    1    1    0    0    0    1    1    1    0    1    0    0    1    0    0    0    1    1    0    0    1    1    1    0    0    0    0    0    0    1    1    1    1    0    1    0    1    0    1    1    0    0    0    0    0    0    1    0    0    1    0    0    1    0    0    0    0    0    0    0    0    0    0    0    0    0    1    0    0    1    0    0    0    1    0    0    0    0    0    0    0    0    0    0    0    0    0    0    0    0    1    0    1    0    1    0    0    0    0    0    0    0    0    0    0    0    0    1    0    0    0    0    0    0    0    0    0    0    0    1    0    0    0    0    0    0    0    0    0    0    0    0    0    1    0    0    0    0    0    1    0    0    0    0    0    1    0    0    0    0    0    0    0    0    0    0    0    
100    0.372472    0.367743    0    0    0    0    0    1    0    0    1    0    0    0    0    1    0    0    0    0    1    0    0    0    0    0    1    1    0    0    0    0    1    0    0    0    1    0    0    0    0    1    0    0    1    0    1    1    0    0    1    0    0    0    0    1    1    0    0    1    1    0    0    1    0    1    0    0    0    0    0    0    0    0    0    0    0    0    0    0    1    0    0    1    0    0    0    0    1    1    0    0    0    0    1    0    1    0    0    0    0    0    0    0    0    0    0    0    1    0    0    0    0    0    0    0    0    0    1    1    0    0    0    0    0    0    0    0    1    0    0    0    0    1    0    0    0    0    0    0    0    0    0    0    0    0    0    0    0    0    0    0    1    0    0    1    0    0    0    0    0    0    0    0    0    0    0    0    0    0    0    0    0    0    0    0    0    0    0    0    0    0    0    0    0    0    0    0    0    0    0    0    0    0    0    0    0    0    0    0    0    0    
100    0.321614    0.00896797    0    0    0    0    1    0    0    1    0    0    1    0    0    0    0    0    0    0    0    0    0    0    0    0    0    0    1    0    0    0    0    1    0    0    1    0    0    0    0    0    0    0    0    0    0    1    0    0    1    0    0    0    0    0    0    0    1    1    1    0    0    0    0    0    0    0    0    0    0    0    0    1    0    0    0    0    1    0    0    0    1    0    0    0    0    1    0    0    0    0    0    1    0    0    0    0    1    0    0    1    0    0    0    0    0    0    0    0    0    1    0    0    0    0    0    0    0    0    0    0    0    0    0    0    0    0    0    0    0    0    0    0    0    0    0    0    0    0    0    0    0    0    0    0    0    0    0    0    0    0    0    0    0    0    0    0    0    0    0    0    0    0    0    0    0    0    0    0    0    0    0    0    0    0    0    0    0    0    0    0    0    0    0    0    0    0    0    0    0    0    0    0    0    0    0    0    0    0    0    0    
100    0.564025    0.851495    0    0    0    0    1    1    0    0    0    1    0    0    0    0    0    0    1    0    0    0    1    1    1    1    0    1    0    1    0    1    0    1    0    0    1    0    0    0    0    1    0    0    1    0    1    0    0    0    1    0    0    0    0    1    0    0    1    1    0    1    1    0    0    0    1    1    0    0    0    1    0    1    1    0    0    0    0    0    0    1    0    1    0    0    0    1    0    0    1    0    0    0    1    1    0    1    1    0    0    0    1    0    0    0    0    1    0    0    0    0    0    1    0    1    0    0    0    0    0    0    0    0    0    0    0    0    0    0    0    0    1    0    0    0    0    0    1    0    0    0    0    0    0    0    0    0    0    0    0    0    0    1    0    0    0    0    1    0    0    1    0    0    0    0    0    0    0    0    0    0    0    0    0    0    0    0    0    0    0    0    0    0    0    0    0    0    0    0    0    0    0    0    0    0    0    0    0    1    0    0    
100    0.86157    0.485031    0    1    0    0    1    1    0    0    0    0    0    0    0    1    0    1    0    1    0    0    1    1    0    0    1    0    0    1    0    0    0    1    1    1    0    0    1    0    0    0    0    0    0    0    0    1    0    0    1    0    0    0    1    0    0    1    0    0    0    0    1    0    0    0    1    0    0    0    0    0    0    1    0    0    0    0    1    1    0    0    0    1    0    0    0    0    1    0    1    1    0    0    0    0    0    0    1    0    0    0    0    1    0    0    0    0    0    0    0    0    0    0    0    0    0    0    0    0    0    0    0    0    0    0    0    0    0    0    0    0    0    1    0    0    0    0    0    0    1    0    0    0    0    0    0    0    0    0    0    0    0    0    0    0    0    0    0    0    0    0    0    0    0    0    0    0    0    0    0    0    0    0    0    0    0    0    0    0    0    0    0    1    0    0    0    0    0    0    0    0    0    0    0    0    0    0    0    0    0    0    
100    0.639593    0.535792    0    0    0    0    0    0    0    0    0    1    1    0    0    0    1    0    0    0    0    0    0    0    0    1    0    0    1    1    0    1    0    0    0    0    1    0    0    0    0    1    0    0    0    0    1    0    0    0    1    0    1    0    0    1    1    0    1    0    0    0    0    0    1    0    0    0    0    0    0    0    0    0    0    0    0    0    0    0    1    0    0    0    0    0    1    0    0    1    0    0    0    0    0    0    0    1    0    0    0    0    0    0    0    0    0    0    0    0    1    0    0    0    0    0    0    0    0    0    0    0    0    0    0    0    0    1    0    0    0    0    0    0    0    0    0    0    0    0    0    0    0    0    0    0    0    0    0    0    0    0    0    0    0    0    0    0    0    0    0    1    0    0    0    0    0    0    0    0    0    0    0    0    1    0    0    0    1    0    0    0    0    0    0    0    0    0    0    0    0    0    0    0    0    0    0    0    0    0    0    0    
100    0.143955    0.767383    0    0    0    0    0    0    0    0    0    1    1    0    0    0    0    0    0    0    0    0    0    0    0    1    1    0    0    0    1    0    0    0    1    0    1    0    0    0    0    1    0    0    0    1    0    0    1    0    0    0    0    1    0    0    0    1    1    0    0    0    0    0    0    1    0    1    0    0    1    0    1    0    0    0    0    0    0    0    0    1    0    0    0    1    0    1    0    0    0    1    0    1    0    0    1    0    0    0    0    0    0    0    0    0    0    0    0    0    0    0    0    0    0    0    0    0    0    0    0    0    0    0    0    0    0    1    0    0    0    0    0    0    0    0    0    0    0    0    0    0    0    0    0    0    0    0    0    0    0    0    1    0    0    0    0    0    0    0    0    0    0    0    0    0    0    0    0    0    0    0    0    0    0    0    1    0    0    0    0    0    0    0    0    1    1    0    0    0    0    0    0    0    0    0    0    0    0    0    0    0    
100    0.631958    0.946289    0    1    0    0    0    0    0    0    0    1    0    0    0    0    0    0    0    0    0    1    0    1    1    1    0    0    0    0    1    0    0    0    1    0    1    1    0    0    0    0    0    0    0    0    0    0    0    0    1    0    0    0    0    1    0    1    1    0    0    1    1    0    1    0    0    0    0    1    0    0    0    0    0    1    0    0    1    1    0    1    0    1    1    1    0    0    0    0    1    1    0    0    1    1    0    0    0    0    1    0    0    0    0    0    0    1    0    0    0    1    0    0    0    0    0    0    0    0    0    0    0    0    0    0    0    0    0    0    0    0    1    0    0    0    0    0    0    0    0    0    0    0    0    0    0    0    0    0    0    0    0    0    0    0    0    0    1    0    0    0    0    0    0    0    0    0    0    0    0    0    0    0    0    0    0    0    0    1    1    0    0    0    0    0    0    0    0    1    0    0    0    0    0    0    0    0    0    0    0    0    
100    0.861877    0.443453    0    1    0    1    1    1    0    1    0    1    0    0    0    1    0    0    0    0    0    0    1    1    0    0    0    0    1    0    0    0    0    0    1    0    0    0    1    1    0    1    0    0    0    0    0    1    0    0    0    0    0    1    0    0    0    1    0    0    0    0    0    0    0    0    0    0    0    0    0    0    0    0    1    0    0    0    1    0    0    0    1    1    0    0    0    0    1    0    0    0    0    1    0    0    1    1    0    0    0    0    0    0    0    0    0    0    0    0    0    0    0    0    0    0    0    0    0    0    0    0    0    0    0    0    0    0    0    0    1    0    0    1    0    0    0    0    0    0    0    0    0    0    0    0    0    0    0    0    0    0    0    1    0    0    0    0    0    0    0    0    0    0    0    0    0    0    0    0    0    0    0    0    0    0    0    0    0    0    0    0    0    0    0    0    0    0    0    0    0    0    0    0    0    0    0    0    0    0    0    0    
100    0.167782    0.512653    0    0    0    0    1    0    1    1    0    1    0    0    1    0    0    0    0    1    1    0    0    0    0    1    1    0    0    1    0    0    0    0    0    1    0    0    0    0    0    0    0    0    1    0    1    0    1    1    1    0    0    0    0    0    0    1    0    1    1    0    0    0    0    1    0    1    0    1    0    0    0    0    1    0    0    0    0    1    0    0    0    0    1    1    1    1    0    1    0    0    1    0    0    1    1    0    1    0    1    0    0    0    0    0    0    0    0    0    0    0    1    0    0    0    1    1    0    0    0    0    0    0    0    0    0    0    0    0    0    0    0    0    0    0    0    0    0    0    0    0    0    0    0    0    0    0    0    0    0    0    1    0    0    0    0    0    1    0    0    1    0    1    0    0    0    0    1    0    0    0    0    0    0    0    0    0    0    0    1    0    0    0    0    0    0    0    0    1    0    1    0    1    0    0    0    0    0    0    0    0    
100    0.207493    0.423187    0    0    0    0    0    1    0    0    1    0    1    0    0    0    1    1    0    0    1    0    0    1    0    1    1    0    0    1    0    0    0    0    0    0    1    0    1    0    0    1    0    0    1    0    0    1    0    0    0    0    0    0    0    1    0    0    0    0    0    0    0    1    0    1    0    0    0    0    1    0    0    1    0    0    1    0    0    0    1    0    0    1    0    0    1    0    0    1    1    0    1    0    0    1    1    0    1    0    0    0    0    0    0    0    0    0    0    0    0    1    0    1    0    0    0    0    0    0    0    0    0    0    0    0    0    0    0    0    1    0    0    0    0    0    0    0    0    1    0    0    0    0    0    0    0    0    0    0    0    0    0    1    0    0    0    0    0    0    0    0    0    0    0    0    0    0    1    0    0    0    0    0    0    0    1    1    0    0    0    0    0    0    0    0    0    0    0    0    0    0    0    0    0    0    0    0    0    0    0    0    
100    0.641724    0.858386    1    1    0    0    1    0    0    0    1    1    1    1    0    1    0    1    0    0    1    0    0    1    0    1    0    0    0    0    0    0    0    1    0    1    0    0    0    0    0    1    0    1    1    0    0    0    0    0    1    0    1    0    0    0    1    1    1    0    0    0    0    1    1    0    1    0    0    0    1    0    0    0    1    1    0    0    0    1    0    1    0    0    1    0    0    1    1    1    1    1    0    0    0    0    0    1    0    0    1    0    0    0    0    0    0    0    0    0    0    0    0    0    1    0    0    0    0    0    0    0    0    0    0    0    0    0    0    0    0    0    1    0    0    0    0    0    0    0    0    0    0    0    0    0    1    0    0    0    0    0    0    0    0    0    0    0    0    0    0    0    1    0    0    0    0    0    0    0    1    0    0    0    0    0    0    0    0    0    0    0    0    0    1    0    0    0    0    0    0    0    0    1    0    0    0    0    0    1    0    0    
100    0.384914    0.732957    0    1    0    0    1    0    1    0    0    1    0    0    0    1    1    0    1    0    1    1    0    0    0    0    0    1    0    0    0    1    1    0    0    1    0    0    1    1    0    1    0    0    0    1    0    0    0    1    1    0    0    1    1    0    0    1    0    1    0    0    1    0    1    1    1    0    0    1    1    0    1    0    1    0    1    0    0    1    1    0    0    0    0    0    0    1    1    1    1    1    0    0    0    0    0    0    1    0    0    0    1    0    0    0    0    0    1    0    0    0    0    0    0    0    1    0    1    0    0    0    0    0    0    0    0    1    0    1    0    0    0    0    0    1    0    1    0    0    0    0    0    0    0    0    1    0    0    0    0    0    0    0    0    0    0    0    0    0    0    0    0    0    1    0    0    0    0    0    0    0    0    0    0    0    0    0    0    0    1    0    0    0    0    0    0    1    0    1    0    0    0    0    0    0    0    0    0    0    0    0    
100    0.203375    0.381141    0    0    0    0    0    1    0    0    0    1    0    0    0    0    0    1    0    0    0    0    0    1    0    0    0    0    1    1    0    1    1    0    0    0    0    1    0    0    1    0    0    0    0    1    0    1    1    1    0    0    0    0    0    1    0    1    0    0    0    0    0    1    0    0    0    1    0    0    0    0    0    1    0    0    1    0    0    0    1    0    0    1    0    1    0    0    0    1    0    0    1    1    0    1    1    0    0    0    0    1    1    0    0    0    0    0    0    0    0    0    0    0    0    0    0    0    0    0    0    0    0    0    0    0    0    0    0    0    1    0    0    0    0    0    0    0    0    0    0    0    0    0    0    0    0    1    0    0    0    0    1    0    0    0    0    0    0    0    0    0    0    0    0    0    0    0    0    0    0    0    0    0    0    1    0    0    0    0    0    0    0    0    0    0    1    0    0    0    0    0    0    1    0    0    0    0    1    0    0    0    
100    0.152883    0.972827    0    1    0    0    0    0    0    0    0    0    0    0    0    0    0    0    0    0    1    1    0    0    0    0    0    1    1    0    0    0    1    0    1    0    0    0    0    1    0    0    0    1    0    0    0    1    0    1    0    0    0    0    0    0    1    0    0    0    0    0    0    0    0    0    0    0    0    0    0    0    0    0    1    0    0    1    1    1    0    0    0    0    0    0    0    0    0    0    1    0    0    0    0    0    1    0    0    1    0    0    0    0    0    0    0    0    0    0    0    0    0    0    0    0    0    0    0    0    0    0    0    0    0    0    0    0    0    0    0    0    0    0    0    0    0    0    0    0    0    0    0    0    0    0    0    0    0    0    0    0    0    0    0    0    0    0    0    0    0    0    0    0    0    0    0    0    0    0    0    0    0    0    0    0    1    0    0    0    0    0    0    0    0    0    0    0    0    0    0    0    0    0    0    0    0    0    0    0    0    0    
100    0.387091    0.240522    0    1    0    0    0    0    1    0    1    0    1    0    0    0    0    0    0    0    0    0    0    0    0    0    0    0    0    0    0    1    1    0    0    0    1    0    0    0    0    0    0    0    1    0    1    1    0    0    0    0    0    0    0    0    0    0    1    1    0    0    0    0    0    0    0    0    0    0    0    0    0    0    0    0    0    0    0    0    1    0    0    0    0    0    0    0    0    0    0    0    1    0    0    0    1    0    0    0    0    0    0    0    0    0    0    0    0    0    0    0    0    0    0    0    0    0    0    0    0    0    0    0    0    0    0    0    0    0    0    0    0    0    0    0    0    0    0    0    0    0    0    0    0    0    0    0    0    0    0    0    0    1    0    0    0    0    0    0    0    0    0    0    0    0    0    0    0    0    0    0    0    0    0    0    0    0    0    0    0    0    0    0    0    0    0    0    0    0    0    0    0    0    0    0    1    0    0    0    0    0    
100    0.963472    0.606855    0    0    0    0    0    1    0    0    1    1    0    0    1    0    1    1    1    1    0    1    0    1    0    0    1    0    0    0    0    0    0    1    0    0    1    0    0    0    1    0    0    0    0    1    0    1    0    0    0    0    0    1    0    0    0    0    1    0    0    0    1    1    0    1    0    0    1    0    0    1    0    1    1    1    0    1    1    1    0    0    0    1    0    0    0    0    0    0    1    1    0    0    0    1    0    0    0    1    0    0    0    0    0    0    0    0    0    0    0    0    0    1    0    0    0    1    0    0    0    0    0    1    0    0    0    0    0    0    0    0    0    0    0    0    0    0    0    0    1    0    0    0    0    0    0    0    0    0    0    0    0    0    0    0    0    0    0    0    0    1    0    0    1    0    0    0    0    0    1    0    0    0    1    0    0    1    0    0    0    0    1    0    0    0    0    0    0    0    0    0    0    0    0    0    0    0    0    0    0    0    
100    0.884988    0.835992    0    0    0    0    0    0    0    0    0    0    1    0    0    0    1    0    1    0    0    0    0    1    0    0    0    1    0    0    0    0    0    0    0    0    0    0    0    0    0    1    0    0    0    0    1    0    0    0    0    0    0    0    1    0    0    0    1    0    0    0    0    1    0    0    0    0    0    0    0    1    1    0    0    1    0    1    0    0    0    0    0    0    0    0    0    0    0    1    0    0    0    0    0    0    0    1    0    0    0    0    0    0    0    0    0    0    0    0    0    0    0    0    0    0    0    0    0    0    0    0    0    1    0    0    0    0    0    0    0    0    0    0    0    0    0    0    0    0    0    0    0    0    0    0    0    0    0    0    0    0    0    0    0    0    0    0    0    0    0    0    0    0    0    0    0    0    0    0    0    0    0    0    0    0    0    0    0    0    0    0    0    0    0    0    0    0    0    0    0    0    0    0    0    0    0    0    0    0    0    0    
100    0.726794    0.186626    0    0    0    0    0    1    0    0    0    0    0    0    0    0    0    0    0    0    0    0    0    0    0    0    1    0    0    0    0    0    0    0    0    0    0    0    0    0    0    0    0    0    0    0    0    0    0    0    0    0    0    0    0    0    0    0    1    0    0    0    0    0    0    0    0    0    0    0    0    0    0    0    0    0    0    0    0    0    0    0    0    0    0    0    0    0    1    0    0    0    0    0    0    0    0    0    0    0    0    0    0    0    0    0    0    0    0    0    0    0    0    0    0    0    0    0    0    0    0    0    0    0    0    0    0    0    0    0    0    0    0    0    0    0    0    0    0    0    0    0    0    0    0    0    0    0    0    0    0    0    0    0    0    0    0    0    0    0    0    0    0    0    0    0    0    0    0    0    0    0    0    0    0    0    0    0    0    0    0    0    0    0    0    0    0    0    0    0    0    0    0    0    0    0    0    0    0    0    0    0    
100    0.943199    0.394918    0    1    0    1    0    0    0    0    0    0    1    0    1    0    0    1    1    1    1    0    0    0    0    0    0    0    1    0    0    0    0    0    0    0    0    1    0    0    0    0    0    0    0    0    0    0    0    0    1    0    0    0    1    0    0    1    0    0    0    0    0    0    0    0    0    0    0    0    0    0    0    1    0    1    0    1    0    0    0    0    0    1    1    0    1    0    0    0    1    1    0    1    0    0    1    1    1    1    1    0    0    0    0    0    0    0    0    0    0    0    0    1    0    0    0    0    0    0    0    0    0    1    0    0    0    0    0    0    0    0    0    0    0    0    0    0    0    0    0    0    0    0    0    1    1    0    0    0    0    0    0    1    0    0    0    0    0    0    0    0    0    0    0    0    0    0    0    0    1    1    1    0    0    1    1    0    0    0    0    0    0    1    0    0    0    0    0    0    0    0    0    0    0    0    0    0    0    0    0    0    
100    0.715438    0.263574    0    0    0    0    0    0    0    0    0    0    0    0    0    0    0    0    0    0    0    0    0    0    0    0    0    1    1    0    0    0    0    0    0    0    0    0    0    0    0    0    0    0    0    0    0    0    0    0    0    0    0    0    0    0    0    0    0    0    0    0    0    0    0    0    0    0    0    0    1    0    0    0    0    0    0    0    0    0    0    0    0    0    0    0    0    0    0    0    0    0    0    0    0    0    0    0    0    0    0    0    0    0    0    0    0    0    0    0    0    0    0    0    0    0    0    0    0    0    0    0    0    0    0    0    0    0    0    0    0    0    0    0    0    0    0    0    0    0    0    0    0    0    0    0    0    0    0    0    0    0    0    0    0    0    0    0    0    0    0    0    0    0    0    0    0    0    0    0    0    0    0    0    0    0    0    0    0    0    0    0    0    0    0    0    0    0    0    0    0    0    0    0    0    0    0    0    0    0    0    0    
100    0.169838    0.619657    1    1    0    1    0    0    1    0    0    0    0    0    1    0    0    0    0    0    0    0    0    1    0    1    1    0    0    0    0    0    1    0    1    1    0    1    0    0    0    1    0    1    1    0    0    0    0    1    0    0    0    1    0    1    0    0    0    1    0    0    0    0    0    1    0    1    0    0    0    0    0    0    0    0    1    0    0    1    1    1    0    1    1    1    1    0    1    1    0    1    0    0    0    1    0    0    1    0    0    0    0    0    0    0    0    0    0    0    0    0    0    0    0    0    0    0    0    0    0    0    0    0    0    0    0    0    1    0    0    0    0    0    0    0    0    0    0    0    0    0    0    0    0    0    0    0    0    0    0    0    0    0    0    1    0    0    1    0    0    0    0    0    0    0    0    0    0    0    0    0    0    0    0    0    0    0    0    0    0    0    0    0    0    0    0    0    0    0    0    0    0    0    0    0    0    0    0    1    0    0    
100    0.507053    0.767498    0    0    1    0    1    1    0    0    1    1    1    0    0    1    0    0    0    0    1    0    0    0    0    1    0    0    0    1    0    1    1    1    1    1    1    1    0    0    1    0    0    1    0    0    1    0    0    1    0    0    1    0    1    0    0    0    1    0    0    1    0    1    1    1    1    1    1    1    1    0    0    0    0    0    1    1    0    1    0    1    0    0    1    1    1    0    0    0    0    1    0    0    1    0    0    0    1    0    0    0    0    0    0    0    0    1    1    0    0    0    0    1    0    1    0    1    1    0    0    0    0    0    0    0    0    0    0    0    0    0    0    0    0    0    0    0    0    0    1    0    0    0    0    0    0    0    0    0    0    0    0    0    0    0    0    0    0    0    0    0    0    0    0    0    0    0    0    0    0    0    0    0    0    0    1    0    1    0    0    0    0    0    0    0    0    0    0    1    0    1    0    0    0    0    0    0    0    0    0    0    
100    0.344452    0.453281    0    0    0    0    0    0    0    0    1    1    1    0    0    0    0    0    0    0    1    0    0    1    0    0    0    0    0    0    1    1    0    0    0    0    1    1    1    0    1    0    0    0    0    0    0    1    1    0    0    0    0    0    0    0    0    1    1    1    0    0    1    0    0    0    1    0    0    0    0    0    0    0    1    1    1    1    0    1    1    1    0    0    0    0    0    1    1    0    1    0    1    0    1    0    0    0    0    0    0    1    0    1    0    0    0    0    0    0    0    1    1    0    0    0    0    0    1    1    0    0    0    0    0    0    0    0    0    0    0    0    0    0    0    0    0    0    0    0    0    0    0    0    0    0    0    0    0    0    0    0    0    0    0    0    0    0    1    0    0    0    0    0    0    0    0    0    0    0    0    0    0    0    0    0    1    0    0    0    1    0    0    0    0    0    0    1    0    0    0    0    0    1    0    0    1    0    0    0    0    0    
100    0.249717    0.069828    0    1    0    0    0    0    1    0    0    0    0    0    0    1    0    0    0    0    0    0    1    0    0    0    1    0    0    0    0    0    1    0    1    0    0    0    0    0    0    0    0    0    1    0    0    1    1    0    0    0    0    0    0    0    0    0    0    0    0    0    0    0    1    0    0    0    0    1    0    0    0    0    0    1    0    0    1    0    0    0    0    0    0    0    0    0    0    0    0    1    0    0    0    0    1    0    0    0    0    1    0    0    0    0    0    0    0    0    0    0    0    0    0    0    0    0    0    0    0    0    0    0    0    0    0    0    0    0    0    0    0    0    0    0    0    0    0    0    0    0    0    0    0    0    0    0    0    0    0    0    0    0    0    0    0    0    0    0    0    0    0    0    0    0    0    0    0    0    0    0    0    0    0    0    0    0    0    0    0    0    0    0    0    0    0    0    0    0    0    0    0    0    0    0    0    0    0    0    0    0    
100    0.863301    0.338434    0    0    0    1    0    0    0    0    0    0    1    0    1    1    0    0    0    0    1    0    0    0    0    0    1    0    1    0    0    0    0    0    0    0    0    0    0    0    0    0    0    0    0    0    0    0    0    1    0    0    0    0    0    1    0    0    0    0    0    0    0    0    0    0    0    0    0    0    0    0    0    0    0    0    0    0    1    0    0    0    0    1    0    0    0    0    1    0    0    0    0    0    1    0    0    0    0    0    0    0    0    0    0    0    0    0    0    0    0    0    0    0    0    0    0    0    0    0    0    0    0    0    0    0    0    0    0    0    0    0    0    0    0    0    0    0    0    0    0    0    0    0    0    0    0    0    0    0    0    0    0    0    0    0    0    0    0    0    0    0    0    0    0    0    0    0    0    0    0    0    0    0    0    0    0    0    0    0    0    0    0    0    0    0    0    0    0    0    0    0    0    0    0    0    0    0    0    0    0    0    
100    0.670316    0.376009    0    1    0    1    0    1    0    0    0    0    0    0    0    1    0    0    0    0    1    0    0    0    0    0    0    1    0    0    0    1    1    0    0    0    0    0    1    0    0    0    0    0    1    0    0    0    0    0    0    0    0    0    0    0    0    0    0    0    0    1    0    0    0    0    0    0    0    0    0    0    0    0    0    0    1    0    0    0    0    0    1    0    0    0    0    0    0    0    0    0    0    0    0    0    0    0    0    0    0    1    0    0    0    0    0    0    0    0    0    0    0    0    0    0    0    1    0    0    0    0    0    0    0    0    0    0    0    0    0    0    0    0    0    0    0    0    0    0    0    0    0    0    0    0    0    0    0    0    0    0    0    0    0    0    0    0    0    0    0    0    0    0    0    0    0    0    0    0    0    0    0    0    0    0    0    0    1    0    0    0    0    0    0    0    0    0    0    0    0    0    0    0    0    0    0    0    0    0    0    0    
100    0.316868    0.616651    0    1    0    0    1    0    0    0    0    1    1    0    0    0    0    0    1    1    1    0    0    1    1    1    1    0    0    1    0    0    1    0    0    1    1    0    0    0    0    0    0    1    1    1    0    1    0    1    1    0    0    1    0    0    0    1    0    0    1    1    1    1    0    1    1    0    0    0    0    0    1    1    0    1    1    1    0    0    0    1    0    1    0    1    1    0    0    1    0    1    0    0    0    0    1    0    0    0    0    1    0    0    0    0    0    0    0    0    0    0    0    0    0    0    0    1    0    0    0    0    0    0    0    0    0    0    0    0    0    0    1    0    0    0    0    0    0    0    0    0    0    0    0    0    1    0    0    0    0    0    0    0    0    0    0    0    0    0    0    0    0    0    0    0    0    0    0    0    0    0    0    0    1    1    0    0    0    0    1    0    0    0    0    0    0    1    0    1    0    0    0    0    0    0    1    0    0    1    0    0    
100    0.0394902    0.560444    0    0    0    0    1    0    1    0    0    1    1    0    1    0    0    0    1    0    0    0    0    1    1    0    0    0    0    1    0    0    1    0    0    0    0    1    0    1    0    0    0    1    1    0    0    1    0    0    0    0    0    0    1    0    1    0    0    1    0    0    1    1    0    1    0    1    1    1    0    0    1    0    0    1    0    0    0    1    0    0    0    0    0    1    1    0    0    0    0    1    0    0    0    1    0    0    1    1    0    0    0    1    0    0    0    1    0    0    0    0    0    1    0    1    1    0    0    0    0    0    0    0    0    0    0    0    0    0    0    0    0    0    0    0    0    0    0    0    0    0    0    0    0    0    0    0    0    0    0    0    0    0    0    0    0    0    0    0    0    0    0    0    0    0    0    0    1    0    1    0    0    0    0    0    0    0    0    0    0    0    1    0    1    0    1    0    0    0    0    0    0    0    0    0    0    0    0    0    0    0    
100    0.346419    0.235849    0    1    0    0    0    0    0    0    0    0    0    0    0    1    0    0    0    0    0    0    0    0    0    0    1    0    1    0    0    0    0    0    1    0    1    0    0    0    0    0    0    0    0    0    0    0    0    0    1    0    0    0    1    0    0    1    0    0    1    1    0    0    0    0    0    0    0    0    0    0    0    0    0    0    0    0    0    0    0    0    0    0    0    0    0    0    0    0    0    0    0    0    0    0    0    0    0    0    0    0    0    1    0    0    0    0    0    0    0    0    0    0    0    1    0    0    0    0    0    0    0    0    0    0    0    0    0    0    1    0    0    0    0    0    0    0    0    0    0    0    0    0    0    0    0    0    0    0    0    0    0    1    0    0    0    0    0    0    0    0    0    0    0    0    0    0    0    0    0    0    0    0    0    0    0    0    0    0    1    0    0    0    0    0    0    0    0    0    0    0    0    0    0    0    0    0    0    0    0    0    
100    0.141454    0.122998    1    1    0    0    0    1    0    1    0    0    0    0    0    0    0    0    0    0    1    0    0    0    0    1    0    0    0    0    0    0    0    0    0    0    0    0    0    0    0    0    0    1    0    0    0    1    0    0    0    0    0    0    0    0    0    0    0    0    0    0    0    0    1    0    0    0    0    0    0    0    0    0    0    0    0    1    0    0    0    0    1    0    0    0    0    0    0    0    0    0    0    0    0    0    0    0    0    0    0    0    0    0    0    0    0    0    0    0    0    0    0    0    0    0    0    0    0    0    0    0    0    0    0    0    0    0    0    0    1    0    0    0    0    0    0    0    0    0    1    0    0    0    0    0    0    0    0    0    0    0    0    0    0    0    0    0    0    0    0    0    0    0    0    0    0    0    0    0    0    0    1    0    0    0    0    0    0    0    0    0    0    0    0    0    0    0    0    0    0    0    0    0    0    0    0    0    0    0    0    0    
100    0.435971    0.124023    0    0    0    0    0    0    0    0    0    0    1    0    0    0    0    0    1    0    0    1    1    0    0    0    1    0    0    0    0    1    0    1    0    0    0    0    1    0    1    0    0    0    0    0    0    0    0    0    0    0    0    0    0    0    1    1    0    1    1    0    0    0    0    0    1    0    0    0    0    0    0    0    0    0    0    0    1    0    1    1    0    0    0    0    0    0    0    0    0    0    1    0    1    0    0    0    1    0    0    1    0    0    0    0    0    0    1    0    0    0    0    0    0    0    0    0    0    0    0    0    0    0    0    0    0    0    1    0    0    0    0    0    0    0    0    0    0    0    0    1    0    0    0    0    0    0    0    0    0    0    0    0    0    0    0    0    0    0    0    0    0    0    0    0    0    0    0    0    0    0    0    0    0    0    0    0    0    0    0    0    0    0    0    0    0    0    0    0    0    0    0    0    0    0    0    0    0    0    0    0    
100    0.307619    0.513846    0    1    0    0    0    1    1    0    0    0    1    1    0    0    0    0    0    0    0    0    0    1    0    1    1    0    0    0    0    0    0    0    0    0    0    1    0    0    1    1    0    1    1    1    0    0    1    0    1    0    0    1    0    0    1    1    0    0    1    0    0    1    0    0    0    1    0    0    0    1    0    1    0    1    0    0    0    0    1    0    0    0    0    1    1    1    0    1    0    1    1    0    1    1    1    0    1    1    0    0    0    0    0    0    0    0    0    0    0    0    0    1    0    0    0    0    0    1    0    0    0    0    0    1    0    0    0    0    0    0    0    0    0    0    0    0    0    0    0    0    0    0    0    0    1    0    0    0    0    0    0    0    0    0    0    0    1    0    0    0    0    0    0    0    0    0    0    0    0    0    1    0    1    0    0    0    0    0    0    0    0    0    0    0    0    0    0    0    0    0    0    0    0    0    0    0    0    0    0    0    
100    0.161702    0.500232    0    1    0    0    0    0    1    0    1    1    0    1    1    1    0    0    1    0    0    0    0    1    0    0    0    0    0    0    0    1    1    0    0    0    1    0    0    0    1    1    1    1    1    0    1    0    1    0    1    0    0    1    0    0    0    0    0    1    0    0    0    0    0    0    0    0    0    0    0    0    0    0    0    0    0    1    1    0    1    0    0    0    0    1    1    1    1    1    1    1    0    0    1    1    1    0    0    1    0    0    0    0    0    0    0    0    0    0    0    0    0    0    0    0    0    0    0    0    0    0    0    0    0    1    0    0    0    0    0    0    1    1    0    0    0    0    0    0    0    0    0    0    0    0    0    0    0    0    0    0    0    0    0    0    0    0    0    0    0    1    0    0    0    0    0    0    0    0    1    0    0    0    0    0    1    0    0    0    0    0    0    0    0    0    0    0    0    0    0    1    0    0    0    0    0    0    0    0    0    0    
100    0.312128    0.157008    1    1    0    0    0    0    0    0    0    0    1    0    0    0    0    0    1    1    1    0    1    0    0    0    0    0    1    0    0    0    1    0    0    1    0    0    0    0    0    0    0    0    0    0    1    1    0    0    1    0    0    0    0    0    0    1    0    0    0    0    0    0    0    0    1    0    0    0    0    0    0    0    1    0    0    0    1    0    1    0    0    0    1    0    0    0    0    1    0    0    0    0    0    0    0    0    1    0    0    1    0    1    0    0    0    0    0    0    0    0    0    0    0    0    0    0    0    0    0    0    0    0    0    0    0    0    0    0    0    0    0    0    0    0    0    0    0    0    0    0    0    0    0    0    0    0    0    0    0    0    0    0    0    0    0    0    0    0    0    0    0    0    0    0    0    0    0    0    0    0    0    0    0    0    0    0    0    0    0    0    0    0    0    0    0    0    0    0    0    0    0    0    0    0    0    0    0    0    0    0    
100    0.129237    0.581931    1    0    0    0    1    1    1    0    0    1    1    1    1    0    1    0    1    1    0    0    1    0    0    0    0    0    0    1    0    0    1    0    0    1    0    0    0    1    1    0    0    1    1    0    0    1    1    0    1    0    0    1    0    1    0    1    0    0    0    1    0    1    0    1    1    0    0    0    0    1    1    1    0    1    1    0    1    0    1    0    0    1    0    0    0    0    1    1    1    1    0    1    1    0    1    0    0    1    0    0    0    0    0    0    0    1    0    0    0    0    1    1    1    0    0    0    0    1    0    0    0    0    0    0    0    0    0    0    1    0    0    0    0    0    0    0    0    0    0    0    0    0    0    0    0    0    0    0    0    0    0    0    0    0    0    0    0    0    0    0    0    0    0    0    0    0    0    0    0    0    0    0    0    0    0    0    0    0    0    0    0    0    0    0    0    0    0    0    1    0    0    0    0    0    0    0    0    0    0    0    
100    0.279681    0.200812    0    0    0    0    0    0    1    0    1    0    0    0    0    0    1    0    0    0    1    0    1    0    0    0    1    0    1    1    0    0    0    0    0    0    1    0    0    0    1    0    0    0    1    0    0    1    0    0    0    0    0    0    1    1    1    0    0    0    0    1    0    0    0    0    1    1    0    0    0    0    0    1    0    0    0    0    0    0    0    0    0    0    0    0    0    1    0    0    0    0    1    1    0    0    0    0    1    0    0    0    0    0    0    0    0    0    1    0    0    0    0    0    0    0    0    0    0    0    0    0    0    0    0    0    0    0    0    0    0    0    0    0    0    0    0    0    0    0    0    0    0    0    0    0    0    0    0    0    0    0    0    0    0    0    0    0    0    0    0    0    0    0    0    0    0    0    0    0    1    0    0    0    0    0    0    0    0    0    0    0    0    0    0    0    0    0    0    0    0    0    0    0    0    0    0    0    0    0    0    0    
100    0.195923    0.127662    0    0    1    0    1    1    0    0    0    0    1    0    0    0    0    0    0    0    1    0    0    0    0    0    0    0    0    0    0    0    0    0    0    1    0    0    0    0    0    0    0    1    0    0    0    0    0    0    0    0    0    0    1    1    0    1    1    0    0    0    0    0    0    0    0    1    0    0    0    0    0    0    1    0    0    0    0    0    0    0    1    0    1    0    0    0    0    0    0    0    0    0    0    0    1    0    0    0    0    0    0    0    0    0    0    0    0    0    0    1    0    0    0    0    0    0    0    0    0    0    0    0    0    0    0    0    0    0    0    0    0    0    0    0    0    0    0    0    0    0    0    0    0    1    0    0    0    0    0    0    0    0    0    0    0    0    0    0    0    0    0    0    0    0    0    0    0    0    0    0    0    0    0    0    1    0    0    0    0    0    0    0    0    0    0    0    0    0    0    0    0    0    0    0    0    0    0    0    0    0    
100    0.516476    0.653754    0    1    1    0    1    1    1    0    1    0    1    1    0    0    1    0    0    0    1    0    1    0    0    0    1    0    1    1    1    0    0    0    1    0    1    0    1    0    1    0    0    0    0    1    1    0    0    0    1    0    0    0    1    1    0    1    1    0    0    1    1    0    1    1    1    0    1    1    1    1    1    0    0    0    0    1    0    0    1    0    0    0    0    1    1    0    0    0    0    1    1    0    0    0    0    0    1    0    1    0    0    0    0    0    0    0    0    0    0    0    0    1    0    0    0    0    0    0    0    0    0    0    0    0    0    0    0    0    0    0    1    0    0    0    0    0    0    0    1    0    0    0    0    0    0    1    0    0    0    0    0    0    0    1    0    0    0    0    0    0    0    1    0    0    0    0    0    0    0    0    0    0    0    0    0    0    0    1    0    0    0    0    1    0    0    0    0    0    0    1    0    0    0    0    0    0    1    0    0    0    
100    0.430872    0.26777    0    0    0    0    1    1    1    0    0    0    0    0    0    0    0    0    0    0    0    0    0    0    0    0    0    0    0    0    0    0    0    0    0    0    0    0    0    0    0    0    0    0    0    0    0    0    0    0    1    0    0    0    0    1    0    1    0    1    1    0    0    1    0    0    0    0    1    0    0    0    0    0    0    0    0    0    1    0    1    0    0    0    0    0    0    0    0    1    0    0    1    0    1    0    0    0    1    0    0    1    0    0    0    0    0    0    0    0    0    0    0    0    0    0    0    0    0    0    0    0    0    0    0    0    0    0    0    0    0    0    1    0    0    0    0    0    0    0    0    0    0    0    0    0    0    0    0    0    0    0    0    0    0    0    0    0    0    0    0    0    0    0    0    0    0    0    1    0    1    0    0    0    0    0    0    0    0    0    0    0    0    0    0    0    0    0    0    0    0    0    0    0    0    0    0    0    0    0    0    0    
100    0.951153    0.155712    0    0    0    0    0    0    0    0    0    0    0    0    0    0    0    0    0    0    0    0    0    0    0    0    1    0    0    0    0    0    0    0    0    0    0    0    0    0    0    0    0    1    0    0    0    0    0    0    0    0    0    0    0    0    0    0    0    0    0    0    0    0    0    0    0    0    0    0    0    0    0    0    0    0    0    0    0    0    0    0    0    0    0    0    0    0    0    0    0    0    0    0    0    0    0    0    0    0    0    0    0    0    0    0    0    0    0    0    0    0    0    0    0    0    0    0    0    0    0    0    0    0    0    0    0    0    0    0    0    0    0    0    0    0    0    0    0    0    0    0    0    0    0    0    0    0    0    0    0    0    0    0    0    0    0    0    0    0    0    0    0    0    0    0    0    0    0    0    0    0    0    0    0    0    0    0    0    0    0    0    0    0    0    0    0    0    0    0    0    0    0    0    0    0    0    0    0    0    0    0    
100    0.480021    0.392007    0    0    0    0    1    1    0    0    1    0    0    0    0    0    0    0    0    0    1    0    0    0    0    0    0    0    0    0    1    1    1    0    0    0    0    0    0    1    0    1    1    0    1    0    0    1    1    0    0    0    0    0    0    1    0    0    1    1    0    0    0    0    0    0    0    0    0    0    0    0    0    0    1    0    0    0    0    0    0    0    0    0    0    0    0    1    0    0    0    0    0    0    0    0    0    0    0    0    0    0    0    0    0    0    0    0    0    0    0    0    0    0    0    0    0    0    0    0    0    0    0    0    0    0    0    0    0    0    0    0    0    0    0    0    0    0    0    0    0    0    0    0    0    0    0    0    0    0    0    0    0    1    0    0    0    0    0    0    0    0    0    0    0    0    0    0    0    0    0    0    0    0    0    0    0    0    0    0    0    0    0    0    0    0    0    0    0    0    0    0    0    0    0    0    0    0    0    0    0    0    
100    0.414625    0.675827    0    1    1    0    1    0    0    0    0    1    1    0    1    0    1    0    1    0    1    0    0    0    0    0    0    1    0    0    0    0    1    0    0    0    1    1    1    1    0    1    0    0    0    0    1    1    0    1    0    0    0    0    0    1    0    0    1    1    0    0    0    1    1    0    0    1    0    0    1    1    1    0    0    0    1    1    0    1    1    0    0    1    0    0    1    0    0    1    0    0    1    0    1    0    1    1    1    0    0    0    0    0    0    0    0    0    0    0    0    0    0    1    1    1    0    0    0    0    0    0    0    1    0    1    0    0    0    0    0    0    0    0    0    1    0    0    1    0    0    0    0    0    0    0    0    0    0    0    0    0    1    0    0    0    0    0    0    0    0    0    0    0    1    0    0    0    0    0    0    1    0    0    0    0    0    0    1    0    1    0    0    0    0    0    0    0    0    1    0    1    0    1    0    0    0    0    0    0    0    0    
100    0.625118    0.96808    0    0    1    0    1    1    0    0    1    1    0    0    0    1    0    0    0    0    0    1    0    1    0    0    0    1    0    1    0    0    1    1    0    0    0    0    0    0    1    0    0    0    1    0    1    0    0    0    0    0    0    0    0    0    1    0    1    0    0    1    0    0    1    0    0    0    0    1    0    0    0    0    0    1    0    1    0    1    1    0    0    0    0    1    0    0    1    0    0    0    0    0    0    1    0    0    0    0    1    0    0    0    0    0    0    0    0    0    0    0    0    0    0    0    0    0    0    0    0    0    0    0    0    0    0    0    0    0    0    0    0    0    0    0    0    0    0    0    0    0    0    0    0    0    0    0    0    0    0    0    0    1    0    0    0    0    0    0    0    0    0    0    0    0    0    0    0    0    0    0    0    0    0    0    0    0    0    0    0    0    0    0    0    0    0    0    0    0    0    0    0    0    0    0    0    0    0    0    0    0    
100    0.505862    0.320302    1    1    0    1    0    1    0    0    0    0    0    0    0    1    0    0    0    0    0    0    0    0    0    0    1    0    0    0    0    0    0    0    0    0    1    0    1    0    0    0    1    0    0    0    0    0    0    0    0    0    0    0    1    0    0    0    1    1    1    0    0    0    0    0    0    0    0    0    0    0    0    0    0    0    0    0    0    0    0    0    0    0    0    0    0    0    0    1    0    0    1    0    0    0    0    0    1    0    0    0    0    0    0    0    0    0    0    0    0    0    0    0    0    0    0    0    0    0    0    0    0    0    0    0    0    0    0    0    0    0    0    0    0    0    0    0    0    0    0    0    0    0    0    0    0    0    0    0    0    0    0    0    0    0    0    0    0    0    0    0    0    0    0    0    0    0    0    0    0    0    0    0    0    0    0    0    0    0    0    0    0    0    0    0    0    0    0    0    0    0    0    0    0    0    0    0    0    0    0    0    
100    0.51881    0.787484    0    1    1    0    1    0    0    0    1    0    1    1    1    0    1    1    1    0    1    1    0    0    1    1    1    0    1    0    0    0    0    0    0    1    1    0    1    0    0    0    0    0    1    0    0    0    0    1    1    0    0    0    0    1    0    1    0    0    0    0    0    0    0    0    1    0    0    1    1    1    0    0    1    0    0    1    0    0    1    1    0    0    1    1    0    0    0    0    0    0    1    0    1    0    0    0    1    0    0    0    0    0    0    0    0    1    0    0    1    0    0    0    1    1    0    0    0    0    0    0    0    0    0    0    0    0    0    0    0    0    1    0    0    0    0    0    0    0    0    0    0    0    0    0    0    0    0    0    0    0    1    0    0    0    0    0    1    0    0    0    1    0    0    0    0    0    0    0    0    0    0    0    0    0    0    0    0    1    0    0    0    0    0    0    0    0    0    0    0    0    0    0    0    0    0    0    0    0    0    0    
100    0.204241    0.0362787    0    1    0    0    0    1    0    1    0    0    0    0    0    1    0    0    0    0    0    0    0    0    0    0    0    0    0    0    0    0    1    0    0    0    0    0    0    1    0    0    0    0    0    0    0    1    0    1    0    0    0    0    0    0    0    0    1    0    0    1    0    0    0    1    0    0    0    0    0    0    0    0    0    1    0    1    0    1    0    0    0    0    1    0    1    0    0    0    0    1    0    0    0    0    0    0    0    0    0    0    0    0    0    0    0    0    0    0    0    0    0    0    0    0    0    0    0    0    0    0    0    0    0    0    0    0    0    0    0    0    0    0    0    0    0    0    0    0    0    0    0    0    0    0    0    0    0    0    0    0    0    0    0    0    0    0    0    0    0    0    0    0    0    0    0    0    0    0    0    0    0    0    0    0    0    0    0    0    0    0    0    0    0    0    0    0    0    0    0    0    0    0    0    0    0    0    0    0    0    0    
100    0.680391    0.907068    0    1    1    0    0    0    0    0    0    1    0    0    0    0    0    0    0    0    0    1    0    0    0    1    0    1    0    0    1    0    0    0    0    0    1    0    0    0    0    1    0    1    0    0    0    0    0    0    1    0    0    0    0    1    1    0    0    0    0    1    0    0    0    0    1    0    0    0    0    0    0    0    0    0    1    0    0    0    1    0    0    0    0    0    1    0    1    0    1    0    0    0    0    0    0    1    0    0    1    0    0    0    0    0    0    0    0    0    0    1    0    0    0    0    0    0    0    0    0    0    0    0    0    0    0    1    0    0    0    0    0    0    0    0    0    0    0    1    0    0    0    0    0    0    0    0    0    0    0    0    0    0    0    0    0    0    1    0    0    0    0    0    1    0    0    0    0    0    0    0    0    0    0    0    0    0    0    0    0    0    0    0    0    0    0    0    0    0    0    0    0    0    0    0    0    0    0    0    0    0    
100    0.86508    0.618403    0    0    0    1    0    0    0    0    0    0    0    0    1    1    1    0    1    1    0    1    0    0    0    0    0    0    0    0    0    0    0    0    1    0    0    0    1    0    0    1    0    0    0    0    1    1    0    1    0    0    0    0    0    1    1    0    0    1    0    0    0    0    0    0    0    0    1    0    0    1    1    1    0    1    0    0    1    1    0    0    1    0    0    0    0    0    1    1    0    0    0    0    0    0    1    0    0    0    0    1    0    0    0    0    0    0    0    0    0    0    0    0    0    1    0    0    0    0    0    0    0    0    0    0    0    0    0    0    0    0    0    0    0    0    0    0    0    0    0    0    0    0    0    0    1    1    0    0    0    0    0    0    0    0    0    0    0    0    0    0    0    0    1    0    0    0    0    0    0    0    0    0    0    0    0    1    0    0    0    0    0    0    0    0    0    1    0    0    1    1    0    1    0    0    0    0    0    0    0    0    
100    0.951634    0.418471    0    1    0    0    1    0    0    0    0    0    1    0    1    1    0    1    1    0    0    0    1    1    0    0    1    0    0    0    0    0    0    1    0    0    0    0    1    0    1    0    1    0    0    1    0    1    0    0    0    0    0    1    0    0    0    0    0    0    0    0    0    1    1    0    0    0    0    0    0    0    0    0    1    0    1    1    1    1    0    0    0    0    0    0    0    0    1    0    0    0    0    0    0    0    0    0    1    0    1    0    0    0    0    0    0    0    0    0    0    0    0    0    0    0    0    0    1    1    0    0    0    0    0    0    0    0    0    0    1    0    0    0    0    0    0    0    0    0    1    0    0    0    0    0    0    1    0    0    0    0    1    0    0    0    0    0    0    0    0    0    0    0    0    0    0    0    1    0    0    0    0    0    0    0    1    1    0    0    0    0    0    0    0    0    0    0    0    0    0    0    0    0    0    0    0    0    0    0    0    0    
