locality,date,value,year,month,variable
Elem,1970-01-01,20.130000000000003,1970,1,tmin
Morox,1970-01-01,20.580000000000002,1970,1,tmin
Niksek,1970-01-01,20.080000000000002,1970,1,tmin
Ohu,1970-01-01,20.040000000000003,1970,1,tmin
Utai,1970-01-01,19.810000000000002,1970,1,tmin
Wamangu,1970-01-01,19.720000000000002,1970,1,tmin
Wanang,1970-01-01,19.310000000000002,1970,1,tmin
Yapsiei,1970-01-01,19.640000000000004,1970,1,tmin
Elem,1970-02-01,19.680000000000003,1970,2,tmin
Morox,1970-02-01,19.830000000000002,1970,2,tmin
Niksek,1970-02-01,19.810000000000002,1970,2,tmin
Ohu,1970-02-01,19.92,1970,2,tmin
Utai,1970-02-01,21.740000000000002,1970,2,tmin
Wamangu,1970-02-01,22.21,1970,2,tmin
Wanang,1970-02-01,21.740000000000002,1970,2,tmin
Yapsiei,1970-02-01,21.770000000000003,1970,2,tmin
Elem,1970-03-01,21.740000000000002,1970,3,tmin
Morox,1970-03-01,21.490000000000002,1970,3,tmin
Niksek,1970-03-01,21.03,1970,3,tmin
Ohu,1970-03-01,21.200000000000003,1970,3,tmin
Utai,1970-03-01,21.130000000000003,1970,3,tmin
Wamangu,1970-03-01,21.51,1970,3,tmin
Wanang,1970-03-01,21.480000000000004,1970,3,tmin
Yapsiei,1970-03-01,21.590000000000003,1970,3,tmin
Elem,1970-04-01,21.21,1970,4,tmin
Morox,1970-04-01,21.44,1970,4,tmin
Niksek,1970-04-01,21.020000000000003,1970,4,tmin
Ohu,1970-04-01,20.880000000000003,1970,4,tmin
Utai,1970-04-01,21.01,1970,4,tmin
Wamangu,1970-04-01,20.840000000000003,1970,4,tmin
Wanang,1970-04-01,20.35,1970,4,tmin
Yapsiei,1970-04-01,20.470000000000002,1970,4,tmin
Elem,1970-05-01,20.770000000000003,1970,5,tmin
Morox,1970-05-01,21.180000000000003,1970,5,tmin
Niksek,1970-05-01,20.810000000000002,1970,5,tmin
Ohu,1970-05-01,20.970000000000002,1970,5,tmin
Utai,1970-05-01,21.750000000000004,1970,5,tmin
Wamangu,1970-05-01,22.400000000000002,1970,5,tmin
Wanang,1970-05-01,21.810000000000002,1970,5,tmin
Yapsiei,1970-05-01,21.96,1970,5,tmin
Elem,1970-06-01,21.390000000000004,1970,6,tmin
Morox,1970-06-01,21.37,1970,6,tmin
Niksek,1970-06-01,20.750000000000004,1970,6,tmin
Ohu,1970-06-01,20.770000000000003,1970,6,tmin
Utai,1970-06-01,21.020000000000003,1970,6,tmin
Wamangu,1970-06-01,21.330000000000002,1970,6,tmin
Wanang,1970-06-01,21.46,1970,6,tmin
Yapsiei,1970-06-01,21.730000000000004,1970,6,tmin
Elem,1970-07-01,22.160000000000004,1970,7,tmin
Morox,1970-07-01,22.480000000000004,1970,7,tmin
Niksek,1970-07-01,22.19,1970,7,tmin
Ohu,1970-07-01,22.240000000000002,1970,7,tmin
Utai,1970-07-01,21.970000000000002,1970,7,tmin
Wamangu,1970-07-01,21.790000000000003,1970,7,tmin
Wanang,1970-07-01,21.330000000000002,1970,7,tmin
Yapsiei,1970-07-01,21.580000000000002,1970,7,tmin
Elem,1970-08-01,21.550000000000004,1970,8,tmin
Morox,1970-08-01,21.860000000000003,1970,8,tmin
Niksek,1970-08-01,21.930000000000003,1970,8,tmin
Ohu,1970-08-01,21.880000000000003,1970,8,tmin
Utai,1970-08-01,22.070000000000004,1970,8,tmin
Wamangu,1970-08-01,22.450000000000003,1970,8,tmin
Wanang,1970-08-01,22.060000000000002,1970,8,tmin
Yapsiei,1970-08-01,22.21,1970,8,tmin
Elem,1970-09-01,22.020000000000003,1970,9,tmin
Morox,1970-09-01,21.880000000000003,1970,9,tmin
Niksek,1970-09-01,21.300000000000004,1970,9,tmin
Ohu,1970-09-01,21.550000000000004,1970,9,tmin
Utai,1970-09-01,21.46,1970,9,tmin
Wamangu,1970-09-01,21.830000000000002,1970,9,tmin
Wanang,1970-09-01,21.810000000000002,1970,9,tmin
Yapsiei,1970-09-01,21.830000000000002,1970,9,tmin
Elem,1970-10-01,20.900000000000002,1970,10,tmin
Morox,1970-10-01,21.380000000000003,1970,10,tmin
Niksek,1970-10-01,20.740000000000002,1970,10,tmin
Ohu,1970-10-01,20.810000000000002,1970,10,tmin
Utai,1970-10-01,20.35,1970,10,tmin
Wamangu,1970-10-01,19.87,1970,10,tmin
Wanang,1970-10-01,19.630000000000003,1970,10,tmin
Yapsiei,1970-10-01,19.840000000000003,1970,10,tmin
Elem,1970-11-01,20.1,1970,11,tmin
Morox,1970-11-01,20.44,1970,11,tmin
Niksek,1970-11-01,20.53,1970,11,tmin
Ohu,1970-11-01,20.550000000000004,1970,11,tmin
Utai,1970-11-01,22.880000000000003,1970,11,tmin
Wamangu,1970-11-01,22.890000000000004,1970,11,tmin
Wanang,1970-11-01,22.640000000000004,1970,11,tmin
Yapsiei,1970-11-01,22.35,1970,11,tmin
Elem,1970-12-01,22.17,1970,12,tmin
Morox,1970-12-01,21.740000000000002,1970,12,tmin
Niksek,1970-12-01,21.360000000000003,1970,12,tmin
Ohu,1970-12-01,21.590000000000003,1970,12,tmin
Utai,1970-12-01,21.980000000000004,1970,12,tmin
Wamangu,1970-12-01,22.540000000000003,1970,12,tmin
Wanang,1970-12-01,22.160000000000004,1970,12,tmin
Yapsiei,1970-12-01,22.53,1970,12,tmin
Elem,1971-01-01,19.830000000000002,1971,1,tmin
Morox,1971-01-01,19.790000000000003,1971,1,tmin
Niksek,1971-01-01,19.520000000000003,1971,1,tmin
Ohu,1971-01-01,19.3,1971,1,tmin
Utai,1971-01-01,19.270000000000003,1971,1,tmin
Wamangu,1971-01-01,19.090000000000003,1971,1,tmin
Wanang,1971-01-01,19.03,1971,1,tmin
Yapsiei,1971-01-01,19.560000000000002,1971,1,tmin
Elem,1971-02-01,19.85,1971,2,tmin
Morox,1971-02-01,19.840000000000003,1971,2,tmin
Niksek,1971-02-01,20.090000000000003,1971,2,tmin
Ohu,1971-02-01,20.230000000000004,1971,2,tmin
Utai,1971-02-01,21.390000000000004,1971,2,tmin
Wamangu,1971-02-01,21.380000000000003,1971,2,tmin
Wanang,1971-02-01,21.180000000000003,1971,2,tmin
Yapsiei,1971-02-01,20.96,1971,2,tmin
Elem,1971-03-01,21.140000000000004,1971,3,tmin
Morox,1971-03-01,20.85,1971,3,tmin
Niksek,1971-03-01,20.69,1971,3,tmin
Ohu,1971-03-01,20.970000000000002,1971,3,tmin
Utai,1971-03-01,21.230000000000004,1971,3,tmin
Wamangu,1971-03-01,21.51,1971,3,tmin
Wanang,1971-03-01,21.570000000000004,1971,3,tmin
Yapsiei,1971-03-01,21.85,1971,3,tmin
Elem,1971-04-01,20.96,1971,4,tmin
Morox,1971-04-01,20.69,1971,4,tmin
Niksek,1971-04-01,20.42,1971,4,tmin
Ohu,1971-04-01,20.17,1971,4,tmin
Utai,1971-04-01,20.46,1971,4,tmin
Wamangu,1971-04-01,20.28,1971,4,tmin
Wanang,1971-04-01,20.19,1971,4,tmin
Yapsiei,1971-04-01,20.450000000000003,1971,4,tmin
Elem,1971-05-01,20.970000000000002,1971,5,tmin
Morox,1971-05-01,21.150000000000002,1971,5,tmin
Niksek,1971-05-01,21.140000000000004,1971,5,tmin
Ohu,1971-05-01,21.270000000000003,1971,5,tmin
Utai,1971-05-01,21.37,1971,5,tmin
Wamangu,1971-05-01,21.51,1971,5,tmin
Wanang,1971-05-01,21.400000000000002,1971,5,tmin
Yapsiei,1971-05-01,21.160000000000004,1971,5,tmin
Elem,1971-06-01,20.800000000000004,1971,6,tmin
Morox,1971-06-01,20.78,1971,6,tmin
Niksek,1971-06-01,20.46,1971,6,tmin
Ohu,1971-06-01,20.650000000000002,1971,6,tmin
Utai,1971-06-01,21.21,1971,6,tmin
Wamangu,1971-06-01,21.320000000000004,1971,6,tmin
Wanang,1971-06-01,21.750000000000004,1971,6,tmin
Yapsiei,1971-06-01,22.050000000000004,1971,6,tmin
Elem,1971-07-01,21.800000000000004,1971,7,tmin
Morox,1971-07-01,21.67,1971,7,tmin
Niksek,1971-07-01,21.520000000000003,1971,7,tmin
Ohu,1971-07-01,21.37,1971,7,tmin
Utai,1971-07-01,21.37,1971,7,tmin
Wamangu,1971-07-01,21.020000000000003,1971,7,tmin
Wanang,1971-07-01,20.930000000000003,1971,7,tmin
Yapsiei,1971-07-01,21.240000000000002,1971,7,tmin
Elem,1971-08-01,21.680000000000003,1971,8,tmin
Morox,1971-08-01,22.000000000000004,1971,8,tmin
Niksek,1971-08-01,22.060000000000002,1971,8,tmin
Ohu,1971-08-01,22.180000000000003,1971,8,tmin
Utai,1971-08-01,21.650000000000002,1971,8,tmin
Wamangu,1971-08-01,21.650000000000002,1971,8,tmin
Wanang,1971-08-01,21.46,1971,8,tmin
Yapsiei,1971-08-01,21.320000000000004,1971,8,tmin
Elem,1971-09-01,21.42,1971,9,tmin
Morox,1971-09-01,21.110000000000003,1971,9,tmin
Niksek,1971-09-01,20.900000000000002,1971,9,tmin
Ohu,1971-09-01,21.160000000000004,1971,9,tmin
Utai,1971-09-01,21.560000000000002,1971,9,tmin
Wamangu,1971-09-01,21.85,1971,9,tmin
Wanang,1971-09-01,21.910000000000004,1971,9,tmin
Yapsiei,1971-09-01,22.12,1971,9,tmin
Elem,1971-10-01,20.610000000000003,1971,10,tmin
Morox,1971-10-01,20.580000000000002,1971,10,tmin
Niksek,1971-10-01,20.240000000000002,1971,10,tmin
Ohu,1971-10-01,20.01,1971,10,tmin
Utai,1971-10-01,19.85,1971,10,tmin
Wamangu,1971-10-01,19.35,1971,10,tmin
Wanang,1971-10-01,19.430000000000003,1971,10,tmin
Yapsiei,1971-10-01,19.650000000000002,1971,10,tmin
Elem,1971-11-01,20.220000000000002,1971,11,tmin
Morox,1971-11-01,20.360000000000003,1971,11,tmin
Niksek,1971-11-01,20.820000000000004,1971,11,tmin
Ohu,1971-11-01,20.930000000000003,1971,11,tmin
Utai,1971-11-01,22.610000000000003,1971,11,tmin
Wamangu,1971-11-01,22.12,1971,11,tmin
Wanang,1971-11-01,22.110000000000003,1971,11,tmin
Yapsiei,1971-11-01,21.71,1971,11,tmin
Elem,1971-12-01,21.69,1971,12,tmin
Morox,1971-12-01,21.340000000000003,1971,12,tmin
Niksek,1971-12-01,21.310000000000002,1971,12,tmin
Ohu,1971-12-01,21.680000000000003,1971,12,tmin
Utai,1971-12-01,22.180000000000003,1971,12,tmin
Wamangu,1971-12-01,22.470000000000002,1971,12,tmin
Wanang,1971-12-01,22.750000000000004,1971,12,tmin
Yapsiei,1971-12-01,22.840000000000003,1971,12,tmin
Elem,1972-01-01,19.53,1972,1,tmin
Morox,1972-01-01,19.87,1972,1,tmin
Niksek,1972-01-01,19.650000000000002,1972,1,tmin
Ohu,1972-01-01,19.310000000000002,1972,1,tmin
Utai,1972-01-01,19.1,1972,1,tmin
Wamangu,1972-01-01,19.51,1972,1,tmin
Wanang,1972-01-01,19.200000000000003,1972,1,tmin
Yapsiei,1972-01-01,19.220000000000002,1972,1,tmin
Elem,1972-02-01,19.3,1972,2,tmin
Morox,1972-02-01,19.430000000000003,1972,2,tmin
Niksek,1972-02-01,19.92,1972,2,tmin
Ohu,1972-02-01,20.160000000000004,1972,2,tmin
Utai,1972-02-01,21.19,1972,2,tmin
Wamangu,1972-02-01,21.610000000000003,1972,2,tmin
Wanang,1972-02-01,21.380000000000003,1972,2,tmin
Yapsiei,1972-02-01,21.020000000000003,1972,2,tmin
Elem,1972-03-01,21.040000000000003,1972,3,tmin
Morox,1972-03-01,21.490000000000002,1972,3,tmin
Niksek,1972-03-01,21.080000000000002,1972,3,tmin
Ohu,1972-03-01,20.990000000000002,1972,3,tmin
Utai,1972-03-01,20.990000000000002,1972,3,tmin
Wamangu,1972-03-01,21.200000000000003,1972,3,tmin
Wanang,1972-03-01,21.500000000000004,1972,3,tmin
Yapsiei,1972-03-01,21.94,1972,3,tmin
Elem,1972-04-01,20.610000000000003,1972,4,tmin
Morox,1972-04-01,20.650000000000002,1972,4,tmin
Niksek,1972-04-01,20.520000000000003,1972,4,tmin
Ohu,1972-04-01,20.270000000000003,1972,4,tmin
Utai,1972-04-01,20.220000000000002,1972,4,tmin
Wamangu,1972-04-01,20.540000000000003,1972,4,tmin
Wanang,1972-04-01,20.150000000000002,1972,4,tmin
Yapsiei,1972-04-01,19.890000000000004,1972,4,tmin
Elem,1972-05-01,20.290000000000003,1972,5,tmin
Morox,1972-05-01,20.650000000000002,1972,5,tmin
Niksek,1972-05-01,20.900000000000002,1972,5,tmin
Ohu,1972-05-01,21.270000000000003,1972,5,tmin
Utai,1972-05-01,21.250000000000004,1972,5,tmin
Wamangu,1972-05-01,21.53,1972,5,tmin
Wanang,1972-05-01,21.42,1972,5,tmin
Yapsiei,1972-05-01,21.250000000000004,1972,5,tmin
Elem,1972-06-01,20.770000000000003,1972,6,tmin
Morox,1972-06-01,21.290000000000003,1972,6,tmin
Niksek,1972-06-01,20.76,1972,6,tmin
Ohu,1972-06-01,20.550000000000004,1972,6,tmin
Utai,1972-06-01,20.900000000000002,1972,6,tmin
Wamangu,1972-06-01,21.110000000000003,1972,6,tmin
Wanang,1972-06-01,21.550000000000004,1972,6,tmin
Yapsiei,1972-06-01,21.950000000000003,1972,6,tmin
Elem,1972-07-01,21.560000000000002,1972,7,tmin
Morox,1972-07-01,21.880000000000003,1972,7,tmin
Niksek,1972-07-01,21.76,1972,7,tmin
Ohu,1972-07-01,21.37,1972,7,tmin
Utai,1972-07-01,21.220000000000002,1972,7,tmin
Wamangu,1972-07-01,21.640000000000004,1972,7,tmin
Wanang,1972-07-01,21.330000000000002,1972,7,tmin
Yapsiei,1972-07-01,21.300000000000004,1972,7,tmin
Elem,1972-08-01,21.28,1972,8,tmin
Morox,1972-08-01,21.450000000000003,1972,8,tmin
Niksek,1972-08-01,21.750000000000004,1972,8,tmin
Ohu,1972-08-01,22.380000000000003,1972,8,tmin
Utai,1972-08-01,21.450000000000003,1972,8,tmin
Wamangu,1972-08-01,21.85,1972,8,tmin
Wanang,1972-08-01,21.660000000000004,1972,8,tmin
Yapsiei,1972-08-01,21.320000000000004,1972,8,tmin
Elem,1972-09-01,21.320000000000004,1972,9,tmin
Morox,1972-09-01,21.860000000000003,1972,9,tmin
Niksek,1972-09-01,21.37,1972,9,tmin
Ohu,1972-09-01,21.250000000000004,1972,9,tmin
Utai,1972-09-01,21.35,1972,9,tmin
Wamangu,1972-09-01,21.51,1972,9,tmin
Wanang,1972-09-01,21.810000000000002,1972,9,tmin
Yapsiei,1972-09-01,22.220000000000002,1972,9,tmin
Elem,1972-10-01,20.390000000000004,1972,10,tmin
Morox,1972-10-01,20.680000000000003,1972,10,tmin
Niksek,1972-10-01,20.42,1972,10,tmin
Ohu,1972-10-01,20.020000000000003,1972,10,tmin
Utai,1972-10-01,19.650000000000002,1972,10,tmin
Wamangu,1972-10-01,19.830000000000002,1972,10,tmin
Wanang,1972-10-01,19.630000000000003,1972,10,tmin
Yapsiei,1972-10-01,19.46,1972,10,tmin
Elem,1972-11-01,19.8,1972,11,tmin
Morox,1972-11-01,20.05,1972,11,tmin
Niksek,1972-11-01,20.640000000000004,1972,11,tmin
Ohu,1972-11-01,20.830000000000002,1972,11,tmin
Utai,1972-11-01,22.28,1972,11,tmin
Wamangu,1972-11-01,22.01,1972,11,tmin
Wanang,1972-11-01,22.01,1972,11,tmin
Yapsiei,1972-11-01,21.71,1972,11,tmin
Elem,1972-12-01,21.310000000000002,1972,12,tmin
Morox,1972-12-01,21.230000000000004,1972,12,tmin
Niksek,1972-12-01,21.060000000000002,1972,12,tmin
Ohu,1972-12-01,20.87,1972,12,tmin
Utai,1972-12-01,21.240000000000002,1972,12,tmin
Wamangu,1972-12-01,21.880000000000003,1972,12,tmin
Wanang,1972-12-01,22.380000000000003,1972,12,tmin
Yapsiei,1972-12-01,22.78,1972,12,tmin
Elem,1973-01-01,20.520000000000003,1973,1,tmin
Morox,1973-01-01,20.480000000000004,1973,1,tmin
Niksek,1973-01-01,20.320000000000004,1973,1,tmin
Ohu,1973-01-01,20.21,1973,1,tmin
Utai,1973-01-01,19.880000000000003,1973,1,tmin
Wamangu,1973-01-01,19.700000000000003,1973,1,tmin
Wanang,1973-01-01,19.310000000000002,1973,1,tmin
Yapsiei,1973-01-01,19.860000000000003,1973,1,tmin
Elem,1973-02-01,20.080000000000002,1973,2,tmin
Morox,1973-02-01,19.900000000000002,1973,2,tmin
Niksek,1973-02-01,19.790000000000003,1973,2,tmin
Ohu,1973-02-01,20.160000000000004,1973,2,tmin
Utai,1973-02-01,22.290000000000003,1973,2,tmin
Wamangu,1973-02-01,22.110000000000003,1973,2,tmin
Wanang,1973-02-01,21.94,1973,2,tmin
Yapsiei,1973-02-01,21.92,1973,2,tmin
Elem,1973-03-01,21.740000000000002,1973,3,tmin
Morox,1973-03-01,21.35,1973,3,tmin
Niksek,1973-03-01,21.000000000000004,1973,3,tmin
Ohu,1973-03-01,21.270000000000003,1973,3,tmin
Utai,1973-03-01,21.53,1973,3,tmin
Wamangu,1973-03-01,21.430000000000003,1973,3,tmin
Wanang,1973-03-01,21.35,1973,3,tmin
Yapsiei,1973-03-01,21.990000000000002,1973,3,tmin
Elem,1973-04-01,21.610000000000003,1973,4,tmin
Morox,1973-04-01,21.340000000000003,1973,4,tmin
Niksek,1973-04-01,21.220000000000002,1973,4,tmin
Ohu,1973-04-01,21.12,1973,4,tmin
Utai,1973-04-01,21.110000000000003,1973,4,tmin
Wamangu,1973-04-01,20.970000000000002,1973,4,tmin
Wanang,1973-04-01,20.390000000000004,1973,4,tmin
Yapsiei,1973-04-01,20.790000000000003,1973,4,tmin
Elem,1973-05-01,21.21,1973,5,tmin
Morox,1973-05-01,21.150000000000002,1973,5,tmin
Niksek,1973-05-01,20.85,1973,5,tmin
Ohu,1973-05-01,21.17,1973,5,tmin
Utai,1973-05-01,22.17,1973,5,tmin
Wamangu,1973-05-01,22.21,1973,5,tmin
Wanang,1973-05-01,22.020000000000003,1973,5,tmin
Yapsiei,1973-05-01,22.140000000000004,1973,5,tmin
Elem,1973-06-01,21.400000000000002,1973,6,tmin
Morox,1973-06-01,21.200000000000003,1973,6,tmin
Niksek,1973-06-01,20.770000000000003,1973,6,tmin
Ohu,1973-06-01,20.950000000000003,1973,6,tmin
Utai,1973-06-01,21.51,1973,6,tmin
Wamangu,1973-06-01,21.320000000000004,1973,6,tmin
Wanang,1973-06-01,21.450000000000003,1973,6,tmin
Yapsiei,1973-06-01,22.130000000000003,1973,6,tmin
Elem,1973-07-01,22.660000000000004,1973,7,tmin
Morox,1973-07-01,22.380000000000003,1973,7,tmin
Niksek,1973-07-01,22.240000000000002,1973,7,tmin
Ohu,1973-07-01,22.17,1973,7,tmin
Utai,1973-07-01,21.970000000000002,1973,7,tmin
Wamangu,1973-07-01,21.540000000000003,1973,7,tmin
Wanang,1973-07-01,21.400000000000002,1973,7,tmin
Yapsiei,1973-07-01,21.51,1973,7,tmin
Elem,1973-08-01,21.980000000000004,1973,8,tmin
Morox,1973-08-01,21.85,1973,8,tmin
Niksek,1973-08-01,21.720000000000002,1973,8,tmin
Ohu,1973-08-01,22.270000000000003,1973,8,tmin
Utai,1973-08-01,22.640000000000004,1973,8,tmin
Wamangu,1973-08-01,22.35,1973,8,tmin
Wanang,1973-08-01,22.17,1973,8,tmin
Yapsiei,1973-08-01,22.220000000000002,1973,8,tmin
Elem,1973-09-01,22.020000000000003,1973,9,tmin
Morox,1973-09-01,21.590000000000003,1973,9,tmin
Niksek,1973-09-01,21.28,1973,9,tmin
Ohu,1973-09-01,21.46,1973,9,tmin
Utai,1973-09-01,21.860000000000003,1973,9,tmin
Wamangu,1973-09-01,21.750000000000004,1973,9,tmin
Wanang,1973-09-01,21.71,1973,9,tmin
Yapsiei,1973-09-01,22.220000000000002,1973,9,tmin
Elem,1973-10-01,21.390000000000004,1973,10,tmin
Morox,1973-10-01,21.28,1973,10,tmin
Niksek,1973-10-01,21.040000000000003,1973,10,tmin
Ohu,1973-10-01,20.910000000000004,1973,10,tmin
Utai,1973-10-01,20.450000000000003,1973,10,tmin
Wamangu,1973-10-01,19.950000000000003,1973,10,tmin
Wanang,1973-10-01,19.720000000000002,1973,10,tmin
Yapsiei,1973-10-01,19.96,1973,10,tmin
Elem,1973-11-01,20.51,1973,11,tmin
Morox,1973-11-01,20.360000000000003,1973,11,tmin
Niksek,1973-11-01,20.53,1973,11,tmin
Ohu,1973-11-01,20.930000000000003,1973,11,tmin
Utai,1973-11-01,23.12,1973,11,tmin
Wamangu,1973-11-01,22.820000000000004,1973,11,tmin
Wanang,1973-11-01,22.87,1973,11,tmin
Yapsiei,1973-11-01,22.590000000000003,1973,11,tmin
Elem,1973-12-01,22.380000000000003,1973,12,tmin
Morox,1973-12-01,22.140000000000004,1973,12,tmin
Niksek,1973-12-01,21.560000000000002,1973,12,tmin
Ohu,1973-12-01,22.060000000000002,1973,12,tmin
Utai,1973-12-01,22.480000000000004,1973,12,tmin
Wamangu,1973-12-01,22.540000000000003,1973,12,tmin
Wanang,1973-12-01,22.28,1973,12,tmin
Yapsiei,1973-12-01,22.630000000000003,1973,12,tmin
Elem,1974-01-01,19.790000000000003,1974,1,tmin
Morox,1974-01-01,19.78,1974,1,tmin
Niksek,1974-01-01,19.390000000000004,1974,1,tmin
Ohu,1974-01-01,19.8,1974,1,tmin
Utai,1974-01-01,19.770000000000003,1974,1,tmin
Wamangu,1974-01-01,18.78,1974,1,tmin
Wanang,1974-01-01,19.230000000000004,1974,1,tmin
Yapsiei,1974-01-01,19.790000000000003,1974,1,tmin
Elem,1974-02-01,20.180000000000003,1974,2,tmin
Morox,1974-02-01,20.000000000000004,1974,2,tmin
Niksek,1974-02-01,20.03,1974,2,tmin
Ohu,1974-02-01,19.840000000000003,1974,2,tmin
Utai,1974-02-01,21.430000000000003,1974,2,tmin
Wamangu,1974-02-01,21.330000000000002,1974,2,tmin
Wanang,1974-02-01,20.970000000000002,1974,2,tmin
Yapsiei,1974-02-01,21.46,1974,2,tmin
Elem,1974-03-01,21.69,1974,3,tmin
Morox,1974-03-01,20.53,1974,3,tmin
Niksek,1974-03-01,20.820000000000004,1974,3,tmin
Ohu,1974-03-01,21.37,1974,3,tmin
Utai,1974-03-01,21.630000000000003,1974,3,tmin
Wamangu,1974-03-01,21.680000000000003,1974,3,tmin
Wanang,1974-03-01,21.51,1974,3,tmin
Yapsiei,1974-03-01,21.500000000000004,1974,3,tmin
Elem,1974-04-01,20.900000000000002,1974,4,tmin
Morox,1974-04-01,20.680000000000003,1974,4,tmin
Niksek,1974-04-01,20.28,1974,4,tmin
Ohu,1974-04-01,20.67,1974,4,tmin
Utai,1974-04-01,20.96,1974,4,tmin
Wamangu,1974-04-01,20.070000000000004,1974,4,tmin
Wanang,1974-04-01,20.390000000000004,1974,4,tmin
Yapsiei,1974-04-01,20.570000000000004,1974,4,tmin
Elem,1974-05-01,21.37,1974,5,tmin
Morox,1974-05-01,21.250000000000004,1974,5,tmin
Niksek,1974-05-01,21.140000000000004,1974,5,tmin
Ohu,1974-05-01,21.020000000000003,1974,5,tmin
Utai,1974-05-01,21.37,1974,5,tmin
Wamangu,1974-05-01,21.500000000000004,1974,5,tmin
Wanang,1974-05-01,21.110000000000003,1974,5,tmin
Yapsiei,1974-05-01,21.660000000000004,1974,5,tmin
Elem,1974-06-01,21.300000000000004,1974,6,tmin
Morox,1974-06-01,20.380000000000003,1974,6,tmin
Niksek,1974-06-01,20.660000000000004,1974,6,tmin
Ohu,1974-06-01,20.890000000000004,1974,6,tmin
Utai,1974-06-01,21.540000000000003,1974,6,tmin
Wamangu,1974-06-01,21.62,1974,6,tmin
Wanang,1974-06-01,21.650000000000002,1974,6,tmin
Yapsiei,1974-06-01,21.640000000000004,1974,6,tmin
Elem,1974-07-01,21.500000000000004,1974,7,tmin
Morox,1974-07-01,21.570000000000004,1974,7,tmin
Niksek,1974-07-01,21.240000000000002,1974,7,tmin
Ohu,1974-07-01,21.840000000000003,1974,7,tmin
Utai,1974-07-01,21.880000000000003,1974,7,tmin
Wamangu,1974-07-01,20.640000000000004,1974,7,tmin
Wanang,1974-07-01,21.1,1974,7,tmin
Yapsiei,1974-07-01,21.71,1974,7,tmin
Elem,1974-08-01,22.150000000000002,1974,8,tmin
Morox,1974-08-01,22.060000000000002,1974,8,tmin
Niksek,1974-08-01,21.930000000000003,1974,8,tmin
Ohu,1974-08-01,21.880000000000003,1974,8,tmin
Utai,1974-08-01,21.650000000000002,1974,8,tmin
Wamangu,1974-08-01,21.560000000000002,1974,8,tmin
Wanang,1974-08-01,21.17,1974,8,tmin
Yapsiei,1974-08-01,21.820000000000004,1974,8,tmin
Elem,1974-09-01,21.990000000000002,1974,9,tmin
Morox,1974-09-01,20.790000000000003,1974,9,tmin
Niksek,1974-09-01,21.080000000000002,1974,9,tmin
Ohu,1974-09-01,21.650000000000002,1974,9,tmin
Utai,1974-09-01,21.96,1974,9,tmin
Wamangu,1974-09-01,21.930000000000003,1974,9,tmin
Wanang,1974-09-01,21.740000000000002,1974,9,tmin
Yapsiei,1974-09-01,21.730000000000004,1974,9,tmin
Elem,1974-10-01,20.590000000000003,1974,10,tmin
Morox,1974-10-01,20.490000000000002,1974,10,tmin
Niksek,1974-10-01,20.05,1974,10,tmin
Ohu,1974-10-01,20.51,1974,10,tmin
Utai,1974-10-01,20.35,1974,10,tmin
Wamangu,1974-10-01,18.96,1974,10,tmin
Wanang,1974-10-01,19.62,1974,10,tmin
Yapsiei,1974-10-01,20.05,1974,10,tmin
Elem,1974-11-01,20.69,1974,11,tmin
Morox,1974-11-01,20.640000000000004,1974,11,tmin
Niksek,1974-11-01,20.740000000000002,1974,11,tmin
Ohu,1974-11-01,20.53,1974,11,tmin
Utai,1974-11-01,22.520000000000003,1974,11,tmin
Wamangu,1974-11-01,22.250000000000004,1974,11,tmin
Wanang,1974-11-01,22.060000000000002,1974,11,tmin
Yapsiei,1974-11-01,22.21,1974,11,tmin
Elem,1974-12-01,22.160000000000004,1974,12,tmin
Morox,1974-12-01,21.110000000000003,1974,12,tmin
Niksek,1974-12-01,21.540000000000003,1974,12,tmin
Ohu,1974-12-01,21.67,1974,12,tmin
Utai,1974-12-01,22.580000000000002,1974,12,tmin
Wamangu,1974-12-01,22.71,1974,12,tmin
Wanang,1974-12-01,22.770000000000003,1974,12,tmin
Yapsiei,1974-12-01,22.630000000000003,1974,12,tmin
Elem,1975-01-01,20.040000000000003,1975,1,tmin
Morox,1975-01-01,19.78,1975,1,tmin
Niksek,1975-01-01,19.62,1975,1,tmin
Ohu,1975-01-01,19.92,1975,1,tmin
Utai,1975-01-01,19.78,1975,1,tmin
Wamangu,1975-01-01,19.480000000000004,1975,1,tmin
Wanang,1975-01-01,19.250000000000004,1975,1,tmin
Yapsiei,1975-01-01,19.790000000000003,1975,1,tmin
Elem,1975-02-01,20.180000000000003,1975,2,tmin
Morox,1975-02-01,20.1,1975,2,tmin
Niksek,1975-02-01,19.890000000000004,1975,2,tmin
Ohu,1975-02-01,19.930000000000003,1975,2,tmin
Utai,1975-02-01,21.630000000000003,1975,2,tmin
Wamangu,1975-02-01,21.230000000000004,1975,2,tmin
Wanang,1975-02-01,21.270000000000003,1975,2,tmin
Yapsiei,1975-02-01,21.62,1975,2,tmin
Elem,1975-03-01,21.640000000000004,1975,3,tmin
Morox,1975-03-01,21.230000000000004,1975,3,tmin
Niksek,1975-03-01,20.840000000000003,1975,3,tmin
Ohu,1975-03-01,21.270000000000003,1975,3,tmin
Utai,1975-03-01,21.630000000000003,1975,3,tmin
Wamangu,1975-03-01,21.610000000000003,1975,3,tmin
Wanang,1975-03-01,21.44,1975,3,tmin
Yapsiei,1975-03-01,21.730000000000004,1975,3,tmin
Elem,1975-04-01,21.17,1975,4,tmin
Morox,1975-04-01,20.67,1975,4,tmin
Niksek,1975-04-01,20.570000000000004,1975,4,tmin
Ohu,1975-04-01,20.87,1975,4,tmin
Utai,1975-04-01,21.01,1975,4,tmin
Wamangu,1975-04-01,20.680000000000003,1975,4,tmin
Wanang,1975-04-01,20.590000000000003,1975,4,tmin
Yapsiei,1975-04-01,20.67,1975,4,tmin
Elem,1975-05-01,21.320000000000004,1975,5,tmin
Morox,1975-05-01,21.35,1975,5,tmin
Niksek,1975-05-01,20.950000000000003,1975,5,tmin
Ohu,1975-05-01,21.020000000000003,1975,5,tmin
Utai,1975-05-01,21.750000000000004,1975,5,tmin
Wamangu,1975-05-01,21.410000000000004,1975,5,tmin
Wanang,1975-05-01,21.320000000000004,1975,5,tmin
Yapsiei,1975-05-01,21.85,1975,5,tmin
Elem,1975-06-01,21.390000000000004,1975,6,tmin
Morox,1975-06-01,21.160000000000004,1975,6,tmin
Niksek,1975-06-01,20.580000000000002,1975,6,tmin
Ohu,1975-06-01,20.85,1975,6,tmin
Utai,1975-06-01,21.610000000000003,1975,6,tmin
Wamangu,1975-06-01,21.62,1975,6,tmin
Wanang,1975-06-01,21.650000000000002,1975,6,tmin
Yapsiei,1975-06-01,21.830000000000002,1975,6,tmin
Elem,1975-07-01,21.800000000000004,1975,7,tmin
Morox,1975-07-01,21.470000000000002,1975,7,tmin
Niksek,1975-07-01,21.590000000000003,1975,7,tmin
Ohu,1975-07-01,21.970000000000002,1975,7,tmin
Utai,1975-07-01,21.87,1975,7,tmin
Wamangu,1975-07-01,21.320000000000004,1975,7,tmin
Wanang,1975-07-01,21.130000000000003,1975,7,tmin
Yapsiei,1975-07-01,21.51,1975,7,tmin
Elem,1975-08-01,21.980000000000004,1975,8,tmin
Morox,1975-08-01,22.050000000000004,1975,8,tmin
Niksek,1975-08-01,21.830000000000002,1975,8,tmin
Ohu,1975-08-01,21.87,1975,8,tmin
Utai,1975-08-01,21.85,1975,8,tmin
Wamangu,1975-08-01,21.46,1975,8,tmin
Wanang,1975-08-01,21.470000000000002,1975,8,tmin
Yapsiei,1975-08-01,21.92,1975,8,tmin
Elem,1975-09-01,21.92,1975,9,tmin
Morox,1975-09-01,21.490000000000002,1975,9,tmin
Niksek,1975-09-01,21.01,1975,9,tmin
Ohu,1975-09-01,21.46,1975,9,tmin
Utai,1975-09-01,21.96,1975,9,tmin
Wamangu,1975-09-01,21.930000000000003,1975,9,tmin
Wanang,1975-09-01,21.720000000000002,1975,9,tmin
Yapsiei,1975-09-01,21.900000000000002,1975,9,tmin
Elem,1975-10-01,20.910000000000004,1975,10,tmin
Morox,1975-10-01,20.480000000000004,1975,10,tmin
Niksek,1975-10-01,20.340000000000003,1975,10,tmin
Ohu,1975-10-01,20.62,1975,10,tmin
Utai,1975-10-01,20.35,1975,10,tmin
Wamangu,1975-10-01,19.660000000000004,1975,10,tmin
Wanang,1975-10-01,19.630000000000003,1975,10,tmin
Yapsiei,1975-10-01,19.860000000000003,1975,10,tmin
Elem,1975-11-01,20.610000000000003,1975,11,tmin
Morox,1975-11-01,20.660000000000004,1975,11,tmin
Niksek,1975-11-01,20.720000000000002,1975,11,tmin
Ohu,1975-11-01,20.640000000000004,1975,11,tmin
Utai,1975-11-01,22.750000000000004,1975,11,tmin
Wamangu,1975-11-01,22.220000000000002,1975,11,tmin
Wanang,1975-11-01,22.35,1975,11,tmin
Yapsiei,1975-11-01,22.42,1975,11,tmin
Elem,1975-12-01,22.28,1975,12,tmin
Morox,1975-12-01,21.69,1975,12,tmin
Niksek,1975-12-01,21.96,1975,12,tmin
Ohu,1975-12-01,21.94,1975,12,tmin
Utai,1975-12-01,22.500000000000004,1975,12,tmin
Wamangu,1975-12-01,22.820000000000004,1975,12,tmin
Wanang,1975-12-01,22.580000000000002,1975,12,tmin
Yapsiei,1975-12-01,22.550000000000004,1975,12,tmin
Elem,1976-01-01,19.480000000000004,1976,1,tmin
Morox,1976-01-01,19.980000000000004,1976,1,tmin
Niksek,1976-01-01,19.320000000000004,1976,1,tmin
Ohu,1976-01-01,19.340000000000003,1976,1,tmin
Utai,1976-01-01,19.480000000000004,1976,1,tmin
Wamangu,1976-01-01,19.19,1976,1,tmin
Wanang,1976-01-01,19.320000000000004,1976,1,tmin
Yapsiei,1976-01-01,18.970000000000002,1976,1,tmin
Elem,1976-02-01,19.17,1976,2,tmin
Morox,1976-02-01,20.000000000000004,1976,2,tmin
Niksek,1976-02-01,20.230000000000004,1976,2,tmin
Ohu,1976-02-01,20.150000000000002,1976,2,tmin
Utai,1976-02-01,21.17,1976,2,tmin
Wamangu,1976-02-01,21.680000000000003,1976,2,tmin
Wanang,1976-02-01,20.94,1976,2,tmin
Yapsiei,1976-02-01,21.060000000000002,1976,2,tmin
Elem,1976-03-01,21.300000000000004,1976,3,tmin
Morox,1976-03-01,20.930000000000003,1976,3,tmin
Niksek,1976-03-01,21.020000000000003,1976,3,tmin
Ohu,1976-03-01,20.550000000000004,1976,3,tmin
Utai,1976-03-01,20.71,1976,3,tmin
Wamangu,1976-03-01,21.680000000000003,1976,3,tmin
Wanang,1976-03-01,21.700000000000003,1976,3,tmin
Yapsiei,1976-03-01,21.840000000000003,1976,3,tmin
Elem,1976-04-01,20.51,1976,4,tmin
Morox,1976-04-01,20.840000000000003,1976,4,tmin
Niksek,1976-04-01,20.26,1976,4,tmin
Ohu,1976-04-01,20.270000000000003,1976,4,tmin
Utai,1976-04-01,20.800000000000004,1976,4,tmin
Wamangu,1976-04-01,20.42,1976,4,tmin
Wanang,1976-04-01,20.390000000000004,1976,4,tmin
Yapsiei,1976-04-01,19.770000000000003,1976,4,tmin
Elem,1976-05-01,20.180000000000003,1976,5,tmin
Morox,1976-05-01,21.430000000000003,1976,5,tmin
Niksek,1976-05-01,21.300000000000004,1976,5,tmin
Ohu,1976-05-01,21.360000000000003,1976,5,tmin
Utai,1976-05-01,21.240000000000002,1976,5,tmin
Wamangu,1976-05-01,21.810000000000002,1976,5,tmin
Wanang,1976-05-01,20.94,1976,5,tmin
Yapsiei,1976-05-01,21.26,1976,5,tmin
Elem,1976-06-01,21.080000000000002,1976,6,tmin
Morox,1976-06-01,20.87,1976,6,tmin
Niksek,1976-06-01,20.770000000000003,1976,6,tmin
Ohu,1976-06-01,20.060000000000002,1976,6,tmin
Utai,1976-06-01,20.71,1976,6,tmin
Wamangu,1976-06-01,21.62,1976,6,tmin
Wanang,1976-06-01,21.770000000000003,1976,6,tmin
Yapsiei,1976-06-01,22.040000000000003,1976,6,tmin
Elem,1976-07-01,21.400000000000002,1976,7,tmin
Morox,1976-07-01,21.87,1976,7,tmin
Niksek,1976-07-01,21.340000000000003,1976,7,tmin
Ohu,1976-07-01,21.44,1976,7,tmin
Utai,1976-07-01,21.380000000000003,1976,7,tmin
Wamangu,1976-07-01,21.020000000000003,1976,7,tmin
Wanang,1976-07-01,21.230000000000004,1976,7,tmin
Yapsiei,1976-07-01,20.810000000000002,1976,7,tmin
Elem,1976-08-01,21.050000000000004,1976,8,tmin
Morox,1976-08-01,22.03,1976,8,tmin
Niksek,1976-08-01,22.150000000000002,1976,8,tmin
Ohu,1976-08-01,22.21,1976,8,tmin
Utai,1976-08-01,21.450000000000003,1976,8,tmin
Wamangu,1976-08-01,21.950000000000003,1976,8,tmin
Wanang,1976-08-01,21.17,1976,8,tmin
Yapsiei,1976-08-01,21.42,1976,8,tmin
Elem,1976-09-01,21.500000000000004,1976,9,tmin
Morox,1976-09-01,21.19,1976,9,tmin
Niksek,1976-09-01,21.200000000000003,1976,9,tmin
Ohu,1976-09-01,20.750000000000004,1976,9,tmin
Utai,1976-09-01,21.060000000000002,1976,9,tmin
Wamangu,1976-09-01,21.930000000000003,1976,9,tmin
Wanang,1976-09-01,22.01,1976,9,tmin
Yapsiei,1976-09-01,22.03,1976,9,tmin
Elem,1976-10-01,20.310000000000002,1976,10,tmin
Morox,1976-10-01,20.87,1976,10,tmin
Niksek,1976-10-01,20.040000000000003,1976,10,tmin
Ohu,1976-10-01,20.1,1976,10,tmin
Utai,1976-10-01,20.05,1976,10,tmin
Wamangu,1976-10-01,19.37,1976,10,tmin
Wanang,1976-10-01,19.720000000000002,1976,10,tmin
Yapsiei,1976-10-01,19.05,1976,10,tmin
Elem,1976-11-01,19.69,1976,11,tmin
Morox,1976-11-01,20.640000000000004,1976,11,tmin
Niksek,1976-11-01,20.94,1976,11,tmin
Ohu,1976-11-01,20.930000000000003,1976,11,tmin
Utai,1976-11-01,22.000000000000004,1976,11,tmin
Wamangu,1976-11-01,22.320000000000004,1976,11,tmin
Wanang,1976-11-01,22.070000000000004,1976,11,tmin
Yapsiei,1976-11-01,21.900000000000002,1976,11,tmin
Elem,1976-12-01,22.130000000000003,1976,12,tmin
Morox,1976-12-01,21.51,1976,12,tmin
Niksek,1976-12-01,21.51,1976,12,tmin
Ohu,1976-12-01,20.840000000000003,1976,12,tmin
Utai,1976-12-01,21.35,1976,12,tmin
Wamangu,1976-12-01,22.740000000000002,1976,12,tmin
Wanang,1976-12-01,22.970000000000002,1976,12,tmin
Yapsiei,1976-12-01,23.160000000000004,1976,12,tmin
Elem,1977-01-01,20.070000000000004,1977,1,tmin
Morox,1977-01-01,20.380000000000003,1977,1,tmin
Niksek,1977-01-01,20.42,1977,1,tmin
Ohu,1977-01-01,20.000000000000004,1977,1,tmin
Utai,1977-01-01,19.410000000000004,1977,1,tmin
Wamangu,1977-01-01,18.880000000000003,1977,1,tmin
Wanang,1977-01-01,19.21,1977,1,tmin
Yapsiei,1977-01-01,19.21,1977,1,tmin
Elem,1977-02-01,19.680000000000003,1977,2,tmin
Morox,1977-02-01,19.820000000000004,1977,2,tmin
Niksek,1977-02-01,19.820000000000004,1977,2,tmin
Ohu,1977-02-01,20.17,1977,2,tmin
Utai,1977-02-01,21.840000000000003,1977,2,tmin
Wamangu,1977-02-01,21.980000000000004,1977,2,tmin
Wanang,1977-02-01,22.070000000000004,1977,2,tmin
Yapsiei,1977-02-01,21.660000000000004,1977,2,tmin
Elem,1977-03-01,21.340000000000003,1977,3,tmin
Morox,1977-03-01,20.730000000000004,1977,3,tmin
Niksek,1977-03-01,20.900000000000002,1977,3,tmin
Ohu,1977-03-01,20.730000000000004,1977,3,tmin
Utai,1977-03-01,21.240000000000002,1977,3,tmin
Wamangu,1977-03-01,21.51,1977,3,tmin
Wanang,1977-03-01,21.480000000000004,1977,3,tmin
Yapsiei,1977-03-01,21.890000000000004,1977,3,tmin
Elem,1977-04-01,21.110000000000003,1977,4,tmin
Morox,1977-04-01,21.240000000000002,1977,4,tmin
Niksek,1977-04-01,21.320000000000004,1977,4,tmin
Ohu,1977-04-01,20.87,1977,4,tmin
Utai,1977-04-01,20.610000000000003,1977,4,tmin
Wamangu,1977-04-01,20.040000000000003,1977,4,tmin
Wanang,1977-04-01,20.240000000000002,1977,4,tmin
Yapsiei,1977-04-01,20.110000000000003,1977,4,tmin
Elem,1977-05-01,20.820000000000004,1977,5,tmin
Morox,1977-05-01,21.01,1977,5,tmin
Niksek,1977-05-01,20.770000000000003,1977,5,tmin
Ohu,1977-05-01,21.320000000000004,1977,5,tmin
Utai,1977-05-01,21.85,1977,5,tmin
Wamangu,1977-05-01,22.21,1977,5,tmin
Wanang,1977-05-01,22.21,1977,5,tmin
Yapsiei,1977-05-01,21.860000000000003,1977,5,tmin
Elem,1977-06-01,20.990000000000002,1977,6,tmin
Morox,1977-06-01,20.490000000000002,1977,6,tmin
Niksek,1977-06-01,20.770000000000003,1977,6,tmin
Ohu,1977-06-01,20.450000000000003,1977,6,tmin
Utai,1977-06-01,21.21,1977,6,tmin
Wamangu,1977-06-01,21.51,1977,6,tmin
Wanang,1977-06-01,21.650000000000002,1977,6,tmin
Yapsiei,1977-06-01,22.050000000000004,1977,6,tmin
Elem,1977-07-01,22.1,1977,7,tmin
Morox,1977-07-01,22.270000000000003,1977,7,tmin
Niksek,1977-07-01,22.390000000000004,1977,7,tmin
Ohu,1977-07-01,21.94,1977,7,tmin
Utai,1977-07-01,21.570000000000004,1977,7,tmin
Wamangu,1977-07-01,20.790000000000003,1977,7,tmin
Wanang,1977-07-01,21.1,1977,7,tmin
Yapsiei,1977-07-01,21.01,1977,7,tmin
Elem,1977-08-01,21.650000000000002,1977,8,tmin
Morox,1977-08-01,21.800000000000004,1977,8,tmin
Niksek,1977-08-01,21.900000000000002,1977,8,tmin
Ohu,1977-08-01,22.28,1977,8,tmin
Utai,1977-08-01,22.12,1977,8,tmin
Wamangu,1977-08-01,22.250000000000004,1977,8,tmin
Wanang,1977-08-01,22.270000000000003,1977,8,tmin
Yapsiei,1977-08-01,22.020000000000003,1977,8,tmin
Elem,1977-09-01,21.62,1977,9,tmin
Morox,1977-09-01,21.060000000000002,1977,9,tmin
Niksek,1977-09-01,21.180000000000003,1977,9,tmin
Ohu,1977-09-01,20.96,1977,9,tmin
Utai,1977-09-01,21.560000000000002,1977,9,tmin
Wamangu,1977-09-01,21.830000000000002,1977,9,tmin
Wanang,1977-09-01,21.810000000000002,1977,9,tmin
Yapsiei,1977-09-01,22.12,1977,9,tmin
Elem,1977-10-01,20.990000000000002,1977,10,tmin
Morox,1977-10-01,21.28,1977,10,tmin
Niksek,1977-10-01,21.140000000000004,1977,10,tmin
Ohu,1977-10-01,20.71,1977,10,tmin
Utai,1977-10-01,19.950000000000003,1977,10,tmin
Wamangu,1977-10-01,19.060000000000002,1977,10,tmin
Wanang,1977-10-01,19.71,1977,10,tmin
Yapsiei,1977-10-01,19.450000000000003,1977,10,tmin
Elem,1977-11-01,20.200000000000003,1977,11,tmin
Morox,1977-11-01,20.450000000000003,1977,11,tmin
Niksek,1977-11-01,20.630000000000003,1977,11,tmin
Ohu,1977-11-01,20.94,1977,11,tmin
Utai,1977-11-01,22.680000000000003,1977,11,tmin
Wamangu,1977-11-01,22.680000000000003,1977,11,tmin
Wanang,1977-11-01,22.94,1977,11,tmin
Yapsiei,1977-11-01,22.42,1977,11,tmin
Elem,1977-12-01,21.790000000000003,1977,12,tmin
Morox,1977-12-01,21.060000000000002,1977,12,tmin
Niksek,1977-12-01,21.230000000000004,1977,12,tmin
Ohu,1977-12-01,21.330000000000002,1977,12,tmin
Utai,1977-12-01,21.860000000000003,1977,12,tmin
Wamangu,1977-12-01,22.180000000000003,1977,12,tmin
Wanang,1977-12-01,22.140000000000004,1977,12,tmin
Yapsiei,1977-12-01,22.900000000000002,1977,12,tmin
Elem,1978-01-01,20.590000000000003,1978,1,tmin
Morox,1978-01-01,20.480000000000004,1978,1,tmin
Niksek,1978-01-01,19.840000000000003,1978,1,tmin
Ohu,1978-01-01,19.910000000000004,1978,1,tmin
Utai,1978-01-01,20.37,1978,1,tmin
Wamangu,1978-01-01,19.980000000000004,1978,1,tmin
Wanang,1978-01-01,19.480000000000004,1978,1,tmin
Yapsiei,1978-01-01,19.810000000000002,1978,1,tmin
Elem,1978-02-01,19.390000000000004,1978,2,tmin
Morox,1978-02-01,20.180000000000003,1978,2,tmin
Niksek,1978-02-01,19.96,1978,2,tmin
Ohu,1978-02-01,19.740000000000002,1978,2,tmin
Utai,1978-02-01,22.320000000000004,1978,2,tmin
Wamangu,1978-02-01,22.01,1978,2,tmin
Wanang,1978-02-01,21.400000000000002,1978,2,tmin
Yapsiei,1978-02-01,21.520000000000003,1978,2,tmin
Elem,1978-03-01,22.290000000000003,1978,3,tmin
Morox,1978-03-01,21.630000000000003,1978,3,tmin
Niksek,1978-03-01,21.070000000000004,1978,3,tmin
Ohu,1978-03-01,21.200000000000003,1978,3,tmin
Utai,1978-03-01,20.860000000000003,1978,3,tmin
Wamangu,1978-03-01,21.810000000000002,1978,3,tmin
Wanang,1978-03-01,21.62,1978,3,tmin
Yapsiei,1978-03-01,21.470000000000002,1978,3,tmin
Elem,1978-04-01,21.580000000000002,1978,4,tmin
Morox,1978-04-01,21.330000000000002,1978,4,tmin
Niksek,1978-04-01,20.860000000000003,1978,4,tmin
Ohu,1978-04-01,20.87,1978,4,tmin
Utai,1978-04-01,21.560000000000002,1978,4,tmin
Wamangu,1978-04-01,21.220000000000002,1978,4,tmin
Wanang,1978-04-01,20.630000000000003,1978,4,tmin
Yapsiei,1978-04-01,20.71,1978,4,tmin
Elem,1978-05-01,20.62,1978,5,tmin
Morox,1978-05-01,21.35,1978,5,tmin
Niksek,1978-05-01,20.950000000000003,1978,5,tmin
Ohu,1978-05-01,21.01,1978,5,tmin
Utai,1978-05-01,22.340000000000003,1978,5,tmin
Wamangu,1978-05-01,22.21,1978,5,tmin
Wanang,1978-05-01,21.700000000000003,1978,5,tmin
Yapsiei,1978-05-01,21.840000000000003,1978,5,tmin
Elem,1978-06-01,21.900000000000002,1978,6,tmin
Morox,1978-06-01,21.490000000000002,1978,6,tmin
Niksek,1978-06-01,20.94,1978,6,tmin
Ohu,1978-06-01,20.96,1978,6,tmin
Utai,1978-06-01,20.820000000000004,1978,6,tmin
Wamangu,1978-06-01,21.720000000000002,1978,6,tmin
Wanang,1978-06-01,21.660000000000004,1978,6,tmin
Yapsiei,1978-06-01,21.550000000000004,1978,6,tmin
Elem,1978-07-01,22.560000000000002,1978,7,tmin
Morox,1978-07-01,22.330000000000002,1978,7,tmin
Niksek,1978-07-01,21.87,1978,7,tmin
Ohu,1978-07-01,21.92,1978,7,tmin
Utai,1978-07-01,22.480000000000004,1978,7,tmin
Wamangu,1978-07-01,21.720000000000002,1978,7,tmin
Wanang,1978-07-01,21.330000000000002,1978,7,tmin
Yapsiei,1978-07-01,21.44,1978,7,tmin
Elem,1978-08-01,21.28,1978,8,tmin
Morox,1978-08-01,22.1,1978,8,tmin
Niksek,1978-08-01,21.930000000000003,1978,8,tmin
Ohu,1978-08-01,21.880000000000003,1978,8,tmin
Utai,1978-08-01,22.640000000000004,1978,8,tmin
Wamangu,1978-08-01,22.250000000000004,1978,8,tmin
Wanang,1978-08-01,21.67,1978,8,tmin
Yapsiei,1978-08-01,21.820000000000004,1978,8,tmin
Elem,1978-09-01,22.590000000000003,1978,9,tmin
Morox,1978-09-01,21.890000000000004,1978,9,tmin
Niksek,1978-09-01,21.310000000000002,1978,9,tmin
Ohu,1978-09-01,21.360000000000003,1978,9,tmin
Utai,1978-09-01,21.160000000000004,1978,9,tmin
Wamangu,1978-09-01,22.130000000000003,1978,9,tmin
Wanang,1978-09-01,21.890000000000004,1978,9,tmin
Yapsiei,1978-09-01,21.820000000000004,1978,9,tmin
Elem,1978-10-01,21.410000000000004,1978,10,tmin
Morox,1978-10-01,21.28,1978,10,tmin
Niksek,1978-10-01,20.630000000000003,1978,10,tmin
Ohu,1978-10-01,20.610000000000003,1978,10,tmin
Utai,1978-10-01,20.950000000000003,1978,10,tmin
Wamangu,1978-10-01,20.150000000000002,1978,10,tmin
Wanang,1978-10-01,19.830000000000002,1978,10,tmin
Yapsiei,1978-10-01,20.040000000000003,1978,10,tmin
Elem,1978-11-01,19.890000000000004,1978,11,tmin
Morox,1978-11-01,20.76,1978,11,tmin
Niksek,1978-11-01,20.740000000000002,1978,11,tmin
Ohu,1978-11-01,20.430000000000003,1978,11,tmin
Utai,1978-11-01,23.050000000000004,1978,11,tmin
Wamangu,1978-11-01,22.800000000000004,1978,11,tmin
Wanang,1978-11-01,22.570000000000004,1978,11,tmin
Yapsiei,1978-11-01,22.390000000000004,1978,11,tmin
Elem,1978-12-01,22.76,1978,12,tmin
Morox,1978-12-01,22.21,1978,12,tmin
Niksek,1978-12-01,21.840000000000003,1978,12,tmin
Ohu,1978-12-01,22.060000000000002,1978,12,tmin
Utai,1978-12-01,21.990000000000002,1978,12,tmin
Wamangu,1978-12-01,22.720000000000002,1978,12,tmin
Wanang,1978-12-01,22.450000000000003,1978,12,tmin
Yapsiei,1978-12-01,22.6,1978,12,tmin
Elem,1979-01-01,20.330000000000002,1979,1,tmin
Morox,1979-01-01,20.250000000000004,1979,1,tmin
Niksek,1979-01-01,19.930000000000003,1979,1,tmin
Ohu,1979-01-01,19.92,1979,1,tmin
Utai,1979-01-01,19.820000000000004,1979,1,tmin
Wamangu,1979-01-01,19.8,1979,1,tmin
Wanang,1979-01-01,19.410000000000004,1979,1,tmin
Yapsiei,1979-01-01,19.880000000000003,1979,1,tmin
Elem,1979-02-01,19.990000000000002,1979,2,tmin
Morox,1979-02-01,19.880000000000003,1979,2,tmin
Niksek,1979-02-01,20.320000000000004,1979,2,tmin
Ohu,1979-02-01,20.340000000000003,1979,2,tmin
Utai,1979-02-01,22.060000000000002,1979,2,tmin
Wamangu,1979-02-01,21.770000000000003,1979,2,tmin
Wanang,1979-02-01,21.540000000000003,1979,2,tmin
Yapsiei,1979-02-01,21.520000000000003,1979,2,tmin
Elem,1979-03-01,21.740000000000002,1979,3,tmin
Morox,1979-03-01,21.550000000000004,1979,3,tmin
Niksek,1979-03-01,21.1,1979,3,tmin
Ohu,1979-03-01,21.470000000000002,1979,3,tmin
Utai,1979-03-01,21.430000000000003,1979,3,tmin
Wamangu,1979-03-01,21.6,1979,3,tmin
Wanang,1979-03-01,21.87,1979,3,tmin
Yapsiei,1979-03-01,22.1,1979,3,tmin
Elem,1979-04-01,21.410000000000004,1979,4,tmin
Morox,1979-04-01,21.140000000000004,1979,4,tmin
Niksek,1979-04-01,20.96,1979,4,tmin
Ohu,1979-04-01,20.87,1979,4,tmin
Utai,1979-04-01,21.060000000000002,1979,4,tmin
Wamangu,1979-04-01,21.040000000000003,1979,4,tmin
Wanang,1979-04-01,20.450000000000003,1979,4,tmin
Yapsiei,1979-04-01,20.610000000000003,1979,4,tmin
Elem,1979-05-01,21.060000000000002,1979,5,tmin
Morox,1979-05-01,21.040000000000003,1979,5,tmin
Niksek,1979-05-01,21.250000000000004,1979,5,tmin
Ohu,1979-05-01,21.520000000000003,1979,5,tmin
Utai,1979-05-01,22.050000000000004,1979,5,tmin
Wamangu,1979-05-01,21.910000000000004,1979,5,tmin
Wanang,1979-05-01,21.62,1979,5,tmin
Yapsiei,1979-05-01,21.76,1979,5,tmin
Elem,1979-06-01,21.470000000000002,1979,6,tmin
Morox,1979-06-01,21.480000000000004,1979,6,tmin
Niksek,1979-06-01,20.87,1979,6,tmin
Ohu,1979-06-01,21.160000000000004,1979,6,tmin
Utai,1979-06-01,21.500000000000004,1979,6,tmin
Wamangu,1979-06-01,21.6,1979,6,tmin
Wanang,1979-06-01,21.96,1979,6,tmin
Yapsiei,1979-06-01,22.150000000000002,1979,6,tmin
Elem,1979-07-01,22.300000000000004,1979,7,tmin
Morox,1979-07-01,21.980000000000004,1979,7,tmin
Niksek,1979-07-01,21.87,1979,7,tmin
Ohu,1979-07-01,21.87,1979,7,tmin
Utai,1979-07-01,21.880000000000003,1979,7,tmin
Wamangu,1979-07-01,21.610000000000003,1979,7,tmin
Wanang,1979-07-01,21.390000000000004,1979,7,tmin
Yapsiei,1979-07-01,21.680000000000003,1979,7,tmin
Elem,1979-08-01,21.680000000000003,1979,8,tmin
Morox,1979-08-01,21.85,1979,8,tmin
Niksek,1979-08-01,22.150000000000002,1979,8,tmin
Ohu,1979-08-01,22.490000000000002,1979,8,tmin
Utai,1979-08-01,22.320000000000004,1979,8,tmin
Wamangu,1979-08-01,21.96,1979,8,tmin
Wanang,1979-08-01,21.770000000000003,1979,8,tmin
Yapsiei,1979-08-01,21.820000000000004,1979,8,tmin
Elem,1979-09-01,22.000000000000004,1979,9,tmin
Morox,1979-09-01,21.790000000000003,1979,9,tmin
Niksek,1979-09-01,21.380000000000003,1979,9,tmin
Ohu,1979-09-01,21.750000000000004,1979,9,tmin
Utai,1979-09-01,21.740000000000002,1979,9,tmin
Wamangu,1979-09-01,21.930000000000003,1979,9,tmin
Wanang,1979-09-01,22.21,1979,9,tmin
Yapsiei,1979-09-01,22.42,1979,9,tmin
Elem,1979-10-01,21.19,1979,10,tmin
Morox,1979-10-01,20.980000000000004,1979,10,tmin
Niksek,1979-10-01,20.640000000000004,1979,10,tmin
Ohu,1979-10-01,20.610000000000003,1979,10,tmin
Utai,1979-10-01,20.35,1979,10,tmin
Wamangu,1979-10-01,20.05,1979,10,tmin
Wanang,1979-10-01,19.820000000000004,1979,10,tmin
Yapsiei,1979-10-01,20.150000000000002,1979,10,tmin
Elem,1979-11-01,20.490000000000002,1979,11,tmin
Morox,1979-11-01,20.540000000000003,1979,11,tmin
Niksek,1979-11-01,21.040000000000003,1979,11,tmin
Ohu,1979-11-01,21.040000000000003,1979,11,tmin
Utai,1979-11-01,22.980000000000004,1979,11,tmin
Wamangu,1979-11-01,22.730000000000004,1979,11,tmin
Wanang,1979-11-01,22.880000000000003,1979,11,tmin
Yapsiei,1979-11-01,22.540000000000003,1979,11,tmin
Elem,1979-12-01,22.320000000000004,1979,12,tmin
Morox,1979-12-01,22.090000000000003,1979,12,tmin
Niksek,1979-12-01,21.490000000000002,1979,12,tmin
Ohu,1979-12-01,21.62,1979,12,tmin
Utai,1979-12-01,22.310000000000002,1979,12,tmin
Wamangu,1979-12-01,22.310000000000002,1979,12,tmin
Wanang,1979-12-01,22.76,1979,12,tmin
Yapsiei,1979-12-01,22.980000000000004,1979,12,tmin
Elem,1980-01-01,20.500000000000004,1980,1,tmin
Morox,1980-01-01,20.340000000000003,1980,1,tmin
Niksek,1980-01-01,20.150000000000002,1980,1,tmin
Ohu,1980-01-01,20.570000000000004,1980,1,tmin
Utai,1980-01-01,19.970000000000002,1980,1,tmin
Wamangu,1980-01-01,19.890000000000004,1980,1,tmin
Wanang,1980-01-01,19.12,1980,1,tmin
Yapsiei,1980-01-01,19.470000000000002,1980,1,tmin
Elem,1980-02-01,19.770000000000003,1980,2,tmin
Morox,1980-02-01,20.130000000000003,1980,2,tmin
Niksek,1980-02-01,19.890000000000004,1980,2,tmin
Ohu,1980-02-01,20.1,1980,2,tmin
Utai,1980-02-01,22.220000000000002,1980,2,tmin
Wamangu,1980-02-01,21.880000000000003,1980,2,tmin
Wanang,1980-02-01,21.87,1980,2,tmin
Yapsiei,1980-02-01,22.220000000000002,1980,2,tmin
Elem,1980-03-01,21.840000000000003,1980,3,tmin
Morox,1980-03-01,21.6,1980,3,tmin
Niksek,1980-03-01,20.720000000000002,1980,3,tmin
Ohu,1980-03-01,20.930000000000003,1980,3,tmin
Utai,1980-03-01,21.330000000000002,1980,3,tmin
Wamangu,1980-03-01,21.880000000000003,1980,3,tmin
Wanang,1980-03-01,21.400000000000002,1980,3,tmin
Yapsiei,1980-03-01,21.790000000000003,1980,3,tmin
Elem,1980-04-01,21.520000000000003,1980,4,tmin
Morox,1980-04-01,21.150000000000002,1980,4,tmin
Niksek,1980-04-01,21.020000000000003,1980,4,tmin
Ohu,1980-04-01,21.520000000000003,1980,4,tmin
Utai,1980-04-01,21.200000000000003,1980,4,tmin
Wamangu,1980-04-01,21.12,1980,4,tmin
Wanang,1980-04-01,20.19,1980,4,tmin
Yapsiei,1980-04-01,20.400000000000002,1980,4,tmin
Elem,1980-05-01,20.830000000000002,1980,5,tmin
Morox,1980-05-01,21.35,1980,5,tmin
Niksek,1980-05-01,20.950000000000003,1980,5,tmin
Ohu,1980-05-01,21.17,1980,5,tmin
Utai,1980-05-01,22.340000000000003,1980,5,tmin
Wamangu,1980-05-01,22.1,1980,5,tmin
Wanang,1980-05-01,21.92,1980,5,tmin
Yapsiei,1980-05-01,22.53,1980,5,tmin
Elem,1980-06-01,21.490000000000002,1980,6,tmin
Morox,1980-06-01,21.580000000000002,1980,6,tmin
Niksek,1980-06-01,20.650000000000002,1980,6,tmin
Ohu,1980-06-01,20.660000000000004,1980,6,tmin
Utai,1980-06-01,21.310000000000002,1980,6,tmin
Wamangu,1980-06-01,21.900000000000002,1980,6,tmin
Wanang,1980-06-01,21.470000000000002,1980,6,tmin
Yapsiei,1980-06-01,21.85,1980,6,tmin
Elem,1980-07-01,22.6,1980,7,tmin
Morox,1980-07-01,22.160000000000004,1980,7,tmin
Niksek,1980-07-01,22.090000000000003,1980,7,tmin
Ohu,1980-07-01,22.540000000000003,1980,7,tmin
Utai,1980-07-01,21.980000000000004,1980,7,tmin
Wamangu,1980-07-01,21.820000000000004,1980,7,tmin
Wanang,1980-07-01,21.1,1980,7,tmin
Yapsiei,1980-07-01,21.21,1980,7,tmin
Elem,1980-08-01,21.650000000000002,1980,8,tmin
Morox,1980-08-01,22.130000000000003,1980,8,tmin
Niksek,1980-08-01,21.750000000000004,1980,8,tmin
Ohu,1980-08-01,22.180000000000003,1980,8,tmin
Utai,1980-08-01,22.540000000000003,1980,8,tmin
Wamangu,1980-08-01,22.160000000000004,1980,8,tmin
Wanang,1980-08-01,22.070000000000004,1980,8,tmin
Yapsiei,1980-08-01,22.520000000000003,1980,8,tmin
Elem,1980-09-01,22.1,1980,9,tmin
Morox,1980-09-01,21.890000000000004,1980,9,tmin
Niksek,1980-09-01,20.980000000000004,1980,9,tmin
Ohu,1980-09-01,21.160000000000004,1980,9,tmin
Utai,1980-09-01,21.660000000000004,1980,9,tmin
Wamangu,1980-09-01,22.130000000000003,1980,9,tmin
Wanang,1980-09-01,21.71,1980,9,tmin
Yapsiei,1980-09-01,22.020000000000003,1980,9,tmin
Elem,1980-10-01,21.410000000000004,1980,10,tmin
Morox,1980-10-01,21.080000000000002,1980,10,tmin
Niksek,1980-10-01,20.94,1980,10,tmin
Ohu,1980-10-01,21.21,1980,10,tmin
Utai,1980-10-01,20.470000000000002,1980,10,tmin
Wamangu,1980-10-01,20.160000000000004,1980,10,tmin
Wanang,1980-10-01,19.520000000000003,1980,10,tmin
Yapsiei,1980-10-01,19.740000000000002,1980,10,tmin
Elem,1980-11-01,20.3,1980,11,tmin
Morox,1980-11-01,20.840000000000003,1980,11,tmin
Niksek,1980-11-01,20.630000000000003,1980,11,tmin
Ohu,1980-11-01,20.730000000000004,1980,11,tmin
Utai,1980-11-01,23.020000000000003,1980,11,tmin
Wamangu,1980-11-01,22.630000000000003,1980,11,tmin
Wanang,1980-11-01,22.720000000000002,1980,11,tmin
Yapsiei,1980-11-01,23.040000000000003,1980,11,tmin
Elem,1980-12-01,22.42,1980,12,tmin
Morox,1980-12-01,22.080000000000002,1980,12,tmin
Niksek,1980-12-01,21.310000000000002,1980,12,tmin
Ohu,1980-12-01,21.630000000000003,1980,12,tmin
Utai,1980-12-01,21.890000000000004,1980,12,tmin
Wamangu,1980-12-01,22.630000000000003,1980,12,tmin
Wanang,1980-12-01,22.610000000000003,1980,12,tmin
Yapsiei,1980-12-01,22.71,1980,12,tmin
Elem,1981-01-01,19.980000000000004,1981,1,tmin
Morox,1981-01-01,20.380000000000003,1981,1,tmin
Niksek,1981-01-01,20.320000000000004,1981,1,tmin
Ohu,1981-01-01,20.000000000000004,1981,1,tmin
Utai,1981-01-01,20.560000000000002,1981,1,tmin
Wamangu,1981-01-01,19.700000000000003,1981,1,tmin
Wanang,1981-01-01,19.500000000000004,1981,1,tmin
Yapsiei,1981-01-01,19.110000000000003,1981,1,tmin
Elem,1981-02-01,20.080000000000002,1981,2,tmin
Morox,1981-02-01,19.730000000000004,1981,2,tmin
Niksek,1981-02-01,20.430000000000003,1981,2,tmin
Ohu,1981-02-01,20.470000000000002,1981,2,tmin
Utai,1981-02-01,21.720000000000002,1981,2,tmin
Wamangu,1981-02-01,22.01,1981,2,tmin
Wanang,1981-02-01,21.94,1981,2,tmin
Yapsiei,1981-02-01,21.62,1981,2,tmin
Elem,1981-03-01,22.490000000000002,1981,3,tmin
Morox,1981-03-01,21.430000000000003,1981,3,tmin
Niksek,1981-03-01,21.070000000000004,1981,3,tmin
Ohu,1981-03-01,20.67,1981,3,tmin
Utai,1981-03-01,21.51,1981,3,tmin
Wamangu,1981-03-01,21.380000000000003,1981,3,tmin
Wanang,1981-03-01,21.94,1981,3,tmin
Yapsiei,1981-03-01,22.150000000000002,1981,3,tmin
Elem,1981-04-01,20.980000000000004,1981,4,tmin
Morox,1981-04-01,21.140000000000004,1981,4,tmin
Niksek,1981-04-01,21.26,1981,4,tmin
Ohu,1981-04-01,20.96,1981,4,tmin
Utai,1981-04-01,21.610000000000003,1981,4,tmin
Wamangu,1981-04-01,21.020000000000003,1981,4,tmin
Wanang,1981-04-01,20.78,1981,4,tmin
Yapsiei,1981-04-01,19.970000000000002,1981,4,tmin
Elem,1981-05-01,21.21,1981,5,tmin
Morox,1981-05-01,21.040000000000003,1981,5,tmin
Niksek,1981-05-01,21.35,1981,5,tmin
Ohu,1981-05-01,21.610000000000003,1981,5,tmin
Utai,1981-05-01,21.740000000000002,1981,5,tmin
Wamangu,1981-05-01,22.200000000000003,1981,5,tmin
Wanang,1981-05-01,22.020000000000003,1981,5,tmin
Yapsiei,1981-05-01,21.85,1981,5,tmin
Elem,1981-06-01,22.1,1981,6,tmin
Morox,1981-06-01,21.28,1981,6,tmin
Niksek,1981-06-01,20.860000000000003,1981,6,tmin
Ohu,1981-06-01,20.270000000000003,1981,6,tmin
Utai,1981-06-01,21.6,1981,6,tmin
Wamangu,1981-06-01,21.320000000000004,1981,6,tmin
Wanang,1981-06-01,21.970000000000002,1981,6,tmin
Yapsiei,1981-06-01,22.250000000000004,1981,6,tmin
Elem,1981-07-01,21.96,1981,7,tmin
Morox,1981-07-01,22.230000000000004,1981,7,tmin
Niksek,1981-07-01,22.270000000000003,1981,7,tmin
Ohu,1981-07-01,21.970000000000002,1981,7,tmin
Utai,1981-07-01,22.630000000000003,1981,7,tmin
Wamangu,1981-07-01,21.560000000000002,1981,7,tmin
Wanang,1981-07-01,21.400000000000002,1981,7,tmin
Yapsiei,1981-07-01,20.980000000000004,1981,7,tmin
Elem,1981-08-01,21.880000000000003,1981,8,tmin
Morox,1981-08-01,21.700000000000003,1981,8,tmin
Niksek,1981-08-01,22.330000000000002,1981,8,tmin
Ohu,1981-08-01,22.380000000000003,1981,8,tmin
Utai,1981-08-01,22.040000000000003,1981,8,tmin
Wamangu,1981-08-01,22.250000000000004,1981,8,tmin
Wanang,1981-08-01,22.17,1981,8,tmin
Yapsiei,1981-08-01,21.92,1981,8,tmin
Elem,1981-09-01,22.790000000000003,1981,9,tmin
Morox,1981-09-01,21.69,1981,9,tmin
Niksek,1981-09-01,21.290000000000003,1981,9,tmin
Ohu,1981-09-01,20.950000000000003,1981,9,tmin
Utai,1981-09-01,21.860000000000003,1981,9,tmin
Wamangu,1981-09-01,21.730000000000004,1981,9,tmin
Wanang,1981-09-01,22.220000000000002,1981,9,tmin
Yapsiei,1981-09-01,22.42,1981,9,tmin
Elem,1981-10-01,20.810000000000002,1981,10,tmin
Morox,1981-10-01,21.180000000000003,1981,10,tmin
Niksek,1981-10-01,21.040000000000003,1981,10,tmin
Ohu,1981-10-01,20.630000000000003,1981,10,tmin
Utai,1981-10-01,21.150000000000002,1981,10,tmin
Wamangu,1981-10-01,19.860000000000003,1981,10,tmin
Wanang,1981-10-01,19.830000000000002,1981,10,tmin
Yapsiei,1981-10-01,19.360000000000003,1981,10,tmin
Elem,1981-11-01,20.590000000000003,1981,11,tmin
Morox,1981-11-01,20.35,1981,11,tmin
Niksek,1981-11-01,21.140000000000004,1981,11,tmin
Ohu,1981-11-01,21.130000000000003,1981,11,tmin
Utai,1981-11-01,22.550000000000004,1981,11,tmin
Wamangu,1981-11-01,22.6,1981,11,tmin
Wanang,1981-11-01,22.950000000000003,1981,11,tmin
Yapsiei,1981-11-01,22.520000000000003,1981,11,tmin
Elem,1981-12-01,22.770000000000003,1981,12,tmin
Morox,1981-12-01,22.090000000000003,1981,12,tmin
Niksek,1981-12-01,22.130000000000003,1981,12,tmin
Ohu,1981-12-01,21.1,1981,12,tmin
Utai,1981-12-01,22.380000000000003,1981,12,tmin
Wamangu,1981-12-01,22.300000000000004,1981,12,tmin
Wanang,1981-12-01,22.85,1981,12,tmin
Yapsiei,1981-12-01,23.230000000000004,1981,12,tmin
Elem,1982-01-01,20.090000000000003,1982,1,tmin
Morox,1982-01-01,20.250000000000004,1982,1,tmin
Niksek,1982-01-01,20.020000000000003,1982,1,tmin
Ohu,1982-01-01,20.1,1982,1,tmin
Utai,1982-01-01,19.87,1982,1,tmin
Wamangu,1982-01-01,19.380000000000003,1982,1,tmin
Wanang,1982-01-01,19.28,1982,1,tmin
Yapsiei,1982-01-01,18.910000000000004,1982,1,tmin
Elem,1982-02-01,19.270000000000003,1982,2,tmin
Morox,1982-02-01,19.380000000000003,1982,2,tmin
Niksek,1982-02-01,19.060000000000002,1982,2,tmin
Ohu,1982-02-01,20.46,1982,2,tmin
Utai,1982-02-01,21.740000000000002,1982,2,tmin
Wamangu,1982-02-01,21.730000000000004,1982,2,tmin
Wanang,1982-02-01,21.67,1982,2,tmin
Yapsiei,1982-02-01,21.790000000000003,1982,2,tmin
Elem,1982-03-01,21.740000000000002,1982,3,tmin
Morox,1982-03-01,21.200000000000003,1982,3,tmin
Niksek,1982-03-01,21.130000000000003,1982,3,tmin
Ohu,1982-03-01,20.53,1982,3,tmin
Utai,1982-03-01,20.860000000000003,1982,3,tmin
Wamangu,1982-03-01,21.270000000000003,1982,3,tmin
Wanang,1982-03-01,20.640000000000004,1982,3,tmin
Yapsiei,1982-03-01,22.1,1982,3,tmin
Elem,1982-04-01,21.12,1982,4,tmin
Morox,1982-04-01,21.040000000000003,1982,4,tmin
Niksek,1982-04-01,20.970000000000002,1982,4,tmin
Ohu,1982-04-01,21.060000000000002,1982,4,tmin
Utai,1982-04-01,21.01,1982,4,tmin
Wamangu,1982-04-01,20.520000000000003,1982,4,tmin
Wanang,1982-04-01,20.290000000000003,1982,4,tmin
Yapsiei,1982-04-01,19.810000000000002,1982,4,tmin
Elem,1982-05-01,20.28,1982,5,tmin
Morox,1982-05-01,20.550000000000004,1982,5,tmin
Niksek,1982-05-01,20.060000000000002,1982,5,tmin
Ohu,1982-05-01,21.570000000000004,1982,5,tmin
Utai,1982-05-01,21.840000000000003,1982,5,tmin
Wamangu,1982-05-01,21.910000000000004,1982,5,tmin
Wanang,1982-05-01,21.720000000000002,1982,5,tmin
Yapsiei,1982-05-01,22.050000000000004,1982,5,tmin
Elem,1982-06-01,21.490000000000002,1982,6,tmin
Morox,1982-06-01,21.17,1982,6,tmin
Niksek,1982-06-01,20.950000000000003,1982,6,tmin
Ohu,1982-06-01,20.070000000000004,1982,6,tmin
Utai,1982-06-01,20.800000000000004,1982,6,tmin
Wamangu,1982-06-01,21.110000000000003,1982,6,tmin
Wanang,1982-06-01,20.840000000000003,1982,6,tmin
Yapsiei,1982-06-01,22.160000000000004,1982,6,tmin
Elem,1982-07-01,21.96,1982,7,tmin
Morox,1982-07-01,21.970000000000002,1982,7,tmin
Niksek,1982-07-01,21.990000000000002,1982,7,tmin
Ohu,1982-07-01,22.070000000000004,1982,7,tmin
Utai,1982-07-01,21.87,1982,7,tmin
Wamangu,1982-07-01,21.220000000000002,1982,7,tmin
Wanang,1982-07-01,21.330000000000002,1982,7,tmin
Yapsiei,1982-07-01,20.76,1982,7,tmin
Elem,1982-08-01,21.180000000000003,1982,8,tmin
Morox,1982-08-01,21.87,1982,8,tmin
Niksek,1982-08-01,20.900000000000002,1982,8,tmin
Ohu,1982-08-01,22.580000000000002,1982,8,tmin
Utai,1982-08-01,22.050000000000004,1982,8,tmin
Wamangu,1982-08-01,21.96,1982,8,tmin
Wanang,1982-08-01,21.87,1982,8,tmin
Yapsiei,1982-08-01,22.020000000000003,1982,8,tmin
Elem,1982-09-01,22.020000000000003,1982,9,tmin
Morox,1982-09-01,21.490000000000002,1982,9,tmin
Niksek,1982-09-01,21.400000000000002,1982,9,tmin
Ohu,1982-09-01,20.76,1982,9,tmin
Utai,1982-09-01,21.240000000000002,1982,9,tmin
Wamangu,1982-09-01,21.69,1982,9,tmin
Wanang,1982-09-01,20.910000000000004,1982,9,tmin
Yapsiei,1982-09-01,22.42,1982,9,tmin
Elem,1982-10-01,20.890000000000004,1982,10,tmin
Morox,1982-10-01,20.980000000000004,1982,10,tmin
Niksek,1982-10-01,20.740000000000002,1982,10,tmin
Ohu,1982-10-01,20.830000000000002,1982,10,tmin
Utai,1982-10-01,20.450000000000003,1982,10,tmin
Wamangu,1982-10-01,19.660000000000004,1982,10,tmin
Wanang,1982-10-01,19.820000000000004,1982,10,tmin
Yapsiei,1982-10-01,19.150000000000002,1982,10,tmin
Elem,1982-11-01,19.700000000000003,1982,11,tmin
Morox,1982-11-01,20.05,1982,11,tmin
Niksek,1982-11-01,19.840000000000003,1982,11,tmin
Ohu,1982-11-01,21.130000000000003,1982,11,tmin
Utai,1982-11-01,22.680000000000003,1982,11,tmin
Wamangu,1982-11-01,22.610000000000003,1982,11,tmin
Wanang,1982-11-01,22.67,1982,11,tmin
Yapsiei,1982-11-01,22.590000000000003,1982,11,tmin
Elem,1982-12-01,22.28,1982,12,tmin
Morox,1982-12-01,21.540000000000003,1982,12,tmin
Niksek,1982-12-01,21.17,1982,12,tmin
Ohu,1982-12-01,21.060000000000002,1982,12,tmin
Utai,1982-12-01,21.390000000000004,1982,12,tmin
Wamangu,1982-12-01,21.830000000000002,1982,12,tmin
Wanang,1982-12-01,21.53,1982,12,tmin
Yapsiei,1982-12-01,23.160000000000004,1982,12,tmin
Elem,1983-01-01,20.520000000000003,1983,1,tmin
Morox,1983-01-01,20.640000000000004,1983,1,tmin
Niksek,1983-01-01,20.520000000000003,1983,1,tmin
Ohu,1983-01-01,20.410000000000004,1983,1,tmin
Utai,1983-01-01,20.110000000000003,1983,1,tmin
Wamangu,1983-01-01,19.990000000000002,1983,1,tmin
Wanang,1983-01-01,19.610000000000003,1983,1,tmin
Yapsiei,1983-01-01,19.990000000000002,1983,1,tmin
Elem,1983-02-01,20.080000000000002,1983,2,tmin
Morox,1983-02-01,19.910000000000004,1983,2,tmin
Niksek,1983-02-01,20.130000000000003,1983,2,tmin
Ohu,1983-02-01,19.970000000000002,1983,2,tmin
Utai,1983-02-01,22.220000000000002,1983,2,tmin
Wamangu,1983-02-01,22.270000000000003,1983,2,tmin
Wanang,1983-02-01,22.240000000000002,1983,2,tmin
Yapsiei,1983-02-01,22.090000000000003,1983,2,tmin
Elem,1983-03-01,22.01,1983,3,tmin
Morox,1983-03-01,21.730000000000004,1983,3,tmin
Niksek,1983-03-01,21.360000000000003,1983,3,tmin
Ohu,1983-03-01,21.51,1983,3,tmin
Utai,1983-03-01,21.560000000000002,1983,3,tmin
Wamangu,1983-03-01,21.480000000000004,1983,3,tmin
Wanang,1983-03-01,21.750000000000004,1983,3,tmin
Yapsiei,1983-03-01,21.720000000000002,1983,3,tmin
Elem,1983-04-01,21.660000000000004,1983,4,tmin
Morox,1983-04-01,21.490000000000002,1983,4,tmin
Niksek,1983-04-01,21.430000000000003,1983,4,tmin
Ohu,1983-04-01,21.28,1983,4,tmin
Utai,1983-04-01,21.270000000000003,1983,4,tmin
Wamangu,1983-04-01,21.220000000000002,1983,4,tmin
Wanang,1983-04-01,20.69,1983,4,tmin
Yapsiei,1983-04-01,20.87,1983,4,tmin
Elem,1983-05-01,21.26,1983,5,tmin
Morox,1983-05-01,21.240000000000002,1983,5,tmin
Niksek,1983-05-01,21.250000000000004,1983,5,tmin
Ohu,1983-05-01,21.160000000000004,1983,5,tmin
Utai,1983-05-01,22.17,1983,5,tmin
Wamangu,1983-05-01,22.130000000000003,1983,5,tmin
Wanang,1983-05-01,22.240000000000002,1983,5,tmin
Yapsiei,1983-05-01,22.26,1983,5,tmin
Elem,1983-06-01,21.69,1983,6,tmin
Morox,1983-06-01,21.580000000000002,1983,6,tmin
Niksek,1983-06-01,21.150000000000002,1983,6,tmin
Ohu,1983-06-01,21.250000000000004,1983,6,tmin
Utai,1983-06-01,21.700000000000003,1983,6,tmin
Wamangu,1983-06-01,21.42,1983,6,tmin
Wanang,1983-06-01,21.85,1983,6,tmin
Yapsiei,1983-06-01,21.85,1983,6,tmin
Elem,1983-07-01,22.67,1983,7,tmin
Morox,1983-07-01,22.580000000000002,1983,7,tmin
Niksek,1983-07-01,22.820000000000004,1983,7,tmin
Ohu,1983-07-01,22.540000000000003,1983,7,tmin
Utai,1983-07-01,22.220000000000002,1983,7,tmin
Wamangu,1983-07-01,21.820000000000004,1983,7,tmin
Wanang,1983-07-01,21.6,1983,7,tmin
Yapsiei,1983-07-01,21.78,1983,7,tmin
Elem,1983-08-01,21.950000000000003,1983,8,tmin
Morox,1983-08-01,21.860000000000003,1983,8,tmin
Niksek,1983-08-01,22.250000000000004,1983,8,tmin
Ohu,1983-08-01,22.080000000000002,1983,8,tmin
Utai,1983-08-01,22.540000000000003,1983,8,tmin
Wamangu,1983-08-01,22.46,1983,8,tmin
Wanang,1983-08-01,22.560000000000002,1983,8,tmin
Yapsiei,1983-08-01,22.520000000000003,1983,8,tmin
Elem,1983-09-01,22.320000000000004,1983,9,tmin
Morox,1983-09-01,21.990000000000002,1983,9,tmin
Niksek,1983-09-01,21.680000000000003,1983,9,tmin
Ohu,1983-09-01,21.750000000000004,1983,9,tmin
Utai,1983-09-01,21.860000000000003,1983,9,tmin
Wamangu,1983-09-01,21.830000000000002,1983,9,tmin
Wanang,1983-09-01,22.110000000000003,1983,9,tmin
Yapsiei,1983-09-01,21.92,1983,9,tmin
Elem,1983-10-01,21.390000000000004,1983,10,tmin
Morox,1983-10-01,21.28,1983,10,tmin
Niksek,1983-10-01,21.320000000000004,1983,10,tmin
Ohu,1983-10-01,21.110000000000003,1983,10,tmin
Utai,1983-10-01,20.67,1983,10,tmin
Wamangu,1983-10-01,20.17,1983,10,tmin
Wanang,1983-10-01,20.040000000000003,1983,10,tmin
Yapsiei,1983-10-01,20.240000000000002,1983,10,tmin
Elem,1983-11-01,20.69,1983,11,tmin
Morox,1983-11-01,20.470000000000002,1983,11,tmin
Niksek,1983-11-01,20.930000000000003,1983,11,tmin
Ohu,1983-11-01,20.730000000000004,1983,11,tmin
Utai,1983-11-01,23.200000000000003,1983,11,tmin
Wamangu,1983-11-01,23.1,1983,11,tmin
Wanang,1983-11-01,22.970000000000002,1983,11,tmin
Yapsiei,1983-11-01,22.790000000000003,1983,11,tmin
Elem,1983-12-01,22.46,1983,12,tmin
Morox,1983-12-01,22.310000000000002,1983,12,tmin
Niksek,1983-12-01,21.570000000000004,1983,12,tmin
Ohu,1983-12-01,22.050000000000004,1983,12,tmin
Utai,1983-12-01,22.480000000000004,1983,12,tmin
Wamangu,1983-12-01,22.640000000000004,1983,12,tmin
Wanang,1983-12-01,22.750000000000004,1983,12,tmin
Yapsiei,1983-12-01,22.640000000000004,1983,12,tmin
Elem,1984-01-01,20.230000000000004,1984,1,tmin
Morox,1984-01-01,20.330000000000002,1984,1,tmin
Niksek,1984-01-01,20.020000000000003,1984,1,tmin
Ohu,1984-01-01,20.110000000000003,1984,1,tmin
Utai,1984-01-01,19.970000000000002,1984,1,tmin
Wamangu,1984-01-01,19.320000000000004,1984,1,tmin
Wanang,1984-01-01,19.320000000000004,1984,1,tmin
Yapsiei,1984-01-01,19.3,1984,1,tmin
Elem,1984-02-01,19.980000000000004,1984,2,tmin
Morox,1984-02-01,19.830000000000002,1984,2,tmin
Niksek,1984-02-01,20.090000000000003,1984,2,tmin
Ohu,1984-02-01,20.330000000000002,1984,2,tmin
Utai,1984-02-01,21.890000000000004,1984,2,tmin
Wamangu,1984-02-01,21.910000000000004,1984,2,tmin
Wanang,1984-02-01,21.720000000000002,1984,2,tmin
Yapsiei,1984-02-01,21.96,1984,2,tmin
Elem,1984-03-01,21.94,1984,3,tmin
Morox,1984-03-01,21.050000000000004,1984,3,tmin
Niksek,1984-03-01,20.900000000000002,1984,3,tmin
Ohu,1984-03-01,20.650000000000002,1984,3,tmin
Utai,1984-03-01,21.380000000000003,1984,3,tmin
Wamangu,1984-03-01,21.480000000000004,1984,3,tmin
Wanang,1984-03-01,21.640000000000004,1984,3,tmin
Yapsiei,1984-03-01,22.12,1984,3,tmin
Elem,1984-04-01,21.360000000000003,1984,4,tmin
Morox,1984-04-01,21.050000000000004,1984,4,tmin
Niksek,1984-04-01,20.92,1984,4,tmin
Ohu,1984-04-01,20.980000000000004,1984,4,tmin
Utai,1984-04-01,21.110000000000003,1984,4,tmin
Wamangu,1984-04-01,20.560000000000002,1984,4,tmin
Wanang,1984-04-01,20.390000000000004,1984,4,tmin
Yapsiei,1984-04-01,20.21,1984,4,tmin
Elem,1984-05-01,21.160000000000004,1984,5,tmin
Morox,1984-05-01,21.140000000000004,1984,5,tmin
Niksek,1984-05-01,21.1,1984,5,tmin
Ohu,1984-05-01,21.470000000000002,1984,5,tmin
Utai,1984-05-01,21.87,1984,5,tmin
Wamangu,1984-05-01,22.1,1984,5,tmin
Wanang,1984-05-01,21.810000000000002,1984,5,tmin
Yapsiei,1984-05-01,22.140000000000004,1984,5,tmin
Elem,1984-06-01,21.590000000000003,1984,6,tmin
Morox,1984-06-01,20.980000000000004,1984,6,tmin
Niksek,1984-06-01,20.750000000000004,1984,6,tmin
Ohu,1984-06-01,20.26,1984,6,tmin
Utai,1984-06-01,21.42,1984,6,tmin
Wamangu,1984-06-01,21.42,1984,6,tmin
Wanang,1984-06-01,21.660000000000004,1984,6,tmin
Yapsiei,1984-06-01,22.150000000000002,1984,6,tmin
Elem,1984-07-01,22.200000000000003,1984,7,tmin
Morox,1984-07-01,22.060000000000002,1984,7,tmin
Niksek,1984-07-01,22.090000000000003,1984,7,tmin
Ohu,1984-07-01,22.240000000000002,1984,7,tmin
Utai,1984-07-01,22.150000000000002,1984,7,tmin
Wamangu,1984-07-01,21.020000000000003,1984,7,tmin
Wanang,1984-07-01,21.020000000000003,1984,7,tmin
Yapsiei,1984-07-01,20.910000000000004,1984,7,tmin
Elem,1984-08-01,21.85,1984,8,tmin
Morox,1984-08-01,21.830000000000002,1984,8,tmin
Niksek,1984-08-01,22.040000000000003,1984,8,tmin
Ohu,1984-08-01,22.480000000000004,1984,8,tmin
Utai,1984-08-01,22.150000000000002,1984,8,tmin
Wamangu,1984-08-01,22.160000000000004,1984,8,tmin
Wanang,1984-08-01,21.96,1984,8,tmin
Yapsiei,1984-08-01,22.320000000000004,1984,8,tmin
Elem,1984-09-01,22.200000000000003,1984,9,tmin
Morox,1984-09-01,21.290000000000003,1984,9,tmin
Niksek,1984-09-01,21.110000000000003,1984,9,tmin
Ohu,1984-09-01,20.860000000000003,1984,9,tmin
Utai,1984-09-01,21.69,1984,9,tmin
Wamangu,1984-09-01,21.730000000000004,1984,9,tmin
Wanang,1984-09-01,21.910000000000004,1984,9,tmin
Yapsiei,1984-09-01,22.320000000000004,1984,9,tmin
Elem,1984-10-01,21.090000000000003,1984,10,tmin
Morox,1984-10-01,21.080000000000002,1984,10,tmin
Niksek,1984-10-01,20.740000000000002,1984,10,tmin
Ohu,1984-10-01,20.820000000000004,1984,10,tmin
Utai,1984-10-01,20.550000000000004,1984,10,tmin
Wamangu,1984-10-01,19.540000000000003,1984,10,tmin
Wanang,1984-10-01,19.640000000000004,1984,10,tmin
Yapsiei,1984-10-01,19.360000000000003,1984,10,tmin
Elem,1984-11-01,20.490000000000002,1984,11,tmin
Morox,1984-11-01,20.44,1984,11,tmin
Niksek,1984-11-01,20.740000000000002,1984,11,tmin
Ohu,1984-11-01,21.040000000000003,1984,11,tmin
Utai,1984-11-01,22.980000000000004,1984,11,tmin
Wamangu,1984-11-01,22.500000000000004,1984,11,tmin
Wanang,1984-11-01,22.44,1984,11,tmin
Yapsiei,1984-11-01,22.400000000000002,1984,11,tmin
Elem,1984-12-01,22.21,1984,12,tmin
Morox,1984-12-01,21.680000000000003,1984,12,tmin
Niksek,1984-12-01,21.53,1984,12,tmin
Ohu,1984-12-01,21.590000000000003,1984,12,tmin
Utai,1984-12-01,22.380000000000003,1984,12,tmin
Wamangu,1984-12-01,22.480000000000004,1984,12,tmin
Wanang,1984-12-01,22.750000000000004,1984,12,tmin
Yapsiei,1984-12-01,22.910000000000004,1984,12,tmin
Elem,1985-01-01,20.130000000000003,1985,1,tmin
Morox,1985-01-01,20.480000000000004,1985,1,tmin
Niksek,1985-01-01,20.020000000000003,1985,1,tmin
Ohu,1985-01-01,19.71,1985,1,tmin
Utai,1985-01-01,20.570000000000004,1985,1,tmin
Wamangu,1985-01-01,19.62,1985,1,tmin
Wanang,1985-01-01,18.660000000000004,1985,1,tmin
Yapsiei,1985-01-01,19.810000000000002,1985,1,tmin
Elem,1985-02-01,19.05,1985,2,tmin
Morox,1985-02-01,19.8,1985,2,tmin
Niksek,1985-02-01,20.03,1985,2,tmin
Ohu,1985-02-01,20.070000000000004,1985,2,tmin
Utai,1985-02-01,21.840000000000003,1985,2,tmin
Wamangu,1985-02-01,21.890000000000004,1985,2,tmin
Wanang,1985-02-01,21.680000000000003,1985,2,tmin
Yapsiei,1985-02-01,21.360000000000003,1985,2,tmin
Elem,1985-03-01,22.300000000000004,1985,3,tmin
Morox,1985-03-01,21.360000000000003,1985,3,tmin
Niksek,1985-03-01,20.290000000000003,1985,3,tmin
Ohu,1985-03-01,21.28,1985,3,tmin
Utai,1985-03-01,20.3,1985,3,tmin
Wamangu,1985-03-01,21.44,1985,3,tmin
Wanang,1985-03-01,21.570000000000004,1985,3,tmin
Yapsiei,1985-03-01,21.750000000000004,1985,3,tmin
Elem,1985-04-01,21.21,1985,4,tmin
Morox,1985-04-01,21.290000000000003,1985,4,tmin
Niksek,1985-04-01,20.970000000000002,1985,4,tmin
Ohu,1985-04-01,20.770000000000003,1985,4,tmin
Utai,1985-04-01,21.67,1985,4,tmin
Wamangu,1985-04-01,20.820000000000004,1985,4,tmin
Wanang,1985-04-01,19.830000000000002,1985,4,tmin
Yapsiei,1985-04-01,20.67,1985,4,tmin
Elem,1985-05-01,20.26,1985,5,tmin
Morox,1985-05-01,21.050000000000004,1985,5,tmin
Niksek,1985-05-01,21.050000000000004,1985,5,tmin
Ohu,1985-05-01,21.220000000000002,1985,5,tmin
Utai,1985-05-01,21.85,1985,5,tmin
Wamangu,1985-05-01,22.03,1985,5,tmin
Wanang,1985-05-01,21.810000000000002,1985,5,tmin
Yapsiei,1985-05-01,21.470000000000002,1985,5,tmin
Elem,1985-06-01,22.090000000000003,1985,6,tmin
Morox,1985-06-01,21.28,1985,6,tmin
Niksek,1985-06-01,20.160000000000004,1985,6,tmin
Ohu,1985-06-01,20.96,1985,6,tmin
Utai,1985-06-01,20.51,1985,6,tmin
Wamangu,1985-06-01,21.42,1985,6,tmin
Wanang,1985-06-01,21.740000000000002,1985,6,tmin
Yapsiei,1985-06-01,21.85,1985,6,tmin
Elem,1985-07-01,22.200000000000003,1985,7,tmin
Morox,1985-07-01,22.270000000000003,1985,7,tmin
Niksek,1985-07-01,22.070000000000004,1985,7,tmin
Ohu,1985-07-01,21.770000000000003,1985,7,tmin
Utai,1985-07-01,21.92,1985,7,tmin
Wamangu,1985-07-01,21.390000000000004,1985,7,tmin
Wanang,1985-07-01,20.400000000000002,1985,7,tmin
Yapsiei,1985-07-01,21.480000000000004,1985,7,tmin
Elem,1985-08-01,20.680000000000003,1985,8,tmin
Morox,1985-08-01,21.830000000000002,1985,8,tmin
Niksek,1985-08-01,22.050000000000004,1985,8,tmin
Ohu,1985-08-01,22.060000000000002,1985,8,tmin
Utai,1985-08-01,22.150000000000002,1985,8,tmin
Wamangu,1985-08-01,22.180000000000003,1985,8,tmin
Wanang,1985-08-01,21.96,1985,8,tmin
Yapsiei,1985-08-01,21.720000000000002,1985,8,tmin
Elem,1985-09-01,22.410000000000004,1985,9,tmin
Morox,1985-09-01,21.67,1985,9,tmin
Niksek,1985-09-01,20.410000000000004,1985,9,tmin
Ohu,1985-09-01,21.46,1985,9,tmin
Utai,1985-09-01,20.570000000000004,1985,9,tmin
Wamangu,1985-09-01,21.650000000000002,1985,9,tmin
Wanang,1985-09-01,21.910000000000004,1985,9,tmin
Yapsiei,1985-09-01,22.12,1985,9,tmin
Elem,1985-10-01,20.990000000000002,1985,10,tmin
Morox,1985-10-01,21.180000000000003,1985,10,tmin
Niksek,1985-10-01,20.740000000000002,1985,10,tmin
Ohu,1985-10-01,20.410000000000004,1985,10,tmin
Utai,1985-10-01,21.150000000000002,1985,10,tmin
Wamangu,1985-10-01,19.840000000000003,1985,10,tmin
Wanang,1985-10-01,19.12,1985,10,tmin
Yapsiei,1985-10-01,20.040000000000003,1985,10,tmin
Elem,1985-11-01,19.570000000000004,1985,11,tmin
Morox,1985-11-01,20.44,1985,11,tmin
Niksek,1985-11-01,20.750000000000004,1985,11,tmin
Ohu,1985-11-01,20.730000000000004,1985,11,tmin
Utai,1985-11-01,22.750000000000004,1985,11,tmin
Wamangu,1985-11-01,22.830000000000002,1985,11,tmin
Wanang,1985-11-01,22.67,1985,11,tmin
Yapsiei,1985-11-01,22.340000000000003,1985,11,tmin
Elem,1985-12-01,22.890000000000004,1985,12,tmin
Morox,1985-12-01,21.810000000000002,1985,12,tmin
Niksek,1985-12-01,20.970000000000002,1985,12,tmin
Ohu,1985-12-01,21.96,1985,12,tmin
Utai,1985-12-01,21.540000000000003,1985,12,tmin
Wamangu,1985-12-01,22.360000000000003,1985,12,tmin
Wanang,1985-12-01,22.740000000000002,1985,12,tmin
Yapsiei,1985-12-01,22.900000000000002,1985,12,tmin
Elem,1986-01-01,20.220000000000002,1986,1,tmin
Morox,1986-01-01,19.750000000000004,1986,1,tmin
Niksek,1986-01-01,19.990000000000002,1986,1,tmin
Ohu,1986-01-01,19.71,1986,1,tmin
Utai,1986-01-01,19.590000000000003,1986,1,tmin
Wamangu,1986-01-01,19.790000000000003,1986,1,tmin
Wanang,1986-01-01,19.430000000000003,1986,1,tmin
Yapsiei,1986-01-01,19.790000000000003,1986,1,tmin
Elem,1986-02-01,19.830000000000002,1986,2,tmin
Morox,1986-02-01,20.160000000000004,1986,2,tmin
Niksek,1986-02-01,20.230000000000004,1986,2,tmin
Ohu,1986-02-01,20.340000000000003,1986,2,tmin
Utai,1986-02-01,21.94,1986,2,tmin
Wamangu,1986-02-01,21.150000000000002,1986,2,tmin
Wanang,1986-02-01,21.540000000000003,1986,2,tmin
Yapsiei,1986-02-01,21.360000000000003,1986,2,tmin
Elem,1986-03-01,21.44,1986,3,tmin
Morox,1986-03-01,21.610000000000003,1986,3,tmin
Niksek,1986-03-01,21.090000000000003,1986,3,tmin
Ohu,1986-03-01,21.470000000000002,1986,3,tmin
Utai,1986-03-01,21.380000000000003,1986,3,tmin
Wamangu,1986-03-01,21.71,1986,3,tmin
Wanang,1986-03-01,21.730000000000004,1986,3,tmin
Yapsiei,1986-03-01,22.050000000000004,1986,3,tmin
Elem,1986-04-01,21.21,1986,4,tmin
Morox,1986-04-01,20.680000000000003,1986,4,tmin
Niksek,1986-04-01,20.970000000000002,1986,4,tmin
Ohu,1986-04-01,20.62,1986,4,tmin
Utai,1986-04-01,20.950000000000003,1986,4,tmin
Wamangu,1986-04-01,20.94,1986,4,tmin
Wanang,1986-04-01,20.590000000000003,1986,4,tmin
Yapsiei,1986-04-01,20.67,1986,4,tmin
Elem,1986-05-01,20.830000000000002,1986,5,tmin
Morox,1986-05-01,21.450000000000003,1986,5,tmin
Niksek,1986-05-01,21.250000000000004,1986,5,tmin
Ohu,1986-05-01,21.570000000000004,1986,5,tmin
Utai,1986-05-01,21.950000000000003,1986,5,tmin
Wamangu,1986-05-01,21.410000000000004,1986,5,tmin
Wanang,1986-05-01,21.700000000000003,1986,5,tmin
Yapsiei,1986-05-01,21.660000000000004,1986,5,tmin
Elem,1986-06-01,21.19,1986,6,tmin
Morox,1986-06-01,21.480000000000004,1986,6,tmin
Niksek,1986-06-01,20.860000000000003,1986,6,tmin
Ohu,1986-06-01,20.970000000000002,1986,6,tmin
Utai,1986-06-01,21.490000000000002,1986,6,tmin
Wamangu,1986-06-01,21.62,1986,6,tmin
Wanang,1986-06-01,21.85,1986,6,tmin
Yapsiei,1986-06-01,22.060000000000002,1986,6,tmin
Elem,1986-07-01,22.160000000000004,1986,7,tmin
Morox,1986-07-01,21.470000000000002,1986,7,tmin
Niksek,1986-07-01,21.87,1986,7,tmin
Ohu,1986-07-01,21.770000000000003,1986,7,tmin
Utai,1986-07-01,21.590000000000003,1986,7,tmin
Wamangu,1986-07-01,21.790000000000003,1986,7,tmin
Wanang,1986-07-01,21.360000000000003,1986,7,tmin
Yapsiei,1986-07-01,21.730000000000004,1986,7,tmin
Elem,1986-08-01,21.85,1986,8,tmin
Morox,1986-08-01,22.1,1986,8,tmin
Niksek,1986-08-01,22.150000000000002,1986,8,tmin
Ohu,1986-08-01,22.480000000000004,1986,8,tmin
Utai,1986-08-01,22.250000000000004,1986,8,tmin
Wamangu,1986-08-01,21.360000000000003,1986,8,tmin
Wanang,1986-08-01,21.770000000000003,1986,8,tmin
Yapsiei,1986-08-01,21.720000000000002,1986,8,tmin
Elem,1986-09-01,21.700000000000003,1986,9,tmin
Morox,1986-09-01,21.96,1986,9,tmin
Niksek,1986-09-01,21.300000000000004,1986,9,tmin
Ohu,1986-09-01,21.750000000000004,1986,9,tmin
Utai,1986-09-01,21.76,1986,9,tmin
Wamangu,1986-09-01,22.03,1986,9,tmin
Wanang,1986-09-01,22.110000000000003,1986,9,tmin
Yapsiei,1986-09-01,22.320000000000004,1986,9,tmin
Elem,1986-10-01,21.090000000000003,1986,10,tmin
Morox,1986-10-01,20.480000000000004,1986,10,tmin
Niksek,1986-10-01,20.650000000000002,1986,10,tmin
Ohu,1986-10-01,20.500000000000004,1986,10,tmin
Utai,1986-10-01,20.250000000000004,1986,10,tmin
Wamangu,1986-10-01,20.060000000000002,1986,10,tmin
Wanang,1986-10-01,19.830000000000002,1986,10,tmin
Yapsiei,1986-10-01,20.05,1986,10,tmin
Elem,1986-11-01,20.390000000000004,1986,11,tmin
Morox,1986-11-01,20.67,1986,11,tmin
Niksek,1986-11-01,20.94,1986,11,tmin
Ohu,1986-11-01,21.03,1986,11,tmin
Utai,1986-11-01,22.880000000000003,1986,11,tmin
Wamangu,1986-11-01,22.42,1986,11,tmin
Wanang,1986-11-01,22.810000000000002,1986,11,tmin
Yapsiei,1986-11-01,22.070000000000004,1986,11,tmin
Elem,1986-12-01,22.250000000000004,1986,12,tmin
Morox,1986-12-01,21.87,1986,12,tmin
Niksek,1986-12-01,21.810000000000002,1986,12,tmin
Ohu,1986-12-01,21.800000000000004,1986,12,tmin
Utai,1986-12-01,21.980000000000004,1986,12,tmin
Wamangu,1986-12-01,22.840000000000003,1986,12,tmin
Wanang,1986-12-01,22.92,1986,12,tmin
Yapsiei,1986-12-01,23.240000000000002,1986,12,tmin
Elem,1987-01-01,20.3,1987,1,tmin
Morox,1987-01-01,20.570000000000004,1987,1,tmin
Niksek,1987-01-01,20.03,1987,1,tmin
Ohu,1987-01-01,19.810000000000002,1987,1,tmin
Utai,1987-01-01,20.070000000000004,1987,1,tmin
Wamangu,1987-01-01,20.290000000000003,1987,1,tmin
Wanang,1987-01-01,19.320000000000004,1987,1,tmin
Yapsiei,1987-01-01,19.640000000000004,1987,1,tmin
Elem,1987-02-01,20.040000000000003,1987,2,tmin
Morox,1987-02-01,20.390000000000004,1987,2,tmin
Niksek,1987-02-01,21.17,1987,2,tmin
Ohu,1987-02-01,20.96,1987,2,tmin
Utai,1987-02-01,21.970000000000002,1987,2,tmin
Wamangu,1987-02-01,22.21,1987,2,tmin
Wanang,1987-02-01,21.640000000000004,1987,2,tmin
Yapsiei,1987-02-01,21.42,1987,2,tmin
Elem,1987-03-01,21.840000000000003,1987,3,tmin
Morox,1987-03-01,22.150000000000002,1987,3,tmin
Niksek,1987-03-01,21.000000000000004,1987,3,tmin
Ohu,1987-03-01,21.130000000000003,1987,3,tmin
Utai,1987-03-01,21.46,1987,3,tmin
Wamangu,1987-03-01,22.050000000000004,1987,3,tmin
Wanang,1987-03-01,22.78,1987,3,tmin
Yapsiei,1987-03-01,22.700000000000003,1987,3,tmin
Elem,1987-04-01,21.450000000000003,1987,4,tmin
Morox,1987-04-01,21.250000000000004,1987,4,tmin
Niksek,1987-04-01,21.060000000000002,1987,4,tmin
Ohu,1987-04-01,20.770000000000003,1987,4,tmin
Utai,1987-04-01,21.300000000000004,1987,4,tmin
Wamangu,1987-04-01,21.480000000000004,1987,4,tmin
Wanang,1987-04-01,20.390000000000004,1987,4,tmin
Yapsiei,1987-04-01,20.550000000000004,1987,4,tmin
Elem,1987-05-01,21.17,1987,5,tmin
Morox,1987-05-01,21.640000000000004,1987,5,tmin
Niksek,1987-05-01,22.110000000000003,1987,5,tmin
Ohu,1987-05-01,22.070000000000004,1987,5,tmin
Utai,1987-05-01,21.950000000000003,1987,5,tmin
Wamangu,1987-05-01,22.390000000000004,1987,5,tmin
Wanang,1987-05-01,21.720000000000002,1987,5,tmin
Yapsiei,1987-05-01,21.650000000000002,1987,5,tmin
Elem,1987-06-01,21.6,1987,6,tmin
Morox,1987-06-01,21.980000000000004,1987,6,tmin
Niksek,1987-06-01,20.85,1987,6,tmin
Ohu,1987-06-01,20.87,1987,6,tmin
Utai,1987-06-01,21.500000000000004,1987,6,tmin
Wamangu,1987-06-01,22.020000000000003,1987,6,tmin
Wanang,1987-06-01,22.860000000000003,1987,6,tmin
Yapsiei,1987-06-01,22.85,1987,6,tmin
Elem,1987-07-01,22.310000000000002,1987,7,tmin
Morox,1987-07-01,22.380000000000003,1987,7,tmin
Niksek,1987-07-01,21.970000000000002,1987,7,tmin
Ohu,1987-07-01,21.740000000000002,1987,7,tmin
Utai,1987-07-01,22.17,1987,7,tmin
Wamangu,1987-07-01,22.320000000000004,1987,7,tmin
Wanang,1987-07-01,21.400000000000002,1987,7,tmin
Yapsiei,1987-07-01,21.410000000000004,1987,7,tmin
Elem,1987-08-01,21.78,1987,8,tmin
Morox,1987-08-01,22.400000000000002,1987,8,tmin
Niksek,1987-08-01,23.340000000000003,1987,8,tmin
Ohu,1987-08-01,23.080000000000002,1987,8,tmin
Utai,1987-08-01,22.250000000000004,1987,8,tmin
Wamangu,1987-08-01,22.450000000000003,1987,8,tmin
Wanang,1987-08-01,21.87,1987,8,tmin
Yapsiei,1987-08-01,21.720000000000002,1987,8,tmin
Elem,1987-09-01,22.12,1987,9,tmin
Morox,1987-09-01,22.46,1987,9,tmin
Niksek,1987-09-01,21.28,1987,9,tmin
Ohu,1987-09-01,21.360000000000003,1987,9,tmin
Utai,1987-09-01,21.76,1987,9,tmin
Wamangu,1987-09-01,22.35,1987,9,tmin
Wanang,1987-09-01,23.110000000000003,1987,9,tmin
Yapsiei,1987-09-01,23.020000000000003,1987,9,tmin
Elem,1987-10-01,21.110000000000003,1987,10,tmin
Morox,1987-10-01,21.290000000000003,1987,10,tmin
Niksek,1987-10-01,20.740000000000002,1987,10,tmin
Ohu,1987-10-01,20.430000000000003,1987,10,tmin
Utai,1987-10-01,20.650000000000002,1987,10,tmin
Wamangu,1987-10-01,20.560000000000002,1987,10,tmin
Wanang,1987-10-01,19.730000000000004,1987,10,tmin
Yapsiei,1987-10-01,19.950000000000003,1987,10,tmin
Elem,1987-11-01,20.490000000000002,1987,11,tmin
Morox,1987-11-01,21.040000000000003,1987,11,tmin
Niksek,1987-11-01,21.930000000000003,1987,11,tmin
Ohu,1987-11-01,21.720000000000002,1987,11,tmin
Utai,1987-11-01,23.110000000000003,1987,11,tmin
Wamangu,1987-11-01,22.550000000000004,1987,11,tmin
Wanang,1987-11-01,22.880000000000003,1987,11,tmin
Yapsiei,1987-11-01,22.44,1987,11,tmin
Elem,1987-12-01,22.520000000000003,1987,12,tmin
Morox,1987-12-01,22.550000000000004,1987,12,tmin
Niksek,1987-12-01,21.590000000000003,1987,12,tmin
Ohu,1987-12-01,21.740000000000002,1987,12,tmin
Utai,1987-12-01,22.400000000000002,1987,12,tmin
Wamangu,1987-12-01,22.85,1987,12,tmin
Wanang,1987-12-01,23.590000000000003,1987,12,tmin
Yapsiei,1987-12-01,23.580000000000002,1987,12,tmin
Elem,1988-01-01,20.400000000000002,1988,1,tmin
Morox,1988-01-01,20.680000000000003,1988,1,tmin
Niksek,1988-01-01,20.520000000000003,1988,1,tmin
Ohu,1988-01-01,20.310000000000002,1988,1,tmin
Utai,1988-01-01,20.790000000000003,1988,1,tmin
Wamangu,1988-01-01,19.490000000000002,1988,1,tmin
Wanang,1988-01-01,19.500000000000004,1988,1,tmin
Yapsiei,1988-01-01,20.410000000000004,1988,1,tmin
Elem,1988-02-01,20.400000000000002,1988,2,tmin
Morox,1988-02-01,20.200000000000003,1988,2,tmin
Niksek,1988-02-01,20.890000000000004,1988,2,tmin
Ohu,1988-02-01,20.330000000000002,1988,2,tmin
Utai,1988-02-01,22.12,1988,2,tmin
Wamangu,1988-02-01,22.250000000000004,1988,2,tmin
Wanang,1988-02-01,22.140000000000004,1988,2,tmin
Yapsiei,1988-02-01,21.92,1988,2,tmin
Elem,1988-03-01,22.830000000000002,1988,3,tmin
Morox,1988-03-01,21.300000000000004,1988,3,tmin
Niksek,1988-03-01,21.070000000000004,1988,3,tmin
Ohu,1988-03-01,21.87,1988,3,tmin
Utai,1988-03-01,21.910000000000004,1988,3,tmin
Wamangu,1988-03-01,21.85,1988,3,tmin
Wanang,1988-03-01,22.450000000000003,1988,3,tmin
Yapsiei,1988-03-01,21.94,1988,3,tmin
Elem,1988-04-01,21.570000000000004,1988,4,tmin
Morox,1988-04-01,21.540000000000003,1988,4,tmin
Niksek,1988-04-01,21.470000000000002,1988,4,tmin
Ohu,1988-04-01,21.270000000000003,1988,4,tmin
Utai,1988-04-01,21.910000000000004,1988,4,tmin
Wamangu,1988-04-01,20.720000000000002,1988,4,tmin
Wanang,1988-04-01,20.790000000000003,1988,4,tmin
Yapsiei,1988-04-01,21.35,1988,4,tmin
Elem,1988-05-01,21.570000000000004,1988,5,tmin
Morox,1988-05-01,21.540000000000003,1988,5,tmin
Niksek,1988-05-01,21.950000000000003,1988,5,tmin
Ohu,1988-05-01,21.46,1988,5,tmin
Utai,1988-05-01,22.140000000000004,1988,5,tmin
Wamangu,1988-05-01,22.230000000000004,1988,5,tmin
Wanang,1988-05-01,22.130000000000003,1988,5,tmin
Yapsiei,1988-05-01,22.150000000000002,1988,5,tmin
Elem,1988-06-01,22.21,1988,6,tmin
Morox,1988-06-01,21.26,1988,6,tmin
Niksek,1988-06-01,20.860000000000003,1988,6,tmin
Ohu,1988-06-01,21.550000000000004,1988,6,tmin
Utai,1988-06-01,21.910000000000004,1988,6,tmin
Wamangu,1988-06-01,21.810000000000002,1988,6,tmin
Wanang,1988-06-01,22.46,1988,6,tmin
Yapsiei,1988-06-01,22.130000000000003,1988,6,tmin
Elem,1988-07-01,22.560000000000002,1988,7,tmin
Morox,1988-07-01,22.62,1988,7,tmin
Niksek,1988-07-01,22.470000000000002,1988,7,tmin
Ohu,1988-07-01,22.37,1988,7,tmin
Utai,1988-07-01,23.180000000000003,1988,7,tmin
Wamangu,1988-07-01,21.42,1988,7,tmin
Wanang,1988-07-01,21.400000000000002,1988,7,tmin
Yapsiei,1988-07-01,22.110000000000003,1988,7,tmin
Elem,1988-08-01,22.330000000000002,1988,8,tmin
Morox,1988-08-01,22.28,1988,8,tmin
Niksek,1988-08-01,22.930000000000003,1988,8,tmin
Ohu,1988-08-01,22.180000000000003,1988,8,tmin
Utai,1988-08-01,22.44,1988,8,tmin
Wamangu,1988-08-01,22.550000000000004,1988,8,tmin
Wanang,1988-08-01,22.37,1988,8,tmin
Yapsiei,1988-08-01,22.240000000000002,1988,8,tmin
Elem,1988-09-01,23.19,1988,9,tmin
Morox,1988-09-01,21.590000000000003,1988,9,tmin
Niksek,1988-09-01,21.290000000000003,1988,9,tmin
Ohu,1988-09-01,22.060000000000002,1988,9,tmin
Utai,1988-09-01,22.26,1988,9,tmin
Wamangu,1988-09-01,22.130000000000003,1988,9,tmin
Wanang,1988-09-01,22.740000000000002,1988,9,tmin
Yapsiei,1988-09-01,22.130000000000003,1988,9,tmin
Elem,1988-10-01,21.21,1988,10,tmin
Morox,1988-10-01,21.380000000000003,1988,10,tmin
Niksek,1988-10-01,21.230000000000004,1988,10,tmin
Ohu,1988-10-01,20.930000000000003,1988,10,tmin
Utai,1988-10-01,21.26,1988,10,tmin
Wamangu,1988-10-01,19.76,1988,10,tmin
Wanang,1988-10-01,19.830000000000002,1988,10,tmin
Yapsiei,1988-10-01,20.560000000000002,1988,10,tmin
Elem,1988-11-01,20.900000000000002,1988,11,tmin
Morox,1988-11-01,20.840000000000003,1988,11,tmin
Niksek,1988-11-01,21.540000000000003,1988,11,tmin
Ohu,1988-11-01,20.930000000000003,1988,11,tmin
Utai,1988-11-01,23.150000000000002,1988,11,tmin
Wamangu,1988-11-01,23.000000000000004,1988,11,tmin
Wanang,1988-11-01,23.250000000000004,1988,11,tmin
Yapsiei,1988-11-01,22.810000000000002,1988,11,tmin
Elem,1988-12-01,22.92,1988,12,tmin
Morox,1988-12-01,21.680000000000003,1988,12,tmin
Niksek,1988-12-01,22.03,1988,12,tmin
Ohu,1988-12-01,22.640000000000004,1988,12,tmin
Utai,1988-12-01,22.750000000000004,1988,12,tmin
Wamangu,1988-12-01,23.020000000000003,1988,12,tmin
Wanang,1988-12-01,23.450000000000003,1988,12,tmin
Yapsiei,1988-12-01,23.060000000000002,1988,12,tmin
Elem,1989-01-01,20.03,1989,1,tmin
Morox,1989-01-01,20.250000000000004,1989,1,tmin
Niksek,1989-01-01,19.92,1989,1,tmin
Ohu,1989-01-01,19.810000000000002,1989,1,tmin
Utai,1989-01-01,19.890000000000004,1989,1,tmin
Wamangu,1989-01-01,19.900000000000002,1989,1,tmin
Wanang,1989-01-01,19.830000000000002,1989,1,tmin
Yapsiei,1989-01-01,19.900000000000002,1989,1,tmin
Elem,1989-02-01,19.8,1989,2,tmin
Morox,1989-02-01,20.3,1989,2,tmin
Niksek,1989-02-01,20.430000000000003,1989,2,tmin
Ohu,1989-02-01,20.42,1989,2,tmin
Utai,1989-02-01,21.67,1989,2,tmin
Wamangu,1989-02-01,21.78,1989,2,tmin
Wanang,1989-02-01,21.570000000000004,1989,2,tmin
Yapsiei,1989-02-01,21.46,1989,2,tmin
Elem,1989-03-01,21.71,1989,3,tmin
Morox,1989-03-01,21.550000000000004,1989,3,tmin
Niksek,1989-03-01,21.42,1989,3,tmin
Ohu,1989-03-01,21.430000000000003,1989,3,tmin
Utai,1989-03-01,21.230000000000004,1989,3,tmin
Wamangu,1989-03-01,22.000000000000004,1989,3,tmin
Wanang,1989-03-01,21.92,1989,3,tmin
Yapsiei,1989-03-01,22.090000000000003,1989,3,tmin
Elem,1989-04-01,21.300000000000004,1989,4,tmin
Morox,1989-04-01,21.140000000000004,1989,4,tmin
Niksek,1989-04-01,20.87,1989,4,tmin
Ohu,1989-04-01,20.770000000000003,1989,4,tmin
Utai,1989-04-01,21.200000000000003,1989,4,tmin
Wamangu,1989-04-01,21.220000000000002,1989,4,tmin
Wanang,1989-04-01,21.080000000000002,1989,4,tmin
Yapsiei,1989-04-01,20.770000000000003,1989,4,tmin
Elem,1989-05-01,21.01,1989,5,tmin
Morox,1989-05-01,21.550000000000004,1989,5,tmin
Niksek,1989-05-01,21.44,1989,5,tmin
Ohu,1989-05-01,21.470000000000002,1989,5,tmin
Utai,1989-05-01,21.570000000000004,1989,5,tmin
Wamangu,1989-05-01,21.910000000000004,1989,5,tmin
Wanang,1989-05-01,21.62,1989,5,tmin
Yapsiei,1989-05-01,21.660000000000004,1989,5,tmin
Elem,1989-06-01,21.400000000000002,1989,6,tmin
Morox,1989-06-01,21.560000000000002,1989,6,tmin
Niksek,1989-06-01,21.26,1989,6,tmin
Ohu,1989-06-01,21.160000000000004,1989,6,tmin
Utai,1989-06-01,21.220000000000002,1989,6,tmin
Wamangu,1989-06-01,21.92,1989,6,tmin
Wanang,1989-06-01,22.130000000000003,1989,6,tmin
Yapsiei,1989-06-01,22.250000000000004,1989,6,tmin
Elem,1989-07-01,22.060000000000002,1989,7,tmin
Morox,1989-07-01,22.17,1989,7,tmin
Niksek,1989-07-01,21.87,1989,7,tmin
Ohu,1989-07-01,21.840000000000003,1989,7,tmin
Utai,1989-07-01,21.910000000000004,1989,7,tmin
Wamangu,1989-07-01,21.520000000000003,1989,7,tmin
Wanang,1989-07-01,21.700000000000003,1989,7,tmin
Yapsiei,1989-07-01,21.680000000000003,1989,7,tmin
Elem,1989-08-01,21.580000000000002,1989,8,tmin
Morox,1989-08-01,22.330000000000002,1989,8,tmin
Niksek,1989-08-01,22.150000000000002,1989,8,tmin
Ohu,1989-08-01,22.380000000000003,1989,8,tmin
Utai,1989-08-01,21.950000000000003,1989,8,tmin
Wamangu,1989-08-01,22.060000000000002,1989,8,tmin
Wanang,1989-08-01,21.770000000000003,1989,8,tmin
Yapsiei,1989-08-01,21.820000000000004,1989,8,tmin
Elem,1989-09-01,22.000000000000004,1989,9,tmin
Morox,1989-09-01,21.790000000000003,1989,9,tmin
Niksek,1989-09-01,21.610000000000003,1989,9,tmin
Ohu,1989-09-01,21.660000000000004,1989,9,tmin
Utai,1989-09-01,21.560000000000002,1989,9,tmin
Wamangu,1989-09-01,22.330000000000002,1989,9,tmin
Wanang,1989-09-01,22.220000000000002,1989,9,tmin
Yapsiei,1989-09-01,22.320000000000004,1989,9,tmin
Elem,1989-10-01,20.810000000000002,1989,10,tmin
Morox,1989-10-01,20.980000000000004,1989,10,tmin
Niksek,1989-10-01,20.640000000000004,1989,10,tmin
Ohu,1989-10-01,20.51,1989,10,tmin
Utai,1989-10-01,20.450000000000003,1989,10,tmin
Wamangu,1989-10-01,20.060000000000002,1989,10,tmin
Wanang,1989-10-01,20.230000000000004,1989,10,tmin
Yapsiei,1989-10-01,20.240000000000002,1989,10,tmin
Elem,1989-11-01,20.290000000000003,1989,11,tmin
Morox,1989-11-01,20.94,1989,11,tmin
Niksek,1989-11-01,21.140000000000004,1989,11,tmin
Ohu,1989-11-01,21.130000000000003,1989,11,tmin
Utai,1989-11-01,23.000000000000004,1989,11,tmin
Wamangu,1989-11-01,22.62,1989,11,tmin
Wanang,1989-11-01,22.470000000000002,1989,11,tmin
Yapsiei,1989-11-01,22.340000000000003,1989,11,tmin
Elem,1989-12-01,22.51,1989,12,tmin
Morox,1989-12-01,22.320000000000004,1989,12,tmin
Niksek,1989-12-01,22.330000000000002,1989,12,tmin
Ohu,1989-12-01,22.03,1989,12,tmin
Utai,1989-12-01,22.310000000000002,1989,12,tmin
Wamangu,1989-12-01,22.810000000000002,1989,12,tmin
Wanang,1989-12-01,23.140000000000004,1989,12,tmin
Yapsiei,1989-12-01,23.040000000000003,1989,12,tmin
Elem,1990-01-01,20.430000000000003,1990,1,tmin
Morox,1990-01-01,20.69,1990,1,tmin
Niksek,1990-01-01,20.640000000000004,1990,1,tmin
Ohu,1990-01-01,20.110000000000003,1990,1,tmin
Utai,1990-01-01,20.180000000000003,1990,1,tmin
Wamangu,1990-01-01,19.590000000000003,1990,1,tmin
Wanang,1990-01-01,19.630000000000003,1990,1,tmin
Yapsiei,1990-01-01,19.44,1990,1,tmin
Elem,1990-02-01,19.78,1990,2,tmin
Morox,1990-02-01,19.930000000000003,1990,2,tmin
Niksek,1990-02-01,20.19,1990,2,tmin
Ohu,1990-02-01,20.830000000000002,1990,2,tmin
Utai,1990-02-01,22.140000000000004,1990,2,tmin
Wamangu,1990-02-01,22.230000000000004,1990,2,tmin
Wanang,1990-02-01,22.220000000000002,1990,2,tmin
Yapsiei,1990-02-01,21.860000000000003,1990,2,tmin
Elem,1990-03-01,22.040000000000003,1990,3,tmin
Morox,1990-03-01,21.230000000000004,1990,3,tmin
Niksek,1990-03-01,21.12,1990,3,tmin
Ohu,1990-03-01,21.03,1990,3,tmin
Utai,1990-03-01,21.330000000000002,1990,3,tmin
Wamangu,1990-03-01,21.610000000000003,1990,3,tmin
Wanang,1990-03-01,21.78,1990,3,tmin
Yapsiei,1990-03-01,22.590000000000003,1990,3,tmin
Elem,1990-04-01,21.51,1990,4,tmin
Morox,1990-04-01,21.590000000000003,1990,4,tmin
Niksek,1990-04-01,21.660000000000004,1990,4,tmin
Ohu,1990-04-01,21.070000000000004,1990,4,tmin
Utai,1990-04-01,21.46,1990,4,tmin
Wamangu,1990-04-01,20.770000000000003,1990,4,tmin
Wanang,1990-04-01,20.830000000000002,1990,4,tmin
Yapsiei,1990-04-01,20.310000000000002,1990,4,tmin
Elem,1990-05-01,20.87,1990,5,tmin
Morox,1990-05-01,21.240000000000002,1990,5,tmin
Niksek,1990-05-01,21.200000000000003,1990,5,tmin
Ohu,1990-05-01,22.060000000000002,1990,5,tmin
Utai,1990-05-01,22.150000000000002,1990,5,tmin
Wamangu,1990-05-01,22.310000000000002,1990,5,tmin
Wanang,1990-05-01,22.400000000000002,1990,5,tmin
Yapsiei,1990-05-01,22.050000000000004,1990,5,tmin
Elem,1990-06-01,21.700000000000003,1990,6,tmin
Morox,1990-06-01,21.180000000000003,1990,6,tmin
Niksek,1990-06-01,21.050000000000004,1990,6,tmin
Ohu,1990-06-01,20.67,1990,6,tmin
Utai,1990-06-01,21.300000000000004,1990,6,tmin
Wamangu,1990-06-01,21.610000000000003,1990,6,tmin
Wanang,1990-06-01,21.860000000000003,1990,6,tmin
Yapsiei,1990-06-01,22.650000000000002,1990,6,tmin
Elem,1990-07-01,22.46,1990,7,tmin
Morox,1990-07-01,22.53,1990,7,tmin
Niksek,1990-07-01,22.490000000000002,1990,7,tmin
Ohu,1990-07-01,22.340000000000003,1990,7,tmin
Utai,1990-07-01,22.180000000000003,1990,7,tmin
Wamangu,1990-07-01,21.320000000000004,1990,7,tmin
Wanang,1990-07-01,21.44,1990,7,tmin
Yapsiei,1990-07-01,21.21,1990,7,tmin
Elem,1990-08-01,21.650000000000002,1990,8,tmin
Morox,1990-08-01,21.950000000000003,1990,8,tmin
Niksek,1990-08-01,22.150000000000002,1990,8,tmin
Ohu,1990-08-01,23.080000000000002,1990,8,tmin
Utai,1990-08-01,22.450000000000003,1990,8,tmin
Wamangu,1990-08-01,22.46,1990,8,tmin
Wanang,1990-08-01,22.37,1990,8,tmin
Yapsiei,1990-08-01,22.220000000000002,1990,8,tmin
Elem,1990-09-01,22.300000000000004,1990,9,tmin
Morox,1990-09-01,21.490000000000002,1990,9,tmin
Niksek,1990-09-01,21.310000000000002,1990,9,tmin
Ohu,1990-09-01,21.250000000000004,1990,9,tmin
Utai,1990-09-01,21.660000000000004,1990,9,tmin
Wamangu,1990-09-01,21.930000000000003,1990,9,tmin
Wanang,1990-09-01,22.110000000000003,1990,9,tmin
Yapsiei,1990-09-01,22.820000000000004,1990,9,tmin
Elem,1990-10-01,21.290000000000003,1990,10,tmin
Morox,1990-10-01,21.380000000000003,1990,10,tmin
Niksek,1990-10-01,21.340000000000003,1990,10,tmin
Ohu,1990-10-01,20.820000000000004,1990,10,tmin
Utai,1990-10-01,20.750000000000004,1990,10,tmin
Wamangu,1990-10-01,19.76,1990,10,tmin
Wanang,1990-10-01,20.020000000000003,1990,10,tmin
Yapsiei,1990-10-01,19.740000000000002,1990,10,tmin
Elem,1990-11-01,20.21,1990,11,tmin
Morox,1990-11-01,20.550000000000004,1990,11,tmin
Niksek,1990-11-01,20.930000000000003,1990,11,tmin
Ohu,1990-11-01,21.53,1990,11,tmin
Utai,1990-11-01,23.180000000000003,1990,11,tmin
Wamangu,1990-11-01,23.230000000000004,1990,11,tmin
Wanang,1990-11-01,23.51,1990,11,tmin
Yapsiei,1990-11-01,22.640000000000004,1990,11,tmin
Elem,1990-12-01,22.750000000000004,1990,12,tmin
Morox,1990-12-01,21.810000000000002,1990,12,tmin
Niksek,1990-12-01,22.140000000000004,1990,12,tmin
Ohu,1990-12-01,21.53,1990,12,tmin
Utai,1990-12-01,22.050000000000004,1990,12,tmin
Wamangu,1990-12-01,22.46,1990,12,tmin
Wanang,1990-12-01,22.750000000000004,1990,12,tmin
Yapsiei,1990-12-01,23.610000000000003,1990,12,tmin
Elem,1991-01-01,20.53,1991,1,tmin
Morox,1991-01-01,19.970000000000002,1991,1,tmin
Niksek,1991-01-01,20.42,1991,1,tmin
Ohu,1991-01-01,20.21,1991,1,tmin
Utai,1991-01-01,19.6,1991,1,tmin
Wamangu,1991-01-01,19.880000000000003,1991,1,tmin
Wanang,1991-01-01,19.230000000000004,1991,1,tmin
Yapsiei,1991-01-01,19.390000000000004,1991,1,tmin
Elem,1991-02-01,19.560000000000002,1991,2,tmin
Morox,1991-02-01,19.46,1991,2,tmin
Niksek,1991-02-01,19.92,1991,2,tmin
Ohu,1991-02-01,20.360000000000003,1991,2,tmin
Utai,1991-02-01,22.17,1991,2,tmin
Wamangu,1991-02-01,21.570000000000004,1991,2,tmin
Wanang,1991-02-01,22.000000000000004,1991,2,tmin
Yapsiei,1991-02-01,21.820000000000004,1991,2,tmin
Elem,1991-03-01,21.540000000000003,1991,3,tmin
Morox,1991-03-01,21.840000000000003,1991,3,tmin
Niksek,1991-03-01,20.840000000000003,1991,3,tmin
Ohu,1991-03-01,20.930000000000003,1991,3,tmin
Utai,1991-03-01,21.110000000000003,1991,3,tmin
Wamangu,1991-03-01,21.250000000000004,1991,3,tmin
Wanang,1991-03-01,21.6,1991,3,tmin
Yapsiei,1991-03-01,22.1,1991,3,tmin
Elem,1991-04-01,21.610000000000003,1991,4,tmin
Morox,1991-04-01,20.880000000000003,1991,4,tmin
Niksek,1991-04-01,21.320000000000004,1991,4,tmin
Ohu,1991-04-01,21.110000000000003,1991,4,tmin
Utai,1991-04-01,20.860000000000003,1991,4,tmin
Wamangu,1991-04-01,20.94,1991,4,tmin
Wanang,1991-04-01,20.390000000000004,1991,4,tmin
Yapsiei,1991-04-01,20.270000000000003,1991,4,tmin
Elem,1991-05-01,20.540000000000003,1991,5,tmin
Morox,1991-05-01,20.650000000000002,1991,5,tmin
Niksek,1991-05-01,20.92,1991,5,tmin
Ohu,1991-05-01,21.51,1991,5,tmin
Utai,1991-05-01,22.150000000000002,1991,5,tmin
Wamangu,1991-05-01,21.630000000000003,1991,5,tmin
Wanang,1991-05-01,22.200000000000003,1991,5,tmin
Yapsiei,1991-05-01,22.060000000000002,1991,5,tmin
Elem,1991-06-01,21.19,1991,6,tmin
Morox,1991-06-01,21.67,1991,6,tmin
Niksek,1991-06-01,20.76,1991,6,tmin
Ohu,1991-06-01,20.560000000000002,1991,6,tmin
Utai,1991-06-01,21.1,1991,6,tmin
Wamangu,1991-06-01,21.12,1991,6,tmin
Wanang,1991-06-01,21.560000000000002,1991,6,tmin
Yapsiei,1991-06-01,22.150000000000002,1991,6,tmin
Elem,1991-07-01,22.500000000000004,1991,7,tmin
Morox,1991-07-01,21.680000000000003,1991,7,tmin
Niksek,1991-07-01,22.37,1991,7,tmin
Ohu,1991-07-01,22.040000000000003,1991,7,tmin
Utai,1991-07-01,21.87,1991,7,tmin
Wamangu,1991-07-01,21.92,1991,7,tmin
Wanang,1991-07-01,21.060000000000002,1991,7,tmin
Yapsiei,1991-07-01,21.180000000000003,1991,7,tmin
Elem,1991-08-01,21.480000000000004,1991,8,tmin
Morox,1991-08-01,21.550000000000004,1991,8,tmin
Niksek,1991-08-01,22.050000000000004,1991,8,tmin
Ohu,1991-08-01,22.51,1991,8,tmin
Utai,1991-08-01,22.450000000000003,1991,8,tmin
Wamangu,1991-08-01,21.76,1991,8,tmin
Wanang,1991-08-01,22.270000000000003,1991,8,tmin
Yapsiei,1991-08-01,22.12,1991,8,tmin
Elem,1991-09-01,21.820000000000004,1991,9,tmin
Morox,1991-09-01,22.180000000000003,1991,9,tmin
Niksek,1991-09-01,21.01,1991,9,tmin
Ohu,1991-09-01,21.160000000000004,1991,9,tmin
Utai,1991-09-01,21.46,1991,9,tmin
Wamangu,1991-09-01,21.53,1991,9,tmin
Wanang,1991-09-01,21.990000000000002,1991,9,tmin
Yapsiei,1991-09-01,22.42,1991,9,tmin
Elem,1991-10-01,21.310000000000002,1991,10,tmin
Morox,1991-10-01,20.76,1991,10,tmin
Niksek,1991-10-01,21.060000000000002,1991,10,tmin
Ohu,1991-10-01,20.910000000000004,1991,10,tmin
Utai,1991-10-01,20.140000000000004,1991,10,tmin
Wamangu,1991-10-01,20.150000000000002,1991,10,tmin
Wanang,1991-10-01,19.720000000000002,1991,10,tmin
Yapsiei,1991-10-01,19.640000000000004,1991,10,tmin
Elem,1991-11-01,20.01,1991,11,tmin
Morox,1991-11-01,20.140000000000004,1991,11,tmin
Niksek,1991-11-01,20.640000000000004,1991,11,tmin
Ohu,1991-11-01,21.040000000000003,1991,11,tmin
Utai,1991-11-01,23.28,1991,11,tmin
Wamangu,1991-11-01,22.310000000000002,1991,11,tmin
Wanang,1991-11-01,23.050000000000004,1991,11,tmin
Yapsiei,1991-11-01,22.770000000000003,1991,11,tmin
Elem,1991-12-01,22.01,1991,12,tmin
Morox,1991-12-01,21.78,1991,12,tmin
Niksek,1991-12-01,21.51,1991,12,tmin
Ohu,1991-12-01,21.53,1991,12,tmin
Utai,1991-12-01,21.650000000000002,1991,12,tmin
Wamangu,1991-12-01,21.910000000000004,1991,12,tmin
Wanang,1991-12-01,22.470000000000002,1991,12,tmin
Yapsiei,1991-12-01,23.080000000000002,1991,12,tmin
Elem,1992-01-01,20.790000000000003,1992,1,tmin
Morox,1992-01-01,20.580000000000002,1992,1,tmin
Niksek,1992-01-01,20.92,1992,1,tmin
Ohu,1992-01-01,20.000000000000004,1992,1,tmin
Utai,1992-01-01,20.020000000000003,1992,1,tmin
Wamangu,1992-01-01,19.580000000000002,1992,1,tmin
Wanang,1992-01-01,19.320000000000004,1992,1,tmin
Yapsiei,1992-01-01,19.890000000000004,1992,1,tmin
Elem,1992-02-01,20.540000000000003,1992,2,tmin
Morox,1992-02-01,19.930000000000003,1992,2,tmin
Niksek,1992-02-01,20.230000000000004,1992,2,tmin
Ohu,1992-02-01,20.1,1992,2,tmin
Utai,1992-02-01,22.470000000000002,1992,2,tmin
Wamangu,1992-02-01,22.130000000000003,1992,2,tmin
Wanang,1992-02-01,22.62,1992,2,tmin
Yapsiei,1992-02-01,21.67,1992,2,tmin
Elem,1992-03-01,21.900000000000002,1992,3,tmin
Morox,1992-03-01,21.390000000000004,1992,3,tmin
Niksek,1992-03-01,21.000000000000004,1992,3,tmin
Ohu,1992-03-01,21.44,1992,3,tmin
Utai,1992-03-01,22.070000000000004,1992,3,tmin
Wamangu,1992-03-01,21.650000000000002,1992,3,tmin
Wanang,1992-03-01,21.880000000000003,1992,3,tmin
Yapsiei,1992-03-01,21.890000000000004,1992,3,tmin
Elem,1992-04-01,21.970000000000002,1992,4,tmin
Morox,1992-04-01,21.35,1992,4,tmin
Niksek,1992-04-01,21.880000000000003,1992,4,tmin
Ohu,1992-04-01,20.87,1992,4,tmin
Utai,1992-04-01,21.21,1992,4,tmin
Wamangu,1992-04-01,20.680000000000003,1992,4,tmin
Wanang,1992-04-01,20.390000000000004,1992,4,tmin
Yapsiei,1992-04-01,20.67,1992,4,tmin
Elem,1992-05-01,21.580000000000002,1992,5,tmin
Morox,1992-05-01,21.150000000000002,1992,5,tmin
Niksek,1992-05-01,21.21,1992,5,tmin
Ohu,1992-05-01,21.230000000000004,1992,5,tmin
Utai,1992-05-01,22.450000000000003,1992,5,tmin
Wamangu,1992-05-01,22.21,1992,5,tmin
Wanang,1992-05-01,22.71,1992,5,tmin
Yapsiei,1992-05-01,21.860000000000003,1992,5,tmin
Elem,1992-06-01,21.590000000000003,1992,6,tmin
Morox,1992-06-01,21.270000000000003,1992,6,tmin
Niksek,1992-06-01,20.930000000000003,1992,6,tmin
Ohu,1992-06-01,21.070000000000004,1992,6,tmin
Utai,1992-06-01,22.01,1992,6,tmin
Wamangu,1992-06-01,21.520000000000003,1992,6,tmin
Wanang,1992-06-01,21.96,1992,6,tmin
Yapsiei,1992-06-01,21.950000000000003,1992,6,tmin
Elem,1992-07-01,22.900000000000002,1992,7,tmin
Morox,1992-07-01,22.380000000000003,1992,7,tmin
Niksek,1992-07-01,23.19,1992,7,tmin
Ohu,1992-07-01,22.070000000000004,1992,7,tmin
Utai,1992-07-01,22.150000000000002,1992,7,tmin
Wamangu,1992-07-01,21.570000000000004,1992,7,tmin
Wanang,1992-07-01,21.230000000000004,1992,7,tmin
Yapsiei,1992-07-01,21.78,1992,7,tmin
Elem,1992-08-01,22.480000000000004,1992,8,tmin
Morox,1992-08-01,21.950000000000003,1992,8,tmin
Niksek,1992-08-01,22.330000000000002,1992,8,tmin
Ohu,1992-08-01,22.250000000000004,1992,8,tmin
Utai,1992-08-01,22.750000000000004,1992,8,tmin
Wamangu,1992-08-01,22.360000000000003,1992,8,tmin
Wanang,1992-08-01,22.860000000000003,1992,8,tmin
Yapsiei,1992-08-01,22.090000000000003,1992,8,tmin
Elem,1992-09-01,22.12,1992,9,tmin
Morox,1992-09-01,21.76,1992,9,tmin
Niksek,1992-09-01,21.21,1992,9,tmin
Ohu,1992-09-01,21.750000000000004,1992,9,tmin
Utai,1992-09-01,22.46,1992,9,tmin
Wamangu,1992-09-01,21.930000000000003,1992,9,tmin
Wanang,1992-09-01,22.21,1992,9,tmin
Yapsiei,1992-09-01,22.12,1992,9,tmin
Elem,1992-10-01,21.590000000000003,1992,10,tmin
Morox,1992-10-01,21.28,1992,10,tmin
Niksek,1992-10-01,21.630000000000003,1992,10,tmin
Ohu,1992-10-01,20.71,1992,10,tmin
Utai,1992-10-01,20.550000000000004,1992,10,tmin
Wamangu,1992-10-01,19.76,1992,10,tmin
Wanang,1992-10-01,19.740000000000002,1992,10,tmin
Yapsiei,1992-10-01,20.140000000000004,1992,10,tmin
Elem,1992-11-01,21.020000000000003,1992,11,tmin
Morox,1992-11-01,20.550000000000004,1992,11,tmin
Niksek,1992-11-01,21.03,1992,11,tmin
Ohu,1992-11-01,20.840000000000003,1992,11,tmin
Utai,1992-11-01,23.550000000000004,1992,11,tmin
Wamangu,1992-11-01,22.820000000000004,1992,11,tmin
Wanang,1992-11-01,23.610000000000003,1992,11,tmin
Yapsiei,1992-11-01,22.300000000000004,1992,11,tmin
Elem,1992-12-01,22.410000000000004,1992,12,tmin
Morox,1992-12-01,21.540000000000003,1992,12,tmin
Niksek,1992-12-01,21.390000000000004,1992,12,tmin
Ohu,1992-12-01,21.87,1992,12,tmin
Utai,1992-12-01,22.660000000000004,1992,12,tmin
Wamangu,1992-12-01,22.46,1992,12,tmin
Wanang,1992-12-01,22.720000000000002,1992,12,tmin
Yapsiei,1992-12-01,22.800000000000004,1992,12,tmin
Elem,1993-01-01,19.980000000000004,1993,1,tmin
Morox,1993-01-01,20.28,1993,1,tmin
Niksek,1993-01-01,19.92,1993,1,tmin
Ohu,1993-01-01,19.69,1993,1,tmin
Utai,1993-01-01,20.360000000000003,1993,1,tmin
Wamangu,1993-01-01,19.990000000000002,1993,1,tmin
Wanang,1993-01-01,19.92,1993,1,tmin
Yapsiei,1993-01-01,19.880000000000003,1993,1,tmin
Elem,1993-02-01,20.67,1993,2,tmin
Morox,1993-02-01,20.790000000000003,1993,2,tmin
Niksek,1993-02-01,20.470000000000002,1993,2,tmin
Ohu,1993-02-01,20.320000000000004,1993,2,tmin
Utai,1993-02-01,21.720000000000002,1993,2,tmin
Wamangu,1993-02-01,21.980000000000004,1993,2,tmin
Wanang,1993-02-01,21.570000000000004,1993,2,tmin
Yapsiei,1993-02-01,21.360000000000003,1993,2,tmin
Elem,1993-03-01,22.240000000000002,1993,3,tmin
Morox,1993-03-01,21.76,1993,3,tmin
Niksek,1993-03-01,21.490000000000002,1993,3,tmin
Ohu,1993-03-01,21.470000000000002,1993,3,tmin
Utai,1993-03-01,22.21,1993,3,tmin
Wamangu,1993-03-01,22.480000000000004,1993,3,tmin
Wanang,1993-03-01,22.050000000000004,1993,3,tmin
Yapsiei,1993-03-01,22.140000000000004,1993,3,tmin
Elem,1993-04-01,20.980000000000004,1993,4,tmin
Morox,1993-04-01,21.090000000000003,1993,4,tmin
Niksek,1993-04-01,20.92,1993,4,tmin
Ohu,1993-04-01,20.490000000000002,1993,4,tmin
Utai,1993-04-01,21.46,1993,4,tmin
Wamangu,1993-04-01,21.220000000000002,1993,4,tmin
Wanang,1993-04-01,20.980000000000004,1993,4,tmin
Yapsiei,1993-04-01,20.680000000000003,1993,4,tmin
Elem,1993-05-01,21.820000000000004,1993,5,tmin
Morox,1993-05-01,21.96,1993,5,tmin
Niksek,1993-05-01,21.400000000000002,1993,5,tmin
Ohu,1993-05-01,21.330000000000002,1993,5,tmin
Utai,1993-05-01,21.660000000000004,1993,5,tmin
Wamangu,1993-05-01,21.92,1993,5,tmin
Wanang,1993-05-01,21.62,1993,5,tmin
Yapsiei,1993-05-01,21.560000000000002,1993,5,tmin
Elem,1993-06-01,21.990000000000002,1993,6,tmin
Morox,1993-06-01,21.78,1993,6,tmin
Niksek,1993-06-01,21.360000000000003,1993,6,tmin
Ohu,1993-06-01,20.970000000000002,1993,6,tmin
Utai,1993-06-01,22.21,1993,6,tmin
Wamangu,1993-06-01,22.500000000000004,1993,6,tmin
Wanang,1993-06-01,22.150000000000002,1993,6,tmin
Yapsiei,1993-06-01,22.240000000000002,1993,6,tmin
Elem,1993-07-01,22.01,1993,7,tmin
Morox,1993-07-01,22.17,1993,7,tmin
Niksek,1993-07-01,22.020000000000003,1993,7,tmin
Ohu,1993-07-01,21.740000000000002,1993,7,tmin
Utai,1993-07-01,22.37,1993,7,tmin
Wamangu,1993-07-01,21.92,1993,7,tmin
Wanang,1993-07-01,21.730000000000004,1993,7,tmin
Yapsiei,1993-07-01,21.71,1993,7,tmin
Elem,1993-08-01,22.580000000000002,1993,8,tmin
Morox,1993-08-01,22.830000000000002,1993,8,tmin
Niksek,1993-08-01,22.340000000000003,1993,8,tmin
Ohu,1993-08-01,22.250000000000004,1993,8,tmin
Utai,1993-08-01,22.040000000000003,1993,8,tmin
Wamangu,1993-08-01,22.250000000000004,1993,8,tmin
Wanang,1993-08-01,21.770000000000003,1993,8,tmin
Yapsiei,1993-08-01,21.720000000000002,1993,8,tmin
Elem,1993-09-01,22.520000000000003,1993,9,tmin
Morox,1993-09-01,22.090000000000003,1993,9,tmin
Niksek,1993-09-01,21.700000000000003,1993,9,tmin
Ohu,1993-09-01,21.730000000000004,1993,9,tmin
Utai,1993-09-01,22.560000000000002,1993,9,tmin
Wamangu,1993-09-01,22.730000000000004,1993,9,tmin
Wanang,1993-09-01,22.410000000000004,1993,9,tmin
Yapsiei,1993-09-01,22.400000000000002,1993,9,tmin
Elem,1993-10-01,20.810000000000002,1993,10,tmin
Morox,1993-10-01,20.980000000000004,1993,10,tmin
Niksek,1993-10-01,20.640000000000004,1993,10,tmin
Ohu,1993-10-01,20.400000000000002,1993,10,tmin
Utai,1993-10-01,20.950000000000003,1993,10,tmin
Wamangu,1993-10-01,20.340000000000003,1993,10,tmin
Wanang,1993-10-01,20.320000000000004,1993,10,tmin
Yapsiei,1993-10-01,20.05,1993,10,tmin
Elem,1993-11-01,21.19,1993,11,tmin
Morox,1993-11-01,21.450000000000003,1993,11,tmin
Niksek,1993-11-01,21.21,1993,11,tmin
Ohu,1993-11-01,21.040000000000003,1993,11,tmin
Utai,1993-11-01,22.450000000000003,1993,11,tmin
Wamangu,1993-11-01,22.490000000000002,1993,11,tmin
Wanang,1993-11-01,22.78,1993,11,tmin
Yapsiei,1993-11-01,22.040000000000003,1993,11,tmin
Elem,1993-12-01,22.550000000000004,1993,12,tmin
Morox,1993-12-01,22.070000000000004,1993,12,tmin
Niksek,1993-12-01,22.060000000000002,1993,12,tmin
Ohu,1993-12-01,21.78,1993,12,tmin
Utai,1993-12-01,22.890000000000004,1993,12,tmin
Wamangu,1993-12-01,23.19,1993,12,tmin
Wanang,1993-12-01,22.880000000000003,1993,12,tmin
Yapsiei,1993-12-01,22.730000000000004,1993,12,tmin
Elem,1994-01-01,20.740000000000002,1994,1,tmin
Morox,1994-01-01,20.380000000000003,1994,1,tmin
Niksek,1994-01-01,20.35,1994,1,tmin
Ohu,1994-01-01,19.990000000000002,1994,1,tmin
Utai,1994-01-01,19.570000000000004,1994,1,tmin
Wamangu,1994-01-01,19.490000000000002,1994,1,tmin
Wanang,1994-01-01,18.830000000000002,1994,1,tmin
Yapsiei,1994-01-01,19.290000000000003,1994,1,tmin
Elem,1994-02-01,19.880000000000003,1994,2,tmin
Morox,1994-02-01,20.080000000000002,1994,2,tmin
Niksek,1994-02-01,19.51,1994,2,tmin
Ohu,1994-02-01,20.28,1994,2,tmin
Utai,1994-02-01,22.44,1994,2,tmin
Wamangu,1994-02-01,21.980000000000004,1994,2,tmin
Wanang,1994-02-01,22.070000000000004,1994,2,tmin
Yapsiei,1994-02-01,21.660000000000004,1994,2,tmin
Elem,1994-03-01,21.44,1994,3,tmin
Morox,1994-03-01,21.250000000000004,1994,3,tmin
Niksek,1994-03-01,20.520000000000003,1994,3,tmin
Ohu,1994-03-01,20.830000000000002,1994,3,tmin
Utai,1994-03-01,21.430000000000003,1994,3,tmin
Wamangu,1994-03-01,21.78,1994,3,tmin
Wanang,1994-03-01,21.050000000000004,1994,3,tmin
Yapsiei,1994-03-01,21.990000000000002,1994,3,tmin
Elem,1994-04-01,21.900000000000002,1994,4,tmin
Morox,1994-04-01,21.240000000000002,1994,4,tmin
Niksek,1994-04-01,21.240000000000002,1994,4,tmin
Ohu,1994-04-01,20.87,1994,4,tmin
Utai,1994-04-01,20.76,1994,4,tmin
Wamangu,1994-04-01,20.740000000000002,1994,4,tmin
Wanang,1994-04-01,20.080000000000002,1994,4,tmin
Yapsiei,1994-04-01,20.17,1994,4,tmin
Elem,1994-05-01,20.980000000000004,1994,5,tmin
Morox,1994-05-01,21.26,1994,5,tmin
Niksek,1994-05-01,20.650000000000002,1994,5,tmin
Ohu,1994-05-01,21.220000000000002,1994,5,tmin
Utai,1994-05-01,22.550000000000004,1994,5,tmin
Wamangu,1994-05-01,22.110000000000003,1994,5,tmin
Wanang,1994-05-01,22.03,1994,5,tmin
Yapsiei,1994-05-01,21.860000000000003,1994,5,tmin
Elem,1994-06-01,21.1,1994,6,tmin
Morox,1994-06-01,21.080000000000002,1994,6,tmin
Niksek,1994-06-01,20.450000000000003,1994,6,tmin
Ohu,1994-06-01,20.470000000000002,1994,6,tmin
Utai,1994-06-01,21.310000000000002,1994,6,tmin
Wamangu,1994-06-01,21.62,1994,6,tmin
Wanang,1994-06-01,21.150000000000002,1994,6,tmin
Yapsiei,1994-06-01,22.050000000000004,1994,6,tmin
Elem,1994-07-01,22.76,1994,7,tmin
Morox,1994-07-01,22.270000000000003,1994,7,tmin
Niksek,1994-07-01,22.390000000000004,1994,7,tmin
Ohu,1994-07-01,22.070000000000004,1994,7,tmin
Utai,1994-07-01,21.67,1994,7,tmin
Wamangu,1994-07-01,21.490000000000002,1994,7,tmin
Wanang,1994-07-01,20.800000000000004,1994,7,tmin
Yapsiei,1994-07-01,21.110000000000003,1994,7,tmin
Elem,1994-08-01,21.85,1994,8,tmin
Morox,1994-08-01,22.130000000000003,1994,8,tmin
Niksek,1994-08-01,21.650000000000002,1994,8,tmin
Ohu,1994-08-01,22.180000000000003,1994,8,tmin
Utai,1994-08-01,22.750000000000004,1994,8,tmin
Wamangu,1994-08-01,22.250000000000004,1994,8,tmin
Wanang,1994-08-01,22.270000000000003,1994,8,tmin
Yapsiei,1994-08-01,22.020000000000003,1994,8,tmin
Elem,1994-09-01,21.720000000000002,1994,9,tmin
Morox,1994-09-01,21.560000000000002,1994,9,tmin
Niksek,1994-09-01,20.78,1994,9,tmin
Ohu,1994-09-01,21.060000000000002,1994,9,tmin
Utai,1994-09-01,21.76,1994,9,tmin
Wamangu,1994-09-01,22.03,1994,9,tmin
Wanang,1994-09-01,21.410000000000004,1994,9,tmin
Yapsiei,1994-09-01,22.220000000000002,1994,9,tmin
Elem,1994-10-01,21.69,1994,10,tmin
Morox,1994-10-01,21.180000000000003,1994,10,tmin
Niksek,1994-10-01,21.040000000000003,1994,10,tmin
Ohu,1994-10-01,20.71,1994,10,tmin
Utai,1994-10-01,20.150000000000002,1994,10,tmin
Wamangu,1994-10-01,19.660000000000004,1994,10,tmin
Wanang,1994-10-01,19.320000000000004,1994,10,tmin
Yapsiei,1994-10-01,19.55,1994,10,tmin
Elem,1994-11-01,20.310000000000002,1994,11,tmin
Morox,1994-11-01,20.650000000000002,1994,11,tmin
Niksek,1994-11-01,20.240000000000002,1994,11,tmin
Ohu,1994-11-01,20.96,1994,11,tmin
Utai,1994-11-01,23.480000000000004,1994,11,tmin
Wamangu,1994-11-01,22.69,1994,11,tmin
Wanang,1994-11-01,23.000000000000004,1994,11,tmin
Yapsiei,1994-11-01,22.42,1994,11,tmin
Elem,1994-12-01,22.020000000000003,1994,12,tmin
Morox,1994-12-01,21.76,1994,12,tmin
Niksek,1994-12-01,21.21,1994,12,tmin
Ohu,1994-12-01,21.35,1994,12,tmin
Utai,1994-12-01,22.090000000000003,1994,12,tmin
Wamangu,1994-12-01,22.570000000000004,1994,12,tmin
Wanang,1994-12-01,22.310000000000002,1994,12,tmin
Yapsiei,1994-12-01,22.740000000000002,1994,12,tmin
Elem,1995-01-01,20.800000000000004,1995,1,tmin
Morox,1995-01-01,20.37,1995,1,tmin
Niksek,1995-01-01,20.05,1995,1,tmin
Ohu,1995-01-01,20.080000000000002,1995,1,tmin
Utai,1995-01-01,19.200000000000003,1995,1,tmin
Wamangu,1995-01-01,19.500000000000004,1995,1,tmin
Wanang,1995-01-01,19.330000000000002,1995,1,tmin
Yapsiei,1995-01-01,20.46,1995,1,tmin
Elem,1995-02-01,19.410000000000004,1995,2,tmin
Morox,1995-02-01,19.05,1995,2,tmin
Niksek,1995-02-01,20.080000000000002,1995,2,tmin
Ohu,1995-02-01,19.450000000000003,1995,2,tmin
Utai,1995-02-01,22.470000000000002,1995,2,tmin
Wamangu,1995-02-01,21.880000000000003,1995,2,tmin
Wanang,1995-02-01,21.67,1995,2,tmin
Yapsiei,1995-02-01,21.660000000000004,1995,2,tmin
Elem,1995-03-01,21.040000000000003,1995,3,tmin
Morox,1995-03-01,21.300000000000004,1995,3,tmin
Niksek,1995-03-01,20.990000000000002,1995,3,tmin
Ohu,1995-03-01,22.130000000000003,1995,3,tmin
Utai,1995-03-01,20.910000000000004,1995,3,tmin
Wamangu,1995-03-01,20.71,1995,3,tmin
Wanang,1995-03-01,21.550000000000004,1995,3,tmin
Yapsiei,1995-03-01,21.150000000000002,1995,3,tmin
Elem,1995-04-01,21.770000000000003,1995,4,tmin
Morox,1995-04-01,21.94,1995,4,tmin
Niksek,1995-04-01,21.320000000000004,1995,4,tmin
Ohu,1995-04-01,21.570000000000004,1995,4,tmin
Utai,1995-04-01,20.6,1995,4,tmin
Wamangu,1995-04-01,20.87,1995,4,tmin
Wanang,1995-04-01,20.490000000000002,1995,4,tmin
Yapsiei,1995-04-01,21.28,1995,4,tmin
Elem,1995-05-01,20.520000000000003,1995,5,tmin
Morox,1995-05-01,20.340000000000003,1995,5,tmin
Niksek,1995-05-01,21.700000000000003,1995,5,tmin
Ohu,1995-05-01,20.67,1995,5,tmin
Utai,1995-05-01,22.450000000000003,1995,5,tmin
Wamangu,1995-05-01,22.01,1995,5,tmin
Wanang,1995-05-01,21.720000000000002,1995,5,tmin
Yapsiei,1995-05-01,21.860000000000003,1995,5,tmin
Elem,1995-06-01,20.700000000000003,1995,6,tmin
Morox,1995-06-01,21.180000000000003,1995,6,tmin
Niksek,1995-06-01,20.76,1995,6,tmin
Ohu,1995-06-01,21.700000000000003,1995,6,tmin
Utai,1995-06-01,20.910000000000004,1995,6,tmin
Wamangu,1995-06-01,20.62,1995,6,tmin
Wanang,1995-06-01,21.650000000000002,1995,6,tmin
Yapsiei,1995-06-01,21.250000000000004,1995,6,tmin
Elem,1995-07-01,22.6,1995,7,tmin
Morox,1995-07-01,22.970000000000002,1995,7,tmin
Niksek,1995-07-01,22.390000000000004,1995,7,tmin
Ohu,1995-07-01,22.770000000000003,1995,7,tmin
Utai,1995-07-01,21.6,1995,7,tmin
Wamangu,1995-07-01,21.62,1995,7,tmin
Wanang,1995-07-01,21.330000000000002,1995,7,tmin
Yapsiei,1995-07-01,22.340000000000003,1995,7,tmin
Elem,1995-08-01,21.28,1995,8,tmin
Morox,1995-08-01,21.050000000000004,1995,8,tmin
Niksek,1995-08-01,22.650000000000002,1995,8,tmin
Ohu,1995-08-01,21.680000000000003,1995,8,tmin
Utai,1995-08-01,22.750000000000004,1995,8,tmin
Wamangu,1995-08-01,22.150000000000002,1995,8,tmin
Wanang,1995-08-01,21.87,1995,8,tmin
Yapsiei,1995-08-01,22.020000000000003,1995,8,tmin
Elem,1995-09-01,21.320000000000004,1995,9,tmin
Morox,1995-09-01,21.590000000000003,1995,9,tmin
Niksek,1995-09-01,21.200000000000003,1995,9,tmin
Ohu,1995-09-01,22.390000000000004,1995,9,tmin
Utai,1995-09-01,21.26,1995,9,tmin
Wamangu,1995-09-01,21.03,1995,9,tmin
Wanang,1995-09-01,21.910000000000004,1995,9,tmin
Yapsiei,1995-09-01,21.42,1995,9,tmin
Elem,1995-10-01,21.62,1995,10,tmin
Morox,1995-10-01,21.150000000000002,1995,10,tmin
Niksek,1995-10-01,20.76,1995,10,tmin
Ohu,1995-10-01,20.790000000000003,1995,10,tmin
Utai,1995-10-01,19.770000000000003,1995,10,tmin
Wamangu,1995-10-01,19.76,1995,10,tmin
Wanang,1995-10-01,19.720000000000002,1995,10,tmin
Yapsiei,1995-10-01,20.830000000000002,1995,10,tmin
Elem,1995-11-01,19.92,1995,11,tmin
Morox,1995-11-01,19.660000000000004,1995,11,tmin
Niksek,1995-11-01,20.820000000000004,1995,11,tmin
Ohu,1995-11-01,20.150000000000002,1995,11,tmin
Utai,1995-11-01,23.220000000000002,1995,11,tmin
Wamangu,1995-11-01,23.390000000000004,1995,11,tmin
Wanang,1995-11-01,23.020000000000003,1995,11,tmin
Yapsiei,1995-11-01,23.060000000000002,1995,11,tmin
Elem,1995-12-01,21.990000000000002,1995,12,tmin
Morox,1995-12-01,21.890000000000004,1995,12,tmin
Niksek,1995-12-01,21.590000000000003,1995,12,tmin
Ohu,1995-12-01,22.46,1995,12,tmin
Utai,1995-12-01,21.700000000000003,1995,12,tmin
Wamangu,1995-12-01,21.69,1995,12,tmin
Wanang,1995-12-01,23.250000000000004,1995,12,tmin
Yapsiei,1995-12-01,22.340000000000003,1995,12,tmin
Elem,1996-01-01,19.540000000000003,1996,1,tmin
Morox,1996-01-01,19.69,1996,1,tmin
Niksek,1996-01-01,19.820000000000004,1996,1,tmin
Ohu,1996-01-01,20.01,1996,1,tmin
Utai,1996-01-01,19.310000000000002,1996,1,tmin
Wamangu,1996-01-01,19.910000000000004,1996,1,tmin
Wanang,1996-01-01,18.520000000000003,1996,1,tmin
Yapsiei,1996-01-01,19.390000000000004,1996,1,tmin
Elem,1996-02-01,19.570000000000004,1996,2,tmin
Morox,1996-02-01,19.330000000000002,1996,2,tmin
Niksek,1996-02-01,19.740000000000002,1996,2,tmin
Ohu,1996-02-01,20.110000000000003,1996,2,tmin
Utai,1996-02-01,21.240000000000002,1996,2,tmin
Wamangu,1996-02-01,21.28,1996,2,tmin
Wanang,1996-02-01,21.470000000000002,1996,2,tmin
Yapsiei,1996-02-01,21.660000000000004,1996,2,tmin
Elem,1996-03-01,21.240000000000002,1996,3,tmin
Morox,1996-03-01,21.700000000000003,1996,3,tmin
Niksek,1996-03-01,20.19,1996,3,tmin
Ohu,1996-03-01,20.910000000000004,1996,3,tmin
Utai,1996-03-01,21.110000000000003,1996,3,tmin
Wamangu,1996-03-01,21.01,1996,3,tmin
Wanang,1996-03-01,21.340000000000003,1996,3,tmin
Yapsiei,1996-03-01,21.85,1996,3,tmin
Elem,1996-04-01,20.810000000000002,1996,4,tmin
Morox,1996-04-01,20.740000000000002,1996,4,tmin
Niksek,1996-04-01,20.770000000000003,1996,4,tmin
Ohu,1996-04-01,20.770000000000003,1996,4,tmin
Utai,1996-04-01,20.51,1996,4,tmin
Wamangu,1996-04-01,21.12,1996,4,tmin
Wanang,1996-04-01,19.590000000000003,1996,4,tmin
Yapsiei,1996-04-01,20.21,1996,4,tmin
Elem,1996-05-01,20.720000000000002,1996,5,tmin
Morox,1996-05-01,20.640000000000004,1996,5,tmin
Niksek,1996-05-01,20.750000000000004,1996,5,tmin
Ohu,1996-05-01,21.17,1996,5,tmin
Utai,1996-05-01,21.250000000000004,1996,5,tmin
Wamangu,1996-05-01,21.410000000000004,1996,5,tmin
Wanang,1996-05-01,21.520000000000003,1996,5,tmin
Yapsiei,1996-05-01,21.860000000000003,1996,5,tmin
Elem,1996-06-01,20.890000000000004,1996,6,tmin
Morox,1996-06-01,21.580000000000002,1996,6,tmin
Niksek,1996-06-01,19.96,1996,6,tmin
Ohu,1996-06-01,20.550000000000004,1996,6,tmin
Utai,1996-06-01,21.110000000000003,1996,6,tmin
Wamangu,1996-06-01,20.92,1996,6,tmin
Wanang,1996-06-01,21.360000000000003,1996,6,tmin
Yapsiei,1996-06-01,21.950000000000003,1996,6,tmin
Elem,1996-07-01,21.790000000000003,1996,7,tmin
Morox,1996-07-01,21.78,1996,7,tmin
Niksek,1996-07-01,21.890000000000004,1996,7,tmin
Ohu,1996-07-01,21.87,1996,7,tmin
Utai,1996-07-01,21.380000000000003,1996,7,tmin
Wamangu,1996-07-01,21.820000000000004,1996,7,tmin
Wanang,1996-07-01,20.430000000000003,1996,7,tmin
Yapsiei,1996-07-01,21.180000000000003,1996,7,tmin
Elem,1996-08-01,21.480000000000004,1996,8,tmin
Morox,1996-08-01,21.35,1996,8,tmin
Niksek,1996-08-01,21.76,1996,8,tmin
Ohu,1996-08-01,22.080000000000002,1996,8,tmin
Utai,1996-08-01,21.550000000000004,1996,8,tmin
Wamangu,1996-08-01,21.550000000000004,1996,8,tmin
Wanang,1996-08-01,21.67,1996,8,tmin
Yapsiei,1996-08-01,22.020000000000003,1996,8,tmin
Elem,1996-09-01,21.500000000000004,1996,9,tmin
Morox,1996-09-01,21.990000000000002,1996,9,tmin
Niksek,1996-09-01,20.400000000000002,1996,9,tmin
Ohu,1996-09-01,21.150000000000002,1996,9,tmin
Utai,1996-09-01,21.46,1996,9,tmin
Wamangu,1996-09-01,21.330000000000002,1996,9,tmin
Wanang,1996-09-01,21.610000000000003,1996,9,tmin
Yapsiei,1996-09-01,22.12,1996,9,tmin
Elem,1996-10-01,20.390000000000004,1996,10,tmin
Morox,1996-10-01,20.480000000000004,1996,10,tmin
Niksek,1996-10-01,20.540000000000003,1996,10,tmin
Ohu,1996-10-01,20.730000000000004,1996,10,tmin
Utai,1996-10-01,19.85,1996,10,tmin
Wamangu,1996-10-01,20.17,1996,10,tmin
Wanang,1996-10-01,18.92,1996,10,tmin
Yapsiei,1996-10-01,19.55,1996,10,tmin
Elem,1996-11-01,20.090000000000003,1996,11,tmin
Morox,1996-11-01,19.950000000000003,1996,11,tmin
Niksek,1996-11-01,20.44,1996,11,tmin
Ohu,1996-11-01,20.810000000000002,1996,11,tmin
Utai,1996-11-01,22.630000000000003,1996,11,tmin
Wamangu,1996-11-01,22.35,1996,11,tmin
Wanang,1996-11-01,22.550000000000004,1996,11,tmin
Yapsiei,1996-11-01,22.19,1996,11,tmin
Elem,1996-12-01,21.750000000000004,1996,12,tmin
Morox,1996-12-01,22.060000000000002,1996,12,tmin
Niksek,1996-12-01,20.770000000000003,1996,12,tmin
Ohu,1996-12-01,21.490000000000002,1996,12,tmin
Utai,1996-12-01,21.990000000000002,1996,12,tmin
Wamangu,1996-12-01,21.990000000000002,1996,12,tmin
Wanang,1996-12-01,22.380000000000003,1996,12,tmin
Yapsiei,1996-12-01,22.71,1996,12,tmin
Elem,1997-01-01,19.820000000000004,1997,1,tmin
Morox,1997-01-01,20.19,1997,1,tmin
Niksek,1997-01-01,20.6,1997,1,tmin
Ohu,1997-01-01,19.910000000000004,1997,1,tmin
Utai,1997-01-01,19.78,1997,1,tmin
Wamangu,1997-01-01,19.660000000000004,1997,1,tmin
Wanang,1997-01-01,19.35,1997,1,tmin
Yapsiei,1997-01-01,19.46,1997,1,tmin
Elem,1997-02-01,19.92,1997,2,tmin
Morox,1997-02-01,19.630000000000003,1997,2,tmin
Niksek,1997-02-01,20.240000000000002,1997,2,tmin
Ohu,1997-02-01,20.28,1997,2,tmin
Utai,1997-02-01,21.570000000000004,1997,2,tmin
Wamangu,1997-02-01,21.78,1997,2,tmin
Wanang,1997-02-01,22.19,1997,2,tmin
Yapsiei,1997-02-01,21.67,1997,2,tmin
Elem,1997-03-01,21.76,1997,3,tmin
Morox,1997-03-01,21.62,1997,3,tmin
Niksek,1997-03-01,20.950000000000003,1997,3,tmin
Ohu,1997-03-01,21.160000000000004,1997,3,tmin
Utai,1997-03-01,21.44,1997,3,tmin
Wamangu,1997-03-01,21.28,1997,3,tmin
Wanang,1997-03-01,21.830000000000002,1997,3,tmin
Yapsiei,1997-03-01,22.1,1997,3,tmin
Elem,1997-04-01,20.37,1997,4,tmin
Morox,1997-04-01,21.340000000000003,1997,4,tmin
Niksek,1997-04-01,21.42,1997,4,tmin
Ohu,1997-04-01,21.070000000000004,1997,4,tmin
Utai,1997-04-01,21.080000000000002,1997,4,tmin
Wamangu,1997-04-01,21.060000000000002,1997,4,tmin
Wanang,1997-04-01,20.470000000000002,1997,4,tmin
Yapsiei,1997-04-01,20.340000000000003,1997,4,tmin
Elem,1997-05-01,21.180000000000003,1997,5,tmin
Morox,1997-05-01,21.35,1997,5,tmin
Niksek,1997-05-01,21.44,1997,5,tmin
Ohu,1997-05-01,21.540000000000003,1997,5,tmin
Utai,1997-05-01,21.550000000000004,1997,5,tmin
Wamangu,1997-05-01,21.910000000000004,1997,5,tmin
Wanang,1997-05-01,22.230000000000004,1997,5,tmin
Yapsiei,1997-05-01,21.69,1997,5,tmin
Elem,1997-06-01,21.19,1997,6,tmin
Morox,1997-06-01,21.19,1997,6,tmin
Niksek,1997-06-01,20.700000000000003,1997,6,tmin
Ohu,1997-06-01,20.250000000000004,1997,6,tmin
Utai,1997-06-01,21.12,1997,6,tmin
Wamangu,1997-06-01,21.200000000000003,1997,6,tmin
Wanang,1997-06-01,21.830000000000002,1997,6,tmin
Yapsiei,1997-06-01,22.140000000000004,1997,6,tmin
Elem,1997-07-01,21.300000000000004,1997,7,tmin
Morox,1997-07-01,22.37,1997,7,tmin
Niksek,1997-07-01,22.67,1997,7,tmin
Ohu,1997-07-01,22.560000000000002,1997,7,tmin
Utai,1997-07-01,22.250000000000004,1997,7,tmin
Wamangu,1997-07-01,22.03,1997,7,tmin
Wanang,1997-07-01,21.500000000000004,1997,7,tmin
Yapsiei,1997-07-01,21.810000000000002,1997,7,tmin
Elem,1997-08-01,22.17,1997,8,tmin
Morox,1997-08-01,22.320000000000004,1997,8,tmin
Niksek,1997-08-01,22.500000000000004,1997,8,tmin
Ohu,1997-08-01,22.750000000000004,1997,8,tmin
Utai,1997-08-01,21.85,1997,8,tmin
Wamangu,1997-08-01,22.050000000000004,1997,8,tmin
Wanang,1997-08-01,22.450000000000003,1997,8,tmin
Yapsiei,1997-08-01,22.070000000000004,1997,8,tmin
Elem,1997-09-01,22.1,1997,9,tmin
Morox,1997-09-01,21.980000000000004,1997,9,tmin
Niksek,1997-09-01,21.200000000000003,1997,9,tmin
Ohu,1997-09-01,21.480000000000004,1997,9,tmin
Utai,1997-09-01,21.840000000000003,1997,9,tmin
Wamangu,1997-09-01,21.630000000000003,1997,9,tmin
Wanang,1997-09-01,22.19,1997,9,tmin
Yapsiei,1997-09-01,22.430000000000003,1997,9,tmin
Elem,1997-10-01,20.630000000000003,1997,10,tmin
Morox,1997-10-01,20.980000000000004,1997,10,tmin
Niksek,1997-10-01,21.240000000000002,1997,10,tmin
Ohu,1997-10-01,20.480000000000004,1997,10,tmin
Utai,1997-10-01,20.17,1997,10,tmin
Wamangu,1997-10-01,19.67,1997,10,tmin
Wanang,1997-10-01,19.590000000000003,1997,10,tmin
Yapsiei,1997-10-01,19.26,1997,10,tmin
Elem,1997-11-01,20.150000000000002,1997,11,tmin
Morox,1997-11-01,20.12,1997,11,tmin
Niksek,1997-11-01,20.94,1997,11,tmin
Ohu,1997-11-01,21.000000000000004,1997,11,tmin
Utai,1997-11-01,22.01,1997,11,tmin
Wamangu,1997-11-01,22.820000000000004,1997,11,tmin
Wanang,1997-11-01,23.150000000000002,1997,11,tmin
Yapsiei,1997-11-01,22.580000000000002,1997,11,tmin
Elem,1997-12-01,22.290000000000003,1997,12,tmin
Morox,1997-12-01,21.890000000000004,1997,12,tmin
Niksek,1997-12-01,21.490000000000002,1997,12,tmin
Ohu,1997-12-01,21.300000000000004,1997,12,tmin
Utai,1997-12-01,22.300000000000004,1997,12,tmin
Wamangu,1997-12-01,23.140000000000004,1997,12,tmin
Wanang,1997-12-01,23.270000000000003,1997,12,tmin
Yapsiei,1997-12-01,23.300000000000004,1997,12,tmin
Elem,1998-01-01,20.480000000000004,1998,1,tmin
Morox,1998-01-01,20.42,1998,1,tmin
Niksek,1998-01-01,20.250000000000004,1998,1,tmin
Ohu,1998-01-01,20.330000000000002,1998,1,tmin
Utai,1998-01-01,20.090000000000003,1998,1,tmin
Wamangu,1998-01-01,19.640000000000004,1998,1,tmin
Wanang,1998-01-01,19.430000000000003,1998,1,tmin
Yapsiei,1998-01-01,19.520000000000003,1998,1,tmin
Elem,1998-02-01,19.78,1998,2,tmin
Morox,1998-02-01,20.250000000000004,1998,2,tmin
Niksek,1998-02-01,20.040000000000003,1998,2,tmin
Ohu,1998-02-01,20.200000000000003,1998,2,tmin
Utai,1998-02-01,21.930000000000003,1998,2,tmin
Wamangu,1998-02-01,21.76,1998,2,tmin
Wanang,1998-02-01,21.880000000000003,1998,2,tmin
Yapsiei,1998-02-01,21.680000000000003,1998,2,tmin
Elem,1998-03-01,21.840000000000003,1998,3,tmin
Morox,1998-03-01,21.250000000000004,1998,3,tmin
Niksek,1998-03-01,20.990000000000002,1998,3,tmin
Ohu,1998-03-01,20.930000000000003,1998,3,tmin
Utai,1998-03-01,21.230000000000004,1998,3,tmin
Wamangu,1998-03-01,21.680000000000003,1998,3,tmin
Wanang,1998-03-01,21.640000000000004,1998,3,tmin
Yapsiei,1998-03-01,21.990000000000002,1998,3,tmin
Elem,1998-04-01,21.71,1998,4,tmin
Morox,1998-04-01,21.51,1998,4,tmin
Niksek,1998-04-01,22.070000000000004,1998,4,tmin
Ohu,1998-04-01,21.28,1998,4,tmin
Utai,1998-04-01,21.96,1998,4,tmin
Wamangu,1998-04-01,21.640000000000004,1998,4,tmin
Wanang,1998-04-01,21.69,1998,4,tmin
Yapsiei,1998-04-01,20.270000000000003,1998,4,tmin
Elem,1998-05-01,20.87,1998,5,tmin
Morox,1998-05-01,21.250000000000004,1998,5,tmin
Niksek,1998-05-01,22.250000000000004,1998,5,tmin
Ohu,1998-05-01,20.92,1998,5,tmin
Utai,1998-05-01,21.950000000000003,1998,5,tmin
Wamangu,1998-05-01,22.050000000000004,1998,5,tmin
Wanang,1998-05-01,22.01,1998,5,tmin
Yapsiei,1998-05-01,22.110000000000003,1998,5,tmin
Elem,1998-06-01,21.500000000000004,1998,6,tmin
Morox,1998-06-01,21.080000000000002,1998,6,tmin
Niksek,1998-06-01,20.76,1998,6,tmin
Ohu,1998-06-01,20.570000000000004,1998,6,tmin
Utai,1998-06-01,21.21,1998,6,tmin
Wamangu,1998-06-01,21.62,1998,6,tmin
Wanang,1998-06-01,21.660000000000004,1998,6,tmin
Yapsiei,1998-06-01,22.050000000000004,1998,6,tmin
Elem,1998-07-01,22.480000000000004,1998,7,tmin
Morox,1998-07-01,22.430000000000003,1998,7,tmin
Niksek,1998-07-01,23.17,1998,7,tmin
Ohu,1998-07-01,22.230000000000004,1998,7,tmin
Utai,1998-07-01,22.87,1998,7,tmin
Wamangu,1998-07-01,22.390000000000004,1998,7,tmin
Wanang,1998-07-01,22.53,1998,7,tmin
Yapsiei,1998-07-01,21.21,1998,7,tmin
Elem,1998-08-01,21.650000000000002,1998,8,tmin
Morox,1998-08-01,22.03,1998,8,tmin
Niksek,1998-08-01,23.230000000000004,1998,8,tmin
Ohu,1998-08-01,21.880000000000003,1998,8,tmin
Utai,1998-08-01,22.220000000000002,1998,8,tmin
Wamangu,1998-08-01,22.000000000000004,1998,8,tmin
Wanang,1998-08-01,22.160000000000004,1998,8,tmin
Yapsiei,1998-08-01,21.94,1998,8,tmin
Elem,1998-09-01,22.12,1998,9,tmin
Morox,1998-09-01,21.560000000000002,1998,9,tmin
Niksek,1998-09-01,21.200000000000003,1998,9,tmin
Ohu,1998-09-01,21.160000000000004,1998,9,tmin
Utai,1998-09-01,21.560000000000002,1998,9,tmin
Wamangu,1998-09-01,21.930000000000003,1998,9,tmin
Wanang,1998-09-01,21.910000000000004,1998,9,tmin
Yapsiei,1998-09-01,22.220000000000002,1998,9,tmin
Elem,1998-10-01,21.180000000000003,1998,10,tmin
Morox,1998-10-01,21.140000000000004,1998,10,tmin
Niksek,1998-10-01,20.930000000000003,1998,10,tmin
Ohu,1998-10-01,21.03,1998,10,tmin
Utai,1998-10-01,20.67,1998,10,tmin
Wamangu,1998-10-01,19.820000000000004,1998,10,tmin
Wanang,1998-10-01,19.820000000000004,1998,10,tmin
Yapsiei,1998-10-01,19.770000000000003,1998,10,tmin
Elem,1998-11-01,20.21,1998,11,tmin
Morox,1998-11-01,20.880000000000003,1998,11,tmin
Niksek,1998-11-01,20.680000000000003,1998,11,tmin
Ohu,1998-11-01,20.87,1998,11,tmin
Utai,1998-11-01,23.490000000000002,1998,11,tmin
Wamangu,1998-11-01,23.320000000000004,1998,11,tmin
Wanang,1998-11-01,23.680000000000003,1998,11,tmin
Yapsiei,1998-11-01,23.040000000000003,1998,11,tmin
Elem,1998-12-01,23.130000000000003,1998,12,tmin
Morox,1998-12-01,22.660000000000004,1998,12,tmin
Niksek,1998-12-01,22.790000000000003,1998,12,tmin
Ohu,1998-12-01,21.480000000000004,1998,12,tmin
Utai,1998-12-01,22.050000000000004,1998,12,tmin
Wamangu,1998-12-01,22.520000000000003,1998,12,tmin
Wanang,1998-12-01,23.750000000000004,1998,12,tmin
Yapsiei,1998-12-01,22.44,1998,12,tmin
Elem,1999-01-01,20.730000000000004,1999,1,tmin
Morox,1999-01-01,20.180000000000003,1999,1,tmin
Niksek,1999-01-01,20.26,1999,1,tmin
Ohu,1999-01-01,20.110000000000003,1999,1,tmin
Utai,1999-01-01,20.130000000000003,1999,1,tmin
Wamangu,1999-01-01,19.410000000000004,1999,1,tmin
Wanang,1999-01-01,19.12,1999,1,tmin
Yapsiei,1999-01-01,19.330000000000002,1999,1,tmin
Elem,1999-02-01,19.750000000000004,1999,2,tmin
Morox,1999-02-01,20.44,1999,2,tmin
Niksek,1999-02-01,20.26,1999,2,tmin
Ohu,1999-02-01,20.020000000000003,1999,2,tmin
Utai,1999-02-01,22.540000000000003,1999,2,tmin
Wamangu,1999-02-01,21.78,1999,2,tmin
Wanang,1999-02-01,21.990000000000002,1999,2,tmin
Yapsiei,1999-02-01,21.800000000000004,1999,2,tmin
Elem,1999-03-01,22.040000000000003,1999,3,tmin
Morox,1999-03-01,21.1,1999,3,tmin
Niksek,1999-03-01,20.790000000000003,1999,3,tmin
Ohu,1999-03-01,20.830000000000002,1999,3,tmin
Utai,1999-03-01,21.310000000000002,1999,3,tmin
Wamangu,1999-03-01,22.01,1999,3,tmin
Wanang,1999-03-01,21.840000000000003,1999,3,tmin
Yapsiei,1999-03-01,21.790000000000003,1999,3,tmin
Elem,1999-04-01,21.800000000000004,1999,4,tmin
Morox,1999-04-01,21.630000000000003,1999,4,tmin
Niksek,1999-04-01,21.21,1999,4,tmin
Ohu,1999-04-01,21.070000000000004,1999,4,tmin
Utai,1999-04-01,21.01,1999,4,tmin
Wamangu,1999-04-01,21.62,1999,4,tmin
Wanang,1999-04-01,20.19,1999,4,tmin
Yapsiei,1999-04-01,20.17,1999,4,tmin
Elem,1999-05-01,20.92,1999,5,tmin
Morox,1999-05-01,21.720000000000002,1999,5,tmin
Niksek,1999-05-01,21.650000000000002,1999,5,tmin
Ohu,1999-05-01,20.520000000000003,1999,5,tmin
Utai,1999-05-01,22.51,1999,5,tmin
Wamangu,1999-05-01,21.910000000000004,1999,5,tmin
Wanang,1999-05-01,21.860000000000003,1999,5,tmin
Yapsiei,1999-05-01,22.050000000000004,1999,5,tmin
Elem,1999-06-01,21.69,1999,6,tmin
Morox,1999-06-01,20.980000000000004,1999,6,tmin
Niksek,1999-06-01,20.560000000000002,1999,6,tmin
Ohu,1999-06-01,20.470000000000002,1999,6,tmin
Utai,1999-06-01,21.310000000000002,1999,6,tmin
Wamangu,1999-06-01,21.87,1999,6,tmin
Wanang,1999-06-01,21.860000000000003,1999,6,tmin
Yapsiei,1999-06-01,21.85,1999,6,tmin
Elem,1999-07-01,22.880000000000003,1999,7,tmin
Morox,1999-07-01,22.660000000000004,1999,7,tmin
Niksek,1999-07-01,22.640000000000004,1999,7,tmin
Ohu,1999-07-01,22.310000000000002,1999,7,tmin
Utai,1999-07-01,21.880000000000003,1999,7,tmin
Wamangu,1999-07-01,22.320000000000004,1999,7,tmin
Wanang,1999-07-01,21.03,1999,7,tmin
Yapsiei,1999-07-01,21.110000000000003,1999,7,tmin
Elem,1999-08-01,21.680000000000003,1999,8,tmin
Morox,1999-08-01,22.540000000000003,1999,8,tmin
Niksek,1999-08-01,22.630000000000003,1999,8,tmin
Ohu,1999-08-01,21.480000000000004,1999,8,tmin
Utai,1999-08-01,22.820000000000004,1999,8,tmin
Wamangu,1999-08-01,22.050000000000004,1999,8,tmin
Wanang,1999-08-01,22.26,1999,8,tmin
Yapsiei,1999-08-01,22.150000000000002,1999,8,tmin
Elem,1999-09-01,22.300000000000004,1999,9,tmin
Morox,1999-09-01,21.390000000000004,1999,9,tmin
Niksek,1999-09-01,21.000000000000004,1999,9,tmin
Ohu,1999-09-01,21.060000000000002,1999,9,tmin
Utai,1999-09-01,21.660000000000004,1999,9,tmin
Wamangu,1999-09-01,22.310000000000002,1999,9,tmin
Wanang,1999-09-01,22.110000000000003,1999,9,tmin
Yapsiei,1999-09-01,22.020000000000003,1999,9,tmin
Elem,1999-10-01,21.6,1999,10,tmin
Morox,1999-10-01,20.94,1999,10,tmin
Niksek,1999-10-01,20.900000000000002,1999,10,tmin
Ohu,1999-10-01,20.840000000000003,1999,10,tmin
Utai,1999-10-01,20.69,1999,10,tmin
Wamangu,1999-10-01,19.680000000000003,1999,10,tmin
Wanang,1999-10-01,19.520000000000003,1999,10,tmin
Yapsiei,1999-10-01,19.580000000000002,1999,10,tmin
Elem,1999-11-01,20.26,1999,11,tmin
Morox,1999-11-01,20.950000000000003,1999,11,tmin
Niksek,1999-11-01,20.94,1999,11,tmin
Ohu,1999-11-01,20.740000000000002,1999,11,tmin
Utai,1999-11-01,23.42,1999,11,tmin
Wamangu,1999-11-01,23.080000000000002,1999,11,tmin
Wanang,1999-11-01,22.94,1999,11,tmin
Yapsiei,1999-11-01,22.740000000000002,1999,11,tmin
Elem,1999-12-01,22.1,1999,12,tmin
Morox,1999-12-01,22.62,1999,12,tmin
Niksek,1999-12-01,21.340000000000003,1999,12,tmin
Ohu,1999-12-01,21.410000000000004,1999,12,tmin
Utai,1999-12-01,22.050000000000004,1999,12,tmin
Wamangu,1999-12-01,23.03,1999,12,tmin
Wanang,1999-12-01,23.090000000000003,1999,12,tmin
Yapsiei,1999-12-01,22.1,1999,12,tmin
Elem,2000-01-01,20.12,2000,1,tmin
Morox,2000-01-01,20.990000000000002,2000,1,tmin
Niksek,2000-01-01,20.020000000000003,2000,1,tmin
Ohu,2000-01-01,20.250000000000004,2000,1,tmin
Utai,2000-01-01,20.3,2000,1,tmin
Wamangu,2000-01-01,19.71,2000,1,tmin
Wanang,2000-01-01,19.490000000000002,2000,1,tmin
Yapsiei,2000-01-01,19.92,2000,1,tmin
Elem,2000-02-01,19.880000000000003,2000,2,tmin
Morox,2000-02-01,20.250000000000004,2000,2,tmin
Niksek,2000-02-01,19.96,2000,2,tmin
Ohu,2000-02-01,20.290000000000003,2000,2,tmin
Utai,2000-02-01,21.770000000000003,2000,2,tmin
Wamangu,2000-02-01,22.860000000000003,2000,2,tmin
Wanang,2000-02-01,21.67,2000,2,tmin
Yapsiei,2000-02-01,22.01,2000,2,tmin
Elem,2000-03-01,22.240000000000002,2000,3,tmin
Morox,2000-03-01,21.550000000000004,2000,3,tmin
Niksek,2000-03-01,21.090000000000003,2000,3,tmin
Ohu,2000-03-01,21.490000000000002,2000,3,tmin
Utai,2000-03-01,21.410000000000004,2000,3,tmin
Wamangu,2000-03-01,21.87,2000,3,tmin
Wanang,2000-03-01,21.450000000000003,2000,3,tmin
Yapsiei,2000-03-01,22.090000000000003,2000,3,tmin
Elem,2000-04-01,21.570000000000004,2000,4,tmin
Morox,2000-04-01,21.71,2000,4,tmin
Niksek,2000-04-01,20.92,2000,4,tmin
Ohu,2000-04-01,21.020000000000003,2000,4,tmin
Utai,2000-04-01,21.310000000000002,2000,4,tmin
Wamangu,2000-04-01,20.040000000000003,2000,4,tmin
Wanang,2000-04-01,20.700000000000003,2000,4,tmin
Yapsiei,2000-04-01,20.790000000000003,2000,4,tmin
Elem,2000-05-01,21.020000000000003,2000,5,tmin
Morox,2000-05-01,21.540000000000003,2000,5,tmin
Niksek,2000-05-01,21.800000000000004,2000,5,tmin
Ohu,2000-05-01,20.42,2000,5,tmin
Utai,2000-05-01,21.750000000000004,2000,5,tmin
Wamangu,2000-05-01,22.820000000000004,2000,5,tmin
Wanang,2000-05-01,21.720000000000002,2000,5,tmin
Yapsiei,2000-05-01,22.12,2000,5,tmin
Elem,2000-06-01,21.890000000000004,2000,6,tmin
Morox,2000-06-01,21.380000000000003,2000,6,tmin
Niksek,2000-06-01,20.92,2000,6,tmin
Ohu,2000-06-01,21.050000000000004,2000,6,tmin
Utai,2000-06-01,21.410000000000004,2000,6,tmin
Wamangu,2000-06-01,21.830000000000002,2000,6,tmin
Wanang,2000-06-01,21.550000000000004,2000,6,tmin
Yapsiei,2000-06-01,22.150000000000002,2000,6,tmin
Elem,2000-07-01,22.500000000000004,2000,7,tmin
Morox,2000-07-01,23.03,2000,7,tmin
Niksek,2000-07-01,21.990000000000002,2000,7,tmin
Ohu,2000-07-01,22.410000000000004,2000,7,tmin
Utai,2000-07-01,22.180000000000003,2000,7,tmin
Wamangu,2000-07-01,20.790000000000003,2000,7,tmin
Wanang,2000-07-01,21.400000000000002,2000,7,tmin
Yapsiei,2000-07-01,21.720000000000002,2000,7,tmin
Elem,2000-08-01,21.78,2000,8,tmin
Morox,2000-08-01,22.180000000000003,2000,8,tmin
Niksek,2000-08-01,22.750000000000004,2000,8,tmin
Ohu,2000-08-01,21.380000000000003,2000,8,tmin
Utai,2000-08-01,22.050000000000004,2000,8,tmin
Wamangu,2000-08-01,23.1,2000,8,tmin
Wanang,2000-08-01,21.87,2000,8,tmin
Yapsiei,2000-08-01,22.360000000000003,2000,8,tmin
Elem,2000-09-01,22.500000000000004,2000,9,tmin
Morox,2000-09-01,21.860000000000003,2000,9,tmin
Niksek,2000-09-01,21.270000000000003,2000,9,tmin
Ohu,2000-09-01,21.720000000000002,2000,9,tmin
Utai,2000-09-01,21.76,2000,9,tmin
Wamangu,2000-09-01,22.130000000000003,2000,9,tmin
Wanang,2000-09-01,21.810000000000002,2000,9,tmin
Yapsiei,2000-09-01,22.320000000000004,2000,9,tmin
Elem,2000-10-01,20.910000000000004,2000,10,tmin
Morox,2000-10-01,21.830000000000002,2000,10,tmin
Niksek,2000-10-01,20.740000000000002,2000,10,tmin
Ohu,2000-10-01,20.96,2000,10,tmin
Utai,2000-10-01,20.85,2000,10,tmin
Wamangu,2000-10-01,19.96,2000,10,tmin
Wanang,2000-10-01,19.87,2000,10,tmin
Yapsiei,2000-10-01,20.090000000000003,2000,10,tmin
Elem,2000-11-01,20.390000000000004,2000,11,tmin
Morox,2000-11-01,20.94,2000,11,tmin
Niksek,2000-11-01,20.630000000000003,2000,11,tmin
Ohu,2000-11-01,21.040000000000003,2000,11,tmin
Utai,2000-11-01,23.150000000000002,2000,11,tmin
Wamangu,2000-11-01,23.160000000000004,2000,11,tmin
Wanang,2000-11-01,22.62,2000,11,tmin
Yapsiei,2000-11-01,22.560000000000002,2000,11,tmin
Elem,2000-12-01,22.35,2000,12,tmin
Morox,2000-12-01,20.970000000000002,2000,12,tmin
Niksek,2000-12-01,21.840000000000003,2000,12,tmin
Ohu,2000-12-01,22.050000000000004,2000,12,tmin
Utai,2000-12-01,22.12,2000,12,tmin
Wamangu,2000-12-01,22.840000000000003,2000,12,tmin
Wanang,2000-12-01,23.380000000000003,2000,12,tmin
Yapsiei,2000-12-01,21.910000000000004,2000,12,tmin
Elem,2001-01-01,19.820000000000004,2001,1,tmin
Morox,2001-01-01,20.180000000000003,2001,1,tmin
Niksek,2001-01-01,19.840000000000003,2001,1,tmin
Ohu,2001-01-01,19.930000000000003,2001,1,tmin
Utai,2001-01-01,19.890000000000004,2001,1,tmin
Wamangu,2001-01-01,19.590000000000003,2001,1,tmin
Wanang,2001-01-01,19.150000000000002,2001,1,tmin
Yapsiei,2001-01-01,20.21,2001,1,tmin
Elem,2001-02-01,19.680000000000003,2001,2,tmin
Morox,2001-02-01,20.110000000000003,2001,2,tmin
Niksek,2001-02-01,19.990000000000002,2001,2,tmin
Ohu,2001-02-01,20.610000000000003,2001,2,tmin
Utai,2001-02-01,21.540000000000003,2001,2,tmin
Wamangu,2001-02-01,21.78,2001,2,tmin
Wanang,2001-02-01,21.480000000000004,2001,2,tmin
Yapsiei,2001-02-01,21.560000000000002,2001,2,tmin
Elem,2001-03-01,21.840000000000003,2001,3,tmin
Morox,2001-03-01,21.300000000000004,2001,3,tmin
Niksek,2001-03-01,21.090000000000003,2001,3,tmin
Ohu,2001-03-01,21.71,2001,3,tmin
Utai,2001-03-01,21.110000000000003,2001,3,tmin
Wamangu,2001-03-01,21.680000000000003,2001,3,tmin
Wanang,2001-03-01,21.450000000000003,2001,3,tmin
Yapsiei,2001-03-01,22.290000000000003,2001,3,tmin
Elem,2001-04-01,20.71,2001,4,tmin
Morox,2001-04-01,20.94,2001,4,tmin
Niksek,2001-04-01,20.970000000000002,2001,4,tmin
Ohu,2001-04-01,21.070000000000004,2001,4,tmin
Utai,2001-04-01,20.810000000000002,2001,4,tmin
Wamangu,2001-04-01,22.020000000000003,2001,4,tmin
Wanang,2001-04-01,20.69,2001,4,tmin
Yapsiei,2001-04-01,21.000000000000004,2001,4,tmin
Elem,2001-05-01,20.720000000000002,2001,5,tmin
Morox,2001-05-01,21.250000000000004,2001,5,tmin
Niksek,2001-05-01,21.700000000000003,2001,5,tmin
Ohu,2001-05-01,21.820000000000004,2001,5,tmin
Utai,2001-05-01,21.550000000000004,2001,5,tmin
Wamangu,2001-05-01,21.910000000000004,2001,5,tmin
Wanang,2001-05-01,21.610000000000003,2001,5,tmin
Yapsiei,2001-05-01,21.76,2001,5,tmin
Elem,2001-06-01,21.490000000000002,2001,6,tmin
Morox,2001-06-01,21.180000000000003,2001,6,tmin
Niksek,2001-06-01,20.860000000000003,2001,6,tmin
Ohu,2001-06-01,21.290000000000003,2001,6,tmin
Utai,2001-06-01,21.110000000000003,2001,6,tmin
Wamangu,2001-06-01,21.62,2001,6,tmin
Wanang,2001-06-01,21.550000000000004,2001,6,tmin
Yapsiei,2001-06-01,22.35,2001,6,tmin
Elem,2001-07-01,21.660000000000004,2001,7,tmin
Morox,2001-07-01,21.970000000000002,2001,7,tmin
Niksek,2001-07-01,22.070000000000004,2001,7,tmin
Ohu,2001-07-01,22.270000000000003,2001,7,tmin
Utai,2001-07-01,21.680000000000003,2001,7,tmin
Wamangu,2001-07-01,22.720000000000002,2001,7,tmin
Wanang,2001-07-01,21.53,2001,7,tmin
Yapsiei,2001-07-01,21.970000000000002,2001,7,tmin
Elem,2001-08-01,21.480000000000004,2001,8,tmin
Morox,2001-08-01,22.03,2001,8,tmin
Niksek,2001-08-01,22.650000000000002,2001,8,tmin
Ohu,2001-08-01,22.78,2001,8,tmin
Utai,2001-08-01,21.85,2001,8,tmin
Wamangu,2001-08-01,22.050000000000004,2001,8,tmin
Wanang,2001-08-01,21.76,2001,8,tmin
Yapsiei,2001-08-01,21.92,2001,8,tmin
Elem,2001-09-01,22.1,2001,9,tmin
Morox,2001-09-01,21.590000000000003,2001,9,tmin
Niksek,2001-09-01,21.300000000000004,2001,9,tmin
Ohu,2001-09-01,21.910000000000004,2001,9,tmin
Utai,2001-09-01,21.46,2001,9,tmin
Wamangu,2001-09-01,21.930000000000003,2001,9,tmin
Wanang,2001-09-01,21.810000000000002,2001,9,tmin
Yapsiei,2001-09-01,22.520000000000003,2001,9,tmin
Elem,2001-10-01,20.69,2001,10,tmin
Morox,2001-10-01,20.980000000000004,2001,10,tmin
Niksek,2001-10-01,20.540000000000003,2001,10,tmin
Ohu,2001-10-01,20.610000000000003,2001,10,tmin
Utai,2001-10-01,20.450000000000003,2001,10,tmin
Wamangu,2001-10-01,19.76,2001,10,tmin
Wanang,2001-10-01,19.430000000000003,2001,10,tmin
Yapsiei,2001-10-01,20.330000000000002,2001,10,tmin
Elem,2001-11-01,20.19,2001,11,tmin
Morox,2001-11-01,20.750000000000004,2001,11,tmin
Niksek,2001-11-01,20.720000000000002,2001,11,tmin
Ohu,2001-11-01,21.28,2001,11,tmin
Utai,2001-11-01,22.340000000000003,2001,11,tmin
Wamangu,2001-11-01,22.42,2001,11,tmin
Wanang,2001-11-01,22.700000000000003,2001,11,tmin
Yapsiei,2001-11-01,22.590000000000003,2001,11,tmin
Elem,2001-12-01,21.96,2001,12,tmin
Morox,2001-12-01,22.96,2001,12,tmin
Niksek,2001-12-01,21.76,2001,12,tmin
Ohu,2001-12-01,22.000000000000004,2001,12,tmin
Utai,2001-12-01,21.900000000000002,2001,12,tmin
Wamangu,2001-12-01,22.520000000000003,2001,12,tmin
Wanang,2001-12-01,23.28,2001,12,tmin
Yapsiei,2001-12-01,23.250000000000004,2001,12,tmin
Elem,2002-01-01,20.76,2002,1,tmin
Morox,2002-01-01,20.590000000000003,2002,1,tmin
Niksek,2002-01-01,20.37,2002,1,tmin
Ohu,2002-01-01,20.430000000000003,2002,1,tmin
Utai,2002-01-01,20.46,2002,1,tmin
Wamangu,2002-01-01,20.12,2002,1,tmin
Wanang,2002-01-01,19.820000000000004,2002,1,tmin
Yapsiei,2002-01-01,20.12,2002,1,tmin
Elem,2002-02-01,20.330000000000002,2002,2,tmin
Morox,2002-02-01,20.480000000000004,2002,2,tmin
Niksek,2002-02-01,20.860000000000003,2002,2,tmin
Ohu,2002-02-01,20.720000000000002,2002,2,tmin
Utai,2002-02-01,22.42,2002,2,tmin
Wamangu,2002-02-01,22.200000000000003,2002,2,tmin
Wanang,2002-02-01,22.040000000000003,2002,2,tmin
Yapsiei,2002-02-01,22.090000000000003,2002,2,tmin
Elem,2002-03-01,22.490000000000002,2002,3,tmin
Morox,2002-03-01,21.770000000000003,2002,3,tmin
Niksek,2002-03-01,21.6,2002,3,tmin
Ohu,2002-03-01,21.730000000000004,2002,3,tmin
Utai,2002-03-01,21.830000000000002,2002,3,tmin
Wamangu,2002-03-01,22.19,2002,3,tmin
Wanang,2002-03-01,22.470000000000002,2002,3,tmin
Yapsiei,2002-03-01,22.480000000000004,2002,3,tmin
Elem,2002-04-01,21.930000000000003,2002,4,tmin
Morox,2002-04-01,21.720000000000002,2002,4,tmin
Niksek,2002-04-01,21.500000000000004,2002,4,tmin
Ohu,2002-04-01,21.410000000000004,2002,4,tmin
Utai,2002-04-01,21.53,2002,4,tmin
Wamangu,2002-04-01,21.430000000000003,2002,4,tmin
Wanang,2002-04-01,21.050000000000004,2002,4,tmin
Yapsiei,2002-04-01,21.080000000000002,2002,4,tmin
Elem,2002-05-01,21.570000000000004,2002,5,tmin
Morox,2002-05-01,21.830000000000002,2002,5,tmin
Niksek,2002-05-01,21.900000000000002,2002,5,tmin
Ohu,2002-05-01,21.85,2002,5,tmin
Utai,2002-05-01,22.300000000000004,2002,5,tmin
Wamangu,2002-05-01,21.990000000000002,2002,5,tmin
Wanang,2002-05-01,21.800000000000004,2002,5,tmin
Yapsiei,2002-05-01,22.01,2002,5,tmin
Elem,2002-06-01,21.910000000000004,2002,6,tmin
Morox,2002-06-01,21.520000000000003,2002,6,tmin
Niksek,2002-06-01,20.96,2002,6,tmin
Ohu,2002-06-01,21.03,2002,6,tmin
Utai,2002-06-01,21.46,2002,6,tmin
Wamangu,2002-06-01,21.76,2002,6,tmin
Wanang,2002-06-01,22.150000000000002,2002,6,tmin
Yapsiei,2002-06-01,22.400000000000002,2002,6,tmin
Elem,2002-07-01,22.94,2002,7,tmin
Morox,2002-07-01,22.78,2002,7,tmin
Niksek,2002-07-01,22.750000000000004,2002,7,tmin
Ohu,2002-07-01,22.720000000000002,2002,7,tmin
Utai,2002-07-01,22.590000000000003,2002,7,tmin
Wamangu,2002-07-01,22.19,2002,7,tmin
Wanang,2002-07-01,21.910000000000004,2002,7,tmin
Yapsiei,2002-07-01,22.19,2002,7,tmin
Elem,2002-08-01,22.310000000000002,2002,8,tmin
Morox,2002-08-01,22.890000000000004,2002,8,tmin
Niksek,2002-08-01,22.970000000000002,2002,8,tmin
Ohu,2002-08-01,22.85,2002,8,tmin
Utai,2002-08-01,22.740000000000002,2002,8,tmin
Wamangu,2002-08-01,22.53,2002,8,tmin
Wanang,2002-08-01,22.35,2002,8,tmin
Yapsiei,2002-08-01,22.470000000000002,2002,8,tmin
Elem,2002-09-01,22.790000000000003,2002,9,tmin
Morox,2002-09-01,22.070000000000004,2002,9,tmin
Niksek,2002-09-01,21.87,2002,9,tmin
Ohu,2002-09-01,22.01,2002,9,tmin
Utai,2002-09-01,22.200000000000003,2002,9,tmin
Wamangu,2002-09-01,22.560000000000002,2002,9,tmin
Wanang,2002-09-01,22.840000000000003,2002,9,tmin
Yapsiei,2002-09-01,22.770000000000003,2002,9,tmin
Elem,2002-10-01,21.480000000000004,2002,10,tmin
Morox,2002-10-01,21.110000000000003,2002,10,tmin
Niksek,2002-10-01,20.840000000000003,2002,10,tmin
Ohu,2002-10-01,20.910000000000004,2002,10,tmin
Utai,2002-10-01,20.890000000000004,2002,10,tmin
Wamangu,2002-10-01,20.140000000000004,2002,10,tmin
Wanang,2002-10-01,19.87,2002,10,tmin
Yapsiei,2002-10-01,20.060000000000002,2002,10,tmin
Elem,2002-11-01,20.46,2002,11,tmin
Morox,2002-11-01,20.770000000000003,2002,11,tmin
Niksek,2002-11-01,21.300000000000004,2002,11,tmin
Ohu,2002-11-01,21.310000000000002,2002,11,tmin
Utai,2002-11-01,23.580000000000002,2002,11,tmin
Wamangu,2002-11-01,23.140000000000004,2002,11,tmin
Wanang,2002-11-01,23.19,2002,11,tmin
Yapsiei,2002-11-01,22.860000000000003,2002,11,tmin
Elem,2002-12-01,22.610000000000003,2002,12,tmin
Morox,2002-12-01,22.380000000000003,2002,12,tmin
Niksek,2002-12-01,21.800000000000004,2002,12,tmin
Ohu,2002-12-01,22.090000000000003,2002,12,tmin
Utai,2002-12-01,22.69,2002,12,tmin
Wamangu,2002-12-01,23.1,2002,12,tmin
Wanang,2002-12-01,23.360000000000003,2002,12,tmin
Yapsiei,2002-12-01,23.410000000000004,2002,12,tmin
Elem,2003-01-01,20.590000000000003,2003,1,tmin
Morox,2003-01-01,20.800000000000004,2003,1,tmin
Niksek,2003-01-01,20.490000000000002,2003,1,tmin
Ohu,2003-01-01,20.53,2003,1,tmin
Utai,2003-01-01,20.35,2003,1,tmin
Wamangu,2003-01-01,19.540000000000003,2003,1,tmin
Wanang,2003-01-01,19.610000000000003,2003,1,tmin
Yapsiei,2003-01-01,20.020000000000003,2003,1,tmin
Elem,2003-02-01,19.880000000000003,2003,2,tmin
Morox,2003-02-01,20.500000000000004,2003,2,tmin
Niksek,2003-02-01,20.860000000000003,2003,2,tmin
Ohu,2003-02-01,20.990000000000002,2003,2,tmin
Utai,2003-02-01,22.180000000000003,2003,2,tmin
Wamangu,2003-02-01,22.300000000000004,2003,2,tmin
Wanang,2003-02-01,22.040000000000003,2003,2,tmin
Yapsiei,2003-02-01,22.160000000000004,2003,2,tmin
Elem,2003-03-01,22.28,2003,3,tmin
Morox,2003-03-01,21.1,2003,3,tmin
Niksek,2003-03-01,21.020000000000003,2003,3,tmin
Ohu,2003-03-01,21.380000000000003,2003,3,tmin
Utai,2003-03-01,21.220000000000002,2003,3,tmin
Wamangu,2003-03-01,22.01,2003,3,tmin
Wanang,2003-03-01,22.390000000000004,2003,3,tmin
Yapsiei,2003-03-01,22.69,2003,3,tmin
Elem,2003-04-01,21.700000000000003,2003,4,tmin
Morox,2003-04-01,21.810000000000002,2003,4,tmin
Niksek,2003-04-01,21.480000000000004,2003,4,tmin
Ohu,2003-04-01,21.540000000000003,2003,4,tmin
Utai,2003-04-01,21.69,2003,4,tmin
Wamangu,2003-04-01,22.820000000000004,2003,4,tmin
Wanang,2003-04-01,20.820000000000004,2003,4,tmin
Yapsiei,2003-04-01,20.890000000000004,2003,4,tmin
Elem,2003-05-01,21.070000000000004,2003,5,tmin
Morox,2003-05-01,21.860000000000003,2003,5,tmin
Niksek,2003-05-01,21.92,2003,5,tmin
Ohu,2003-05-01,21.85,2003,5,tmin
Utai,2003-05-01,22.01,2003,5,tmin
Wamangu,2003-05-01,22.340000000000003,2003,5,tmin
Wanang,2003-05-01,21.950000000000003,2003,5,tmin
Yapsiei,2003-05-01,22.070000000000004,2003,5,tmin
Elem,2003-06-01,21.700000000000003,2003,6,tmin
Morox,2003-06-01,20.980000000000004,2003,6,tmin
Niksek,2003-06-01,20.980000000000004,2003,6,tmin
Ohu,2003-06-01,21.01,2003,6,tmin
Utai,2003-06-01,21.110000000000003,2003,6,tmin
Wamangu,2003-06-01,21.790000000000003,2003,6,tmin
Wanang,2003-06-01,22.19,2003,6,tmin
Yapsiei,2003-06-01,22.67,2003,6,tmin
Elem,2003-07-01,22.400000000000002,2003,7,tmin
Morox,2003-07-01,22.650000000000002,2003,7,tmin
Niksek,2003-07-01,22.560000000000002,2003,7,tmin
Ohu,2003-07-01,22.830000000000002,2003,7,tmin
Utai,2003-07-01,22.820000000000004,2003,7,tmin
Wamangu,2003-07-01,23.520000000000003,2003,7,tmin
Wanang,2003-07-01,21.630000000000003,2003,7,tmin
Yapsiei,2003-07-01,21.67,2003,7,tmin
Elem,2003-08-01,21.810000000000002,2003,8,tmin
Morox,2003-08-01,22.550000000000004,2003,8,tmin
Niksek,2003-08-01,23.03,2003,8,tmin
Ohu,2003-08-01,22.92,2003,8,tmin
Utai,2003-08-01,22.46,2003,8,tmin
Wamangu,2003-08-01,22.550000000000004,2003,8,tmin
Wanang,2003-08-01,22.28,2003,8,tmin
Yapsiei,2003-08-01,22.570000000000004,2003,8,tmin
Elem,2003-09-01,22.62,2003,9,tmin
Morox,2003-09-01,21.390000000000004,2003,9,tmin
Niksek,2003-09-01,21.21,2003,9,tmin
Ohu,2003-09-01,21.580000000000002,2003,9,tmin
Utai,2003-09-01,21.560000000000002,2003,9,tmin
Wamangu,2003-09-01,22.330000000000002,2003,9,tmin
Wanang,2003-09-01,22.770000000000003,2003,9,tmin
Yapsiei,2003-09-01,22.950000000000003,2003,9,tmin
Elem,2003-10-01,21.26,2003,10,tmin
Morox,2003-10-01,21.470000000000002,2003,10,tmin
Niksek,2003-10-01,21.03,2003,10,tmin
Ohu,2003-10-01,20.96,2003,10,tmin
Utai,2003-10-01,20.740000000000002,2003,10,tmin
Wamangu,2003-10-01,19.78,2003,10,tmin
Wanang,2003-10-01,19.970000000000002,2003,10,tmin
Yapsiei,2003-10-01,20.140000000000004,2003,10,tmin
Elem,2003-11-01,20.19,2003,11,tmin
Morox,2003-11-01,20.890000000000004,2003,11,tmin
Niksek,2003-11-01,21.37,2003,11,tmin
Ohu,2003-11-01,21.62,2003,11,tmin
Utai,2003-11-01,23.17,2003,11,tmin
Wamangu,2003-11-01,23.200000000000003,2003,11,tmin
Wanang,2003-11-01,23.19,2003,11,tmin
Yapsiei,2003-11-01,22.96,2003,11,tmin
Elem,2003-12-01,23.01,2003,12,tmin
Morox,2003-12-01,23.820000000000004,2003,12,tmin
Niksek,2003-12-01,22.040000000000003,2003,12,tmin
Ohu,2003-12-01,22.070000000000004,2003,12,tmin
Utai,2003-12-01,22.230000000000004,2003,12,tmin
Wamangu,2003-12-01,23.110000000000003,2003,12,tmin
Wanang,2003-12-01,23.410000000000004,2003,12,tmin
Yapsiei,2003-12-01,23.330000000000002,2003,12,tmin
Elem,2005-01-01,20.630000000000003,2005,1,tmin
Morox,2005-01-01,21.150000000000002,2005,1,tmin
Niksek,2005-01-01,20.560000000000002,2005,1,tmin
Ohu,2005-01-01,20.680000000000003,2005,1,tmin
Utai,2005-01-01,20.340000000000003,2005,1,tmin
Wamangu,2005-01-01,20.380000000000003,2005,1,tmin
Wanang,2005-01-01,19.730000000000004,2005,1,tmin
Yapsiei,2005-01-01,19.8,2005,1,tmin
Elem,2005-02-01,20.180000000000003,2005,2,tmin
Morox,2005-02-01,20.51,2005,2,tmin
Niksek,2005-02-01,20.28,2005,2,tmin
Ohu,2005-02-01,20.570000000000004,2005,2,tmin
Utai,2005-02-01,22.360000000000003,2005,2,tmin
Wamangu,2005-02-01,22.550000000000004,2005,2,tmin
Wanang,2005-02-01,22.050000000000004,2005,2,tmin
Yapsiei,2005-02-01,22.42,2005,2,tmin
Elem,2005-03-01,22.17,2005,3,tmin
Morox,2005-03-01,21.94,2005,3,tmin
Niksek,2005-03-01,21.300000000000004,2005,3,tmin
Ohu,2005-03-01,21.270000000000003,2005,3,tmin
Utai,2005-03-01,21.51,2005,3,tmin
Wamangu,2005-03-01,21.980000000000004,2005,3,tmin
Wanang,2005-03-01,21.830000000000002,2005,3,tmin
Yapsiei,2005-03-01,22.220000000000002,2005,3,tmin
Elem,2005-04-01,21.880000000000003,2005,4,tmin
Morox,2005-04-01,22.35,2005,4,tmin
Niksek,2005-04-01,21.560000000000002,2005,4,tmin
Ohu,2005-04-01,21.740000000000002,2005,4,tmin
Utai,2005-04-01,21.550000000000004,2005,4,tmin
Wamangu,2005-04-01,21.740000000000002,2005,4,tmin
Wanang,2005-04-01,20.94,2005,4,tmin
Yapsiei,2005-04-01,20.810000000000002,2005,4,tmin
Elem,2005-05-01,21.42,2005,5,tmin
Morox,2005-05-01,21.87,2005,5,tmin
Niksek,2005-05-01,21.660000000000004,2005,5,tmin
Ohu,2005-05-01,21.430000000000003,2005,5,tmin
Utai,2005-05-01,21.890000000000004,2005,5,tmin
Wamangu,2005-05-01,22.270000000000003,2005,5,tmin
Wanang,2005-05-01,21.92,2005,5,tmin
Yapsiei,2005-05-01,22.220000000000002,2005,5,tmin
Elem,2005-06-01,21.53,2005,6,tmin
Morox,2005-06-01,21.750000000000004,2005,6,tmin
Niksek,2005-06-01,21.050000000000004,2005,6,tmin
Ohu,2005-06-01,20.720000000000002,2005,6,tmin
Utai,2005-06-01,21.390000000000004,2005,6,tmin
Wamangu,2005-06-01,21.660000000000004,2005,6,tmin
Wanang,2005-06-01,21.550000000000004,2005,6,tmin
Yapsiei,2005-06-01,22.250000000000004,2005,6,tmin
Elem,2005-07-01,23.000000000000004,2005,7,tmin
Morox,2005-07-01,22.92,2005,7,tmin
Niksek,2005-07-01,22.69,2005,7,tmin
Ohu,2005-07-01,23.200000000000003,2005,7,tmin
Utai,2005-07-01,22.490000000000002,2005,7,tmin
Wamangu,2005-07-01,22.44,2005,7,tmin
Wanang,2005-07-01,21.730000000000004,2005,7,tmin
Yapsiei,2005-07-01,21.76,2005,7,tmin
Elem,2005-08-01,22.150000000000002,2005,8,tmin
Morox,2005-08-01,22.6,2005,8,tmin
Niksek,2005-08-01,22.630000000000003,2005,8,tmin
Ohu,2005-08-01,22.430000000000003,2005,8,tmin
Utai,2005-08-01,22.76,2005,8,tmin
Wamangu,2005-08-01,22.87,2005,8,tmin
Wanang,2005-08-01,22.290000000000003,2005,8,tmin
Yapsiei,2005-08-01,22.87,2005,8,tmin
Elem,2005-09-01,22.480000000000004,2005,9,tmin
Morox,2005-09-01,22.250000000000004,2005,9,tmin
Niksek,2005-09-01,21.520000000000003,2005,9,tmin
Ohu,2005-09-01,21.51,2005,9,tmin
Utai,2005-09-01,21.85,2005,9,tmin
Wamangu,2005-09-01,22.300000000000004,2005,9,tmin
Wanang,2005-09-01,22.220000000000002,2005,9,tmin
Yapsiei,2005-09-01,22.46,2005,9,tmin
Elem,2005-10-01,21.150000000000002,2005,10,tmin
Morox,2005-10-01,21.51,2005,10,tmin
Niksek,2005-10-01,21.050000000000004,2005,10,tmin
Ohu,2005-10-01,21.070000000000004,2005,10,tmin
Utai,2005-10-01,20.62,2005,10,tmin
Wamangu,2005-10-01,20.450000000000003,2005,10,tmin
Wanang,2005-10-01,20.040000000000003,2005,10,tmin
Yapsiei,2005-10-01,19.810000000000002,2005,10,tmin
Elem,2005-11-01,20.46,2005,11,tmin
Morox,2005-11-01,20.830000000000002,2005,11,tmin
Niksek,2005-11-01,20.71,2005,11,tmin
Ohu,2005-11-01,21.160000000000004,2005,11,tmin
Utai,2005-11-01,23.380000000000003,2005,11,tmin
Wamangu,2005-11-01,23.500000000000004,2005,11,tmin
Wanang,2005-11-01,23.270000000000003,2005,11,tmin
Yapsiei,2005-11-01,23.1,2005,11,tmin
Elem,2005-12-01,22.540000000000003,2005,12,tmin
Morox,2005-12-01,22.750000000000004,2005,12,tmin
Niksek,2005-12-01,22.180000000000003,2005,12,tmin
Ohu,2005-12-01,21.980000000000004,2005,12,tmin
Utai,2005-12-01,22.53,2005,12,tmin
Wamangu,2005-12-01,23.270000000000003,2005,12,tmin
Wanang,2005-12-01,23.21,2005,12,tmin
Yapsiei,2005-12-01,22.930000000000003,2005,12,tmin
Elem,2006-01-01,20.410000000000004,2006,1,tmin
Morox,2006-01-01,20.880000000000003,2006,1,tmin
Niksek,2006-01-01,20.3,2006,1,tmin
Ohu,2006-01-01,20.1,2006,1,tmin
Utai,2006-01-01,20.320000000000004,2006,1,tmin
Wamangu,2006-01-01,20.130000000000003,2006,1,tmin
Wanang,2006-01-01,19.730000000000004,2006,1,tmin
Yapsiei,2006-01-01,19.78,2006,1,tmin
Elem,2006-02-01,20.21,2006,2,tmin
Morox,2006-02-01,20.380000000000003,2006,2,tmin
Niksek,2006-02-01,20.490000000000002,2006,2,tmin
Ohu,2006-02-01,21.03,2006,2,tmin
Utai,2006-02-01,22.150000000000002,2006,2,tmin
Wamangu,2006-02-01,22.390000000000004,2006,2,tmin
Wanang,2006-02-01,22.000000000000004,2006,2,tmin
Yapsiei,2006-02-01,21.76,2006,2,tmin
Elem,2006-03-01,22.240000000000002,2006,3,tmin
Morox,2006-03-01,21.740000000000002,2006,3,tmin
Niksek,2006-03-01,21.310000000000002,2006,3,tmin
Ohu,2006-03-01,21.320000000000004,2006,3,tmin
Utai,2006-03-01,21.490000000000002,2006,3,tmin
Wamangu,2006-03-01,21.950000000000003,2006,3,tmin
Wanang,2006-03-01,21.96,2006,3,tmin
Yapsiei,2006-03-01,22.650000000000002,2006,3,tmin
Elem,2006-04-01,21.560000000000002,2006,4,tmin
Morox,2006-04-01,21.830000000000002,2006,4,tmin
Niksek,2006-04-01,21.300000000000004,2006,4,tmin
Ohu,2006-04-01,21.040000000000003,2006,4,tmin
Utai,2006-04-01,21.560000000000002,2006,4,tmin
Wamangu,2006-04-01,21.390000000000004,2006,4,tmin
Wanang,2006-04-01,20.880000000000003,2006,4,tmin
Yapsiei,2006-04-01,20.650000000000002,2006,4,tmin
Elem,2006-05-01,21.19,2006,5,tmin
Morox,2006-05-01,21.830000000000002,2006,5,tmin
Niksek,2006-05-01,21.720000000000002,2006,5,tmin
Ohu,2006-05-01,22.310000000000002,2006,5,tmin
Utai,2006-05-01,21.96,2006,5,tmin
Wamangu,2006-05-01,22.320000000000004,2006,5,tmin
Wanang,2006-05-01,21.930000000000003,2006,5,tmin
Yapsiei,2006-05-01,21.860000000000003,2006,5,tmin
Elem,2006-06-01,21.720000000000002,2006,6,tmin
Morox,2006-06-01,21.6,2006,6,tmin
Niksek,2006-06-01,21.070000000000004,2006,6,tmin
Ohu,2006-06-01,20.550000000000004,2006,6,tmin
Utai,2006-06-01,21.500000000000004,2006,6,tmin
Wamangu,2006-06-01,21.51,2006,6,tmin
Wanang,2006-06-01,21.770000000000003,2006,6,tmin
Yapsiei,2006-06-01,22.450000000000003,2006,6,tmin
Elem,2006-07-01,22.67,2006,7,tmin
Morox,2006-07-01,22.69,2006,7,tmin
Niksek,2006-07-01,22.500000000000004,2006,7,tmin
Ohu,2006-07-01,22.21,2006,7,tmin
Utai,2006-07-01,22.380000000000003,2006,7,tmin
Wamangu,2006-07-01,22.040000000000003,2006,7,tmin
Wanang,2006-07-01,21.750000000000004,2006,7,tmin
Yapsiei,2006-07-01,21.770000000000003,2006,7,tmin
Elem,2006-08-01,21.860000000000003,2006,8,tmin
Morox,2006-08-01,22.53,2006,8,tmin
Niksek,2006-08-01,22.800000000000004,2006,8,tmin
Ohu,2006-08-01,23.390000000000004,2006,8,tmin
Utai,2006-08-01,22.490000000000002,2006,8,tmin
Wamangu,2006-08-01,22.67,2006,8,tmin
Wanang,2006-08-01,22.270000000000003,2006,8,tmin
Yapsiei,2006-08-01,22.1,2006,8,tmin
Elem,2006-09-01,22.520000000000003,2006,9,tmin
Morox,2006-09-01,22.000000000000004,2006,9,tmin
Niksek,2006-09-01,21.520000000000003,2006,9,tmin
Ohu,2006-09-01,21.6,2006,9,tmin
Utai,2006-09-01,21.770000000000003,2006,9,tmin
Wamangu,2006-09-01,22.270000000000003,2006,9,tmin
Wanang,2006-09-01,22.340000000000003,2006,9,tmin
Yapsiei,2006-09-01,22.970000000000002,2006,9,tmin
Elem,2006-10-01,21.090000000000003,2006,10,tmin
Morox,2006-10-01,21.480000000000004,2006,10,tmin
Niksek,2006-10-01,21.000000000000004,2006,10,tmin
Ohu,2006-10-01,20.700000000000003,2006,10,tmin
Utai,2006-10-01,20.76,2006,10,tmin
Wamangu,2006-10-01,20.250000000000004,2006,10,tmin
Wanang,2006-10-01,20.03,2006,10,tmin
Yapsiei,2006-10-01,19.62,2006,10,tmin
Elem,2006-11-01,20.540000000000003,2006,11,tmin
Morox,2006-11-01,20.570000000000004,2006,11,tmin
Niksek,2006-11-01,20.970000000000002,2006,11,tmin
Ohu,2006-11-01,21.450000000000003,2006,11,tmin
Utai,2006-11-01,23.1,2006,11,tmin
Wamangu,2006-11-01,23.26,2006,11,tmin
Wanang,2006-11-01,23.060000000000002,2006,11,tmin
Yapsiei,2006-11-01,22.67,2006,11,tmin
Elem,2006-12-01,22.730000000000004,2006,12,tmin
Morox,2006-12-01,22.400000000000002,2006,12,tmin
Niksek,2006-12-01,21.92,2006,12,tmin
Ohu,2006-12-01,21.470000000000002,2006,12,tmin
Utai,2006-12-01,22.150000000000002,2006,12,tmin
Wamangu,2006-12-01,22.94,2006,12,tmin
Wanang,2006-12-01,23.230000000000004,2006,12,tmin
Yapsiei,2006-12-01,23.930000000000003,2006,12,tmin
Elem,1970-01-01,30.540000000000003,1970,1,tmax
Morox,1970-01-01,30.380000000000003,1970,1,tmax
Niksek,1970-01-01,29.990000000000002,1970,1,tmax
Ohu,1970-01-01,30.220000000000002,1970,1,tmax
Utai,1970-01-01,30.130000000000003,1970,1,tmax
Wamangu,1970-01-01,29.990000000000002,1970,1,tmax
Wanang,1970-01-01,29.640000000000004,1970,1,tmax
Yapsiei,1970-01-01,30.710000000000004,1970,1,tmax
Elem,1970-02-01,31.070000000000004,1970,2,tmax
Morox,1970-02-01,30.630000000000003,1970,2,tmax
Niksek,1970-02-01,30.880000000000003,1970,2,tmax
Ohu,1970-02-01,30.430000000000003,1970,2,tmax
Utai,1970-02-01,31.26,1970,2,tmax
Wamangu,1970-02-01,31.28,1970,2,tmax
Wanang,1970-02-01,30.900000000000002,1970,2,tmax
Yapsiei,1970-02-01,31.320000000000004,1970,2,tmax
Elem,1970-03-01,31.830000000000002,1970,3,tmax
Morox,1970-03-01,31.360000000000003,1970,3,tmax
Niksek,1970-03-01,31.240000000000002,1970,3,tmax
Ohu,1970-03-01,31.960000000000004,1970,3,tmax
Utai,1970-03-01,32.11,1970,3,tmax
Wamangu,1970-03-01,32.02,1970,3,tmax
Wanang,1970-03-01,31.630000000000003,1970,3,tmax
Yapsiei,1970-03-01,31.710000000000004,1970,3,tmax
Elem,1970-04-01,31.220000000000002,1970,4,tmax
Morox,1970-04-01,30.76,1970,4,tmax
Niksek,1970-04-01,30.720000000000002,1970,4,tmax
Ohu,1970-04-01,30.76,1970,4,tmax
Utai,1970-04-01,30.44,1970,4,tmax
Wamangu,1970-04-01,29.87,1970,4,tmax
Wanang,1970-04-01,29.19,1970,4,tmax
Yapsiei,1970-04-01,30.460000000000004,1970,4,tmax
Elem,1970-05-01,30.660000000000004,1970,5,tmax
Morox,1970-05-01,30.660000000000004,1970,5,tmax
Niksek,1970-05-01,31.290000000000003,1970,5,tmax
Ohu,1970-05-01,30.630000000000003,1970,5,tmax
Utai,1970-05-01,29.360000000000003,1970,5,tmax
Wamangu,1970-05-01,29.790000000000003,1970,5,tmax
Wanang,1970-05-01,29.110000000000003,1970,5,tmax
Yapsiei,1970-05-01,29.37,1970,5,tmax
Elem,1970-06-01,29.020000000000003,1970,6,tmax
Morox,1970-06-01,28.78,1970,6,tmax
Niksek,1970-06-01,28.180000000000003,1970,6,tmax
Ohu,1970-06-01,28.76,1970,6,tmax
Utai,1970-06-01,29.520000000000003,1970,6,tmax
Wamangu,1970-06-01,29.220000000000002,1970,6,tmax
Wanang,1970-06-01,29.560000000000002,1970,6,tmax
Yapsiei,1970-06-01,29.540000000000003,1970,6,tmax
Elem,1970-07-01,29.110000000000003,1970,7,tmax
Morox,1970-07-01,29.03,1970,7,tmax
Niksek,1970-07-01,28.800000000000004,1970,7,tmax
Ohu,1970-07-01,29.210000000000004,1970,7,tmax
Utai,1970-07-01,29.220000000000002,1970,7,tmax
Wamangu,1970-07-01,28.390000000000004,1970,7,tmax
Wanang,1970-07-01,27.990000000000002,1970,7,tmax
Yapsiei,1970-07-01,28.680000000000003,1970,7,tmax
Elem,1970-08-01,29.12,1970,8,tmax
Morox,1970-08-01,29.080000000000002,1970,8,tmax
Niksek,1970-08-01,29.320000000000004,1970,8,tmax
Ohu,1970-08-01,29.130000000000003,1970,8,tmax
Utai,1970-08-01,30.51,1970,8,tmax
Wamangu,1970-08-01,30.400000000000002,1970,8,tmax
Wanang,1970-08-01,30.17,1970,8,tmax
Yapsiei,1970-08-01,30.69,1970,8,tmax
Elem,1970-09-01,31.070000000000004,1970,9,tmax
Morox,1970-09-01,30.480000000000004,1970,9,tmax
Niksek,1970-09-01,30.17,1970,9,tmax
Ohu,1970-09-01,31.060000000000002,1970,9,tmax
Utai,1970-09-01,31.330000000000002,1970,9,tmax
Wamangu,1970-09-01,30.860000000000003,1970,9,tmax
Wanang,1970-09-01,30.810000000000002,1970,9,tmax
Yapsiei,1970-09-01,30.770000000000003,1970,9,tmax
Elem,1970-10-01,29.51,1970,10,tmax
Morox,1970-10-01,29.570000000000004,1970,10,tmax
Niksek,1970-10-01,28.94,1970,10,tmax
Ohu,1970-10-01,29.220000000000002,1970,10,tmax
Utai,1970-10-01,28.880000000000003,1970,10,tmax
Wamangu,1970-10-01,28.470000000000002,1970,10,tmax
Wanang,1970-10-01,28.040000000000003,1970,10,tmax
Yapsiei,1970-10-01,28.85,1970,10,tmax
Elem,1970-11-01,29.6,1970,11,tmax
Morox,1970-11-01,29.330000000000002,1970,11,tmax
Niksek,1970-11-01,29.640000000000004,1970,11,tmax
Ohu,1970-11-01,29.240000000000002,1970,11,tmax
Utai,1970-11-01,30.17,1970,11,tmax
Wamangu,1970-11-01,29.970000000000002,1970,11,tmax
Wanang,1970-11-01,29.750000000000004,1970,11,tmax
Yapsiei,1970-11-01,30.000000000000004,1970,11,tmax
Elem,1970-12-01,29.480000000000004,1970,12,tmax
Morox,1970-12-01,28.62,1970,12,tmax
Niksek,1970-12-01,27.85,1970,12,tmax
Ohu,1970-12-01,28.85,1970,12,tmax
Utai,1970-12-01,29.290000000000003,1970,12,tmax
Wamangu,1970-12-01,29.930000000000003,1970,12,tmax
Wanang,1970-12-01,30.410000000000004,1970,12,tmax
Yapsiei,1970-12-01,29.790000000000003,1970,12,tmax
Elem,1971-01-01,30.640000000000004,1971,1,tmax
Morox,1971-01-01,30.570000000000004,1971,1,tmax
Niksek,1971-01-01,30.210000000000004,1971,1,tmax
Ohu,1971-01-01,30.210000000000004,1971,1,tmax
Utai,1971-01-01,30.090000000000003,1971,1,tmax
Wamangu,1971-01-01,29.990000000000002,1971,1,tmax
Wanang,1971-01-01,29.87,1971,1,tmax
Yapsiei,1971-01-01,31.050000000000004,1971,1,tmax
Elem,1971-02-01,31.040000000000003,1971,2,tmax
Morox,1971-02-01,31.050000000000004,1971,2,tmax
Niksek,1971-02-01,31.290000000000003,1971,2,tmax
Ohu,1971-02-01,30.740000000000002,1971,2,tmax
Utai,1971-02-01,31.400000000000002,1971,2,tmax
Wamangu,1971-02-01,31.500000000000004,1971,2,tmax
Wanang,1971-02-01,31.19,1971,2,tmax
Yapsiei,1971-02-01,31.35,1971,2,tmax
Elem,1971-03-01,31.78,1971,3,tmax
Morox,1971-03-01,31.550000000000004,1971,3,tmax
Niksek,1971-03-01,31.62,1971,3,tmax
Ohu,1971-03-01,32.31,1971,3,tmax
Utai,1971-03-01,32.050000000000004,1971,3,tmax
Wamangu,1971-03-01,32.290000000000006,1971,3,tmax
Wanang,1971-03-01,31.960000000000004,1971,3,tmax
Yapsiei,1971-03-01,31.880000000000003,1971,3,tmax
Elem,1971-04-01,31.270000000000003,1971,4,tmax
Morox,1971-04-01,30.87,1971,4,tmax
Niksek,1971-04-01,30.720000000000002,1971,4,tmax
Ohu,1971-04-01,30.67,1971,4,tmax
Utai,1971-04-01,30.380000000000003,1971,4,tmax
Wamangu,1971-04-01,29.820000000000004,1971,4,tmax
Wanang,1971-04-01,29.390000000000004,1971,4,tmax
Yapsiei,1971-04-01,30.67,1971,4,tmax
Elem,1971-05-01,30.660000000000004,1971,5,tmax
Morox,1971-05-01,31.160000000000004,1971,5,tmax
Niksek,1971-05-01,31.640000000000004,1971,5,tmax
Ohu,1971-05-01,30.980000000000004,1971,5,tmax
Utai,1971-05-01,29.470000000000002,1971,5,tmax
Wamangu,1971-05-01,29.910000000000004,1971,5,tmax
Wanang,1971-05-01,29.500000000000004,1971,5,tmax
Yapsiei,1971-05-01,29.37,1971,5,tmax
Elem,1971-06-01,28.930000000000003,1971,6,tmax
Morox,1971-06-01,28.970000000000002,1971,6,tmax
Niksek,1971-06-01,28.580000000000002,1971,6,tmax
Ohu,1971-06-01,29.150000000000002,1971,6,tmax
Utai,1971-06-01,29.51,1971,6,tmax
Wamangu,1971-06-01,29.51,1971,6,tmax
Wanang,1971-06-01,30.060000000000002,1971,6,tmax
Yapsiei,1971-06-01,29.750000000000004,1971,6,tmax
Elem,1971-07-01,29.250000000000004,1971,7,tmax
Morox,1971-07-01,29.320000000000004,1971,7,tmax
Niksek,1971-07-01,29.020000000000003,1971,7,tmax
Ohu,1971-07-01,29.240000000000002,1971,7,tmax
Utai,1971-07-01,29.220000000000002,1971,7,tmax
Wamangu,1971-07-01,28.51,1971,7,tmax
Wanang,1971-07-01,28.390000000000004,1971,7,tmax
Yapsiei,1971-07-01,29.040000000000003,1971,7,tmax
Elem,1971-08-01,29.150000000000002,1971,8,tmax
Morox,1971-08-01,29.42,1971,8,tmax
Niksek,1971-08-01,29.750000000000004,1971,8,tmax
Ohu,1971-08-01,29.330000000000002,1971,8,tmax
Utai,1971-08-01,30.590000000000003,1971,8,tmax
Wamangu,1971-08-01,30.700000000000003,1971,8,tmax
Wanang,1971-08-01,30.470000000000002,1971,8,tmax
Yapsiei,1971-08-01,30.680000000000003,1971,8,tmax
Elem,1971-09-01,31.070000000000004,1971,9,tmax
Morox,1971-09-01,30.610000000000003,1971,9,tmax
Niksek,1971-09-01,30.560000000000002,1971,9,tmax
Ohu,1971-09-01,31.360000000000003,1971,9,tmax
Utai,1971-09-01,31.320000000000004,1971,9,tmax
Wamangu,1971-09-01,31.080000000000002,1971,9,tmax
Wanang,1971-09-01,31.210000000000004,1971,9,tmax
Yapsiei,1971-09-01,30.970000000000002,1971,9,tmax
Elem,1971-10-01,29.62,1971,10,tmax
Morox,1971-10-01,29.770000000000003,1971,10,tmax
Niksek,1971-10-01,29.240000000000002,1971,10,tmax
Ohu,1971-10-01,29.220000000000002,1971,10,tmax
Utai,1971-10-01,28.880000000000003,1971,10,tmax
Wamangu,1971-10-01,28.650000000000002,1971,10,tmax
Wanang,1971-10-01,28.44,1971,10,tmax
Yapsiei,1971-10-01,29.160000000000004,1971,10,tmax
Elem,1971-11-01,29.520000000000003,1971,11,tmax
Morox,1971-11-01,29.640000000000004,1971,11,tmax
Niksek,1971-11-01,30.12,1971,11,tmax
Ohu,1971-11-01,29.53,1971,11,tmax
Utai,1971-11-01,30.080000000000002,1971,11,tmax
Wamangu,1971-11-01,29.950000000000003,1971,11,tmax
Wanang,1971-11-01,29.67,1971,11,tmax
Yapsiei,1971-11-01,29.790000000000003,1971,11,tmax
Elem,1971-12-01,29.42,1971,12,tmax
Morox,1971-12-01,28.540000000000003,1971,12,tmax
Niksek,1971-12-01,27.890000000000004,1971,12,tmax
Ohu,1971-12-01,28.930000000000003,1971,12,tmax
Utai,1971-12-01,29.240000000000002,1971,12,tmax
Wamangu,1971-12-01,30.550000000000004,1971,12,tmax
Wanang,1971-12-01,30.830000000000002,1971,12,tmax
Yapsiei,1971-12-01,30.230000000000004,1971,12,tmax
Elem,1972-01-01,30.540000000000003,1972,1,tmax
Morox,1972-01-01,30.070000000000004,1972,1,tmax
Niksek,1972-01-01,29.92,1972,1,tmax
Ohu,1972-01-01,30.12,1972,1,tmax
Utai,1972-01-01,30.080000000000002,1972,1,tmax
Wamangu,1972-01-01,29.69,1972,1,tmax
Wanang,1972-01-01,29.51,1972,1,tmax
Yapsiei,1972-01-01,30.1,1972,1,tmax
Elem,1972-02-01,30.210000000000004,1972,2,tmax
Morox,1972-02-01,30.640000000000004,1972,2,tmax
Niksek,1972-02-01,31.200000000000003,1972,2,tmax
Ohu,1972-02-01,30.580000000000002,1972,2,tmax
Utai,1972-02-01,31.320000000000004,1972,2,tmax
Wamangu,1972-02-01,30.94,1972,2,tmax
Wanang,1972-02-01,30.840000000000003,1972,2,tmax
Yapsiei,1972-02-01,31.35,1972,2,tmax
Elem,1972-03-01,31.730000000000004,1972,3,tmax
Morox,1972-03-01,31.210000000000004,1972,3,tmax
Niksek,1972-03-01,31.180000000000003,1972,3,tmax
Ohu,1972-03-01,31.35,1972,3,tmax
Utai,1972-03-01,31.340000000000003,1972,3,tmax
Wamangu,1972-03-01,32.1,1972,3,tmax
Wanang,1972-03-01,32.050000000000004,1972,3,tmax
Yapsiei,1972-03-01,31.730000000000004,1972,3,tmax
Elem,1972-04-01,31.180000000000003,1972,4,tmax
Morox,1972-04-01,30.460000000000004,1972,4,tmax
Niksek,1972-04-01,30.610000000000003,1972,4,tmax
Ohu,1972-04-01,30.660000000000004,1972,4,tmax
Utai,1972-04-01,30.340000000000003,1972,4,tmax
Wamangu,1972-04-01,29.570000000000004,1972,4,tmax
Wanang,1972-04-01,29.090000000000003,1972,4,tmax
Yapsiei,1972-04-01,29.820000000000004,1972,4,tmax
Elem,1972-05-01,29.87,1972,5,tmax
Morox,1972-05-01,30.630000000000003,1972,5,tmax
Niksek,1972-05-01,31.400000000000002,1972,5,tmax
Ohu,1972-05-01,30.970000000000002,1972,5,tmax
Utai,1972-05-01,29.460000000000004,1972,5,tmax
Wamangu,1972-05-01,29.230000000000004,1972,5,tmax
Wanang,1972-05-01,29.020000000000003,1972,5,tmax
Yapsiei,1972-05-01,29.360000000000003,1972,5,tmax
Elem,1972-06-01,29.000000000000004,1972,6,tmax
Morox,1972-06-01,28.590000000000003,1972,6,tmax
Niksek,1972-06-01,28.17,1972,6,tmax
Ohu,1972-06-01,28.230000000000004,1972,6,tmax
Utai,1972-06-01,28.810000000000002,1972,6,tmax
Wamangu,1972-06-01,29.390000000000004,1972,6,tmax
Wanang,1972-06-01,29.960000000000004,1972,6,tmax
Yapsiei,1972-06-01,29.460000000000004,1972,6,tmax
Elem,1972-07-01,29.110000000000003,1972,7,tmax
Morox,1972-07-01,28.630000000000003,1972,7,tmax
Niksek,1972-07-01,28.660000000000004,1972,7,tmax
Ohu,1972-07-01,29.240000000000002,1972,7,tmax
Utai,1972-07-01,29.070000000000004,1972,7,tmax
Wamangu,1972-07-01,28.040000000000003,1972,7,tmax
Wanang,1972-07-01,27.790000000000003,1972,7,tmax
Yapsiei,1972-07-01,27.910000000000004,1972,7,tmax
Elem,1972-08-01,28.150000000000002,1972,8,tmax
Morox,1972-08-01,29.070000000000004,1972,8,tmax
Niksek,1972-08-01,29.640000000000004,1972,8,tmax
Ohu,1972-08-01,29.230000000000004,1972,8,tmax
Utai,1972-08-01,30.500000000000004,1972,8,tmax
Wamangu,1972-08-01,30.01,1972,8,tmax
Wanang,1972-08-01,30.070000000000004,1972,8,tmax
Yapsiei,1972-08-01,30.680000000000003,1972,8,tmax
Elem,1972-09-01,30.970000000000002,1972,9,tmax
Morox,1972-09-01,30.270000000000003,1972,9,tmax
Niksek,1972-09-01,30.050000000000004,1972,9,tmax
Ohu,1972-09-01,30.26,1972,9,tmax
Utai,1972-09-01,30.53,1972,9,tmax
Wamangu,1972-09-01,30.930000000000003,1972,9,tmax
Wanang,1972-09-01,31.300000000000004,1972,9,tmax
Yapsiei,1972-09-01,30.78,1972,9,tmax
Elem,1972-10-01,29.6,1972,10,tmax
Morox,1972-10-01,29.180000000000003,1972,10,tmax
Niksek,1972-10-01,28.94,1972,10,tmax
Ohu,1972-10-01,29.130000000000003,1972,10,tmax
Utai,1972-10-01,28.78,1972,10,tmax
Wamangu,1972-10-01,28.340000000000003,1972,10,tmax
Wanang,1972-10-01,27.950000000000003,1972,10,tmax
Yapsiei,1972-10-01,28.17,1972,10,tmax
Elem,1972-11-01,28.800000000000004,1972,11,tmax
Morox,1972-11-01,29.330000000000002,1972,11,tmax
Niksek,1972-11-01,30.040000000000003,1972,11,tmax
Ohu,1972-11-01,29.330000000000002,1972,11,tmax
Utai,1972-11-01,30.070000000000004,1972,11,tmax
Wamangu,1972-11-01,29.78,1972,11,tmax
Wanang,1972-11-01,29.550000000000004,1972,11,tmax
Yapsiei,1972-11-01,29.6,1972,11,tmax
Elem,1972-12-01,29.35,1972,12,tmax
Morox,1972-12-01,28.250000000000004,1972,12,tmax
Niksek,1972-12-01,27.880000000000003,1972,12,tmax
Ohu,1972-12-01,28.330000000000002,1972,12,tmax
Utai,1972-12-01,28.42,1972,12,tmax
Wamangu,1972-12-01,29.770000000000003,1972,12,tmax
Wanang,1972-12-01,30.330000000000002,1972,12,tmax
Yapsiei,1972-12-01,30.35,1972,12,tmax
Elem,1973-01-01,30.750000000000004,1973,1,tmax
Morox,1973-01-01,30.680000000000003,1973,1,tmax
Niksek,1973-01-01,30.310000000000002,1973,1,tmax
Ohu,1973-01-01,30.42,1973,1,tmax
Utai,1973-01-01,30.490000000000002,1973,1,tmax
Wamangu,1973-01-01,30.390000000000004,1973,1,tmax
Wanang,1973-01-01,30.040000000000003,1973,1,tmax
Yapsiei,1973-01-01,31.090000000000003,1973,1,tmax
Elem,1973-02-01,31.070000000000004,1973,2,tmax
Morox,1973-02-01,30.790000000000003,1973,2,tmax
Niksek,1973-02-01,31.12,1973,2,tmax
Ohu,1973-02-01,30.87,1973,2,tmax
Utai,1973-02-01,31.480000000000004,1973,2,tmax
Wamangu,1973-02-01,31.580000000000002,1973,2,tmax
Wanang,1973-02-01,31.290000000000003,1973,2,tmax
Yapsiei,1973-02-01,31.650000000000002,1973,2,tmax
Elem,1973-03-01,32.18,1973,3,tmax
Morox,1973-03-01,31.980000000000004,1973,3,tmax
Niksek,1973-03-01,31.69,1973,3,tmax
Ohu,1973-03-01,32.410000000000004,1973,3,tmax
Utai,1973-03-01,32.11,1973,3,tmax
Wamangu,1973-03-01,32.13,1973,3,tmax
Wanang,1973-03-01,31.950000000000003,1973,3,tmax
Yapsiei,1973-03-01,32.17,1973,3,tmax
Elem,1973-04-01,31.550000000000004,1973,4,tmax
Morox,1973-04-01,31.020000000000003,1973,4,tmax
Niksek,1973-04-01,30.880000000000003,1973,4,tmax
Ohu,1973-04-01,30.92,1973,4,tmax
Utai,1973-04-01,30.740000000000002,1973,4,tmax
Wamangu,1973-04-01,30.130000000000003,1973,4,tmax
Wanang,1973-04-01,29.590000000000003,1973,4,tmax
Yapsiei,1973-04-01,30.76,1973,4,tmax
Elem,1973-05-01,30.700000000000003,1973,5,tmax
Morox,1973-05-01,30.730000000000004,1973,5,tmax
Niksek,1973-05-01,31.44,1973,5,tmax
Ohu,1973-05-01,31.080000000000002,1973,5,tmax
Utai,1973-05-01,29.490000000000002,1973,5,tmax
Wamangu,1973-05-01,30.01,1973,5,tmax
Wanang,1973-05-01,29.42,1973,5,tmax
Yapsiei,1973-05-01,29.660000000000004,1973,5,tmax
Elem,1973-06-01,29.330000000000002,1973,6,tmax
Morox,1973-06-01,29.290000000000003,1973,6,tmax
Niksek,1973-06-01,28.680000000000003,1973,6,tmax
Ohu,1973-06-01,29.250000000000004,1973,6,tmax
Utai,1973-06-01,29.610000000000003,1973,6,tmax
Wamangu,1973-06-01,29.400000000000002,1973,6,tmax
Wanang,1973-06-01,29.960000000000004,1973,6,tmax
Yapsiei,1973-06-01,30.03,1973,6,tmax
Elem,1973-07-01,29.210000000000004,1973,7,tmax
Morox,1973-07-01,29.330000000000002,1973,7,tmax
Niksek,1973-07-01,29.140000000000004,1973,7,tmax
Ohu,1973-07-01,29.44,1973,7,tmax
Utai,1973-07-01,29.62,1973,7,tmax
Wamangu,1973-07-01,29.040000000000003,1973,7,tmax
Wanang,1973-07-01,28.560000000000002,1973,7,tmax
Yapsiei,1973-07-01,29.110000000000003,1973,7,tmax
Elem,1973-08-01,29.150000000000002,1973,8,tmax
Morox,1973-08-01,29.270000000000003,1973,8,tmax
Niksek,1973-08-01,29.610000000000003,1973,8,tmax
Ohu,1973-08-01,29.520000000000003,1973,8,tmax
Utai,1973-08-01,30.700000000000003,1973,8,tmax
Wamangu,1973-08-01,30.700000000000003,1973,8,tmax
Wanang,1973-08-01,30.570000000000004,1973,8,tmax
Yapsiei,1973-08-01,30.980000000000004,1973,8,tmax
Elem,1973-09-01,31.470000000000002,1973,9,tmax
Morox,1973-09-01,31.080000000000002,1973,9,tmax
Niksek,1973-09-01,30.640000000000004,1973,9,tmax
Ohu,1973-09-01,31.450000000000003,1973,9,tmax
Utai,1973-09-01,31.330000000000002,1973,9,tmax
Wamangu,1973-09-01,30.980000000000004,1973,9,tmax
Wanang,1973-09-01,31.200000000000003,1973,9,tmax
Yapsiei,1973-09-01,31.180000000000003,1973,9,tmax
Elem,1973-10-01,29.790000000000003,1973,10,tmax
Morox,1973-10-01,29.860000000000003,1973,10,tmax
Niksek,1973-10-01,29.340000000000003,1973,10,tmax
Ohu,1973-10-01,29.430000000000003,1973,10,tmax
Utai,1973-10-01,29.28,1973,10,tmax
Wamangu,1973-10-01,29.060000000000002,1973,10,tmax
Wanang,1973-10-01,28.540000000000003,1973,10,tmax
Yapsiei,1973-10-01,29.26,1973,10,tmax
Elem,1973-11-01,29.6,1973,11,tmax
Morox,1973-11-01,29.430000000000003,1973,11,tmax
Niksek,1973-11-01,30.020000000000003,1973,11,tmax
Ohu,1973-11-01,29.720000000000002,1973,11,tmax
Utai,1973-11-01,30.580000000000002,1973,11,tmax
Wamangu,1973-11-01,30.210000000000004,1973,11,tmax
Wanang,1973-11-01,29.710000000000004,1973,11,tmax
Yapsiei,1973-11-01,29.970000000000002,1973,11,tmax
Elem,1973-12-01,29.69,1973,12,tmax
Morox,1973-12-01,28.750000000000004,1973,12,tmax
Niksek,1973-12-01,28.320000000000004,1973,12,tmax
Ohu,1973-12-01,28.930000000000003,1973,12,tmax
Utai,1973-12-01,29.360000000000003,1973,12,tmax
Wamangu,1973-12-01,29.92,1973,12,tmax
Wanang,1973-12-01,30.460000000000004,1973,12,tmax
Yapsiei,1973-12-01,30.250000000000004,1973,12,tmax
Elem,1974-01-01,31.130000000000003,1974,1,tmax
Morox,1974-01-01,30.400000000000002,1974,1,tmax
Niksek,1974-01-01,30.410000000000004,1974,1,tmax
Ohu,1974-01-01,30.110000000000003,1974,1,tmax
Utai,1974-01-01,30.390000000000004,1974,1,tmax
Wamangu,1974-01-01,29.570000000000004,1974,1,tmax
Wanang,1974-01-01,30.130000000000003,1974,1,tmax
Yapsiei,1974-01-01,30.650000000000002,1974,1,tmax
Elem,1974-02-01,30.880000000000003,1974,2,tmax
Morox,1974-02-01,30.890000000000004,1974,2,tmax
Niksek,1974-02-01,31.12,1974,2,tmax
Ohu,1974-02-01,30.540000000000003,1974,2,tmax
Utai,1974-02-01,32.13,1974,2,tmax
Wamangu,1974-02-01,31.400000000000002,1974,2,tmax
Wanang,1974-02-01,31.42,1974,2,tmax
Yapsiei,1974-02-01,31.300000000000004,1974,2,tmax
Elem,1974-03-01,32.080000000000005,1974,3,tmax
Morox,1974-03-01,31.180000000000003,1974,3,tmax
Niksek,1974-03-01,31.840000000000003,1974,3,tmax
Ohu,1974-03-01,31.880000000000003,1974,3,tmax
Utai,1974-03-01,31.990000000000002,1974,3,tmax
Wamangu,1974-03-01,32.290000000000006,1974,3,tmax
Wanang,1974-03-01,31.930000000000003,1974,3,tmax
Yapsiei,1974-03-01,31.810000000000002,1974,3,tmax
Elem,1974-04-01,31.590000000000003,1974,4,tmax
Morox,1974-04-01,30.67,1974,4,tmax
Niksek,1974-04-01,30.880000000000003,1974,4,tmax
Ohu,1974-04-01,30.570000000000004,1974,4,tmax
Utai,1974-04-01,30.680000000000003,1974,4,tmax
Wamangu,1974-04-01,29.37,1974,4,tmax
Wanang,1974-04-01,29.6,1974,4,tmax
Yapsiei,1974-04-01,30.410000000000004,1974,4,tmax
Elem,1974-05-01,30.560000000000002,1974,5,tmax
Morox,1974-05-01,30.830000000000002,1974,5,tmax
Niksek,1974-05-01,31.400000000000002,1974,5,tmax
Ohu,1974-05-01,30.830000000000002,1974,5,tmax
Utai,1974-05-01,30.070000000000004,1974,5,tmax
Wamangu,1974-05-01,29.810000000000002,1974,5,tmax
Wanang,1974-05-01,29.610000000000003,1974,5,tmax
Yapsiei,1974-05-01,29.28,1974,5,tmax
Elem,1974-06-01,29.230000000000004,1974,6,tmax
Morox,1974-06-01,28.480000000000004,1974,6,tmax
Niksek,1974-06-01,28.87,1974,6,tmax
Ohu,1974-06-01,28.67,1974,6,tmax
Utai,1974-06-01,29.42,1974,6,tmax
Wamangu,1974-06-01,29.6,1974,6,tmax
Wanang,1974-06-01,29.950000000000003,1974,6,tmax
Yapsiei,1974-06-01,29.630000000000003,1974,6,tmax
Elem,1974-07-01,29.750000000000004,1974,7,tmax
Morox,1974-07-01,29.220000000000002,1974,7,tmax
Niksek,1974-07-01,29.250000000000004,1974,7,tmax
Ohu,1974-07-01,29.210000000000004,1974,7,tmax
Utai,1974-07-01,29.430000000000003,1974,7,tmax
Wamangu,1974-07-01,28.130000000000003,1974,7,tmax
Wanang,1974-07-01,28.660000000000004,1974,7,tmax
Yapsiei,1974-07-01,28.51,1974,7,tmax
Elem,1974-08-01,29.12,1974,8,tmax
Morox,1974-08-01,29.380000000000003,1974,8,tmax
Niksek,1974-08-01,29.720000000000002,1974,8,tmax
Ohu,1974-08-01,29.330000000000002,1974,8,tmax
Utai,1974-08-01,31.380000000000003,1974,8,tmax
Wamangu,1974-08-01,30.6,1974,8,tmax
Wanang,1974-08-01,30.67,1974,8,tmax
Yapsiei,1974-08-01,30.680000000000003,1974,8,tmax
Elem,1974-09-01,31.35,1974,9,tmax
Morox,1974-09-01,30.28,1974,9,tmax
Niksek,1974-09-01,30.840000000000003,1974,9,tmax
Ohu,1974-09-01,30.860000000000003,1974,9,tmax
Utai,1974-09-01,31.220000000000002,1974,9,tmax
Wamangu,1974-09-01,31.060000000000002,1974,9,tmax
Wanang,1974-09-01,31.130000000000003,1974,9,tmax
Yapsiei,1974-09-01,30.87,1974,9,tmax
Elem,1974-10-01,30.200000000000003,1974,10,tmax
Morox,1974-10-01,29.570000000000004,1974,10,tmax
Niksek,1974-10-01,29.44,1974,10,tmax
Ohu,1974-10-01,29.130000000000003,1974,10,tmax
Utai,1974-10-01,29.180000000000003,1974,10,tmax
Wamangu,1974-10-01,28.160000000000004,1974,10,tmax
Wanang,1974-10-01,28.640000000000004,1974,10,tmax
Yapsiei,1974-10-01,28.85,1974,10,tmax
Elem,1974-11-01,29.490000000000002,1974,11,tmax
Morox,1974-11-01,29.630000000000003,1974,11,tmax
Niksek,1974-11-01,29.94,1974,11,tmax
Ohu,1974-11-01,29.340000000000003,1974,11,tmax
Utai,1974-11-01,30.180000000000003,1974,11,tmax
Wamangu,1974-11-01,29.730000000000004,1974,11,tmax
Wanang,1974-11-01,29.78,1974,11,tmax
Yapsiei,1974-11-01,29.69,1974,11,tmax
Elem,1974-12-01,29.720000000000002,1974,12,tmax
Morox,1974-12-01,27.950000000000003,1974,12,tmax
Niksek,1974-12-01,28.090000000000003,1974,12,tmax
Ohu,1974-12-01,28.860000000000003,1974,12,tmax
Utai,1974-12-01,29.17,1974,12,tmax
Wamangu,1974-12-01,30.12,1974,12,tmax
Wanang,1974-12-01,30.410000000000004,1974,12,tmax
Yapsiei,1974-12-01,30.000000000000004,1974,12,tmax
Elem,1975-01-01,30.35,1975,1,tmax
Morox,1975-01-01,30.01,1975,1,tmax
Niksek,1975-01-01,29.720000000000002,1975,1,tmax
Ohu,1975-01-01,30.320000000000004,1975,1,tmax
Utai,1975-01-01,30.390000000000004,1975,1,tmax
Wamangu,1975-01-01,30.080000000000002,1975,1,tmax
Wanang,1975-01-01,29.840000000000003,1975,1,tmax
Yapsiei,1975-01-01,30.87,1975,1,tmax
Elem,1975-02-01,30.970000000000002,1975,2,tmax
Morox,1975-02-01,30.790000000000003,1975,2,tmax
Niksek,1975-02-01,30.820000000000004,1975,2,tmax
Ohu,1975-02-01,30.160000000000004,1975,2,tmax
Utai,1975-02-01,31.19,1975,2,tmax
Wamangu,1975-02-01,30.900000000000002,1975,2,tmax
Wanang,1975-02-01,30.720000000000002,1975,2,tmax
Yapsiei,1975-02-01,31.550000000000004,1975,2,tmax
Elem,1975-03-01,32.080000000000005,1975,3,tmax
Morox,1975-03-01,31.680000000000003,1975,3,tmax
Niksek,1975-03-01,31.67,1975,3,tmax
Ohu,1975-03-01,32.21,1975,3,tmax
Utai,1975-03-01,32.050000000000004,1975,3,tmax
Wamangu,1975-03-01,32.120000000000005,1975,3,tmax
Wanang,1975-03-01,31.680000000000003,1975,3,tmax
Yapsiei,1975-03-01,31.6,1975,3,tmax
Elem,1975-04-01,31.070000000000004,1975,4,tmax
Morox,1975-04-01,30.270000000000003,1975,4,tmax
Niksek,1975-04-01,30.320000000000004,1975,4,tmax
Ohu,1975-04-01,30.770000000000003,1975,4,tmax
Utai,1975-04-01,30.640000000000004,1975,4,tmax
Wamangu,1975-04-01,29.830000000000002,1975,4,tmax
Wanang,1975-04-01,29.360000000000003,1975,4,tmax
Yapsiei,1975-04-01,30.470000000000002,1975,4,tmax
Elem,1975-05-01,30.520000000000003,1975,5,tmax
Morox,1975-05-01,30.730000000000004,1975,5,tmax
Niksek,1975-05-01,31.1,1975,5,tmax
Ohu,1975-05-01,30.340000000000003,1975,5,tmax
Utai,1975-05-01,29.270000000000003,1975,5,tmax
Wamangu,1975-05-01,29.320000000000004,1975,5,tmax
Wanang,1975-05-01,28.830000000000002,1975,5,tmax
Yapsiei,1975-05-01,29.560000000000002,1975,5,tmax
Elem,1975-06-01,29.320000000000004,1975,6,tmax
Morox,1975-06-01,29.070000000000004,1975,6,tmax
Niksek,1975-06-01,28.500000000000004,1975,6,tmax
Ohu,1975-06-01,28.950000000000003,1975,6,tmax
Utai,1975-06-01,29.51,1975,6,tmax
Wamangu,1975-06-01,29.500000000000004,1975,6,tmax
Wanang,1975-06-01,29.76,1975,6,tmax
Yapsiei,1975-06-01,29.340000000000003,1975,6,tmax
Elem,1975-07-01,29.03,1975,7,tmax
Morox,1975-07-01,28.720000000000002,1975,7,tmax
Niksek,1975-07-01,28.6,1975,7,tmax
Ohu,1975-07-01,29.44,1975,7,tmax
Utai,1975-07-01,29.520000000000003,1975,7,tmax
Wamangu,1975-07-01,28.610000000000003,1975,7,tmax
Wanang,1975-07-01,28.590000000000003,1975,7,tmax
Yapsiei,1975-07-01,28.910000000000004,1975,7,tmax
Elem,1975-08-01,29.050000000000004,1975,8,tmax
Morox,1975-08-01,29.270000000000003,1975,8,tmax
Niksek,1975-08-01,29.42,1975,8,tmax
Ohu,1975-08-01,28.92,1975,8,tmax
Utai,1975-08-01,30.480000000000004,1975,8,tmax
Wamangu,1975-08-01,30.1,1975,8,tmax
Wanang,1975-08-01,29.970000000000002,1975,8,tmax
Yapsiei,1975-08-01,30.880000000000003,1975,8,tmax
Elem,1975-09-01,31.37,1975,9,tmax
Morox,1975-09-01,30.78,1975,9,tmax
Niksek,1975-09-01,30.660000000000004,1975,9,tmax
Ohu,1975-09-01,31.26,1975,9,tmax
Utai,1975-09-01,31.320000000000004,1975,9,tmax
Wamangu,1975-09-01,30.960000000000004,1975,9,tmax
Wanang,1975-09-01,30.900000000000002,1975,9,tmax
Yapsiei,1975-09-01,30.650000000000002,1975,9,tmax
Elem,1975-10-01,29.410000000000004,1975,10,tmax
Morox,1975-10-01,29.17,1975,10,tmax
Niksek,1975-10-01,28.740000000000002,1975,10,tmax
Ohu,1975-10-01,29.330000000000002,1975,10,tmax
Utai,1975-10-01,29.180000000000003,1975,10,tmax
Wamangu,1975-10-01,28.660000000000004,1975,10,tmax
Wanang,1975-10-01,28.44,1975,10,tmax
Yapsiei,1975-10-01,28.970000000000002,1975,10,tmax
Elem,1975-11-01,29.500000000000004,1975,11,tmax
Morox,1975-11-01,29.53,1975,11,tmax
Niksek,1975-11-01,29.810000000000002,1975,11,tmax
Ohu,1975-11-01,29.040000000000003,1975,11,tmax
Utai,1975-11-01,29.970000000000002,1975,11,tmax
Wamangu,1975-11-01,29.340000000000003,1975,11,tmax
Wanang,1975-11-01,29.290000000000003,1975,11,tmax
Yapsiei,1975-11-01,29.860000000000003,1975,11,tmax
Elem,1975-12-01,29.6,1975,12,tmax
Morox,1975-12-01,28.360000000000003,1975,12,tmax
Niksek,1975-12-01,27.930000000000003,1975,12,tmax
Ohu,1975-12-01,28.710000000000004,1975,12,tmax
Utai,1975-12-01,29.060000000000002,1975,12,tmax
Wamangu,1975-12-01,29.990000000000002,1975,12,tmax
Wanang,1975-12-01,30.210000000000004,1975,12,tmax
Yapsiei,1975-12-01,29.400000000000002,1975,12,tmax
Elem,1976-01-01,30.590000000000003,1976,1,tmax
Morox,1976-01-01,30.380000000000003,1976,1,tmax
Niksek,1976-01-01,29.51,1976,1,tmax
Ohu,1976-01-01,29.650000000000002,1976,1,tmax
Utai,1976-01-01,30.320000000000004,1976,1,tmax
Wamangu,1976-01-01,29.890000000000004,1976,1,tmax
Wanang,1976-01-01,29.830000000000002,1976,1,tmax
Yapsiei,1976-01-01,30.070000000000004,1976,1,tmax
Elem,1976-02-01,30.680000000000003,1976,2,tmax
Morox,1976-02-01,30.890000000000004,1976,2,tmax
Niksek,1976-02-01,31.720000000000002,1976,2,tmax
Ohu,1976-02-01,30.580000000000002,1976,2,tmax
Utai,1976-02-01,31.400000000000002,1976,2,tmax
Wamangu,1976-02-01,31.400000000000002,1976,2,tmax
Wanang,1976-02-01,30.490000000000002,1976,2,tmax
Yapsiei,1976-02-01,30.900000000000002,1976,2,tmax
Elem,1976-03-01,32.120000000000005,1976,3,tmax
Morox,1976-03-01,31.580000000000002,1976,3,tmax
Niksek,1976-03-01,31.560000000000002,1976,3,tmax
Ohu,1976-03-01,31.400000000000002,1976,3,tmax
Utai,1976-03-01,31.790000000000003,1976,3,tmax
Wamangu,1976-03-01,32.290000000000006,1976,3,tmax
Wanang,1976-03-01,32.45,1976,3,tmax
Yapsiei,1976-03-01,31.910000000000004,1976,3,tmax
Elem,1976-04-01,31.17,1976,4,tmax
Morox,1976-04-01,30.720000000000002,1976,4,tmax
Niksek,1976-04-01,30.12,1976,4,tmax
Ohu,1976-04-01,30.17,1976,4,tmax
Utai,1976-04-01,30.500000000000004,1976,4,tmax
Wamangu,1976-04-01,29.630000000000003,1976,4,tmax
Wanang,1976-04-01,29.300000000000004,1976,4,tmax
Yapsiei,1976-04-01,29.770000000000003,1976,4,tmax
Elem,1976-05-01,30.26,1976,5,tmax
Morox,1976-05-01,30.910000000000004,1976,5,tmax
Niksek,1976-05-01,32,1976,5,tmax
Ohu,1976-05-01,30.830000000000002,1976,5,tmax
Utai,1976-05-01,29.550000000000004,1976,5,tmax
Wamangu,1976-05-01,29.810000000000002,1976,5,tmax
Wanang,1976-05-01,28.540000000000003,1976,5,tmax
Yapsiei,1976-05-01,28.880000000000003,1976,5,tmax
Elem,1976-06-01,29.320000000000004,1976,6,tmax
Morox,1976-06-01,28.970000000000002,1976,6,tmax
Niksek,1976-06-01,28.490000000000002,1976,6,tmax
Ohu,1976-06-01,28.150000000000002,1976,6,tmax
Utai,1976-06-01,29.300000000000004,1976,6,tmax
Wamangu,1976-06-01,29.6,1976,6,tmax
Wanang,1976-06-01,30.380000000000003,1976,6,tmax
Yapsiei,1976-06-01,29.740000000000002,1976,6,tmax
Elem,1976-07-01,29.050000000000004,1976,7,tmax
Morox,1976-07-01,29.12,1976,7,tmax
Niksek,1976-07-01,28.450000000000003,1976,7,tmax
Ohu,1976-07-01,28.810000000000002,1976,7,tmax
Utai,1976-07-01,29.53,1976,7,tmax
Wamangu,1976-07-01,28.51,1976,7,tmax
Wanang,1976-07-01,28.290000000000003,1976,7,tmax
Yapsiei,1976-07-01,28.01,1976,7,tmax
Elem,1976-08-01,28.720000000000002,1976,8,tmax
Morox,1976-08-01,29.360000000000003,1976,8,tmax
Niksek,1976-08-01,30.240000000000002,1976,8,tmax
Ohu,1976-08-01,29.460000000000004,1976,8,tmax
Utai,1976-08-01,30.590000000000003,1976,8,tmax
Wamangu,1976-08-01,30.6,1976,8,tmax
Wanang,1976-08-01,29.770000000000003,1976,8,tmax
Yapsiei,1976-08-01,30.28,1976,8,tmax
Elem,1976-09-01,31.44,1976,9,tmax
Morox,1976-09-01,30.680000000000003,1976,9,tmax
Niksek,1976-09-01,30.460000000000004,1976,9,tmax
Ohu,1976-09-01,30.360000000000003,1976,9,tmax
Utai,1976-09-01,31.020000000000003,1976,9,tmax
Wamangu,1976-09-01,31.060000000000002,1976,9,tmax
Wanang,1976-09-01,31.700000000000003,1976,9,tmax
Yapsiei,1976-09-01,30.970000000000002,1976,9,tmax
Elem,1976-10-01,29.62,1976,10,tmax
Morox,1976-10-01,29.650000000000002,1976,10,tmax
Niksek,1976-10-01,28.540000000000003,1976,10,tmax
Ohu,1976-10-01,28.710000000000004,1976,10,tmax
Utai,1976-10-01,29.17,1976,10,tmax
Wamangu,1976-10-01,28.560000000000002,1976,10,tmax
Wanang,1976-10-01,28.340000000000003,1976,10,tmax
Yapsiei,1976-10-01,28.160000000000004,1976,10,tmax
Elem,1976-11-01,29.290000000000003,1976,11,tmax
Morox,1976-11-01,29.630000000000003,1976,11,tmax
Niksek,1976-11-01,30.540000000000003,1976,11,tmax
Ohu,1976-11-01,29.520000000000003,1976,11,tmax
Utai,1976-11-01,29.880000000000003,1976,11,tmax
Wamangu,1976-11-01,29.880000000000003,1976,11,tmax
Wanang,1976-11-01,29.110000000000003,1976,11,tmax
Yapsiei,1976-11-01,29.290000000000003,1976,11,tmax
Elem,1976-12-01,29.330000000000002,1976,12,tmax
Morox,1976-12-01,28.17,1976,12,tmax
Niksek,1976-12-01,27.92,1976,12,tmax
Ohu,1976-12-01,28.060000000000002,1976,12,tmax
Utai,1976-12-01,28.87,1976,12,tmax
Wamangu,1976-12-01,30.110000000000003,1976,12,tmax
Wanang,1976-12-01,31.130000000000003,1976,12,tmax
Yapsiei,1976-12-01,30.1,1976,12,tmax
Elem,1977-01-01,30.28,1977,1,tmax
Morox,1977-01-01,30.380000000000003,1977,1,tmax
Niksek,1977-01-01,30.410000000000004,1977,1,tmax
Ohu,1977-01-01,30.240000000000002,1977,1,tmax
Utai,1977-01-01,30.130000000000003,1977,1,tmax
Wamangu,1977-01-01,29.880000000000003,1977,1,tmax
Wanang,1977-01-01,29.94,1977,1,tmax
Yapsiei,1977-01-01,30.390000000000004,1977,1,tmax
Elem,1977-02-01,30.78,1977,2,tmax
Morox,1977-02-01,30.430000000000003,1977,2,tmax
Niksek,1977-02-01,30.69,1977,2,tmax
Ohu,1977-02-01,30.78,1977,2,tmax
Utai,1977-02-01,31.12,1977,2,tmax
Wamangu,1977-02-01,31.300000000000004,1977,2,tmax
Wanang,1977-02-01,31.37,1977,2,tmax
Yapsiei,1977-02-01,31.500000000000004,1977,2,tmax
Elem,1977-03-01,31.830000000000002,1977,3,tmax
Morox,1977-03-01,31.53,1977,3,tmax
Niksek,1977-03-01,31.590000000000003,1977,3,tmax
Ohu,1977-03-01,31.730000000000004,1977,3,tmax
Utai,1977-03-01,31.840000000000003,1977,3,tmax
Wamangu,1977-03-01,31.820000000000004,1977,3,tmax
Wanang,1977-03-01,31.430000000000003,1977,3,tmax
Yapsiei,1977-03-01,32.010000000000005,1977,3,tmax
Elem,1977-04-01,30.92,1977,4,tmax
Morox,1977-04-01,30.76,1977,4,tmax
Niksek,1977-04-01,31.020000000000003,1977,4,tmax
Ohu,1977-04-01,30.660000000000004,1977,4,tmax
Utai,1977-04-01,30.44,1977,4,tmax
Wamangu,1977-04-01,29.630000000000003,1977,4,tmax
Wanang,1977-04-01,29.44,1977,4,tmax
Yapsiei,1977-04-01,30.020000000000003,1977,4,tmax
Elem,1977-05-01,30.460000000000004,1977,5,tmax
Morox,1977-05-01,30.340000000000003,1977,5,tmax
Niksek,1977-05-01,31.050000000000004,1977,5,tmax
Ohu,1977-05-01,31.130000000000003,1977,5,tmax
Utai,1977-05-01,29.26,1977,5,tmax
Wamangu,1977-05-01,29.810000000000002,1977,5,tmax
Wanang,1977-05-01,29.610000000000003,1977,5,tmax
Yapsiei,1977-05-01,29.480000000000004,1977,5,tmax
Elem,1977-06-01,29.020000000000003,1977,6,tmax
Morox,1977-06-01,28.790000000000003,1977,6,tmax
Niksek,1977-06-01,28.680000000000003,1977,6,tmax
Ohu,1977-06-01,28.650000000000002,1977,6,tmax
Utai,1977-06-01,29.320000000000004,1977,6,tmax
Wamangu,1977-06-01,29.19,1977,6,tmax
Wanang,1977-06-01,29.550000000000004,1977,6,tmax
Yapsiei,1977-06-01,29.85,1977,6,tmax
Elem,1977-07-01,28.750000000000004,1977,7,tmax
Morox,1977-07-01,29.12,1977,7,tmax
Niksek,1977-07-01,29.200000000000003,1977,7,tmax
Ohu,1977-07-01,29.310000000000002,1977,7,tmax
Utai,1977-07-01,29.220000000000002,1977,7,tmax
Wamangu,1977-07-01,28.390000000000004,1977,7,tmax
Wanang,1977-07-01,28.26,1977,7,tmax
Yapsiei,1977-07-01,28.410000000000004,1977,7,tmax
Elem,1977-08-01,28.820000000000004,1977,8,tmax
Morox,1977-08-01,28.820000000000004,1977,8,tmax
Niksek,1977-08-01,29.090000000000003,1977,8,tmax
Ohu,1977-08-01,29.53,1977,8,tmax
Utai,1977-08-01,30.28,1977,8,tmax
Wamangu,1977-08-01,30.500000000000004,1977,8,tmax
Wanang,1977-08-01,30.570000000000004,1977,8,tmax
Yapsiei,1977-08-01,30.880000000000003,1977,8,tmax
Elem,1977-09-01,31.070000000000004,1977,9,tmax
Morox,1977-09-01,30.650000000000002,1977,9,tmax
Niksek,1977-09-01,30.540000000000003,1977,9,tmax
Ohu,1977-09-01,30.76,1977,9,tmax
Utai,1977-09-01,31.03,1977,9,tmax
Wamangu,1977-09-01,30.660000000000004,1977,9,tmax
Wanang,1977-09-01,30.610000000000003,1977,9,tmax
Yapsiei,1977-09-01,31.070000000000004,1977,9,tmax
Elem,1977-10-01,29.400000000000002,1977,10,tmax
Morox,1977-10-01,29.660000000000004,1977,10,tmax
Niksek,1977-10-01,29.44,1977,10,tmax
Ohu,1977-10-01,29.320000000000004,1977,10,tmax
Utai,1977-10-01,28.880000000000003,1977,10,tmax
Wamangu,1977-10-01,28.460000000000004,1977,10,tmax
Wanang,1977-10-01,28.520000000000003,1977,10,tmax
Yapsiei,1977-10-01,28.660000000000004,1977,10,tmax
Elem,1977-11-01,29.390000000000004,1977,11,tmax
Morox,1977-11-01,29.130000000000003,1977,11,tmax
Niksek,1977-11-01,29.540000000000003,1977,11,tmax
Ohu,1977-11-01,29.640000000000004,1977,11,tmax
Utai,1977-11-01,29.800000000000004,1977,11,tmax
Wamangu,1977-11-01,29.950000000000003,1977,11,tmax
Wanang,1977-11-01,29.910000000000004,1977,11,tmax
Yapsiei,1977-11-01,29.680000000000003,1977,11,tmax
Elem,1977-12-01,29.42,1977,12,tmax
Morox,1977-12-01,28.17,1977,12,tmax
Niksek,1977-12-01,27.990000000000002,1977,12,tmax
Ohu,1977-12-01,28.310000000000002,1977,12,tmax
Utai,1977-12-01,29.000000000000004,1977,12,tmax
Wamangu,1977-12-01,29.470000000000002,1977,12,tmax
Wanang,1977-12-01,30.19,1977,12,tmax
Yapsiei,1977-12-01,30.42,1977,12,tmax
Elem,1978-01-01,30.910000000000004,1978,1,tmax
Morox,1978-01-01,30.28,1978,1,tmax
Niksek,1978-01-01,30.330000000000002,1978,1,tmax
Ohu,1978-01-01,30.320000000000004,1978,1,tmax
Utai,1978-01-01,30.990000000000002,1978,1,tmax
Wamangu,1978-01-01,30.770000000000003,1978,1,tmax
Wanang,1978-01-01,30.430000000000003,1978,1,tmax
Yapsiei,1978-01-01,31.19,1978,1,tmax
Elem,1978-02-01,30.67,1978,2,tmax
Morox,1978-02-01,30.680000000000003,1978,2,tmax
Niksek,1978-02-01,30.860000000000003,1978,2,tmax
Ohu,1978-02-01,30.44,1978,2,tmax
Utai,1978-02-01,31.700000000000003,1978,2,tmax
Wamangu,1978-02-01,31.080000000000002,1978,2,tmax
Wanang,1978-02-01,31.200000000000003,1978,2,tmax
Yapsiei,1978-02-01,31.450000000000003,1978,2,tmax
Elem,1978-03-01,32.68,1978,3,tmax
Morox,1978-03-01,32.28,1978,3,tmax
Niksek,1978-03-01,32.150000000000006,1978,3,tmax
Ohu,1978-03-01,32.53,1978,3,tmax
Utai,1978-03-01,31.840000000000003,1978,3,tmax
Wamangu,1978-03-01,32.120000000000005,1978,3,tmax
Wanang,1978-03-01,31.720000000000002,1978,3,tmax
Yapsiei,1978-03-01,31.69,1978,3,tmax
Elem,1978-04-01,31.570000000000004,1978,4,tmax
Morox,1978-04-01,30.610000000000003,1978,4,tmax
Niksek,1978-04-01,31.050000000000004,1978,4,tmax
Ohu,1978-04-01,30.860000000000003,1978,4,tmax
Utai,1978-04-01,31.28,1978,4,tmax
Wamangu,1978-04-01,30.520000000000003,1978,4,tmax
Wanang,1978-04-01,29.900000000000002,1978,4,tmax
Yapsiei,1978-04-01,30.78,1978,4,tmax
Elem,1978-05-01,30.270000000000003,1978,5,tmax
Morox,1978-05-01,30.53,1978,5,tmax
Niksek,1978-05-01,31.140000000000004,1978,5,tmax
Ohu,1978-05-01,30.830000000000002,1978,5,tmax
Utai,1978-05-01,29.85,1978,5,tmax
Wamangu,1978-05-01,29.610000000000003,1978,5,tmax
Wanang,1978-05-01,29.6,1978,5,tmax
Yapsiei,1978-05-01,29.560000000000002,1978,5,tmax
Elem,1978-06-01,29.830000000000002,1978,6,tmax
Morox,1978-06-01,29.590000000000003,1978,6,tmax
Niksek,1978-06-01,29.17,1978,6,tmax
Ohu,1978-06-01,29.450000000000003,1978,6,tmax
Utai,1978-06-01,29.220000000000002,1978,6,tmax
Wamangu,1978-06-01,29.400000000000002,1978,6,tmax
Wanang,1978-06-01,29.660000000000004,1978,6,tmax
Yapsiei,1978-06-01,29.450000000000003,1978,6,tmax
Elem,1978-07-01,29.310000000000002,1978,7,tmax
Morox,1978-07-01,28.880000000000003,1978,7,tmax
Niksek,1978-07-01,29.17,1978,7,tmax
Ohu,1978-07-01,29.390000000000004,1978,7,tmax
Utai,1978-07-01,30.03,1978,7,tmax
Wamangu,1978-07-01,29.210000000000004,1978,7,tmax
Wanang,1978-07-01,28.990000000000002,1978,7,tmax
Yapsiei,1978-07-01,29.240000000000002,1978,7,tmax
Elem,1978-08-01,28.950000000000003,1978,8,tmax
Morox,1978-08-01,29.12,1978,8,tmax
Niksek,1978-08-01,29.320000000000004,1978,8,tmax
Ohu,1978-08-01,29.230000000000004,1978,8,tmax
Utai,1978-08-01,30.890000000000004,1978,8,tmax
Wamangu,1978-08-01,30.200000000000003,1978,8,tmax
Wanang,1978-08-01,30.470000000000002,1978,8,tmax
Yapsiei,1978-08-01,30.790000000000003,1978,8,tmax
Elem,1978-09-01,31.950000000000003,1978,9,tmax
Morox,1978-09-01,31.380000000000003,1978,9,tmax
Niksek,1978-09-01,31.160000000000004,1978,9,tmax
Ohu,1978-09-01,31.560000000000002,1978,9,tmax
Utai,1978-09-01,31.12,1978,9,tmax
Wamangu,1978-09-01,30.950000000000003,1978,9,tmax
Wanang,1978-09-01,30.880000000000003,1978,9,tmax
Yapsiei,1978-09-01,30.87,1978,9,tmax
Elem,1978-10-01,29.910000000000004,1978,10,tmax
Morox,1978-10-01,29.470000000000002,1978,10,tmax
Niksek,1978-10-01,29.430000000000003,1978,10,tmax
Ohu,1978-10-01,29.320000000000004,1978,10,tmax
Utai,1978-10-01,29.78,1978,10,tmax
Wamangu,1978-10-01,29.35,1978,10,tmax
Wanang,1978-10-01,28.950000000000003,1978,10,tmax
Yapsiei,1978-10-01,29.450000000000003,1978,10,tmax
Elem,1978-11-01,29.290000000000003,1978,11,tmax
Morox,1978-11-01,29.430000000000003,1978,11,tmax
Niksek,1978-11-01,29.740000000000002,1978,11,tmax
Ohu,1978-11-01,29.230000000000004,1978,11,tmax
Utai,1978-11-01,30.400000000000002,1978,11,tmax
Wamangu,1978-11-01,29.790000000000003,1978,11,tmax
Wanang,1978-11-01,30.03,1978,11,tmax
Yapsiei,1978-11-01,29.970000000000002,1978,11,tmax
Elem,1978-12-01,30.320000000000004,1978,12,tmax
Morox,1978-12-01,29.050000000000004,1978,12,tmax
Niksek,1978-12-01,28.400000000000002,1978,12,tmax
Ohu,1978-12-01,29.000000000000004,1978,12,tmax
Utai,1978-12-01,28.830000000000002,1978,12,tmax
Wamangu,1978-12-01,29.680000000000003,1978,12,tmax
Wanang,1978-12-01,30.26,1978,12,tmax
Yapsiei,1978-12-01,30.090000000000003,1978,12,tmax
Elem,1979-01-01,30.740000000000002,1979,1,tmax
Morox,1979-01-01,30.770000000000003,1979,1,tmax
Niksek,1979-01-01,30.210000000000004,1979,1,tmax
Ohu,1979-01-01,30.35,1979,1,tmax
Utai,1979-01-01,30.320000000000004,1979,1,tmax
Wamangu,1979-01-01,30.28,1979,1,tmax
Wanang,1979-01-01,29.720000000000002,1979,1,tmax
Yapsiei,1979-01-01,30.880000000000003,1979,1,tmax
Elem,1979-02-01,31.080000000000002,1979,2,tmax
Morox,1979-02-01,31.390000000000004,1979,2,tmax
Niksek,1979-02-01,31.220000000000002,1979,2,tmax
Ohu,1979-02-01,31.060000000000002,1979,2,tmax
Utai,1979-02-01,31.680000000000003,1979,2,tmax
Wamangu,1979-02-01,31.730000000000004,1979,2,tmax
Wanang,1979-02-01,31.270000000000003,1979,2,tmax
Yapsiei,1979-02-01,31.6,1979,2,tmax
Elem,1979-03-01,32.080000000000005,1979,3,tmax
Morox,1979-03-01,31.980000000000004,1979,3,tmax
Niksek,1979-03-01,31.390000000000004,1979,3,tmax
Ohu,1979-03-01,32.230000000000004,1979,3,tmax
Utai,1979-03-01,32.24,1979,3,tmax
Wamangu,1979-03-01,32.75,1979,3,tmax
Wanang,1979-03-01,32.050000000000004,1979,3,tmax
Yapsiei,1979-03-01,32.190000000000005,1979,3,tmax
Elem,1979-04-01,31.380000000000003,1979,4,tmax
Morox,1979-04-01,31.03,1979,4,tmax
Niksek,1979-04-01,30.770000000000003,1979,4,tmax
Ohu,1979-04-01,30.770000000000003,1979,4,tmax
Utai,1979-04-01,30.580000000000002,1979,4,tmax
Wamangu,1979-04-01,29.990000000000002,1979,4,tmax
Wanang,1979-04-01,29.200000000000003,1979,4,tmax
Yapsiei,1979-04-01,30.51,1979,4,tmax
Elem,1979-05-01,30.560000000000002,1979,5,tmax
Morox,1979-05-01,31.320000000000004,1979,5,tmax
Niksek,1979-05-01,31.44,1979,5,tmax
Ohu,1979-05-01,31.520000000000003,1979,5,tmax
Utai,1979-05-01,29.76,1979,5,tmax
Wamangu,1979-05-01,30.110000000000003,1979,5,tmax
Wanang,1979-05-01,29.410000000000004,1979,5,tmax
Yapsiei,1979-05-01,29.580000000000002,1979,5,tmax
Elem,1979-06-01,29.300000000000004,1979,6,tmax
Morox,1979-06-01,29.37,1979,6,tmax
Niksek,1979-06-01,28.390000000000004,1979,6,tmax
Ohu,1979-06-01,29.150000000000002,1979,6,tmax
Utai,1979-06-01,29.790000000000003,1979,6,tmax
Wamangu,1979-06-01,30.180000000000003,1979,6,tmax
Wanang,1979-06-01,29.970000000000002,1979,6,tmax
Yapsiei,1979-06-01,29.960000000000004,1979,6,tmax
Elem,1979-07-01,29.35,1979,7,tmax
Morox,1979-07-01,29.53,1979,7,tmax
Niksek,1979-07-01,29.17,1979,7,tmax
Ohu,1979-07-01,29.540000000000003,1979,7,tmax
Utai,1979-07-01,29.430000000000003,1979,7,tmax
Wamangu,1979-07-01,28.900000000000002,1979,7,tmax
Wanang,1979-07-01,28.150000000000002,1979,7,tmax
Yapsiei,1979-07-01,28.78,1979,7,tmax
Elem,1979-08-01,29.150000000000002,1979,8,tmax
Morox,1979-08-01,29.67,1979,8,tmax
Niksek,1979-08-01,29.640000000000004,1979,8,tmax
Ohu,1979-08-01,29.640000000000004,1979,8,tmax
Utai,1979-08-01,30.87,1979,8,tmax
Wamangu,1979-08-01,30.900000000000002,1979,8,tmax
Wanang,1979-08-01,30.560000000000002,1979,8,tmax
Yapsiei,1979-08-01,30.980000000000004,1979,8,tmax
Elem,1979-09-01,31.35,1979,9,tmax
Morox,1979-09-01,31.080000000000002,1979,9,tmax
Niksek,1979-09-01,30.340000000000003,1979,9,tmax
Ohu,1979-09-01,31.26,1979,9,tmax
Utai,1979-09-01,31.500000000000004,1979,9,tmax
Wamangu,1979-09-01,31.560000000000002,1979,9,tmax
Wanang,1979-09-01,31.300000000000004,1979,9,tmax
Yapsiei,1979-09-01,31.28,1979,9,tmax
Elem,1979-10-01,29.890000000000004,1979,10,tmax
Morox,1979-10-01,29.950000000000003,1979,10,tmax
Niksek,1979-10-01,29.240000000000002,1979,10,tmax
Ohu,1979-10-01,29.430000000000003,1979,10,tmax
Utai,1979-10-01,29.080000000000002,1979,10,tmax
Wamangu,1979-10-01,28.960000000000004,1979,10,tmax
Wanang,1979-10-01,28.240000000000002,1979,10,tmax
Yapsiei,1979-10-01,29.160000000000004,1979,10,tmax
Elem,1979-11-01,29.69,1979,11,tmax
Morox,1979-11-01,30.130000000000003,1979,11,tmax
Niksek,1979-11-01,30.040000000000003,1979,11,tmax
Ohu,1979-11-01,29.830000000000002,1979,11,tmax
Utai,1979-11-01,30.140000000000004,1979,11,tmax
Wamangu,1979-11-01,30.110000000000003,1979,11,tmax
Wanang,1979-11-01,29.770000000000003,1979,11,tmax
Yapsiei,1979-11-01,29.830000000000002,1979,11,tmax
Elem,1979-12-01,29.53,1979,12,tmax
Morox,1979-12-01,28.42,1979,12,tmax
Niksek,1979-12-01,27.820000000000004,1979,12,tmax
Ohu,1979-12-01,28.750000000000004,1979,12,tmax
Utai,1979-12-01,29.050000000000004,1979,12,tmax
Wamangu,1979-12-01,30.560000000000002,1979,12,tmax
Wanang,1979-12-01,30.460000000000004,1979,12,tmax
Yapsiei,1979-12-01,30.85,1979,12,tmax
Elem,1980-01-01,31.020000000000003,1980,1,tmax
Morox,1980-01-01,30.470000000000002,1980,1,tmax
Niksek,1980-01-01,30.540000000000003,1980,1,tmax
Ohu,1980-01-01,30.900000000000002,1980,1,tmax
Utai,1980-01-01,30.990000000000002,1980,1,tmax
Wamangu,1980-01-01,30.390000000000004,1980,1,tmax
Wanang,1980-01-01,30.03,1980,1,tmax
Yapsiei,1980-01-01,30.650000000000002,1980,1,tmax
Elem,1980-02-01,30.770000000000003,1980,2,tmax
Morox,1980-02-01,31.03,1980,2,tmax
Niksek,1980-02-01,31.28,1980,2,tmax
Ohu,1980-02-01,31.000000000000004,1980,2,tmax
Utai,1980-02-01,31.720000000000002,1980,2,tmax
Wamangu,1980-02-01,31.400000000000002,1980,2,tmax
Wanang,1980-02-01,31.570000000000004,1980,2,tmax
Yapsiei,1980-02-01,32.2,1980,2,tmax
Elem,1980-03-01,32.78,1980,3,tmax
Morox,1980-03-01,31.890000000000004,1980,3,tmax
Niksek,1980-03-01,31.550000000000004,1980,3,tmax
Ohu,1980-03-01,31.930000000000003,1980,3,tmax
Utai,1980-03-01,31.910000000000004,1980,3,tmax
Wamangu,1980-03-01,32.49,1980,3,tmax
Wanang,1980-03-01,32.13,1980,3,tmax
Yapsiei,1980-03-01,32.17,1980,3,tmax
Elem,1980-04-01,31.720000000000002,1980,4,tmax
Morox,1980-04-01,30.730000000000004,1980,4,tmax
Niksek,1980-04-01,31.12,1980,4,tmax
Ohu,1980-04-01,31.320000000000004,1980,4,tmax
Utai,1980-04-01,31.28,1980,4,tmax
Wamangu,1980-04-01,30.220000000000002,1980,4,tmax
Wanang,1980-04-01,29.500000000000004,1980,4,tmax
Yapsiei,1980-04-01,30.300000000000004,1980,4,tmax
Elem,1980-05-01,30.42,1980,5,tmax
Morox,1980-05-01,30.930000000000003,1980,5,tmax
Niksek,1980-05-01,31.500000000000004,1980,5,tmax
Ohu,1980-05-01,31.28,1980,5,tmax
Utai,1980-05-01,29.950000000000003,1980,5,tmax
Wamangu,1980-05-01,29.900000000000002,1980,5,tmax
Wanang,1980-05-01,29.720000000000002,1980,5,tmax
Yapsiei,1980-05-01,30.250000000000004,1980,5,tmax
Elem,1980-06-01,29.92,1980,6,tmax
Morox,1980-06-01,29.380000000000003,1980,6,tmax
Niksek,1980-06-01,28.680000000000003,1980,6,tmax
Ohu,1980-06-01,28.860000000000003,1980,6,tmax
Utai,1980-06-01,29.410000000000004,1980,6,tmax
Wamangu,1980-06-01,29.880000000000003,1980,6,tmax
Wanang,1980-06-01,30.060000000000002,1980,6,tmax
Yapsiei,1980-06-01,29.94,1980,6,tmax
Elem,1980-07-01,29.450000000000003,1980,7,tmax
Morox,1980-07-01,29.210000000000004,1980,7,tmax
Niksek,1980-07-01,29.300000000000004,1980,7,tmax
Ohu,1980-07-01,30.110000000000003,1980,7,tmax
Utai,1980-07-01,30.130000000000003,1980,7,tmax
Wamangu,1980-07-01,28.910000000000004,1980,7,tmax
Wanang,1980-07-01,28.460000000000004,1980,7,tmax
Yapsiei,1980-07-01,28.610000000000003,1980,7,tmax
Elem,1980-08-01,28.820000000000004,1980,8,tmax
Morox,1980-08-01,29.450000000000003,1980,8,tmax
Niksek,1980-08-01,29.840000000000003,1980,8,tmax
Ohu,1980-08-01,29.630000000000003,1980,8,tmax
Utai,1980-08-01,30.900000000000002,1980,8,tmax
Wamangu,1980-08-01,30.6,1980,8,tmax
Wanang,1980-08-01,30.770000000000003,1980,8,tmax
Yapsiei,1980-08-01,31.580000000000002,1980,8,tmax
Elem,1980-09-01,32.050000000000004,1980,9,tmax
Morox,1980-09-01,30.980000000000004,1980,9,tmax
Niksek,1980-09-01,30.540000000000003,1980,9,tmax
Ohu,1980-09-01,30.960000000000004,1980,9,tmax
Utai,1980-09-01,31.130000000000003,1980,9,tmax
Wamangu,1980-09-01,31.250000000000004,1980,9,tmax
Wanang,1980-09-01,31.400000000000002,1980,9,tmax
Yapsiei,1980-09-01,31.180000000000003,1980,9,tmax
Elem,1980-10-01,30.110000000000003,1980,10,tmax
Morox,1980-10-01,29.650000000000002,1980,10,tmax
Niksek,1980-10-01,29.640000000000004,1980,10,tmax
Ohu,1980-10-01,29.930000000000003,1980,10,tmax
Utai,1980-10-01,29.78,1980,10,tmax
Wamangu,1980-10-01,29.060000000000002,1980,10,tmax
Wanang,1980-10-01,28.53,1980,10,tmax
Yapsiei,1980-10-01,28.950000000000003,1980,10,tmax
Elem,1980-11-01,29.390000000000004,1980,11,tmax
Morox,1980-11-01,29.830000000000002,1980,11,tmax
Niksek,1980-11-01,30.130000000000003,1980,11,tmax
Ohu,1980-11-01,29.730000000000004,1980,11,tmax
Utai,1980-11-01,30.700000000000003,1980,11,tmax
Wamangu,1980-11-01,29.76,1980,11,tmax
Wanang,1980-11-01,30.12,1980,11,tmax
Yapsiei,1980-11-01,30.240000000000002,1980,11,tmax
Elem,1980-12-01,30.19,1980,12,tmax
Morox,1980-12-01,28.87,1980,12,tmax
Niksek,1980-12-01,28.12,1980,12,tmax
Ohu,1980-12-01,28.610000000000003,1980,12,tmax
Utai,1980-12-01,28.900000000000002,1980,12,tmax
Wamangu,1980-12-01,30.130000000000003,1980,12,tmax
Wanang,1980-12-01,30.550000000000004,1980,12,tmax
Yapsiei,1980-12-01,30.62,1980,12,tmax
Elem,1981-01-01,30.890000000000004,1981,1,tmax
Morox,1981-01-01,30.380000000000003,1981,1,tmax
Niksek,1981-01-01,30.51,1981,1,tmax
Ohu,1981-01-01,30.51,1981,1,tmax
Utai,1981-01-01,30.790000000000003,1981,1,tmax
Wamangu,1981-01-01,30.680000000000003,1981,1,tmax
Wanang,1981-01-01,30.300000000000004,1981,1,tmax
Yapsiei,1981-01-01,31.1,1981,1,tmax
Elem,1981-02-01,31.380000000000003,1981,2,tmax
Morox,1981-02-01,31.12,1981,2,tmax
Niksek,1981-02-01,31.520000000000003,1981,2,tmax
Ohu,1981-02-01,30.87,1981,2,tmax
Utai,1981-02-01,31.700000000000003,1981,2,tmax
Wamangu,1981-02-01,31.28,1981,2,tmax
Wanang,1981-02-01,31.490000000000002,1981,2,tmax
Yapsiei,1981-02-01,31.750000000000004,1981,2,tmax
Elem,1981-03-01,32.480000000000004,1981,3,tmax
Morox,1981-03-01,32.28,1981,3,tmax
Niksek,1981-03-01,32.040000000000006,1981,3,tmax
Ohu,1981-03-01,32.43,1981,3,tmax
Utai,1981-03-01,32.39,1981,3,tmax
Wamangu,1981-03-01,32.480000000000004,1981,3,tmax
Wanang,1981-03-01,32.230000000000004,1981,3,tmax
Yapsiei,1981-03-01,32.160000000000004,1981,3,tmax
Elem,1981-04-01,31.480000000000004,1981,4,tmax
Morox,1981-04-01,30.62,1981,4,tmax
Niksek,1981-04-01,31.12,1981,4,tmax
Ohu,1981-04-01,30.970000000000002,1981,4,tmax
Utai,1981-04-01,31.03,1981,4,tmax
Wamangu,1981-04-01,30.51,1981,4,tmax
Wanang,1981-04-01,29.800000000000004,1981,4,tmax
Yapsiei,1981-04-01,30.810000000000002,1981,4,tmax
Elem,1981-05-01,31.000000000000004,1981,5,tmax
Morox,1981-05-01,31.12,1981,5,tmax
Niksek,1981-05-01,31.740000000000002,1981,5,tmax
Ohu,1981-05-01,31.130000000000003,1981,5,tmax
Utai,1981-05-01,29.85,1981,5,tmax
Wamangu,1981-05-01,29.790000000000003,1981,5,tmax
Wanang,1981-05-01,29.62,1981,5,tmax
Yapsiei,1981-05-01,29.76,1981,5,tmax
Elem,1981-06-01,29.630000000000003,1981,6,tmax
Morox,1981-06-01,29.580000000000002,1981,6,tmax
Niksek,1981-06-01,28.970000000000002,1981,6,tmax
Ohu,1981-06-01,29.26,1981,6,tmax
Utai,1981-06-01,30.000000000000004,1981,6,tmax
Wamangu,1981-06-01,29.800000000000004,1981,6,tmax
Wanang,1981-06-01,30.180000000000003,1981,6,tmax
Yapsiei,1981-06-01,29.94,1981,6,tmax
Elem,1981-07-01,29.310000000000002,1981,7,tmax
Morox,1981-07-01,28.980000000000004,1981,7,tmax
Niksek,1981-07-01,29.37,1981,7,tmax
Ohu,1981-07-01,29.640000000000004,1981,7,tmax
Utai,1981-07-01,29.78,1981,7,tmax
Wamangu,1981-07-01,29.26,1981,7,tmax
Wanang,1981-07-01,28.960000000000004,1981,7,tmax
Yapsiei,1981-07-01,29.080000000000002,1981,7,tmax
Elem,1981-08-01,29.35,1981,8,tmax
Morox,1981-08-01,29.520000000000003,1981,8,tmax
Niksek,1981-08-01,29.92,1981,8,tmax
Ohu,1981-08-01,29.53,1981,8,tmax
Utai,1981-08-01,30.890000000000004,1981,8,tmax
Wamangu,1981-08-01,30.400000000000002,1981,8,tmax
Wanang,1981-08-01,30.770000000000003,1981,8,tmax
Yapsiei,1981-08-01,31.080000000000002,1981,8,tmax
Elem,1981-09-01,31.750000000000004,1981,9,tmax
Morox,1981-09-01,31.380000000000003,1981,9,tmax
Niksek,1981-09-01,31.040000000000003,1981,9,tmax
Ohu,1981-09-01,31.460000000000004,1981,9,tmax
Utai,1981-09-01,31.62,1981,9,tmax
Wamangu,1981-09-01,31.35,1981,9,tmax
Wanang,1981-09-01,31.410000000000004,1981,9,tmax
Yapsiei,1981-09-01,31.270000000000003,1981,9,tmax
Elem,1981-10-01,29.910000000000004,1981,10,tmax
Morox,1981-10-01,29.570000000000004,1981,10,tmax
Niksek,1981-10-01,29.540000000000003,1981,10,tmax
Ohu,1981-10-01,29.53,1981,10,tmax
Utai,1981-10-01,29.580000000000002,1981,10,tmax
Wamangu,1981-10-01,29.26,1981,10,tmax
Wanang,1981-10-01,28.750000000000004,1981,10,tmax
Yapsiei,1981-10-01,29.360000000000003,1981,10,tmax
Elem,1981-11-01,29.980000000000004,1981,11,tmax
Morox,1981-11-01,29.830000000000002,1981,11,tmax
Niksek,1981-11-01,30.340000000000003,1981,11,tmax
Ohu,1981-11-01,29.640000000000004,1981,11,tmax
Utai,1981-11-01,30.37,1981,11,tmax
Wamangu,1981-11-01,29.790000000000003,1981,11,tmax
Wanang,1981-11-01,29.990000000000002,1981,11,tmax
Yapsiei,1981-11-01,30.040000000000003,1981,11,tmax
Elem,1981-12-01,30.03,1981,12,tmax
Morox,1981-12-01,29.03,1981,12,tmax
Niksek,1981-12-01,28.360000000000003,1981,12,tmax
Ohu,1981-12-01,29.140000000000004,1981,12,tmax
Utai,1981-12-01,29.590000000000003,1981,12,tmax
Wamangu,1981-12-01,30.210000000000004,1981,12,tmax
Wanang,1981-12-01,30.860000000000003,1981,12,tmax
Yapsiei,1981-12-01,30.300000000000004,1981,12,tmax
Elem,1982-01-01,31.040000000000003,1982,1,tmax
Morox,1982-01-01,30.740000000000002,1982,1,tmax
Niksek,1982-01-01,30.610000000000003,1982,1,tmax
Ohu,1982-01-01,30.410000000000004,1982,1,tmax
Utai,1982-01-01,30.680000000000003,1982,1,tmax
Wamangu,1982-01-01,30.070000000000004,1982,1,tmax
Wanang,1982-01-01,29.87,1982,1,tmax
Yapsiei,1982-01-01,30.290000000000003,1982,1,tmax
Elem,1982-02-01,30.830000000000002,1982,2,tmax
Morox,1982-02-01,30.880000000000003,1982,2,tmax
Niksek,1982-02-01,30.950000000000003,1982,2,tmax
Ohu,1982-02-01,31.340000000000003,1982,2,tmax
Utai,1982-02-01,31.860000000000003,1982,2,tmax
Wamangu,1982-02-01,31.6,1982,2,tmax
Wanang,1982-02-01,31.570000000000004,1982,2,tmax
Yapsiei,1982-02-01,31.720000000000002,1982,2,tmax
Elem,1982-03-01,32.38,1982,3,tmax
Morox,1982-03-01,31.69,1982,3,tmax
Niksek,1982-03-01,31.580000000000002,1982,3,tmax
Ohu,1982-03-01,31.770000000000003,1982,3,tmax
Utai,1982-03-01,31.94,1982,3,tmax
Wamangu,1982-03-01,32.25,1982,3,tmax
Wanang,1982-03-01,31.880000000000003,1982,3,tmax
Yapsiei,1982-03-01,32.38,1982,3,tmax
Elem,1982-04-01,31.630000000000003,1982,4,tmax
Morox,1982-04-01,30.92,1982,4,tmax
Niksek,1982-04-01,31.17,1982,4,tmax
Ohu,1982-04-01,30.87,1982,4,tmax
Utai,1982-04-01,30.840000000000003,1982,4,tmax
Wamangu,1982-04-01,29.820000000000004,1982,4,tmax
Wanang,1982-04-01,29.430000000000003,1982,4,tmax
Yapsiei,1982-04-01,29.92,1982,4,tmax
Elem,1982-05-01,30.37,1982,5,tmax
Morox,1982-05-01,30.740000000000002,1982,5,tmax
Niksek,1982-05-01,31.160000000000004,1982,5,tmax
Ohu,1982-05-01,31.680000000000003,1982,5,tmax
Utai,1982-05-01,30.050000000000004,1982,5,tmax
Wamangu,1982-05-01,30.01,1982,5,tmax
Wanang,1982-05-01,29.720000000000002,1982,5,tmax
Yapsiei,1982-05-01,29.76,1982,5,tmax
Elem,1982-06-01,29.62,1982,6,tmax
Morox,1982-06-01,29.17,1982,6,tmax
Niksek,1982-06-01,28.660000000000004,1982,6,tmax
Ohu,1982-06-01,28.470000000000002,1982,6,tmax
Utai,1982-06-01,29.390000000000004,1982,6,tmax
Wamangu,1982-06-01,29.680000000000003,1982,6,tmax
Wanang,1982-06-01,29.950000000000003,1982,6,tmax
Yapsiei,1982-06-01,30.160000000000004,1982,6,tmax
Elem,1982-07-01,29.51,1982,7,tmax
Morox,1982-07-01,29.42,1982,7,tmax
Niksek,1982-07-01,29.400000000000002,1982,7,tmax
Ohu,1982-07-01,29.540000000000003,1982,7,tmax
Utai,1982-07-01,29.720000000000002,1982,7,tmax
Wamangu,1982-07-01,28.51,1982,7,tmax
Wanang,1982-07-01,28.19,1982,7,tmax
Yapsiei,1982-07-01,28.460000000000004,1982,7,tmax
Elem,1982-08-01,28.85,1982,8,tmax
Morox,1982-08-01,29.310000000000002,1982,8,tmax
Niksek,1982-08-01,29.490000000000002,1982,8,tmax
Ohu,1982-08-01,29.930000000000003,1982,8,tmax
Utai,1982-08-01,31.090000000000003,1982,8,tmax
Wamangu,1982-08-01,30.800000000000004,1982,8,tmax
Wanang,1982-08-01,30.770000000000003,1982,8,tmax
Yapsiei,1982-08-01,30.980000000000004,1982,8,tmax
Elem,1982-09-01,31.67,1982,9,tmax
Morox,1982-09-01,30.78,1982,9,tmax
Niksek,1982-09-01,30.470000000000002,1982,9,tmax
Ohu,1982-09-01,30.85,1982,9,tmax
Utai,1982-09-01,31.200000000000003,1982,9,tmax
Wamangu,1982-09-01,30.94,1982,9,tmax
Wanang,1982-09-01,31.1,1982,9,tmax
Yapsiei,1982-09-01,31.470000000000002,1982,9,tmax
Elem,1982-10-01,30.1,1982,10,tmax
Morox,1982-10-01,29.87,1982,10,tmax
Niksek,1982-10-01,29.640000000000004,1982,10,tmax
Ohu,1982-10-01,29.53,1982,10,tmax
Utai,1982-10-01,29.480000000000004,1982,10,tmax
Wamangu,1982-10-01,28.76,1982,10,tmax
Wanang,1982-10-01,28.450000000000003,1982,10,tmax
Yapsiei,1982-10-01,28.560000000000002,1982,10,tmax
Elem,1982-11-01,29.300000000000004,1982,11,tmax
Morox,1982-11-01,29.630000000000003,1982,11,tmax
Niksek,1982-11-01,29.92,1982,11,tmax
Ohu,1982-11-01,30.03,1982,11,tmax
Utai,1982-11-01,30.44,1982,11,tmax
Wamangu,1982-11-01,30.020000000000003,1982,11,tmax
Wanang,1982-11-01,30.130000000000003,1982,11,tmax
Yapsiei,1982-11-01,29.910000000000004,1982,11,tmax
Elem,1982-12-01,29.790000000000003,1982,12,tmax
Morox,1982-12-01,28.360000000000003,1982,12,tmax
Niksek,1982-12-01,28.050000000000004,1982,12,tmax
Ohu,1982-12-01,28.130000000000003,1982,12,tmax
Utai,1982-12-01,28.990000000000002,1982,12,tmax
Wamangu,1982-12-01,29.930000000000003,1982,12,tmax
Wanang,1982-12-01,30.060000000000002,1982,12,tmax
Yapsiei,1982-12-01,31.1,1982,12,tmax
Elem,1983-01-01,31.35,1983,1,tmax
Morox,1983-01-01,31.130000000000003,1983,1,tmax
Niksek,1983-01-01,30.090000000000003,1983,1,tmax
Ohu,1983-01-01,30.820000000000004,1983,1,tmax
Utai,1983-01-01,30.640000000000004,1983,1,tmax
Wamangu,1983-01-01,30.69,1983,1,tmax
Wanang,1983-01-01,29.890000000000004,1983,1,tmax
Yapsiei,1983-01-01,31.070000000000004,1983,1,tmax
Elem,1983-02-01,31.380000000000003,1983,2,tmax
Morox,1983-02-01,31.210000000000004,1983,2,tmax
Niksek,1983-02-01,31.590000000000003,1983,2,tmax
Ohu,1983-02-01,30.78,1983,2,tmax
Utai,1983-02-01,32.02,1983,2,tmax
Wamangu,1983-02-01,32.080000000000005,1983,2,tmax
Wanang,1983-02-01,30.810000000000002,1983,2,tmax
Yapsiei,1983-02-01,31.980000000000004,1983,2,tmax
Elem,1983-03-01,32.300000000000004,1983,3,tmax
Morox,1983-03-01,32.38,1983,3,tmax
Niksek,1983-03-01,31.51,1983,3,tmax
Ohu,1983-03-01,32.410000000000004,1983,3,tmax
Utai,1983-03-01,32.49,1983,3,tmax
Wamangu,1983-03-01,32.580000000000005,1983,3,tmax
Wanang,1983-03-01,32.35,1983,3,tmax
Yapsiei,1983-03-01,32.040000000000006,1983,3,tmax
Elem,1983-04-01,32.2,1983,4,tmax
Morox,1983-04-01,31.51,1983,4,tmax
Niksek,1983-04-01,30.94,1983,4,tmax
Ohu,1983-04-01,31.360000000000003,1983,4,tmax
Utai,1983-04-01,30.980000000000004,1983,4,tmax
Wamangu,1983-04-01,30.430000000000003,1983,4,tmax
Wanang,1983-04-01,29.480000000000004,1983,4,tmax
Yapsiei,1983-04-01,30.67,1983,4,tmax
Elem,1983-05-01,30.970000000000002,1983,5,tmax
Morox,1983-05-01,31.220000000000002,1983,5,tmax
Niksek,1983-05-01,32.040000000000006,1983,5,tmax
Ohu,1983-05-01,31.130000000000003,1983,5,tmax
Utai,1983-05-01,30.080000000000002,1983,5,tmax
Wamangu,1983-05-01,30.230000000000004,1983,5,tmax
Wanang,1983-05-01,29.03,1983,5,tmax
Yapsiei,1983-05-01,29.970000000000002,1983,5,tmax
Elem,1983-06-01,29.51,1983,6,tmax
Morox,1983-06-01,29.680000000000003,1983,6,tmax
Niksek,1983-06-01,28.570000000000004,1983,6,tmax
Ohu,1983-06-01,29.35,1983,6,tmax
Utai,1983-06-01,30.1,1983,6,tmax
Wamangu,1983-06-01,29.900000000000002,1983,6,tmax
Wanang,1983-06-01,30.360000000000003,1983,6,tmax
Yapsiei,1983-06-01,29.85,1983,6,tmax
Elem,1983-07-01,29.820000000000004,1983,7,tmax
Morox,1983-07-01,29.930000000000003,1983,7,tmax
Niksek,1983-07-01,28.720000000000002,1983,7,tmax
Ohu,1983-07-01,29.910000000000004,1983,7,tmax
Utai,1983-07-01,29.67,1983,7,tmax
Wamangu,1983-07-01,29.310000000000002,1983,7,tmax
Wanang,1983-07-01,28.160000000000004,1983,7,tmax
Yapsiei,1983-07-01,29.080000000000002,1983,7,tmax
Elem,1983-08-01,29.520000000000003,1983,8,tmax
Morox,1983-08-01,29.680000000000003,1983,8,tmax
Niksek,1983-08-01,30.140000000000004,1983,8,tmax
Ohu,1983-08-01,29.53,1983,8,tmax
Utai,1983-08-01,31.200000000000003,1983,8,tmax
Wamangu,1983-08-01,31.200000000000003,1983,8,tmax
Wanang,1983-08-01,29.980000000000004,1983,8,tmax
Yapsiei,1983-08-01,31.380000000000003,1983,8,tmax
Elem,1983-09-01,31.570000000000004,1983,9,tmax
Morox,1983-09-01,31.480000000000004,1983,9,tmax
Niksek,1983-09-01,30.44,1983,9,tmax
Ohu,1983-09-01,31.460000000000004,1983,9,tmax
Utai,1983-09-01,31.720000000000002,1983,9,tmax
Wamangu,1983-09-01,31.450000000000003,1983,9,tmax
Wanang,1983-09-01,31.6,1983,9,tmax
Yapsiei,1983-09-01,31.070000000000004,1983,9,tmax
Elem,1983-10-01,30.390000000000004,1983,10,tmax
Morox,1983-10-01,30.17,1983,10,tmax
Niksek,1983-10-01,29.03,1983,10,tmax
Ohu,1983-10-01,29.820000000000004,1983,10,tmax
Utai,1983-10-01,29.390000000000004,1983,10,tmax
Wamangu,1983-10-01,29.360000000000003,1983,10,tmax
Wanang,1983-10-01,28.35,1983,10,tmax
Yapsiei,1983-10-01,29.35,1983,10,tmax
Elem,1983-11-01,30.080000000000002,1983,11,tmax
Morox,1983-11-01,29.94,1983,11,tmax
Niksek,1983-11-01,30.44,1983,11,tmax
Ohu,1983-11-01,29.630000000000003,1983,11,tmax
Utai,1983-11-01,31.26,1983,11,tmax
Wamangu,1983-11-01,30.87,1983,11,tmax
Wanang,1983-11-01,30.19,1983,11,tmax
Yapsiei,1983-11-01,30.490000000000002,1983,11,tmax
Elem,1983-12-01,30.020000000000003,1983,12,tmax
Morox,1983-12-01,28.970000000000002,1983,12,tmax
Niksek,1983-12-01,28.050000000000004,1983,12,tmax
Ohu,1983-12-01,28.930000000000003,1983,12,tmax
Utai,1983-12-01,29.540000000000003,1983,12,tmax
Wamangu,1983-12-01,30.42,1983,12,tmax
Wanang,1983-12-01,31.19,1983,12,tmax
Yapsiei,1983-12-01,30.230000000000004,1983,12,tmax
Elem,1984-01-01,31.840000000000003,1984,1,tmax
Morox,1984-01-01,31.060000000000002,1984,1,tmax
Niksek,1984-01-01,30.520000000000003,1984,1,tmax
Ohu,1984-01-01,30.320000000000004,1984,1,tmax
Utai,1984-01-01,29.790000000000003,1984,1,tmax
Wamangu,1984-01-01,30.110000000000003,1984,1,tmax
Wanang,1984-01-01,29.820000000000004,1984,1,tmax
Yapsiei,1984-01-01,30.970000000000002,1984,1,tmax
Elem,1984-02-01,31.28,1984,2,tmax
Morox,1984-02-01,31.03,1984,2,tmax
Niksek,1984-02-01,31.320000000000004,1984,2,tmax
Ohu,1984-02-01,30.640000000000004,1984,2,tmax
Utai,1984-02-01,32.7,1984,2,tmax
Wamangu,1984-02-01,32.03,1984,2,tmax
Wanang,1984-02-01,31.470000000000002,1984,2,tmax
Yapsiei,1984-02-01,31.650000000000002,1984,2,tmax
Elem,1984-03-01,31.430000000000003,1984,3,tmax
Morox,1984-03-01,31.840000000000003,1984,3,tmax
Niksek,1984-03-01,31.590000000000003,1984,3,tmax
Ohu,1984-03-01,32.34,1984,3,tmax
Utai,1984-03-01,32.31,1984,3,tmax
Wamangu,1984-03-01,32.49,1984,3,tmax
Wanang,1984-03-01,32.13,1984,3,tmax
Yapsiei,1984-03-01,31.900000000000002,1984,3,tmax
Elem,1984-04-01,32.470000000000006,1984,4,tmax
Morox,1984-04-01,31.230000000000004,1984,4,tmax
Niksek,1984-04-01,31.220000000000002,1984,4,tmax
Ohu,1984-04-01,30.860000000000003,1984,4,tmax
Utai,1984-04-01,30.12,1984,4,tmax
Wamangu,1984-04-01,29.730000000000004,1984,4,tmax
Wanang,1984-04-01,29.160000000000004,1984,4,tmax
Yapsiei,1984-04-01,30.480000000000004,1984,4,tmax
Elem,1984-05-01,30.87,1984,5,tmax
Morox,1984-05-01,31.020000000000003,1984,5,tmax
Niksek,1984-05-01,31.6,1984,5,tmax
Ohu,1984-05-01,30.980000000000004,1984,5,tmax
Utai,1984-05-01,30.76,1984,5,tmax
Wamangu,1984-05-01,30.500000000000004,1984,5,tmax
Wanang,1984-05-01,29.710000000000004,1984,5,tmax
Yapsiei,1984-05-01,29.650000000000002,1984,5,tmax
Elem,1984-06-01,28.62,1984,6,tmax
Morox,1984-06-01,29.180000000000003,1984,6,tmax
Niksek,1984-06-01,28.570000000000004,1984,6,tmax
Ohu,1984-06-01,29.070000000000004,1984,6,tmax
Utai,1984-06-01,29.820000000000004,1984,6,tmax
Wamangu,1984-06-01,29.800000000000004,1984,6,tmax
Wanang,1984-06-01,30.060000000000002,1984,6,tmax
Yapsiei,1984-06-01,29.650000000000002,1984,6,tmax
Elem,1984-07-01,30.450000000000003,1984,7,tmax
Morox,1984-07-01,29.710000000000004,1984,7,tmax
Niksek,1984-07-01,29.300000000000004,1984,7,tmax
Ohu,1984-07-01,29.410000000000004,1984,7,tmax
Utai,1984-07-01,28.800000000000004,1984,7,tmax
Wamangu,1984-07-01,28.710000000000004,1984,7,tmax
Wanang,1984-07-01,28.28,1984,7,tmax
Yapsiei,1984-07-01,29.110000000000003,1984,7,tmax
Elem,1984-08-01,29.42,1984,8,tmax
Morox,1984-08-01,29.550000000000004,1984,8,tmax
Niksek,1984-08-01,29.830000000000002,1984,8,tmax
Ohu,1984-08-01,29.330000000000002,1984,8,tmax
Utai,1984-08-01,31.890000000000004,1984,8,tmax
Wamangu,1984-08-01,31.200000000000003,1984,8,tmax
Wanang,1984-08-01,30.67,1984,8,tmax
Yapsiei,1984-08-01,30.980000000000004,1984,8,tmax
Elem,1984-09-01,30.650000000000002,1984,9,tmax
Morox,1984-09-01,30.980000000000004,1984,9,tmax
Niksek,1984-09-01,30.560000000000002,1984,9,tmax
Ohu,1984-09-01,31.450000000000003,1984,9,tmax
Utai,1984-09-01,31.550000000000004,1984,9,tmax
Wamangu,1984-09-01,31.26,1984,9,tmax
Wanang,1984-09-01,31.310000000000002,1984,9,tmax
Yapsiei,1984-09-01,30.880000000000003,1984,9,tmax
Elem,1984-10-01,30.900000000000002,1984,10,tmax
Morox,1984-10-01,30.26,1984,10,tmax
Niksek,1984-10-01,29.540000000000003,1984,10,tmax
Ohu,1984-10-01,29.330000000000002,1984,10,tmax
Utai,1984-10-01,28.490000000000002,1984,10,tmax
Wamangu,1984-10-01,28.830000000000002,1984,10,tmax
Wanang,1984-10-01,28.340000000000003,1984,10,tmax
Yapsiei,1984-10-01,29.150000000000002,1984,10,tmax
Elem,1984-11-01,29.880000000000003,1984,11,tmax
Morox,1984-11-01,29.810000000000002,1984,11,tmax
Niksek,1984-11-01,30.140000000000004,1984,11,tmax
Ohu,1984-11-01,29.44,1984,11,tmax
Utai,1984-11-01,31.250000000000004,1984,11,tmax
Wamangu,1984-11-01,30.240000000000002,1984,11,tmax
Wanang,1984-11-01,30.150000000000002,1984,11,tmax
Yapsiei,1984-11-01,29.910000000000004,1984,11,tmax
Elem,1984-12-01,29.090000000000003,1984,12,tmax
Morox,1984-12-01,28.180000000000003,1984,12,tmax
Niksek,1984-12-01,27.560000000000002,1984,12,tmax
Ohu,1984-12-01,28.67,1984,12,tmax
Utai,1984-12-01,29.44,1984,12,tmax
Wamangu,1984-12-01,30.140000000000004,1984,12,tmax
Wanang,1984-12-01,30.830000000000002,1984,12,tmax
Yapsiei,1984-12-01,30.130000000000003,1984,12,tmax
Elem,1985-01-01,30.540000000000003,1985,1,tmax
Morox,1985-01-01,30.770000000000003,1985,1,tmax
Niksek,1985-01-01,30.520000000000003,1985,1,tmax
Ohu,1985-01-01,30.400000000000002,1985,1,tmax
Utai,1985-01-01,30.390000000000004,1985,1,tmax
Wamangu,1985-01-01,30.410000000000004,1985,1,tmax
Wanang,1985-01-01,29.900000000000002,1985,1,tmax
Yapsiei,1985-01-01,30.990000000000002,1985,1,tmax
Elem,1985-02-01,31.470000000000002,1985,2,tmax
Morox,1985-02-01,31.290000000000003,1985,2,tmax
Niksek,1985-02-01,31.12,1985,2,tmax
Ohu,1985-02-01,30.880000000000003,1985,2,tmax
Utai,1985-02-01,31.320000000000004,1985,2,tmax
Wamangu,1985-02-01,31.610000000000003,1985,2,tmax
Wanang,1985-02-01,31.490000000000002,1985,2,tmax
Yapsiei,1985-02-01,31.680000000000003,1985,2,tmax
Elem,1985-03-01,32.260000000000005,1985,3,tmax
Morox,1985-03-01,32.09,1985,3,tmax
Niksek,1985-03-01,31.76,1985,3,tmax
Ohu,1985-03-01,32.410000000000004,1985,3,tmax
Utai,1985-03-01,32.550000000000004,1985,3,tmax
Wamangu,1985-03-01,32.64,1985,3,tmax
Wanang,1985-03-01,31.950000000000003,1985,3,tmax
Yapsiei,1985-03-01,31.930000000000003,1985,3,tmax
Elem,1985-04-01,31.220000000000002,1985,4,tmax
Morox,1985-04-01,31.070000000000004,1985,4,tmax
Niksek,1985-04-01,31.160000000000004,1985,4,tmax
Ohu,1985-04-01,30.92,1985,4,tmax
Utai,1985-04-01,30.590000000000003,1985,4,tmax
Wamangu,1985-04-01,30.130000000000003,1985,4,tmax
Wanang,1985-04-01,29.300000000000004,1985,4,tmax
Yapsiei,1985-04-01,30.540000000000003,1985,4,tmax
Elem,1985-05-01,31.020000000000003,1985,5,tmax
Morox,1985-05-01,31.230000000000004,1985,5,tmax
Niksek,1985-05-01,31.450000000000003,1985,5,tmax
Ohu,1985-05-01,31.230000000000004,1985,5,tmax
Utai,1985-05-01,29.460000000000004,1985,5,tmax
Wamangu,1985-05-01,30.03,1985,5,tmax
Wanang,1985-05-01,29.710000000000004,1985,5,tmax
Yapsiei,1985-05-01,29.580000000000002,1985,5,tmax
Elem,1985-06-01,29.240000000000002,1985,6,tmax
Morox,1985-06-01,29.470000000000002,1985,6,tmax
Niksek,1985-06-01,28.770000000000003,1985,6,tmax
Ohu,1985-06-01,29.250000000000004,1985,6,tmax
Utai,1985-06-01,30.200000000000003,1985,6,tmax
Wamangu,1985-06-01,30.000000000000004,1985,6,tmax
Wanang,1985-06-01,29.950000000000003,1985,6,tmax
Yapsiei,1985-06-01,29.840000000000003,1985,6,tmax
Elem,1985-07-01,29.050000000000004,1985,7,tmax
Morox,1985-07-01,29.520000000000003,1985,7,tmax
Niksek,1985-07-01,29.37,1985,7,tmax
Ohu,1985-07-01,29.640000000000004,1985,7,tmax
Utai,1985-07-01,29.450000000000003,1985,7,tmax
Wamangu,1985-07-01,28.980000000000004,1985,7,tmax
Wanang,1985-07-01,28.460000000000004,1985,7,tmax
Yapsiei,1985-07-01,29.080000000000002,1985,7,tmax
Elem,1985-08-01,29.650000000000002,1985,8,tmax
Morox,1985-08-01,29.750000000000004,1985,8,tmax
Niksek,1985-08-01,29.740000000000002,1985,8,tmax
Ohu,1985-08-01,29.230000000000004,1985,8,tmax
Utai,1985-08-01,30.500000000000004,1985,8,tmax
Wamangu,1985-08-01,30.820000000000004,1985,8,tmax
Wanang,1985-08-01,30.770000000000003,1985,8,tmax
Yapsiei,1985-08-01,31.080000000000002,1985,8,tmax
Elem,1985-09-01,31.730000000000004,1985,9,tmax
Morox,1985-09-01,31.250000000000004,1985,9,tmax
Niksek,1985-09-01,30.660000000000004,1985,9,tmax
Ohu,1985-09-01,31.450000000000003,1985,9,tmax
Utai,1985-09-01,31.820000000000004,1985,9,tmax
Wamangu,1985-09-01,31.380000000000003,1985,9,tmax
Wanang,1985-09-01,31.200000000000003,1985,9,tmax
Yapsiei,1985-09-01,30.980000000000004,1985,9,tmax
Elem,1985-10-01,29.6,1985,10,tmax
Morox,1985-10-01,29.950000000000003,1985,10,tmax
Niksek,1985-10-01,29.540000000000003,1985,10,tmax
Ohu,1985-10-01,29.430000000000003,1985,10,tmax
Utai,1985-10-01,29.180000000000003,1985,10,tmax
Wamangu,1985-10-01,29.050000000000004,1985,10,tmax
Wanang,1985-10-01,28.540000000000003,1985,10,tmax
Yapsiei,1985-10-01,29.250000000000004,1985,10,tmax
Elem,1985-11-01,30.180000000000003,1985,11,tmax
Morox,1985-11-01,30.03,1985,11,tmax
Niksek,1985-11-01,29.950000000000003,1985,11,tmax
Ohu,1985-11-01,29.630000000000003,1985,11,tmax
Utai,1985-11-01,30.150000000000002,1985,11,tmax
Wamangu,1985-11-01,30.160000000000004,1985,11,tmax
Wanang,1985-11-01,30.130000000000003,1985,11,tmax
Yapsiei,1985-11-01,29.87,1985,11,tmax
Elem,1985-12-01,29.62,1985,12,tmax
Morox,1985-12-01,28.520000000000003,1985,12,tmax
Niksek,1985-12-01,27.67,1985,12,tmax
Ohu,1985-12-01,28.700000000000003,1985,12,tmax
Utai,1985-12-01,29.42,1985,12,tmax
Wamangu,1985-12-01,30.450000000000003,1985,12,tmax
Wanang,1985-12-01,30.630000000000003,1985,12,tmax
Yapsiei,1985-12-01,30.62,1985,12,tmax
Elem,1986-01-01,31.040000000000003,1986,1,tmax
Morox,1986-01-01,31.070000000000004,1986,1,tmax
Niksek,1986-01-01,30.810000000000002,1986,1,tmax
Ohu,1986-01-01,30.320000000000004,1986,1,tmax
Utai,1986-01-01,30.950000000000003,1986,1,tmax
Wamangu,1986-01-01,30.490000000000002,1986,1,tmax
Wanang,1986-01-01,30.270000000000003,1986,1,tmax
Yapsiei,1986-01-01,31.19,1986,1,tmax
Elem,1986-02-01,30.700000000000003,1986,2,tmax
Morox,1986-02-01,31.26,1986,2,tmax
Niksek,1986-02-01,31.12,1986,2,tmax
Ohu,1986-02-01,31.040000000000003,1986,2,tmax
Utai,1986-02-01,31.860000000000003,1986,2,tmax
Wamangu,1986-02-01,32,1986,2,tmax
Wanang,1986-02-01,31.830000000000002,1986,2,tmax
Yapsiei,1986-02-01,31.35,1986,2,tmax
Elem,1986-03-01,32.720000000000006,1986,3,tmax
Morox,1986-03-01,32.06,1986,3,tmax
Niksek,1986-03-01,32.02,1986,3,tmax
Ohu,1986-03-01,32.63,1986,3,tmax
Utai,1986-03-01,31.630000000000003,1986,3,tmax
Wamangu,1986-03-01,32.6,1986,3,tmax
Wanang,1986-03-01,31.910000000000004,1986,3,tmax
Yapsiei,1986-03-01,32.28,1986,3,tmax
Elem,1986-04-01,31.580000000000002,1986,4,tmax
Morox,1986-04-01,31.28,1986,4,tmax
Niksek,1986-04-01,31.330000000000002,1986,4,tmax
Ohu,1986-04-01,30.85,1986,4,tmax
Utai,1986-04-01,31.28,1986,4,tmax
Wamangu,1986-04-01,30.330000000000002,1986,4,tmax
Wanang,1986-04-01,29.790000000000003,1986,4,tmax
Yapsiei,1986-04-01,30.910000000000004,1986,4,tmax
Elem,1986-05-01,30.360000000000003,1986,5,tmax
Morox,1986-05-01,31.230000000000004,1986,5,tmax
Niksek,1986-05-01,31.44,1986,5,tmax
Ohu,1986-05-01,31.480000000000004,1986,5,tmax
Utai,1986-05-01,29.960000000000004,1986,5,tmax
Wamangu,1986-05-01,30.410000000000004,1986,5,tmax
Wanang,1986-05-01,30.01,1986,5,tmax
Yapsiei,1986-05-01,29.470000000000002,1986,5,tmax
Elem,1986-06-01,29.930000000000003,1986,6,tmax
Morox,1986-06-01,29.480000000000004,1986,6,tmax
Niksek,1986-06-01,28.980000000000004,1986,6,tmax
Ohu,1986-06-01,29.360000000000003,1986,6,tmax
Utai,1986-06-01,29.300000000000004,1986,6,tmax
Wamangu,1986-06-01,29.900000000000002,1986,6,tmax
Wanang,1986-06-01,29.860000000000003,1986,6,tmax
Yapsiei,1986-06-01,29.960000000000004,1986,6,tmax
Elem,1986-07-01,29.51,1986,7,tmax
Morox,1986-07-01,29.92,1986,7,tmax
Niksek,1986-07-01,29.770000000000003,1986,7,tmax
Ohu,1986-07-01,29.240000000000002,1986,7,tmax
Utai,1986-07-01,30.140000000000004,1986,7,tmax
Wamangu,1986-07-01,28.990000000000002,1986,7,tmax
Wanang,1986-07-01,28.820000000000004,1986,7,tmax
Yapsiei,1986-07-01,29.230000000000004,1986,7,tmax
Elem,1986-08-01,28.62,1986,8,tmax
Morox,1986-08-01,29.720000000000002,1986,8,tmax
Niksek,1986-08-01,29.640000000000004,1986,8,tmax
Ohu,1986-08-01,29.830000000000002,1986,8,tmax
Utai,1986-08-01,31.090000000000003,1986,8,tmax
Wamangu,1986-08-01,31.200000000000003,1986,8,tmax
Wanang,1986-08-01,31.160000000000004,1986,8,tmax
Yapsiei,1986-08-01,30.69,1986,8,tmax
Elem,1986-09-01,32.040000000000006,1986,9,tmax
Morox,1986-09-01,31.160000000000004,1986,9,tmax
Niksek,1986-09-01,30.960000000000004,1986,9,tmax
Ohu,1986-09-01,31.660000000000004,1986,9,tmax
Utai,1986-09-01,30.830000000000002,1986,9,tmax
Wamangu,1986-09-01,31.450000000000003,1986,9,tmax
Wanang,1986-09-01,31.200000000000003,1986,9,tmax
Yapsiei,1986-09-01,31.37,1986,9,tmax
Elem,1986-10-01,30.1,1986,10,tmax
Morox,1986-10-01,30.250000000000004,1986,10,tmax
Niksek,1986-10-01,29.840000000000003,1986,10,tmax
Ohu,1986-10-01,29.320000000000004,1986,10,tmax
Utai,1986-10-01,29.87,1986,10,tmax
Wamangu,1986-10-01,29.150000000000002,1986,10,tmax
Wanang,1986-10-01,28.840000000000003,1986,10,tmax
Yapsiei,1986-10-01,29.450000000000003,1986,10,tmax
Elem,1986-11-01,29.300000000000004,1986,11,tmax
Morox,1986-11-01,29.94,1986,11,tmax
Niksek,1986-11-01,29.94,1986,11,tmax
Ohu,1986-11-01,29.830000000000002,1986,11,tmax
Utai,1986-11-01,30.470000000000002,1986,11,tmax
Wamangu,1986-11-01,30.390000000000004,1986,11,tmax
Wanang,1986-11-01,30.17,1986,11,tmax
Yapsiei,1986-11-01,30.000000000000004,1986,11,tmax
Elem,1986-12-01,30.200000000000003,1986,12,tmax
Morox,1986-12-01,28.990000000000002,1986,12,tmax
Niksek,1986-12-01,28.390000000000004,1986,12,tmax
Ohu,1986-12-01,29.240000000000002,1986,12,tmax
Utai,1986-12-01,29.19,1986,12,tmax
Wamangu,1986-12-01,30.42,1986,12,tmax
Wanang,1986-12-01,30.62,1986,12,tmax
Yapsiei,1986-12-01,30.830000000000002,1986,12,tmax
Elem,1987-01-01,30.94,1987,1,tmax
Morox,1987-01-01,30.270000000000003,1987,1,tmax
Niksek,1987-01-01,30.710000000000004,1987,1,tmax
Ohu,1987-01-01,30.300000000000004,1987,1,tmax
Utai,1987-01-01,30.490000000000002,1987,1,tmax
Wamangu,1987-01-01,30.390000000000004,1987,1,tmax
Wanang,1987-01-01,30.03,1987,1,tmax
Yapsiei,1987-01-01,31.03,1987,1,tmax
Elem,1987-02-01,31.67,1987,2,tmax
Morox,1987-02-01,31.490000000000002,1987,2,tmax
Niksek,1987-02-01,31.390000000000004,1987,2,tmax
Ohu,1987-02-01,31.380000000000003,1987,2,tmax
Utai,1987-02-01,31.800000000000004,1987,2,tmax
Wamangu,1987-02-01,31.1,1987,2,tmax
Wanang,1987-02-01,31.770000000000003,1987,2,tmax
Yapsiei,1987-02-01,31.6,1987,2,tmax
Elem,1987-03-01,32.080000000000005,1987,3,tmax
Morox,1987-03-01,31.94,1987,3,tmax
Niksek,1987-03-01,31.650000000000002,1987,3,tmax
Ohu,1987-03-01,32.330000000000005,1987,3,tmax
Utai,1987-03-01,32.84,1987,3,tmax
Wamangu,1987-03-01,32.81,1987,3,tmax
Wanang,1987-03-01,31.990000000000002,1987,3,tmax
Yapsiei,1987-03-01,32.580000000000005,1987,3,tmax
Elem,1987-04-01,31.660000000000004,1987,4,tmax
Morox,1987-04-01,30.560000000000002,1987,4,tmax
Niksek,1987-04-01,31.270000000000003,1987,4,tmax
Ohu,1987-04-01,30.67,1987,4,tmax
Utai,1987-04-01,30.78,1987,4,tmax
Wamangu,1987-04-01,30.220000000000002,1987,4,tmax
Wanang,1987-04-01,29.500000000000004,1987,4,tmax
Yapsiei,1987-04-01,30.76,1987,4,tmax
Elem,1987-05-01,31.180000000000003,1987,5,tmax
Morox,1987-05-01,31.520000000000003,1987,5,tmax
Niksek,1987-05-01,31.830000000000002,1987,5,tmax
Ohu,1987-05-01,31.78,1987,5,tmax
Utai,1987-05-01,29.860000000000003,1987,5,tmax
Wamangu,1987-05-01,29.6,1987,5,tmax
Wanang,1987-05-01,29.910000000000004,1987,5,tmax
Yapsiei,1987-05-01,29.570000000000004,1987,5,tmax
Elem,1987-06-01,29.330000000000002,1987,6,tmax
Morox,1987-06-01,29.28,1987,6,tmax
Niksek,1987-06-01,28.680000000000003,1987,6,tmax
Ohu,1987-06-01,29.26,1987,6,tmax
Utai,1987-06-01,30.310000000000002,1987,6,tmax
Wamangu,1987-06-01,30.200000000000003,1987,6,tmax
Wanang,1987-06-01,30.060000000000002,1987,6,tmax
Yapsiei,1987-06-01,30.44,1987,6,tmax
Elem,1987-07-01,29.560000000000002,1987,7,tmax
Morox,1987-07-01,28.730000000000004,1987,7,tmax
Niksek,1987-07-01,29.67,1987,7,tmax
Ohu,1987-07-01,29.51,1987,7,tmax
Utai,1987-07-01,29.62,1987,7,tmax
Wamangu,1987-07-01,28.92,1987,7,tmax
Wanang,1987-07-01,28.560000000000002,1987,7,tmax
Yapsiei,1987-07-01,29.01,1987,7,tmax
Elem,1987-08-01,29.85,1987,8,tmax
Morox,1987-08-01,29.820000000000004,1987,8,tmax
Niksek,1987-08-01,29.730000000000004,1987,8,tmax
Ohu,1987-08-01,30.03,1987,8,tmax
Utai,1987-08-01,30.990000000000002,1987,8,tmax
Wamangu,1987-08-01,30.210000000000004,1987,8,tmax
Wanang,1987-08-01,31.060000000000002,1987,8,tmax
Yapsiei,1987-08-01,30.980000000000004,1987,8,tmax
Elem,1987-09-01,31.37,1987,9,tmax
Morox,1987-09-01,31.060000000000002,1987,9,tmax
Niksek,1987-09-01,30.640000000000004,1987,9,tmax
Ohu,1987-09-01,31.360000000000003,1987,9,tmax
Utai,1987-09-01,32.120000000000005,1987,9,tmax
Wamangu,1987-09-01,31.580000000000002,1987,9,tmax
Wanang,1987-09-01,31.110000000000003,1987,9,tmax
Yapsiei,1987-09-01,31.67,1987,9,tmax
Elem,1987-10-01,30.01,1987,10,tmax
Morox,1987-10-01,29.37,1987,10,tmax
Niksek,1987-10-01,29.740000000000002,1987,10,tmax
Ohu,1987-10-01,29.330000000000002,1987,10,tmax
Utai,1987-10-01,29.270000000000003,1987,10,tmax
Wamangu,1987-10-01,28.970000000000002,1987,10,tmax
Wanang,1987-10-01,28.540000000000003,1987,10,tmax
Yapsiei,1987-10-01,29.35,1987,10,tmax
Elem,1987-11-01,30.290000000000003,1987,11,tmax
Morox,1987-11-01,30.230000000000004,1987,11,tmax
Niksek,1987-11-01,30.130000000000003,1987,11,tmax
Ohu,1987-11-01,30.220000000000002,1987,11,tmax
Utai,1987-11-01,30.570000000000004,1987,11,tmax
Wamangu,1987-11-01,29.700000000000003,1987,11,tmax
Wanang,1987-11-01,30.17,1987,11,tmax
Yapsiei,1987-11-01,29.650000000000002,1987,11,tmax
Elem,1987-12-01,29.720000000000002,1987,12,tmax
Morox,1987-12-01,28.980000000000004,1987,12,tmax
Niksek,1987-12-01,28.19,1987,12,tmax
Ohu,1987-12-01,29.050000000000004,1987,12,tmax
Utai,1987-12-01,29.610000000000003,1987,12,tmax
Wamangu,1987-12-01,30.76,1987,12,tmax
Wanang,1987-12-01,31.210000000000004,1987,12,tmax
Yapsiei,1987-12-01,31.12,1987,12,tmax
Elem,1988-01-01,31.310000000000002,1988,1,tmax
Morox,1988-01-01,30.770000000000003,1988,1,tmax
Niksek,1988-01-01,30.710000000000004,1988,1,tmax
Ohu,1988-01-01,30.92,1988,1,tmax
Utai,1988-01-01,30.6,1988,1,tmax
Wamangu,1988-01-01,30.590000000000003,1988,1,tmax
Wanang,1988-01-01,30.640000000000004,1988,1,tmax
Yapsiei,1988-01-01,31.490000000000002,1988,1,tmax
Elem,1988-02-01,30.900000000000002,1988,2,tmax
Morox,1988-02-01,31.300000000000004,1988,2,tmax
Niksek,1988-02-01,31.590000000000003,1988,2,tmax
Ohu,1988-02-01,30.860000000000003,1988,2,tmax
Utai,1988-02-01,32.1,1988,2,tmax
Wamangu,1988-02-01,31.62,1988,2,tmax
Wanang,1988-02-01,31.69,1988,2,tmax
Yapsiei,1988-02-01,32.050000000000004,1988,2,tmax
Elem,1988-03-01,32.150000000000006,1988,3,tmax
Morox,1988-03-01,32.190000000000005,1988,3,tmax
Niksek,1988-03-01,32.440000000000005,1988,3,tmax
Ohu,1988-03-01,32.81,1988,3,tmax
Utai,1988-03-01,31.990000000000002,1988,3,tmax
Wamangu,1988-03-01,32.650000000000006,1988,3,tmax
Wanang,1988-03-01,32.35,1988,3,tmax
Yapsiei,1988-03-01,32.2,1988,3,tmax
Elem,1988-04-01,32.07,1988,4,tmax
Morox,1988-04-01,31.160000000000004,1988,4,tmax
Niksek,1988-04-01,31.270000000000003,1988,4,tmax
Ohu,1988-04-01,31.460000000000004,1988,4,tmax
Utai,1988-04-01,31.070000000000004,1988,4,tmax
Wamangu,1988-04-01,30.42,1988,4,tmax
Wanang,1988-04-01,30.160000000000004,1988,4,tmax
Yapsiei,1988-04-01,31.160000000000004,1988,4,tmax
Elem,1988-05-01,30.660000000000004,1988,5,tmax
Morox,1988-05-01,31.320000000000004,1988,5,tmax
Niksek,1988-05-01,31.94,1988,5,tmax
Ohu,1988-05-01,31.03,1988,5,tmax
Utai,1988-05-01,30.250000000000004,1988,5,tmax
Wamangu,1988-05-01,29.930000000000003,1988,5,tmax
Wanang,1988-05-01,29.730000000000004,1988,5,tmax
Yapsiei,1988-05-01,30.060000000000002,1988,5,tmax
Elem,1988-06-01,29.140000000000004,1988,6,tmax
Morox,1988-06-01,29.660000000000004,1988,6,tmax
Niksek,1988-06-01,29.37,1988,6,tmax
Ohu,1988-06-01,29.650000000000002,1988,6,tmax
Utai,1988-06-01,29.500000000000004,1988,6,tmax
Wamangu,1988-06-01,30.000000000000004,1988,6,tmax
Wanang,1988-06-01,30.26,1988,6,tmax
Yapsiei,1988-06-01,30.020000000000003,1988,6,tmax
Elem,1988-07-01,29.910000000000004,1988,7,tmax
Morox,1988-07-01,29.470000000000002,1988,7,tmax
Niksek,1988-07-01,29.570000000000004,1988,7,tmax
Ohu,1988-07-01,30.040000000000003,1988,7,tmax
Utai,1988-07-01,29.53,1988,7,tmax
Wamangu,1988-07-01,29.110000000000003,1988,7,tmax
Wanang,1988-07-01,29.360000000000003,1988,7,tmax
Yapsiei,1988-07-01,29.51,1988,7,tmax
Elem,1988-08-01,29.000000000000004,1988,8,tmax
Morox,1988-08-01,29.800000000000004,1988,8,tmax
Niksek,1988-08-01,30.12,1988,8,tmax
Ohu,1988-08-01,29.630000000000003,1988,8,tmax
Utai,1988-08-01,31.290000000000003,1988,8,tmax
Wamangu,1988-08-01,30.800000000000004,1988,8,tmax
Wanang,1988-08-01,30.970000000000002,1988,8,tmax
Yapsiei,1988-08-01,31.410000000000004,1988,8,tmax
Elem,1988-09-01,31.35,1988,9,tmax
Morox,1988-09-01,31.28,1988,9,tmax
Niksek,1988-09-01,31.44,1988,9,tmax
Ohu,1988-09-01,31.860000000000003,1988,9,tmax
Utai,1988-09-01,31.220000000000002,1988,9,tmax
Wamangu,1988-09-01,31.460000000000004,1988,9,tmax
Wanang,1988-09-01,31.53,1988,9,tmax
Yapsiei,1988-09-01,31.270000000000003,1988,9,tmax
Elem,1988-10-01,30.310000000000002,1988,10,tmax
Morox,1988-10-01,29.860000000000003,1988,10,tmax
Niksek,1988-10-01,29.730000000000004,1988,10,tmax
Ohu,1988-10-01,29.840000000000003,1988,10,tmax
Utai,1988-10-01,29.19,1988,10,tmax
Wamangu,1988-10-01,29.26,1988,10,tmax
Wanang,1988-10-01,29.150000000000002,1988,10,tmax
Yapsiei,1988-10-01,29.660000000000004,1988,10,tmax
Elem,1988-11-01,29.500000000000004,1988,11,tmax
Morox,1988-11-01,30.020000000000003,1988,11,tmax
Niksek,1988-11-01,30.340000000000003,1988,11,tmax
Ohu,1988-11-01,29.640000000000004,1988,11,tmax
Utai,1988-11-01,30.970000000000002,1988,11,tmax
Wamangu,1988-11-01,30.390000000000004,1988,11,tmax
Wanang,1988-11-01,30.200000000000003,1988,11,tmax
Yapsiei,1988-11-01,30.500000000000004,1988,11,tmax
Elem,1988-12-01,30.310000000000002,1988,12,tmax
Morox,1988-12-01,28.980000000000004,1988,12,tmax
Niksek,1988-12-01,28.630000000000003,1988,12,tmax
Ohu,1988-12-01,29.410000000000004,1988,12,tmax
Utai,1988-12-01,29.270000000000003,1988,12,tmax
Wamangu,1988-12-01,30.630000000000003,1988,12,tmax
Wanang,1988-12-01,31.060000000000002,1988,12,tmax
Yapsiei,1988-12-01,30.070000000000004,1988,12,tmax
Elem,1989-01-01,30.840000000000003,1989,1,tmax
Morox,1989-01-01,30.640000000000004,1989,1,tmax
Niksek,1989-01-01,30.310000000000002,1989,1,tmax
Ohu,1989-01-01,30.42,1989,1,tmax
Utai,1989-01-01,30.700000000000003,1989,1,tmax
Wamangu,1989-01-01,30.62,1989,1,tmax
Wanang,1989-01-01,30.630000000000003,1989,1,tmax
Yapsiei,1989-01-01,31.090000000000003,1989,1,tmax
Elem,1989-02-01,31.480000000000004,1989,2,tmax
Morox,1989-02-01,31.390000000000004,1989,2,tmax
Niksek,1989-02-01,31.51,1989,2,tmax
Ohu,1989-02-01,30.92,1989,2,tmax
Utai,1989-02-01,31.750000000000004,1989,2,tmax
Wamangu,1989-02-01,31.500000000000004,1989,2,tmax
Wanang,1989-02-01,31.270000000000003,1989,2,tmax
Yapsiei,1989-02-01,31.700000000000003,1989,2,tmax
Elem,1989-03-01,32.43,1989,3,tmax
Morox,1989-03-01,32.32,1989,3,tmax
Niksek,1989-03-01,32.39,1989,3,tmax
Ohu,1989-03-01,32.510000000000005,1989,3,tmax
Utai,1989-03-01,32.64,1989,3,tmax
Wamangu,1989-03-01,32.75,1989,3,tmax
Wanang,1989-03-01,32.39,1989,3,tmax
Yapsiei,1989-03-01,32.120000000000005,1989,3,tmax
Elem,1989-04-01,31.570000000000004,1989,4,tmax
Morox,1989-04-01,31.020000000000003,1989,4,tmax
Niksek,1989-04-01,30.87,1989,4,tmax
Ohu,1989-04-01,30.87,1989,4,tmax
Utai,1989-04-01,31.03,1989,4,tmax
Wamangu,1989-04-01,30.330000000000002,1989,4,tmax
Wanang,1989-04-01,30.1,1989,4,tmax
Yapsiei,1989-04-01,30.770000000000003,1989,4,tmax
Elem,1989-05-01,31.060000000000002,1989,5,tmax
Morox,1989-05-01,31.330000000000002,1989,5,tmax
Niksek,1989-05-01,31.6,1989,5,tmax
Ohu,1989-05-01,31.180000000000003,1989,5,tmax
Utai,1989-05-01,29.680000000000003,1989,5,tmax
Wamangu,1989-05-01,29.910000000000004,1989,5,tmax
Wanang,1989-05-01,29.42,1989,5,tmax
Yapsiei,1989-05-01,29.680000000000003,1989,5,tmax
Elem,1989-06-01,29.610000000000003,1989,6,tmax
Morox,1989-06-01,29.750000000000004,1989,6,tmax
Niksek,1989-06-01,29.37,1989,6,tmax
Ohu,1989-06-01,29.44,1989,6,tmax
Utai,1989-06-01,30.110000000000003,1989,6,tmax
Wamangu,1989-06-01,30.1,1989,6,tmax
Wanang,1989-06-01,30.450000000000003,1989,6,tmax
Yapsiei,1989-06-01,29.950000000000003,1989,6,tmax
Elem,1989-07-01,29.610000000000003,1989,7,tmax
Morox,1989-07-01,29.42,1989,7,tmax
Niksek,1989-07-01,29.070000000000004,1989,7,tmax
Ohu,1989-07-01,29.610000000000003,1989,7,tmax
Utai,1989-07-01,29.860000000000003,1989,7,tmax
Wamangu,1989-07-01,29.210000000000004,1989,7,tmax
Wanang,1989-07-01,29.26,1989,7,tmax
Yapsiei,1989-07-01,29.180000000000003,1989,7,tmax
Elem,1989-08-01,29.650000000000002,1989,8,tmax
Morox,1989-08-01,29.750000000000004,1989,8,tmax
Niksek,1989-08-01,30.040000000000003,1989,8,tmax
Ohu,1989-08-01,29.53,1989,8,tmax
Utai,1989-08-01,30.990000000000002,1989,8,tmax
Wamangu,1989-08-01,30.700000000000003,1989,8,tmax
Wanang,1989-08-01,30.470000000000002,1989,8,tmax
Yapsiei,1989-08-01,31.080000000000002,1989,8,tmax
Elem,1989-09-01,31.740000000000002,1989,9,tmax
Morox,1989-09-01,31.470000000000002,1989,9,tmax
Niksek,1989-09-01,31.360000000000003,1989,9,tmax
Ohu,1989-09-01,31.550000000000004,1989,9,tmax
Utai,1989-09-01,31.92,1989,9,tmax
Wamangu,1989-09-01,31.560000000000002,1989,9,tmax
Wanang,1989-09-01,31.700000000000003,1989,9,tmax
Yapsiei,1989-09-01,31.17,1989,9,tmax
Elem,1989-10-01,29.900000000000002,1989,10,tmax
Morox,1989-10-01,29.770000000000003,1989,10,tmax
Niksek,1989-10-01,29.340000000000003,1989,10,tmax
Ohu,1989-10-01,29.51,1989,10,tmax
Utai,1989-10-01,29.480000000000004,1989,10,tmax
Wamangu,1989-10-01,29.26,1989,10,tmax
Wanang,1989-10-01,29.150000000000002,1989,10,tmax
Yapsiei,1989-10-01,29.450000000000003,1989,10,tmax
Elem,1989-11-01,30.090000000000003,1989,11,tmax
Morox,1989-11-01,30.130000000000003,1989,11,tmax
Niksek,1989-11-01,30.42,1989,11,tmax
Ohu,1989-11-01,29.730000000000004,1989,11,tmax
Utai,1989-11-01,30.340000000000003,1989,11,tmax
Wamangu,1989-11-01,30.180000000000003,1989,11,tmax
Wanang,1989-11-01,29.730000000000004,1989,11,tmax
Yapsiei,1989-11-01,29.960000000000004,1989,11,tmax
Elem,1989-12-01,29.990000000000002,1989,12,tmax
Morox,1989-12-01,28.680000000000003,1989,12,tmax
Niksek,1989-12-01,28.560000000000002,1989,12,tmax
Ohu,1989-12-01,29.03,1989,12,tmax
Utai,1989-12-01,29.550000000000004,1989,12,tmax
Wamangu,1989-12-01,30.640000000000004,1989,12,tmax
Wanang,1989-12-01,30.62,1989,12,tmax
Yapsiei,1989-12-01,30.430000000000003,1989,12,tmax
Elem,1990-01-01,31.040000000000003,1990,1,tmax
Morox,1990-01-01,31.180000000000003,1990,1,tmax
Niksek,1990-01-01,31.110000000000003,1990,1,tmax
Ohu,1990-01-01,30.62,1990,1,tmax
Utai,1990-01-01,30.930000000000003,1990,1,tmax
Wamangu,1990-01-01,30.520000000000003,1990,1,tmax
Wanang,1990-01-01,30.340000000000003,1990,1,tmax
Yapsiei,1990-01-01,31.020000000000003,1990,1,tmax
Elem,1990-02-01,30.770000000000003,1990,2,tmax
Morox,1990-02-01,30.930000000000003,1990,2,tmax
Niksek,1990-02-01,31.380000000000003,1990,2,tmax
Ohu,1990-02-01,31.340000000000003,1990,2,tmax
Utai,1990-02-01,31.860000000000003,1990,2,tmax
Wamangu,1990-02-01,32.050000000000004,1990,2,tmax
Wanang,1990-02-01,32.220000000000006,1990,2,tmax
Yapsiei,1990-02-01,31.750000000000004,1990,2,tmax
Elem,1990-03-01,32.720000000000006,1990,3,tmax
Morox,1990-03-01,32.080000000000005,1990,3,tmax
Niksek,1990-03-01,31.990000000000002,1990,3,tmax
Ohu,1990-03-01,32.43,1990,3,tmax
Utai,1990-03-01,31.910000000000004,1990,3,tmax
Wamangu,1990-03-01,32.32,1990,3,tmax
Wanang,1990-03-01,32.18,1990,3,tmax
Yapsiei,1990-03-01,32.57,1990,3,tmax
Elem,1990-04-01,31.680000000000003,1990,4,tmax
Morox,1990-04-01,31.570000000000004,1990,4,tmax
Niksek,1990-04-01,31.630000000000003,1990,4,tmax
Ohu,1990-04-01,31.210000000000004,1990,4,tmax
Utai,1990-04-01,31.200000000000003,1990,4,tmax
Wamangu,1990-04-01,30.180000000000003,1990,4,tmax
Wanang,1990-04-01,29.740000000000002,1990,4,tmax
Yapsiei,1990-04-01,30.62,1990,4,tmax
Elem,1990-05-01,30.360000000000003,1990,5,tmax
Morox,1990-05-01,30.92,1990,5,tmax
Niksek,1990-05-01,31.700000000000003,1990,5,tmax
Ohu,1990-05-01,31.770000000000003,1990,5,tmax
Utai,1990-05-01,29.960000000000004,1990,5,tmax
Wamangu,1990-05-01,30.410000000000004,1990,5,tmax
Wanang,1990-05-01,30.410000000000004,1990,5,tmax
Yapsiei,1990-05-01,29.76,1990,5,tmax
Elem,1990-06-01,29.830000000000002,1990,6,tmax
Morox,1990-06-01,29.480000000000004,1990,6,tmax
Niksek,1990-06-01,29.070000000000004,1990,6,tmax
Ohu,1990-06-01,29.26,1990,6,tmax
Utai,1990-06-01,29.390000000000004,1990,6,tmax
Wamangu,1990-06-01,29.69,1990,6,tmax
Wanang,1990-06-01,30.160000000000004,1990,6,tmax
Yapsiei,1990-06-01,30.340000000000003,1990,6,tmax
Elem,1990-07-01,29.610000000000003,1990,7,tmax
Morox,1990-07-01,29.880000000000003,1990,7,tmax
Niksek,1990-07-01,30.1,1990,7,tmax
Ohu,1990-07-01,29.710000000000004,1990,7,tmax
Utai,1990-07-01,30.130000000000003,1990,7,tmax
Wamangu,1990-07-01,29.01,1990,7,tmax
Wanang,1990-07-01,28.900000000000002,1990,7,tmax
Yapsiei,1990-07-01,29.01,1990,7,tmax
Elem,1990-08-01,28.820000000000004,1990,8,tmax
Morox,1990-08-01,29.37,1990,8,tmax
Niksek,1990-08-01,29.840000000000003,1990,8,tmax
Ohu,1990-08-01,30.130000000000003,1990,8,tmax
Utai,1990-08-01,31.090000000000003,1990,8,tmax
Wamangu,1990-08-01,31.200000000000003,1990,8,tmax
Wanang,1990-08-01,31.470000000000002,1990,8,tmax
Yapsiei,1990-08-01,31.080000000000002,1990,8,tmax
Elem,1990-09-01,32.040000000000006,1990,9,tmax
Morox,1990-09-01,31.180000000000003,1990,9,tmax
Niksek,1990-09-01,30.960000000000004,1990,9,tmax
Ohu,1990-09-01,31.460000000000004,1990,9,tmax
Utai,1990-09-01,31.130000000000003,1990,9,tmax
Wamangu,1990-09-01,31.160000000000004,1990,9,tmax
Wanang,1990-09-01,31.400000000000002,1990,9,tmax
Yapsiei,1990-09-01,31.580000000000002,1990,9,tmax
Elem,1990-10-01,30.1,1990,10,tmax
Morox,1990-10-01,30.26,1990,10,tmax
Niksek,1990-10-01,30.220000000000002,1990,10,tmax
Ohu,1990-10-01,29.540000000000003,1990,10,tmax
Utai,1990-10-01,29.78,1990,10,tmax
Wamangu,1990-10-01,29.150000000000002,1990,10,tmax
Wanang,1990-10-01,28.840000000000003,1990,10,tmax
Yapsiei,1990-10-01,29.340000000000003,1990,10,tmax
Elem,1990-11-01,29.310000000000002,1990,11,tmax
Morox,1990-11-01,29.630000000000003,1990,11,tmax
Niksek,1990-11-01,30.230000000000004,1990,11,tmax
Ohu,1990-11-01,30.130000000000003,1990,11,tmax
Utai,1990-11-01,30.570000000000004,1990,11,tmax
Wamangu,1990-11-01,30.810000000000002,1990,11,tmax
Wanang,1990-11-01,30.470000000000002,1990,11,tmax
Yapsiei,1990-11-01,30.480000000000004,1990,11,tmax
Elem,1990-12-01,30.1,1990,12,tmax
Morox,1990-12-01,28.67,1990,12,tmax
Niksek,1990-12-01,28.270000000000003,1990,12,tmax
Ohu,1990-12-01,28.910000000000004,1990,12,tmax
Utai,1990-12-01,28.94,1990,12,tmax
Wamangu,1990-12-01,29.950000000000003,1990,12,tmax
Wanang,1990-12-01,30.830000000000002,1990,12,tmax
Yapsiei,1990-12-01,31.03,1990,12,tmax
Elem,1991-01-01,30.94,1991,1,tmax
Morox,1991-01-01,29.960000000000004,1991,1,tmax
Niksek,1991-01-01,30.610000000000003,1991,1,tmax
Ohu,1991-01-01,30.840000000000003,1991,1,tmax
Utai,1991-01-01,29.730000000000004,1991,1,tmax
Wamangu,1991-01-01,30.290000000000003,1991,1,tmax
Wanang,1991-01-01,30.340000000000003,1991,1,tmax
Yapsiei,1991-01-01,30.990000000000002,1991,1,tmax
Elem,1991-02-01,30.970000000000002,1991,2,tmax
Morox,1991-02-01,30.730000000000004,1991,2,tmax
Niksek,1991-02-01,31.020000000000003,1991,2,tmax
Ohu,1991-02-01,31.240000000000002,1991,2,tmax
Utai,1991-02-01,31.800000000000004,1991,2,tmax
Wamangu,1991-02-01,30.970000000000002,1991,2,tmax
Wanang,1991-02-01,31.590000000000003,1991,2,tmax
Yapsiei,1991-02-01,32.18,1991,2,tmax
Elem,1991-03-01,31.430000000000003,1991,3,tmax
Morox,1991-03-01,31.85,1991,3,tmax
Niksek,1991-03-01,31.980000000000004,1991,3,tmax
Ohu,1991-03-01,32.410000000000004,1991,3,tmax
Utai,1991-03-01,32.010000000000005,1991,3,tmax
Wamangu,1991-03-01,32.1,1991,3,tmax
Wanang,1991-03-01,31.85,1991,3,tmax
Yapsiei,1991-03-01,32.38,1991,3,tmax
Elem,1991-04-01,31.580000000000002,1991,4,tmax
Morox,1991-04-01,30.270000000000003,1991,4,tmax
Niksek,1991-04-01,31.220000000000002,1991,4,tmax
Ohu,1991-04-01,31.17,1991,4,tmax
Utai,1991-04-01,30.180000000000003,1991,4,tmax
Wamangu,1991-04-01,30.160000000000004,1991,4,tmax
Wanang,1991-04-01,29.800000000000004,1991,4,tmax
Yapsiei,1991-04-01,30.67,1991,4,tmax
Elem,1991-05-01,30.520000000000003,1991,5,tmax
Morox,1991-05-01,30.67,1991,5,tmax
Niksek,1991-05-01,31.410000000000004,1991,5,tmax
Ohu,1991-05-01,31.62,1991,5,tmax
Utai,1991-05-01,29.860000000000003,1991,5,tmax
Wamangu,1991-05-01,29.310000000000002,1991,5,tmax
Wanang,1991-05-01,29.900000000000002,1991,5,tmax
Yapsiei,1991-05-01,30.17,1991,5,tmax
Elem,1991-06-01,28.62,1991,6,tmax
Morox,1991-06-01,29.26,1991,6,tmax
Niksek,1991-06-01,29.080000000000002,1991,6,tmax
Ohu,1991-06-01,29.250000000000004,1991,6,tmax
Utai,1991-06-01,29.51,1991,6,tmax
Wamangu,1991-06-01,29.400000000000002,1991,6,tmax
Wanang,1991-06-01,29.76,1991,6,tmax
Yapsiei,1991-06-01,30.150000000000002,1991,6,tmax
Elem,1991-07-01,29.550000000000004,1991,7,tmax
Morox,1991-07-01,28.630000000000003,1991,7,tmax
Niksek,1991-07-01,29.470000000000002,1991,7,tmax
Ohu,1991-07-01,30.01,1991,7,tmax
Utai,1991-07-01,28.92,1991,7,tmax
Wamangu,1991-07-01,28.610000000000003,1991,7,tmax
Wanang,1991-07-01,28.720000000000002,1991,7,tmax
Yapsiei,1991-07-01,29.080000000000002,1991,7,tmax
Elem,1991-08-01,28.950000000000003,1991,8,tmax
Morox,1991-08-01,29.070000000000004,1991,8,tmax
Niksek,1991-08-01,29.540000000000003,1991,8,tmax
Ohu,1991-08-01,29.860000000000003,1991,8,tmax
Utai,1991-08-01,30.990000000000002,1991,8,tmax
Wamangu,1991-08-01,30.1,1991,8,tmax
Wanang,1991-08-01,30.87,1991,8,tmax
Yapsiei,1991-08-01,31.580000000000002,1991,8,tmax
Elem,1991-09-01,30.67,1991,9,tmax
Morox,1991-09-01,30.890000000000004,1991,9,tmax
Niksek,1991-09-01,30.87,1991,9,tmax
Ohu,1991-09-01,31.450000000000003,1991,9,tmax
Utai,1991-09-01,31.230000000000004,1991,9,tmax
Wamangu,1991-09-01,30.860000000000003,1991,9,tmax
Wanang,1991-09-01,31.080000000000002,1991,9,tmax
Yapsiei,1991-09-01,31.470000000000002,1991,9,tmax
Elem,1991-10-01,30.000000000000004,1991,10,tmax
Morox,1991-10-01,29.150000000000002,1991,10,tmax
Niksek,1991-10-01,29.640000000000004,1991,10,tmax
Ohu,1991-10-01,29.930000000000003,1991,10,tmax
Utai,1991-10-01,28.470000000000002,1991,10,tmax
Wamangu,1991-10-01,28.860000000000003,1991,10,tmax
Wanang,1991-10-01,28.930000000000003,1991,10,tmax
Yapsiei,1991-10-01,29.250000000000004,1991,10,tmax
Elem,1991-11-01,29.500000000000004,1991,11,tmax
Morox,1991-11-01,29.42,1991,11,tmax
Niksek,1991-11-01,29.840000000000003,1991,11,tmax
Ohu,1991-11-01,29.94,1991,11,tmax
Utai,1991-11-01,30.44,1991,11,tmax
Wamangu,1991-11-01,29.26,1991,11,tmax
Wanang,1991-11-01,30.19,1991,11,tmax
Yapsiei,1991-11-01,30.140000000000004,1991,11,tmax
Elem,1991-12-01,29.250000000000004,1991,12,tmax
Morox,1991-12-01,28.880000000000003,1991,12,tmax
Niksek,1991-12-01,28.390000000000004,1991,12,tmax
Ohu,1991-12-01,28.930000000000003,1991,12,tmax
Utai,1991-12-01,29.17,1991,12,tmax
Wamangu,1991-12-01,29.960000000000004,1991,12,tmax
Wanang,1991-12-01,30.69,1991,12,tmax
Yapsiei,1991-12-01,31.020000000000003,1991,12,tmax
Elem,1992-01-01,31.500000000000004,1992,1,tmax
Morox,1992-01-01,30.87,1992,1,tmax
Niksek,1992-01-01,30.890000000000004,1992,1,tmax
Ohu,1992-01-01,30.110000000000003,1992,1,tmax
Utai,1992-01-01,30.550000000000004,1992,1,tmax
Wamangu,1992-01-01,29.990000000000002,1992,1,tmax
Wanang,1992-01-01,29.94,1992,1,tmax
Yapsiei,1992-01-01,31.150000000000002,1992,1,tmax
Elem,1992-02-01,32.21,1992,2,tmax
Morox,1992-02-01,30.740000000000002,1992,2,tmax
Niksek,1992-02-01,31.490000000000002,1992,2,tmax
Ohu,1992-02-01,30.710000000000004,1992,2,tmax
Utai,1992-02-01,32.300000000000004,1992,2,tmax
Wamangu,1992-02-01,31.750000000000004,1992,2,tmax
Wanang,1992-02-01,31.770000000000003,1992,2,tmax
Yapsiei,1992-02-01,31.270000000000003,1992,2,tmax
Elem,1992-03-01,32.190000000000005,1992,3,tmax
Morox,1992-03-01,31.460000000000004,1992,3,tmax
Niksek,1992-03-01,31.590000000000003,1992,3,tmax
Ohu,1992-03-01,32.400000000000006,1992,3,tmax
Utai,1992-03-01,33.21,1992,3,tmax
Wamangu,1992-03-01,32.150000000000006,1992,3,tmax
Wanang,1992-03-01,32.230000000000004,1992,3,tmax
Yapsiei,1992-03-01,32.010000000000005,1992,3,tmax
Elem,1992-04-01,32.27,1992,4,tmax
Morox,1992-04-01,31.17,1992,4,tmax
Niksek,1992-04-01,31.660000000000004,1992,4,tmax
Ohu,1992-04-01,30.570000000000004,1992,4,tmax
Utai,1992-04-01,30.840000000000003,1992,4,tmax
Wamangu,1992-04-01,29.820000000000004,1992,4,tmax
Wanang,1992-04-01,29.500000000000004,1992,4,tmax
Yapsiei,1992-04-01,30.860000000000003,1992,4,tmax
Elem,1992-05-01,31.860000000000003,1992,5,tmax
Morox,1992-05-01,30.730000000000004,1992,5,tmax
Niksek,1992-05-01,31.840000000000003,1992,5,tmax
Ohu,1992-05-01,31.03,1992,5,tmax
Utai,1992-05-01,30.360000000000003,1992,5,tmax
Wamangu,1992-05-01,30.110000000000003,1992,5,tmax
Wanang,1992-05-01,30.01,1992,5,tmax
Yapsiei,1992-05-01,29.270000000000003,1992,5,tmax
Elem,1992-06-01,29.42,1992,6,tmax
Morox,1992-06-01,28.880000000000003,1992,6,tmax
Niksek,1992-06-01,28.750000000000004,1992,6,tmax
Ohu,1992-06-01,29.26,1992,6,tmax
Utai,1992-06-01,30.700000000000003,1992,6,tmax
Wamangu,1992-06-01,29.410000000000004,1992,6,tmax
Wanang,1992-06-01,30.26,1992,6,tmax
Yapsiei,1992-06-01,29.750000000000004,1992,6,tmax
Elem,1992-07-01,30.150000000000002,1992,7,tmax
Morox,1992-07-01,29.53,1992,7,tmax
Niksek,1992-07-01,29.800000000000004,1992,7,tmax
Ohu,1992-07-01,29.140000000000004,1992,7,tmax
Utai,1992-07-01,29.6,1992,7,tmax
Wamangu,1992-07-01,28.360000000000003,1992,7,tmax
Wanang,1992-07-01,28.290000000000003,1992,7,tmax
Yapsiei,1992-07-01,29.080000000000002,1992,7,tmax
Elem,1992-08-01,30.150000000000002,1992,8,tmax
Morox,1992-08-01,29.17,1992,8,tmax
Niksek,1992-08-01,29.92,1992,8,tmax
Ohu,1992-08-01,29.500000000000004,1992,8,tmax
Utai,1992-08-01,31.490000000000002,1992,8,tmax
Wamangu,1992-08-01,30.900000000000002,1992,8,tmax
Wanang,1992-08-01,30.970000000000002,1992,8,tmax
Yapsiei,1992-08-01,30.660000000000004,1992,8,tmax
Elem,1992-09-01,31.37,1992,9,tmax
Morox,1992-09-01,30.560000000000002,1992,9,tmax
Niksek,1992-09-01,30.470000000000002,1992,9,tmax
Ohu,1992-09-01,31.460000000000004,1992,9,tmax
Utai,1992-09-01,32.43,1992,9,tmax
Wamangu,1992-09-01,30.960000000000004,1992,9,tmax
Wanang,1992-09-01,31.410000000000004,1992,9,tmax
Yapsiei,1992-09-01,31.070000000000004,1992,9,tmax
Elem,1992-10-01,30.500000000000004,1992,10,tmax
Morox,1992-10-01,29.970000000000002,1992,10,tmax
Niksek,1992-10-01,29.840000000000003,1992,10,tmax
Ohu,1992-10-01,29.12,1992,10,tmax
Utai,1992-10-01,29.28,1992,10,tmax
Wamangu,1992-10-01,28.560000000000002,1992,10,tmax
Wanang,1992-10-01,28.450000000000003,1992,10,tmax
Yapsiei,1992-10-01,29.35,1992,10,tmax
Elem,1992-11-01,30.730000000000004,1992,11,tmax
Morox,1992-11-01,29.430000000000003,1992,11,tmax
Niksek,1992-11-01,30.330000000000002,1992,11,tmax
Ohu,1992-11-01,29.540000000000003,1992,11,tmax
Utai,1992-11-01,31.17,1992,11,tmax
Wamangu,1992-11-01,30.37,1992,11,tmax
Wanang,1992-11-01,30.85,1992,11,tmax
Yapsiei,1992-11-01,29.610000000000003,1992,11,tmax
Elem,1992-12-01,29.840000000000003,1992,12,tmax
Morox,1992-12-01,28.520000000000003,1992,12,tmax
Niksek,1992-12-01,28.050000000000004,1992,12,tmax
Ohu,1992-12-01,29.330000000000002,1992,12,tmax
Utai,1992-12-01,30.520000000000003,1992,12,tmax
Wamangu,1992-12-01,29.950000000000003,1992,12,tmax
Wanang,1992-12-01,31.090000000000003,1992,12,tmax
Yapsiei,1992-12-01,30.290000000000003,1992,12,tmax
Elem,1993-01-01,30.700000000000003,1993,1,tmax
Morox,1993-01-01,30.37,1993,1,tmax
Niksek,1993-01-01,30.520000000000003,1993,1,tmax
Ohu,1993-01-01,30.400000000000002,1993,1,tmax
Utai,1993-01-01,30.580000000000002,1993,1,tmax
Wamangu,1993-01-01,29.890000000000004,1993,1,tmax
Wanang,1993-01-01,30.430000000000003,1993,1,tmax
Yapsiei,1993-01-01,30.470000000000002,1993,1,tmax
Elem,1993-02-01,31.17,1993,2,tmax
Morox,1993-02-01,31.290000000000003,1993,2,tmax
Niksek,1993-02-01,31.67,1993,2,tmax
Ohu,1993-02-01,30.830000000000002,1993,2,tmax
Utai,1993-02-01,31.500000000000004,1993,2,tmax
Wamangu,1993-02-01,31.35,1993,2,tmax
Wanang,1993-02-01,31.470000000000002,1993,2,tmax
Yapsiei,1993-02-01,31.550000000000004,1993,2,tmax
Elem,1993-03-01,32.28,1993,3,tmax
Morox,1993-03-01,31.460000000000004,1993,3,tmax
Niksek,1993-03-01,32.02,1993,3,tmax
Ohu,1993-03-01,31.87,1993,3,tmax
Utai,1993-03-01,32.290000000000006,1993,3,tmax
Wamangu,1993-03-01,32.690000000000005,1993,3,tmax
Wanang,1993-03-01,32.45,1993,3,tmax
Yapsiei,1993-03-01,32.160000000000004,1993,3,tmax
Elem,1993-04-01,31.37,1993,4,tmax
Morox,1993-04-01,30.67,1993,4,tmax
Niksek,1993-04-01,31.220000000000002,1993,4,tmax
Ohu,1993-04-01,30.78,1993,4,tmax
Utai,1993-04-01,30.78,1993,4,tmax
Wamangu,1993-04-01,29.720000000000002,1993,4,tmax
Wanang,1993-04-01,29.880000000000003,1993,4,tmax
Yapsiei,1993-04-01,30.080000000000002,1993,4,tmax
Elem,1993-05-01,30.820000000000004,1993,5,tmax
Morox,1993-05-01,31.140000000000004,1993,5,tmax
Niksek,1993-05-01,31.900000000000002,1993,5,tmax
Ohu,1993-05-01,31.03,1993,5,tmax
Utai,1993-05-01,29.560000000000002,1993,5,tmax
Wamangu,1993-05-01,29.62,1993,5,tmax
Wanang,1993-05-01,29.62,1993,5,tmax
Yapsiei,1993-05-01,29.570000000000004,1993,5,tmax
Elem,1993-06-01,29.520000000000003,1993,6,tmax
Morox,1993-06-01,28.970000000000002,1993,6,tmax
Niksek,1993-06-01,29.080000000000002,1993,6,tmax
Ohu,1993-06-01,28.570000000000004,1993,6,tmax
Utai,1993-06-01,29.800000000000004,1993,6,tmax
Wamangu,1993-06-01,30.090000000000003,1993,6,tmax
Wanang,1993-06-01,30.460000000000004,1993,6,tmax
Yapsiei,1993-06-01,29.94,1993,6,tmax
Elem,1993-07-01,29.160000000000004,1993,7,tmax
Morox,1993-07-01,29.020000000000003,1993,7,tmax
Niksek,1993-07-01,29.430000000000003,1993,7,tmax
Ohu,1993-07-01,29.410000000000004,1993,7,tmax
Utai,1993-07-01,29.62,1993,7,tmax
Wamangu,1993-07-01,28.410000000000004,1993,7,tmax
Wanang,1993-07-01,28.790000000000003,1993,7,tmax
Yapsiei,1993-07-01,28.51,1993,7,tmax
Elem,1993-08-01,29.250000000000004,1993,8,tmax
Morox,1993-08-01,29.750000000000004,1993,8,tmax
Niksek,1993-08-01,30.040000000000003,1993,8,tmax
Ohu,1993-08-01,29.400000000000002,1993,8,tmax
Utai,1993-08-01,30.69,1993,8,tmax
Wamangu,1993-08-01,30.500000000000004,1993,8,tmax
Wanang,1993-08-01,30.67,1993,8,tmax
Yapsiei,1993-08-01,30.880000000000003,1993,8,tmax
Elem,1993-09-01,31.570000000000004,1993,9,tmax
Morox,1993-09-01,30.580000000000002,1993,9,tmax
Niksek,1993-09-01,30.960000000000004,1993,9,tmax
Ohu,1993-09-01,30.930000000000003,1993,9,tmax
Utai,1993-09-01,31.520000000000003,1993,9,tmax
Wamangu,1993-09-01,31.460000000000004,1993,9,tmax
Wanang,1993-09-01,31.700000000000003,1993,9,tmax
Yapsiei,1993-09-01,31.250000000000004,1993,9,tmax
Elem,1993-10-01,29.710000000000004,1993,10,tmax
Morox,1993-10-01,29.470000000000002,1993,10,tmax
Niksek,1993-10-01,29.540000000000003,1993,10,tmax
Ohu,1993-10-01,29.410000000000004,1993,10,tmax
Utai,1993-10-01,29.380000000000003,1993,10,tmax
Wamangu,1993-10-01,28.640000000000004,1993,10,tmax
Wanang,1993-10-01,28.930000000000003,1993,10,tmax
Yapsiei,1993-10-01,28.660000000000004,1993,10,tmax
Elem,1993-11-01,29.790000000000003,1993,11,tmax
Morox,1993-11-01,30.03,1993,11,tmax
Niksek,1993-11-01,30.51,1993,11,tmax
Ohu,1993-11-01,29.640000000000004,1993,11,tmax
Utai,1993-11-01,30.200000000000003,1993,11,tmax
Wamangu,1993-11-01,29.78,1993,11,tmax
Wanang,1993-11-01,30.26,1993,11,tmax
Yapsiei,1993-11-01,29.840000000000003,1993,11,tmax
Elem,1993-12-01,29.76,1993,12,tmax
Morox,1993-12-01,28.37,1993,12,tmax
Niksek,1993-12-01,28.500000000000004,1993,12,tmax
Ohu,1993-12-01,28.470000000000002,1993,12,tmax
Utai,1993-12-01,29.480000000000004,1993,12,tmax
Wamangu,1993-12-01,30.430000000000003,1993,12,tmax
Wanang,1993-12-01,30.930000000000003,1993,12,tmax
Yapsiei,1993-12-01,30.150000000000002,1993,12,tmax
Elem,1994-01-01,31.360000000000003,1994,1,tmax
Morox,1994-01-01,30.380000000000003,1994,1,tmax
Niksek,1994-01-01,30.94,1994,1,tmax
Ohu,1994-01-01,30.500000000000004,1994,1,tmax
Utai,1994-01-01,30.390000000000004,1994,1,tmax
Wamangu,1994-01-01,29.890000000000004,1994,1,tmax
Wanang,1994-01-01,29.640000000000004,1994,1,tmax
Yapsiei,1994-01-01,30.490000000000002,1994,1,tmax
Elem,1994-02-01,30.470000000000002,1994,2,tmax
Morox,1994-02-01,30.980000000000004,1994,2,tmax
Niksek,1994-02-01,30.700000000000003,1994,2,tmax
Ohu,1994-02-01,30.490000000000002,1994,2,tmax
Utai,1994-02-01,32.160000000000004,1994,2,tmax
Wamangu,1994-02-01,31.300000000000004,1994,2,tmax
Wanang,1994-02-01,31.970000000000002,1994,2,tmax
Yapsiei,1994-02-01,31.650000000000002,1994,2,tmax
Elem,1994-03-01,32.080000000000005,1994,3,tmax
Morox,1994-03-01,31.44,1994,3,tmax
Niksek,1994-03-01,31.35,1994,3,tmax
Ohu,1994-03-01,31.830000000000002,1994,3,tmax
Utai,1994-03-01,31.610000000000003,1994,3,tmax
Wamangu,1994-03-01,32.39,1994,3,tmax
Wanang,1994-03-01,31.450000000000003,1994,3,tmax
Yapsiei,1994-03-01,31.710000000000004,1994,3,tmax
Elem,1994-04-01,32.11,1994,4,tmax
Morox,1994-04-01,30.720000000000002,1994,4,tmax
Niksek,1994-04-01,31.53,1994,4,tmax
Ohu,1994-04-01,30.970000000000002,1994,4,tmax
Utai,1994-04-01,30.680000000000003,1994,4,tmax
Wamangu,1994-04-01,29.730000000000004,1994,4,tmax
Wanang,1994-04-01,29.28,1994,4,tmax
Yapsiei,1994-04-01,30.17,1994,4,tmax
Elem,1994-05-01,30.070000000000004,1994,5,tmax
Morox,1994-05-01,30.840000000000003,1994,5,tmax
Niksek,1994-05-01,31.140000000000004,1994,5,tmax
Ohu,1994-05-01,30.630000000000003,1994,5,tmax
Utai,1994-05-01,30.360000000000003,1994,5,tmax
Wamangu,1994-05-01,29.710000000000004,1994,5,tmax
Wanang,1994-05-01,30.03,1994,5,tmax
Yapsiei,1994-05-01,29.67,1994,5,tmax
Elem,1994-06-01,29.230000000000004,1994,6,tmax
Morox,1994-06-01,28.78,1994,6,tmax
Niksek,1994-06-01,28.470000000000002,1994,6,tmax
Ohu,1994-06-01,28.660000000000004,1994,6,tmax
Utai,1994-06-01,29.01,1994,6,tmax
Wamangu,1994-06-01,29.6,1994,6,tmax
Wanang,1994-06-01,29.460000000000004,1994,6,tmax
Yapsiei,1994-06-01,29.450000000000003,1994,6,tmax
Elem,1994-07-01,29.910000000000004,1994,7,tmax
Morox,1994-07-01,29.12,1994,7,tmax
Niksek,1994-07-01,29.800000000000004,1994,7,tmax
Ohu,1994-07-01,29.540000000000003,1994,7,tmax
Utai,1994-07-01,29.520000000000003,1994,7,tmax
Wamangu,1994-07-01,28.490000000000002,1994,7,tmax
Wanang,1994-07-01,28.160000000000004,1994,7,tmax
Yapsiei,1994-07-01,28.51,1994,7,tmax
Elem,1994-08-01,28.62,1994,8,tmax
Morox,1994-08-01,29.450000000000003,1994,8,tmax
Niksek,1994-08-01,29.340000000000003,1994,8,tmax
Ohu,1994-08-01,29.03,1994,8,tmax
Utai,1994-08-01,31.390000000000004,1994,8,tmax
Wamangu,1994-08-01,30.500000000000004,1994,8,tmax
Wanang,1994-08-01,31.17,1994,8,tmax
Yapsiei,1994-08-01,30.980000000000004,1994,8,tmax
Elem,1994-09-01,31.37,1994,9,tmax
Morox,1994-09-01,30.560000000000002,1994,9,tmax
Niksek,1994-09-01,30.340000000000003,1994,9,tmax
Ohu,1994-09-01,30.860000000000003,1994,9,tmax
Utai,1994-09-01,30.830000000000002,1994,9,tmax
Wamangu,1994-09-01,31.160000000000004,1994,9,tmax
Wanang,1994-09-01,30.700000000000003,1994,9,tmax
Yapsiei,1994-09-01,30.770000000000003,1994,9,tmax
Elem,1994-10-01,30.500000000000004,1994,10,tmax
Morox,1994-10-01,29.570000000000004,1994,10,tmax
Niksek,1994-10-01,29.94,1994,10,tmax
Ohu,1994-10-01,29.520000000000003,1994,10,tmax
Utai,1994-10-01,29.180000000000003,1994,10,tmax
Wamangu,1994-10-01,28.460000000000004,1994,10,tmax
Wanang,1994-10-01,28.230000000000004,1994,10,tmax
Yapsiei,1994-10-01,28.750000000000004,1994,10,tmax
Elem,1994-11-01,29.000000000000004,1994,11,tmax
Morox,1994-11-01,29.630000000000003,1994,11,tmax
Niksek,1994-11-01,29.540000000000003,1994,11,tmax
Ohu,1994-11-01,29.26,1994,11,tmax
Utai,1994-11-01,31.000000000000004,1994,11,tmax
Wamangu,1994-11-01,29.910000000000004,1994,11,tmax
Wanang,1994-11-01,30.480000000000004,1994,11,tmax
Yapsiei,1994-11-01,30.070000000000004,1994,11,tmax
Elem,1994-12-01,29.660000000000004,1994,12,tmax
Morox,1994-12-01,28.42,1994,12,tmax
Niksek,1994-12-01,27.860000000000003,1994,12,tmax
Ohu,1994-12-01,28.460000000000004,1994,12,tmax
Utai,1994-12-01,28.750000000000004,1994,12,tmax
Wamangu,1994-12-01,30.090000000000003,1994,12,tmax
Wanang,1994-12-01,30.360000000000003,1994,12,tmax
Yapsiei,1994-12-01,29.950000000000003,1994,12,tmax
Elem,1995-01-01,31.110000000000003,1995,1,tmax
Morox,1995-01-01,30.360000000000003,1995,1,tmax
Niksek,1995-01-01,30.240000000000002,1995,1,tmax
Ohu,1995-01-01,30.19,1995,1,tmax
Utai,1995-01-01,29.820000000000004,1995,1,tmax
Wamangu,1995-01-01,29.990000000000002,1995,1,tmax
Wanang,1995-01-01,29.840000000000003,1995,1,tmax
Yapsiei,1995-01-01,31.730000000000004,1995,1,tmax
Elem,1995-02-01,30.700000000000003,1995,2,tmax
Morox,1995-02-01,30.44,1995,2,tmax
Niksek,1995-02-01,31.080000000000002,1995,2,tmax
Ohu,1995-02-01,30.160000000000004,1995,2,tmax
Utai,1995-02-01,31.900000000000002,1995,2,tmax
Wamangu,1995-02-01,31.200000000000003,1995,2,tmax
Wanang,1995-02-01,31.17,1995,2,tmax
Yapsiei,1995-02-01,31.250000000000004,1995,2,tmax
Elem,1995-03-01,31.480000000000004,1995,3,tmax
Morox,1995-03-01,31.590000000000003,1995,3,tmax
Niksek,1995-03-01,31.520000000000003,1995,3,tmax
Ohu,1995-03-01,33.21,1995,3,tmax
Utai,1995-03-01,31.790000000000003,1995,3,tmax
Wamangu,1995-03-01,31.820000000000004,1995,3,tmax
Wanang,1995-03-01,31.750000000000004,1995,3,tmax
Yapsiei,1995-03-01,31.380000000000003,1995,3,tmax
Elem,1995-04-01,31.67,1995,4,tmax
Morox,1995-04-01,31.42,1995,4,tmax
Niksek,1995-04-01,31.220000000000002,1995,4,tmax
Ohu,1995-04-01,31.270000000000003,1995,4,tmax
Utai,1995-04-01,30.330000000000002,1995,4,tmax
Wamangu,1995-04-01,29.970000000000002,1995,4,tmax
Wanang,1995-04-01,29.400000000000002,1995,4,tmax
Yapsiei,1995-04-01,31.35,1995,4,tmax
Elem,1995-05-01,30.320000000000004,1995,5,tmax
Morox,1995-05-01,30.42,1995,5,tmax
Niksek,1995-05-01,32,1995,5,tmax
Ohu,1995-05-01,30.580000000000002,1995,5,tmax
Utai,1995-05-01,29.960000000000004,1995,5,tmax
Wamangu,1995-05-01,29.610000000000003,1995,5,tmax
Wanang,1995-05-01,29.320000000000004,1995,5,tmax
Yapsiei,1995-05-01,29.270000000000003,1995,5,tmax
Elem,1995-06-01,28.630000000000003,1995,6,tmax
Morox,1995-06-01,28.980000000000004,1995,6,tmax
Niksek,1995-06-01,28.480000000000004,1995,6,tmax
Ohu,1995-06-01,29.980000000000004,1995,6,tmax
Utai,1995-06-01,29.300000000000004,1995,6,tmax
Wamangu,1995-06-01,29.1,1995,6,tmax
Wanang,1995-06-01,29.76,1995,6,tmax
Yapsiei,1995-06-01,29.150000000000002,1995,6,tmax
Elem,1995-07-01,29.450000000000003,1995,7,tmax
Morox,1995-07-01,29.820000000000004,1995,7,tmax
Niksek,1995-07-01,29.400000000000002,1995,7,tmax
Ohu,1995-07-01,29.840000000000003,1995,7,tmax
Utai,1995-07-01,29.250000000000004,1995,7,tmax
Wamangu,1995-07-01,28.710000000000004,1995,7,tmax
Wanang,1995-07-01,28.390000000000004,1995,7,tmax
Yapsiei,1995-07-01,29.820000000000004,1995,7,tmax
Elem,1995-08-01,28.750000000000004,1995,8,tmax
Morox,1995-08-01,28.87,1995,8,tmax
Niksek,1995-08-01,30.140000000000004,1995,8,tmax
Ohu,1995-08-01,29.03,1995,8,tmax
Utai,1995-08-01,31.090000000000003,1995,8,tmax
Wamangu,1995-08-01,30.400000000000002,1995,8,tmax
Wanang,1995-08-01,30.37,1995,8,tmax
Yapsiei,1995-08-01,30.580000000000002,1995,8,tmax
Elem,1995-09-01,30.770000000000003,1995,9,tmax
Morox,1995-09-01,30.680000000000003,1995,9,tmax
Niksek,1995-09-01,30.460000000000004,1995,9,tmax
Ohu,1995-09-01,32.27,1995,9,tmax
Utai,1995-09-01,31.020000000000003,1995,9,tmax
Wamangu,1995-09-01,30.660000000000004,1995,9,tmax
Wanang,1995-09-01,31.000000000000004,1995,9,tmax
Yapsiei,1995-09-01,30.470000000000002,1995,9,tmax
Elem,1995-10-01,30.12,1995,10,tmax
Morox,1995-10-01,29.540000000000003,1995,10,tmax
Niksek,1995-10-01,29.26,1995,10,tmax
Ohu,1995-10-01,29.19,1995,10,tmax
Utai,1995-10-01,28.6,1995,10,tmax
Wamangu,1995-10-01,28.660000000000004,1995,10,tmax
Wanang,1995-10-01,28.340000000000003,1995,10,tmax
Yapsiei,1995-10-01,30.110000000000003,1995,10,tmax
Elem,1995-11-01,29.310000000000002,1995,11,tmax
Morox,1995-11-01,29.140000000000004,1995,11,tmax
Niksek,1995-11-01,29.92,1995,11,tmax
Ohu,1995-11-01,28.950000000000003,1995,11,tmax
Utai,1995-11-01,30.53,1995,11,tmax
Wamangu,1995-11-01,30.610000000000003,1995,11,tmax
Wanang,1995-11-01,30.220000000000002,1995,11,tmax
Yapsiei,1995-11-01,30.42,1995,11,tmax
Elem,1995-12-01,29.490000000000002,1995,12,tmax
Morox,1995-12-01,28.62,1995,12,tmax
Niksek,1995-12-01,28.020000000000003,1995,12,tmax
Ohu,1995-12-01,29.610000000000003,1995,12,tmax
Utai,1995-12-01,28.860000000000003,1995,12,tmax
Wamangu,1995-12-01,29.570000000000004,1995,12,tmax
Wanang,1995-12-01,31.160000000000004,1995,12,tmax
Yapsiei,1995-12-01,29.900000000000002,1995,12,tmax
Elem,1996-01-01,31.150000000000002,1996,1,tmax
Morox,1996-01-01,30.090000000000003,1996,1,tmax
Niksek,1996-01-01,30.210000000000004,1996,1,tmax
Ohu,1996-01-01,30.320000000000004,1996,1,tmax
Utai,1996-01-01,30.230000000000004,1996,1,tmax
Wamangu,1996-01-01,30.410000000000004,1996,1,tmax
Wanang,1996-01-01,29.630000000000003,1996,1,tmax
Yapsiei,1996-01-01,31.090000000000003,1996,1,tmax
Elem,1996-02-01,31.470000000000002,1996,2,tmax
Morox,1996-02-01,30.730000000000004,1996,2,tmax
Niksek,1996-02-01,30.830000000000002,1996,2,tmax
Ohu,1996-02-01,30.62,1996,2,tmax
Utai,1996-02-01,31.960000000000004,1996,2,tmax
Wamangu,1996-02-01,31.000000000000004,1996,2,tmax
Wanang,1996-02-01,31.17,1996,2,tmax
Yapsiei,1996-02-01,31.450000000000003,1996,2,tmax
Elem,1996-03-01,31.980000000000004,1996,3,tmax
Morox,1996-03-01,31.990000000000002,1996,3,tmax
Niksek,1996-03-01,31.320000000000004,1996,3,tmax
Ohu,1996-03-01,32.410000000000004,1996,3,tmax
Utai,1996-03-01,32.59,1996,3,tmax
Wamangu,1996-03-01,32.120000000000005,1996,3,tmax
Wanang,1996-03-01,31.630000000000003,1996,3,tmax
Yapsiei,1996-03-01,31.880000000000003,1996,3,tmax
Elem,1996-04-01,32.02,1996,4,tmax
Morox,1996-04-01,30.62,1996,4,tmax
Niksek,1996-04-01,30.860000000000003,1996,4,tmax
Ohu,1996-04-01,30.67,1996,4,tmax
Utai,1996-04-01,30.540000000000003,1996,4,tmax
Wamangu,1996-04-01,30.220000000000002,1996,4,tmax
Wanang,1996-04-01,29.1,1996,4,tmax
Yapsiei,1996-04-01,30.720000000000002,1996,4,tmax
Elem,1996-05-01,31.12,1996,5,tmax
Morox,1996-05-01,30.720000000000002,1996,5,tmax
Niksek,1996-05-01,31.140000000000004,1996,5,tmax
Ohu,1996-05-01,30.880000000000003,1996,5,tmax
Utai,1996-05-01,30.060000000000002,1996,5,tmax
Wamangu,1996-05-01,29.410000000000004,1996,5,tmax
Wanang,1996-05-01,29.320000000000004,1996,5,tmax
Yapsiei,1996-05-01,29.470000000000002,1996,5,tmax
Elem,1996-06-01,29.12,1996,6,tmax
Morox,1996-06-01,29.380000000000003,1996,6,tmax
Niksek,1996-06-01,28.28,1996,6,tmax
Ohu,1996-06-01,29.250000000000004,1996,6,tmax
Utai,1996-06-01,30.1,1996,6,tmax
Wamangu,1996-06-01,29.400000000000002,1996,6,tmax
Wanang,1996-06-01,29.560000000000002,1996,6,tmax
Yapsiei,1996-06-01,29.650000000000002,1996,6,tmax
Elem,1996-07-01,29.94,1996,7,tmax
Morox,1996-07-01,29.03,1996,7,tmax
Niksek,1996-07-01,29.1,1996,7,tmax
Ohu,1996-07-01,29.140000000000004,1996,7,tmax
Utai,1996-07-01,29.330000000000002,1996,7,tmax
Wamangu,1996-07-01,28.910000000000004,1996,7,tmax
Wanang,1996-07-01,28.090000000000003,1996,7,tmax
Yapsiei,1996-07-01,29.080000000000002,1996,7,tmax
Elem,1996-08-01,29.550000000000004,1996,8,tmax
Morox,1996-08-01,29.17,1996,8,tmax
Niksek,1996-08-01,29.35,1996,8,tmax
Ohu,1996-08-01,29.230000000000004,1996,8,tmax
Utai,1996-08-01,31.19,1996,8,tmax
Wamangu,1996-08-01,30.200000000000003,1996,8,tmax
Wanang,1996-08-01,30.37,1996,8,tmax
Yapsiei,1996-08-01,30.78,1996,8,tmax
Elem,1996-09-01,31.250000000000004,1996,9,tmax
Morox,1996-09-01,31.080000000000002,1996,9,tmax
Niksek,1996-09-01,30.26,1996,9,tmax
Ohu,1996-09-01,31.460000000000004,1996,9,tmax
Utai,1996-09-01,31.820000000000004,1996,9,tmax
Wamangu,1996-09-01,30.960000000000004,1996,9,tmax
Wanang,1996-09-01,30.810000000000002,1996,9,tmax
Yapsiei,1996-09-01,30.970000000000002,1996,9,tmax
Elem,1996-10-01,30.200000000000003,1996,10,tmax
Morox,1996-10-01,29.270000000000003,1996,10,tmax
Niksek,1996-10-01,29.240000000000002,1996,10,tmax
Ohu,1996-10-01,29.330000000000002,1996,10,tmax
Utai,1996-10-01,28.980000000000004,1996,10,tmax
Wamangu,1996-10-01,29.070000000000004,1996,10,tmax
Wanang,1996-10-01,28.140000000000004,1996,10,tmax
Yapsiei,1996-10-01,29.250000000000004,1996,10,tmax
Elem,1996-11-01,30.090000000000003,1996,11,tmax
Morox,1996-11-01,29.430000000000003,1996,11,tmax
Niksek,1996-11-01,29.640000000000004,1996,11,tmax
Ohu,1996-11-01,29.410000000000004,1996,11,tmax
Utai,1996-11-01,30.85,1996,11,tmax
Wamangu,1996-11-01,29.85,1996,11,tmax
Wanang,1996-11-01,29.890000000000004,1996,11,tmax
Yapsiei,1996-11-01,29.69,1996,11,tmax
Elem,1996-12-01,29.460000000000004,1996,12,tmax
Morox,1996-12-01,28.790000000000003,1996,12,tmax
Niksek,1996-12-01,27.630000000000003,1996,12,tmax
Ohu,1996-12-01,28.960000000000004,1996,12,tmax
Utai,1996-12-01,29.570000000000004,1996,12,tmax
Wamangu,1996-12-01,29.87,1996,12,tmax
Wanang,1996-12-01,30.360000000000003,1996,12,tmax
Yapsiei,1996-12-01,30.130000000000003,1996,12,tmax
Elem,1997-01-01,30.730000000000004,1997,1,tmax
Morox,1997-01-01,30.390000000000004,1997,1,tmax
Niksek,1997-01-01,30.910000000000004,1997,1,tmax
Ohu,1997-01-01,30.35,1997,1,tmax
Utai,1997-01-01,30.28,1997,1,tmax
Wamangu,1997-01-01,30.270000000000003,1997,1,tmax
Wanang,1997-01-01,30.060000000000002,1997,1,tmax
Yapsiei,1997-01-01,30.730000000000004,1997,1,tmax
Elem,1997-02-01,31.1,1997,2,tmax
Morox,1997-02-01,30.680000000000003,1997,2,tmax
Niksek,1997-02-01,31.330000000000002,1997,2,tmax
Ohu,1997-02-01,30.830000000000002,1997,2,tmax
Utai,1997-02-01,31.6,1997,2,tmax
Wamangu,1997-02-01,31.300000000000004,1997,2,tmax
Wanang,1997-02-01,31.820000000000004,1997,2,tmax
Yapsiei,1997-02-01,31.630000000000003,1997,2,tmax
Elem,1997-03-01,32.07,1997,3,tmax
Morox,1997-03-01,32.040000000000006,1997,3,tmax
Niksek,1997-03-01,31.700000000000003,1997,3,tmax
Ohu,1997-03-01,32.24,1997,3,tmax
Utai,1997-03-01,32.220000000000006,1997,3,tmax
Wamangu,1997-03-01,32.02,1997,3,tmax
Wanang,1997-03-01,32.13,1997,3,tmax
Yapsiei,1997-03-01,32.17,1997,3,tmax
Elem,1997-04-01,30.87,1997,4,tmax
Morox,1997-04-01,31.020000000000003,1997,4,tmax
Niksek,1997-04-01,31.400000000000002,1997,4,tmax
Ohu,1997-04-01,31.070000000000004,1997,4,tmax
Utai,1997-04-01,30.67,1997,4,tmax
Wamangu,1997-04-01,30.240000000000002,1997,4,tmax
Wanang,1997-04-01,29.560000000000002,1997,4,tmax
Yapsiei,1997-04-01,30.400000000000002,1997,4,tmax
Elem,1997-05-01,30.85,1997,5,tmax
Morox,1997-05-01,31.1,1997,5,tmax
Niksek,1997-05-01,31.820000000000004,1997,5,tmax
Ohu,1997-05-01,31.270000000000003,1997,5,tmax
Utai,1997-05-01,29.660000000000004,1997,5,tmax
Wamangu,1997-05-01,29.710000000000004,1997,5,tmax
Wanang,1997-05-01,29.950000000000003,1997,5,tmax
Yapsiei,1997-05-01,29.450000000000003,1997,5,tmax
Elem,1997-06-01,29.000000000000004,1997,6,tmax
Morox,1997-06-01,29.1,1997,6,tmax
Niksek,1997-06-01,28.640000000000004,1997,6,tmax
Ohu,1997-06-01,28.53,1997,6,tmax
Utai,1997-06-01,29.400000000000002,1997,6,tmax
Wamangu,1997-06-01,29.340000000000003,1997,6,tmax
Wanang,1997-06-01,30.040000000000003,1997,6,tmax
Yapsiei,1997-06-01,29.890000000000004,1997,6,tmax
Elem,1997-07-01,28.750000000000004,1997,7,tmax
Morox,1997-07-01,29.42,1997,7,tmax
Niksek,1997-07-01,29.820000000000004,1997,7,tmax
Ohu,1997-07-01,30.040000000000003,1997,7,tmax
Utai,1997-07-01,29.770000000000003,1997,7,tmax
Wamangu,1997-07-01,29.26,1997,7,tmax
Wanang,1997-07-01,28.770000000000003,1997,7,tmax
Yapsiei,1997-07-01,29.290000000000003,1997,7,tmax
Elem,1997-08-01,29.550000000000004,1997,8,tmax
Morox,1997-08-01,29.770000000000003,1997,8,tmax
Niksek,1997-08-01,30.110000000000003,1997,8,tmax
Ohu,1997-08-01,29.930000000000003,1997,8,tmax
Utai,1997-08-01,30.790000000000003,1997,8,tmax
Wamangu,1997-08-01,30.500000000000004,1997,8,tmax
Wanang,1997-08-01,31.1,1997,8,tmax
Yapsiei,1997-08-01,31.050000000000004,1997,8,tmax
Elem,1997-09-01,31.42,1997,9,tmax
Morox,1997-09-01,31.210000000000004,1997,9,tmax
Niksek,1997-09-01,30.67,1997,9,tmax
Ohu,1997-09-01,31.360000000000003,1997,9,tmax
Utai,1997-09-01,31.520000000000003,1997,9,tmax
Wamangu,1997-09-01,30.880000000000003,1997,9,tmax
Wanang,1997-09-01,31.400000000000002,1997,9,tmax
Yapsiei,1997-09-01,31.300000000000004,1997,9,tmax
Elem,1997-10-01,29.740000000000002,1997,10,tmax
Morox,1997-10-01,29.570000000000004,1997,10,tmax
Niksek,1997-10-01,29.85,1997,10,tmax
Ohu,1997-10-01,29.220000000000002,1997,10,tmax
Utai,1997-10-01,28.880000000000003,1997,10,tmax
Wamangu,1997-10-01,28.680000000000003,1997,10,tmax
Wanang,1997-10-01,28.410000000000004,1997,10,tmax
Yapsiei,1997-10-01,28.540000000000003,1997,10,tmax
Elem,1997-11-01,29.44,1997,11,tmax
Morox,1997-11-01,29.26,1997,11,tmax
Niksek,1997-11-01,30.130000000000003,1997,11,tmax
Ohu,1997-11-01,29.650000000000002,1997,11,tmax
Utai,1997-11-01,29.740000000000002,1997,11,tmax
Wamangu,1997-11-01,30.180000000000003,1997,11,tmax
Wanang,1997-11-01,30.400000000000002,1997,11,tmax
Yapsiei,1997-11-01,30.130000000000003,1997,11,tmax
Elem,1997-12-01,29.680000000000003,1997,12,tmax
Morox,1997-12-01,28.67,1997,12,tmax
Niksek,1997-12-01,28.020000000000003,1997,12,tmax
Ohu,1997-12-01,28.460000000000004,1997,12,tmax
Utai,1997-12-01,29.390000000000004,1997,12,tmax
Wamangu,1997-12-01,30.78,1997,12,tmax
Wanang,1997-12-01,31.230000000000004,1997,12,tmax
Yapsiei,1997-12-01,30.740000000000002,1997,12,tmax
Elem,1998-01-01,31.19,1998,1,tmax
Morox,1998-01-01,30.680000000000003,1998,1,tmax
Niksek,1998-01-01,29.950000000000003,1998,1,tmax
Ohu,1998-01-01,30.76,1998,1,tmax
Utai,1998-01-01,30.310000000000002,1998,1,tmax
Wamangu,1998-01-01,30.240000000000002,1998,1,tmax
Wanang,1998-01-01,29.950000000000003,1998,1,tmax
Yapsiei,1998-01-01,30.910000000000004,1998,1,tmax
Elem,1998-02-01,30.770000000000003,1998,2,tmax
Morox,1998-02-01,30.94,1998,2,tmax
Niksek,1998-02-01,30.930000000000003,1998,2,tmax
Ohu,1998-02-01,30.410000000000004,1998,2,tmax
Utai,1998-02-01,31.770000000000003,1998,2,tmax
Wamangu,1998-02-01,31.360000000000003,1998,2,tmax
Wanang,1998-02-01,30.890000000000004,1998,2,tmax
Yapsiei,1998-02-01,31.640000000000004,1998,2,tmax
Elem,1998-03-01,31.880000000000003,1998,3,tmax
Morox,1998-03-01,31.640000000000004,1998,3,tmax
Niksek,1998-03-01,31.520000000000003,1998,3,tmax
Ohu,1998-03-01,32.13,1998,3,tmax
Utai,1998-03-01,31.810000000000002,1998,3,tmax
Wamangu,1998-03-01,32.09,1998,3,tmax
Wanang,1998-03-01,31.730000000000004,1998,3,tmax
Yapsiei,1998-03-01,31.710000000000004,1998,3,tmax
Elem,1998-04-01,32.010000000000005,1998,4,tmax
Morox,1998-04-01,31.240000000000002,1998,4,tmax
Niksek,1998-04-01,31.460000000000004,1998,4,tmax
Ohu,1998-04-01,31.270000000000003,1998,4,tmax
Utai,1998-04-01,31.28,1998,4,tmax
Wamangu,1998-04-01,30.830000000000002,1998,4,tmax
Wanang,1998-04-01,30.6,1998,4,tmax
Yapsiei,1998-04-01,30.470000000000002,1998,4,tmax
Elem,1998-05-01,30.360000000000003,1998,5,tmax
Morox,1998-05-01,30.630000000000003,1998,5,tmax
Niksek,1998-05-01,32.440000000000005,1998,5,tmax
Ohu,1998-05-01,30.330000000000002,1998,5,tmax
Utai,1998-05-01,29.880000000000003,1998,5,tmax
Wamangu,1998-05-01,29.930000000000003,1998,5,tmax
Wanang,1998-05-01,29.110000000000003,1998,5,tmax
Yapsiei,1998-05-01,29.880000000000003,1998,5,tmax
Elem,1998-06-01,29.03,1998,6,tmax
Morox,1998-06-01,28.980000000000004,1998,6,tmax
Niksek,1998-06-01,28.480000000000004,1998,6,tmax
Ohu,1998-06-01,28.960000000000004,1998,6,tmax
Utai,1998-06-01,29.310000000000002,1998,6,tmax
Wamangu,1998-06-01,29.400000000000002,1998,6,tmax
Wanang,1998-06-01,29.660000000000004,1998,6,tmax
Yapsiei,1998-06-01,29.450000000000003,1998,6,tmax
Elem,1998-07-01,29.740000000000002,1998,7,tmax
Morox,1998-07-01,29.550000000000004,1998,7,tmax
Niksek,1998-07-01,29.67,1998,7,tmax
Ohu,1998-07-01,29.710000000000004,1998,7,tmax
Utai,1998-07-01,30.12,1998,7,tmax
Wamangu,1998-07-01,29.590000000000003,1998,7,tmax
Wanang,1998-07-01,29.590000000000003,1998,7,tmax
Yapsiei,1998-07-01,28.810000000000002,1998,7,tmax
Elem,1998-08-01,28.820000000000004,1998,8,tmax
Morox,1998-08-01,29.150000000000002,1998,8,tmax
Niksek,1998-08-01,30.62,1998,8,tmax
Ohu,1998-08-01,28.730000000000004,1998,8,tmax
Utai,1998-08-01,30.980000000000004,1998,8,tmax
Wamangu,1998-08-01,30.520000000000003,1998,8,tmax
Wanang,1998-08-01,30.17,1998,8,tmax
Yapsiei,1998-08-01,30.910000000000004,1998,8,tmax
Elem,1998-09-01,31.17,1998,9,tmax
Morox,1998-09-01,30.76,1998,9,tmax
Niksek,1998-09-01,30.460000000000004,1998,9,tmax
Ohu,1998-09-01,31.160000000000004,1998,9,tmax
Utai,1998-09-01,31.03,1998,9,tmax
Wamangu,1998-09-01,30.860000000000003,1998,9,tmax
Wanang,1998-09-01,30.910000000000004,1998,9,tmax
Yapsiei,1998-09-01,30.770000000000003,1998,9,tmax
Elem,1998-10-01,30.1,1998,10,tmax
Morox,1998-10-01,29.810000000000002,1998,10,tmax
Niksek,1998-10-01,28.930000000000003,1998,10,tmax
Ohu,1998-10-01,29.78,1998,10,tmax
Utai,1998-10-01,29.1,1998,10,tmax
Wamangu,1998-10-01,28.830000000000002,1998,10,tmax
Wanang,1998-10-01,28.430000000000003,1998,10,tmax
Yapsiei,1998-10-01,29.17,1998,10,tmax
Elem,1998-11-01,29.300000000000004,1998,11,tmax
Morox,1998-11-01,29.67,1998,11,tmax
Niksek,1998-11-01,29.680000000000003,1998,11,tmax
Ohu,1998-11-01,29.17,1998,11,tmax
Utai,1998-11-01,31.060000000000002,1998,11,tmax
Wamangu,1998-11-01,30.720000000000002,1998,11,tmax
Wanang,1998-11-01,30.520000000000003,1998,11,tmax
Yapsiei,1998-11-01,30.580000000000002,1998,11,tmax
Elem,1998-12-01,30.35,1998,12,tmax
Morox,1998-12-01,29.460000000000004,1998,12,tmax
Niksek,1998-12-01,29.220000000000002,1998,12,tmax
Ohu,1998-12-01,28.730000000000004,1998,12,tmax
Utai,1998-12-01,28.990000000000002,1998,12,tmax
Wamangu,1998-12-01,29.900000000000002,1998,12,tmax
Wanang,1998-12-01,31.590000000000003,1998,12,tmax
Yapsiei,1998-12-01,29.650000000000002,1998,12,tmax
Elem,1999-01-01,31.44,1999,1,tmax
Morox,1999-01-01,30.37,1999,1,tmax
Niksek,1999-01-01,30.570000000000004,1999,1,tmax
Ohu,1999-01-01,30.540000000000003,1999,1,tmax
Utai,1999-01-01,30.050000000000004,1999,1,tmax
Wamangu,1999-01-01,30.310000000000002,1999,1,tmax
Wanang,1999-01-01,30.03,1999,1,tmax
Yapsiei,1999-01-01,30.92,1999,1,tmax
Elem,1999-02-01,30.640000000000004,1999,2,tmax
Morox,1999-02-01,31.480000000000004,1999,2,tmax
Niksek,1999-02-01,30.76,1999,2,tmax
Ohu,1999-02-01,30.62,1999,2,tmax
Utai,1999-02-01,32.38,1999,2,tmax
Wamangu,1999-02-01,31.300000000000004,1999,2,tmax
Wanang,1999-02-01,31.630000000000003,1999,2,tmax
Yapsiei,1999-02-01,31.770000000000003,1999,2,tmax
Elem,1999-03-01,31.78,1999,3,tmax
Morox,1999-03-01,31.790000000000003,1999,3,tmax
Niksek,1999-03-01,31.720000000000002,1999,3,tmax
Ohu,1999-03-01,32.230000000000004,1999,3,tmax
Utai,1999-03-01,31.790000000000003,1999,3,tmax
Wamangu,1999-03-01,32.75,1999,3,tmax
Wanang,1999-03-01,31.53,1999,3,tmax
Yapsiei,1999-03-01,31.910000000000004,1999,3,tmax
Elem,1999-04-01,32.1,1999,4,tmax
Morox,1999-04-01,31.310000000000002,1999,4,tmax
Niksek,1999-04-01,31.200000000000003,1999,4,tmax
Ohu,1999-04-01,31.070000000000004,1999,4,tmax
Utai,1999-04-01,30.040000000000003,1999,4,tmax
Wamangu,1999-04-01,31.12,1999,4,tmax
Wanang,1999-04-01,29.500000000000004,1999,4,tmax
Yapsiei,1999-04-01,30.570000000000004,1999,4,tmax
Elem,1999-05-01,30.320000000000004,1999,5,tmax
Morox,1999-05-01,31.460000000000004,1999,5,tmax
Niksek,1999-05-01,31.44,1999,5,tmax
Ohu,1999-05-01,30.330000000000002,1999,5,tmax
Utai,1999-05-01,30.44,1999,5,tmax
Wamangu,1999-05-01,29.710000000000004,1999,5,tmax
Wanang,1999-05-01,29.590000000000003,1999,5,tmax
Yapsiei,1999-05-01,29.810000000000002,1999,5,tmax
Elem,1999-06-01,28.92,1999,6,tmax
Morox,1999-06-01,29.180000000000003,1999,6,tmax
Niksek,1999-06-01,28.680000000000003,1999,6,tmax
Ohu,1999-06-01,29.060000000000002,1999,6,tmax
Utai,1999-06-01,29.300000000000004,1999,6,tmax
Wamangu,1999-06-01,30.01,1999,6,tmax
Wanang,1999-06-01,29.460000000000004,1999,6,tmax
Yapsiei,1999-06-01,29.650000000000002,1999,6,tmax
Elem,1999-07-01,30.140000000000004,1999,7,tmax
Morox,1999-07-01,29.710000000000004,1999,7,tmax
Niksek,1999-07-01,29.790000000000003,1999,7,tmax
Ohu,1999-07-01,29.790000000000003,1999,7,tmax
Utai,1999-07-01,28.830000000000002,1999,7,tmax
Wamangu,1999-07-01,29.810000000000002,1999,7,tmax
Wanang,1999-07-01,28.490000000000002,1999,7,tmax
Yapsiei,1999-07-01,28.910000000000004,1999,7,tmax
Elem,1999-08-01,28.750000000000004,1999,8,tmax
Morox,1999-08-01,29.990000000000002,1999,8,tmax
Niksek,1999-08-01,29.62,1999,8,tmax
Ohu,1999-08-01,28.730000000000004,1999,8,tmax
Utai,1999-08-01,31.570000000000004,1999,8,tmax
Wamangu,1999-08-01,30.500000000000004,1999,8,tmax
Wanang,1999-08-01,30.910000000000004,1999,8,tmax
Yapsiei,1999-08-01,31.12,1999,8,tmax
Elem,1999-09-01,31.050000000000004,1999,9,tmax
Morox,1999-09-01,30.880000000000003,1999,9,tmax
Niksek,1999-09-01,30.660000000000004,1999,9,tmax
Ohu,1999-09-01,31.26,1999,9,tmax
Utai,1999-09-01,31.020000000000003,1999,9,tmax
Wamangu,1999-09-01,31.560000000000002,1999,9,tmax
Wanang,1999-09-01,30.710000000000004,1999,9,tmax
Yapsiei,1999-09-01,30.970000000000002,1999,9,tmax
Elem,1999-10-01,30.520000000000003,1999,10,tmax
Morox,1999-10-01,29.53,1999,10,tmax
Niksek,1999-10-01,29.520000000000003,1999,10,tmax
Ohu,1999-10-01,29.590000000000003,1999,10,tmax
Utai,1999-10-01,28.820000000000004,1999,10,tmax
Wamangu,1999-10-01,28.980000000000004,1999,10,tmax
Wanang,1999-10-01,28.540000000000003,1999,10,tmax
Yapsiei,1999-10-01,29.19,1999,10,tmax
Elem,1999-11-01,29.250000000000004,1999,11,tmax
Morox,1999-11-01,30.090000000000003,1999,11,tmax
Niksek,1999-11-01,29.540000000000003,1999,11,tmax
Ohu,1999-11-01,29.44,1999,11,tmax
Utai,1999-11-01,30.990000000000002,1999,11,tmax
Wamangu,1999-11-01,30.450000000000003,1999,11,tmax
Wanang,1999-11-01,30.19,1999,11,tmax
Yapsiei,1999-11-01,30.290000000000003,1999,11,tmax
Elem,1999-12-01,29.110000000000003,1999,12,tmax
Morox,1999-12-01,29.630000000000003,1999,12,tmax
Niksek,1999-12-01,28.060000000000002,1999,12,tmax
Ohu,1999-12-01,28.800000000000004,1999,12,tmax
Utai,1999-12-01,28.92,1999,12,tmax
Wamangu,1999-12-01,30.67,1999,12,tmax
Wanang,1999-12-01,30.650000000000002,1999,12,tmax
Yapsiei,1999-12-01,29.590000000000003,1999,12,tmax
Elem,2000-01-01,30.630000000000003,2000,1,tmax
Morox,2000-01-01,31.26,2000,1,tmax
Niksek,2000-01-01,30.210000000000004,2000,1,tmax
Ohu,2000-01-01,30.69,2000,1,tmax
Utai,2000-01-01,29.820000000000004,2000,1,tmax
Wamangu,2000-01-01,29.710000000000004,2000,1,tmax
Wanang,2000-01-01,30.200000000000003,2000,1,tmax
Yapsiei,2000-01-01,31.19,2000,1,tmax
Elem,2000-02-01,30.580000000000002,2000,2,tmax
Morox,2000-02-01,31.240000000000002,2000,2,tmax
Niksek,2000-02-01,31.150000000000002,2000,2,tmax
Ohu,2000-02-01,30.290000000000003,2000,2,tmax
Utai,2000-02-01,31.400000000000002,2000,2,tmax
Wamangu,2000-02-01,32.45,2000,2,tmax
Wanang,2000-02-01,31.17,2000,2,tmax
Yapsiei,2000-02-01,31.980000000000004,2000,2,tmax
Elem,2000-03-01,31.580000000000002,2000,3,tmax
Morox,2000-03-01,31.340000000000003,2000,3,tmax
Niksek,2000-03-01,31.840000000000003,2000,3,tmax
Ohu,2000-03-01,32.56,2000,3,tmax
Utai,2000-03-01,31.69,2000,3,tmax
Wamangu,2000-03-01,32.57,2000,3,tmax
Wanang,2000-03-01,31.85,2000,3,tmax
Yapsiei,2000-03-01,31.610000000000003,2000,3,tmax
Elem,2000-04-01,31.67,2000,4,tmax
Morox,2000-04-01,31.450000000000003,2000,4,tmax
Niksek,2000-04-01,30.820000000000004,2000,4,tmax
Ohu,2000-04-01,31.020000000000003,2000,4,tmax
Utai,2000-04-01,29.94,2000,4,tmax
Wamangu,2000-04-01,28.630000000000003,2000,4,tmax
Wanang,2000-04-01,29.790000000000003,2000,4,tmax
Yapsiei,2000-04-01,30.860000000000003,2000,4,tmax
Elem,2000-05-01,30.220000000000002,2000,5,tmax
Morox,2000-05-01,31.220000000000002,2000,5,tmax
Niksek,2000-05-01,32.300000000000004,2000,5,tmax
Ohu,2000-05-01,29.630000000000003,2000,5,tmax
Utai,2000-05-01,29.460000000000004,2000,5,tmax
Wamangu,2000-05-01,30.700000000000003,2000,5,tmax
Wanang,2000-05-01,29.320000000000004,2000,5,tmax
Yapsiei,2000-05-01,29.890000000000004,2000,5,tmax
Elem,2000-06-01,28.720000000000002,2000,6,tmax
Morox,2000-06-01,28.680000000000003,2000,6,tmax
Niksek,2000-06-01,28.860000000000003,2000,6,tmax
Ohu,2000-06-01,29.320000000000004,2000,6,tmax
Utai,2000-06-01,29.200000000000003,2000,6,tmax
Wamangu,2000-06-01,29.92,2000,6,tmax
Wanang,2000-06-01,29.860000000000003,2000,6,tmax
Yapsiei,2000-06-01,29.35,2000,6,tmax
Elem,2000-07-01,29.550000000000004,2000,7,tmax
Morox,2000-07-01,30.160000000000004,2000,7,tmax
Niksek,2000-07-01,29.000000000000004,2000,7,tmax
Ohu,2000-07-01,29.890000000000004,2000,7,tmax
Utai,2000-07-01,28.730000000000004,2000,7,tmax
Wamangu,2000-07-01,27.390000000000004,2000,7,tmax
Wanang,2000-07-01,28.67,2000,7,tmax
Yapsiei,2000-07-01,29.200000000000003,2000,7,tmax
Elem,2000-08-01,28.650000000000002,2000,8,tmax
Morox,2000-08-01,29.6,2000,8,tmax
Niksek,2000-08-01,30.44,2000,8,tmax
Ohu,2000-08-01,28.03,2000,8,tmax
Utai,2000-08-01,30.590000000000003,2000,8,tmax
Wamangu,2000-08-01,31.62,2000,8,tmax
Wanang,2000-08-01,30.37,2000,8,tmax
Yapsiei,2000-08-01,31.330000000000002,2000,8,tmax
Elem,2000-09-01,30.85,2000,9,tmax
Morox,2000-09-01,30.460000000000004,2000,9,tmax
Niksek,2000-09-01,30.740000000000002,2000,9,tmax
Ohu,2000-09-01,31.6,2000,9,tmax
Utai,2000-09-01,30.92,2000,9,tmax
Wamangu,2000-09-01,31.360000000000003,2000,9,tmax
Wanang,2000-09-01,31.1,2000,9,tmax
Yapsiei,2000-09-01,30.67,2000,9,tmax
Elem,2000-10-01,29.610000000000003,2000,10,tmax
Morox,2000-10-01,30.500000000000004,2000,10,tmax
Niksek,2000-10-01,29.240000000000002,2000,10,tmax
Ohu,2000-10-01,29.710000000000004,2000,10,tmax
Utai,2000-10-01,28.580000000000002,2000,10,tmax
Wamangu,2000-10-01,28.360000000000003,2000,10,tmax
Wanang,2000-10-01,28.69,2000,10,tmax
Yapsiei,2000-10-01,29.37,2000,10,tmax
Elem,2000-11-01,29.19,2000,11,tmax
Morox,2000-11-01,30.03,2000,11,tmax
Niksek,2000-11-01,29.92,2000,11,tmax
Ohu,2000-11-01,29.140000000000004,2000,11,tmax
Utai,2000-11-01,30.6,2000,11,tmax
Wamangu,2000-11-01,30.550000000000004,2000,11,tmax
Wanang,2000-11-01,29.820000000000004,2000,11,tmax
Yapsiei,2000-11-01,30.110000000000003,2000,11,tmax
Elem,2000-12-01,29.070000000000004,2000,12,tmax
Morox,2000-12-01,27.340000000000003,2000,12,tmax
Niksek,2000-12-01,28.37,2000,12,tmax
Ohu,2000-12-01,29.200000000000003,2000,12,tmax
Utai,2000-12-01,28.85,2000,12,tmax
Wamangu,2000-12-01,30.430000000000003,2000,12,tmax
Wanang,2000-12-01,31.430000000000003,2000,12,tmax
Yapsiei,2000-12-01,28.980000000000004,2000,12,tmax
Elem,2001-01-01,30.830000000000002,2001,1,tmax
Morox,2001-01-01,30.37,2001,1,tmax
Niksek,2001-01-01,30.340000000000003,2001,1,tmax
Ohu,2001-01-01,30.240000000000002,2001,1,tmax
Utai,2001-01-01,30.210000000000004,2001,1,tmax
Wamangu,2001-01-01,30.090000000000003,2001,1,tmax
Wanang,2001-01-01,29.460000000000004,2001,1,tmax
Yapsiei,2001-01-01,31.480000000000004,2001,1,tmax
Elem,2001-02-01,30.980000000000004,2001,2,tmax
Morox,2001-02-01,30.810000000000002,2001,2,tmax
Niksek,2001-02-01,31.180000000000003,2001,2,tmax
Ohu,2001-02-01,30.220000000000002,2001,2,tmax
Utai,2001-02-01,31.660000000000004,2001,2,tmax
Wamangu,2001-02-01,31.300000000000004,2001,2,tmax
Wanang,2001-02-01,31.290000000000003,2001,2,tmax
Yapsiei,2001-02-01,31.35,2001,2,tmax
Elem,2001-03-01,31.980000000000004,2001,3,tmax
Morox,2001-03-01,31.590000000000003,2001,3,tmax
Niksek,2001-03-01,31.42,2001,3,tmax
Ohu,2001-03-01,32.790000000000006,2001,3,tmax
Utai,2001-03-01,31.990000000000002,2001,3,tmax
Wamangu,2001-03-01,32.09,2001,3,tmax
Wanang,2001-03-01,31.85,2001,3,tmax
Yapsiei,2001-03-01,31.410000000000004,2001,3,tmax
Elem,2001-04-01,31.320000000000004,2001,4,tmax
Morox,2001-04-01,30.62,2001,4,tmax
Niksek,2001-04-01,31.160000000000004,2001,4,tmax
Ohu,2001-04-01,30.970000000000002,2001,4,tmax
Utai,2001-04-01,30.240000000000002,2001,4,tmax
Wamangu,2001-04-01,31.12,2001,4,tmax
Wanang,2001-04-01,29.400000000000002,2001,4,tmax
Yapsiei,2001-04-01,31.070000000000004,2001,4,tmax
Elem,2001-05-01,30.520000000000003,2001,5,tmax
Morox,2001-05-01,30.630000000000003,2001,5,tmax
Niksek,2001-05-01,32.2,2001,5,tmax
Ohu,2001-05-01,30.630000000000003,2001,5,tmax
Utai,2001-05-01,29.76,2001,5,tmax
Wamangu,2001-05-01,29.710000000000004,2001,5,tmax
Wanang,2001-05-01,29.51,2001,5,tmax
Yapsiei,2001-05-01,29.37,2001,5,tmax
Elem,2001-06-01,29.12,2001,6,tmax
Morox,2001-06-01,28.980000000000004,2001,6,tmax
Niksek,2001-06-01,28.380000000000003,2001,6,tmax
Ohu,2001-06-01,29.570000000000004,2001,6,tmax
Utai,2001-06-01,29.500000000000004,2001,6,tmax
Wamangu,2001-06-01,29.400000000000002,2001,6,tmax
Wanang,2001-06-01,29.860000000000003,2001,6,tmax
Yapsiei,2001-06-01,29.150000000000002,2001,6,tmax
Elem,2001-07-01,29.210000000000004,2001,7,tmax
Morox,2001-07-01,29.020000000000003,2001,7,tmax
Niksek,2001-07-01,29.37,2001,7,tmax
Ohu,2001-07-01,29.540000000000003,2001,7,tmax
Utai,2001-07-01,29.03,2001,7,tmax
Wamangu,2001-07-01,29.810000000000002,2001,7,tmax
Wanang,2001-07-01,28.390000000000004,2001,7,tmax
Yapsiei,2001-07-01,29.450000000000003,2001,7,tmax
Elem,2001-08-01,28.950000000000003,2001,8,tmax
Morox,2001-08-01,29.150000000000002,2001,8,tmax
Niksek,2001-08-01,30.340000000000003,2001,8,tmax
Ohu,2001-08-01,29.03,2001,8,tmax
Utai,2001-08-01,30.890000000000004,2001,8,tmax
Wamangu,2001-08-01,30.500000000000004,2001,8,tmax
Wanang,2001-08-01,30.570000000000004,2001,8,tmax
Yapsiei,2001-08-01,30.680000000000003,2001,8,tmax
Elem,2001-09-01,31.250000000000004,2001,9,tmax
Morox,2001-09-01,30.680000000000003,2001,9,tmax
Niksek,2001-09-01,30.360000000000003,2001,9,tmax
Ohu,2001-09-01,31.790000000000003,2001,9,tmax
Utai,2001-09-01,31.220000000000002,2001,9,tmax
Wamangu,2001-09-01,30.860000000000003,2001,9,tmax
Wanang,2001-09-01,31.1,2001,9,tmax
Yapsiei,2001-09-01,30.470000000000002,2001,9,tmax
Elem,2001-10-01,29.900000000000002,2001,10,tmax
Morox,2001-10-01,29.570000000000004,2001,10,tmax
Niksek,2001-10-01,29.340000000000003,2001,10,tmax
Ohu,2001-10-01,29.220000000000002,2001,10,tmax
Utai,2001-10-01,28.980000000000004,2001,10,tmax
Wamangu,2001-10-01,28.660000000000004,2001,10,tmax
Wanang,2001-10-01,27.840000000000003,2001,10,tmax
Yapsiei,2001-10-01,29.610000000000003,2001,10,tmax
Elem,2001-11-01,29.580000000000002,2001,11,tmax
Morox,2001-11-01,29.53,2001,11,tmax
Niksek,2001-11-01,30.020000000000003,2001,11,tmax
Ohu,2001-11-01,28.990000000000002,2001,11,tmax
Utai,2001-11-01,30.140000000000004,2001,11,tmax
Wamangu,2001-11-01,29.78,2001,11,tmax
Wanang,2001-11-01,30.1,2001,11,tmax
Yapsiei,2001-11-01,30.090000000000003,2001,11,tmax
Elem,2001-12-01,29.250000000000004,2001,12,tmax
Morox,2001-12-01,29.69,2001,12,tmax
Niksek,2001-12-01,28.050000000000004,2001,12,tmax
Ohu,2001-12-01,29.150000000000002,2001,12,tmax
Utai,2001-12-01,29.060000000000002,2001,12,tmax
Wamangu,2001-12-01,29.900000000000002,2001,12,tmax
Wanang,2001-12-01,31.330000000000002,2001,12,tmax
Yapsiei,2001-12-01,30.03,2001,12,tmax
Elem,2002-01-01,31.480000000000004,2002,1,tmax
Morox,2002-01-01,30.85,2002,1,tmax
Niksek,2002-01-01,30.680000000000003,2002,1,tmax
Ohu,2002-01-01,30.87,2002,1,tmax
Utai,2002-01-01,30.960000000000004,2002,1,tmax
Wamangu,2002-01-01,30.720000000000002,2002,1,tmax
Wanang,2002-01-01,30.53,2002,1,tmax
Yapsiei,2002-01-01,31.390000000000004,2002,1,tmax
Elem,2002-02-01,31.51,2002,2,tmax
Morox,2002-02-01,31.53,2002,2,tmax
Niksek,2002-02-01,31.950000000000003,2002,2,tmax
Ohu,2002-02-01,31.270000000000003,2002,2,tmax
Utai,2002-02-01,32.260000000000005,2002,2,tmax
Wamangu,2002-02-01,31.800000000000004,2002,2,tmax
Wanang,2002-02-01,31.67,2002,2,tmax
Yapsiei,2002-02-01,32.050000000000004,2002,2,tmax
Elem,2002-03-01,32.800000000000004,2002,3,tmax
Morox,2002-03-01,32.18,2002,3,tmax
Niksek,2002-03-01,32.35,2002,3,tmax
Ohu,2002-03-01,32.81,2002,3,tmax
Utai,2002-03-01,32.61,2002,3,tmax
Wamangu,2002-03-01,32.940000000000005,2002,3,tmax
Wanang,2002-03-01,32.77,2002,3,tmax
Yapsiei,2002-03-01,32.540000000000006,2002,3,tmax
Elem,2002-04-01,32.230000000000004,2002,4,tmax
Morox,2002-04-01,31.450000000000003,2002,4,tmax
Niksek,2002-04-01,31.490000000000002,2002,4,tmax
Ohu,2002-04-01,31.410000000000004,2002,4,tmax
Utai,2002-04-01,31.130000000000003,2002,4,tmax
Wamangu,2002-04-01,30.62,2002,4,tmax
Wanang,2002-04-01,30.130000000000003,2002,4,tmax
Yapsiei,2002-04-01,31.150000000000002,2002,4,tmax
Elem,2002-05-01,31.250000000000004,2002,5,tmax
Morox,2002-05-01,31.570000000000004,2002,5,tmax
Niksek,2002-05-01,32.28,2002,5,tmax
Ohu,2002-05-01,31.590000000000003,2002,5,tmax
Utai,2002-05-01,30.230000000000004,2002,5,tmax
Wamangu,2002-05-01,29.880000000000003,2002,5,tmax
Wanang,2002-05-01,29.53,2002,5,tmax
Yapsiei,2002-05-01,29.78,2002,5,tmax
Elem,2002-06-01,29.720000000000002,2002,6,tmax
Morox,2002-06-01,29.42,2002,6,tmax
Niksek,2002-06-01,28.900000000000002,2002,6,tmax
Ohu,2002-06-01,29.310000000000002,2002,6,tmax
Utai,2002-06-01,29.740000000000002,2002,6,tmax
Wamangu,2002-06-01,29.900000000000002,2002,6,tmax
Wanang,2002-06-01,30.35,2002,6,tmax
Yapsiei,2002-06-01,30.150000000000002,2002,6,tmax
Elem,2002-07-01,30.200000000000003,2002,7,tmax
Morox,2002-07-01,29.900000000000002,2002,7,tmax
Niksek,2002-07-01,29.900000000000002,2002,7,tmax
Ohu,2002-07-01,30.19,2002,7,tmax
Utai,2002-07-01,30.110000000000003,2002,7,tmax
Wamangu,2002-07-01,29.410000000000004,2002,7,tmax
Wanang,2002-07-01,29.180000000000003,2002,7,tmax
Yapsiei,2002-07-01,29.67,2002,7,tmax
Elem,2002-08-01,29.680000000000003,2002,8,tmax
Morox,2002-08-01,30.340000000000003,2002,8,tmax
Niksek,2002-08-01,30.580000000000002,2002,8,tmax
Ohu,2002-08-01,30.020000000000003,2002,8,tmax
Utai,2002-08-01,31.490000000000002,2002,8,tmax
Wamangu,2002-08-01,31.050000000000004,2002,8,tmax
Wanang,2002-08-01,31.000000000000004,2002,8,tmax
Yapsiei,2002-08-01,31.450000000000003,2002,8,tmax
Elem,2002-09-01,32.11,2002,9,tmax
Morox,2002-09-01,31.290000000000003,2002,9,tmax
Niksek,2002-09-01,31.340000000000003,2002,9,tmax
Ohu,2002-09-01,31.890000000000004,2002,9,tmax
Utai,2002-09-01,31.87,2002,9,tmax
Wamangu,2002-09-01,31.810000000000002,2002,9,tmax
Wanang,2002-09-01,32.050000000000004,2002,9,tmax
Yapsiei,2002-09-01,31.640000000000004,2002,9,tmax
Elem,2002-10-01,30.410000000000004,2002,10,tmax
Morox,2002-10-01,29.78,2002,10,tmax
Niksek,2002-10-01,29.460000000000004,2002,10,tmax
Ohu,2002-10-01,29.660000000000004,2002,10,tmax
Utai,2002-10-01,29.6,2002,10,tmax
Wamangu,2002-10-01,29.150000000000002,2002,10,tmax
Wanang,2002-10-01,28.69,2002,10,tmax
Yapsiei,2002-10-01,29.330000000000002,2002,10,tmax
Elem,2002-11-01,29.750000000000004,2002,11,tmax
Morox,2002-11-01,29.92,2002,11,tmax
Niksek,2002-11-01,30.490000000000002,2002,11,tmax
Ohu,2002-11-01,29.960000000000004,2002,11,tmax
Utai,2002-11-01,31.150000000000002,2002,11,tmax
Wamangu,2002-11-01,30.53,2002,11,tmax
Wanang,2002-11-01,30.44,2002,11,tmax
Yapsiei,2002-11-01,30.410000000000004,2002,11,tmax
Elem,2002-12-01,30.000000000000004,2002,12,tmax
Morox,2002-12-01,29.160000000000004,2002,12,tmax
Niksek,2002-12-01,28.330000000000002,2002,12,tmax
Ohu,2002-12-01,29.240000000000002,2002,12,tmax
Utai,2002-12-01,29.78,2002,12,tmax
Wamangu,2002-12-01,30.740000000000002,2002,12,tmax
Wanang,2002-12-01,31.330000000000002,2002,12,tmax
Yapsiei,2002-12-01,30.840000000000003,2002,12,tmax
Elem,2003-01-01,31.300000000000004,2003,1,tmax
Morox,2003-01-01,31.070000000000004,2003,1,tmax
Niksek,2003-01-01,30.800000000000004,2003,1,tmax
Ohu,2003-01-01,30.970000000000002,2003,1,tmax
Utai,2003-01-01,30.85,2003,1,tmax
Wamangu,2003-01-01,30.44,2003,1,tmax
Wanang,2003-01-01,30.320000000000004,2003,1,tmax
Yapsiei,2003-01-01,31.290000000000003,2003,1,tmax
Elem,2003-02-01,31.060000000000002,2003,2,tmax
Morox,2003-02-01,31.550000000000004,2003,2,tmax
Niksek,2003-02-01,31.950000000000003,2003,2,tmax
Ohu,2003-02-01,31.53,2003,2,tmax
Utai,2003-02-01,32.02,2003,2,tmax
Wamangu,2003-02-01,31.900000000000002,2003,2,tmax
Wanang,2003-02-01,31.67,2003,2,tmax
Yapsiei,2003-02-01,32.120000000000005,2003,2,tmax
Elem,2003-03-01,32.6,2003,3,tmax
Morox,2003-03-01,31.790000000000003,2003,3,tmax
Niksek,2003-03-01,31.770000000000003,2003,3,tmax
Ohu,2003-03-01,32.45,2003,3,tmax
Utai,2003-03-01,31.990000000000002,2003,3,tmax
Wamangu,2003-03-01,32.760000000000005,2003,3,tmax
Wanang,2003-03-01,32.690000000000005,2003,3,tmax
Yapsiei,2003-03-01,32.75,2003,3,tmax
Elem,2003-04-01,32,2003,4,tmax
Morox,2003-04-01,31.550000000000004,2003,4,tmax
Niksek,2003-04-01,31.470000000000002,2003,4,tmax
Ohu,2003-04-01,31.540000000000003,2003,4,tmax
Utai,2003-04-01,31.28,2003,4,tmax
Wamangu,2003-04-01,32.32,2003,4,tmax
Wanang,2003-04-01,29.910000000000004,2003,4,tmax
Yapsiei,2003-04-01,30.960000000000004,2003,4,tmax
Elem,2003-05-01,30.750000000000004,2003,5,tmax
Morox,2003-05-01,31.6,2003,5,tmax
Niksek,2003-05-01,32.300000000000004,2003,5,tmax
Ohu,2003-05-01,31.580000000000002,2003,5,tmax
Utai,2003-05-01,29.94,2003,5,tmax
Wamangu,2003-05-01,30.220000000000002,2003,5,tmax
Wanang,2003-05-01,29.67,2003,5,tmax
Yapsiei,2003-05-01,29.840000000000003,2003,5,tmax
Elem,2003-06-01,29.51,2003,6,tmax
Morox,2003-06-01,29.180000000000003,2003,6,tmax
Niksek,2003-06-01,28.92,2003,6,tmax
Ohu,2003-06-01,29.28,2003,6,tmax
Utai,2003-06-01,29.390000000000004,2003,6,tmax
Wamangu,2003-06-01,29.930000000000003,2003,6,tmax
Wanang,2003-06-01,30.390000000000004,2003,6,tmax
Yapsiei,2003-06-01,30.42,2003,6,tmax
Elem,2003-07-01,29.660000000000004,2003,7,tmax
Morox,2003-07-01,29.770000000000003,2003,7,tmax
Niksek,2003-07-01,29.710000000000004,2003,7,tmax
Ohu,2003-07-01,30.300000000000004,2003,7,tmax
Utai,2003-07-01,30.35,2003,7,tmax
Wamangu,2003-07-01,31.01,2003,7,tmax
Wanang,2003-07-01,28.900000000000002,2003,7,tmax
Yapsiei,2003-07-01,29.150000000000002,2003,7,tmax
Elem,2003-08-01,29.19,2003,8,tmax
Morox,2003-08-01,30.000000000000004,2003,8,tmax
Niksek,2003-08-01,30.640000000000004,2003,8,tmax
Ohu,2003-08-01,30.090000000000003,2003,8,tmax
Utai,2003-08-01,31.220000000000002,2003,8,tmax
Wamangu,2003-08-01,31.070000000000004,2003,8,tmax
Wanang,2003-08-01,30.930000000000003,2003,8,tmax
Yapsiei,2003-08-01,31.550000000000004,2003,8,tmax
Elem,2003-09-01,31.94,2003,9,tmax
Morox,2003-09-01,30.880000000000003,2003,9,tmax
Niksek,2003-09-01,30.680000000000003,2003,9,tmax
Ohu,2003-09-01,31.460000000000004,2003,9,tmax
Utai,2003-09-01,31.230000000000004,2003,9,tmax
Wamangu,2003-09-01,31.580000000000002,2003,9,tmax
Wanang,2003-09-01,31.980000000000004,2003,9,tmax
Yapsiei,2003-09-01,31.830000000000002,2003,9,tmax
Elem,2003-10-01,30.19,2003,10,tmax
Morox,2003-10-01,30.140000000000004,2003,10,tmax
Niksek,2003-10-01,29.650000000000002,2003,10,tmax
Ohu,2003-10-01,29.700000000000003,2003,10,tmax
Utai,2003-10-01,29.450000000000003,2003,10,tmax
Wamangu,2003-10-01,29.090000000000003,2003,10,tmax
Wanang,2003-10-01,28.800000000000004,2003,10,tmax
Yapsiei,2003-10-01,29.42,2003,10,tmax
Elem,2003-11-01,29.470000000000002,2003,11,tmax
Morox,2003-11-01,30.03,2003,11,tmax
Niksek,2003-11-01,30.560000000000002,2003,11,tmax
Ohu,2003-11-01,30.270000000000003,2003,11,tmax
Utai,2003-11-01,30.740000000000002,2003,11,tmax
Wamangu,2003-11-01,30.6,2003,11,tmax
Wanang,2003-11-01,30.44,2003,11,tmax
Yapsiei,2003-11-01,30.500000000000004,2003,11,tmax
Elem,2003-12-01,30.400000000000002,2003,12,tmax
Morox,2003-12-01,30.830000000000002,2003,12,tmax
Niksek,2003-12-01,28.580000000000002,2003,12,tmax
Ohu,2003-12-01,29.230000000000004,2003,12,tmax
Utai,2003-12-01,29.310000000000002,2003,12,tmax
Wamangu,2003-12-01,30.750000000000004,2003,12,tmax
Wanang,2003-12-01,31.37,2003,12,tmax
Yapsiei,2003-12-01,30.76,2003,12,tmax
Elem,2004-01-01,31.570000000000004,2004,1,tmax
Morox,2004-01-01,31.020000000000003,2004,1,tmax
Niksek,2004-01-01,30.950000000000003,2004,1,tmax
Ohu,2004-01-01,31.070000000000004,2004,1,tmax
Utai,2004-01-01,30.820000000000004,2004,1,tmax
Wamangu,2004-01-01,30.490000000000002,2004,1,tmax
Wanang,2004-01-01,30.37,2004,1,tmax
Yapsiei,2004-01-01,31.300000000000004,2004,1,tmax
Elem,2004-02-01,31.35,2004,2,tmax
Morox,2004-02-01,31.19,2004,2,tmax
Niksek,2004-02-01,31.560000000000002,2004,2,tmax
Ohu,2004-02-01,31.430000000000003,2004,2,tmax
Utai,2004-02-01,32.35,2004,2,tmax
Wamangu,2004-02-01,31.94,2004,2,tmax
Wanang,2004-02-01,32.06,2004,2,tmax
Yapsiei,2004-02-01,32.220000000000006,2004,2,tmax
Elem,2004-03-01,32.370000000000005,2004,3,tmax
Morox,2004-03-01,32.07,2004,3,tmax
Niksek,2004-03-01,32.040000000000006,2004,3,tmax
Ohu,2004-03-01,32.580000000000005,2004,3,tmax
Utai,2004-03-01,32.220000000000006,2004,3,tmax
Wamangu,2004-03-01,32.61,2004,3,tmax
Wanang,2004-03-01,32.230000000000004,2004,3,tmax
Yapsiei,2004-03-01,32.64,2004,3,tmax
Elem,2004-04-01,32.13,2004,4,tmax
Morox,2004-04-01,31.42,2004,4,tmax
Niksek,2004-04-01,31.67,2004,4,tmax
Ohu,2004-04-01,31.76,2004,4,tmax
Utai,2004-04-01,31.150000000000002,2004,4,tmax
Wamangu,2004-04-01,30.250000000000004,2004,4,tmax
Wanang,2004-04-01,29.750000000000004,2004,4,tmax
Yapsiei,2004-04-01,30.970000000000002,2004,4,tmax
Elem,2004-05-01,30.960000000000004,2004,5,tmax
Morox,2004-05-01,31.080000000000002,2004,5,tmax
Niksek,2004-05-01,32.11,2004,5,tmax
Ohu,2004-05-01,31.790000000000003,2004,5,tmax
Utai,2004-05-01,30.44,2004,5,tmax
Wamangu,2004-05-01,30.12,2004,5,tmax
Wanang,2004-05-01,29.910000000000004,2004,5,tmax
Yapsiei,2004-05-01,29.94,2004,5,tmax
Elem,2004-06-01,29.360000000000003,2004,6,tmax
Morox,2004-06-01,29.070000000000004,2004,6,tmax
Niksek,2004-06-01,28.840000000000003,2004,6,tmax
Ohu,2004-06-01,29.130000000000003,2004,6,tmax
Utai,2004-06-01,29.67,2004,6,tmax
Wamangu,2004-06-01,29.700000000000003,2004,6,tmax
Wanang,2004-06-01,30.000000000000004,2004,6,tmax
Yapsiei,2004-06-01,30.28,2004,6,tmax
Elem,2004-07-01,30.080000000000002,2004,7,tmax
Morox,2004-07-01,29.94,2004,7,tmax
Niksek,2004-07-01,29.970000000000002,2004,7,tmax
Ohu,2004-07-01,30.520000000000003,2004,7,tmax
Utai,2004-07-01,29.860000000000003,2004,7,tmax
Wamangu,2004-07-01,29.220000000000002,2004,7,tmax
Wanang,2004-07-01,28.840000000000003,2004,7,tmax
Yapsiei,2004-07-01,29.520000000000003,2004,7,tmax
Elem,2004-08-01,29.330000000000002,2004,8,tmax
Morox,2004-08-01,29.78,2004,8,tmax
Niksek,2004-08-01,30.250000000000004,2004,8,tmax
Ohu,2004-08-01,30.300000000000004,2004,8,tmax
Utai,2004-08-01,31.550000000000004,2004,8,tmax
Wamangu,2004-08-01,31.140000000000004,2004,8,tmax
Wanang,2004-08-01,31.360000000000003,2004,8,tmax
Yapsiei,2004-08-01,31.640000000000004,2004,8,tmax
Elem,2004-09-01,31.660000000000004,2004,9,tmax
Morox,2004-09-01,31.210000000000004,2004,9,tmax
Niksek,2004-09-01,30.970000000000002,2004,9,tmax
Ohu,2004-09-01,31.650000000000002,2004,9,tmax
Utai,2004-09-01,31.44,2004,9,tmax
Wamangu,2004-09-01,31.480000000000004,2004,9,tmax
Wanang,2004-09-01,31.500000000000004,2004,9,tmax
Yapsiei,2004-09-01,31.730000000000004,2004,9,tmax
Elem,2004-10-01,30.650000000000002,2004,10,tmax
Morox,2004-10-01,30.050000000000004,2004,10,tmax
Niksek,2004-10-01,29.790000000000003,2004,10,tmax
Ohu,2004-10-01,29.800000000000004,2004,10,tmax
Utai,2004-10-01,29.380000000000003,2004,10,tmax
Wamangu,2004-10-01,28.730000000000004,2004,10,tmax
Wanang,2004-10-01,28.67,2004,10,tmax
Yapsiei,2004-10-01,29.240000000000002,2004,10,tmax
Elem,2004-11-01,29.740000000000002,2004,11,tmax
Morox,2004-11-01,29.700000000000003,2004,11,tmax
Niksek,2004-11-01,30.130000000000003,2004,11,tmax
Ohu,2004-11-01,30.090000000000003,2004,11,tmax
Utai,2004-11-01,30.880000000000003,2004,11,tmax
Wamangu,2004-11-01,30.500000000000004,2004,11,tmax
Wanang,2004-11-01,30.51,2004,11,tmax
Yapsiei,2004-11-01,30.76,2004,11,tmax
Elem,2004-12-01,30.130000000000003,2004,12,tmax
Morox,2004-12-01,28.410000000000004,2004,12,tmax
Niksek,2004-12-01,28.080000000000002,2004,12,tmax
Ohu,2004-12-01,29.03,2004,12,tmax
Utai,2004-12-01,29.380000000000003,2004,12,tmax
Wamangu,2004-12-01,30.140000000000004,2004,12,tmax
Wanang,2004-12-01,31.090000000000003,2004,12,tmax
Yapsiei,2004-12-01,31.060000000000002,2004,12,tmax
Elem,2005-01-01,31.340000000000003,2005,1,tmax
Morox,2005-01-01,31.410000000000004,2005,1,tmax
Niksek,2005-01-01,30.87,2005,1,tmax
Ohu,2005-01-01,31.110000000000003,2005,1,tmax
Utai,2005-01-01,30.840000000000003,2005,1,tmax
Wamangu,2005-01-01,30.980000000000004,2005,1,tmax
Wanang,2005-01-01,30.450000000000003,2005,1,tmax
Yapsiei,2005-01-01,31.070000000000004,2005,1,tmax
Elem,2005-02-01,31.360000000000003,2005,2,tmax
Morox,2005-02-01,31.550000000000004,2005,2,tmax
Niksek,2005-02-01,31.37,2005,2,tmax
Ohu,2005-02-01,31.12,2005,2,tmax
Utai,2005-02-01,32.2,2005,2,tmax
Wamangu,2005-02-01,32.150000000000006,2005,2,tmax
Wanang,2005-02-01,31.680000000000003,2005,2,tmax
Yapsiei,2005-02-01,32.39,2005,2,tmax
Elem,2005-03-01,32.480000000000004,2005,3,tmax
Morox,2005-03-01,32.36,2005,3,tmax
Niksek,2005-03-01,32.050000000000004,2005,3,tmax
Ohu,2005-03-01,32.35,2005,3,tmax
Utai,2005-03-01,32.290000000000006,2005,3,tmax
Wamangu,2005-03-01,32.720000000000006,2005,3,tmax
Wanang,2005-03-01,32.14,2005,3,tmax
Yapsiei,2005-03-01,32.28,2005,3,tmax
Elem,2005-04-01,32.18,2005,4,tmax
Morox,2005-04-01,32.080000000000005,2005,4,tmax
Niksek,2005-04-01,31.550000000000004,2005,4,tmax
Ohu,2005-04-01,31.740000000000002,2005,4,tmax
Utai,2005-04-01,31.140000000000004,2005,4,tmax
Wamangu,2005-04-01,30.92,2005,4,tmax
Wanang,2005-04-01,30.03,2005,4,tmax
Yapsiei,2005-04-01,30.880000000000003,2005,4,tmax
Elem,2005-05-01,31.090000000000003,2005,5,tmax
Morox,2005-05-01,31.610000000000003,2005,5,tmax
Niksek,2005-05-01,32.040000000000006,2005,5,tmax
Ohu,2005-05-01,31.17,2005,5,tmax
Utai,2005-05-01,29.810000000000002,2005,5,tmax
Wamangu,2005-05-01,30.160000000000004,2005,5,tmax
Wanang,2005-05-01,29.650000000000002,2005,5,tmax
Yapsiei,2005-05-01,29.990000000000002,2005,5,tmax
Elem,2005-06-01,29.340000000000003,2005,6,tmax
Morox,2005-06-01,29.650000000000002,2005,6,tmax
Niksek,2005-06-01,28.990000000000002,2005,6,tmax
Ohu,2005-06-01,29.000000000000004,2005,6,tmax
Utai,2005-06-01,29.67,2005,6,tmax
Wamangu,2005-06-01,29.800000000000004,2005,6,tmax
Wanang,2005-06-01,29.76,2005,6,tmax
Yapsiei,2005-06-01,30.000000000000004,2005,6,tmax
Elem,2005-07-01,30.250000000000004,2005,7,tmax
Morox,2005-07-01,30.040000000000003,2005,7,tmax
Niksek,2005-07-01,29.840000000000003,2005,7,tmax
Ohu,2005-07-01,30.67,2005,7,tmax
Utai,2005-07-01,30.020000000000003,2005,7,tmax
Wamangu,2005-07-01,29.67,2005,7,tmax
Wanang,2005-07-01,29.01,2005,7,tmax
Yapsiei,2005-07-01,29.240000000000002,2005,7,tmax
Elem,2005-08-01,29.53,2005,8,tmax
Morox,2005-08-01,30.050000000000004,2005,8,tmax
Niksek,2005-08-01,30.240000000000002,2005,8,tmax
Ohu,2005-08-01,29.610000000000003,2005,8,tmax
Utai,2005-08-01,31.520000000000003,2005,8,tmax
Wamangu,2005-08-01,31.390000000000004,2005,8,tmax
Wanang,2005-08-01,30.94,2005,8,tmax
Yapsiei,2005-08-01,31.840000000000003,2005,8,tmax
Elem,2005-09-01,31.800000000000004,2005,9,tmax
Morox,2005-09-01,31.480000000000004,2005,9,tmax
Niksek,2005-09-01,30.990000000000002,2005,9,tmax
Ohu,2005-09-01,31.390000000000004,2005,9,tmax
Utai,2005-09-01,31.53,2005,9,tmax
Wamangu,2005-09-01,31.550000000000004,2005,9,tmax
Wanang,2005-09-01,31.430000000000003,2005,9,tmax
Yapsiei,2005-09-01,31.330000000000002,2005,9,tmax
Elem,2005-10-01,30.070000000000004,2005,10,tmax
Morox,2005-10-01,30.180000000000003,2005,10,tmax
Niksek,2005-10-01,29.67,2005,10,tmax
Ohu,2005-10-01,29.820000000000004,2005,10,tmax
Utai,2005-10-01,29.330000000000002,2005,10,tmax
Wamangu,2005-10-01,29.460000000000004,2005,10,tmax
Wanang,2005-10-01,28.87,2005,10,tmax
Yapsiei,2005-10-01,29.090000000000003,2005,10,tmax
Elem,2005-11-01,29.740000000000002,2005,11,tmax
Morox,2005-11-01,29.970000000000002,2005,11,tmax
Niksek,2005-11-01,29.900000000000002,2005,11,tmax
Ohu,2005-11-01,29.810000000000002,2005,11,tmax
Utai,2005-11-01,30.950000000000003,2005,11,tmax
Wamangu,2005-11-01,30.890000000000004,2005,11,tmax
Wanang,2005-11-01,30.520000000000003,2005,11,tmax
Yapsiei,2005-11-01,30.650000000000002,2005,11,tmax
Elem,2005-12-01,29.930000000000003,2005,12,tmax
Morox,2005-12-01,29.53,2005,12,tmax
Niksek,2005-12-01,28.710000000000004,2005,12,tmax
Ohu,2005-12-01,29.140000000000004,2005,12,tmax
Utai,2005-12-01,29.62,2005,12,tmax
Wamangu,2005-12-01,30.910000000000004,2005,12,tmax
Wanang,2005-12-01,31.17,2005,12,tmax
Yapsiei,2005-12-01,30.37,2005,12,tmax
Elem,2006-01-01,31.130000000000003,2006,1,tmax
Morox,2006-01-01,31.150000000000002,2006,1,tmax
Niksek,2006-01-01,30.62,2006,1,tmax
Ohu,2006-01-01,30.540000000000003,2006,1,tmax
Utai,2006-01-01,30.820000000000004,2006,1,tmax
Wamangu,2006-01-01,30.730000000000004,2006,1,tmax
Wanang,2006-01-01,30.44,2006,1,tmax
Yapsiei,2006-01-01,31.050000000000004,2006,1,tmax
Elem,2006-02-01,31.390000000000004,2006,2,tmax
Morox,2006-02-01,31.42,2006,2,tmax
Niksek,2006-02-01,31.580000000000002,2006,2,tmax
Ohu,2006-02-01,31.570000000000004,2006,2,tmax
Utai,2006-02-01,31.990000000000002,2006,2,tmax
Wamangu,2006-02-01,31.990000000000002,2006,2,tmax
Wanang,2006-02-01,31.640000000000004,2006,2,tmax
Yapsiei,2006-02-01,31.720000000000002,2006,2,tmax
Elem,2006-03-01,32.550000000000004,2006,3,tmax
Morox,2006-03-01,32.160000000000004,2006,3,tmax
Niksek,2006-03-01,32.07,2006,3,tmax
Ohu,2006-03-01,32.400000000000006,2006,3,tmax
Utai,2006-03-01,32.27,2006,3,tmax
Wamangu,2006-03-01,32.7,2006,3,tmax
Wanang,2006-03-01,32.27,2006,3,tmax
Yapsiei,2006-03-01,32.71,2006,3,tmax
Elem,2006-04-01,31.85,2006,4,tmax
Morox,2006-04-01,31.560000000000002,2006,4,tmax
Niksek,2006-04-01,31.290000000000003,2006,4,tmax
Ohu,2006-04-01,31.040000000000003,2006,4,tmax
Utai,2006-04-01,31.150000000000002,2006,4,tmax
Wamangu,2006-04-01,30.570000000000004,2006,4,tmax
Wanang,2006-04-01,29.960000000000004,2006,4,tmax
Yapsiei,2006-04-01,30.720000000000002,2006,4,tmax
Elem,2006-05-01,30.860000000000003,2006,5,tmax
Morox,2006-05-01,31.570000000000004,2006,5,tmax
Niksek,2006-05-01,32.1,2006,5,tmax
Ohu,2006-05-01,32.040000000000006,2006,5,tmax
Utai,2006-05-01,29.890000000000004,2006,5,tmax
Wamangu,2006-05-01,30.200000000000003,2006,5,tmax
Wanang,2006-05-01,29.660000000000004,2006,5,tmax
Yapsiei,2006-05-01,29.62,2006,5,tmax
Elem,2006-06-01,29.53,2006,6,tmax
Morox,2006-06-01,29.500000000000004,2006,6,tmax
Niksek,2006-06-01,29.01,2006,6,tmax
Ohu,2006-06-01,28.830000000000002,2006,6,tmax
Utai,2006-06-01,29.78,2006,6,tmax
Wamangu,2006-06-01,29.650000000000002,2006,6,tmax
Wanang,2006-06-01,29.980000000000004,2006,6,tmax
Yapsiei,2006-06-01,30.200000000000003,2006,6,tmax
Elem,2006-07-01,29.930000000000003,2006,7,tmax
Morox,2006-07-01,29.810000000000002,2006,7,tmax
Niksek,2006-07-01,29.650000000000002,2006,7,tmax
Ohu,2006-07-01,29.680000000000003,2006,7,tmax
Utai,2006-07-01,29.910000000000004,2006,7,tmax
Wamangu,2006-07-01,29.26,2006,7,tmax
Wanang,2006-07-01,29.020000000000003,2006,7,tmax
Yapsiei,2006-07-01,29.26,2006,7,tmax
Elem,2006-08-01,29.230000000000004,2006,8,tmax
Morox,2006-08-01,29.980000000000004,2006,8,tmax
Niksek,2006-08-01,30.410000000000004,2006,8,tmax
Ohu,2006-08-01,30.570000000000004,2006,8,tmax
Utai,2006-08-01,31.240000000000002,2006,8,tmax
Wamangu,2006-08-01,31.19,2006,8,tmax
Wanang,2006-08-01,30.92,2006,8,tmax
Yapsiei,2006-08-01,31.070000000000004,2006,8,tmax
Elem,2006-09-01,31.85,2006,9,tmax
Morox,2006-09-01,31.230000000000004,2006,9,tmax
Niksek,2006-09-01,30.990000000000002,2006,9,tmax
Ohu,2006-09-01,31.480000000000004,2006,9,tmax
Utai,2006-09-01,31.44,2006,9,tmax
Wamangu,2006-09-01,31.520000000000003,2006,9,tmax
Wanang,2006-09-01,31.550000000000004,2006,9,tmax
Yapsiei,2006-09-01,31.85,2006,9,tmax
Elem,2006-10-01,30.01,2006,10,tmax
Morox,2006-10-01,30.150000000000002,2006,10,tmax
Niksek,2006-10-01,29.62,2006,10,tmax
Ohu,2006-10-01,29.450000000000003,2006,10,tmax
Utai,2006-10-01,29.470000000000002,2006,10,tmax
Wamangu,2006-10-01,29.26,2006,10,tmax
Wanang,2006-10-01,28.860000000000003,2006,10,tmax
Yapsiei,2006-10-01,28.900000000000002,2006,10,tmax
Elem,2006-11-01,29.820000000000004,2006,11,tmax
Morox,2006-11-01,29.710000000000004,2006,11,tmax
Niksek,2006-11-01,30.160000000000004,2006,11,tmax
Ohu,2006-11-01,30.1,2006,11,tmax
Utai,2006-11-01,30.67,2006,11,tmax
Wamangu,2006-11-01,30.650000000000002,2006,11,tmax
Wanang,2006-11-01,30.310000000000002,2006,11,tmax
Yapsiei,2006-11-01,30.210000000000004,2006,11,tmax
Elem,2006-12-01,30.12,2006,12,tmax
Morox,2006-12-01,29.180000000000003,2006,12,tmax
Niksek,2006-12-01,28.450000000000003,2006,12,tmax
Ohu,2006-12-01,28.630000000000003,2006,12,tmax
Utai,2006-12-01,29.240000000000002,2006,12,tmax
Wamangu,2006-12-01,30.580000000000002,2006,12,tmax
Wanang,2006-12-01,31.200000000000003,2006,12,tmax
Yapsiei,2006-12-01,31.360000000000003,2006,12,tmax
Elem,1970-01-01,296.40000000000003,1970,1,ppt
Morox,1970-01-01,292.2,1970,1,ppt
Niksek,1970-01-01,472.20000000000005,1970,1,ppt
Ohu,1970-01-01,290.6,1970,1,ppt
Utai,1970-01-01,317.40000000000003,1970,1,ppt
Wamangu,1970-01-01,105.4,1970,1,ppt
Wanang,1970-01-01,149.9,1970,1,ppt
Yapsiei,1970-01-01,127,1970,1,ppt
Elem,1970-02-01,181.60000000000002,1970,2,ppt
Morox,1970-02-01,385.3,1970,2,ppt
Niksek,1970-02-01,398.8,1970,2,ppt
Ohu,1970-02-01,404.6,1970,2,ppt
Utai,1970-02-01,159.20000000000002,1970,2,ppt
Wamangu,1970-02-01,180,1970,2,ppt
Wanang,1970-02-01,255.8,1970,2,ppt
Yapsiei,1970-02-01,185.70000000000002,1970,2,ppt
Elem,1970-03-01,200.3,1970,3,ppt
Morox,1970-03-01,82.9,1970,3,ppt
Niksek,1970-03-01,87.30000000000001,1970,3,ppt
Ohu,1970-03-01,63.2,1970,3,ppt
Utai,1970-03-01,112,1970,3,ppt
Wamangu,1970-03-01,234.70000000000002,1970,3,ppt
Wanang,1970-03-01,281.8,1970,3,ppt
Yapsiei,1970-03-01,237.4,1970,3,ppt
Elem,1970-04-01,255.5,1970,4,ppt
Morox,1970-04-01,341.8,1970,4,ppt
Niksek,1970-04-01,416.8,1970,4,ppt
Ohu,1970-04-01,260.8,1970,4,ppt
Utai,1970-04-01,350.8,1970,4,ppt
Wamangu,1970-04-01,161.4,1970,4,ppt
Wanang,1970-04-01,250.70000000000002,1970,4,ppt
Yapsiei,1970-04-01,239.9,1970,4,ppt
Elem,1970-05-01,301.7,1970,5,ppt
Morox,1970-05-01,414.8,1970,5,ppt
Niksek,1970-05-01,413.90000000000003,1970,5,ppt
Ohu,1970-05-01,362.5,1970,5,ppt
Utai,1970-05-01,287.2,1970,5,ppt
Wamangu,1970-05-01,272.2,1970,5,ppt
Wanang,1970-05-01,393.5,1970,5,ppt
Yapsiei,1970-05-01,308.1,1970,5,ppt
Elem,1970-06-01,193.3,1970,6,ppt
Morox,1970-06-01,139.4,1970,6,ppt
Niksek,1970-06-01,160.70000000000002,1970,6,ppt
Ohu,1970-06-01,93.5,1970,6,ppt
Utai,1970-06-01,213.3,1970,6,ppt
Wamangu,1970-06-01,353.40000000000003,1970,6,ppt
Wanang,1970-06-01,310.1,1970,6,ppt
Yapsiei,1970-06-01,350.90000000000003,1970,6,ppt
Elem,1970-07-01,182.10000000000002,1970,7,ppt
Morox,1970-07-01,235.4,1970,7,ppt
Niksek,1970-07-01,318.70000000000005,1970,7,ppt
Ohu,1970-07-01,265.1,1970,7,ppt
Utai,1970-07-01,252.70000000000002,1970,7,ppt
Wamangu,1970-07-01,121.5,1970,7,ppt
Wanang,1970-07-01,176.10000000000002,1970,7,ppt
Yapsiei,1970-07-01,121.80000000000001,1970,7,ppt
Elem,1970-08-01,224.70000000000002,1970,8,ppt
Morox,1970-08-01,239.5,1970,8,ppt
Niksek,1970-08-01,256.8,1970,8,ppt
Ohu,1970-08-01,256,1970,8,ppt
Utai,1970-08-01,109.4,1970,8,ppt
Wamangu,1970-08-01,143.6,1970,8,ppt
Wanang,1970-08-01,200.70000000000002,1970,8,ppt
Yapsiei,1970-08-01,149,1970,8,ppt
Elem,1970-09-01,242.60000000000002,1970,9,ppt
Morox,1970-09-01,96.80000000000001,1970,9,ppt
Niksek,1970-09-01,96.60000000000001,1970,9,ppt
Ohu,1970-09-01,68.4,1970,9,ppt
Utai,1970-09-01,143.70000000000002,1970,9,ppt
Wamangu,1970-09-01,253.10000000000002,1970,9,ppt
Wanang,1970-09-01,245.3,1970,9,ppt
Yapsiei,1970-09-01,187.5,1970,9,ppt
Elem,1970-10-01,357.90000000000003,1970,10,ppt
Morox,1970-10-01,271.7,1970,10,ppt
Niksek,1970-10-01,443.40000000000003,1970,10,ppt
Ohu,1970-10-01,341.8,1970,10,ppt
Utai,1970-10-01,237.5,1970,10,ppt
Wamangu,1970-10-01,123.60000000000001,1970,10,ppt
Wanang,1970-10-01,161.4,1970,10,ppt
Yapsiei,1970-10-01,124.60000000000001,1970,10,ppt
Elem,1970-11-01,208.60000000000002,1970,11,ppt
Morox,1970-11-01,375.90000000000003,1970,11,ppt
Niksek,1970-11-01,351.40000000000003,1970,11,ppt
Ohu,1970-11-01,401.3,1970,11,ppt
Utai,1970-11-01,298.8,1970,11,ppt
Wamangu,1970-11-01,381.8,1970,11,ppt
Wanang,1970-11-01,403.40000000000003,1970,11,ppt
Yapsiei,1970-11-01,358.40000000000003,1970,11,ppt
Elem,1970-12-01,326.3,1970,12,ppt
Morox,1970-12-01,243.4,1970,12,ppt
Niksek,1970-12-01,370.90000000000003,1970,12,ppt
Ohu,1970-12-01,349.3,1970,12,ppt
Utai,1970-12-01,434.70000000000005,1970,12,ppt
Wamangu,1970-12-01,395,1970,12,ppt
Wanang,1970-12-01,409,1970,12,ppt
Yapsiei,1970-12-01,373,1970,12,ppt
Elem,1971-01-01,401.70000000000005,1971,1,ppt
Morox,1971-01-01,224.20000000000002,1971,1,ppt
Niksek,1971-01-01,380.1,1971,1,ppt
Ohu,1971-01-01,338.1,1971,1,ppt
Utai,1971-01-01,258.2,1971,1,ppt
Wamangu,1971-01-01,188.4,1971,1,ppt
Wanang,1971-01-01,184.20000000000002,1971,1,ppt
Yapsiei,1971-01-01,122.10000000000001,1971,1,ppt
Elem,1971-02-01,195.3,1971,2,ppt
Morox,1971-02-01,275.3,1971,2,ppt
Niksek,1971-02-01,289.6,1971,2,ppt
Ohu,1971-02-01,395.6,1971,2,ppt
Utai,1971-02-01,215.70000000000002,1971,2,ppt
Wamangu,1971-02-01,105.60000000000001,1971,2,ppt
Wanang,1971-02-01,253.9,1971,2,ppt
Yapsiei,1971-02-01,250.60000000000002,1971,2,ppt
Elem,1971-03-01,192.4,1971,3,ppt
Morox,1971-03-01,112.30000000000001,1971,3,ppt
Niksek,1971-03-01,104,1971,3,ppt
Ohu,1971-03-01,76.2,1971,3,ppt
Utai,1971-03-01,123.60000000000001,1971,3,ppt
Wamangu,1971-03-01,208.10000000000002,1971,3,ppt
Wanang,1971-03-01,192.10000000000002,1971,3,ppt
Yapsiei,1971-03-01,248.8,1971,3,ppt
Elem,1971-04-01,371.40000000000003,1971,4,ppt
Morox,1971-04-01,247.5,1971,4,ppt
Niksek,1971-04-01,377.70000000000005,1971,4,ppt
Ohu,1971-04-01,337.70000000000005,1971,4,ppt
Utai,1971-04-01,343.40000000000003,1971,4,ppt
Wamangu,1971-04-01,224.9,1971,4,ppt
Wanang,1971-04-01,266.6,1971,4,ppt
Yapsiei,1971-04-01,256.7,1971,4,ppt
Elem,1971-05-01,350,1971,5,ppt
Morox,1971-05-01,348.90000000000003,1971,5,ppt
Niksek,1971-05-01,289.7,1971,5,ppt
Ohu,1971-05-01,372.1,1971,5,ppt
Utai,1971-05-01,289.6,1971,5,ppt
Wamangu,1971-05-01,219.9,1971,5,ppt
Wanang,1971-05-01,356.40000000000003,1971,5,ppt
Yapsiei,1971-05-01,323.40000000000003,1971,5,ppt
Elem,1971-06-01,240.60000000000002,1971,6,ppt
Morox,1971-06-01,194.10000000000002,1971,6,ppt
Niksek,1971-06-01,182.9,1971,6,ppt
Ohu,1971-06-01,140,1971,6,ppt
Utai,1971-06-01,230.3,1971,6,ppt
Wamangu,1971-06-01,305.6,1971,6,ppt
Wanang,1971-06-01,263.40000000000003,1971,6,ppt
Yapsiei,1971-06-01,369.6,1971,6,ppt
Elem,1971-07-01,237.9,1971,7,ppt
Morox,1971-07-01,115.80000000000001,1971,7,ppt
Niksek,1971-07-01,306.2,1971,7,ppt
Ohu,1971-07-01,262.6,1971,7,ppt
Utai,1971-07-01,265.5,1971,7,ppt
Wamangu,1971-07-01,171.3,1971,7,ppt
Wanang,1971-07-01,131.9,1971,7,ppt
Yapsiei,1971-07-01,148.6,1971,7,ppt
Elem,1971-08-01,253.60000000000002,1971,8,ppt
Morox,1971-08-01,329,1971,8,ppt
Niksek,1971-08-01,262.8,1971,8,ppt
Ohu,1971-08-01,404.1,1971,8,ppt
Utai,1971-08-01,163.20000000000002,1971,8,ppt
Wamangu,1971-08-01,66.7,1971,8,ppt
Wanang,1971-08-01,212.70000000000002,1971,8,ppt
Yapsiei,1971-08-01,227.4,1971,8,ppt
Elem,1971-09-01,230.8,1971,9,ppt
Morox,1971-09-01,113.9,1971,9,ppt
Niksek,1971-09-01,103.5,1971,9,ppt
Ohu,1971-09-01,95.4,1971,9,ppt
Utai,1971-09-01,160.9,1971,9,ppt
Wamangu,1971-09-01,255,1971,9,ppt
Wanang,1971-09-01,157.5,1971,9,ppt
Yapsiei,1971-09-01,201,1971,9,ppt
Elem,1971-10-01,387.70000000000005,1971,10,ppt
Morox,1971-10-01,250.5,1971,10,ppt
Niksek,1971-10-01,372.70000000000005,1971,10,ppt
Ohu,1971-10-01,315.20000000000005,1971,10,ppt
Utai,1971-10-01,236.10000000000002,1971,10,ppt
Wamangu,1971-10-01,210.10000000000002,1971,10,ppt
Wanang,1971-10-01,201,1971,10,ppt
Yapsiei,1971-10-01,142.9,1971,10,ppt
Elem,1971-11-01,220.4,1971,11,ppt
Morox,1971-11-01,300.5,1971,11,ppt
Niksek,1971-11-01,288.5,1971,11,ppt
Ohu,1971-11-01,388.5,1971,11,ppt
Utai,1971-11-01,420.20000000000005,1971,11,ppt
Wamangu,1971-11-01,279.40000000000003,1971,11,ppt
Wanang,1971-11-01,388.40000000000003,1971,11,ppt
Yapsiei,1971-11-01,387,1971,11,ppt
Elem,1971-12-01,365.8,1971,12,ppt
Morox,1971-12-01,331,1971,12,ppt
Niksek,1971-12-01,328.1,1971,12,ppt
Ohu,1971-12-01,312.20000000000005,1971,12,ppt
Utai,1971-12-01,472.20000000000005,1971,12,ppt
Wamangu,1971-12-01,382.6,1971,12,ppt
Wanang,1971-12-01,301.6,1971,12,ppt
Yapsiei,1971-12-01,389.70000000000005,1971,12,ppt
Elem,1972-01-01,400.5,1972,1,ppt
Morox,1972-01-01,386.3,1972,1,ppt
Niksek,1972-01-01,374.6,1972,1,ppt
Ohu,1972-01-01,293.6,1972,1,ppt
Utai,1972-01-01,253,1972,1,ppt
Wamangu,1972-01-01,76.5,1972,1,ppt
Wanang,1972-01-01,133.20000000000002,1972,1,ppt
Yapsiei,1972-01-01,71.60000000000001,1972,1,ppt
Elem,1972-02-01,129.6,1972,2,ppt
Morox,1972-02-01,147.9,1972,2,ppt
Niksek,1972-02-01,312.1,1972,2,ppt
Ohu,1972-02-01,315.1,1972,2,ppt
Utai,1972-02-01,242.8,1972,2,ppt
Wamangu,1972-02-01,221,1972,2,ppt
Wanang,1972-02-01,237.4,1972,2,ppt
Yapsiei,1972-02-01,190.5,1972,2,ppt
Elem,1972-03-01,157.3,1972,3,ppt
Morox,1972-03-01,49.300000000000004,1972,3,ppt
Niksek,1972-03-01,72.3,1972,3,ppt
Ohu,1972-03-01,38.1,1972,3,ppt
Utai,1972-03-01,66.9,1972,3,ppt
Wamangu,1972-03-01,83.7,1972,3,ppt
Wanang,1972-03-01,211.10000000000002,1972,3,ppt
Yapsiei,1972-03-01,210.20000000000002,1972,3,ppt
Elem,1972-04-01,258.2,1972,4,ppt
Morox,1972-04-01,411.20000000000005,1972,4,ppt
Niksek,1972-04-01,442.20000000000005,1972,4,ppt
Ohu,1972-04-01,280.5,1972,4,ppt
Utai,1972-04-01,206,1972,4,ppt
Wamangu,1972-04-01,112.9,1972,4,ppt
Wanang,1972-04-01,169.3,1972,4,ppt
Yapsiei,1972-04-01,56.400000000000006,1972,4,ppt
Elem,1972-05-01,85.80000000000001,1972,5,ppt
Morox,1972-05-01,148.3,1972,5,ppt
Niksek,1972-05-01,231.70000000000002,1972,5,ppt
Ohu,1972-05-01,220,1972,5,ppt
Utai,1972-05-01,422.1,1972,5,ppt
Wamangu,1972-05-01,365,1972,5,ppt
Wanang,1972-05-01,290.2,1972,5,ppt
Yapsiei,1972-05-01,344.3,1972,5,ppt
Elem,1972-06-01,354.20000000000005,1972,6,ppt
Morox,1972-06-01,41.7,1972,6,ppt
Niksek,1972-06-01,82.2,1972,6,ppt
Ohu,1972-06-01,32.300000000000004,1972,6,ppt
Utai,1972-06-01,97.5,1972,6,ppt
Wamangu,1972-06-01,83.60000000000001,1972,6,ppt
Wanang,1972-06-01,278,1972,6,ppt
Yapsiei,1972-06-01,389.8,1972,6,ppt
Elem,1972-07-01,172,1972,7,ppt
Morox,1972-07-01,199.5,1972,7,ppt
Niksek,1972-07-01,307.20000000000005,1972,7,ppt
Ohu,1972-07-01,180.10000000000002,1972,7,ppt
Utai,1972-07-01,210.10000000000002,1972,7,ppt
Wamangu,1972-07-01,70.3,1972,7,ppt
Wanang,1972-07-01,71.9,1972,7,ppt
Yapsiei,1972-07-01,160.3,1972,7,ppt
Elem,1972-08-01,48.400000000000006,1972,8,ppt
Morox,1972-08-01,94,1972,8,ppt
Niksek,1972-08-01,216.8,1972,8,ppt
Ohu,1972-08-01,172.3,1972,8,ppt
Utai,1972-08-01,182.5,1972,8,ppt
Wamangu,1972-08-01,164.70000000000002,1972,8,ppt
Wanang,1972-08-01,211.3,1972,8,ppt
Yapsiei,1972-08-01,155.10000000000002,1972,8,ppt
Elem,1972-09-01,136.6,1972,9,ppt
Morox,1972-09-01,62.900000000000006,1972,9,ppt
Niksek,1972-09-01,73.2,1972,9,ppt
Ohu,1972-09-01,37.1,1972,9,ppt
Utai,1972-09-01,71,1972,9,ppt
Wamangu,1972-09-01,86.9,1972,9,ppt
Wanang,1972-09-01,168.8,1972,9,ppt
Yapsiei,1972-09-01,142.8,1972,9,ppt
Elem,1972-10-01,509.5,1972,10,ppt
Morox,1972-10-01,373.40000000000003,1972,10,ppt
Niksek,1972-10-01,334.70000000000005,1972,10,ppt
Ohu,1972-10-01,357.20000000000005,1972,10,ppt
Utai,1972-10-01,340.70000000000005,1972,10,ppt
Wamangu,1972-10-01,37.1,1972,10,ppt
Wanang,1972-10-01,106.4,1972,10,ppt
Yapsiei,1972-10-01,66.5,1972,10,ppt
Elem,1972-11-01,134.8,1972,11,ppt
Morox,1972-11-01,115.9,1972,11,ppt
Niksek,1972-11-01,327.8,1972,11,ppt
Ohu,1972-11-01,404.3,1972,11,ppt
Utai,1972-11-01,214.8,1972,11,ppt
Wamangu,1972-11-01,440.8,1972,11,ppt
Wanang,1972-11-01,482.5,1972,11,ppt
Yapsiei,1972-11-01,319.5,1972,11,ppt
Elem,1972-12-01,245.60000000000002,1972,12,ppt
Morox,1972-12-01,108.4,1972,12,ppt
Niksek,1972-12-01,150.8,1972,12,ppt
Ohu,1972-12-01,124.4,1972,12,ppt
Utai,1972-12-01,47.2,1972,12,ppt
Wamangu,1972-12-01,138.3,1972,12,ppt
Wanang,1972-12-01,217.20000000000002,1972,12,ppt
Yapsiei,1972-12-01,196.5,1972,12,ppt
Elem,1973-01-01,541.1,1973,1,ppt
Morox,1973-01-01,344.20000000000005,1973,1,ppt
Niksek,1973-01-01,528.9,1973,1,ppt
Ohu,1973-01-01,490.20000000000005,1973,1,ppt
Utai,1973-01-01,277.1,1973,1,ppt
Wamangu,1973-01-01,153.1,1973,1,ppt
Wanang,1973-01-01,166.20000000000002,1973,1,ppt
Yapsiei,1973-01-01,126.60000000000001,1973,1,ppt
Elem,1973-02-01,233,1973,2,ppt
Morox,1973-02-01,239.60000000000002,1973,2,ppt
Niksek,1973-02-01,375.3,1973,2,ppt
Ohu,1973-02-01,414,1973,2,ppt
Utai,1973-02-01,296.6,1973,2,ppt
Wamangu,1973-02-01,218.20000000000002,1973,2,ppt
Wanang,1973-02-01,291.2,1973,2,ppt
Yapsiei,1973-02-01,302.1,1973,2,ppt
Elem,1973-03-01,197.8,1973,3,ppt
Morox,1973-03-01,113.30000000000001,1973,3,ppt
Niksek,1973-03-01,109.2,1973,3,ppt
Ohu,1973-03-01,67.3,1973,3,ppt
Utai,1973-03-01,136.8,1973,3,ppt
Wamangu,1973-03-01,166.10000000000002,1973,3,ppt
Wanang,1973-03-01,307.6,1973,3,ppt
Yapsiei,1973-03-01,252.5,1973,3,ppt
Elem,1973-04-01,371.6,1973,4,ppt
Morox,1973-04-01,307.70000000000005,1973,4,ppt
Niksek,1973-04-01,491.5,1973,4,ppt
Ohu,1973-04-01,431.5,1973,4,ppt
Utai,1973-04-01,282,1973,4,ppt
Wamangu,1973-04-01,217.8,1973,4,ppt
Wanang,1973-04-01,209,1973,4,ppt
Yapsiei,1973-04-01,274.5,1973,4,ppt
Elem,1973-05-01,377,1973,5,ppt
Morox,1973-05-01,309.5,1973,5,ppt
Niksek,1973-05-01,296.8,1973,5,ppt
Ohu,1973-05-01,354.1,1973,5,ppt
Utai,1973-05-01,494.40000000000003,1973,5,ppt
Wamangu,1973-05-01,324.20000000000005,1973,5,ppt
Wanang,1973-05-01,516.9,1973,5,ppt
Yapsiei,1973-05-01,392.3,1973,5,ppt
Elem,1973-06-01,226.10000000000002,1973,6,ppt
Morox,1973-06-01,157.5,1973,6,ppt
Niksek,1973-06-01,136.70000000000002,1973,6,ppt
Ohu,1973-06-01,100.5,1973,6,ppt
Utai,1973-06-01,246.3,1973,6,ppt
Wamangu,1973-06-01,211.3,1973,6,ppt
Wanang,1973-06-01,371.20000000000005,1973,6,ppt
Yapsiei,1973-06-01,239.4,1973,6,ppt
Elem,1973-07-01,258.8,1973,7,ppt
Morox,1973-07-01,243.4,1973,7,ppt
Niksek,1973-07-01,404.8,1973,7,ppt
Ohu,1973-07-01,276.6,1973,7,ppt
Utai,1973-07-01,272.2,1973,7,ppt
Wamangu,1973-07-01,140.9,1973,7,ppt
Wanang,1973-07-01,135.3,1973,7,ppt
Yapsiei,1973-07-01,176.20000000000002,1973,7,ppt
Elem,1973-08-01,271.2,1973,8,ppt
Morox,1973-08-01,162.8,1973,8,ppt
Niksek,1973-08-01,203.70000000000002,1973,8,ppt
Ohu,1973-08-01,248.3,1973,8,ppt
Utai,1973-08-01,214.3,1973,8,ppt
Wamangu,1973-08-01,168,1973,8,ppt
Wanang,1973-08-01,228.3,1973,8,ppt
Yapsiei,1973-08-01,258.40000000000003,1973,8,ppt
Elem,1973-09-01,226.9,1973,9,ppt
Morox,1973-09-01,137.9,1973,9,ppt
Niksek,1973-09-01,125.80000000000001,1973,9,ppt
Ohu,1973-09-01,84.2,1973,9,ppt
Utai,1973-09-01,161,1973,9,ppt
Wamangu,1973-09-01,197.5,1973,9,ppt
Wanang,1973-09-01,251.70000000000002,1973,9,ppt
Yapsiei,1973-09-01,219,1973,9,ppt
Elem,1973-10-01,618.6,1973,10,ppt
Morox,1973-10-01,349.6,1973,10,ppt
Niksek,1973-10-01,557.8000000000001,1973,10,ppt
Ohu,1973-10-01,464.6,1973,10,ppt
Utai,1973-10-01,257,1973,10,ppt
Wamangu,1973-10-01,150.20000000000002,1973,10,ppt
Wanang,1973-10-01,157.8,1973,10,ppt
Yapsiei,1973-10-01,107.4,1973,10,ppt
Elem,1973-11-01,278.3,1973,11,ppt
Morox,1973-11-01,216.10000000000002,1973,11,ppt
Niksek,1973-11-01,411.6,1973,11,ppt
Ohu,1973-11-01,298.40000000000003,1973,11,ppt
Utai,1973-11-01,361.5,1973,11,ppt
Wamangu,1973-11-01,324.40000000000003,1973,11,ppt
Wanang,1973-11-01,526,1973,11,ppt
Yapsiei,1973-11-01,448.70000000000005,1973,11,ppt
Elem,1973-12-01,287.6,1973,12,ppt
Morox,1973-12-01,289.8,1973,12,ppt
Niksek,1973-12-01,190.10000000000002,1973,12,ppt
Ohu,1973-12-01,387.70000000000005,1973,12,ppt
Utai,1973-12-01,550,1973,12,ppt
Wamangu,1973-12-01,293.7,1973,12,ppt
Wanang,1973-12-01,264.8,1973,12,ppt
Yapsiei,1973-12-01,323.70000000000005,1973,12,ppt
Elem,1974-01-01,239.9,1974,1,ppt
Morox,1974-01-01,413.8,1974,1,ppt
Niksek,1974-01-01,391.1,1974,1,ppt
Ohu,1974-01-01,338.3,1974,1,ppt
Utai,1974-01-01,163.5,1974,1,ppt
Wamangu,1974-01-01,152.5,1974,1,ppt
Wanang,1974-01-01,122.2,1974,1,ppt
Yapsiei,1974-01-01,87.7,1974,1,ppt
Elem,1974-02-01,95,1974,2,ppt
Morox,1974-02-01,279.90000000000003,1974,2,ppt
Niksek,1974-02-01,304.8,1974,2,ppt
Ohu,1974-02-01,344.20000000000005,1974,2,ppt
Utai,1974-02-01,126.5,1974,2,ppt
Wamangu,1974-02-01,272.6,1974,2,ppt
Wanang,1974-02-01,283.5,1974,2,ppt
Yapsiei,1974-02-01,243.10000000000002,1974,2,ppt
Elem,1974-03-01,115.80000000000001,1974,3,ppt
Morox,1974-03-01,113.2,1974,3,ppt
Niksek,1974-03-01,90.30000000000001,1974,3,ppt
Ohu,1974-03-01,51.6,1974,3,ppt
Utai,1974-03-01,63.2,1974,3,ppt
Wamangu,1974-03-01,175.10000000000002,1974,3,ppt
Wanang,1974-03-01,232.4,1974,3,ppt
Yapsiei,1974-03-01,227.60000000000002,1974,3,ppt
Elem,1974-04-01,256.8,1974,4,ppt
Morox,1974-04-01,428.20000000000005,1974,4,ppt
Niksek,1974-04-01,397.8,1974,4,ppt
Ohu,1974-04-01,347,1974,4,ppt
Utai,1974-04-01,167.8,1974,4,ppt
Wamangu,1974-04-01,183.3,1974,4,ppt
Wanang,1974-04-01,253.8,1974,4,ppt
Yapsiei,1974-04-01,140.1,1974,4,ppt
Elem,1974-05-01,202,1974,5,ppt
Morox,1974-05-01,319.6,1974,5,ppt
Niksek,1974-05-01,273.5,1974,5,ppt
Ohu,1974-05-01,296.6,1974,5,ppt
Utai,1974-05-01,150.5,1974,5,ppt
Wamangu,1974-05-01,431.3,1974,5,ppt
Wanang,1974-05-01,340.90000000000003,1974,5,ppt
Yapsiei,1974-05-01,300.5,1974,5,ppt
Elem,1974-06-01,130.3,1974,6,ppt
Morox,1974-06-01,242.8,1974,6,ppt
Niksek,1974-06-01,89.30000000000001,1974,6,ppt
Ohu,1974-06-01,86.2,1974,6,ppt
Utai,1974-06-01,109.9,1974,6,ppt
Wamangu,1974-06-01,200.70000000000002,1974,6,ppt
Wanang,1974-06-01,238.8,1974,6,ppt
Yapsiei,1974-06-01,333.20000000000005,1974,6,ppt
Elem,1974-07-01,118.10000000000001,1974,7,ppt
Morox,1974-07-01,236.8,1974,7,ppt
Niksek,1974-07-01,273.6,1974,7,ppt
Ohu,1974-07-01,216.9,1974,7,ppt
Utai,1974-07-01,131.6,1974,7,ppt
Wamangu,1974-07-01,117.7,1974,7,ppt
Wanang,1974-07-01,138.70000000000002,1974,7,ppt
Yapsiei,1974-07-01,86.9,1974,7,ppt
Elem,1974-08-01,158.5,1974,8,ppt
Morox,1974-08-01,215.60000000000002,1974,8,ppt
Niksek,1974-08-01,259.2,1974,8,ppt
Ohu,1974-08-01,230.4,1974,8,ppt
Utai,1974-08-01,102.60000000000001,1974,8,ppt
Wamangu,1974-08-01,204.60000000000002,1974,8,ppt
Wanang,1974-08-01,259.1,1974,8,ppt
Yapsiei,1974-08-01,232.4,1974,8,ppt
Elem,1974-09-01,130.5,1974,9,ppt
Morox,1974-09-01,125,1974,9,ppt
Niksek,1974-09-01,114.10000000000001,1974,9,ppt
Ohu,1974-09-01,63.400000000000006,1974,9,ppt
Utai,1974-09-01,87.30000000000001,1974,9,ppt
Wamangu,1974-09-01,194,1974,9,ppt
Wanang,1974-09-01,188.60000000000002,1974,9,ppt
Yapsiei,1974-09-01,170.60000000000002,1974,9,ppt
Elem,1974-10-01,173.10000000000002,1974,10,ppt
Morox,1974-10-01,451.5,1974,10,ppt
Niksek,1974-10-01,376,1974,10,ppt
Ohu,1974-10-01,326,1974,10,ppt
Utai,1974-10-01,154.8,1974,10,ppt
Wamangu,1974-10-01,210.60000000000002,1974,10,ppt
Wanang,1974-10-01,84.80000000000001,1974,10,ppt
Yapsiei,1974-10-01,105.10000000000001,1974,10,ppt
Elem,1974-11-01,100.5,1974,11,ppt
Morox,1974-11-01,237.9,1974,11,ppt
Niksek,1974-11-01,280.1,1974,11,ppt
Ohu,1974-11-01,375,1974,11,ppt
Utai,1974-11-01,271.8,1974,11,ppt
Wamangu,1974-11-01,420.8,1974,11,ppt
Wanang,1974-11-01,323.20000000000005,1974,11,ppt
Yapsiei,1974-11-01,346.8,1974,11,ppt
Elem,1974-12-01,158,1974,12,ppt
Morox,1974-12-01,224.3,1974,12,ppt
Niksek,1974-12-01,311,1974,12,ppt
Ohu,1974-12-01,150.70000000000002,1974,12,ppt
Utai,1974-12-01,323.6,1974,12,ppt
Wamangu,1974-12-01,338.90000000000003,1974,12,ppt
Wanang,1974-12-01,339.3,1974,12,ppt
Yapsiei,1974-12-01,304.7,1974,12,ppt
Elem,1975-01-01,418.3,1975,1,ppt
Morox,1975-01-01,494.90000000000003,1975,1,ppt
Niksek,1975-01-01,508.90000000000003,1975,1,ppt
Ohu,1975-01-01,380.90000000000003,1975,1,ppt
Utai,1975-01-01,291,1975,1,ppt
Wamangu,1975-01-01,124.7,1975,1,ppt
Wanang,1975-01-01,120.60000000000001,1975,1,ppt
Yapsiei,1975-01-01,145.20000000000002,1975,1,ppt
Elem,1975-02-01,138.6,1975,2,ppt
Morox,1975-02-01,189.3,1975,2,ppt
Niksek,1975-02-01,337.3,1975,2,ppt
Ohu,1975-02-01,445.5,1975,2,ppt
Utai,1975-02-01,232.3,1975,2,ppt
Wamangu,1975-02-01,258.2,1975,2,ppt
Wanang,1975-02-01,304.1,1975,2,ppt
Yapsiei,1975-02-01,221.10000000000002,1975,2,ppt
Elem,1975-03-01,185.5,1975,3,ppt
Morox,1975-03-01,95.4,1975,3,ppt
Niksek,1975-03-01,75.2,1975,3,ppt
Ohu,1975-03-01,94.9,1975,3,ppt
Utai,1975-03-01,86.10000000000001,1975,3,ppt
Wamangu,1975-03-01,157,1975,3,ppt
Wanang,1975-03-01,271.7,1975,3,ppt
Yapsiei,1975-03-01,254,1975,3,ppt
Elem,1975-04-01,312,1975,4,ppt
Morox,1975-04-01,437.1,1975,4,ppt
Niksek,1975-04-01,505.8,1975,4,ppt
Ohu,1975-04-01,328.90000000000003,1975,4,ppt
Utai,1975-04-01,295.8,1975,4,ppt
Wamangu,1975-04-01,162.4,1975,4,ppt
Wanang,1975-04-01,232.20000000000002,1975,4,ppt
Yapsiei,1975-04-01,296.3,1975,4,ppt
Elem,1975-05-01,240.20000000000002,1975,5,ppt
Morox,1975-05-01,304.2,1975,5,ppt
Niksek,1975-05-01,364.20000000000005,1975,5,ppt
Ohu,1975-05-01,378.3,1975,5,ppt
Utai,1975-05-01,371.3,1975,5,ppt
Wamangu,1975-05-01,369.1,1975,5,ppt
Wanang,1975-05-01,407.70000000000005,1975,5,ppt
Yapsiei,1975-05-01,317.90000000000003,1975,5,ppt
Elem,1975-06-01,224,1975,6,ppt
Morox,1975-06-01,186.4,1975,6,ppt
Niksek,1975-06-01,116.10000000000001,1975,6,ppt
Ohu,1975-06-01,236.10000000000002,1975,6,ppt
Utai,1975-06-01,190.20000000000002,1975,6,ppt
Wamangu,1975-06-01,274,1975,6,ppt
Wanang,1975-06-01,215.9,1975,6,ppt
Yapsiei,1975-06-01,314.8,1975,6,ppt
Elem,1975-07-01,227,1975,7,ppt
Morox,1975-07-01,204.4,1975,7,ppt
Niksek,1975-07-01,290.90000000000003,1975,7,ppt
Ohu,1975-07-01,226.4,1975,7,ppt
Utai,1975-07-01,207.4,1975,7,ppt
Wamangu,1975-07-01,157.10000000000002,1975,7,ppt
Wanang,1975-07-01,101,1975,7,ppt
Yapsiei,1975-07-01,203.8,1975,7,ppt
Elem,1975-08-01,184.60000000000002,1975,8,ppt
Morox,1975-08-01,262.40000000000003,1975,8,ppt
Niksek,1975-08-01,260,1975,8,ppt
Ohu,1975-08-01,280.1,1975,8,ppt
Utai,1975-08-01,177.9,1975,8,ppt
Wamangu,1975-08-01,188.10000000000002,1975,8,ppt
Wanang,1975-08-01,261.8,1975,8,ppt
Yapsiei,1975-08-01,184.20000000000002,1975,8,ppt
Elem,1975-09-01,205.4,1975,9,ppt
Morox,1975-09-01,99.4,1975,9,ppt
Niksek,1975-09-01,84.5,1975,9,ppt
Ohu,1975-09-01,115.9,1975,9,ppt
Utai,1975-09-01,111.10000000000001,1975,9,ppt
Wamangu,1975-09-01,201.5,1975,9,ppt
Wanang,1975-09-01,250.4,1975,9,ppt
Yapsiei,1975-09-01,203.10000000000002,1975,9,ppt
Elem,1975-10-01,444.40000000000003,1975,10,ppt
Morox,1975-10-01,412.20000000000005,1975,10,ppt
Niksek,1975-10-01,455.40000000000003,1975,10,ppt
Ohu,1975-10-01,371.1,1975,10,ppt
Utai,1975-10-01,267.90000000000003,1975,10,ppt
Wamangu,1975-10-01,167,1975,10,ppt
Wanang,1975-10-01,117.80000000000001,1975,10,ppt
Yapsiei,1975-10-01,233.10000000000002,1975,10,ppt
Elem,1975-11-01,189.60000000000002,1975,11,ppt
Morox,1975-11-01,249.60000000000002,1975,11,ppt
Niksek,1975-11-01,260.5,1975,11,ppt
Ohu,1975-11-01,396.5,1975,11,ppt
Utai,1975-11-01,318.8,1975,11,ppt
Wamangu,1975-11-01,328.6,1975,11,ppt
Wanang,1975-11-01,382.20000000000005,1975,11,ppt
Yapsiei,1975-11-01,344.5,1975,11,ppt
Elem,1975-12-01,288.90000000000003,1975,12,ppt
Morox,1975-12-01,241.60000000000002,1975,12,ppt
Niksek,1975-12-01,273.2,1975,12,ppt
Ohu,1975-12-01,439.5,1975,12,ppt
Utai,1975-12-01,353.8,1975,12,ppt
Wamangu,1975-12-01,381.1,1975,12,ppt
Wanang,1975-12-01,360.40000000000003,1975,12,ppt
Yapsiei,1975-12-01,369.70000000000005,1975,12,ppt
Elem,1976-01-01,337.90000000000003,1976,1,ppt
Morox,1976-01-01,364.5,1976,1,ppt
Niksek,1976-01-01,327.3,1976,1,ppt
Ohu,1976-01-01,264.40000000000003,1976,1,ppt
Utai,1976-01-01,239,1976,1,ppt
Wamangu,1976-01-01,148.8,1976,1,ppt
Wanang,1976-01-01,161.70000000000002,1976,1,ppt
Yapsiei,1976-01-01,173.9,1976,1,ppt
Elem,1976-02-01,134.70000000000002,1976,2,ppt
Morox,1976-02-01,274.2,1976,2,ppt
Niksek,1976-02-01,301.7,1976,2,ppt
Ohu,1976-02-01,479.3,1976,2,ppt
Utai,1976-02-01,220.5,1976,2,ppt
Wamangu,1976-02-01,260.90000000000003,1976,2,ppt
Wanang,1976-02-01,173.5,1976,2,ppt
Yapsiei,1976-02-01,181.9,1976,2,ppt
Elem,1976-03-01,133.6,1976,3,ppt
Morox,1976-03-01,91.2,1976,3,ppt
Niksek,1976-03-01,96,1976,3,ppt
Ohu,1976-03-01,126.60000000000001,1976,3,ppt
Utai,1976-03-01,80.60000000000001,1976,3,ppt
Wamangu,1976-03-01,183.3,1976,3,ppt
Wanang,1976-03-01,200.10000000000002,1976,3,ppt
Yapsiei,1976-03-01,303.3,1976,3,ppt
Elem,1976-04-01,301.8,1976,4,ppt
Morox,1976-04-01,345.5,1976,4,ppt
Niksek,1976-04-01,295.90000000000003,1976,4,ppt
Ohu,1976-04-01,263.1,1976,4,ppt
Utai,1976-04-01,261.40000000000003,1976,4,ppt
Wamangu,1976-04-01,175,1976,4,ppt
Wanang,1976-04-01,228,1976,4,ppt
Yapsiei,1976-04-01,240.9,1976,4,ppt
Elem,1976-05-01,127.5,1976,5,ppt
Morox,1976-05-01,310,1976,5,ppt
Niksek,1976-05-01,289.8,1976,5,ppt
Ohu,1976-05-01,359.3,1976,5,ppt
Utai,1976-05-01,302.8,1976,5,ppt
Wamangu,1976-05-01,309,1976,5,ppt
Wanang,1976-05-01,322.8,1976,5,ppt
Yapsiei,1976-05-01,336,1976,5,ppt
Elem,1976-06-01,161,1976,6,ppt
Morox,1976-06-01,111,1976,6,ppt
Niksek,1976-06-01,128.70000000000002,1976,6,ppt
Ohu,1976-06-01,129.9,1976,6,ppt
Utai,1976-06-01,112.60000000000001,1976,6,ppt
Wamangu,1976-06-01,143.6,1976,6,ppt
Wanang,1976-06-01,249.20000000000002,1976,6,ppt
Yapsiei,1976-06-01,279.7,1976,6,ppt
Elem,1976-07-01,218.8,1976,7,ppt
Morox,1976-07-01,229.10000000000002,1976,7,ppt
Niksek,1976-07-01,310.1,1976,7,ppt
Ohu,1976-07-01,240.3,1976,7,ppt
Utai,1976-07-01,138.6,1976,7,ppt
Wamangu,1976-07-01,109,1976,7,ppt
Wanang,1976-07-01,123.10000000000001,1976,7,ppt
Yapsiei,1976-07-01,187.20000000000002,1976,7,ppt
Elem,1976-08-01,80.2,1976,8,ppt
Morox,1976-08-01,261.7,1976,8,ppt
Niksek,1976-08-01,269.8,1976,8,ppt
Ohu,1976-08-01,347.20000000000005,1976,8,ppt
Utai,1976-08-01,188.8,1976,8,ppt
Wamangu,1976-08-01,205.70000000000002,1976,8,ppt
Wanang,1976-08-01,125.2,1976,8,ppt
Yapsiei,1976-08-01,156.8,1976,8,ppt
Elem,1976-09-01,134.1,1976,9,ppt
Morox,1976-09-01,98.80000000000001,1976,9,ppt
Niksek,1976-09-01,102.10000000000001,1976,9,ppt
Ohu,1976-09-01,171.9,1976,9,ppt
Utai,1976-09-01,93.30000000000001,1976,9,ppt
Wamangu,1976-09-01,228.60000000000002,1976,9,ppt
Wanang,1976-09-01,153.70000000000002,1976,9,ppt
Yapsiei,1976-09-01,263.1,1976,9,ppt
Elem,1976-10-01,320.8,1976,10,ppt
Morox,1976-10-01,333.20000000000005,1976,10,ppt
Niksek,1976-10-01,354.20000000000005,1976,10,ppt
Ohu,1976-10-01,329.6,1976,10,ppt
Utai,1976-10-01,189.5,1976,10,ppt
Wamangu,1976-10-01,135.70000000000002,1976,10,ppt
Wanang,1976-10-01,148.4,1976,10,ppt
Yapsiei,1976-10-01,153.20000000000002,1976,10,ppt
Elem,1976-11-01,129.5,1976,11,ppt
Morox,1976-11-01,174.8,1976,11,ppt
Niksek,1976-11-01,293.6,1976,11,ppt
Ohu,1976-11-01,351.6,1976,11,ppt
Utai,1976-11-01,311.3,1976,11,ppt
Wamangu,1976-11-01,342.70000000000005,1976,11,ppt
Wanang,1976-11-01,397.1,1976,11,ppt
Yapsiei,1976-11-01,344.6,1976,11,ppt
Elem,1976-12-01,262,1976,12,ppt
Morox,1976-12-01,205.10000000000002,1976,12,ppt
Niksek,1976-12-01,239.9,1976,12,ppt
Ohu,1976-12-01,209.70000000000002,1976,12,ppt
Utai,1976-12-01,106.10000000000001,1976,12,ppt
Wamangu,1976-12-01,275.40000000000003,1976,12,ppt
Wanang,1976-12-01,368.70000000000005,1976,12,ppt
Yapsiei,1976-12-01,318.5,1976,12,ppt
Elem,1977-01-01,423.1,1977,1,ppt
Morox,1977-01-01,405.1,1977,1,ppt
Niksek,1977-01-01,321.40000000000003,1977,1,ppt
Ohu,1977-01-01,287.7,1977,1,ppt
Utai,1977-01-01,263.6,1977,1,ppt
Wamangu,1977-01-01,181.20000000000002,1977,1,ppt
Wanang,1977-01-01,151.1,1977,1,ppt
Yapsiei,1977-01-01,209.70000000000002,1977,1,ppt
Elem,1977-02-01,206.10000000000002,1977,2,ppt
Morox,1977-02-01,283.40000000000003,1977,2,ppt
Niksek,1977-02-01,329.20000000000005,1977,2,ppt
Ohu,1977-02-01,350.20000000000005,1977,2,ppt
Utai,1977-02-01,224.4,1977,2,ppt
Wamangu,1977-02-01,230.4,1977,2,ppt
Wanang,1977-02-01,222.70000000000002,1977,2,ppt
Yapsiei,1977-02-01,158.9,1977,2,ppt
Elem,1977-03-01,174.60000000000002,1977,3,ppt
Morox,1977-03-01,110.30000000000001,1977,3,ppt
Niksek,1977-03-01,81.60000000000001,1977,3,ppt
Ohu,1977-03-01,99.5,1977,3,ppt
Utai,1977-03-01,97.5,1977,3,ppt
Wamangu,1977-03-01,163.20000000000002,1977,3,ppt
Wanang,1977-03-01,212.10000000000002,1977,3,ppt
Yapsiei,1977-03-01,220.60000000000002,1977,3,ppt
Elem,1977-04-01,305.7,1977,4,ppt
Morox,1977-04-01,433.5,1977,4,ppt
Niksek,1977-04-01,276.2,1977,4,ppt
Ohu,1977-04-01,299.3,1977,4,ppt
Utai,1977-04-01,292.1,1977,4,ppt
Wamangu,1977-04-01,190.8,1977,4,ppt
Wanang,1977-04-01,314.40000000000003,1977,4,ppt
Yapsiei,1977-04-01,308,1977,4,ppt
Elem,1977-05-01,264,1977,5,ppt
Morox,1977-05-01,298.1,1977,5,ppt
Niksek,1977-05-01,251.9,1977,5,ppt
Ohu,1977-05-01,247.3,1977,5,ppt
Utai,1977-05-01,347.5,1977,5,ppt
Wamangu,1977-05-01,363.6,1977,5,ppt
Wanang,1977-05-01,382.1,1977,5,ppt
Yapsiei,1977-05-01,233.5,1977,5,ppt
Elem,1977-06-01,247.70000000000002,1977,6,ppt
Morox,1977-06-01,156.10000000000002,1977,6,ppt
Niksek,1977-06-01,84.2,1977,6,ppt
Ohu,1977-06-01,86,1977,6,ppt
Utai,1977-06-01,140.3,1977,6,ppt
Wamangu,1977-06-01,189.20000000000002,1977,6,ppt
Wanang,1977-06-01,203.3,1977,6,ppt
Yapsiei,1977-06-01,293.7,1977,6,ppt
Elem,1977-07-01,296.2,1977,7,ppt
Morox,1977-07-01,261.5,1977,7,ppt
Niksek,1977-07-01,287,1977,7,ppt
Ohu,1977-07-01,276,1977,7,ppt
Utai,1977-07-01,245.60000000000002,1977,7,ppt
Wamangu,1977-07-01,126.7,1977,7,ppt
Wanang,1977-07-01,149.5,1977,7,ppt
Yapsiei,1977-07-01,149.9,1977,7,ppt
Elem,1977-08-01,167,1977,8,ppt
Morox,1977-08-01,242.5,1977,8,ppt
Niksek,1977-08-01,187,1977,8,ppt
Ohu,1977-08-01,224.5,1977,8,ppt
Utai,1977-08-01,164.4,1977,8,ppt
Wamangu,1977-08-01,168.4,1977,8,ppt
Wanang,1977-08-01,188.10000000000002,1977,8,ppt
Yapsiei,1977-08-01,131.6,1977,8,ppt
Elem,1977-09-01,183.4,1977,9,ppt
Morox,1977-09-01,118.7,1977,9,ppt
Niksek,1977-09-01,86,1977,9,ppt
Ohu,1977-09-01,111.10000000000001,1977,9,ppt
Utai,1977-09-01,98.10000000000001,1977,9,ppt
Wamangu,1977-09-01,179.9,1977,9,ppt
Wanang,1977-09-01,159.60000000000002,1977,9,ppt
Yapsiei,1977-09-01,165.4,1977,9,ppt
Elem,1977-10-01,428.90000000000003,1977,10,ppt
Morox,1977-10-01,415.3,1977,10,ppt
Niksek,1977-10-01,388.90000000000003,1977,10,ppt
Ohu,1977-10-01,271.3,1977,10,ppt
Utai,1977-10-01,273.1,1977,10,ppt
Wamangu,1977-10-01,167.4,1977,10,ppt
Wanang,1977-10-01,113.10000000000001,1977,10,ppt
Yapsiei,1977-10-01,130.6,1977,10,ppt
Elem,1977-11-01,183,1977,11,ppt
Morox,1977-11-01,211.9,1977,11,ppt
Niksek,1977-11-01,278.8,1977,11,ppt
Ohu,1977-11-01,338.20000000000005,1977,11,ppt
Utai,1977-11-01,341.90000000000003,1977,11,ppt
Wamangu,1977-11-01,479.90000000000003,1977,11,ppt
Wanang,1977-11-01,305.40000000000003,1977,11,ppt
Yapsiei,1977-11-01,420,1977,11,ppt
Elem,1977-12-01,368.6,1977,12,ppt
Morox,1977-12-01,193.9,1977,12,ppt
Niksek,1977-12-01,440.3,1977,12,ppt
Ohu,1977-12-01,306,1977,12,ppt
Utai,1977-12-01,344.6,1977,12,ppt
Wamangu,1977-12-01,311.5,1977,12,ppt
Wanang,1977-12-01,226.70000000000002,1977,12,ppt
Yapsiei,1977-12-01,221.20000000000002,1977,12,ppt
Elem,1978-01-01,359.90000000000003,1978,1,ppt
Morox,1978-01-01,255.60000000000002,1978,1,ppt
Niksek,1978-01-01,412.1,1978,1,ppt
Ohu,1978-01-01,393,1978,1,ppt
Utai,1978-01-01,250.8,1978,1,ppt
Wamangu,1978-01-01,90.30000000000001,1978,1,ppt
Wanang,1978-01-01,103,1978,1,ppt
Yapsiei,1978-01-01,145.8,1978,1,ppt
Elem,1978-02-01,212,1978,2,ppt
Morox,1978-02-01,179.70000000000002,1978,2,ppt
Niksek,1978-02-01,346.1,1978,2,ppt
Ohu,1978-02-01,413.40000000000003,1978,2,ppt
Utai,1978-02-01,234.10000000000002,1978,2,ppt
Wamangu,1978-02-01,132,1978,2,ppt
Wanang,1978-02-01,312.70000000000005,1978,2,ppt
Yapsiei,1978-02-01,221.10000000000002,1978,2,ppt
Elem,1978-03-01,165,1978,3,ppt
Morox,1978-03-01,68,1978,3,ppt
Niksek,1978-03-01,65.4,1978,3,ppt
Ohu,1978-03-01,84,1978,3,ppt
Utai,1978-03-01,114.10000000000001,1978,3,ppt
Wamangu,1978-03-01,136.5,1978,3,ppt
Wanang,1978-03-01,275.5,1978,3,ppt
Yapsiei,1978-03-01,260.40000000000003,1978,3,ppt
Elem,1978-04-01,254.60000000000002,1978,4,ppt
Morox,1978-04-01,235.60000000000002,1978,4,ppt
Niksek,1978-04-01,463.90000000000003,1978,4,ppt
Ohu,1978-04-01,324.70000000000005,1978,4,ppt
Utai,1978-04-01,246.8,1978,4,ppt
Wamangu,1978-04-01,158.9,1978,4,ppt
Wanang,1978-04-01,156.9,1978,4,ppt
Yapsiei,1978-04-01,269.1,1978,4,ppt
Elem,1978-05-01,303.3,1978,5,ppt
Morox,1978-05-01,233.8,1978,5,ppt
Niksek,1978-05-01,300.2,1978,5,ppt
Ohu,1978-05-01,366.1,1978,5,ppt
Utai,1978-05-01,373.5,1978,5,ppt
Wamangu,1978-05-01,376.3,1978,5,ppt
Wanang,1978-05-01,355,1978,5,ppt
Yapsiei,1978-05-01,333.90000000000003,1978,5,ppt
Elem,1978-06-01,181.4,1978,6,ppt
Morox,1978-06-01,113.5,1978,6,ppt
Niksek,1978-06-01,121,1978,6,ppt
Ohu,1978-06-01,115.4,1978,6,ppt
Utai,1978-06-01,234.5,1978,6,ppt
Wamangu,1978-06-01,107.60000000000001,1978,6,ppt
Wanang,1978-06-01,263,1978,6,ppt
Yapsiei,1978-06-01,277.1,1978,6,ppt
Elem,1978-07-01,222.20000000000002,1978,7,ppt
Morox,1978-07-01,199.8,1978,7,ppt
Niksek,1978-07-01,387.6,1978,7,ppt
Ohu,1978-07-01,208.4,1978,7,ppt
Utai,1978-07-01,156.3,1978,7,ppt
Wamangu,1978-07-01,128,1978,7,ppt
Wanang,1978-07-01,74.2,1978,7,ppt
Yapsiei,1978-07-01,173.5,1978,7,ppt
Elem,1978-08-01,215.3,1978,8,ppt
Morox,1978-08-01,169.3,1978,8,ppt
Niksek,1978-08-01,283.1,1978,8,ppt
Ohu,1978-08-01,305.8,1978,8,ppt
Utai,1978-08-01,179.20000000000002,1978,8,ppt
Wamangu,1978-08-01,86.2,1978,8,ppt
Wanang,1978-08-01,290.2,1978,8,ppt
Yapsiei,1978-08-01,176.3,1978,8,ppt
Elem,1978-09-01,186.10000000000002,1978,9,ppt
Morox,1978-09-01,84.60000000000001,1978,9,ppt
Niksek,1978-09-01,69.3,1978,9,ppt
Ohu,1978-09-01,96.5,1978,9,ppt
Utai,1978-09-01,136.6,1978,9,ppt
Wamangu,1978-09-01,173.20000000000002,1978,9,ppt
Wanang,1978-09-01,244.9,1978,9,ppt
Yapsiei,1978-09-01,219.5,1978,9,ppt
Elem,1978-10-01,466.90000000000003,1978,10,ppt
Morox,1978-10-01,367.6,1978,10,ppt
Niksek,1978-10-01,388.8,1978,10,ppt
Ohu,1978-10-01,383,1978,10,ppt
Utai,1978-10-01,210.9,1978,10,ppt
Wamangu,1978-10-01,101.2,1978,10,ppt
Wanang,1978-10-01,116.9,1978,10,ppt
Yapsiei,1978-10-01,137.6,1978,10,ppt
Elem,1978-11-01,246,1978,11,ppt
Morox,1978-11-01,122.10000000000001,1978,11,ppt
Niksek,1978-11-01,294.1,1978,11,ppt
Ohu,1978-11-01,326.8,1978,11,ppt
Utai,1978-11-01,299.8,1978,11,ppt
Wamangu,1978-11-01,300.6,1978,11,ppt
Wanang,1978-11-01,452.3,1978,11,ppt
Yapsiei,1978-11-01,347.5,1978,11,ppt
Elem,1978-12-01,220.20000000000002,1978,12,ppt
Morox,1978-12-01,241.20000000000002,1978,12,ppt
Niksek,1978-12-01,180.60000000000002,1978,12,ppt
Ohu,1978-12-01,381.70000000000005,1978,12,ppt
Utai,1978-12-01,442.20000000000005,1978,12,ppt
Wamangu,1978-12-01,216.10000000000002,1978,12,ppt
Wanang,1978-12-01,293.7,1978,12,ppt
Yapsiei,1978-12-01,356.1,1978,12,ppt
Elem,1979-01-01,292.8,1979,1,ppt
Morox,1979-01-01,328.8,1979,1,ppt
Niksek,1979-01-01,533.8000000000001,1979,1,ppt
Ohu,1979-01-01,352.20000000000005,1979,1,ppt
Utai,1979-01-01,253.8,1979,1,ppt
Wamangu,1979-01-01,141.8,1979,1,ppt
Wanang,1979-01-01,163.10000000000002,1979,1,ppt
Yapsiei,1979-01-01,86.7,1979,1,ppt
Elem,1979-02-01,125.30000000000001,1979,2,ppt
Morox,1979-02-01,215.3,1979,2,ppt
Niksek,1979-02-01,325.5,1979,2,ppt
Ohu,1979-02-01,318.90000000000003,1979,2,ppt
Utai,1979-02-01,193.5,1979,2,ppt
Wamangu,1979-02-01,186.3,1979,2,ppt
Wanang,1979-02-01,312.8,1979,2,ppt
Yapsiei,1979-02-01,249.3,1979,2,ppt
Elem,1979-03-01,156.3,1979,3,ppt
Morox,1979-03-01,83.5,1979,3,ppt
Niksek,1979-03-01,89.60000000000001,1979,3,ppt
Ohu,1979-03-01,52.800000000000004,1979,3,ppt
Utai,1979-03-01,77.2,1979,3,ppt
Wamangu,1979-03-01,138.1,1979,3,ppt
Wanang,1979-03-01,275.40000000000003,1979,3,ppt
Yapsiei,1979-03-01,233.70000000000002,1979,3,ppt
Elem,1979-04-01,153.3,1979,4,ppt
Morox,1979-04-01,289.2,1979,4,ppt
Niksek,1979-04-01,523.9,1979,4,ppt
Ohu,1979-04-01,264.1,1979,4,ppt
Utai,1979-04-01,282.2,1979,4,ppt
Wamangu,1979-04-01,159.8,1979,4,ppt
Wanang,1979-04-01,199.60000000000002,1979,4,ppt
Yapsiei,1979-04-01,125,1979,4,ppt
Elem,1979-05-01,180.8,1979,5,ppt
Morox,1979-05-01,209.5,1979,5,ppt
Niksek,1979-05-01,262.3,1979,5,ppt
Ohu,1979-05-01,278.8,1979,5,ppt
Utai,1979-05-01,301.2,1979,5,ppt
Wamangu,1979-05-01,375.20000000000005,1979,5,ppt
Wanang,1979-05-01,432.5,1979,5,ppt
Yapsiei,1979-05-01,345.20000000000005,1979,5,ppt
Elem,1979-06-01,172.3,1979,6,ppt
Morox,1979-06-01,95.60000000000001,1979,6,ppt
Niksek,1979-06-01,87.4,1979,6,ppt
Ohu,1979-06-01,86.30000000000001,1979,6,ppt
Utai,1979-06-01,56.1,1979,6,ppt
Wamangu,1979-06-01,179.4,1979,6,ppt
Wanang,1979-06-01,233.5,1979,6,ppt
Yapsiei,1979-06-01,320.40000000000003,1979,6,ppt
Elem,1979-07-01,132.70000000000002,1979,7,ppt
Morox,1979-07-01,180.9,1979,7,ppt
Niksek,1979-07-01,325.3,1979,7,ppt
Ohu,1979-07-01,137.9,1979,7,ppt
Utai,1979-07-01,224.10000000000002,1979,7,ppt
Wamangu,1979-07-01,90.7,1979,7,ppt
Wanang,1979-07-01,130.8,1979,7,ppt
Yapsiei,1979-07-01,61.900000000000006,1979,7,ppt
Elem,1979-08-01,120.30000000000001,1979,8,ppt
Morox,1979-08-01,182,1979,8,ppt
Niksek,1979-08-01,232.20000000000002,1979,8,ppt
Ohu,1979-08-01,207.20000000000002,1979,8,ppt
Utai,1979-08-01,143.20000000000002,1979,8,ppt
Wamangu,1979-08-01,130.3,1979,8,ppt
Wanang,1979-08-01,253.4,1979,8,ppt
Yapsiei,1979-08-01,204.70000000000002,1979,8,ppt
Elem,1979-09-01,175.8,1979,9,ppt
Morox,1979-09-01,88.7,1979,9,ppt
Niksek,1979-09-01,90.80000000000001,1979,9,ppt
Ohu,1979-09-01,62.5,1979,9,ppt
Utai,1979-09-01,105.10000000000001,1979,9,ppt
Wamangu,1979-09-01,150.8,1979,9,ppt
Wanang,1979-09-01,250.5,1979,9,ppt
Yapsiei,1979-09-01,183.20000000000002,1979,9,ppt
Elem,1979-10-01,389,1979,10,ppt
Morox,1979-10-01,379.90000000000003,1979,10,ppt
Niksek,1979-10-01,482.40000000000003,1979,10,ppt
Ohu,1979-10-01,371.40000000000003,1979,10,ppt
Utai,1979-10-01,204.4,1979,10,ppt
Wamangu,1979-10-01,113.9,1979,10,ppt
Wanang,1979-10-01,111.7,1979,10,ppt
Yapsiei,1979-10-01,96.10000000000001,1979,10,ppt
Elem,1979-11-01,75.8,1979,11,ppt
Morox,1979-11-01,198.10000000000002,1979,11,ppt
Niksek,1979-11-01,275.1,1979,11,ppt
Ohu,1979-11-01,343.8,1979,11,ppt
Utai,1979-11-01,146.8,1979,11,ppt
Wamangu,1979-11-01,282,1979,11,ppt
Wanang,1979-11-01,443.70000000000005,1979,11,ppt
Yapsiei,1979-11-01,196,1979,11,ppt
Elem,1979-12-01,303.2,1979,12,ppt
Morox,1979-12-01,203,1979,12,ppt
Niksek,1979-12-01,237.70000000000002,1979,12,ppt
Ohu,1979-12-01,117.60000000000001,1979,12,ppt
Utai,1979-12-01,194.60000000000002,1979,12,ppt
Wamangu,1979-12-01,216.8,1979,12,ppt
Wanang,1979-12-01,234.9,1979,12,ppt
Yapsiei,1979-12-01,260,1979,12,ppt
Elem,1980-01-01,359.70000000000005,1980,1,ppt
Morox,1980-01-01,344.1,1980,1,ppt
Niksek,1980-01-01,371.8,1980,1,ppt
Ohu,1980-01-01,285.90000000000003,1980,1,ppt
Utai,1980-01-01,303.5,1980,1,ppt
Wamangu,1980-01-01,119.10000000000001,1980,1,ppt
Wanang,1980-01-01,190.8,1980,1,ppt
Yapsiei,1980-01-01,203,1980,1,ppt
Elem,1980-02-01,203.20000000000002,1980,2,ppt
Morox,1980-02-01,196.10000000000002,1980,2,ppt
Niksek,1980-02-01,322.70000000000005,1980,2,ppt
Ohu,1980-02-01,460.8,1980,2,ppt
Utai,1980-02-01,168.20000000000002,1980,2,ppt
Wamangu,1980-02-01,239.10000000000002,1980,2,ppt
Wanang,1980-02-01,236.5,1980,2,ppt
Yapsiei,1980-02-01,195.70000000000002,1980,2,ppt
Elem,1980-03-01,189.5,1980,3,ppt
Morox,1980-03-01,81.60000000000001,1980,3,ppt
Niksek,1980-03-01,123.10000000000001,1980,3,ppt
Ohu,1980-03-01,101,1980,3,ppt
Utai,1980-03-01,116.7,1980,3,ppt
Wamangu,1980-03-01,119.2,1980,3,ppt
Wanang,1980-03-01,235.5,1980,3,ppt
Yapsiei,1980-03-01,283,1980,3,ppt
Elem,1980-04-01,306.2,1980,4,ppt
Morox,1980-04-01,339.6,1980,4,ppt
Niksek,1980-04-01,341.40000000000003,1980,4,ppt
Ohu,1980-04-01,309.5,1980,4,ppt
Utai,1980-04-01,338.5,1980,4,ppt
Wamangu,1980-04-01,122.2,1980,4,ppt
Wanang,1980-04-01,266.7,1980,4,ppt
Yapsiei,1980-04-01,318.40000000000003,1980,4,ppt
Elem,1980-05-01,172.4,1980,5,ppt
Morox,1980-05-01,185.9,1980,5,ppt
Niksek,1980-05-01,242.60000000000002,1980,5,ppt
Ohu,1980-05-01,399.5,1980,5,ppt
Utai,1980-05-01,363.6,1980,5,ppt
Wamangu,1980-05-01,239.10000000000002,1980,5,ppt
Wanang,1980-05-01,247,1980,5,ppt
Yapsiei,1980-05-01,286.2,1980,5,ppt
Elem,1980-06-01,200.5,1980,6,ppt
Morox,1980-06-01,75.2,1980,6,ppt
Niksek,1980-06-01,170.9,1980,6,ppt
Ohu,1980-06-01,103.80000000000001,1980,6,ppt
Utai,1980-06-01,139.8,1980,6,ppt
Wamangu,1980-06-01,131.70000000000002,1980,6,ppt
Wanang,1980-06-01,312.70000000000005,1980,6,ppt
Yapsiei,1980-06-01,359.70000000000005,1980,6,ppt
Elem,1980-07-01,289.1,1980,7,ppt
Morox,1980-07-01,288.90000000000003,1980,7,ppt
Niksek,1980-07-01,278.6,1980,7,ppt
Ohu,1980-07-01,284.8,1980,7,ppt
Utai,1980-07-01,283,1980,7,ppt
Wamangu,1980-07-01,189.60000000000002,1980,7,ppt
Wanang,1980-07-01,147.1,1980,7,ppt
Yapsiei,1980-07-01,197.3,1980,7,ppt
Elem,1980-08-01,106.60000000000001,1980,8,ppt
Morox,1980-08-01,125.30000000000001,1980,8,ppt
Niksek,1980-08-01,170.8,1980,8,ppt
Ohu,1980-08-01,323.6,1980,8,ppt
Utai,1980-08-01,121.9,1980,8,ppt
Wamangu,1980-08-01,191.20000000000002,1980,8,ppt
Wanang,1980-08-01,206.4,1980,8,ppt
Yapsiei,1980-08-01,181.5,1980,8,ppt
Elem,1980-09-01,214.20000000000002,1980,9,ppt
Morox,1980-09-01,94.5,1980,9,ppt
Niksek,1980-09-01,138,1980,9,ppt
Ohu,1980-09-01,115.7,1980,9,ppt
Utai,1980-09-01,135.5,1980,9,ppt
Wamangu,1980-09-01,133.1,1980,9,ppt
Wanang,1980-09-01,192.60000000000002,1980,9,ppt
Yapsiei,1980-09-01,230,1980,9,ppt
Elem,1980-10-01,381,1980,10,ppt
Morox,1980-10-01,295.7,1980,10,ppt
Niksek,1980-10-01,297.5,1980,10,ppt
Ohu,1980-10-01,297.3,1980,10,ppt
Utai,1980-10-01,251.4,1980,10,ppt
Wamangu,1980-10-01,96.2,1980,10,ppt
Wanang,1980-10-01,191.20000000000002,1980,10,ppt
Yapsiei,1980-10-01,138.9,1980,10,ppt
Elem,1980-11-01,181.5,1980,11,ppt
Morox,1980-11-01,162.20000000000002,1980,11,ppt
Niksek,1980-11-01,316.5,1980,11,ppt
Ohu,1980-11-01,404.6,1980,11,ppt
Utai,1980-11-01,354.90000000000003,1980,11,ppt
Wamangu,1980-11-01,390.5,1980,11,ppt
Wanang,1980-11-01,311.40000000000003,1980,11,ppt
Yapsiei,1980-11-01,437.1,1980,11,ppt
Elem,1980-12-01,348.90000000000003,1980,12,ppt
Morox,1980-12-01,221.70000000000002,1980,12,ppt
Niksek,1980-12-01,283.8,1980,12,ppt
Ohu,1980-12-01,384.3,1980,12,ppt
Utai,1980-12-01,138.5,1980,12,ppt
Wamangu,1980-12-01,150.5,1980,12,ppt
Wanang,1980-12-01,167.4,1980,12,ppt
Yapsiei,1980-12-01,381.3,1980,12,ppt
Elem,1981-01-01,392.20000000000005,1981,1,ppt
Morox,1981-01-01,312.5,1981,1,ppt
Niksek,1981-01-01,279.90000000000003,1981,1,ppt
Ohu,1981-01-01,388.40000000000003,1981,1,ppt
Utai,1981-01-01,161.8,1981,1,ppt
Wamangu,1981-01-01,186.5,1981,1,ppt
Wanang,1981-01-01,152.20000000000002,1981,1,ppt
Yapsiei,1981-01-01,158.10000000000002,1981,1,ppt
Elem,1981-02-01,194.5,1981,2,ppt
Morox,1981-02-01,288,1981,2,ppt
Niksek,1981-02-01,351,1981,2,ppt
Ohu,1981-02-01,476.5,1981,2,ppt
Utai,1981-02-01,213.60000000000002,1981,2,ppt
Wamangu,1981-02-01,166.8,1981,2,ppt
Wanang,1981-02-01,180,1981,2,ppt
Yapsiei,1981-02-01,257.3,1981,2,ppt
Elem,1981-03-01,111.4,1981,3,ppt
Morox,1981-03-01,128.6,1981,3,ppt
Niksek,1981-03-01,100.10000000000001,1981,3,ppt
Ohu,1981-03-01,103.2,1981,3,ppt
Utai,1981-03-01,104.60000000000001,1981,3,ppt
Wamangu,1981-03-01,166.20000000000002,1981,3,ppt
Wanang,1981-03-01,260.90000000000003,1981,3,ppt
Yapsiei,1981-03-01,287.40000000000003,1981,3,ppt
Elem,1981-04-01,350.6,1981,4,ppt
Morox,1981-04-01,285.2,1981,4,ppt
Niksek,1981-04-01,277.5,1981,4,ppt
Ohu,1981-04-01,307.6,1981,4,ppt
Utai,1981-04-01,246.3,1981,4,ppt
Wamangu,1981-04-01,250.10000000000002,1981,4,ppt
Wanang,1981-04-01,309.6,1981,4,ppt
Yapsiei,1981-04-01,217.5,1981,4,ppt
Elem,1981-05-01,275.6,1981,5,ppt
Morox,1981-05-01,281.5,1981,5,ppt
Niksek,1981-05-01,307.8,1981,5,ppt
Ohu,1981-05-01,343.8,1981,5,ppt
Utai,1981-05-01,291,1981,5,ppt
Wamangu,1981-05-01,306.90000000000003,1981,5,ppt
Wanang,1981-05-01,238.5,1981,5,ppt
Yapsiei,1981-05-01,371.6,1981,5,ppt
Elem,1981-06-01,144.8,1981,6,ppt
Morox,1981-06-01,236.8,1981,6,ppt
Niksek,1981-06-01,120.80000000000001,1981,6,ppt
Ohu,1981-06-01,118.5,1981,6,ppt
Utai,1981-06-01,100.4,1981,6,ppt
Wamangu,1981-06-01,263.40000000000003,1981,6,ppt
Wanang,1981-06-01,228.60000000000002,1981,6,ppt
Yapsiei,1981-06-01,474.90000000000003,1981,6,ppt
Elem,1981-07-01,293.1,1981,7,ppt
Morox,1981-07-01,198.3,1981,7,ppt
Niksek,1981-07-01,290.1,1981,7,ppt
Ohu,1981-07-01,328.6,1981,7,ppt
Utai,1981-07-01,222.60000000000002,1981,7,ppt
Wamangu,1981-07-01,151.1,1981,7,ppt
Wanang,1981-07-01,152.1,1981,7,ppt
Yapsiei,1981-07-01,144.6,1981,7,ppt
Elem,1981-08-01,191.5,1981,8,ppt
Morox,1981-08-01,231.70000000000002,1981,8,ppt
Niksek,1981-08-01,242.20000000000002,1981,8,ppt
Ohu,1981-08-01,284.2,1981,8,ppt
Utai,1981-08-01,169.20000000000002,1981,8,ppt
Wamangu,1981-08-01,117,1981,8,ppt
Wanang,1981-08-01,154.10000000000002,1981,8,ppt
Yapsiei,1981-08-01,224.4,1981,8,ppt
Elem,1981-09-01,138.20000000000002,1981,9,ppt
Morox,1981-09-01,138.70000000000002,1981,9,ppt
Niksek,1981-09-01,114.4,1981,9,ppt
Ohu,1981-09-01,128.8,1981,9,ppt
Utai,1981-09-01,129.5,1981,9,ppt
Wamangu,1981-09-01,161.4,1981,9,ppt
Wanang,1981-09-01,223.3,1981,9,ppt
Yapsiei,1981-09-01,208.5,1981,9,ppt
Elem,1981-10-01,338.6,1981,10,ppt
Morox,1981-10-01,329.1,1981,10,ppt
Niksek,1981-10-01,274.1,1981,10,ppt
Ohu,1981-10-01,393.6,1981,10,ppt
Utai,1981-10-01,153.9,1981,10,ppt
Wamangu,1981-10-01,220.70000000000002,1981,10,ppt
Wanang,1981-10-01,131.20000000000002,1981,10,ppt
Yapsiei,1981-10-01,131.9,1981,10,ppt
Elem,1981-11-01,138.8,1981,11,ppt
Morox,1981-11-01,306.1,1981,11,ppt
Niksek,1981-11-01,292.3,1981,11,ppt
Ohu,1981-11-01,528.8000000000001,1981,11,ppt
Utai,1981-11-01,383.90000000000003,1981,11,ppt
Wamangu,1981-11-01,317.1,1981,11,ppt
Wanang,1981-11-01,336,1981,11,ppt
Yapsiei,1981-11-01,340.8,1981,11,ppt
Elem,1981-12-01,320.90000000000003,1981,12,ppt
Morox,1981-12-01,342.8,1981,12,ppt
Niksek,1981-12-01,439.90000000000003,1981,12,ppt
Ohu,1981-12-01,197.60000000000002,1981,12,ppt
Utai,1981-12-01,369.40000000000003,1981,12,ppt
Wamangu,1981-12-01,297.5,1981,12,ppt
Wanang,1981-12-01,285,1981,12,ppt
Yapsiei,1981-12-01,319.70000000000005,1981,12,ppt
Elem,1982-01-01,397.20000000000005,1982,1,ppt
Morox,1982-01-01,389,1982,1,ppt
Niksek,1982-01-01,402,1982,1,ppt
Ohu,1982-01-01,283.3,1982,1,ppt
Utai,1982-01-01,198.70000000000002,1982,1,ppt
Wamangu,1982-01-01,179.9,1982,1,ppt
Wanang,1982-01-01,136.8,1982,1,ppt
Yapsiei,1982-01-01,127.30000000000001,1982,1,ppt
Elem,1982-02-01,151.20000000000002,1982,2,ppt
Morox,1982-02-01,138.6,1982,2,ppt
Niksek,1982-02-01,257.3,1982,2,ppt
Ohu,1982-02-01,338.6,1982,2,ppt
Utai,1982-02-01,191.20000000000002,1982,2,ppt
Wamangu,1982-02-01,255.4,1982,2,ppt
Wanang,1982-02-01,246.60000000000002,1982,2,ppt
Yapsiei,1982-02-01,188,1982,2,ppt
Elem,1982-03-01,139.1,1982,3,ppt
Morox,1982-03-01,117.7,1982,3,ppt
Niksek,1982-03-01,92.5,1982,3,ppt
Ohu,1982-03-01,78.80000000000001,1982,3,ppt
Utai,1982-03-01,91.30000000000001,1982,3,ppt
Wamangu,1982-03-01,99.5,1982,3,ppt
Wanang,1982-03-01,193.8,1982,3,ppt
Yapsiei,1982-03-01,192.10000000000002,1982,3,ppt
Elem,1982-04-01,324.8,1982,4,ppt
Morox,1982-04-01,351.6,1982,4,ppt
Niksek,1982-04-01,368.8,1982,4,ppt
Ohu,1982-04-01,245.9,1982,4,ppt
Utai,1982-04-01,228.3,1982,4,ppt
Wamangu,1982-04-01,190.8,1982,4,ppt
Wanang,1982-04-01,128,1982,4,ppt
Yapsiei,1982-04-01,169,1982,4,ppt
Elem,1982-05-01,141.1,1982,5,ppt
Morox,1982-05-01,141.8,1982,5,ppt
Niksek,1982-05-01,132,1982,5,ppt
Ohu,1982-05-01,237.10000000000002,1982,5,ppt
Utai,1982-05-01,386.3,1982,5,ppt
Wamangu,1982-05-01,449,1982,5,ppt
Wanang,1982-05-01,438,1982,5,ppt
Yapsiei,1982-05-01,330,1982,5,ppt
Elem,1982-06-01,141,1982,6,ppt
Morox,1982-06-01,179.70000000000002,1982,6,ppt
Niksek,1982-06-01,97.30000000000001,1982,6,ppt
Ohu,1982-06-01,58.7,1982,6,ppt
Utai,1982-06-01,58.300000000000004,1982,6,ppt
Wamangu,1982-06-01,124.4,1982,6,ppt
Wanang,1982-06-01,241.10000000000002,1982,6,ppt
Yapsiei,1982-06-01,233.20000000000002,1982,6,ppt
Elem,1982-07-01,226,1982,7,ppt
Morox,1982-07-01,224.10000000000002,1982,7,ppt
Niksek,1982-07-01,238.5,1982,7,ppt
Ohu,1982-07-01,224.8,1982,7,ppt
Utai,1982-07-01,201,1982,7,ppt
Wamangu,1982-07-01,134.70000000000002,1982,7,ppt
Wanang,1982-07-01,132.1,1982,7,ppt
Yapsiei,1982-07-01,124.4,1982,7,ppt
Elem,1982-08-01,91.60000000000001,1982,8,ppt
Morox,1982-08-01,125.4,1982,8,ppt
Niksek,1982-08-01,148,1982,8,ppt
Ohu,1982-08-01,192.9,1982,8,ppt
Utai,1982-08-01,137,1982,8,ppt
Wamangu,1982-08-01,190.60000000000002,1982,8,ppt
Wanang,1982-08-01,202.3,1982,8,ppt
Yapsiei,1982-08-01,163.5,1982,8,ppt
Elem,1982-09-01,166.10000000000002,1982,9,ppt
Morox,1982-09-01,124.30000000000001,1982,9,ppt
Niksek,1982-09-01,95.80000000000001,1982,9,ppt
Ohu,1982-09-01,101.9,1982,9,ppt
Utai,1982-09-01,120.9,1982,9,ppt
Wamangu,1982-09-01,117.5,1982,9,ppt
Wanang,1982-09-01,144.4,1982,9,ppt
Yapsiei,1982-09-01,151.5,1982,9,ppt
Elem,1982-10-01,406.5,1982,10,ppt
Morox,1982-10-01,464.40000000000003,1982,10,ppt
Niksek,1982-10-01,448.8,1982,10,ppt
Ohu,1982-10-01,313.5,1982,10,ppt
Utai,1982-10-01,152.70000000000002,1982,10,ppt
Wamangu,1982-10-01,176.4,1982,10,ppt
Wanang,1982-10-01,129.9,1982,10,ppt
Yapsiei,1982-10-01,81.5,1982,10,ppt
Elem,1982-11-01,94,1982,11,ppt
Morox,1982-11-01,130.1,1982,11,ppt
Niksek,1982-11-01,286.5,1982,11,ppt
Ohu,1982-11-01,295.6,1982,11,ppt
Utai,1982-11-01,345.20000000000005,1982,11,ppt
Wamangu,1982-11-01,349,1982,11,ppt
Wanang,1982-11-01,327.3,1982,11,ppt
Yapsiei,1982-11-01,289.40000000000003,1982,11,ppt
Elem,1982-12-01,221.10000000000002,1982,12,ppt
Morox,1982-12-01,202,1982,12,ppt
Niksek,1982-12-01,192.4,1982,12,ppt
Ohu,1982-12-01,152.6,1982,12,ppt
Utai,1982-12-01,87,1982,12,ppt
Wamangu,1982-12-01,126.4,1982,12,ppt
Wanang,1982-12-01,109.4,1982,12,ppt
Yapsiei,1982-12-01,204.5,1982,12,ppt
Elem,1983-01-01,458.20000000000005,1983,1,ppt
Morox,1983-01-01,433.5,1983,1,ppt
Niksek,1983-01-01,488.5,1983,1,ppt
Ohu,1983-01-01,376.3,1983,1,ppt
Utai,1983-01-01,299.90000000000003,1983,1,ppt
Wamangu,1983-01-01,171.9,1983,1,ppt
Wanang,1983-01-01,99.10000000000001,1983,1,ppt
Yapsiei,1983-01-01,138.1,1983,1,ppt
Elem,1983-02-01,140.8,1983,2,ppt
Morox,1983-02-01,291.90000000000003,1983,2,ppt
Niksek,1983-02-01,438.5,1983,2,ppt
Ohu,1983-02-01,398.90000000000003,1983,2,ppt
Utai,1983-02-01,249.10000000000002,1983,2,ppt
Wamangu,1983-02-01,270.2,1983,2,ppt
Wanang,1983-02-01,299.2,1983,2,ppt
Yapsiei,1983-02-01,282.6,1983,2,ppt
Elem,1983-03-01,162.3,1983,3,ppt
Morox,1983-03-01,90.2,1983,3,ppt
Niksek,1983-03-01,52.1,1983,3,ppt
Ohu,1983-03-01,55.300000000000004,1983,3,ppt
Utai,1983-03-01,67.60000000000001,1983,3,ppt
Wamangu,1983-03-01,199,1983,3,ppt
Wanang,1983-03-01,302.40000000000003,1983,3,ppt
Yapsiei,1983-03-01,218.4,1983,3,ppt
Elem,1983-04-01,321.1,1983,4,ppt
Morox,1983-04-01,368.1,1983,4,ppt
Niksek,1983-04-01,416.90000000000003,1983,4,ppt
Ohu,1983-04-01,365.40000000000003,1983,4,ppt
Utai,1983-04-01,299.1,1983,4,ppt
Wamangu,1983-04-01,219.9,1983,4,ppt
Wanang,1983-04-01,162.60000000000002,1983,4,ppt
Yapsiei,1983-04-01,234.20000000000002,1983,4,ppt
Elem,1983-05-01,228,1983,5,ppt
Morox,1983-05-01,377.3,1983,5,ppt
Niksek,1983-05-01,318.70000000000005,1983,5,ppt
Ohu,1983-05-01,352.8,1983,5,ppt
Utai,1983-05-01,409.8,1983,5,ppt
Wamangu,1983-05-01,413.40000000000003,1983,5,ppt
Wanang,1983-05-01,413.40000000000003,1983,5,ppt
Yapsiei,1983-05-01,237.20000000000002,1983,5,ppt
Elem,1983-06-01,254.10000000000002,1983,6,ppt
Morox,1983-06-01,149,1983,6,ppt
Niksek,1983-06-01,73,1983,6,ppt
Ohu,1983-06-01,93.60000000000001,1983,6,ppt
Utai,1983-06-01,122.4,1983,6,ppt
Wamangu,1983-06-01,233.5,1983,6,ppt
Wanang,1983-06-01,285.7,1983,6,ppt
Yapsiei,1983-06-01,280,1983,6,ppt
Elem,1983-07-01,278.8,1983,7,ppt
Morox,1983-07-01,256.1,1983,7,ppt
Niksek,1983-07-01,321.3,1983,7,ppt
Ohu,1983-07-01,253.60000000000002,1983,7,ppt
Utai,1983-07-01,237.9,1983,7,ppt
Wamangu,1983-07-01,141.5,1983,7,ppt
Wanang,1983-07-01,83.4,1983,7,ppt
Yapsiei,1983-07-01,96.4,1983,7,ppt
Elem,1983-08-01,139.9,1983,8,ppt
Morox,1983-08-01,262.3,1983,8,ppt
Niksek,1983-08-01,200.60000000000002,1983,8,ppt
Ohu,1983-08-01,220.60000000000002,1983,8,ppt
Utai,1983-08-01,185.60000000000002,1983,8,ppt
Wamangu,1983-08-01,193.9,1983,8,ppt
Wanang,1983-08-01,237.10000000000002,1983,8,ppt
Yapsiei,1983-08-01,283.5,1983,8,ppt
Elem,1983-09-01,156.5,1983,9,ppt
Morox,1983-09-01,94.30000000000001,1983,9,ppt
Niksek,1983-09-01,54.5,1983,9,ppt
Ohu,1983-09-01,65.3,1983,9,ppt
Utai,1983-09-01,81.60000000000001,1983,9,ppt
Wamangu,1983-09-01,232.10000000000002,1983,9,ppt
Wanang,1983-09-01,245.20000000000002,1983,9,ppt
Yapsiei,1983-09-01,167.20000000000002,1983,9,ppt
Elem,1983-10-01,485.20000000000005,1983,10,ppt
Morox,1983-10-01,464.8,1983,10,ppt
Niksek,1983-10-01,519.2,1983,10,ppt
Ohu,1983-10-01,283.5,1983,10,ppt
Utai,1983-10-01,272.7,1983,10,ppt
Wamangu,1983-10-01,140,1983,10,ppt
Wanang,1983-10-01,82.9,1983,10,ppt
Yapsiei,1983-10-01,109.7,1983,10,ppt
Elem,1983-11-01,125.2,1983,11,ppt
Morox,1983-11-01,259.8,1983,11,ppt
Niksek,1983-11-01,358.40000000000003,1983,11,ppt
Ohu,1983-11-01,326.90000000000003,1983,11,ppt
Utai,1983-11-01,298.5,1983,11,ppt
Wamangu,1983-11-01,358.40000000000003,1983,11,ppt
Wanang,1983-11-01,382.8,1983,11,ppt
Yapsiei,1983-11-01,386.40000000000003,1983,11,ppt
Elem,1983-12-01,315.8,1983,12,ppt
Morox,1983-12-01,292.6,1983,12,ppt
Niksek,1983-12-01,193.4,1983,12,ppt
Ohu,1983-12-01,253.60000000000002,1983,12,ppt
Utai,1983-12-01,278.3,1983,12,ppt
Wamangu,1983-12-01,397,1983,12,ppt
Wanang,1983-12-01,248.5,1983,12,ppt
Yapsiei,1983-12-01,327.20000000000005,1983,12,ppt
Elem,1984-01-01,202.60000000000002,1984,1,ppt
Morox,1984-01-01,314.70000000000005,1984,1,ppt
Niksek,1984-01-01,343.3,1984,1,ppt
Ohu,1984-01-01,334,1984,1,ppt
Utai,1984-01-01,306.1,1984,1,ppt
Wamangu,1984-01-01,209.60000000000002,1984,1,ppt
Wanang,1984-01-01,116.7,1984,1,ppt
Yapsiei,1984-01-01,174.70000000000002,1984,1,ppt
Elem,1984-02-01,173.60000000000002,1984,2,ppt
Morox,1984-02-01,269.90000000000003,1984,2,ppt
Niksek,1984-02-01,278.40000000000003,1984,2,ppt
Ohu,1984-02-01,518.5,1984,2,ppt
Utai,1984-02-01,73.10000000000001,1984,2,ppt
Wamangu,1984-02-01,169.20000000000002,1984,2,ppt
Wanang,1984-02-01,221.3,1984,2,ppt
Yapsiei,1984-02-01,245.8,1984,2,ppt
Elem,1984-03-01,196.3,1984,3,ppt
Morox,1984-03-01,122.7,1984,3,ppt
Niksek,1984-03-01,68.7,1984,3,ppt
Ohu,1984-03-01,113.4,1984,3,ppt
Utai,1984-03-01,102.7,1984,3,ppt
Wamangu,1984-03-01,166.70000000000002,1984,3,ppt
Wanang,1984-03-01,200.20000000000002,1984,3,ppt
Yapsiei,1984-03-01,306.1,1984,3,ppt
Elem,1984-04-01,328.5,1984,4,ppt
Morox,1984-04-01,388.20000000000005,1984,4,ppt
Niksek,1984-04-01,351,1984,4,ppt
Ohu,1984-04-01,350.1,1984,4,ppt
Utai,1984-04-01,332.6,1984,4,ppt
Wamangu,1984-04-01,221.3,1984,4,ppt
Wanang,1984-04-01,208.9,1984,4,ppt
Yapsiei,1984-04-01,252.60000000000002,1984,4,ppt
Elem,1984-05-01,254.5,1984,5,ppt
Morox,1984-05-01,285,1984,5,ppt
Niksek,1984-05-01,218.10000000000002,1984,5,ppt
Ohu,1984-05-01,397.1,1984,5,ppt
Utai,1984-05-01,115,1984,5,ppt
Wamangu,1984-05-01,184.9,1984,5,ppt
Wanang,1984-05-01,331.20000000000005,1984,5,ppt
Yapsiei,1984-05-01,294.8,1984,5,ppt
Elem,1984-06-01,286.3,1984,6,ppt
Morox,1984-06-01,190.8,1984,6,ppt
Niksek,1984-06-01,79.9,1984,6,ppt
Ohu,1984-06-01,134.3,1984,6,ppt
Utai,1984-06-01,173.8,1984,6,ppt
Wamangu,1984-06-01,227.60000000000002,1984,6,ppt
Wanang,1984-06-01,268.5,1984,6,ppt
Yapsiei,1984-06-01,488.90000000000003,1984,6,ppt
Elem,1984-07-01,158.10000000000002,1984,7,ppt
Morox,1984-07-01,240.10000000000002,1984,7,ppt
Niksek,1984-07-01,190,1984,7,ppt
Ohu,1984-07-01,220.8,1984,7,ppt
Utai,1984-07-01,222.10000000000002,1984,7,ppt
Wamangu,1984-07-01,111.9,1984,7,ppt
Wanang,1984-07-01,115,1984,7,ppt
Yapsiei,1984-07-01,172.3,1984,7,ppt
Elem,1984-08-01,172.20000000000002,1984,8,ppt
Morox,1984-08-01,200.3,1984,8,ppt
Niksek,1984-08-01,152.1,1984,8,ppt
Ohu,1984-08-01,245,1984,8,ppt
Utai,1984-08-01,59.900000000000006,1984,8,ppt
Wamangu,1984-08-01,138.4,1984,8,ppt
Wanang,1984-08-01,187.10000000000002,1984,8,ppt
Yapsiei,1984-08-01,227.60000000000002,1984,8,ppt
Elem,1984-09-01,223.4,1984,9,ppt
Morox,1984-09-01,128.1,1984,9,ppt
Niksek,1984-09-01,79.7,1984,9,ppt
Ohu,1984-09-01,138,1984,9,ppt
Utai,1984-09-01,123.80000000000001,1984,9,ppt
Wamangu,1984-09-01,188.4,1984,9,ppt
Wanang,1984-09-01,146.6,1984,9,ppt
Yapsiei,1984-09-01,227.70000000000002,1984,9,ppt
Elem,1984-10-01,130.9,1984,10,ppt
Morox,1984-10-01,221.60000000000002,1984,10,ppt
Niksek,1984-10-01,347.5,1984,10,ppt
Ohu,1984-10-01,323.3,1984,10,ppt
Utai,1984-10-01,288,1984,10,ppt
Wamangu,1984-10-01,219.4,1984,10,ppt
Wanang,1984-10-01,88.60000000000001,1984,10,ppt
Yapsiei,1984-10-01,169.9,1984,10,ppt
Elem,1984-11-01,196.60000000000002,1984,11,ppt
Morox,1984-11-01,244.4,1984,11,ppt
Niksek,1984-11-01,296.7,1984,11,ppt
Ohu,1984-11-01,536.2,1984,11,ppt
Utai,1984-11-01,379.6,1984,11,ppt
Wamangu,1984-11-01,408.40000000000003,1984,11,ppt
Wanang,1984-11-01,292.3,1984,11,ppt
Yapsiei,1984-11-01,377.5,1984,11,ppt
Elem,1984-12-01,297.6,1984,12,ppt
Morox,1984-12-01,229.20000000000002,1984,12,ppt
Niksek,1984-12-01,257.90000000000003,1984,12,ppt
Ohu,1984-12-01,300.8,1984,12,ppt
Utai,1984-12-01,317,1984,12,ppt
Wamangu,1984-12-01,274.90000000000003,1984,12,ppt
Wanang,1984-12-01,201.20000000000002,1984,12,ppt
Yapsiei,1984-12-01,340,1984,12,ppt
Elem,1985-01-01,356.40000000000003,1985,1,ppt
Morox,1985-01-01,427.20000000000005,1985,1,ppt
Niksek,1985-01-01,309.6,1985,1,ppt
Ohu,1985-01-01,322.3,1985,1,ppt
Utai,1985-01-01,187.9,1985,1,ppt
Wamangu,1985-01-01,182.20000000000002,1985,1,ppt
Wanang,1985-01-01,100.7,1985,1,ppt
Yapsiei,1985-01-01,179.10000000000002,1985,1,ppt
Elem,1985-02-01,240.5,1985,2,ppt
Morox,1985-02-01,216.4,1985,2,ppt
Niksek,1985-02-01,365.40000000000003,1985,2,ppt
Ohu,1985-02-01,348.70000000000005,1985,2,ppt
Utai,1985-02-01,212.5,1985,2,ppt
Wamangu,1985-02-01,251.8,1985,2,ppt
Wanang,1985-02-01,184.70000000000002,1985,2,ppt
Yapsiei,1985-02-01,193.20000000000002,1985,2,ppt
Elem,1985-03-01,120.4,1985,3,ppt
Morox,1985-03-01,119.30000000000001,1985,3,ppt
Niksek,1985-03-01,71.5,1985,3,ppt
Ohu,1985-03-01,110.9,1985,3,ppt
Utai,1985-03-01,127.30000000000001,1985,3,ppt
Wamangu,1985-03-01,134.4,1985,3,ppt
Wanang,1985-03-01,279.8,1985,3,ppt
Yapsiei,1985-03-01,202.4,1985,3,ppt
Elem,1985-04-01,319.8,1985,4,ppt
Morox,1985-04-01,399.3,1985,4,ppt
Niksek,1985-04-01,261.8,1985,4,ppt
Ohu,1985-04-01,312.8,1985,4,ppt
Utai,1985-04-01,216,1985,4,ppt
Wamangu,1985-04-01,228.20000000000002,1985,4,ppt
Wanang,1985-04-01,173.70000000000002,1985,4,ppt
Yapsiei,1985-04-01,304.5,1985,4,ppt
Elem,1985-05-01,361.40000000000003,1985,5,ppt
Morox,1985-05-01,271.90000000000003,1985,5,ppt
Niksek,1985-05-01,319,1985,5,ppt
Ohu,1985-05-01,300.6,1985,5,ppt
Utai,1985-05-01,337.5,1985,5,ppt
Wamangu,1985-05-01,305.8,1985,5,ppt
Wanang,1985-05-01,326.70000000000005,1985,5,ppt
Yapsiei,1985-05-01,301.5,1985,5,ppt
Elem,1985-06-01,175.70000000000002,1985,6,ppt
Morox,1985-06-01,262.1,1985,6,ppt
Niksek,1985-06-01,142.4,1985,6,ppt
Ohu,1985-06-01,147.1,1985,6,ppt
Utai,1985-06-01,236.3,1985,6,ppt
Wamangu,1985-06-01,190.20000000000002,1985,6,ppt
Wanang,1985-06-01,324.1,1985,6,ppt
Yapsiei,1985-06-01,213,1985,6,ppt
Elem,1985-07-01,218,1985,7,ppt
Morox,1985-07-01,216.4,1985,7,ppt
Niksek,1985-07-01,198.5,1985,7,ppt
Ohu,1985-07-01,211,1985,7,ppt
Utai,1985-07-01,212.5,1985,7,ppt
Wamangu,1985-07-01,150.8,1985,7,ppt
Wanang,1985-07-01,111.4,1985,7,ppt
Yapsiei,1985-07-01,194.60000000000002,1985,7,ppt
Elem,1985-08-01,237.9,1985,8,ppt
Morox,1985-08-01,209.3,1985,8,ppt
Niksek,1985-08-01,256.8,1985,8,ppt
Ohu,1985-08-01,228.70000000000002,1985,8,ppt
Utai,1985-08-01,173.3,1985,8,ppt
Wamangu,1985-08-01,187.5,1985,8,ppt
Wanang,1985-08-01,143.3,1985,8,ppt
Yapsiei,1985-08-01,162.4,1985,8,ppt
Elem,1985-09-01,127.30000000000001,1985,9,ppt
Morox,1985-09-01,130.1,1985,9,ppt
Niksek,1985-09-01,83.10000000000001,1985,9,ppt
Ohu,1985-09-01,143.1,1985,9,ppt
Utai,1985-09-01,148.70000000000002,1985,9,ppt
Wamangu,1985-09-01,158.10000000000002,1985,9,ppt
Wanang,1985-09-01,236.70000000000002,1985,9,ppt
Yapsiei,1985-09-01,162.60000000000002,1985,9,ppt
Elem,1985-10-01,368.1,1985,10,ppt
Morox,1985-10-01,360.3,1985,10,ppt
Niksek,1985-10-01,377.20000000000005,1985,10,ppt
Ohu,1985-10-01,327.1,1985,10,ppt
Utai,1985-10-01,192.8,1985,10,ppt
Wamangu,1985-10-01,233.9,1985,10,ppt
Wanang,1985-10-01,128.9,1985,10,ppt
Yapsiei,1985-10-01,170,1985,10,ppt
Elem,1985-11-01,249.60000000000002,1985,11,ppt
Morox,1985-11-01,196.3,1985,11,ppt
Niksek,1985-11-01,363.40000000000003,1985,11,ppt
Ohu,1985-11-01,278,1985,11,ppt
Utai,1985-11-01,346.70000000000005,1985,11,ppt
Wamangu,1985-11-01,367.6,1985,11,ppt
Wanang,1985-11-01,281.2,1985,11,ppt
Yapsiei,1985-11-01,375.3,1985,11,ppt
Elem,1985-12-01,286.7,1985,12,ppt
Morox,1985-12-01,255.8,1985,12,ppt
Niksek,1985-12-01,241.3,1985,12,ppt
Ohu,1985-12-01,348.1,1985,12,ppt
Utai,1985-12-01,462.20000000000005,1985,12,ppt
Wamangu,1985-12-01,282.5,1985,12,ppt
Wanang,1985-12-01,293.90000000000003,1985,12,ppt
Yapsiei,1985-12-01,286.40000000000003,1985,12,ppt
Elem,1986-01-01,416.70000000000005,1986,1,ppt
Morox,1986-01-01,302.7,1986,1,ppt
Niksek,1986-01-01,299.1,1986,1,ppt
Ohu,1986-01-01,400.20000000000005,1986,1,ppt
Utai,1986-01-01,146.20000000000002,1986,1,ppt
Wamangu,1986-01-01,160.8,1986,1,ppt
Wanang,1986-01-01,131.4,1986,1,ppt
Yapsiei,1986-01-01,165.10000000000002,1986,1,ppt
Elem,1986-02-01,205.5,1986,2,ppt
Morox,1986-02-01,248.70000000000002,1986,2,ppt
Niksek,1986-02-01,287.7,1986,2,ppt
Ohu,1986-02-01,260.8,1986,2,ppt
Utai,1986-02-01,251.20000000000002,1986,2,ppt
Wamangu,1986-02-01,141.6,1986,2,ppt
Wanang,1986-02-01,204.5,1986,2,ppt
Yapsiei,1986-02-01,262.7,1986,2,ppt
Elem,1986-03-01,83.2,1986,3,ppt
Morox,1986-03-01,101.30000000000001,1986,3,ppt
Niksek,1986-03-01,73.8,1986,3,ppt
Ohu,1986-03-01,116.60000000000001,1986,3,ppt
Utai,1986-03-01,123.60000000000001,1986,3,ppt
Wamangu,1986-03-01,162.4,1986,3,ppt
Wanang,1986-03-01,231.3,1986,3,ppt
Yapsiei,1986-03-01,200,1986,3,ppt
Elem,1986-04-01,344.8,1986,4,ppt
Morox,1986-04-01,302.3,1986,4,ppt
Niksek,1986-04-01,447.20000000000005,1986,4,ppt
Ohu,1986-04-01,385.5,1986,4,ppt
Utai,1986-04-01,151.3,1986,4,ppt
Wamangu,1986-04-01,203.9,1986,4,ppt
Wanang,1986-04-01,215.9,1986,4,ppt
Yapsiei,1986-04-01,231.9,1986,4,ppt
Elem,1986-05-01,197.4,1986,5,ppt
Morox,1986-05-01,285.40000000000003,1986,5,ppt
Niksek,1986-05-01,283.5,1986,5,ppt
Ohu,1986-05-01,214.9,1986,5,ppt
Utai,1986-05-01,382.40000000000003,1986,5,ppt
Wamangu,1986-05-01,298.90000000000003,1986,5,ppt
Wanang,1986-05-01,204.10000000000002,1986,5,ppt
Yapsiei,1986-05-01,477.3,1986,5,ppt
Elem,1986-06-01,164,1986,6,ppt
Morox,1986-06-01,189.10000000000002,1986,6,ppt
Niksek,1986-06-01,93.9,1986,6,ppt
Ohu,1986-06-01,151.4,1986,6,ppt
Utai,1986-06-01,222.10000000000002,1986,6,ppt
Wamangu,1986-06-01,209.70000000000002,1986,6,ppt
Wanang,1986-06-01,207.4,1986,6,ppt
Yapsiei,1986-06-01,275.90000000000003,1986,6,ppt
Elem,1986-07-01,237.9,1986,7,ppt
Morox,1986-07-01,161.60000000000002,1986,7,ppt
Niksek,1986-07-01,240.20000000000002,1986,7,ppt
Ohu,1986-07-01,279.8,1986,7,ppt
Utai,1986-07-01,103.30000000000001,1986,7,ppt
Wamangu,1986-07-01,167.10000000000002,1986,7,ppt
Wanang,1986-07-01,138.9,1986,7,ppt
Yapsiei,1986-07-01,174.70000000000002,1986,7,ppt
Elem,1986-08-01,138.4,1986,8,ppt
Morox,1986-08-01,198.20000000000002,1986,8,ppt
Niksek,1986-08-01,265.5,1986,8,ppt
Ohu,1986-08-01,193.70000000000002,1986,8,ppt
Utai,1986-08-01,204.70000000000002,1986,8,ppt
Wamangu,1986-08-01,91.5,1986,8,ppt
Wanang,1986-08-01,194.70000000000002,1986,8,ppt
Yapsiei,1986-08-01,203.60000000000002,1986,8,ppt
Elem,1986-09-01,76.9,1986,9,ppt
Morox,1986-09-01,108.9,1986,9,ppt
Niksek,1986-09-01,78.4,1986,9,ppt
Ohu,1986-09-01,140.70000000000002,1986,9,ppt
Utai,1986-09-01,136.6,1986,9,ppt
Wamangu,1986-09-01,195.60000000000002,1986,9,ppt
Wanang,1986-09-01,218.20000000000002,1986,9,ppt
Yapsiei,1986-09-01,155.9,1986,9,ppt
Elem,1986-10-01,421.3,1986,10,ppt
Morox,1986-10-01,325.90000000000003,1986,10,ppt
Niksek,1986-10-01,222.70000000000002,1986,10,ppt
Ohu,1986-10-01,480.5,1986,10,ppt
Utai,1986-10-01,167.10000000000002,1986,10,ppt
Wamangu,1986-10-01,174.8,1986,10,ppt
Wanang,1986-10-01,107.2,1986,10,ppt
Yapsiei,1986-10-01,171.20000000000002,1986,10,ppt
Elem,1986-11-01,239,1986,11,ppt
Morox,1986-11-01,213.9,1986,11,ppt
Niksek,1986-11-01,237.60000000000002,1986,11,ppt
Ohu,1986-11-01,300,1986,11,ppt
Utai,1986-11-01,349.8,1986,11,ppt
Wamangu,1986-11-01,318.40000000000003,1986,11,ppt
Wanang,1986-11-01,424,1986,11,ppt
Yapsiei,1986-11-01,473.90000000000003,1986,11,ppt
Elem,1986-12-01,188.70000000000002,1986,12,ppt
Morox,1986-12-01,296.8,1986,12,ppt
Niksek,1986-12-01,303.90000000000003,1986,12,ppt
Ohu,1986-12-01,318.8,1986,12,ppt
Utai,1986-12-01,210.60000000000002,1986,12,ppt
Wamangu,1986-12-01,252.10000000000002,1986,12,ppt
Wanang,1986-12-01,285.2,1986,12,ppt
Yapsiei,1986-12-01,230.20000000000002,1986,12,ppt
Elem,1987-01-01,503,1987,1,ppt
Morox,1987-01-01,327.20000000000005,1987,1,ppt
Niksek,1987-01-01,412.3,1987,1,ppt
Ohu,1987-01-01,299.1,1987,1,ppt
Utai,1987-01-01,199.10000000000002,1987,1,ppt
Wamangu,1987-01-01,119.10000000000001,1987,1,ppt
Wanang,1987-01-01,69,1987,1,ppt
Yapsiei,1987-01-01,87.80000000000001,1987,1,ppt
Elem,1987-02-01,174.4,1987,2,ppt
Morox,1987-02-01,217,1987,2,ppt
Niksek,1987-02-01,347.5,1987,2,ppt
Ohu,1987-02-01,365.40000000000003,1987,2,ppt
Utai,1987-02-01,287.1,1987,2,ppt
Wamangu,1987-02-01,198.9,1987,2,ppt
Wanang,1987-02-01,209.70000000000002,1987,2,ppt
Yapsiei,1987-02-01,181.20000000000002,1987,2,ppt
Elem,1987-03-01,105.10000000000001,1987,3,ppt
Morox,1987-03-01,62.6,1987,3,ppt
Niksek,1987-03-01,39.5,1987,3,ppt
Ohu,1987-03-01,39.5,1987,3,ppt
Utai,1987-03-01,90.10000000000001,1987,3,ppt
Wamangu,1987-03-01,117,1987,3,ppt
Wanang,1987-03-01,279.7,1987,3,ppt
Yapsiei,1987-03-01,224.5,1987,3,ppt
Elem,1987-04-01,404.6,1987,4,ppt
Morox,1987-04-01,288.6,1987,4,ppt
Niksek,1987-04-01,386.5,1987,4,ppt
Ohu,1987-04-01,248.8,1987,4,ppt
Utai,1987-04-01,189.70000000000002,1987,4,ppt
Wamangu,1987-04-01,162.8,1987,4,ppt
Wanang,1987-04-01,116.7,1987,4,ppt
Yapsiei,1987-04-01,148,1987,4,ppt
Elem,1987-05-01,238.8,1987,5,ppt
Morox,1987-05-01,215.9,1987,5,ppt
Niksek,1987-05-01,276.7,1987,5,ppt
Ohu,1987-05-01,303.3,1987,5,ppt
Utai,1987-05-01,593.6,1987,5,ppt
Wamangu,1987-05-01,281.8,1987,5,ppt
Wanang,1987-05-01,383.1,1987,5,ppt
Yapsiei,1987-05-01,314.40000000000003,1987,5,ppt
Elem,1987-06-01,150,1987,6,ppt
Morox,1987-06-01,50.5,1987,6,ppt
Niksek,1987-06-01,105.4,1987,6,ppt
Ohu,1987-06-01,28.1,1987,6,ppt
Utai,1987-06-01,129.8,1987,6,ppt
Wamangu,1987-06-01,98.60000000000001,1987,6,ppt
Wanang,1987-06-01,218.9,1987,6,ppt
Yapsiei,1987-06-01,314.20000000000005,1987,6,ppt
Elem,1987-07-01,302,1987,7,ppt
Morox,1987-07-01,208.10000000000002,1987,7,ppt
Niksek,1987-07-01,247.8,1987,7,ppt
Ohu,1987-07-01,179.10000000000002,1987,7,ppt
Utai,1987-07-01,131,1987,7,ppt
Wamangu,1987-07-01,108.10000000000001,1987,7,ppt
Wanang,1987-07-01,74.4,1987,7,ppt
Yapsiei,1987-07-01,84.2,1987,7,ppt
Elem,1987-08-01,164.4,1987,8,ppt
Morox,1987-08-01,113.30000000000001,1987,8,ppt
Niksek,1987-08-01,230.60000000000002,1987,8,ppt
Ohu,1987-08-01,246.60000000000002,1987,8,ppt
Utai,1987-08-01,206,1987,8,ppt
Wamangu,1987-08-01,144.70000000000002,1987,8,ppt
Wanang,1987-08-01,146.1,1987,8,ppt
Yapsiei,1987-08-01,141.20000000000002,1987,8,ppt
Elem,1987-09-01,98.7,1987,9,ppt
Morox,1987-09-01,71.60000000000001,1987,9,ppt
Niksek,1987-09-01,33.6,1987,9,ppt
Ohu,1987-09-01,46.1,1987,9,ppt
Utai,1987-09-01,116.5,1987,9,ppt
Wamangu,1987-09-01,127.60000000000001,1987,9,ppt
Wanang,1987-09-01,265.1,1987,9,ppt
Yapsiei,1987-09-01,175.3,1987,9,ppt
Elem,1987-10-01,647.5,1987,10,ppt
Morox,1987-10-01,341.6,1987,10,ppt
Niksek,1987-10-01,432.40000000000003,1987,10,ppt
Ohu,1987-10-01,334.3,1987,10,ppt
Utai,1987-10-01,181.60000000000002,1987,10,ppt
Wamangu,1987-10-01,65.60000000000001,1987,10,ppt
Wanang,1987-10-01,94.30000000000001,1987,10,ppt
Yapsiei,1987-10-01,44.1,1987,10,ppt
Elem,1987-11-01,147.70000000000002,1987,11,ppt
Morox,1987-11-01,143,1987,11,ppt
Niksek,1987-11-01,255.9,1987,11,ppt
Ohu,1987-11-01,353.20000000000005,1987,11,ppt
Utai,1987-11-01,464.8,1987,11,ppt
Wamangu,1987-11-01,334,1987,11,ppt
Wanang,1987-11-01,411.90000000000003,1987,11,ppt
Yapsiei,1987-11-01,281.1,1987,11,ppt
Elem,1987-12-01,213.20000000000002,1987,12,ppt
Morox,1987-12-01,205.70000000000002,1987,12,ppt
Niksek,1987-12-01,194,1987,12,ppt
Ohu,1987-12-01,168.10000000000002,1987,12,ppt
Utai,1987-12-01,300.1,1987,12,ppt
Wamangu,1987-12-01,167.3,1987,12,ppt
Wanang,1987-12-01,216.70000000000002,1987,12,ppt
Yapsiei,1987-12-01,304.2,1987,12,ppt
Elem,1988-01-01,321,1988,1,ppt
Morox,1988-01-01,426.8,1988,1,ppt
Niksek,1988-01-01,416.3,1988,1,ppt
Ohu,1988-01-01,291.6,1988,1,ppt
Utai,1988-01-01,236.60000000000002,1988,1,ppt
Wamangu,1988-01-01,155.70000000000002,1988,1,ppt
Wanang,1988-01-01,146.3,1988,1,ppt
Yapsiei,1988-01-01,137,1988,1,ppt
Elem,1988-02-01,194.5,1988,2,ppt
Morox,1988-02-01,310.1,1988,2,ppt
Niksek,1988-02-01,292.5,1988,2,ppt
Ohu,1988-02-01,432.6,1988,2,ppt
Utai,1988-02-01,164.5,1988,2,ppt
Wamangu,1988-02-01,240.70000000000002,1988,2,ppt
Wanang,1988-02-01,251,1988,2,ppt
Yapsiei,1988-02-01,177,1988,2,ppt
Elem,1988-03-01,162.5,1988,3,ppt
Morox,1988-03-01,104.9,1988,3,ppt
Niksek,1988-03-01,80.60000000000001,1988,3,ppt
Ohu,1988-03-01,110.9,1988,3,ppt
Utai,1988-03-01,118.10000000000001,1988,3,ppt
Wamangu,1988-03-01,218.60000000000002,1988,3,ppt
Wanang,1988-03-01,197.60000000000002,1988,3,ppt
Yapsiei,1988-03-01,288,1988,3,ppt
Elem,1988-04-01,300.8,1988,4,ppt
Morox,1988-04-01,341.1,1988,4,ppt
Niksek,1988-04-01,468.3,1988,4,ppt
Ohu,1988-04-01,228.4,1988,4,ppt
Utai,1988-04-01,276.2,1988,4,ppt
Wamangu,1988-04-01,209.3,1988,4,ppt
Wanang,1988-04-01,236.60000000000002,1988,4,ppt
Yapsiei,1988-04-01,292.2,1988,4,ppt
Elem,1988-05-01,291.1,1988,5,ppt
Morox,1988-05-01,312.90000000000003,1988,5,ppt
Niksek,1988-05-01,267.1,1988,5,ppt
Ohu,1988-05-01,357.8,1988,5,ppt
Utai,1988-05-01,276.8,1988,5,ppt
Wamangu,1988-05-01,433,1988,5,ppt
Wanang,1988-05-01,321.8,1988,5,ppt
Yapsiei,1988-05-01,308.40000000000003,1988,5,ppt
Elem,1988-06-01,149.8,1988,6,ppt
Morox,1988-06-01,177.70000000000002,1988,6,ppt
Niksek,1988-06-01,149.9,1988,6,ppt
Ohu,1988-06-01,106.10000000000001,1988,6,ppt
Utai,1988-06-01,204.8,1988,6,ppt
Wamangu,1988-06-01,331.40000000000003,1988,6,ppt
Wanang,1988-06-01,269.2,1988,6,ppt
Yapsiei,1988-06-01,288.8,1988,6,ppt
Elem,1988-07-01,220,1988,7,ppt
Morox,1988-07-01,196.20000000000002,1988,7,ppt
Niksek,1988-07-01,260.2,1988,7,ppt
Ohu,1988-07-01,158.9,1988,7,ppt
Utai,1988-07-01,236.70000000000002,1988,7,ppt
Wamangu,1988-07-01,139.1,1988,7,ppt
Wanang,1988-07-01,100.30000000000001,1988,7,ppt
Yapsiei,1988-07-01,219.8,1988,7,ppt
Elem,1988-08-01,216.10000000000002,1988,8,ppt
Morox,1988-08-01,284.90000000000003,1988,8,ppt
Niksek,1988-08-01,203,1988,8,ppt
Ohu,1988-08-01,300.6,1988,8,ppt
Utai,1988-08-01,118.7,1988,8,ppt
Wamangu,1988-08-01,167.3,1988,8,ppt
Wanang,1988-08-01,214.70000000000002,1988,8,ppt
Yapsiei,1988-08-01,132.4,1988,8,ppt
Elem,1988-09-01,197.10000000000002,1988,9,ppt
Morox,1988-09-01,121.7,1988,9,ppt
Niksek,1988-09-01,81,1988,9,ppt
Ohu,1988-09-01,165.3,1988,9,ppt
Utai,1988-09-01,144,1988,9,ppt
Wamangu,1988-09-01,250.10000000000002,1988,9,ppt
Wanang,1988-09-01,149.4,1988,9,ppt
Yapsiei,1988-09-01,249.9,1988,9,ppt
Elem,1988-10-01,327.5,1988,10,ppt
Morox,1988-10-01,479.5,1988,10,ppt
Niksek,1988-10-01,377.1,1988,10,ppt
Ohu,1988-10-01,341.70000000000005,1988,10,ppt
Utai,1988-10-01,176.5,1988,10,ppt
Wamangu,1988-10-01,156,1988,10,ppt
Wanang,1988-10-01,166.70000000000002,1988,10,ppt
Yapsiei,1988-10-01,107.9,1988,10,ppt
Elem,1988-11-01,217.70000000000002,1988,11,ppt
Morox,1988-11-01,327.70000000000005,1988,11,ppt
Niksek,1988-11-01,306.8,1988,11,ppt
Ohu,1988-11-01,352.3,1988,11,ppt
Utai,1988-11-01,387.6,1988,11,ppt
Wamangu,1988-11-01,300.40000000000003,1988,11,ppt
Wanang,1988-11-01,429.5,1988,11,ppt
Yapsiei,1988-11-01,243,1988,11,ppt
Elem,1988-12-01,285,1988,12,ppt
Morox,1988-12-01,234.9,1988,12,ppt
Niksek,1988-12-01,306,1988,12,ppt
Ohu,1988-12-01,363.6,1988,12,ppt
Utai,1988-12-01,409.5,1988,12,ppt
Wamangu,1988-12-01,315.3,1988,12,ppt
Wanang,1988-12-01,278.8,1988,12,ppt
Yapsiei,1988-12-01,329,1988,12,ppt
Elem,1989-01-01,383.8,1989,1,ppt
Morox,1989-01-01,387.5,1989,1,ppt
Niksek,1989-01-01,463.5,1989,1,ppt
Ohu,1989-01-01,413,1989,1,ppt
Utai,1989-01-01,286,1989,1,ppt
Wamangu,1989-01-01,147.3,1989,1,ppt
Wanang,1989-01-01,156,1989,1,ppt
Yapsiei,1989-01-01,231.3,1989,1,ppt
Elem,1989-02-01,149.20000000000002,1989,2,ppt
Morox,1989-02-01,262.5,1989,2,ppt
Niksek,1989-02-01,277.90000000000003,1989,2,ppt
Ohu,1989-02-01,318.40000000000003,1989,2,ppt
Utai,1989-02-01,228.4,1989,2,ppt
Wamangu,1989-02-01,214.5,1989,2,ppt
Wanang,1989-02-01,261.40000000000003,1989,2,ppt
Yapsiei,1989-02-01,258.2,1989,2,ppt
Elem,1989-03-01,180.70000000000002,1989,3,ppt
Morox,1989-03-01,105.7,1989,3,ppt
Niksek,1989-03-01,107.60000000000001,1989,3,ppt
Ohu,1989-03-01,148.1,1989,3,ppt
Utai,1989-03-01,90.7,1989,3,ppt
Wamangu,1989-03-01,181.20000000000002,1989,3,ppt
Wanang,1989-03-01,198,1989,3,ppt
Yapsiei,1989-03-01,182.8,1989,3,ppt
Elem,1989-04-01,340.90000000000003,1989,4,ppt
Morox,1989-04-01,330.6,1989,4,ppt
Niksek,1989-04-01,462.5,1989,4,ppt
Ohu,1989-04-01,331.90000000000003,1989,4,ppt
Utai,1989-04-01,289.2,1989,4,ppt
Wamangu,1989-04-01,166.8,1989,4,ppt
Wanang,1989-04-01,232.4,1989,4,ppt
Yapsiei,1989-04-01,330,1989,4,ppt
Elem,1989-05-01,250.9,1989,5,ppt
Morox,1989-05-01,308,1989,5,ppt
Niksek,1989-05-01,267.5,1989,5,ppt
Ohu,1989-05-01,263.2,1989,5,ppt
Utai,1989-05-01,376.6,1989,5,ppt
Wamangu,1989-05-01,247.4,1989,5,ppt
Wanang,1989-05-01,387.5,1989,5,ppt
Yapsiei,1989-05-01,422.1,1989,5,ppt
Elem,1989-06-01,301.90000000000003,1989,6,ppt
Morox,1989-06-01,198,1989,6,ppt
Niksek,1989-06-01,153.5,1989,6,ppt
Ohu,1989-06-01,196.70000000000002,1989,6,ppt
Utai,1989-06-01,235.3,1989,6,ppt
Wamangu,1989-06-01,293.90000000000003,1989,6,ppt
Wanang,1989-06-01,237.10000000000002,1989,6,ppt
Yapsiei,1989-06-01,340.20000000000005,1989,6,ppt
Elem,1989-07-01,268.90000000000003,1989,7,ppt
Morox,1989-07-01,194.5,1989,7,ppt
Niksek,1989-07-01,313.70000000000005,1989,7,ppt
Ohu,1989-07-01,240.5,1989,7,ppt
Utai,1989-07-01,221.70000000000002,1989,7,ppt
Wamangu,1989-07-01,118.30000000000001,1989,7,ppt
Wanang,1989-07-01,133.9,1989,7,ppt
Yapsiei,1989-07-01,212,1989,7,ppt
Elem,1989-08-01,178.9,1989,8,ppt
Morox,1989-08-01,217.8,1989,8,ppt
Niksek,1989-08-01,210.3,1989,8,ppt
Ohu,1989-08-01,205.10000000000002,1989,8,ppt
Utai,1989-08-01,179,1989,8,ppt
Wamangu,1989-08-01,153.70000000000002,1989,8,ppt
Wanang,1989-08-01,219,1989,8,ppt
Yapsiei,1989-08-01,213.3,1989,8,ppt
Elem,1989-09-01,180,1989,9,ppt
Morox,1989-09-01,110.30000000000001,1989,9,ppt
Niksek,1989-09-01,120.2,1989,9,ppt
Ohu,1989-09-01,180.4,1989,9,ppt
Utai,1989-09-01,103.10000000000001,1989,9,ppt
Wamangu,1989-09-01,197.10000000000002,1989,9,ppt
Wanang,1989-09-01,162.9,1989,9,ppt
Yapsiei,1989-09-01,131,1989,9,ppt
Elem,1989-10-01,436,1989,10,ppt
Morox,1989-10-01,326.40000000000003,1989,10,ppt
Niksek,1989-10-01,429.90000000000003,1989,10,ppt
Ohu,1989-10-01,448.1,1989,10,ppt
Utai,1989-10-01,314,1989,10,ppt
Wamangu,1989-10-01,184.20000000000002,1989,10,ppt
Wanang,1989-10-01,160,1989,10,ppt
Yapsiei,1989-10-01,227,1989,10,ppt
Elem,1989-11-01,217.4,1989,11,ppt
Morox,1989-11-01,290.8,1989,11,ppt
Niksek,1989-11-01,248.9,1989,11,ppt
Ohu,1989-11-01,365,1989,11,ppt
Utai,1989-11-01,425.5,1989,11,ppt
Wamangu,1989-11-01,300.6,1989,11,ppt
Wanang,1989-11-01,437.90000000000003,1989,11,ppt
Yapsiei,1989-11-01,337.70000000000005,1989,11,ppt
Elem,1989-12-01,285.90000000000003,1989,12,ppt
Morox,1989-12-01,185.10000000000002,1989,12,ppt
Niksek,1989-12-01,247.60000000000002,1989,12,ppt
Ohu,1989-12-01,343.70000000000005,1989,12,ppt
Utai,1989-12-01,375.70000000000005,1989,12,ppt
Wamangu,1989-12-01,296.40000000000003,1989,12,ppt
Wanang,1989-12-01,271.8,1989,12,ppt
Yapsiei,1989-12-01,284.8,1989,12,ppt
Elem,1990-01-01,402.6,1990,1,ppt
Morox,1990-01-01,268.6,1990,1,ppt
Niksek,1990-01-01,253.60000000000002,1990,1,ppt
Ohu,1990-01-01,434,1990,1,ppt
Utai,1990-01-01,270.7,1990,1,ppt
Wamangu,1990-01-01,166.5,1990,1,ppt
Wanang,1990-01-01,167,1990,1,ppt
Yapsiei,1990-01-01,188.3,1990,1,ppt
Elem,1990-02-01,222.10000000000002,1990,2,ppt
Morox,1990-02-01,267.1,1990,2,ppt
Niksek,1990-02-01,324.20000000000005,1990,2,ppt
Ohu,1990-02-01,356.6,1990,2,ppt
Utai,1990-02-01,276.8,1990,2,ppt
Wamangu,1990-02-01,166,1990,2,ppt
Wanang,1990-02-01,164.70000000000002,1990,2,ppt
Yapsiei,1990-02-01,268.1,1990,2,ppt
Elem,1990-03-01,177.70000000000002,1990,3,ppt
Morox,1990-03-01,105.80000000000001,1990,3,ppt
Niksek,1990-03-01,105,1990,3,ppt
Ohu,1990-03-01,111.10000000000001,1990,3,ppt
Utai,1990-03-01,114.5,1990,3,ppt
Wamangu,1990-03-01,167,1990,3,ppt
Wanang,1990-03-01,258.40000000000003,1990,3,ppt
Yapsiei,1990-03-01,256.5,1990,3,ppt
Elem,1990-04-01,347.5,1990,4,ppt
Morox,1990-04-01,227.9,1990,4,ppt
Niksek,1990-04-01,254.70000000000002,1990,4,ppt
Ohu,1990-04-01,350.40000000000003,1990,4,ppt
Utai,1990-04-01,292.1,1990,4,ppt
Wamangu,1990-04-01,208.10000000000002,1990,4,ppt
Wanang,1990-04-01,266.7,1990,4,ppt
Yapsiei,1990-04-01,299.5,1990,4,ppt
Elem,1990-05-01,294.6,1990,5,ppt
Morox,1990-05-01,341.90000000000003,1990,5,ppt
Niksek,1990-05-01,249.4,1990,5,ppt
Ohu,1990-05-01,302.1,1990,5,ppt
Utai,1990-05-01,397.8,1990,5,ppt
Wamangu,1990-05-01,292.1,1990,5,ppt
Wanang,1990-05-01,223,1990,5,ppt
Yapsiei,1990-05-01,416.70000000000005,1990,5,ppt
Elem,1990-06-01,191.20000000000002,1990,6,ppt
Morox,1990-06-01,176.5,1990,6,ppt
Niksek,1990-06-01,109.10000000000001,1990,6,ppt
Ohu,1990-06-01,102.7,1990,6,ppt
Utai,1990-06-01,206,1990,6,ppt
Wamangu,1990-06-01,129.20000000000002,1990,6,ppt
Wanang,1990-06-01,272.1,1990,6,ppt
Yapsiei,1990-06-01,341,1990,6,ppt
Elem,1990-07-01,219.9,1990,7,ppt
Morox,1990-07-01,157.9,1990,7,ppt
Niksek,1990-07-01,191.60000000000002,1990,7,ppt
Ohu,1990-07-01,215.3,1990,7,ppt
Utai,1990-07-01,219.3,1990,7,ppt
Wamangu,1990-07-01,162.60000000000002,1990,7,ppt
Wanang,1990-07-01,128.5,1990,7,ppt
Yapsiei,1990-07-01,190.70000000000002,1990,7,ppt
Elem,1990-08-01,195.20000000000002,1990,8,ppt
Morox,1990-08-01,283.1,1990,8,ppt
Niksek,1990-08-01,145.8,1990,8,ppt
Ohu,1990-08-01,211.10000000000002,1990,8,ppt
Utai,1990-08-01,225.60000000000002,1990,8,ppt
Wamangu,1990-08-01,109.80000000000001,1990,8,ppt
Wanang,1990-08-01,140.6,1990,8,ppt
Yapsiei,1990-08-01,208.4,1990,8,ppt
Elem,1990-09-01,195.4,1990,9,ppt
Morox,1990-09-01,125.60000000000001,1990,9,ppt
Niksek,1990-09-01,119.4,1990,9,ppt
Ohu,1990-09-01,146.20000000000002,1990,9,ppt
Utai,1990-09-01,138.8,1990,9,ppt
Wamangu,1990-09-01,225.3,1990,9,ppt
Wanang,1990-09-01,218.4,1990,9,ppt
Yapsiei,1990-09-01,205.8,1990,9,ppt
Elem,1990-10-01,435.6,1990,10,ppt
Morox,1990-10-01,313.40000000000003,1990,10,ppt
Niksek,1990-10-01,255.70000000000002,1990,10,ppt
Ohu,1990-10-01,443.1,1990,10,ppt
Utai,1990-10-01,232,1990,10,ppt
Wamangu,1990-10-01,167.8,1990,10,ppt
Wanang,1990-10-01,122.80000000000001,1990,10,ppt
Yapsiei,1990-10-01,127.2,1990,10,ppt
Elem,1990-11-01,229.4,1990,11,ppt
Morox,1990-11-01,165.3,1990,11,ppt
Niksek,1990-11-01,311.40000000000003,1990,11,ppt
Ohu,1990-11-01,362.6,1990,11,ppt
Utai,1990-11-01,369.40000000000003,1990,11,ppt
Wamangu,1990-11-01,240.4,1990,11,ppt
Wanang,1990-11-01,284.2,1990,11,ppt
Yapsiei,1990-11-01,329.6,1990,11,ppt
Elem,1990-12-01,294.6,1990,12,ppt
Morox,1990-12-01,265.6,1990,12,ppt
Niksek,1990-12-01,304.1,1990,12,ppt
Ohu,1990-12-01,320.90000000000003,1990,12,ppt
Utai,1990-12-01,356.70000000000005,1990,12,ppt
Wamangu,1990-12-01,359.3,1990,12,ppt
Wanang,1990-12-01,199.4,1990,12,ppt
Yapsiei,1990-12-01,270.7,1990,12,ppt
Elem,1991-01-01,341.70000000000005,1991,1,ppt
Morox,1991-01-01,401.90000000000003,1991,1,ppt
Niksek,1991-01-01,320.40000000000003,1991,1,ppt
Ohu,1991-01-01,370,1991,1,ppt
Utai,1991-01-01,148.6,1991,1,ppt
Wamangu,1991-01-01,109,1991,1,ppt
Wanang,1991-01-01,196.10000000000002,1991,1,ppt
Yapsiei,1991-01-01,223.8,1991,1,ppt
Elem,1991-02-01,108.60000000000001,1991,2,ppt
Morox,1991-02-01,272.2,1991,2,ppt
Niksek,1991-02-01,253.20000000000002,1991,2,ppt
Ohu,1991-02-01,357.6,1991,2,ppt
Utai,1991-02-01,180.3,1991,2,ppt
Wamangu,1991-02-01,228.20000000000002,1991,2,ppt
Wanang,1991-02-01,186.20000000000002,1991,2,ppt
Yapsiei,1991-02-01,245.9,1991,2,ppt
Elem,1991-03-01,82.30000000000001,1991,3,ppt
Morox,1991-03-01,72.2,1991,3,ppt
Niksek,1991-03-01,129.5,1991,3,ppt
Ohu,1991-03-01,105.10000000000001,1991,3,ppt
Utai,1991-03-01,54.300000000000004,1991,3,ppt
Wamangu,1991-03-01,159.8,1991,3,ppt
Wanang,1991-03-01,183.9,1991,3,ppt
Yapsiei,1991-03-01,211.4,1991,3,ppt
Elem,1991-04-01,354.1,1991,4,ppt
Morox,1991-04-01,351.70000000000005,1991,4,ppt
Niksek,1991-04-01,310.40000000000003,1991,4,ppt
Ohu,1991-04-01,376.1,1991,4,ppt
Utai,1991-04-01,165.20000000000002,1991,4,ppt
Wamangu,1991-04-01,115.4,1991,4,ppt
Wanang,1991-04-01,292.5,1991,4,ppt
Yapsiei,1991-04-01,328.6,1991,4,ppt
Elem,1991-05-01,132.9,1991,5,ppt
Morox,1991-05-01,283.40000000000003,1991,5,ppt
Niksek,1991-05-01,177.60000000000002,1991,5,ppt
Ohu,1991-05-01,255.4,1991,5,ppt
Utai,1991-05-01,265.5,1991,5,ppt
Wamangu,1991-05-01,371.70000000000005,1991,5,ppt
Wanang,1991-05-01,330.70000000000005,1991,5,ppt
Yapsiei,1991-05-01,217.60000000000002,1991,5,ppt
Elem,1991-06-01,107.4,1991,6,ppt
Morox,1991-06-01,107.60000000000001,1991,6,ppt
Niksek,1991-06-01,109.30000000000001,1991,6,ppt
Ohu,1991-06-01,165.20000000000002,1991,6,ppt
Utai,1991-06-01,102.9,1991,6,ppt
Wamangu,1991-06-01,267.1,1991,6,ppt
Wanang,1991-06-01,272.3,1991,6,ppt
Yapsiei,1991-06-01,305.90000000000003,1991,6,ppt
Elem,1991-07-01,298.1,1991,7,ppt
Morox,1991-07-01,205.4,1991,7,ppt
Niksek,1991-07-01,243.4,1991,7,ppt
Ohu,1991-07-01,214.10000000000002,1991,7,ppt
Utai,1991-07-01,133.1,1991,7,ppt
Wamangu,1991-07-01,77.80000000000001,1991,7,ppt
Wanang,1991-07-01,139.8,1991,7,ppt
Yapsiei,1991-07-01,180.70000000000002,1991,7,ppt
Elem,1991-08-01,81.9,1991,8,ppt
Morox,1991-08-01,163.70000000000002,1991,8,ppt
Niksek,1991-08-01,126.5,1991,8,ppt
Ohu,1991-08-01,209.5,1991,8,ppt
Utai,1991-08-01,147.1,1991,8,ppt
Wamangu,1991-08-01,171.20000000000002,1991,8,ppt
Wanang,1991-08-01,133.5,1991,8,ppt
Yapsiei,1991-08-01,227.4,1991,8,ppt
Elem,1991-09-01,90.4,1991,9,ppt
Morox,1991-09-01,78.5,1991,9,ppt
Niksek,1991-09-01,153.9,1991,9,ppt
Ohu,1991-09-01,114.4,1991,9,ppt
Utai,1991-09-01,57.800000000000004,1991,9,ppt
Wamangu,1991-09-01,171.10000000000002,1991,9,ppt
Wanang,1991-09-01,142.4,1991,9,ppt
Yapsiei,1991-09-01,156.10000000000002,1991,9,ppt
Elem,1991-10-01,329.8,1991,10,ppt
Morox,1991-10-01,385,1991,10,ppt
Niksek,1991-10-01,370.70000000000005,1991,10,ppt
Ohu,1991-10-01,268.5,1991,10,ppt
Utai,1991-10-01,121.4,1991,10,ppt
Wamangu,1991-10-01,104.5,1991,10,ppt
Wanang,1991-10-01,140.5,1991,10,ppt
Yapsiei,1991-10-01,200.20000000000002,1991,10,ppt
Elem,1991-11-01,108.2,1991,11,ppt
Morox,1991-11-01,293.5,1991,11,ppt
Niksek,1991-11-01,290.8,1991,11,ppt
Ohu,1991-11-01,372.6,1991,11,ppt
Utai,1991-11-01,466.5,1991,11,ppt
Wamangu,1991-11-01,317.90000000000003,1991,11,ppt
Wanang,1991-11-01,338.90000000000003,1991,11,ppt
Yapsiei,1991-11-01,405.6,1991,11,ppt
Elem,1991-12-01,170.70000000000002,1991,12,ppt
Morox,1991-12-01,116.10000000000001,1991,12,ppt
Niksek,1991-12-01,323.40000000000003,1991,12,ppt
Ohu,1991-12-01,349.90000000000003,1991,12,ppt
Utai,1991-12-01,154.60000000000002,1991,12,ppt
Wamangu,1991-12-01,247,1991,12,ppt
Wanang,1991-12-01,141,1991,12,ppt
Yapsiei,1991-12-01,235,1991,12,ppt
Elem,1992-01-01,274.1,1992,1,ppt
Morox,1992-01-01,463.1,1992,1,ppt
Niksek,1992-01-01,353.6,1992,1,ppt
Ohu,1992-01-01,350.3,1992,1,ppt
Utai,1992-01-01,209.60000000000002,1992,1,ppt
Wamangu,1992-01-01,108.80000000000001,1992,1,ppt
Wanang,1992-01-01,80.30000000000001,1992,1,ppt
Yapsiei,1992-01-01,131.20000000000002,1992,1,ppt
Elem,1992-02-01,119.60000000000001,1992,2,ppt
Morox,1992-02-01,269.1,1992,2,ppt
Niksek,1992-02-01,237.5,1992,2,ppt
Ohu,1992-02-01,356.8,1992,2,ppt
Utai,1992-02-01,143.4,1992,2,ppt
Wamangu,1992-02-01,282.3,1992,2,ppt
Wanang,1992-02-01,203.4,1992,2,ppt
Yapsiei,1992-02-01,201.70000000000002,1992,2,ppt
Elem,1992-03-01,121.2,1992,3,ppt
Morox,1992-03-01,59.2,1992,3,ppt
Niksek,1992-03-01,53.900000000000006,1992,3,ppt
Ohu,1992-03-01,70.8,1992,3,ppt
Utai,1992-03-01,67.3,1992,3,ppt
Wamangu,1992-03-01,181.20000000000002,1992,3,ppt
Wanang,1992-03-01,183.9,1992,3,ppt
Yapsiei,1992-03-01,211.5,1992,3,ppt
Elem,1992-04-01,203.8,1992,4,ppt
Morox,1992-04-01,395.70000000000005,1992,4,ppt
Niksek,1992-04-01,317,1992,4,ppt
Ohu,1992-04-01,331.8,1992,4,ppt
Utai,1992-04-01,285.6,1992,4,ppt
Wamangu,1992-04-01,135.4,1992,4,ppt
Wanang,1992-04-01,202,1992,4,ppt
Yapsiei,1992-04-01,240.4,1992,4,ppt
Elem,1992-05-01,158.70000000000002,1992,5,ppt
Morox,1992-05-01,268.90000000000003,1992,5,ppt
Niksek,1992-05-01,184.70000000000002,1992,5,ppt
Ohu,1992-05-01,276.2,1992,5,ppt
Utai,1992-05-01,394.40000000000003,1992,5,ppt
Wamangu,1992-05-01,360.1,1992,5,ppt
Wanang,1992-05-01,357.1,1992,5,ppt
Yapsiei,1992-05-01,343.70000000000005,1992,5,ppt
Elem,1992-06-01,125.9,1992,6,ppt
Morox,1992-06-01,82.7,1992,6,ppt
Niksek,1992-06-01,58.900000000000006,1992,6,ppt
Ohu,1992-06-01,79.60000000000001,1992,6,ppt
Utai,1992-06-01,50.400000000000006,1992,6,ppt
Wamangu,1992-06-01,196,1992,6,ppt
Wanang,1992-06-01,140.6,1992,6,ppt
Yapsiei,1992-06-01,284,1992,6,ppt
Elem,1992-07-01,136.6,1992,7,ppt
Morox,1992-07-01,301.40000000000003,1992,7,ppt
Niksek,1992-07-01,218.4,1992,7,ppt
Ohu,1992-07-01,204,1992,7,ppt
Utai,1992-07-01,257.40000000000003,1992,7,ppt
Wamangu,1992-07-01,154.4,1992,7,ppt
Wanang,1992-07-01,126,1992,7,ppt
Yapsiei,1992-07-01,151.9,1992,7,ppt
Elem,1992-08-01,105,1992,8,ppt
Morox,1992-08-01,191.3,1992,8,ppt
Niksek,1992-08-01,158.60000000000002,1992,8,ppt
Ohu,1992-08-01,172.3,1992,8,ppt
Utai,1992-08-01,87.2,1992,8,ppt
Wamangu,1992-08-01,223,1992,8,ppt
Wanang,1992-08-01,157.3,1992,8,ppt
Yapsiei,1992-08-01,167,1992,8,ppt
Elem,1992-09-01,139.1,1992,9,ppt
Morox,1992-09-01,62.6,1992,9,ppt
Niksek,1992-09-01,68.4,1992,9,ppt
Ohu,1992-09-01,85.5,1992,9,ppt
Utai,1992-09-01,89.2,1992,9,ppt
Wamangu,1992-09-01,213.9,1992,9,ppt
Wanang,1992-09-01,165.10000000000002,1992,9,ppt
Yapsiei,1992-09-01,162.4,1992,9,ppt
Elem,1992-10-01,418.5,1992,10,ppt
Morox,1992-10-01,400.70000000000005,1992,10,ppt
Niksek,1992-10-01,394.40000000000003,1992,10,ppt
Ohu,1992-10-01,368.40000000000003,1992,10,ppt
Utai,1992-10-01,162.3,1992,10,ppt
Wamangu,1992-10-01,99.9,1992,10,ppt
Wanang,1992-10-01,63.5,1992,10,ppt
Yapsiei,1992-10-01,111.80000000000001,1992,10,ppt
Elem,1992-11-01,72.8,1992,11,ppt
Morox,1992-11-01,221.10000000000002,1992,11,ppt
Niksek,1992-11-01,171.4,1992,11,ppt
Ohu,1992-11-01,356.1,1992,11,ppt
Utai,1992-11-01,260.90000000000003,1992,11,ppt
Wamangu,1992-11-01,369.90000000000003,1992,11,ppt
Wanang,1992-11-01,301.6,1992,11,ppt
Yapsiei,1992-11-01,353.1,1992,11,ppt
Elem,1992-12-01,339.40000000000003,1992,12,ppt
Morox,1992-12-01,180.70000000000002,1992,12,ppt
Niksek,1992-12-01,283.6,1992,12,ppt
Ohu,1992-12-01,308.20000000000005,1992,12,ppt
Utai,1992-12-01,162,1992,12,ppt
Wamangu,1992-12-01,230.60000000000002,1992,12,ppt
Wanang,1992-12-01,147.6,1992,12,ppt
Yapsiei,1992-12-01,243.70000000000002,1992,12,ppt
Elem,1993-01-01,457.3,1993,1,ppt
Morox,1993-01-01,355,1993,1,ppt
Niksek,1993-01-01,317.70000000000005,1993,1,ppt
Ohu,1993-01-01,303.40000000000003,1993,1,ppt
Utai,1993-01-01,103,1993,1,ppt
Wamangu,1993-01-01,171,1993,1,ppt
Wanang,1993-01-01,45.7,1993,1,ppt
Yapsiei,1993-01-01,50.1,1993,1,ppt
Elem,1993-02-01,36.1,1993,2,ppt
Morox,1993-02-01,145.4,1993,2,ppt
Niksek,1993-02-01,234.60000000000002,1993,2,ppt
Ohu,1993-02-01,453.1,1993,2,ppt
Utai,1993-02-01,251,1993,2,ppt
Wamangu,1993-02-01,272.2,1993,2,ppt
Wanang,1993-02-01,175.9,1993,2,ppt
Yapsiei,1993-02-01,188.10000000000002,1993,2,ppt
Elem,1993-03-01,49.5,1993,3,ppt
Morox,1993-03-01,124.80000000000001,1993,3,ppt
Niksek,1993-03-01,29.8,1993,3,ppt
Ohu,1993-03-01,22.400000000000002,1993,3,ppt
Utai,1993-03-01,23.700000000000003,1993,3,ppt
Wamangu,1993-03-01,91.5,1993,3,ppt
Wanang,1993-03-01,184.10000000000002,1993,3,ppt
Yapsiei,1993-03-01,280.40000000000003,1993,3,ppt
Elem,1993-04-01,341.1,1993,4,ppt
Morox,1993-04-01,271.6,1993,4,ppt
Niksek,1993-04-01,264.1,1993,4,ppt
Ohu,1993-04-01,276.90000000000003,1993,4,ppt
Utai,1993-04-01,168.70000000000002,1993,4,ppt
Wamangu,1993-04-01,204.8,1993,4,ppt
Wanang,1993-04-01,126.4,1993,4,ppt
Yapsiei,1993-04-01,207.8,1993,4,ppt
Elem,1993-05-01,104.80000000000001,1993,5,ppt
Morox,1993-05-01,222.8,1993,5,ppt
Niksek,1993-05-01,139.6,1993,5,ppt
Ohu,1993-05-01,325.8,1993,5,ppt
Utai,1993-05-01,388.8,1993,5,ppt
Wamangu,1993-05-01,393.1,1993,5,ppt
Wanang,1993-05-01,345.90000000000003,1993,5,ppt
Yapsiei,1993-05-01,342.6,1993,5,ppt
Elem,1993-06-01,60.5,1993,6,ppt
Morox,1993-06-01,118.10000000000001,1993,6,ppt
Niksek,1993-06-01,32.4,1993,6,ppt
Ohu,1993-06-01,8.9,1993,6,ppt
Utai,1993-06-01,18.1,1993,6,ppt
Wamangu,1993-06-01,107.7,1993,6,ppt
Wanang,1993-06-01,235.3,1993,6,ppt
Yapsiei,1993-06-01,414.5,1993,6,ppt
Elem,1993-07-01,204.20000000000002,1993,7,ppt
Morox,1993-07-01,218.9,1993,7,ppt
Niksek,1993-07-01,214.70000000000002,1993,7,ppt
Ohu,1993-07-01,210.60000000000002,1993,7,ppt
Utai,1993-07-01,147.1,1993,7,ppt
Wamangu,1993-07-01,163,1993,7,ppt
Wanang,1993-07-01,101.30000000000001,1993,7,ppt
Yapsiei,1993-07-01,203,1993,7,ppt
Elem,1993-08-01,105.4,1993,8,ppt
Morox,1993-08-01,195.9,1993,8,ppt
Niksek,1993-08-01,72.9,1993,8,ppt
Ohu,1993-08-01,233.3,1993,8,ppt
Utai,1993-08-01,187.60000000000002,1993,8,ppt
Wamangu,1993-08-01,211.60000000000002,1993,8,ppt
Wanang,1993-08-01,124.7,1993,8,ppt
Yapsiei,1993-08-01,153.9,1993,8,ppt
Elem,1993-09-01,54,1993,9,ppt
Morox,1993-09-01,155,1993,9,ppt
Niksek,1993-09-01,36.9,1993,9,ppt
Ohu,1993-09-01,38.7,1993,9,ppt
Utai,1993-09-01,33.7,1993,9,ppt
Wamangu,1993-09-01,112.7,1993,9,ppt
Wanang,1993-09-01,145.20000000000002,1993,9,ppt
Yapsiei,1993-09-01,215.8,1993,9,ppt
Elem,1993-10-01,474.90000000000003,1993,10,ppt
Morox,1993-10-01,388.20000000000005,1993,10,ppt
Niksek,1993-10-01,390.20000000000005,1993,10,ppt
Ohu,1993-10-01,338.5,1993,10,ppt
Utai,1993-10-01,69,1993,10,ppt
Wamangu,1993-10-01,129,1993,10,ppt
Wanang,1993-10-01,37,1993,10,ppt
Yapsiei,1993-10-01,15.100000000000001,1993,10,ppt
Elem,1993-11-01,23.200000000000003,1993,11,ppt
Morox,1993-11-01,119.60000000000001,1993,11,ppt
Niksek,1993-11-01,260.90000000000003,1993,11,ppt
Ohu,1993-11-01,471.40000000000003,1993,11,ppt
Utai,1993-11-01,336.6,1993,11,ppt
Wamangu,1993-11-01,270.6,1993,11,ppt
Wanang,1993-11-01,286.90000000000003,1993,11,ppt
Yapsiei,1993-11-01,325.40000000000003,1993,11,ppt
Elem,1993-12-01,241.8,1993,12,ppt
Morox,1993-12-01,227.8,1993,12,ppt
Niksek,1993-12-01,215.4,1993,12,ppt
Ohu,1993-12-01,374.6,1993,12,ppt
Utai,1993-12-01,187.4,1993,12,ppt
Wamangu,1993-12-01,267.6,1993,12,ppt
Wanang,1993-12-01,86.4,1993,12,ppt
Yapsiei,1993-12-01,278.90000000000003,1993,12,ppt
Elem,1994-01-01,174.70000000000002,1994,1,ppt
Morox,1994-01-01,272.3,1994,1,ppt
Niksek,1994-01-01,253,1994,1,ppt
Ohu,1994-01-01,271.7,1994,1,ppt
Utai,1994-01-01,194.8,1994,1,ppt
Wamangu,1994-01-01,83.10000000000001,1994,1,ppt
Wanang,1994-01-01,120,1994,1,ppt
Yapsiei,1994-01-01,110.4,1994,1,ppt
Elem,1994-02-01,93.7,1994,2,ppt
Morox,1994-02-01,122.5,1994,2,ppt
Niksek,1994-02-01,180.4,1994,2,ppt
Ohu,1994-02-01,360.70000000000005,1994,2,ppt
Utai,1994-02-01,69.3,1994,2,ppt
Wamangu,1994-02-01,167.20000000000002,1994,2,ppt
Wanang,1994-02-01,154.20000000000002,1994,2,ppt
Yapsiei,1994-02-01,172.70000000000002,1994,2,ppt
Elem,1994-03-01,116,1994,3,ppt
Morox,1994-03-01,51.800000000000004,1994,3,ppt
Niksek,1994-03-01,76.3,1994,3,ppt
Ohu,1994-03-01,54.800000000000004,1994,3,ppt
Utai,1994-03-01,59.2,1994,3,ppt
Wamangu,1994-03-01,71.2,1994,3,ppt
Wanang,1994-03-01,141.4,1994,3,ppt
Yapsiei,1994-03-01,230.10000000000002,1994,3,ppt
Elem,1994-04-01,171.70000000000002,1994,4,ppt
Morox,1994-04-01,236.9,1994,4,ppt
Niksek,1994-04-01,264.5,1994,4,ppt
Ohu,1994-04-01,294.7,1994,4,ppt
Utai,1994-04-01,117.60000000000001,1994,4,ppt
Wamangu,1994-04-01,128.8,1994,4,ppt
Wanang,1994-04-01,168.4,1994,4,ppt
Yapsiei,1994-04-01,188.10000000000002,1994,4,ppt
Elem,1994-05-01,165.60000000000002,1994,5,ppt
Morox,1994-05-01,248.4,1994,5,ppt
Niksek,1994-05-01,123.80000000000001,1994,5,ppt
Ohu,1994-05-01,305.40000000000003,1994,5,ppt
Utai,1994-05-01,227.20000000000002,1994,5,ppt
Wamangu,1994-05-01,262,1994,5,ppt
Wanang,1994-05-01,252.70000000000002,1994,5,ppt
Yapsiei,1994-05-01,243.20000000000002,1994,5,ppt
Elem,1994-06-01,240.60000000000002,1994,6,ppt
Morox,1994-06-01,85.60000000000001,1994,6,ppt
Niksek,1994-06-01,126.30000000000001,1994,6,ppt
Ohu,1994-06-01,118.80000000000001,1994,6,ppt
Utai,1994-06-01,52.7,1994,6,ppt
Wamangu,1994-06-01,35.9,1994,6,ppt
Wanang,1994-06-01,173.9,1994,6,ppt
Yapsiei,1994-06-01,303,1994,6,ppt
Elem,1994-07-01,94.4,1994,7,ppt
Morox,1994-07-01,141.5,1994,7,ppt
Niksek,1994-07-01,185.9,1994,7,ppt
Ohu,1994-07-01,216.3,1994,7,ppt
Utai,1994-07-01,81.5,1994,7,ppt
Wamangu,1994-07-01,90.5,1994,7,ppt
Wanang,1994-07-01,115.10000000000001,1994,7,ppt
Yapsiei,1994-07-01,99.60000000000001,1994,7,ppt
Elem,1994-08-01,122.10000000000001,1994,8,ppt
Morox,1994-08-01,239.3,1994,8,ppt
Niksek,1994-08-01,83.4,1994,8,ppt
Ohu,1994-08-01,250.20000000000002,1994,8,ppt
Utai,1994-08-01,38.7,1994,8,ppt
Wamangu,1994-08-01,120.4,1994,8,ppt
Wanang,1994-08-01,127.30000000000001,1994,8,ppt
Yapsiei,1994-08-01,149.8,1994,8,ppt
Elem,1994-09-01,106.2,1994,9,ppt
Morox,1994-09-01,56.7,1994,9,ppt
Niksek,1994-09-01,79.5,1994,9,ppt
Ohu,1994-09-01,55.6,1994,9,ppt
Utai,1994-09-01,79.7,1994,9,ppt
Wamangu,1994-09-01,101.2,1994,9,ppt
Wanang,1994-09-01,113.60000000000001,1994,9,ppt
Yapsiei,1994-09-01,181.70000000000002,1994,9,ppt
Elem,1994-10-01,253,1994,10,ppt
Morox,1994-10-01,285.40000000000003,1994,10,ppt
Niksek,1994-10-01,267.40000000000003,1994,10,ppt
Ohu,1994-10-01,266.3,1994,10,ppt
Utai,1994-10-01,247.8,1994,10,ppt
Wamangu,1994-10-01,84.30000000000001,1994,10,ppt
Wanang,1994-10-01,130.5,1994,10,ppt
Yapsiei,1994-10-01,131.5,1994,10,ppt
Elem,1994-11-01,66.7,1994,11,ppt
Morox,1994-11-01,56.2,1994,11,ppt
Niksek,1994-11-01,192.9,1994,11,ppt
Ohu,1994-11-01,349.5,1994,11,ppt
Utai,1994-11-01,275.8,1994,11,ppt
Wamangu,1994-11-01,230.70000000000002,1994,11,ppt
Wanang,1994-11-01,278.8,1994,11,ppt
Yapsiei,1994-11-01,394.70000000000005,1994,11,ppt
Elem,1994-12-01,55.800000000000004,1994,12,ppt
Morox,1994-12-01,196,1994,12,ppt
Niksek,1994-12-01,208.10000000000002,1994,12,ppt
Ohu,1994-12-01,286,1994,12,ppt
Utai,1994-12-01,234.8,1994,12,ppt
Wamangu,1994-12-01,326.70000000000005,1994,12,ppt
Wanang,1994-12-01,99,1994,12,ppt
Yapsiei,1994-12-01,299.2,1994,12,ppt
Elem,1995-01-01,295.8,1995,1,ppt
Morox,1995-01-01,404.1,1995,1,ppt
Niksek,1995-01-01,436.70000000000005,1995,1,ppt
Ohu,1995-01-01,204.10000000000002,1995,1,ppt
Utai,1995-01-01,311.40000000000003,1995,1,ppt
Wamangu,1995-01-01,86.5,1995,1,ppt
Wanang,1995-01-01,110.9,1995,1,ppt
Yapsiei,1995-01-01,53.400000000000006,1995,1,ppt
Elem,1995-02-01,180.5,1995,2,ppt
Morox,1995-02-01,326,1995,2,ppt
Niksek,1995-02-01,405.5,1995,2,ppt
Ohu,1995-02-01,380.40000000000003,1995,2,ppt
Utai,1995-02-01,182.10000000000002,1995,2,ppt
Wamangu,1995-02-01,223.60000000000002,1995,2,ppt
Wanang,1995-02-01,262.40000000000003,1995,2,ppt
Yapsiei,1995-02-01,142.20000000000002,1995,2,ppt
Elem,1995-03-01,195.60000000000002,1995,3,ppt
Morox,1995-03-01,61.800000000000004,1995,3,ppt
Niksek,1995-03-01,69.60000000000001,1995,3,ppt
Ohu,1995-03-01,40.2,1995,3,ppt
Utai,1995-03-01,111.4,1995,3,ppt
Wamangu,1995-03-01,208.8,1995,3,ppt
Wanang,1995-03-01,328.3,1995,3,ppt
Yapsiei,1995-03-01,240.10000000000002,1995,3,ppt
Elem,1995-04-01,290.6,1995,4,ppt
Morox,1995-04-01,501.1,1995,4,ppt
Niksek,1995-04-01,341.3,1995,4,ppt
Ohu,1995-04-01,180.5,1995,4,ppt
Utai,1995-04-01,235.20000000000002,1995,4,ppt
Wamangu,1995-04-01,122.9,1995,4,ppt
Wanang,1995-04-01,180.4,1995,4,ppt
Yapsiei,1995-04-01,108.5,1995,4,ppt
Elem,1995-05-01,214.4,1995,5,ppt
Morox,1995-05-01,372.20000000000005,1995,5,ppt
Niksek,1995-05-01,305.90000000000003,1995,5,ppt
Ohu,1995-05-01,230.4,1995,5,ppt
Utai,1995-05-01,242.8,1995,5,ppt
Wamangu,1995-05-01,309.3,1995,5,ppt
Wanang,1995-05-01,431.3,1995,5,ppt
Yapsiei,1995-05-01,204,1995,5,ppt
Elem,1995-06-01,297.5,1995,6,ppt
Morox,1995-06-01,90.2,1995,6,ppt
Niksek,1995-06-01,98.4,1995,6,ppt
Ohu,1995-06-01,13.200000000000001,1995,6,ppt
Utai,1995-06-01,188.70000000000002,1995,6,ppt
Wamangu,1995-06-01,275.7,1995,6,ppt
Wanang,1995-06-01,321.40000000000003,1995,6,ppt
Yapsiei,1995-06-01,328.6,1995,6,ppt
Elem,1995-07-01,232.9,1995,7,ppt
Morox,1995-07-01,346.8,1995,7,ppt
Niksek,1995-07-01,220.3,1995,7,ppt
Ohu,1995-07-01,135.8,1995,7,ppt
Utai,1995-07-01,124.4,1995,7,ppt
Wamangu,1995-07-01,93,1995,7,ppt
Wanang,1995-07-01,107.80000000000001,1995,7,ppt
Yapsiei,1995-07-01,82.10000000000001,1995,7,ppt
Elem,1995-08-01,142.8,1995,8,ppt
Morox,1995-08-01,174.60000000000002,1995,8,ppt
Niksek,1995-08-01,269.40000000000003,1995,8,ppt
Ohu,1995-08-01,129.5,1995,8,ppt
Utai,1995-08-01,146.6,1995,8,ppt
Wamangu,1995-08-01,176.8,1995,8,ppt
Wanang,1995-08-01,208,1995,8,ppt
Yapsiei,1995-08-01,121,1995,8,ppt
Elem,1995-09-01,185,1995,9,ppt
Morox,1995-09-01,70.8,1995,9,ppt
Niksek,1995-09-01,76.80000000000001,1995,9,ppt
Ohu,1995-09-01,53.7,1995,9,ppt
Utai,1995-09-01,133.70000000000002,1995,9,ppt
Wamangu,1995-09-01,240.20000000000002,1995,9,ppt
Wanang,1995-09-01,282.7,1995,9,ppt
Yapsiei,1995-09-01,188.5,1995,9,ppt
Elem,1995-10-01,289.8,1995,10,ppt
Morox,1995-10-01,349.3,1995,10,ppt
Niksek,1995-10-01,474.5,1995,10,ppt
Ohu,1995-10-01,216.20000000000002,1995,10,ppt
Utai,1995-10-01,325.5,1995,10,ppt
Wamangu,1995-10-01,86.9,1995,10,ppt
Wanang,1995-10-01,105.5,1995,10,ppt
Yapsiei,1995-10-01,20.900000000000002,1995,10,ppt
Elem,1995-11-01,204.4,1995,11,ppt
Morox,1995-11-01,300,1995,11,ppt
Niksek,1995-11-01,366.3,1995,11,ppt
Ohu,1995-11-01,377.1,1995,11,ppt
Utai,1995-11-01,337.6,1995,11,ppt
Wamangu,1995-11-01,565.4,1995,11,ppt
Wanang,1995-11-01,300.40000000000003,1995,11,ppt
Yapsiei,1995-11-01,202.5,1995,11,ppt
Elem,1995-12-01,203.20000000000002,1995,12,ppt
Morox,1995-12-01,164.20000000000002,1995,12,ppt
Niksek,1995-12-01,229.10000000000002,1995,12,ppt
Ohu,1995-12-01,151.5,1995,12,ppt
Utai,1995-12-01,220,1995,12,ppt
Wamangu,1995-12-01,272,1995,12,ppt
Wanang,1995-12-01,233.60000000000002,1995,12,ppt
Yapsiei,1995-12-01,214.4,1995,12,ppt
Elem,1996-01-01,397.70000000000005,1996,1,ppt
Morox,1996-01-01,626,1996,1,ppt
Niksek,1996-01-01,375.20000000000005,1996,1,ppt
Ohu,1996-01-01,476.20000000000005,1996,1,ppt
Utai,1996-01-01,261.5,1996,1,ppt
Wamangu,1996-01-01,175.3,1996,1,ppt
Wanang,1996-01-01,143.20000000000002,1996,1,ppt
Yapsiei,1996-01-01,132.8,1996,1,ppt
Elem,1996-02-01,289.2,1996,2,ppt
Morox,1996-02-01,220.10000000000002,1996,2,ppt
Niksek,1996-02-01,232.8,1996,2,ppt
Ohu,1996-02-01,453.20000000000005,1996,2,ppt
Utai,1996-02-01,217.20000000000002,1996,2,ppt
Wamangu,1996-02-01,379.90000000000003,1996,2,ppt
Wanang,1996-02-01,257.90000000000003,1996,2,ppt
Yapsiei,1996-02-01,356.20000000000005,1996,2,ppt
Elem,1996-03-01,175.8,1996,3,ppt
Morox,1996-03-01,107,1996,3,ppt
Niksek,1996-03-01,107.7,1996,3,ppt
Ohu,1996-03-01,84.9,1996,3,ppt
Utai,1996-03-01,153.5,1996,3,ppt
Wamangu,1996-03-01,140.1,1996,3,ppt
Wanang,1996-03-01,170.8,1996,3,ppt
Yapsiei,1996-03-01,284.7,1996,3,ppt
Elem,1996-04-01,361.5,1996,4,ppt
Morox,1996-04-01,521.5,1996,4,ppt
Niksek,1996-04-01,334.20000000000005,1996,4,ppt
Ohu,1996-04-01,484.1,1996,4,ppt
Utai,1996-04-01,269.40000000000003,1996,4,ppt
Wamangu,1996-04-01,123.7,1996,4,ppt
Wanang,1996-04-01,237.4,1996,4,ppt
Yapsiei,1996-04-01,249,1996,4,ppt
Elem,1996-05-01,342.20000000000005,1996,5,ppt
Morox,1996-05-01,242,1996,5,ppt
Niksek,1996-05-01,174.9,1996,5,ppt
Ohu,1996-05-01,318.1,1996,5,ppt
Utai,1996-05-01,333.6,1996,5,ppt
Wamangu,1996-05-01,536,1996,5,ppt
Wanang,1996-05-01,263.6,1996,5,ppt
Yapsiei,1996-05-01,214,1996,5,ppt
Elem,1996-06-01,264.7,1996,6,ppt
Morox,1996-06-01,321,1996,6,ppt
Niksek,1996-06-01,52.800000000000004,1996,6,ppt
Ohu,1996-06-01,72,1996,6,ppt
Utai,1996-06-01,356.40000000000003,1996,6,ppt
Wamangu,1996-06-01,179.5,1996,6,ppt
Wanang,1996-06-01,241.20000000000002,1996,6,ppt
Yapsiei,1996-06-01,411.90000000000003,1996,6,ppt
Elem,1996-07-01,281.5,1996,7,ppt
Morox,1996-07-01,343.20000000000005,1996,7,ppt
Niksek,1996-07-01,268,1996,7,ppt
Ohu,1996-07-01,400.20000000000005,1996,7,ppt
Utai,1996-07-01,222.4,1996,7,ppt
Wamangu,1996-07-01,84.80000000000001,1996,7,ppt
Wanang,1996-07-01,160.4,1996,7,ppt
Yapsiei,1996-07-01,165.9,1996,7,ppt
Elem,1996-08-01,215,1996,8,ppt
Morox,1996-08-01,177,1996,8,ppt
Niksek,1996-08-01,141.20000000000002,1996,8,ppt
Ohu,1996-08-01,261.7,1996,8,ppt
Utai,1996-08-01,173.10000000000002,1996,8,ppt
Wamangu,1996-08-01,282.6,1996,8,ppt
Wanang,1996-08-01,226.8,1996,8,ppt
Yapsiei,1996-08-01,339.40000000000003,1996,8,ppt
Elem,1996-09-01,189.5,1996,9,ppt
Morox,1996-09-01,102.60000000000001,1996,9,ppt
Niksek,1996-09-01,132,1996,9,ppt
Ohu,1996-09-01,109.60000000000001,1996,9,ppt
Utai,1996-09-01,173.60000000000002,1996,9,ppt
Wamangu,1996-09-01,162,1996,9,ppt
Wanang,1996-09-01,137.3,1996,9,ppt
Yapsiei,1996-09-01,222.8,1996,9,ppt
Elem,1996-10-01,398.90000000000003,1996,10,ppt
Morox,1996-10-01,593.1,1996,10,ppt
Niksek,1996-10-01,305.1,1996,10,ppt
Ohu,1996-10-01,273.1,1996,10,ppt
Utai,1996-10-01,268.5,1996,10,ppt
Wamangu,1996-10-01,285.3,1996,10,ppt
Wanang,1996-10-01,69.60000000000001,1996,10,ppt
Yapsiei,1996-10-01,90.80000000000001,1996,10,ppt
Elem,1996-11-01,376,1996,11,ppt
Morox,1996-11-01,195.70000000000002,1996,11,ppt
Niksek,1996-11-01,264.1,1996,11,ppt
Ohu,1996-11-01,465.6,1996,11,ppt
Utai,1996-11-01,408.1,1996,11,ppt
Wamangu,1996-11-01,448.8,1996,11,ppt
Wanang,1996-11-01,244.3,1996,11,ppt
Yapsiei,1996-11-01,498.8,1996,11,ppt
Elem,1996-12-01,265.40000000000003,1996,12,ppt
Morox,1996-12-01,83.4,1996,12,ppt
Niksek,1996-12-01,236.3,1996,12,ppt
Ohu,1996-12-01,314.1,1996,12,ppt
Utai,1996-12-01,382.40000000000003,1996,12,ppt
Wamangu,1996-12-01,238.20000000000002,1996,12,ppt
Wanang,1996-12-01,158.10000000000002,1996,12,ppt
Yapsiei,1996-12-01,254.70000000000002,1996,12,ppt
Elem,1997-01-01,444.70000000000005,1997,1,ppt
Morox,1997-01-01,360.3,1997,1,ppt
Niksek,1997-01-01,254.3,1997,1,ppt
Ohu,1997-01-01,397.6,1997,1,ppt
Utai,1997-01-01,242.9,1997,1,ppt
Wamangu,1997-01-01,137.9,1997,1,ppt
Wanang,1997-01-01,155.10000000000002,1997,1,ppt
Yapsiei,1997-01-01,150.70000000000002,1997,1,ppt
Elem,1997-02-01,177.10000000000002,1997,2,ppt
Morox,1997-02-01,229.20000000000002,1997,2,ppt
Niksek,1997-02-01,257.2,1997,2,ppt
Ohu,1997-02-01,413.5,1997,2,ppt
Utai,1997-02-01,260,1997,2,ppt
Wamangu,1997-02-01,278,1997,2,ppt
Wanang,1997-02-01,179.9,1997,2,ppt
Yapsiei,1997-02-01,254.5,1997,2,ppt
Elem,1997-03-01,164.60000000000002,1997,3,ppt
Morox,1997-03-01,29.3,1997,3,ppt
Niksek,1997-03-01,84.80000000000001,1997,3,ppt
Ohu,1997-03-01,31.700000000000003,1997,3,ppt
Utai,1997-03-01,22.1,1997,3,ppt
Wamangu,1997-03-01,115,1997,3,ppt
Wanang,1997-03-01,178.8,1997,3,ppt
Yapsiei,1997-03-01,225.3,1997,3,ppt
Elem,1997-04-01,304.3,1997,4,ppt
Morox,1997-04-01,318.5,1997,4,ppt
Niksek,1997-04-01,300.3,1997,4,ppt
Ohu,1997-04-01,290.2,1997,4,ppt
Utai,1997-04-01,158.9,1997,4,ppt
Wamangu,1997-04-01,78.4,1997,4,ppt
Wanang,1997-04-01,268.40000000000003,1997,4,ppt
Yapsiei,1997-04-01,83.4,1997,4,ppt
Elem,1997-05-01,124.30000000000001,1997,5,ppt
Morox,1997-05-01,137.1,1997,5,ppt
Niksek,1997-05-01,236.9,1997,5,ppt
Ohu,1997-05-01,322.1,1997,5,ppt
Utai,1997-05-01,345.6,1997,5,ppt
Wamangu,1997-05-01,453.5,1997,5,ppt
Wanang,1997-05-01,337.1,1997,5,ppt
Yapsiei,1997-05-01,353.20000000000005,1997,5,ppt
Elem,1997-06-01,216.3,1997,6,ppt
Morox,1997-06-01,27.900000000000002,1997,6,ppt
Niksek,1997-06-01,112.4,1997,6,ppt
Ohu,1997-06-01,28,1997,6,ppt
Utai,1997-06-01,11.600000000000001,1997,6,ppt
Wamangu,1997-06-01,135.6,1997,6,ppt
Wanang,1997-06-01,173.3,1997,6,ppt
Yapsiei,1997-06-01,307.1,1997,6,ppt
Elem,1997-07-01,194.10000000000002,1997,7,ppt
Morox,1997-07-01,227.10000000000002,1997,7,ppt
Niksek,1997-07-01,297,1997,7,ppt
Ohu,1997-07-01,187,1997,7,ppt
Utai,1997-07-01,201.70000000000002,1997,7,ppt
Wamangu,1997-07-01,67.5,1997,7,ppt
Wanang,1997-07-01,158.4,1997,7,ppt
Yapsiei,1997-07-01,61.6,1997,7,ppt
Elem,1997-08-01,85.2,1997,8,ppt
Morox,1997-08-01,166.10000000000002,1997,8,ppt
Niksek,1997-08-01,146.3,1997,8,ppt
Ohu,1997-08-01,190.4,1997,8,ppt
Utai,1997-08-01,212.5,1997,8,ppt
Wamangu,1997-08-01,198.8,1997,8,ppt
Wanang,1997-08-01,158.5,1997,8,ppt
Yapsiei,1997-08-01,218.70000000000002,1997,8,ppt
Elem,1997-09-01,179.60000000000002,1997,9,ppt
Morox,1997-09-01,39.900000000000006,1997,9,ppt
Niksek,1997-09-01,107.4,1997,9,ppt
Ohu,1997-09-01,45.800000000000004,1997,9,ppt
Utai,1997-09-01,36.300000000000004,1997,9,ppt
Wamangu,1997-09-01,117.9,1997,9,ppt
Wanang,1997-09-01,148.3,1997,9,ppt
Yapsiei,1997-09-01,178.3,1997,9,ppt
Elem,1997-10-01,400.40000000000003,1997,10,ppt
Morox,1997-10-01,480.5,1997,10,ppt
Niksek,1997-10-01,345.40000000000003,1997,10,ppt
Ohu,1997-10-01,372.1,1997,10,ppt
Utai,1997-10-01,238.60000000000002,1997,10,ppt
Wamangu,1997-10-01,40.900000000000006,1997,10,ppt
Wanang,1997-10-01,121.5,1997,10,ppt
Yapsiei,1997-10-01,45.300000000000004,1997,10,ppt
Elem,1997-11-01,33.7,1997,11,ppt
Morox,1997-11-01,202,1997,11,ppt
Niksek,1997-11-01,209.20000000000002,1997,11,ppt
Ohu,1997-11-01,348.5,1997,11,ppt
Utai,1997-11-01,274.90000000000003,1997,11,ppt
Wamangu,1997-11-01,310.20000000000005,1997,11,ppt
Wanang,1997-11-01,303.6,1997,11,ppt
Yapsiei,1997-11-01,206.8,1997,11,ppt
Elem,1997-12-01,138.70000000000002,1997,12,ppt
Morox,1997-12-01,55.900000000000006,1997,12,ppt
Niksek,1997-12-01,336.6,1997,12,ppt
Ohu,1997-12-01,50.1,1997,12,ppt
Utai,1997-12-01,107.10000000000001,1997,12,ppt
Wamangu,1997-12-01,92.2,1997,12,ppt
Wanang,1997-12-01,177.8,1997,12,ppt
Yapsiei,1997-12-01,234.4,1997,12,ppt
Elem,1998-01-01,255.8,1998,1,ppt
Morox,1998-01-01,268,1998,1,ppt
Niksek,1998-01-01,353.3,1998,1,ppt
Ohu,1998-01-01,250,1998,1,ppt
Utai,1998-01-01,202.70000000000002,1998,1,ppt
Wamangu,1998-01-01,135.20000000000002,1998,1,ppt
Wanang,1998-01-01,150.1,1998,1,ppt
Yapsiei,1998-01-01,101.7,1998,1,ppt
Elem,1998-02-01,184.5,1998,2,ppt
Morox,1998-02-01,213.8,1998,2,ppt
Niksek,1998-02-01,267.2,1998,2,ppt
Ohu,1998-02-01,375.1,1998,2,ppt
Utai,1998-02-01,172.4,1998,2,ppt
Wamangu,1998-02-01,209.4,1998,2,ppt
Wanang,1998-02-01,219.60000000000002,1998,2,ppt
Yapsiei,1998-02-01,188.10000000000002,1998,2,ppt
Elem,1998-03-01,167.8,1998,3,ppt
Morox,1998-03-01,113.4,1998,3,ppt
Niksek,1998-03-01,100.80000000000001,1998,3,ppt
Ohu,1998-03-01,77,1998,3,ppt
Utai,1998-03-01,193.70000000000002,1998,3,ppt
Wamangu,1998-03-01,178,1998,3,ppt
Wanang,1998-03-01,170.3,1998,3,ppt
Yapsiei,1998-03-01,235.70000000000002,1998,3,ppt
Elem,1998-04-01,209.9,1998,4,ppt
Morox,1998-04-01,256,1998,4,ppt
Niksek,1998-04-01,340.70000000000005,1998,4,ppt
Ohu,1998-04-01,164.4,1998,4,ppt
Utai,1998-04-01,252.3,1998,4,ppt
Wamangu,1998-04-01,182,1998,4,ppt
Wanang,1998-04-01,253.9,1998,4,ppt
Yapsiei,1998-04-01,217.5,1998,4,ppt
Elem,1998-05-01,275.8,1998,5,ppt
Morox,1998-05-01,261.40000000000003,1998,5,ppt
Niksek,1998-05-01,227.8,1998,5,ppt
Ohu,1998-05-01,295.6,1998,5,ppt
Utai,1998-05-01,280.5,1998,5,ppt
Wamangu,1998-05-01,215.9,1998,5,ppt
Wanang,1998-05-01,333.5,1998,5,ppt
Yapsiei,1998-05-01,238,1998,5,ppt
Elem,1998-06-01,189.10000000000002,1998,6,ppt
Morox,1998-06-01,145.4,1998,6,ppt
Niksek,1998-06-01,78.2,1998,6,ppt
Ohu,1998-06-01,107.80000000000001,1998,6,ppt
Utai,1998-06-01,226.70000000000002,1998,6,ppt
Wamangu,1998-06-01,216,1998,6,ppt
Wanang,1998-06-01,236.5,1998,6,ppt
Yapsiei,1998-06-01,312.8,1998,6,ppt
Elem,1998-07-01,109.80000000000001,1998,7,ppt
Morox,1998-07-01,116.7,1998,7,ppt
Niksek,1998-07-01,143,1998,7,ppt
Ohu,1998-07-01,123.9,1998,7,ppt
Utai,1998-07-01,203.5,1998,7,ppt
Wamangu,1998-07-01,137.1,1998,7,ppt
Wanang,1998-07-01,149.8,1998,7,ppt
Yapsiei,1998-07-01,127.2,1998,7,ppt
Elem,1998-08-01,190.9,1998,8,ppt
Morox,1998-08-01,160.8,1998,8,ppt
Niksek,1998-08-01,144.8,1998,8,ppt
Ohu,1998-08-01,235.8,1998,8,ppt
Utai,1998-08-01,116.30000000000001,1998,8,ppt
Wamangu,1998-08-01,140.70000000000002,1998,8,ppt
Wanang,1998-08-01,161.10000000000002,1998,8,ppt
Yapsiei,1998-08-01,102,1998,8,ppt
Elem,1998-09-01,185.10000000000002,1998,9,ppt
Morox,1998-09-01,131.6,1998,9,ppt
Niksek,1998-09-01,110.4,1998,9,ppt
Ohu,1998-09-01,89.30000000000001,1998,9,ppt
Utai,1998-09-01,251.4,1998,9,ppt
Wamangu,1998-09-01,207.4,1998,9,ppt
Wanang,1998-09-01,141.8,1998,9,ppt
Yapsiei,1998-09-01,177.9,1998,9,ppt
Elem,1998-10-01,309.8,1998,10,ppt
Morox,1998-10-01,251.5,1998,10,ppt
Niksek,1998-10-01,359.70000000000005,1998,10,ppt
Ohu,1998-10-01,231.20000000000002,1998,10,ppt
Utai,1998-10-01,199.3,1998,10,ppt
Wamangu,1998-10-01,136,1998,10,ppt
Wanang,1998-10-01,74.2,1998,10,ppt
Yapsiei,1998-10-01,106.10000000000001,1998,10,ppt
Elem,1998-11-01,200.3,1998,11,ppt
Morox,1998-11-01,204.10000000000002,1998,11,ppt
Niksek,1998-11-01,273.7,1998,11,ppt
Ohu,1998-11-01,342.5,1998,11,ppt
Utai,1998-11-01,258.6,1998,11,ppt
Wamangu,1998-11-01,290.8,1998,11,ppt
Wanang,1998-11-01,344.8,1998,11,ppt
Yapsiei,1998-11-01,184.8,1998,11,ppt
Elem,1998-12-01,262.7,1998,12,ppt
Morox,1998-12-01,224.5,1998,12,ppt
Niksek,1998-12-01,318.3,1998,12,ppt
Ohu,1998-12-01,342.20000000000005,1998,12,ppt
Utai,1998-12-01,360.20000000000005,1998,12,ppt
Wamangu,1998-12-01,260.7,1998,12,ppt
Wanang,1998-12-01,244,1998,12,ppt
Yapsiei,1998-12-01,281.8,1998,12,ppt
Elem,1999-01-01,148.9,1999,1,ppt
Morox,1999-01-01,273.5,1999,1,ppt
Niksek,1999-01-01,200.3,1999,1,ppt
Ohu,1999-01-01,161.4,1999,1,ppt
Utai,1999-01-01,275.90000000000003,1999,1,ppt
Wamangu,1999-01-01,151.70000000000002,1999,1,ppt
Wanang,1999-01-01,167.60000000000002,1999,1,ppt
Yapsiei,1999-01-01,243.9,1999,1,ppt
Elem,1999-02-01,235.60000000000002,1999,2,ppt
Morox,1999-02-01,246,1999,2,ppt
Niksek,1999-02-01,310.40000000000003,1999,2,ppt
Ohu,1999-02-01,253.4,1999,2,ppt
Utai,1999-02-01,93.60000000000001,1999,2,ppt
Wamangu,1999-02-01,213.4,1999,2,ppt
Wanang,1999-02-01,118.5,1999,2,ppt
Yapsiei,1999-02-01,126.7,1999,2,ppt
Elem,1999-03-01,199.3,1999,3,ppt
Morox,1999-03-01,110.2,1999,3,ppt
Niksek,1999-03-01,134.6,1999,3,ppt
Ohu,1999-03-01,164.70000000000002,1999,3,ppt
Utai,1999-03-01,166.8,1999,3,ppt
Wamangu,1999-03-01,190,1999,3,ppt
Wanang,1999-03-01,209,1999,3,ppt
Yapsiei,1999-03-01,137.70000000000002,1999,3,ppt
Elem,1999-04-01,142.6,1999,4,ppt
Morox,1999-04-01,302.1,1999,4,ppt
Niksek,1999-04-01,357.40000000000003,1999,4,ppt
Ohu,1999-04-01,190.10000000000002,1999,4,ppt
Utai,1999-04-01,284.90000000000003,1999,4,ppt
Wamangu,1999-04-01,202,1999,4,ppt
Wanang,1999-04-01,263,1999,4,ppt
Yapsiei,1999-04-01,326.20000000000005,1999,4,ppt
Elem,1999-05-01,322.20000000000005,1999,5,ppt
Morox,1999-05-01,334.8,1999,5,ppt
Niksek,1999-05-01,262.7,1999,5,ppt
Ohu,1999-05-01,283.1,1999,5,ppt
Utai,1999-05-01,143.6,1999,5,ppt
Wamangu,1999-05-01,339.70000000000005,1999,5,ppt
Wanang,1999-05-01,160,1999,5,ppt
Yapsiei,1999-05-01,151.6,1999,5,ppt
Elem,1999-06-01,228.70000000000002,1999,6,ppt
Morox,1999-06-01,183.3,1999,6,ppt
Niksek,1999-06-01,177,1999,6,ppt
Ohu,1999-06-01,218,1999,6,ppt
Utai,1999-06-01,219.8,1999,6,ppt
Wamangu,1999-06-01,240.8,1999,6,ppt
Wanang,1999-06-01,242.9,1999,6,ppt
Yapsiei,1999-06-01,198.4,1999,6,ppt
Elem,1999-07-01,87.80000000000001,1999,7,ppt
Morox,1999-07-01,189.20000000000002,1999,7,ppt
Niksek,1999-07-01,115,1999,7,ppt
Ohu,1999-07-01,101.60000000000001,1999,7,ppt
Utai,1999-07-01,171,1999,7,ppt
Wamangu,1999-07-01,143.3,1999,7,ppt
Wanang,1999-07-01,135.3,1999,7,ppt
Yapsiei,1999-07-01,222.4,1999,7,ppt
Elem,1999-08-01,221,1999,8,ppt
Morox,1999-08-01,185.5,1999,8,ppt
Niksek,1999-08-01,177.3,1999,8,ppt
Ohu,1999-08-01,145.9,1999,8,ppt
Utai,1999-08-01,73.10000000000001,1999,8,ppt
Wamangu,1999-08-01,162.3,1999,8,ppt
Wanang,1999-08-01,100,1999,8,ppt
Yapsiei,1999-08-01,110.60000000000001,1999,8,ppt
Elem,1999-09-01,212.20000000000002,1999,9,ppt
Morox,1999-09-01,119.60000000000001,1999,9,ppt
Niksek,1999-09-01,141.6,1999,9,ppt
Ohu,1999-09-01,200.60000000000002,1999,9,ppt
Utai,1999-09-01,210.60000000000002,1999,9,ppt
Wamangu,1999-09-01,220.8,1999,9,ppt
Wanang,1999-09-01,166.70000000000002,1999,9,ppt
Yapsiei,1999-09-01,109.10000000000001,1999,9,ppt
Elem,1999-10-01,160.8,1999,10,ppt
Morox,1999-10-01,341.70000000000005,1999,10,ppt
Niksek,1999-10-01,163.60000000000002,1999,10,ppt
Ohu,1999-10-01,157.8,1999,10,ppt
Utai,1999-10-01,229.8,1999,10,ppt
Wamangu,1999-10-01,160.9,1999,10,ppt
Wanang,1999-10-01,168.10000000000002,1999,10,ppt
Yapsiei,1999-10-01,240.4,1999,10,ppt
Elem,1999-11-01,226.5,1999,11,ppt
Morox,1999-11-01,233.10000000000002,1999,11,ppt
Niksek,1999-11-01,281.90000000000003,1999,11,ppt
Ohu,1999-11-01,234.3,1999,11,ppt
Utai,1999-11-01,168.4,1999,11,ppt
Wamangu,1999-11-01,323.40000000000003,1999,11,ppt
Wanang,1999-11-01,312.1,1999,11,ppt
Yapsiei,1999-11-01,266.3,1999,11,ppt
Elem,1999-12-01,242.5,1999,12,ppt
Morox,1999-12-01,283.2,1999,12,ppt
Niksek,1999-12-01,336.3,1999,12,ppt
Ohu,1999-12-01,304.90000000000003,1999,12,ppt
Utai,1999-12-01,353.70000000000005,1999,12,ppt
Wamangu,1999-12-01,357.3,1999,12,ppt
Wanang,1999-12-01,315.90000000000003,1999,12,ppt
Yapsiei,1999-12-01,282.3,1999,12,ppt
Elem,2000-01-01,338.8,2000,1,ppt
Morox,2000-01-01,268.2,2000,1,ppt
Niksek,2000-01-01,397,2000,1,ppt
Ohu,2000-01-01,321.5,2000,1,ppt
Utai,2000-01-01,248,2000,1,ppt
Wamangu,2000-01-01,192.8,2000,1,ppt
Wanang,2000-01-01,126.7,2000,1,ppt
Yapsiei,2000-01-01,157.70000000000002,2000,1,ppt
Elem,2000-02-01,157.4,2000,2,ppt
Morox,2000-02-01,283,2000,2,ppt
Niksek,2000-02-01,407.70000000000005,2000,2,ppt
Ohu,2000-02-01,508.90000000000003,2000,2,ppt
Utai,2000-02-01,222.20000000000002,2000,2,ppt
Wamangu,2000-02-01,183.70000000000002,2000,2,ppt
Wanang,2000-02-01,172.8,2000,2,ppt
Yapsiei,2000-02-01,208.5,2000,2,ppt
Elem,2000-03-01,185.4,2000,3,ppt
Morox,2000-03-01,185.60000000000002,2000,3,ppt
Niksek,2000-03-01,81.5,2000,3,ppt
Ohu,2000-03-01,104.10000000000001,2000,3,ppt
Utai,2000-03-01,97.30000000000001,2000,3,ppt
Wamangu,2000-03-01,209.5,2000,3,ppt
Wanang,2000-03-01,276.2,2000,3,ppt
Yapsiei,2000-03-01,302.2,2000,3,ppt
Elem,2000-04-01,293.1,2000,4,ppt
Morox,2000-04-01,180.5,2000,4,ppt
Niksek,2000-04-01,402.6,2000,4,ppt
Ohu,2000-04-01,279.40000000000003,2000,4,ppt
Utai,2000-04-01,276.7,2000,4,ppt
Wamangu,2000-04-01,231.70000000000002,2000,4,ppt
Wanang,2000-04-01,186.60000000000002,2000,4,ppt
Yapsiei,2000-04-01,299.2,2000,4,ppt
Elem,2000-05-01,240,2000,5,ppt
Morox,2000-05-01,331.8,2000,5,ppt
Niksek,2000-05-01,412.90000000000003,2000,5,ppt
Ohu,2000-05-01,378.40000000000003,2000,5,ppt
Utai,2000-05-01,292.8,2000,5,ppt
Wamangu,2000-05-01,106.80000000000001,2000,5,ppt
Wanang,2000-05-01,233.5,2000,5,ppt
Yapsiei,2000-05-01,313.3,2000,5,ppt
Elem,2000-06-01,248.60000000000002,2000,6,ppt
Morox,2000-06-01,240.10000000000002,2000,6,ppt
Niksek,2000-06-01,105.9,2000,6,ppt
Ohu,2000-06-01,142.70000000000002,2000,6,ppt
Utai,2000-06-01,168.5,2000,6,ppt
Wamangu,2000-06-01,262.1,2000,6,ppt
Wanang,2000-06-01,284.5,2000,6,ppt
Yapsiei,2000-06-01,373.6,2000,6,ppt
Elem,2000-07-01,207.60000000000002,2000,7,ppt
Morox,2000-07-01,113.80000000000001,2000,7,ppt
Niksek,2000-07-01,192,2000,7,ppt
Ohu,2000-07-01,139.9,2000,7,ppt
Utai,2000-07-01,236.70000000000002,2000,7,ppt
Wamangu,2000-07-01,183.70000000000002,2000,7,ppt
Wanang,2000-07-01,110.10000000000001,2000,7,ppt
Yapsiei,2000-07-01,204.70000000000002,2000,7,ppt
Elem,2000-08-01,127.7,2000,8,ppt
Morox,2000-08-01,237.70000000000002,2000,8,ppt
Niksek,2000-08-01,338.40000000000003,2000,8,ppt
Ohu,2000-08-01,245.5,2000,8,ppt
Utai,2000-08-01,173.9,2000,8,ppt
Wamangu,2000-08-01,83.30000000000001,2000,8,ppt
Wanang,2000-08-01,149.6,2000,8,ppt
Yapsiei,2000-08-01,179,2000,8,ppt
Elem,2000-09-01,200.10000000000002,2000,9,ppt
Morox,2000-09-01,218.9,2000,9,ppt
Niksek,2000-09-01,81.10000000000001,2000,9,ppt
Ohu,2000-09-01,125.30000000000001,2000,9,ppt
Utai,2000-09-01,117.60000000000001,2000,9,ppt
Wamangu,2000-09-01,236.3,2000,9,ppt
Wanang,2000-09-01,307.20000000000005,2000,9,ppt
Yapsiei,2000-09-01,229.10000000000002,2000,9,ppt
Elem,2000-10-01,348.3,2000,10,ppt
Morox,2000-10-01,120.10000000000001,2000,10,ppt
Niksek,2000-10-01,276.3,2000,10,ppt
Ohu,2000-10-01,335.8,2000,10,ppt
Utai,2000-10-01,270.2,2000,10,ppt
Wamangu,2000-10-01,199.70000000000002,2000,10,ppt
Wanang,2000-10-01,105,2000,10,ppt
Yapsiei,2000-10-01,163.3,2000,10,ppt
Elem,2000-11-01,160.20000000000002,2000,11,ppt
Morox,2000-11-01,266.8,2000,11,ppt
Niksek,2000-11-01,323.3,2000,11,ppt
Ohu,2000-11-01,426.1,2000,11,ppt
Utai,2000-11-01,293.7,2000,11,ppt
Wamangu,2000-11-01,185.5,2000,11,ppt
Wanang,2000-11-01,367.6,2000,11,ppt
Yapsiei,2000-11-01,339.90000000000003,2000,11,ppt
Elem,2000-12-01,316.70000000000005,2000,12,ppt
Morox,2000-12-01,317.40000000000003,2000,12,ppt
Niksek,2000-12-01,234,2000,12,ppt
Ohu,2000-12-01,348,2000,12,ppt
Utai,2000-12-01,73.7,2000,12,ppt
Wamangu,2000-12-01,396.8,2000,12,ppt
Wanang,2000-12-01,401.20000000000005,2000,12,ppt
Yapsiei,2000-12-01,329.8,2000,12,ppt
Elem,2001-01-01,224.20000000000002,2001,1,ppt
Morox,2001-01-01,373.1,2001,1,ppt
Niksek,2001-01-01,446.1,2001,1,ppt
Ohu,2001-01-01,369.3,2001,1,ppt
Utai,2001-01-01,256.40000000000003,2001,1,ppt
Wamangu,2001-01-01,183,2001,1,ppt
Wanang,2001-01-01,86.5,2001,1,ppt
Yapsiei,2001-01-01,161.9,2001,1,ppt
Elem,2001-02-01,181.70000000000002,2001,2,ppt
Morox,2001-02-01,261,2001,2,ppt
Niksek,2001-02-01,360.40000000000003,2001,2,ppt
Ohu,2001-02-01,561.9,2001,2,ppt
Utai,2001-02-01,163.4,2001,2,ppt
Wamangu,2001-02-01,216.8,2001,2,ppt
Wanang,2001-02-01,260.7,2001,2,ppt
Yapsiei,2001-02-01,229.9,2001,2,ppt
Elem,2001-03-01,160.8,2001,3,ppt
Morox,2001-03-01,129.1,2001,3,ppt
Niksek,2001-03-01,68.2,2001,3,ppt
Ohu,2001-03-01,98.5,2001,3,ppt
Utai,2001-03-01,140,2001,3,ppt
Wamangu,2001-03-01,165.8,2001,3,ppt
Wanang,2001-03-01,257.2,2001,3,ppt
Yapsiei,2001-03-01,373.8,2001,3,ppt
Elem,2001-04-01,308.70000000000005,2001,4,ppt
Morox,2001-04-01,359.20000000000005,2001,4,ppt
Niksek,2001-04-01,479.5,2001,4,ppt
Ohu,2001-04-01,360.6,2001,4,ppt
Utai,2001-04-01,289.1,2001,4,ppt
Wamangu,2001-04-01,212.20000000000002,2001,4,ppt
Wanang,2001-04-01,70.4,2001,4,ppt
Yapsiei,2001-04-01,219.20000000000002,2001,4,ppt
Elem,2001-05-01,289.8,2001,5,ppt
Morox,2001-05-01,315.6,2001,5,ppt
Niksek,2001-05-01,338.3,2001,5,ppt
Ohu,2001-05-01,333,2001,5,ppt
Utai,2001-05-01,187,2001,5,ppt
Wamangu,2001-05-01,493.40000000000003,2001,5,ppt
Wanang,2001-05-01,280.40000000000003,2001,5,ppt
Yapsiei,2001-05-01,389.40000000000003,2001,5,ppt
Elem,2001-06-01,256.90000000000003,2001,6,ppt
Morox,2001-06-01,219.3,2001,6,ppt
Niksek,2001-06-01,88.2,2001,6,ppt
Ohu,2001-06-01,97.2,2001,6,ppt
Utai,2001-06-01,172.20000000000002,2001,6,ppt
Wamangu,2001-06-01,206.4,2001,6,ppt
Wanang,2001-06-01,279.5,2001,6,ppt
Yapsiei,2001-06-01,546.3000000000001,2001,6,ppt
Elem,2001-07-01,133,2001,7,ppt
Morox,2001-07-01,226.5,2001,7,ppt
Niksek,2001-07-01,346.20000000000005,2001,7,ppt
Ohu,2001-07-01,271.8,2001,7,ppt
Utai,2001-07-01,233.9,2001,7,ppt
Wamangu,2001-07-01,136.6,2001,7,ppt
Wanang,2001-07-01,41.6,2001,7,ppt
Yapsiei,2001-07-01,132.9,2001,7,ppt
Elem,2001-08-01,158.70000000000002,2001,8,ppt
Morox,2001-08-01,229.8,2001,8,ppt
Niksek,2001-08-01,277.3,2001,8,ppt
Ohu,2001-08-01,406.70000000000005,2001,8,ppt
Utai,2001-08-01,136.6,2001,8,ppt
Wamangu,2001-08-01,165.70000000000002,2001,8,ppt
Wanang,2001-08-01,249.4,2001,8,ppt
Yapsiei,2001-08-01,223.70000000000002,2001,8,ppt
Elem,2001-09-01,185.3,2001,9,ppt
Morox,2001-09-01,136.20000000000002,2001,9,ppt
Niksek,2001-09-01,30.6,2001,9,ppt
Ohu,2001-09-01,119.10000000000001,2001,9,ppt
Utai,2001-09-01,178.5,2001,9,ppt
Wamangu,2001-09-01,209.10000000000002,2001,9,ppt
Wanang,2001-09-01,251.8,2001,9,ppt
Yapsiei,2001-09-01,277.90000000000003,2001,9,ppt
Elem,2001-10-01,203.60000000000002,2001,10,ppt
Morox,2001-10-01,478.6,2001,10,ppt
Niksek,2001-10-01,316.90000000000003,2001,10,ppt
Ohu,2001-10-01,379.70000000000005,2001,10,ppt
Utai,2001-10-01,259.90000000000003,2001,10,ppt
Wamangu,2001-10-01,213.5,2001,10,ppt
Wanang,2001-10-01,101,2001,10,ppt
Yapsiei,2001-10-01,135.1,2001,10,ppt
Elem,2001-11-01,178.20000000000002,2001,11,ppt
Morox,2001-11-01,227.3,2001,11,ppt
Niksek,2001-11-01,281.7,2001,11,ppt
Ohu,2001-11-01,620.2,2001,11,ppt
Utai,2001-11-01,301.1,2001,11,ppt
Wamangu,2001-11-01,369.20000000000005,2001,11,ppt
Wanang,2001-11-01,472.1,2001,11,ppt
Yapsiei,2001-11-01,405.3,2001,11,ppt
Elem,2001-12-01,308.3,2001,12,ppt
Morox,2001-12-01,267.1,2001,12,ppt
Niksek,2001-12-01,88.30000000000001,2001,12,ppt
Ohu,2001-12-01,183.60000000000002,2001,12,ppt
Utai,2001-12-01,378.6,2001,12,ppt
Wamangu,2001-12-01,313.90000000000003,2001,12,ppt
Wanang,2001-12-01,328.8,2001,12,ppt
Yapsiei,2001-12-01,284.5,2001,12,ppt
Elem,2002-01-01,350.3,2002,1,ppt
Morox,2002-01-01,573,2002,1,ppt
Niksek,2002-01-01,454.40000000000003,2002,1,ppt
Ohu,2002-01-01,347.3,2002,1,ppt
Utai,2002-01-01,295.90000000000003,2002,1,ppt
Wamangu,2002-01-01,213.9,2002,1,ppt
Wanang,2002-01-01,148,2002,1,ppt
Yapsiei,2002-01-01,181.3,2002,1,ppt
Elem,2002-02-01,158.3,2002,2,ppt
Morox,2002-02-01,314.70000000000005,2002,2,ppt
Niksek,2002-02-01,350.70000000000005,2002,2,ppt
Ohu,2002-02-01,384.5,2002,2,ppt
Utai,2002-02-01,203.60000000000002,2002,2,ppt
Wamangu,2002-02-01,379.20000000000005,2002,2,ppt
Wanang,2002-02-01,278.40000000000003,2002,2,ppt
Yapsiei,2002-02-01,246.9,2002,2,ppt
Elem,2002-03-01,217.10000000000002,2002,3,ppt
Morox,2002-03-01,163.5,2002,3,ppt
Niksek,2002-03-01,84.7,2002,3,ppt
Ohu,2002-03-01,100.4,2002,3,ppt
Utai,2002-03-01,71.9,2002,3,ppt
Wamangu,2002-03-01,223.4,2002,3,ppt
Wanang,2002-03-01,232.60000000000002,2002,3,ppt
Yapsiei,2002-03-01,292.1,2002,3,ppt
Elem,2002-04-01,279.40000000000003,2002,4,ppt
Morox,2002-04-01,341.90000000000003,2002,4,ppt
Niksek,2002-04-01,376.40000000000003,2002,4,ppt
Ohu,2002-04-01,320.1,2002,4,ppt
Utai,2002-04-01,220.60000000000002,2002,4,ppt
Wamangu,2002-04-01,271.5,2002,4,ppt
Wanang,2002-04-01,178.4,2002,4,ppt
Yapsiei,2002-04-01,193.3,2002,4,ppt
Elem,2002-05-01,240.10000000000002,2002,5,ppt
Morox,2002-05-01,305.3,2002,5,ppt
Niksek,2002-05-01,254.9,2002,5,ppt
Ohu,2002-05-01,320.8,2002,5,ppt
Utai,2002-05-01,394.6,2002,5,ppt
Wamangu,2002-05-01,572.3000000000001,2002,5,ppt
Wanang,2002-05-01,450.40000000000003,2002,5,ppt
Yapsiei,2002-05-01,361.5,2002,5,ppt
Elem,2002-06-01,234,2002,6,ppt
Morox,2002-06-01,262.8,2002,6,ppt
Niksek,2002-06-01,81.5,2002,6,ppt
Ohu,2002-06-01,102.60000000000001,2002,6,ppt
Utai,2002-06-01,110.80000000000001,2002,6,ppt
Wamangu,2002-06-01,264.6,2002,6,ppt
Wanang,2002-06-01,320,2002,6,ppt
Yapsiei,2002-06-01,263.7,2002,6,ppt
Elem,2002-07-01,195.60000000000002,2002,7,ppt
Morox,2002-07-01,250.5,2002,7,ppt
Niksek,2002-07-01,246.10000000000002,2002,7,ppt
Ohu,2002-07-01,163.70000000000002,2002,7,ppt
Utai,2002-07-01,184.10000000000002,2002,7,ppt
Wamangu,2002-07-01,178.8,2002,7,ppt
Wanang,2002-07-01,85.80000000000001,2002,7,ppt
Yapsiei,2002-07-01,167.10000000000002,2002,7,ppt
Elem,2002-08-01,141.70000000000002,2002,8,ppt
Morox,2002-08-01,205.3,2002,8,ppt
Niksek,2002-08-01,189.10000000000002,2002,8,ppt
Ohu,2002-08-01,231.9,2002,8,ppt
Utai,2002-08-01,138.8,2002,8,ppt
Wamangu,2002-08-01,263.5,2002,8,ppt
Wanang,2002-08-01,216.20000000000002,2002,8,ppt
Yapsiei,2002-08-01,206,2002,8,ppt
Elem,2002-09-01,242,2002,9,ppt
Morox,2002-09-01,178,2002,9,ppt
Niksek,2002-09-01,89.5,2002,9,ppt
Ohu,2002-09-01,116.4,2002,9,ppt
Utai,2002-09-01,85.2,2002,9,ppt
Wamangu,2002-09-01,235.8,2002,9,ppt
Wanang,2002-09-01,184.4,2002,9,ppt
Yapsiei,2002-09-01,242.4,2002,9,ppt
Elem,2002-10-01,449.1,2002,10,ppt
Morox,2002-10-01,636.2,2002,10,ppt
Niksek,2002-10-01,503.8,2002,10,ppt
Ohu,2002-10-01,340.6,2002,10,ppt
Utai,2002-10-01,252.5,2002,10,ppt
Wamangu,2002-10-01,233.20000000000002,2002,10,ppt
Wanang,2002-10-01,99.4,2002,10,ppt
Yapsiei,2002-10-01,154.10000000000002,2002,10,ppt
Elem,2002-11-01,136.9,2002,11,ppt
Morox,2002-11-01,289.40000000000003,2002,11,ppt
Niksek,2002-11-01,356.1,2002,11,ppt
Ohu,2002-11-01,298,2002,11,ppt
Utai,2002-11-01,327.90000000000003,2002,11,ppt
Wamangu,2002-11-01,307.3,2002,11,ppt
Wanang,2002-11-01,359.20000000000005,2002,11,ppt
Yapsiei,2002-11-01,281.90000000000003,2002,11,ppt
Elem,2002-12-01,177.20000000000002,2002,12,ppt
Morox,2002-12-01,258.5,2002,12,ppt
Niksek,2002-12-01,107.60000000000001,2002,12,ppt
Ohu,2002-12-01,165.5,2002,12,ppt
Utai,2002-12-01,560.5,2002,12,ppt
Wamangu,2002-12-01,184.8,2002,12,ppt
Wanang,2002-12-01,182.4,2002,12,ppt
Yapsiei,2002-12-01,276.2,2002,12,ppt
Elem,2003-01-01,682.5,2003,1,ppt
Morox,2003-01-01,356.8,2003,1,ppt
Niksek,2003-01-01,446.90000000000003,2003,1,ppt
Ohu,2003-01-01,414.5,2003,1,ppt
Utai,2003-01-01,362.1,2003,1,ppt
Wamangu,2003-01-01,114.9,2003,1,ppt
Wanang,2003-01-01,277.8,2003,1,ppt
Yapsiei,2003-01-01,165.9,2003,1,ppt
Elem,2003-02-01,239.5,2003,2,ppt
Morox,2003-02-01,277.3,2003,2,ppt
Niksek,2003-02-01,445.8,2003,2,ppt
Ohu,2003-02-01,414.70000000000005,2003,2,ppt
Utai,2003-02-01,352.1,2003,2,ppt
Wamangu,2003-02-01,211.70000000000002,2003,2,ppt
Wanang,2003-02-01,227.4,2003,2,ppt
Yapsiei,2003-02-01,344.6,2003,2,ppt
Elem,2003-03-01,213.60000000000002,2003,3,ppt
Morox,2003-03-01,79.30000000000001,2003,3,ppt
Niksek,2003-03-01,209.8,2003,3,ppt
Ohu,2003-03-01,116.80000000000001,2003,3,ppt
Utai,2003-03-01,134,2003,3,ppt
Wamangu,2003-03-01,221.10000000000002,2003,3,ppt
Wanang,2003-03-01,298.1,2003,3,ppt
Yapsiei,2003-03-01,251.3,2003,3,ppt
Elem,2003-04-01,427,2003,4,ppt
Morox,2003-04-01,331.5,2003,4,ppt
Niksek,2003-04-01,515.3000000000001,2003,4,ppt
Ohu,2003-04-01,302.3,2003,4,ppt
Utai,2003-04-01,306.2,2003,4,ppt
Wamangu,2003-04-01,136.5,2003,4,ppt
Wanang,2003-04-01,385.20000000000005,2003,4,ppt
Yapsiei,2003-04-01,297.5,2003,4,ppt
Elem,2003-05-01,325.20000000000005,2003,5,ppt
Morox,2003-05-01,320.3,2003,5,ppt
Niksek,2003-05-01,327.90000000000003,2003,5,ppt
Ohu,2003-05-01,371,2003,5,ppt
Utai,2003-05-01,602.7,2003,5,ppt
Wamangu,2003-05-01,449.20000000000005,2003,5,ppt
Wanang,2003-05-01,365.8,2003,5,ppt
Yapsiei,2003-05-01,425.20000000000005,2003,5,ppt
Elem,2003-06-01,320.6,2003,6,ppt
Morox,2003-06-01,94.80000000000001,2003,6,ppt
Niksek,2003-06-01,208.3,2003,6,ppt
Ohu,2003-06-01,133.9,2003,6,ppt
Utai,2003-06-01,262.90000000000003,2003,6,ppt
Wamangu,2003-06-01,237,2003,6,ppt
Wanang,2003-06-01,320.70000000000005,2003,6,ppt
Yapsiei,2003-06-01,381.3,2003,6,ppt
Elem,2003-07-01,255.10000000000002,2003,7,ppt
Morox,2003-07-01,209,2003,7,ppt
Niksek,2003-07-01,253.70000000000002,2003,7,ppt
Ohu,2003-07-01,212.4,2003,7,ppt
Utai,2003-07-01,234.3,2003,7,ppt
Wamangu,2003-07-01,97.5,2003,7,ppt
Wanang,2003-07-01,224.3,2003,7,ppt
Yapsiei,2003-07-01,210.5,2003,7,ppt
Elem,2003-08-01,199.4,2003,8,ppt
Morox,2003-08-01,221.8,2003,8,ppt
Niksek,2003-08-01,235.4,2003,8,ppt
Ohu,2003-08-01,263,2003,8,ppt
Utai,2003-08-01,254,2003,8,ppt
Wamangu,2003-08-01,153,2003,8,ppt
Wanang,2003-08-01,186.4,2003,8,ppt
Yapsiei,2003-08-01,290.5,2003,8,ppt
Elem,2003-09-01,207.4,2003,9,ppt
Morox,2003-09-01,88.9,2003,9,ppt
Niksek,2003-09-01,227.8,2003,9,ppt
Ohu,2003-09-01,140.5,2003,9,ppt
Utai,2003-09-01,149.3,2003,9,ppt
Wamangu,2003-09-01,259.40000000000003,2003,9,ppt
Wanang,2003-09-01,249.10000000000002,2003,9,ppt
Yapsiei,2003-09-01,183.60000000000002,2003,9,ppt
Elem,2003-10-01,704.7,2003,10,ppt
Morox,2003-10-01,500.3,2003,10,ppt
Niksek,2003-10-01,419.8,2003,10,ppt
Ohu,2003-10-01,452.1,2003,10,ppt
Utai,2003-10-01,358.8,2003,10,ppt
Wamangu,2003-10-01,91.7,2003,10,ppt
Wanang,2003-10-01,230.9,2003,10,ppt
Yapsiei,2003-10-01,160.8,2003,10,ppt
Elem,2003-11-01,270.5,2003,11,ppt
Morox,2003-11-01,245.20000000000002,2003,11,ppt
Niksek,2003-11-01,390.40000000000003,2003,11,ppt
Ohu,2003-11-01,416.6,2003,11,ppt
Utai,2003-11-01,435.70000000000005,2003,11,ppt
Wamangu,2003-11-01,340.8,2003,11,ppt
Wanang,2003-11-01,456.90000000000003,2003,11,ppt
Yapsiei,2003-11-01,200.60000000000002,2003,11,ppt
Elem,2003-12-01,203.10000000000002,2003,12,ppt
Morox,2003-12-01,157.4,2003,12,ppt
Niksek,2003-12-01,445.6,2003,12,ppt
Ohu,2003-12-01,378.70000000000005,2003,12,ppt
Utai,2003-12-01,355.6,2003,12,ppt
Wamangu,2003-12-01,341.8,2003,12,ppt
Wanang,2003-12-01,230,2003,12,ppt
Yapsiei,2003-12-01,332.8,2003,12,ppt
Elem,2004-01-01,477,2004,1,ppt
Morox,2004-01-01,434.3,2004,1,ppt
Niksek,2004-01-01,500.5,2004,1,ppt
Ohu,2004-01-01,456.5,2004,1,ppt
Utai,2004-01-01,309.6,2004,1,ppt
Wamangu,2004-01-01,188.10000000000002,2004,1,ppt
Wanang,2004-01-01,167.9,2004,1,ppt
Yapsiei,2004-01-01,192.4,2004,1,ppt
Elem,2004-02-01,256.3,2004,2,ppt
Morox,2004-02-01,274.40000000000003,2004,2,ppt
Niksek,2004-02-01,405.1,2004,2,ppt
Ohu,2004-02-01,368.1,2004,2,ppt
Utai,2004-02-01,286.1,2004,2,ppt
Wamangu,2004-02-01,252.5,2004,2,ppt
Wanang,2004-02-01,269.2,2004,2,ppt
Yapsiei,2004-02-01,350.20000000000005,2004,2,ppt
Elem,2004-03-01,305.7,2004,3,ppt
Morox,2004-03-01,130.9,2004,3,ppt
Niksek,2004-03-01,101.2,2004,3,ppt
Ohu,2004-03-01,101,2004,3,ppt
Utai,2004-03-01,158.9,2004,3,ppt
Wamangu,2004-03-01,182.3,2004,3,ppt
Wanang,2004-03-01,301.7,2004,3,ppt
Yapsiei,2004-03-01,247.70000000000002,2004,3,ppt
Elem,2004-04-01,379.70000000000005,2004,4,ppt
Morox,2004-04-01,329.70000000000005,2004,4,ppt
Niksek,2004-04-01,373.90000000000003,2004,4,ppt
Ohu,2004-04-01,281,2004,4,ppt
Utai,2004-04-01,312.70000000000005,2004,4,ppt
Wamangu,2004-04-01,198,2004,4,ppt
Wanang,2004-04-01,279.40000000000003,2004,4,ppt
Yapsiei,2004-04-01,231.4,2004,4,ppt
Elem,2004-05-01,354.90000000000003,2004,5,ppt
Morox,2004-05-01,265.90000000000003,2004,5,ppt
Niksek,2004-05-01,267.1,2004,5,ppt
Ohu,2004-05-01,282.2,2004,5,ppt
Utai,2004-05-01,433.3,2004,5,ppt
Wamangu,2004-05-01,399.3,2004,5,ppt
Wanang,2004-05-01,452,2004,5,ppt
Yapsiei,2004-05-01,395.3,2004,5,ppt
Elem,2004-06-01,332.70000000000005,2004,6,ppt
Morox,2004-06-01,174.3,2004,6,ppt
Niksek,2004-06-01,89,2004,6,ppt
Ohu,2004-06-01,105.60000000000001,2004,6,ppt
Utai,2004-06-01,170.20000000000002,2004,6,ppt
Wamangu,2004-06-01,221.10000000000002,2004,6,ppt
Wanang,2004-06-01,347,2004,6,ppt
Yapsiei,2004-06-01,246.4,2004,6,ppt
Elem,2004-07-01,223.10000000000002,2004,7,ppt
Morox,2004-07-01,227.10000000000002,2004,7,ppt
Niksek,2004-07-01,258.2,2004,7,ppt
Ohu,2004-07-01,207.8,2004,7,ppt
Utai,2004-07-01,219.8,2004,7,ppt
Wamangu,2004-07-01,139,2004,7,ppt
Wanang,2004-07-01,147.5,2004,7,ppt
Yapsiei,2004-07-01,151.1,2004,7,ppt
Elem,2004-08-01,211.8,2004,8,ppt
Morox,2004-08-01,179.4,2004,8,ppt
Niksek,2004-08-01,193.8,2004,8,ppt
Ohu,2004-08-01,193.3,2004,8,ppt
Utai,2004-08-01,216.8,2004,8,ppt
Wamangu,2004-08-01,184.4,2004,8,ppt
Wanang,2004-08-01,212,2004,8,ppt
Yapsiei,2004-08-01,297.2,2004,8,ppt
Elem,2004-09-01,338,2004,9,ppt
Morox,2004-09-01,148.8,2004,9,ppt
Niksek,2004-09-01,115,2004,9,ppt
Ohu,2004-09-01,111.5,2004,9,ppt
Utai,2004-09-01,185.70000000000002,2004,9,ppt
Wamangu,2004-09-01,192.8,2004,9,ppt
Wanang,2004-09-01,240.3,2004,9,ppt
Yapsiei,2004-09-01,197.20000000000002,2004,9,ppt
Elem,2004-10-01,497.8,2004,10,ppt
Morox,2004-10-01,425.1,2004,10,ppt
Niksek,2004-10-01,505,2004,10,ppt
Ohu,2004-10-01,408.90000000000003,2004,10,ppt
Utai,2004-10-01,320.5,2004,10,ppt
Wamangu,2004-10-01,163.4,2004,10,ppt
Wanang,2004-10-01,102.4,2004,10,ppt
Yapsiei,2004-10-01,143.20000000000002,2004,10,ppt
Elem,2004-11-01,206.8,2004,11,ppt
Morox,2004-11-01,252.4,2004,11,ppt
Niksek,2004-11-01,393.8,2004,11,ppt
Ohu,2004-11-01,288.1,2004,11,ppt
Utai,2004-11-01,352.1,2004,11,ppt
Wamangu,2004-11-01,282.5,2004,11,ppt
Wanang,2004-11-01,359,2004,11,ppt
Yapsiei,2004-11-01,253.70000000000002,2004,11,ppt
Elem,2004-12-01,338.40000000000003,2004,12,ppt
Morox,2004-12-01,118.80000000000001,2004,12,ppt
Niksek,2004-12-01,179.3,2004,12,ppt
Ohu,2004-12-01,172.8,2004,12,ppt
Utai,2004-12-01,348.20000000000005,2004,12,ppt
Wamangu,2004-12-01,223.8,2004,12,ppt
Wanang,2004-12-01,191.10000000000002,2004,12,ppt
Yapsiei,2004-12-01,223.70000000000002,2004,12,ppt
Elem,2005-01-01,569.9,2005,1,ppt
Morox,2005-01-01,612.4,2005,1,ppt
Niksek,2005-01-01,431.6,2005,1,ppt
Ohu,2005-01-01,389.90000000000003,2005,1,ppt
Utai,2005-01-01,297,2005,1,ppt
Wamangu,2005-01-01,145.9,2005,1,ppt
Wanang,2005-01-01,252.70000000000002,2005,1,ppt
Yapsiei,2005-01-01,275.2,2005,1,ppt
Elem,2005-02-01,244.8,2005,2,ppt
Morox,2005-02-01,258,2005,2,ppt
Niksek,2005-02-01,411.90000000000003,2005,2,ppt
Ohu,2005-02-01,422.6,2005,2,ppt
Utai,2005-02-01,302,2005,2,ppt
Wamangu,2005-02-01,367.1,2005,2,ppt
Wanang,2005-02-01,276.6,2005,2,ppt
Yapsiei,2005-02-01,267.7,2005,2,ppt
Elem,2005-03-01,203,2005,3,ppt
Morox,2005-03-01,109.7,2005,3,ppt
Niksek,2005-03-01,154,2005,3,ppt
Ohu,2005-03-01,152.20000000000002,2005,3,ppt
Utai,2005-03-01,151.4,2005,3,ppt
Wamangu,2005-03-01,229.3,2005,3,ppt
Wanang,2005-03-01,288.40000000000003,2005,3,ppt
Yapsiei,2005-03-01,244.60000000000002,2005,3,ppt
Elem,2005-04-01,270.1,2005,4,ppt
Morox,2005-04-01,355.20000000000005,2005,4,ppt
Niksek,2005-04-01,414,2005,4,ppt
Ohu,2005-04-01,301,2005,4,ppt
Utai,2005-04-01,322.40000000000003,2005,4,ppt
Wamangu,2005-04-01,179.10000000000002,2005,4,ppt
Wanang,2005-04-01,329,2005,4,ppt
Yapsiei,2005-04-01,330.90000000000003,2005,4,ppt
Elem,2005-05-01,248.20000000000002,2005,5,ppt
Morox,2005-05-01,315.1,2005,5,ppt
Niksek,2005-05-01,290.1,2005,5,ppt
Ohu,2005-05-01,395.70000000000005,2005,5,ppt
Utai,2005-05-01,563.1,2005,5,ppt
Wamangu,2005-05-01,684.4000000000001,2005,5,ppt
Wanang,2005-05-01,432.20000000000005,2005,5,ppt
Yapsiei,2005-05-01,381.20000000000005,2005,5,ppt
Elem,2005-06-01,239.4,2005,6,ppt
Morox,2005-06-01,150.8,2005,6,ppt
Niksek,2005-06-01,205.4,2005,6,ppt
Ohu,2005-06-01,193.8,2005,6,ppt
Utai,2005-06-01,212.8,2005,6,ppt
Wamangu,2005-06-01,284.40000000000003,2005,6,ppt
Wanang,2005-06-01,393.40000000000003,2005,6,ppt
Yapsiei,2005-06-01,375.8,2005,6,ppt
Elem,2005-07-01,269.1,2005,7,ppt
Morox,2005-07-01,273.3,2005,7,ppt
Niksek,2005-07-01,275.5,2005,7,ppt
Ohu,2005-07-01,228.70000000000002,2005,7,ppt
Utai,2005-07-01,247.10000000000002,2005,7,ppt
Wamangu,2005-07-01,115.80000000000001,2005,7,ppt
Wanang,2005-07-01,172.10000000000002,2005,7,ppt
Yapsiei,2005-07-01,241.5,2005,7,ppt
Elem,2005-08-01,233.5,2005,8,ppt
Morox,2005-08-01,201.60000000000002,2005,8,ppt
Niksek,2005-08-01,224.3,2005,8,ppt
Ohu,2005-08-01,244.60000000000002,2005,8,ppt
Utai,2005-08-01,216.9,2005,8,ppt
Wamangu,2005-08-01,247.5,2005,8,ppt
Wanang,2005-08-01,226.8,2005,8,ppt
Yapsiei,2005-08-01,222.8,2005,8,ppt
Elem,2005-09-01,227.3,2005,9,ppt
Morox,2005-09-01,118.9,2005,9,ppt
Niksek,2005-09-01,158.60000000000002,2005,9,ppt
Ohu,2005-09-01,180,2005,9,ppt
Utai,2005-09-01,189,2005,9,ppt
Wamangu,2005-09-01,263.6,2005,9,ppt
Wanang,2005-09-01,235.4,2005,9,ppt
Yapsiei,2005-09-01,188.9,2005,9,ppt
Elem,2005-10-01,669.1,2005,10,ppt
Morox,2005-10-01,731.7,2005,10,ppt
Niksek,2005-10-01,442.5,2005,10,ppt
Ohu,2005-10-01,401.8,2005,10,ppt
Utai,2005-10-01,258,2005,10,ppt
Wamangu,2005-10-01,144.70000000000002,2005,10,ppt
Wanang,2005-10-01,237.5,2005,10,ppt
Yapsiei,2005-10-01,257.2,2005,10,ppt
Elem,2005-11-01,237.10000000000002,2005,11,ppt
Morox,2005-11-01,265.7,2005,11,ppt
Niksek,2005-11-01,431.3,2005,11,ppt
Ohu,2005-11-01,389,2005,11,ppt
Utai,2005-11-01,277.90000000000003,2005,11,ppt
Wamangu,2005-11-01,283.90000000000003,2005,11,ppt
Wanang,2005-11-01,362.90000000000003,2005,11,ppt
Yapsiei,2005-11-01,486.8,2005,11,ppt
Elem,2005-12-01,279.7,2005,12,ppt
Morox,2005-12-01,204,2005,12,ppt
Niksek,2005-12-01,323.8,2005,12,ppt
Ohu,2005-12-01,275.40000000000003,2005,12,ppt
Utai,2005-12-01,80.2,2005,12,ppt
Wamangu,2005-12-01,298.3,2005,12,ppt
Wanang,2005-12-01,247.8,2005,12,ppt
Yapsiei,2005-12-01,285.7,2005,12,ppt
Elem,2006-01-01,369.1,2006,1,ppt
Morox,2006-01-01,462.6,2006,1,ppt
Niksek,2006-01-01,602,2006,1,ppt
Ohu,2006-01-01,455.90000000000003,2006,1,ppt
Utai,2006-01-01,249.70000000000002,2006,1,ppt
Wamangu,2006-01-01,232.3,2006,1,ppt
Wanang,2006-01-01,231.60000000000002,2006,1,ppt
Yapsiei,2006-01-01,171.3,2006,1,ppt
Elem,2006-02-01,314.20000000000005,2006,2,ppt
Morox,2006-02-01,258.8,2006,2,ppt
Niksek,2006-02-01,382.1,2006,2,ppt
Ohu,2006-02-01,286.7,2006,2,ppt
Utai,2006-02-01,254,2006,2,ppt
Wamangu,2006-02-01,240.20000000000002,2006,2,ppt
Wanang,2006-02-01,324.1,2006,2,ppt
Yapsiei,2006-02-01,284.5,2006,2,ppt
Elem,2006-03-01,180.10000000000002,2006,3,ppt
Morox,2006-03-01,207,2006,3,ppt
Niksek,2006-03-01,164,2006,3,ppt
Ohu,2006-03-01,85.80000000000001,2006,3,ppt
Utai,2006-03-01,172.5,2006,3,ppt
Wamangu,2006-03-01,165,2006,3,ppt
Wanang,2006-03-01,266,2006,3,ppt
Yapsiei,2006-03-01,206.4,2006,3,ppt
Elem,2006-04-01,294.40000000000003,2006,4,ppt
Morox,2006-04-01,363.1,2006,4,ppt
Niksek,2006-04-01,474.5,2006,4,ppt
Ohu,2006-04-01,397.20000000000005,2006,4,ppt
Utai,2006-04-01,245.3,2006,4,ppt
Wamangu,2006-04-01,281,2006,4,ppt
Wanang,2006-04-01,311.40000000000003,2006,4,ppt
Yapsiei,2006-04-01,244.8,2006,4,ppt
Elem,2006-05-01,252.8,2006,5,ppt
Morox,2006-05-01,310.8,2006,5,ppt
Niksek,2006-05-01,372.6,2006,5,ppt
Ohu,2006-05-01,164.70000000000002,2006,5,ppt
Utai,2006-05-01,386.70000000000005,2006,5,ppt
Wamangu,2006-05-01,565.9,2006,5,ppt
Wanang,2006-05-01,431,2006,5,ppt
Yapsiei,2006-05-01,398.1,2006,5,ppt
Elem,2006-06-01,275.2,2006,6,ppt
Morox,2006-06-01,317.1,2006,6,ppt
Niksek,2006-06-01,170,2006,6,ppt
Ohu,2006-06-01,82.80000000000001,2006,6,ppt
Utai,2006-06-01,254.5,2006,6,ppt
Wamangu,2006-06-01,170.70000000000002,2006,6,ppt
Wanang,2006-06-01,330.5,2006,6,ppt
Yapsiei,2006-06-01,269.40000000000003,2006,6,ppt
Elem,2006-07-01,218.20000000000002,2006,7,ppt
Morox,2006-07-01,273.6,2006,7,ppt
Niksek,2006-07-01,299.6,2006,7,ppt
Ohu,2006-07-01,292.7,2006,7,ppt
Utai,2006-07-01,200.4,2006,7,ppt
Wamangu,2006-07-01,172.8,2006,7,ppt
Wanang,2006-07-01,169.5,2006,7,ppt
Yapsiei,2006-07-01,148.4,2006,7,ppt
Elem,2006-08-01,248.70000000000002,2006,8,ppt
Morox,2006-08-01,226.4,2006,8,ppt
Niksek,2006-08-01,305.3,2006,8,ppt
Ohu,2006-08-01,131.4,2006,8,ppt
Utai,2006-08-01,194.4,2006,8,ppt
Wamangu,2006-08-01,155.20000000000002,2006,8,ppt
Wanang,2006-08-01,265.90000000000003,2006,8,ppt
Yapsiei,2006-08-01,238.4,2006,8,ppt
Elem,2006-09-01,185.60000000000002,2006,9,ppt
Morox,2006-09-01,221,2006,9,ppt
Niksek,2006-09-01,182.3,2006,9,ppt
Ohu,2006-09-01,109.80000000000001,2006,9,ppt
Utai,2006-09-01,208.5,2006,9,ppt
Wamangu,2006-09-01,206.10000000000002,2006,9,ppt
Wanang,2006-09-01,277.2,2006,9,ppt
Yapsiei,2006-09-01,99.10000000000001,2006,9,ppt
Elem,2006-10-01,423,2006,10,ppt
Morox,2006-10-01,601.8000000000001,2006,10,ppt
Niksek,2006-10-01,507.20000000000005,2006,10,ppt
Ohu,2006-10-01,445.6,2006,10,ppt
Utai,2006-10-01,298.5,2006,10,ppt
Wamangu,2006-10-01,272.6,2006,10,ppt
Wanang,2006-10-01,195.10000000000002,2006,10,ppt
Yapsiei,2006-10-01,114.5,2006,10,ppt
Elem,2006-11-01,306.5,2006,11,ppt
Morox,2006-11-01,234.4,2006,11,ppt
Niksek,2006-11-01,373.40000000000003,2006,11,ppt
Ohu,2006-11-01,295,2006,11,ppt
Utai,2006-11-01,351.40000000000003,2006,11,ppt
Wamangu,2006-11-01,341.5,2006,11,ppt
Wanang,2006-11-01,370.90000000000003,2006,11,ppt
Yapsiei,2006-11-01,436.6,2006,11,ppt
Elem,2006-12-01,223,2006,12,ppt
Morox,2006-12-01,300.1,2006,12,ppt
Niksek,2006-12-01,295.8,2006,12,ppt
Ohu,2006-12-01,198.4,2006,12,ppt
Utai,2006-12-01,151.6,2006,12,ppt
Wamangu,2006-12-01,309.20000000000005,2006,12,ppt
Wanang,2006-12-01,362.1,2006,12,ppt
Yapsiei,2006-12-01,157.10000000000002,2006,12,ppt
